BUREAU_ID,CUSTOMER_ID,CREDIT_SCORE,ACTIVE_LINES,INQUIRIES_6M
BUR-00001,RET-00001,799,4,1
BUR-00002,RET-00002,746,2,0
BUR-00003,RET-00003,686,2,0
BUR-00004,RET-00004,819,2,0
BUR-00005,RET-00005,725,0,0
BUR-00006,RET-00006,607,3,0
BUR-00007,RET-00007,795,5,1
BUR-00008,RET-00008,746,1,2
BUR-00009,RET-00009,779,2,1
BUR-00010,RET-00010,701,2,0
BUR-00011,RET-00011,785,3,0
BUR-00012,RET-00012,814,3,0
BUR-00013,RET-00013,702,4,1
BUR-00014,RET-00014,846,2,0
BUR-00015,RET-00015,861,3,2
BUR-00016,RET-00016,453,2,0
BUR-00017,RET-00017,752,0,0
BUR-00018,RET-00018,699,0,0
BUR-00019,RET-00019,806,1,0
BUR-00020,RET-00020,841,2,3
BUR-00021,RET-00021,604,2,0
BUR-00022,RET-00022,662,0,1
BUR-00023,RET-00023,684,3,2
BUR-00024,RET-00024,694,3,1
BUR-00025,RET-00025,690,2,0
BUR-00026,RET-00026,619,1,0
BUR-00027,RET-00027,472,4,1
BUR-00028,RET-00028,623,1,1
BUR-00029,RET-00029,706,1,0
BUR-00030,RET-00030,811,3,0
BUR-00031,RET-00031,723,2,1
BUR-00032,RET-00032,615,5,0
BUR-00033,RET-00033,721,0,0
BUR-00034,RET-00034,578,0,0
BUR-00035,RET-00035,713,2,0
BUR-00036,RET-00036,481,1,0
BUR-00037,RET-00037,661,1,1
BUR-00038,RET-00038,690,0,0
BUR-00039,RET-00039,828,0,1
BUR-00040,RET-00040,807,0,1
BUR-00041,RET-00041,766,5,0
BUR-00042,RET-00042,674,4,0
BUR-00043,RET-00043,819,1,0
BUR-00044,RET-00044,823,2,2
BUR-00045,RET-00045,594,2,1
BUR-00046,RET-00046,787,0,1
BUR-00047,RET-00047,627,1,1
BUR-00048,RET-00048,804,0,1
BUR-00049,RET-00049,818,3,0
BUR-00050,RET-00050,779,0,1
BUR-00051,RET-00051,781,6,1
BUR-00052,RET-00052,639,1,2
BUR-00053,RET-00053,676,2,0
BUR-00054,RET-00054,700,1,2
BUR-00055,RET-00055,613,2,0
BUR-00056,RET-00056,759,1,0
BUR-00057,RET-00057,644,3,0
BUR-00058,RET-00058,858,1,0
BUR-00059,RET-00059,643,5,0
BUR-00060,RET-00060,742,0,0
BUR-00061,RET-00061,823,2,0
BUR-00062,RET-00062,558,3,0
BUR-00063,RET-00063,881,0,0
BUR-00064,RET-00064,768,2,1
BUR-00065,RET-00065,890,0,0
BUR-00066,RET-00066,810,1,4
BUR-00067,RET-00067,826,0,0
BUR-00068,RET-00068,872,2,1
BUR-00069,RET-00069,671,2,1
BUR-00070,RET-00070,683,2,3
BUR-00071,RET-00071,836,0,0
BUR-00072,RET-00072,779,3,0
BUR-00073,RET-00073,844,2,0
BUR-00074,RET-00074,540,2,0
BUR-00075,RET-00075,634,1,0
BUR-00076,RET-00076,579,2,0
BUR-00077,RET-00077,805,1,1
BUR-00078,RET-00078,799,4,0
BUR-00079,RET-00079,752,3,0
BUR-00080,RET-00080,725,1,0
BUR-00081,RET-00081,759,1,2
BUR-00082,RET-00082,728,3,0
BUR-00083,RET-00083,802,1,0
BUR-00084,RET-00084,695,0,2
BUR-00085,RET-00085,653,3,2
BUR-00086,RET-00086,754,0,1
BUR-00087,RET-00087,732,0,1
BUR-00088,RET-00088,786,3,1
BUR-00089,RET-00089,796,4,1
BUR-00090,RET-00090,746,2,0
BUR-00091,RET-00091,724,3,0
BUR-00092,RET-00092,776,0,0
BUR-00093,RET-00093,689,3,1
BUR-00094,RET-00094,659,1,0
BUR-00095,RET-00095,842,1,0
BUR-00096,RET-00096,537,1,0
BUR-00097,RET-00097,743,3,1
BUR-00098,RET-00098,844,1,0
BUR-00099,RET-00099,597,4,0
BUR-00100,RET-00100,756,4,1
BUR-00101,RET-00101,802,2,0
BUR-00102,RET-00102,813,3,2
BUR-00103,RET-00103,768,2,1
BUR-00104,RET-00104,614,3,2
BUR-00105,RET-00105,715,2,0
BUR-00106,RET-00106,739,6,1
BUR-00107,RET-00107,770,3,0
BUR-00108,RET-00108,819,5,0
BUR-00109,RET-00109,754,1,0
BUR-00110,RET-00110,629,1,1
BUR-00111,RET-00111,789,3,0
BUR-00112,RET-00112,694,6,1
BUR-00113,RET-00113,737,0,0
BUR-00114,RET-00114,750,3,1
BUR-00115,RET-00115,725,1,0
BUR-00116,RET-00116,608,1,0
BUR-00117,RET-00117,833,0,0
BUR-00118,RET-00118,694,1,0
BUR-00119,RET-00119,672,4,0
BUR-00120,RET-00120,785,1,1
BUR-00121,RET-00121,691,1,0
BUR-00122,RET-00122,754,3,1
BUR-00123,RET-00123,766,3,0
BUR-00124,RET-00124,798,2,0
BUR-00125,RET-00125,848,4,1
BUR-00126,RET-00126,844,1,1
BUR-00127,RET-00127,770,2,1
BUR-00128,RET-00128,800,3,1
BUR-00129,RET-00129,826,4,1
BUR-00130,RET-00130,673,4,0
BUR-00131,RET-00131,796,0,0
BUR-00132,RET-00132,744,3,0
BUR-00133,RET-00133,841,4,0
BUR-00134,RET-00134,799,3,0
BUR-00135,RET-00135,790,0,0
BUR-00136,RET-00136,731,2,0
BUR-00137,RET-00137,713,1,1
BUR-00138,RET-00138,749,1,1
BUR-00139,RET-00139,824,1,1
BUR-00140,RET-00140,822,4,0
BUR-00141,RET-00141,886,2,1
BUR-00142,RET-00142,771,5,0
BUR-00143,RET-00143,834,3,1
BUR-00144,RET-00144,661,2,0
BUR-00145,RET-00145,666,1,0
BUR-00146,RET-00146,834,3,0
BUR-00147,RET-00147,785,6,0
BUR-00148,RET-00148,855,1,1
BUR-00149,RET-00149,761,3,1
BUR-00150,RET-00150,887,1,0
BUR-00151,RET-00151,687,1,1
BUR-00152,RET-00152,727,6,0
BUR-00153,RET-00153,854,2,1
BUR-00154,RET-00154,374,4,0
BUR-00155,RET-00155,793,0,0
BUR-00156,RET-00156,547,1,2
BUR-00157,RET-00157,849,2,1
BUR-00158,RET-00158,675,1,0
BUR-00159,RET-00159,757,1,1
BUR-00160,RET-00160,756,1,1
BUR-00161,RET-00161,831,1,1
BUR-00162,RET-00162,629,3,0
BUR-00163,RET-00163,815,0,0
BUR-00164,RET-00164,555,3,0
BUR-00165,RET-00165,821,3,1
BUR-00166,RET-00166,673,4,0
BUR-00167,RET-00167,578,4,0
BUR-00168,RET-00168,840,1,0
BUR-00169,RET-00169,629,1,0
BUR-00170,RET-00170,853,3,0
BUR-00171,RET-00171,863,0,0
BUR-00172,RET-00172,706,1,1
BUR-00173,RET-00173,730,1,0
BUR-00174,RET-00174,761,1,1
BUR-00175,RET-00175,725,5,0
BUR-00176,RET-00176,576,3,0
BUR-00177,RET-00177,723,4,1
BUR-00178,RET-00178,827,0,0
BUR-00179,RET-00179,595,2,1
BUR-00180,RET-00180,693,5,0
BUR-00181,RET-00181,657,2,0
BUR-00182,RET-00182,792,5,1
BUR-00183,RET-00183,649,0,0
BUR-00184,RET-00184,820,2,0
BUR-00185,RET-00185,740,0,0
BUR-00186,RET-00186,718,2,0
BUR-00187,RET-00187,649,0,1
BUR-00188,RET-00188,720,2,1
BUR-00189,RET-00189,820,1,1
BUR-00190,RET-00190,696,2,2
BUR-00191,RET-00191,814,4,0
BUR-00192,RET-00192,715,5,0
BUR-00193,RET-00193,719,1,2
BUR-00194,RET-00194,702,3,0
BUR-00195,RET-00195,702,6,1
BUR-00196,RET-00196,701,1,0
BUR-00197,RET-00197,799,2,2
BUR-00198,RET-00198,498,4,0
BUR-00199,RET-00199,770,6,0
BUR-00200,RET-00200,814,2,1
BUR-00201,RET-00201,775,0,1
BUR-00202,RET-00202,668,0,1
BUR-00203,RET-00203,521,3,0
BUR-00204,RET-00204,553,1,0
BUR-00205,RET-00205,776,2,0
BUR-00206,RET-00206,842,4,0
BUR-00207,RET-00207,783,4,1
BUR-00208,RET-00208,701,1,0
BUR-00209,RET-00209,860,2,1
BUR-00210,RET-00210,566,0,0
BUR-00211,RET-00211,725,3,1
BUR-00212,RET-00212,773,4,0
BUR-00213,RET-00213,768,1,0
BUR-00214,RET-00214,817,1,0
BUR-00215,RET-00215,688,0,1
BUR-00216,RET-00216,883,3,0
BUR-00217,RET-00217,619,2,1
BUR-00218,RET-00218,752,1,0
BUR-00219,RET-00219,749,2,2
BUR-00220,RET-00220,779,2,0
BUR-00221,RET-00221,749,3,0
BUR-00222,RET-00222,821,5,1
BUR-00223,RET-00223,636,0,0
BUR-00224,RET-00224,451,0,0
BUR-00225,RET-00225,603,1,2
BUR-00226,RET-00226,818,4,1
BUR-00227,RET-00227,680,1,2
BUR-00228,RET-00228,852,3,1
BUR-00229,RET-00229,766,3,0
BUR-00230,RET-00230,681,3,0
BUR-00231,RET-00231,859,4,0
BUR-00232,RET-00232,794,2,0
BUR-00233,RET-00233,731,1,0
BUR-00234,RET-00234,695,4,0
BUR-00235,RET-00235,754,0,3
BUR-00236,RET-00236,613,1,1
BUR-00237,RET-00237,590,3,1
BUR-00238,RET-00238,656,3,0
BUR-00239,RET-00239,522,1,0
BUR-00240,RET-00240,621,2,0
BUR-00241,RET-00241,726,0,0
BUR-00242,RET-00242,667,3,1
BUR-00243,RET-00243,837,1,2
BUR-00244,RET-00244,808,5,1
BUR-00245,RET-00245,860,2,2
BUR-00246,RET-00246,862,1,0
BUR-00247,RET-00247,570,4,0
BUR-00248,RET-00248,697,4,1
BUR-00249,RET-00249,769,2,1
BUR-00250,RET-00250,812,2,0
BUR-00251,RET-00251,769,1,0
BUR-00252,RET-00252,494,2,0
BUR-00253,RET-00253,747,1,0
BUR-00254,RET-00254,807,0,0
BUR-00255,RET-00255,670,1,1
BUR-00256,RET-00256,757,2,1
BUR-00257,RET-00257,635,0,1
BUR-00258,RET-00258,794,1,0
BUR-00259,RET-00259,757,3,0
BUR-00260,RET-00260,609,7,1
BUR-00261,RET-00261,849,3,0
BUR-00262,RET-00262,704,3,0
BUR-00263,RET-00263,640,3,1
BUR-00264,RET-00264,755,2,1
BUR-00265,RET-00265,510,4,0
BUR-00266,RET-00266,530,3,2
BUR-00267,RET-00267,681,3,0
BUR-00268,RET-00268,525,1,2
BUR-00269,RET-00269,621,3,1
BUR-00270,RET-00270,759,0,0
BUR-00271,RET-00271,576,3,2
BUR-00272,RET-00272,670,5,1
BUR-00273,RET-00273,722,4,1
BUR-00274,RET-00274,590,1,0
BUR-00275,RET-00275,825,3,0
BUR-00276,RET-00276,621,5,1
BUR-00277,RET-00277,813,3,0
BUR-00278,RET-00278,729,2,0
BUR-00279,RET-00279,694,4,0
BUR-00280,RET-00280,759,1,0
BUR-00281,RET-00281,720,2,0
BUR-00282,RET-00282,593,1,2
BUR-00283,RET-00283,722,7,0
BUR-00284,RET-00284,759,2,0
BUR-00285,RET-00285,735,1,1
BUR-00286,RET-00286,777,1,0
BUR-00287,RET-00287,826,1,0
BUR-00288,RET-00288,688,1,1
BUR-00289,RET-00289,726,3,0
BUR-00290,RET-00290,639,3,0
BUR-00291,RET-00291,873,3,0
BUR-00292,RET-00292,771,3,0
BUR-00293,RET-00293,736,0,0
BUR-00294,RET-00294,828,1,0
BUR-00295,RET-00295,774,3,1
BUR-00296,RET-00296,761,3,1
BUR-00297,RET-00297,729,1,0
BUR-00298,RET-00298,742,0,0
BUR-00299,RET-00299,782,1,2
BUR-00300,RET-00300,875,1,0
BUR-00301,RET-00301,720,5,1
BUR-00302,RET-00302,759,2,1
BUR-00303,RET-00303,676,1,0
BUR-00304,RET-00304,837,1,2
BUR-00305,RET-00305,773,3,0
BUR-00306,RET-00306,676,1,0
BUR-00307,RET-00307,604,1,0
BUR-00308,RET-00308,794,2,1
BUR-00309,RET-00309,726,0,0
BUR-00310,RET-00310,689,2,1
BUR-00311,RET-00311,722,3,0
BUR-00312,RET-00312,649,1,0
BUR-00313,RET-00313,763,2,1
BUR-00314,RET-00314,780,3,1
BUR-00315,RET-00315,791,3,0
BUR-00316,RET-00316,789,0,0
BUR-00317,RET-00317,774,1,1
BUR-00318,RET-00318,718,2,0
BUR-00319,RET-00319,760,1,0
BUR-00320,RET-00320,725,0,0
BUR-00321,RET-00321,695,1,2
BUR-00322,RET-00322,891,3,1
BUR-00323,RET-00323,754,1,0
BUR-00324,RET-00324,682,1,2
BUR-00325,RET-00325,804,0,0
BUR-00326,RET-00326,745,2,0
BUR-00327,RET-00327,826,5,1
BUR-00328,RET-00328,829,0,0
BUR-00329,RET-00329,754,2,1
BUR-00330,RET-00330,461,2,0
BUR-00331,RET-00331,749,2,1
BUR-00332,RET-00332,683,2,1
BUR-00333,RET-00333,801,5,1
BUR-00334,RET-00334,864,3,0
BUR-00335,RET-00335,577,2,0
BUR-00336,RET-00336,744,2,0
BUR-00337,RET-00337,797,2,0
BUR-00338,RET-00338,784,4,0
BUR-00339,RET-00339,653,1,0
BUR-00340,RET-00340,473,4,1
BUR-00341,RET-00341,774,2,2
BUR-00342,RET-00342,705,1,0
BUR-00343,RET-00343,691,1,0
BUR-00344,RET-00344,740,1,0
BUR-00345,RET-00345,785,3,0
BUR-00346,RET-00346,448,5,0
BUR-00347,RET-00347,695,1,0
BUR-00348,RET-00348,628,1,2
BUR-00349,RET-00349,778,2,0
BUR-00350,RET-00350,616,2,0
BUR-00351,RET-00351,720,0,0
BUR-00352,RET-00352,716,2,0
BUR-00353,RET-00353,848,2,0
BUR-00354,RET-00354,859,0,1
BUR-00355,RET-00355,593,3,0
BUR-00356,RET-00356,769,1,0
BUR-00357,RET-00357,663,5,1
BUR-00358,RET-00358,734,1,0
BUR-00359,RET-00359,736,1,1
BUR-00360,RET-00360,771,3,2
BUR-00361,RET-00361,866,2,1
BUR-00362,RET-00362,574,0,0
BUR-00363,RET-00363,456,4,0
BUR-00364,RET-00364,608,0,2
BUR-00365,RET-00365,709,4,0
BUR-00366,RET-00366,833,0,0
BUR-00367,RET-00367,774,2,0
BUR-00368,RET-00368,768,1,1
BUR-00369,RET-00369,700,3,0
BUR-00370,RET-00370,670,3,0
BUR-00371,RET-00371,785,1,1
BUR-00372,RET-00372,823,1,3
BUR-00373,RET-00373,767,1,0
BUR-00374,RET-00374,676,2,1
BUR-00375,RET-00375,689,5,0
BUR-00376,RET-00376,798,2,0
BUR-00377,RET-00377,638,2,0
BUR-00378,RET-00378,826,2,2
BUR-00379,RET-00379,814,1,0
BUR-00380,RET-00380,783,0,0
BUR-00381,RET-00381,666,3,0
BUR-00382,RET-00382,851,5,0
BUR-00383,RET-00383,841,1,1
BUR-00384,RET-00384,785,0,2
BUR-00385,RET-00385,643,1,2
BUR-00386,RET-00386,777,3,0
BUR-00387,RET-00387,841,1,0
BUR-00388,RET-00388,538,3,0
BUR-00389,RET-00389,807,1,1
BUR-00390,RET-00390,853,2,0
BUR-00391,RET-00391,607,5,0
BUR-00392,RET-00392,825,4,1
BUR-00393,RET-00393,708,4,0
BUR-00394,RET-00394,679,2,1
BUR-00395,RET-00395,804,2,1
BUR-00396,RET-00396,712,1,1
BUR-00397,RET-00397,766,0,1
BUR-00398,RET-00398,693,6,0
BUR-00399,RET-00399,871,2,0
BUR-00400,RET-00400,691,1,2
BUR-00401,RET-00401,881,0,1
BUR-00402,RET-00402,653,1,1
BUR-00403,RET-00403,827,3,0
BUR-00404,RET-00404,703,0,0
BUR-00405,RET-00405,830,4,0
BUR-00406,RET-00406,634,2,0
BUR-00407,RET-00407,772,3,0
BUR-00408,RET-00408,679,5,0
BUR-00409,RET-00409,788,2,0
BUR-00410,RET-00410,630,1,0
BUR-00411,RET-00411,787,3,1
BUR-00412,RET-00412,749,1,2
BUR-00413,RET-00413,816,2,1
BUR-00414,RET-00414,570,4,0
BUR-00415,RET-00415,773,1,0
BUR-00416,RET-00416,773,2,2
BUR-00417,RET-00417,669,0,1
BUR-00418,RET-00418,644,1,0
BUR-00419,RET-00419,663,3,0
BUR-00420,RET-00420,805,0,1
BUR-00421,RET-00421,674,3,0
BUR-00422,RET-00422,740,2,0
BUR-00423,RET-00423,723,1,0
BUR-00424,RET-00424,643,4,0
BUR-00425,RET-00425,621,0,1
BUR-00426,RET-00426,812,0,1
BUR-00427,RET-00427,804,1,0
BUR-00428,RET-00428,554,1,1
BUR-00429,RET-00429,656,3,2
BUR-00430,RET-00430,693,3,1
BUR-00431,RET-00431,781,2,0
BUR-00432,RET-00432,824,4,3
BUR-00433,RET-00433,647,0,1
BUR-00434,RET-00434,766,2,1
BUR-00435,RET-00435,613,2,1
BUR-00436,RET-00436,721,1,0
BUR-00437,RET-00437,804,2,0
BUR-00438,RET-00438,814,1,0
BUR-00439,RET-00439,660,1,1
BUR-00440,RET-00440,792,3,0
BUR-00441,RET-00441,717,0,0
BUR-00442,RET-00442,769,3,0
BUR-00443,RET-00443,804,3,0
BUR-00444,RET-00444,613,2,0
BUR-00445,RET-00445,823,2,0
BUR-00446,RET-00446,550,5,1
BUR-00447,RET-00447,568,2,0
BUR-00448,RET-00448,737,3,0
BUR-00449,RET-00449,689,3,2
BUR-00450,RET-00450,805,4,0
BUR-00451,RET-00451,482,2,1
BUR-00452,RET-00452,795,4,1
BUR-00453,RET-00453,733,3,1
BUR-00454,RET-00454,589,2,1
BUR-00455,RET-00455,816,2,0
BUR-00456,RET-00456,771,2,0
BUR-00457,RET-00457,669,0,0
BUR-00458,RET-00458,669,0,0
BUR-00459,RET-00459,748,0,1
BUR-00460,RET-00460,758,2,1
BUR-00461,RET-00461,867,3,0
BUR-00462,RET-00462,679,1,0
BUR-00463,RET-00463,580,0,1
BUR-00464,RET-00464,842,1,0
BUR-00465,RET-00465,745,0,0
BUR-00466,RET-00466,454,2,0
BUR-00467,RET-00467,803,3,0
BUR-00468,RET-00468,686,0,0
BUR-00469,RET-00469,586,2,2
BUR-00470,RET-00470,892,4,0
BUR-00471,RET-00471,599,2,0
BUR-00472,RET-00472,475,2,1
BUR-00473,RET-00473,680,3,1
BUR-00474,RET-00474,859,3,0
BUR-00475,RET-00475,589,1,0
BUR-00476,RET-00476,833,2,0
BUR-00477,RET-00477,644,3,0
BUR-00478,RET-00478,729,2,1
BUR-00479,RET-00479,518,0,1
BUR-00480,RET-00480,618,1,1
BUR-00481,RET-00481,759,3,0
BUR-00482,RET-00482,753,2,0
BUR-00483,RET-00483,727,4,0
BUR-00484,RET-00484,672,2,1
BUR-00485,RET-00485,772,2,0
BUR-00486,RET-00486,821,2,1
BUR-00487,RET-00487,631,1,0
BUR-00488,RET-00488,688,3,1
BUR-00489,RET-00489,679,2,0
BUR-00490,RET-00490,665,1,0
BUR-00491,RET-00491,854,0,0
BUR-00492,RET-00492,798,6,1
BUR-00493,RET-00493,762,0,0
BUR-00494,RET-00494,663,5,1
BUR-00495,RET-00495,722,4,0
BUR-00496,RET-00496,748,2,0
BUR-00497,RET-00497,666,1,0
BUR-00498,RET-00498,720,6,0
BUR-00499,RET-00499,808,3,0
BUR-00500,RET-00500,797,3,0
BUR-00501,RET-00501,782,2,0
BUR-00502,RET-00502,681,4,0
BUR-00503,RET-00503,727,3,0
BUR-00504,RET-00504,754,3,0
BUR-00505,RET-00505,785,1,0
BUR-00506,RET-00506,783,6,1
BUR-00507,RET-00507,819,3,0
BUR-00508,RET-00508,508,3,1
BUR-00509,RET-00509,710,1,0
BUR-00510,RET-00510,842,3,1
BUR-00511,RET-00511,423,0,1
BUR-00512,RET-00512,727,0,0
BUR-00513,RET-00513,864,2,0
BUR-00514,RET-00514,843,2,1
BUR-00515,RET-00515,773,0,4
BUR-00516,RET-00516,789,1,1
BUR-00517,RET-00517,835,3,2
BUR-00518,RET-00518,686,1,1
BUR-00519,RET-00519,869,4,1
BUR-00520,RET-00520,814,4,0
BUR-00521,RET-00521,781,2,0
BUR-00522,RET-00522,532,3,1
BUR-00523,RET-00523,833,2,0
BUR-00524,RET-00524,791,1,0
BUR-00525,RET-00525,640,3,0
BUR-00526,RET-00526,840,2,0
BUR-00527,RET-00527,730,4,1
BUR-00528,RET-00528,773,2,0
BUR-00529,RET-00529,640,1,0
BUR-00530,RET-00530,866,4,0
BUR-00531,RET-00531,869,0,0
BUR-00532,RET-00532,757,2,0
BUR-00533,RET-00533,817,0,0
BUR-00534,RET-00534,854,0,0
BUR-00535,RET-00535,855,3,0
BUR-00536,RET-00536,487,4,0
BUR-00537,RET-00537,864,1,2
BUR-00538,RET-00538,658,1,0
BUR-00539,RET-00539,841,2,0
BUR-00540,RET-00540,840,3,0
BUR-00541,RET-00541,634,3,0
BUR-00542,RET-00542,849,2,1
BUR-00543,RET-00543,589,2,1
BUR-00544,RET-00544,811,3,0
BUR-00545,RET-00545,887,0,0
BUR-00546,RET-00546,519,4,1
BUR-00547,RET-00547,812,4,1
BUR-00548,RET-00548,869,1,1
BUR-00549,RET-00549,598,5,1
BUR-00550,RET-00550,782,2,0
BUR-00551,RET-00551,749,1,0
BUR-00552,RET-00552,835,3,1
BUR-00553,RET-00553,522,2,3
BUR-00554,RET-00554,645,4,0
BUR-00555,RET-00555,664,3,1
BUR-00556,RET-00556,831,0,1
BUR-00557,RET-00557,654,1,0
BUR-00558,RET-00558,814,1,0
BUR-00559,RET-00559,591,3,0
BUR-00560,RET-00560,684,2,0
BUR-00561,RET-00561,706,1,1
BUR-00562,RET-00562,782,4,0
BUR-00563,RET-00563,891,1,0
BUR-00564,RET-00564,784,3,1
BUR-00565,RET-00565,815,3,1
BUR-00566,RET-00566,891,2,0
BUR-00567,RET-00567,693,3,1
BUR-00568,RET-00568,717,1,0
BUR-00569,RET-00569,835,3,0
BUR-00570,RET-00570,833,1,0
BUR-00571,RET-00571,551,2,1
BUR-00572,RET-00572,769,1,0
BUR-00573,RET-00573,617,4,0
BUR-00574,RET-00574,523,2,1
BUR-00575,RET-00575,670,1,1
BUR-00576,RET-00576,598,2,0
BUR-00577,RET-00577,825,1,0
BUR-00578,RET-00578,758,1,1
BUR-00579,RET-00579,731,2,0
BUR-00580,RET-00580,839,2,1
BUR-00581,RET-00581,718,1,0
BUR-00582,RET-00582,742,1,0
BUR-00583,RET-00583,605,2,1
BUR-00584,RET-00584,541,4,1
BUR-00585,RET-00585,587,4,0
BUR-00586,RET-00586,815,2,1
BUR-00587,RET-00587,419,4,2
BUR-00588,RET-00588,867,1,0
BUR-00589,RET-00589,756,3,0
BUR-00590,RET-00590,787,1,0
BUR-00591,RET-00591,614,1,0
BUR-00592,RET-00592,778,0,1
BUR-00593,RET-00593,666,2,2
BUR-00594,RET-00594,746,1,0
BUR-00595,RET-00595,634,3,0
BUR-00596,RET-00596,767,3,1
BUR-00597,RET-00597,613,2,0
BUR-00598,RET-00598,715,2,0
BUR-00599,RET-00599,713,4,0
BUR-00600,RET-00600,710,1,0
BUR-00601,RET-00601,480,2,0
BUR-00602,RET-00602,675,4,1
BUR-00603,RET-00603,602,0,0
BUR-00604,RET-00604,650,2,0
BUR-00605,RET-00605,728,1,0
BUR-00606,RET-00606,527,3,2
BUR-00607,RET-00607,712,7,0
BUR-00608,RET-00608,723,2,0
BUR-00609,RET-00609,749,0,1
BUR-00610,RET-00610,715,1,0
BUR-00611,RET-00611,681,2,1
BUR-00612,RET-00612,754,2,0
BUR-00613,RET-00613,863,1,0
BUR-00614,RET-00614,707,0,0
BUR-00615,RET-00615,566,1,0
BUR-00616,RET-00616,679,1,0
BUR-00617,RET-00617,517,3,0
BUR-00618,RET-00618,793,4,0
BUR-00619,RET-00619,797,1,0
BUR-00620,RET-00620,748,5,0
BUR-00621,RET-00621,755,0,1
BUR-00622,RET-00622,702,1,0
BUR-00623,RET-00623,731,1,0
BUR-00624,RET-00624,583,0,1
BUR-00625,RET-00625,759,1,0
BUR-00626,RET-00626,874,2,0
BUR-00627,RET-00627,788,4,1
BUR-00628,RET-00628,861,4,0
BUR-00629,RET-00629,831,2,0
BUR-00630,RET-00630,823,2,1
BUR-00631,RET-00631,684,0,2
BUR-00632,RET-00632,721,2,0
BUR-00633,RET-00633,707,1,1
BUR-00634,RET-00634,634,3,1
BUR-00635,RET-00635,855,9,1
BUR-00636,RET-00636,584,2,0
BUR-00637,RET-00637,859,1,1
BUR-00638,RET-00638,599,3,0
BUR-00639,RET-00639,678,1,0
BUR-00640,RET-00640,840,0,0
BUR-00641,RET-00641,851,2,0
BUR-00642,RET-00642,801,2,0
BUR-00643,RET-00643,783,1,0
BUR-00644,RET-00644,600,2,0
BUR-00645,RET-00645,825,2,1
BUR-00646,RET-00646,798,1,0
BUR-00647,RET-00647,839,0,0
BUR-00648,RET-00648,799,4,0
BUR-00649,RET-00649,840,3,0
BUR-00650,RET-00650,615,2,1
BUR-00651,RET-00651,683,3,1
BUR-00652,RET-00652,683,1,0
BUR-00653,RET-00653,872,3,0
BUR-00654,RET-00654,774,0,0
BUR-00655,RET-00655,459,4,0
BUR-00656,RET-00656,826,0,1
BUR-00657,RET-00657,842,1,1
BUR-00658,RET-00658,676,4,0
BUR-00659,RET-00659,800,0,1
BUR-00660,RET-00660,575,3,2
BUR-00661,RET-00661,700,3,1
BUR-00662,RET-00662,657,0,0
BUR-00663,RET-00663,570,2,1
BUR-00664,RET-00664,634,3,3
BUR-00665,RET-00665,512,4,0
BUR-00666,RET-00666,700,1,0
BUR-00667,RET-00667,878,2,1
BUR-00668,RET-00668,694,1,0
BUR-00669,RET-00669,702,0,0
BUR-00670,RET-00670,809,4,1
BUR-00671,RET-00671,755,1,0
BUR-00672,RET-00672,831,0,0
BUR-00673,RET-00673,757,2,1
BUR-00674,RET-00674,821,0,2
BUR-00675,RET-00675,582,1,0
BUR-00676,RET-00676,819,0,0
BUR-00677,RET-00677,737,3,0
BUR-00678,RET-00678,860,2,0
BUR-00679,RET-00679,807,2,0
BUR-00680,RET-00680,827,3,1
BUR-00681,RET-00681,747,3,0
BUR-00682,RET-00682,824,0,2
BUR-00683,RET-00683,749,2,1
BUR-00684,RET-00684,501,3,0
BUR-00685,RET-00685,758,1,0
BUR-00686,RET-00686,739,2,0
BUR-00687,RET-00687,689,4,1
BUR-00688,RET-00688,523,0,2
BUR-00689,RET-00689,837,5,0
BUR-00690,RET-00690,603,2,0
BUR-00691,RET-00691,638,4,0
BUR-00692,RET-00692,585,4,1
BUR-00693,RET-00693,575,0,0
BUR-00694,RET-00694,684,2,1
BUR-00695,RET-00695,642,2,0
BUR-00696,RET-00696,677,1,1
BUR-00697,RET-00697,602,2,0
BUR-00698,RET-00698,834,2,0
BUR-00699,RET-00699,772,8,1
BUR-00700,RET-00700,857,4,0
BUR-00701,RET-00701,866,0,0
BUR-00702,RET-00702,750,1,0
BUR-00703,RET-00703,747,5,0
BUR-00704,RET-00704,496,4,1
BUR-00705,RET-00705,694,2,0
BUR-00706,RET-00706,798,3,2
BUR-00707,RET-00707,789,4,0
BUR-00708,RET-00708,816,5,1
BUR-00709,RET-00709,676,2,0
BUR-00710,RET-00710,643,1,0
BUR-00711,RET-00711,811,1,0
BUR-00712,RET-00712,508,1,0
BUR-00713,RET-00713,430,1,0
BUR-00714,RET-00714,768,2,0
BUR-00715,RET-00715,701,3,1
BUR-00716,RET-00716,706,1,1
BUR-00717,RET-00717,861,0,0
BUR-00718,RET-00718,830,0,0
BUR-00719,RET-00719,765,0,1
BUR-00720,RET-00720,781,2,0
BUR-00721,RET-00721,799,1,1
BUR-00722,RET-00722,831,2,0
BUR-00723,RET-00723,773,1,0
BUR-00724,RET-00724,845,1,1
BUR-00725,RET-00725,664,1,1
BUR-00726,RET-00726,834,4,1
BUR-00727,RET-00727,569,5,0
BUR-00728,RET-00728,787,0,1
BUR-00729,RET-00729,734,0,0
BUR-00730,RET-00730,729,3,0
BUR-00731,RET-00731,552,2,0
BUR-00732,RET-00732,761,0,1
BUR-00733,RET-00733,600,5,2
BUR-00734,RET-00734,615,1,2
BUR-00735,RET-00735,672,5,0
BUR-00736,RET-00736,858,2,0
BUR-00737,RET-00737,786,0,1
BUR-00738,RET-00738,582,6,2
BUR-00739,RET-00739,649,4,0
BUR-00740,RET-00740,700,1,1
BUR-00741,RET-00741,844,1,0
BUR-00742,RET-00742,622,1,1
BUR-00743,RET-00743,565,3,0
BUR-00744,RET-00744,817,4,0
BUR-00745,RET-00745,806,3,2
BUR-00746,RET-00746,738,1,1
BUR-00747,RET-00747,702,2,0
BUR-00748,RET-00748,563,4,0
BUR-00749,RET-00749,746,2,0
BUR-00750,RET-00750,723,0,0
BUR-00751,RET-00751,607,2,0
BUR-00752,RET-00752,665,0,0
BUR-00753,RET-00753,714,1,1
BUR-00754,RET-00754,764,1,0
BUR-00755,RET-00755,767,4,0
BUR-00756,RET-00756,628,1,0
BUR-00757,RET-00757,613,2,0
BUR-00758,RET-00758,752,0,0
BUR-00759,RET-00759,717,1,1
BUR-00760,RET-00760,607,1,0
BUR-00761,RET-00761,675,1,2
BUR-00762,RET-00762,823,5,0
BUR-00763,RET-00763,836,0,0
BUR-00764,RET-00764,618,5,0
BUR-00765,RET-00765,823,2,0
BUR-00766,RET-00766,740,2,0
BUR-00767,RET-00767,741,1,3
BUR-00768,RET-00768,794,2,0
BUR-00769,RET-00769,841,0,0
BUR-00770,RET-00770,557,2,0
BUR-00771,RET-00771,881,1,0
BUR-00772,RET-00772,738,1,1
BUR-00773,RET-00773,714,1,1
BUR-00774,RET-00774,807,2,0
BUR-00775,RET-00775,881,2,1
BUR-00776,RET-00776,538,1,0
BUR-00777,RET-00777,714,1,0
BUR-00778,RET-00778,620,3,0
BUR-00779,RET-00779,544,2,1
BUR-00780,RET-00780,645,0,1
BUR-00781,RET-00781,580,2,0
BUR-00782,RET-00782,753,5,0
BUR-00783,RET-00783,683,6,2
BUR-00784,RET-00784,725,1,0
BUR-00785,RET-00785,780,1,0
BUR-00786,RET-00786,726,3,2
BUR-00787,RET-00787,779,2,0
BUR-00788,RET-00788,758,0,0
BUR-00789,RET-00789,758,0,0
BUR-00790,RET-00790,724,3,1
BUR-00791,RET-00791,679,3,0
BUR-00792,RET-00792,636,0,0
BUR-00793,RET-00793,673,0,1
BUR-00794,RET-00794,810,2,0
BUR-00795,RET-00795,713,4,0
BUR-00796,RET-00796,704,0,0
BUR-00797,RET-00797,684,3,1
BUR-00798,RET-00798,791,2,0
BUR-00799,RET-00799,652,0,1
BUR-00800,RET-00800,835,1,0
BUR-00801,RET-00801,689,2,0
BUR-00802,RET-00802,829,3,0
BUR-00803,RET-00803,622,0,0
BUR-00804,RET-00804,831,1,0
BUR-00805,RET-00805,622,5,0
BUR-00806,RET-00806,671,2,0
BUR-00807,RET-00807,806,1,1
BUR-00808,RET-00808,760,2,0
BUR-00809,RET-00809,723,3,0
BUR-00810,RET-00810,756,1,0
BUR-00811,RET-00811,679,5,3
BUR-00812,RET-00812,862,3,1
BUR-00813,RET-00813,684,3,1
BUR-00814,RET-00814,830,3,1
BUR-00815,RET-00815,693,0,0
BUR-00816,RET-00816,726,5,1
BUR-00817,RET-00817,814,1,0
BUR-00818,RET-00818,768,5,1
BUR-00819,RET-00819,879,2,0
BUR-00820,RET-00820,700,3,1
BUR-00821,RET-00821,787,2,0
BUR-00822,RET-00822,698,3,1
BUR-00823,RET-00823,810,1,2
BUR-00824,RET-00824,781,3,1
BUR-00825,RET-00825,731,2,0
BUR-00826,RET-00826,581,3,0
BUR-00827,RET-00827,862,4,0
BUR-00828,RET-00828,611,3,2
BUR-00829,RET-00829,731,1,1
BUR-00830,RET-00830,666,3,1
BUR-00831,RET-00831,615,0,0
BUR-00832,RET-00832,615,0,2
BUR-00833,RET-00833,649,0,0
BUR-00834,RET-00834,462,3,1
BUR-00835,RET-00835,864,0,0
BUR-00836,RET-00836,813,2,0
BUR-00837,RET-00837,847,1,0
BUR-00838,RET-00838,554,3,0
BUR-00839,RET-00839,659,3,0
BUR-00840,RET-00840,840,5,1
BUR-00841,RET-00841,704,5,0
BUR-00842,RET-00842,793,2,0
BUR-00843,RET-00843,629,2,1
BUR-00844,RET-00844,657,4,0
BUR-00845,RET-00845,609,0,1
BUR-00846,RET-00846,730,3,0
BUR-00847,RET-00847,793,3,0
BUR-00848,RET-00848,465,2,0
BUR-00849,RET-00849,870,0,2
BUR-00850,RET-00850,728,7,1
BUR-00851,RET-00851,854,1,1
BUR-00852,RET-00852,755,3,1
BUR-00853,RET-00853,721,3,0
BUR-00854,RET-00854,818,1,0
BUR-00855,RET-00855,812,4,1
BUR-00856,RET-00856,592,0,2
BUR-00857,RET-00857,859,5,2
BUR-00858,RET-00858,803,0,1
BUR-00859,RET-00859,840,1,1
BUR-00860,RET-00860,766,3,0
BUR-00861,RET-00861,519,3,0
BUR-00862,RET-00862,689,1,0
BUR-00863,RET-00863,669,2,2
BUR-00864,RET-00864,696,2,0
BUR-00865,RET-00865,595,5,0
BUR-00866,RET-00866,729,1,2
BUR-00867,RET-00867,819,0,0
BUR-00868,RET-00868,613,0,0
BUR-00869,RET-00869,693,3,1
BUR-00870,RET-00870,673,0,1
BUR-00871,RET-00871,627,5,1
BUR-00872,RET-00872,696,3,1
BUR-00873,RET-00873,774,3,0
BUR-00874,RET-00874,583,1,0
BUR-00875,RET-00875,713,3,0
BUR-00876,RET-00876,832,4,0
BUR-00877,RET-00877,659,1,1
BUR-00878,RET-00878,730,1,1
BUR-00879,RET-00879,799,2,0
BUR-00880,RET-00880,832,0,0
BUR-00881,RET-00881,684,3,0
BUR-00882,RET-00882,836,0,0
BUR-00883,RET-00883,738,3,0
BUR-00884,RET-00884,838,3,1
BUR-00885,RET-00885,656,1,0
BUR-00886,RET-00886,645,1,0
BUR-00887,RET-00887,645,0,0
BUR-00888,RET-00888,783,0,1
BUR-00889,RET-00889,736,0,0
BUR-00890,RET-00890,817,1,0
BUR-00891,RET-00891,747,0,0
BUR-00892,RET-00892,753,2,1
BUR-00893,RET-00893,725,1,0
BUR-00894,RET-00894,867,2,1
BUR-00895,RET-00895,824,1,0
BUR-00896,RET-00896,787,5,0
BUR-00897,RET-00897,789,3,1
BUR-00898,RET-00898,789,1,0
BUR-00899,RET-00899,817,4,1
BUR-00900,RET-00900,746,3,0
BUR-00901,RET-00901,743,2,0
BUR-00902,RET-00902,623,0,1
BUR-00903,RET-00903,840,2,0
BUR-00904,RET-00904,649,1,1
BUR-00905,RET-00905,879,0,1
BUR-00906,RET-00906,823,3,1
BUR-00907,RET-00907,747,1,1
BUR-00908,RET-00908,747,3,1
BUR-00909,RET-00909,870,4,0
BUR-00910,RET-00910,722,1,1
BUR-00911,RET-00911,550,3,0
BUR-00912,RET-00912,594,2,1
BUR-00913,RET-00913,800,2,0
BUR-00914,RET-00914,805,1,0
BUR-00915,RET-00915,764,0,0
BUR-00916,RET-00916,784,3,2
BUR-00917,RET-00917,717,4,1
BUR-00918,RET-00918,840,1,0
BUR-00919,RET-00919,755,1,0
BUR-00920,RET-00920,743,1,1
BUR-00921,RET-00921,490,2,0
BUR-00922,RET-00922,703,1,0
BUR-00923,RET-00923,660,1,0
BUR-00924,RET-00924,443,2,1
BUR-00925,RET-00925,707,2,0
BUR-00926,RET-00926,772,1,0
BUR-00927,RET-00927,871,2,0
BUR-00928,RET-00928,716,1,1
BUR-00929,RET-00929,739,3,1
BUR-00930,RET-00930,618,1,0
BUR-00931,RET-00931,634,2,0
BUR-00932,RET-00932,862,0,1
BUR-00933,RET-00933,761,1,1
BUR-00934,RET-00934,827,1,1
BUR-00935,RET-00935,632,3,0
BUR-00936,RET-00936,648,1,1
BUR-00937,RET-00937,852,0,0
BUR-00938,RET-00938,618,5,1
BUR-00939,RET-00939,527,2,2
BUR-00940,RET-00940,688,3,2
BUR-00941,RET-00941,735,0,0
BUR-00942,RET-00942,781,1,0
BUR-00943,RET-00943,619,2,0
BUR-00944,RET-00944,743,1,1
BUR-00945,RET-00945,592,2,0
BUR-00946,RET-00946,842,2,0
BUR-00947,RET-00947,843,2,0
BUR-00948,RET-00948,751,0,1
BUR-00949,RET-00949,720,4,0
BUR-00950,RET-00950,698,2,0
BUR-00951,RET-00951,679,3,0
BUR-00952,RET-00952,601,2,0
BUR-00953,RET-00953,787,0,0
BUR-00954,RET-00954,811,5,2
BUR-00955,RET-00955,691,1,1
BUR-00956,RET-00956,646,2,1
BUR-00957,RET-00957,861,6,0
BUR-00958,RET-00958,747,3,0
BUR-00959,RET-00959,868,0,0
BUR-00960,RET-00960,720,2,0
BUR-00961,RET-00961,714,3,3
BUR-00962,RET-00962,550,7,0
BUR-00963,RET-00963,695,1,1
BUR-00964,RET-00964,690,0,1
BUR-00965,RET-00965,673,3,0
BUR-00966,RET-00966,687,1,0
BUR-00967,RET-00967,658,3,0
BUR-00968,RET-00968,664,0,0
BUR-00969,RET-00969,733,1,0
BUR-00970,RET-00970,800,2,0
BUR-00971,RET-00971,637,2,3
BUR-00972,RET-00972,710,3,0
BUR-00973,RET-00973,786,3,0
BUR-00974,RET-00974,511,1,2
BUR-00975,RET-00975,751,0,0
BUR-00976,RET-00976,585,3,0
BUR-00977,RET-00977,832,3,1
BUR-00978,RET-00978,811,0,1
BUR-00979,RET-00979,718,4,1
BUR-00980,RET-00980,636,3,1
BUR-00981,RET-00981,736,1,0
BUR-00982,RET-00982,882,2,3
BUR-00983,RET-00983,713,3,0
BUR-00984,RET-00984,622,3,2
BUR-00985,RET-00985,542,2,1
BUR-00986,RET-00986,710,2,2
BUR-00987,RET-00987,675,4,0
BUR-00988,RET-00988,830,3,0
BUR-00989,RET-00989,836,4,0
BUR-00990,RET-00990,711,4,0
BUR-00991,RET-00991,635,4,0
BUR-00992,RET-00992,777,0,0
BUR-00993,RET-00993,761,1,0
BUR-00994,RET-00994,617,2,1
BUR-00995,RET-00995,636,3,0
BUR-00996,RET-00996,767,2,1
BUR-00997,RET-00997,618,2,0
BUR-00998,RET-00998,713,1,0
BUR-00999,RET-00999,840,1,0
BUR-01000,RET-01000,670,2,0
BUR-01001,RET-01001,793,4,0
BUR-01002,RET-01002,846,1,0
BUR-01003,RET-01003,813,1,0
BUR-01004,RET-01004,636,2,0
BUR-01005,RET-01005,690,0,0
BUR-01006,RET-01006,721,1,1
BUR-01007,RET-01007,541,2,1
BUR-01008,RET-01008,882,3,0
BUR-01009,RET-01009,719,2,1
BUR-01010,RET-01010,850,0,1
BUR-01011,RET-01011,503,0,1
BUR-01012,RET-01012,609,3,1
BUR-01013,RET-01013,775,3,0
BUR-01014,RET-01014,727,0,1
BUR-01015,RET-01015,710,4,0
BUR-01016,RET-01016,686,2,0
BUR-01017,RET-01017,717,4,1
BUR-01018,RET-01018,776,7,0
BUR-01019,RET-01019,730,1,0
BUR-01020,RET-01020,693,3,0
BUR-01021,RET-01021,751,2,0
BUR-01022,RET-01022,815,3,2
BUR-01023,RET-01023,852,2,1
BUR-01024,RET-01024,614,3,0
BUR-01025,RET-01025,844,1,0
BUR-01026,RET-01026,689,2,0
BUR-01027,RET-01027,809,3,1
BUR-01028,RET-01028,687,2,1
BUR-01029,RET-01029,734,1,2
BUR-01030,RET-01030,626,2,0
BUR-01031,RET-01031,672,2,1
BUR-01032,RET-01032,770,1,1
BUR-01033,RET-01033,812,5,0
BUR-01034,RET-01034,676,2,1
BUR-01035,RET-01035,850,3,0
BUR-01036,RET-01036,485,2,0
BUR-01037,RET-01037,674,3,1
BUR-01038,RET-01038,866,3,1
BUR-01039,RET-01039,785,2,2
BUR-01040,RET-01040,831,5,2
BUR-01041,RET-01041,780,1,0
BUR-01042,RET-01042,638,2,0
BUR-01043,RET-01043,724,1,1
BUR-01044,RET-01044,668,2,1
BUR-01045,RET-01045,754,3,0
BUR-01046,RET-01046,667,1,1
BUR-01047,RET-01047,805,1,0
BUR-01048,RET-01048,802,1,3
BUR-01049,RET-01049,711,4,0
BUR-01050,RET-01050,753,5,2
BUR-01051,RET-01051,615,2,0
BUR-01052,RET-01052,790,1,2
BUR-01053,RET-01053,610,0,0
BUR-01054,RET-01054,727,4,1
BUR-01055,RET-01055,631,2,0
BUR-01056,RET-01056,816,0,0
BUR-01057,RET-01057,715,1,1
BUR-01058,RET-01058,657,3,0
BUR-01059,RET-01059,755,0,1
BUR-01060,RET-01060,800,1,1
BUR-01061,RET-01061,530,0,0
BUR-01062,RET-01062,838,3,0
BUR-01063,RET-01063,883,3,1
BUR-01064,RET-01064,347,0,1
BUR-01065,RET-01065,840,7,0
BUR-01066,RET-01066,749,1,0
BUR-01067,RET-01067,771,0,0
BUR-01068,RET-01068,453,4,1
BUR-01069,RET-01069,803,1,1
BUR-01070,RET-01070,733,2,1
BUR-01071,RET-01071,743,2,0
BUR-01072,RET-01072,692,2,2
BUR-01073,RET-01073,710,1,0
BUR-01074,RET-01074,715,1,1
BUR-01075,RET-01075,580,3,2
BUR-01076,RET-01076,855,6,1
BUR-01077,RET-01077,835,1,1
BUR-01078,RET-01078,703,1,0
BUR-01079,RET-01079,754,3,0
BUR-01080,RET-01080,805,1,0
BUR-01081,RET-01081,695,0,0
BUR-01082,RET-01082,859,0,0
BUR-01083,RET-01083,860,2,0
BUR-01084,RET-01084,643,4,0
BUR-01085,RET-01085,841,0,1
BUR-01086,RET-01086,779,4,0
BUR-01087,RET-01087,764,1,2
BUR-01088,RET-01088,721,4,1
BUR-01089,RET-01089,776,2,2
BUR-01090,RET-01090,530,4,2
BUR-01091,RET-01091,873,0,1
BUR-01092,RET-01092,707,4,1
BUR-01093,RET-01093,761,1,0
BUR-01094,RET-01094,843,1,0
BUR-01095,RET-01095,706,1,0
BUR-01096,RET-01096,777,1,0
BUR-01097,RET-01097,809,1,1
BUR-01098,RET-01098,819,2,0
BUR-01099,RET-01099,612,1,0
BUR-01100,RET-01100,655,1,0
BUR-01101,RET-01101,719,2,1
BUR-01102,RET-01102,854,3,0
BUR-01103,RET-01103,681,1,1
BUR-01104,RET-01104,558,3,0
BUR-01105,RET-01105,503,2,1
BUR-01106,RET-01106,632,1,0
BUR-01107,RET-01107,822,3,1
BUR-01108,RET-01108,507,2,0
BUR-01109,RET-01109,857,4,0
BUR-01110,RET-01110,740,5,0
BUR-01111,RET-01111,515,0,0
BUR-01112,RET-01112,694,0,0
BUR-01113,RET-01113,645,3,1
BUR-01114,RET-01114,526,0,0
BUR-01115,RET-01115,685,2,1
BUR-01116,RET-01116,575,4,0
BUR-01117,RET-01117,873,6,0
BUR-01118,RET-01118,740,1,0
BUR-01119,RET-01119,800,2,0
BUR-01120,RET-01120,730,3,0
BUR-01121,RET-01121,856,2,1
BUR-01122,RET-01122,748,2,0
BUR-01123,RET-01123,669,4,0
BUR-01124,RET-01124,882,4,2
BUR-01125,RET-01125,633,1,0
BUR-01126,RET-01126,514,2,1
BUR-01127,RET-01127,469,1,2
BUR-01128,RET-01128,833,1,0
BUR-01129,RET-01129,836,2,1
BUR-01130,RET-01130,871,2,0
BUR-01131,RET-01131,789,5,0
BUR-01132,RET-01132,717,1,1
BUR-01133,RET-01133,592,2,0
BUR-01134,RET-01134,877,0,1
BUR-01135,RET-01135,718,3,0
BUR-01136,RET-01136,807,2,0
BUR-01137,RET-01137,727,1,1
BUR-01138,RET-01138,801,0,1
BUR-01139,RET-01139,844,0,3
BUR-01140,RET-01140,783,2,0
BUR-01141,RET-01141,579,1,0
BUR-01142,RET-01142,637,1,0
BUR-01143,RET-01143,732,3,0
BUR-01144,RET-01144,653,1,0
BUR-01145,RET-01145,841,4,0
BUR-01146,RET-01146,778,1,0
BUR-01147,RET-01147,588,0,1
BUR-01148,RET-01148,581,0,0
BUR-01149,RET-01149,785,0,1
BUR-01150,RET-01150,833,0,0
BUR-01151,RET-01151,838,6,2
BUR-01152,RET-01152,584,1,0
BUR-01153,RET-01153,717,2,2
BUR-01154,RET-01154,521,2,1
BUR-01155,RET-01155,744,1,0
BUR-01156,RET-01156,828,1,0
BUR-01157,RET-01157,870,2,0
BUR-01158,RET-01158,656,4,0
BUR-01159,RET-01159,674,2,0
BUR-01160,RET-01160,803,1,1
BUR-01161,RET-01161,832,1,0
BUR-01162,RET-01162,788,3,1
BUR-01163,RET-01163,564,0,0
BUR-01164,RET-01164,706,5,1
BUR-01165,RET-01165,529,3,1
BUR-01166,RET-01166,798,6,0
BUR-01167,RET-01167,812,3,1
BUR-01168,RET-01168,803,2,3
BUR-01169,RET-01169,767,2,0
BUR-01170,RET-01170,813,3,2
BUR-01171,RET-01171,561,4,0
BUR-01172,RET-01172,772,3,1
BUR-01173,RET-01173,751,0,0
BUR-01174,RET-01174,551,1,0
BUR-01175,RET-01175,517,1,0
BUR-01176,RET-01176,566,2,0
BUR-01177,RET-01177,447,2,0
BUR-01178,RET-01178,759,2,1
BUR-01179,RET-01179,624,2,0
BUR-01180,RET-01180,795,5,0
BUR-01181,RET-01181,524,1,0
BUR-01182,RET-01182,734,1,0
BUR-01183,RET-01183,769,2,1
BUR-01184,RET-01184,615,1,1
BUR-01185,RET-01185,832,5,0
BUR-01186,RET-01186,673,0,0
BUR-01187,RET-01187,525,1,0
BUR-01188,RET-01188,835,2,0
BUR-01189,RET-01189,788,2,0
BUR-01190,RET-01190,758,0,0
BUR-01191,RET-01191,704,1,0
BUR-01192,RET-01192,786,2,2
BUR-01193,RET-01193,664,1,0
BUR-01194,RET-01194,779,2,0
BUR-01195,RET-01195,765,3,2
BUR-01196,RET-01196,782,1,0
BUR-01197,RET-01197,710,2,0
BUR-01198,RET-01198,833,1,1
BUR-01199,RET-01199,756,2,1
BUR-01200,RET-01200,758,4,0
BUR-01201,RET-01201,545,1,1
BUR-01202,RET-01202,856,1,0
BUR-01203,RET-01203,872,4,0
BUR-01204,RET-01204,663,3,0
BUR-01205,RET-01205,438,3,1
BUR-01206,RET-01206,674,3,2
BUR-01207,RET-01207,767,0,1
BUR-01208,RET-01208,654,0,0
BUR-01209,RET-01209,809,1,0
BUR-01210,RET-01210,510,1,0
BUR-01211,RET-01211,771,2,0
BUR-01212,RET-01212,743,3,0
BUR-01213,RET-01213,863,1,0
BUR-01214,RET-01214,733,3,2
BUR-01215,RET-01215,848,1,1
BUR-01216,RET-01216,571,2,0
BUR-01217,RET-01217,735,1,0
BUR-01218,RET-01218,774,2,1
BUR-01219,RET-01219,572,0,0
BUR-01220,RET-01220,848,1,2
BUR-01221,RET-01221,863,2,0
BUR-01222,RET-01222,719,0,0
BUR-01223,RET-01223,666,2,0
BUR-01224,RET-01224,805,0,0
BUR-01225,RET-01225,636,3,0
BUR-01226,RET-01226,742,3,0
BUR-01227,RET-01227,767,5,0
BUR-01228,RET-01228,778,2,1
BUR-01229,RET-01229,712,2,0
BUR-01230,RET-01230,708,2,2
BUR-01231,RET-01231,812,1,0
BUR-01232,RET-01232,767,3,0
BUR-01233,RET-01233,485,4,0
BUR-01234,RET-01234,744,2,1
BUR-01235,RET-01235,733,3,0
BUR-01236,RET-01236,653,0,0
BUR-01237,RET-01237,758,4,0
BUR-01238,RET-01238,830,1,1
BUR-01239,RET-01239,853,4,0
BUR-01240,RET-01240,821,2,0
BUR-01241,RET-01241,763,3,0
BUR-01242,RET-01242,726,2,1
BUR-01243,RET-01243,758,1,1
BUR-01244,RET-01244,871,0,0
BUR-01245,RET-01245,770,2,0
BUR-01246,RET-01246,776,3,2
BUR-01247,RET-01247,811,1,0
BUR-01248,RET-01248,802,1,1
BUR-01249,RET-01249,753,2,0
BUR-01250,RET-01250,637,1,0
BUR-01251,RET-01251,817,0,1
BUR-01252,RET-01252,662,1,1
BUR-01253,RET-01253,799,5,3
BUR-01254,RET-01254,562,2,1
BUR-01255,RET-01255,883,7,0
BUR-01256,RET-01256,860,4,2
BUR-01257,RET-01257,703,3,1
BUR-01258,RET-01258,766,2,0
BUR-01259,RET-01259,629,3,1
BUR-01260,RET-01260,875,1,3
BUR-01261,RET-01261,513,2,0
BUR-01262,RET-01262,647,4,3
BUR-01263,RET-01263,732,4,0
BUR-01264,RET-01264,783,2,0
BUR-01265,RET-01265,581,1,1
BUR-01266,RET-01266,627,3,1
BUR-01267,RET-01267,748,1,1
BUR-01268,RET-01268,801,1,1
BUR-01269,RET-01269,865,0,1
BUR-01270,RET-01270,709,0,1
BUR-01271,RET-01271,687,1,0
BUR-01272,RET-01272,758,2,0
BUR-01273,RET-01273,682,1,1
BUR-01274,RET-01274,760,3,1
BUR-01275,RET-01275,794,4,1
BUR-01276,RET-01276,615,2,1
BUR-01277,RET-01277,698,2,1
BUR-01278,RET-01278,647,5,1
BUR-01279,RET-01279,823,2,0
BUR-01280,RET-01280,661,3,0
BUR-01281,RET-01281,841,0,0
BUR-01282,RET-01282,803,5,0
BUR-01283,RET-01283,788,1,0
BUR-01284,RET-01284,817,4,0
BUR-01285,RET-01285,723,1,0
BUR-01286,RET-01286,760,1,0
BUR-01287,RET-01287,853,1,1
BUR-01288,RET-01288,868,2,0
BUR-01289,RET-01289,672,3,0
BUR-01290,RET-01290,547,2,1
BUR-01291,RET-01291,707,1,1
BUR-01292,RET-01292,722,0,0
BUR-01293,RET-01293,731,2,0
BUR-01294,RET-01294,634,3,1
BUR-01295,RET-01295,799,2,2
BUR-01296,RET-01296,625,2,0
BUR-01297,RET-01297,777,1,0
BUR-01298,RET-01298,671,1,0
BUR-01299,RET-01299,613,3,0
BUR-01300,RET-01300,806,3,0
BUR-01301,RET-01301,656,3,3
BUR-01302,RET-01302,764,3,1
BUR-01303,RET-01303,778,3,1
BUR-01304,RET-01304,657,2,0
BUR-01305,RET-01305,701,4,0
BUR-01306,RET-01306,573,5,1
BUR-01307,RET-01307,779,1,1
BUR-01308,RET-01308,673,2,0
BUR-01309,RET-01309,736,2,2
BUR-01310,RET-01310,712,2,0
BUR-01311,RET-01311,633,3,0
BUR-01312,RET-01312,587,1,1
BUR-01313,RET-01313,770,4,0
BUR-01314,RET-01314,641,0,1
BUR-01315,RET-01315,701,0,0
BUR-01316,RET-01316,650,0,0
BUR-01317,RET-01317,661,2,0
BUR-01318,RET-01318,838,1,0
BUR-01319,RET-01319,578,1,0
BUR-01320,RET-01320,859,1,0
BUR-01321,RET-01321,713,3,1
BUR-01322,RET-01322,882,2,0
BUR-01323,RET-01323,732,1,1
BUR-01324,RET-01324,661,2,2
BUR-01325,RET-01325,567,1,0
BUR-01326,RET-01326,666,2,0
BUR-01327,RET-01327,642,1,2
BUR-01328,RET-01328,748,2,1
BUR-01329,RET-01329,755,0,0
BUR-01330,RET-01330,509,1,0
BUR-01331,RET-01331,782,8,1
BUR-01332,RET-01332,673,2,0
BUR-01333,RET-01333,780,2,0
BUR-01334,RET-01334,656,0,0
BUR-01335,RET-01335,763,2,1
BUR-01336,RET-01336,793,1,0
BUR-01337,RET-01337,853,0,0
BUR-01338,RET-01338,573,0,1
BUR-01339,RET-01339,614,1,0
BUR-01340,RET-01340,860,0,0
BUR-01341,RET-01341,761,3,0
BUR-01342,RET-01342,700,3,0
BUR-01343,RET-01343,729,3,0
BUR-01344,RET-01344,747,2,0
BUR-01345,RET-01345,659,3,0
BUR-01346,RET-01346,563,6,1
BUR-01347,RET-01347,844,4,0
BUR-01348,RET-01348,637,6,0
BUR-01349,RET-01349,646,3,0
BUR-01350,RET-01350,870,2,0
BUR-01351,RET-01351,789,2,1
BUR-01352,RET-01352,741,3,0
BUR-01353,RET-01353,665,0,1
BUR-01354,RET-01354,804,2,0
BUR-01355,RET-01355,746,2,1
BUR-01356,RET-01356,862,2,1
BUR-01357,RET-01357,780,1,0
BUR-01358,RET-01358,808,2,0
BUR-01359,RET-01359,705,3,0
BUR-01360,RET-01360,683,1,0
BUR-01361,RET-01361,591,2,0
BUR-01362,RET-01362,666,0,1
BUR-01363,RET-01363,675,1,1
BUR-01364,RET-01364,783,2,0
BUR-01365,RET-01365,701,2,0
BUR-01366,RET-01366,717,1,0
BUR-01367,RET-01367,709,5,0
BUR-01368,RET-01368,778,4,2
BUR-01369,RET-01369,617,4,0
BUR-01370,RET-01370,673,2,1
BUR-01371,RET-01371,777,3,0
BUR-01372,RET-01372,842,0,1
BUR-01373,RET-01373,580,2,0
BUR-01374,RET-01374,762,1,1
BUR-01375,RET-01375,795,2,0
BUR-01376,RET-01376,743,0,1
BUR-01377,RET-01377,835,1,2
BUR-01378,RET-01378,866,4,0
BUR-01379,RET-01379,739,2,3
BUR-01380,RET-01380,861,1,0
BUR-01381,RET-01381,567,0,0
BUR-01382,RET-01382,760,1,2
BUR-01383,RET-01383,739,1,0
BUR-01384,RET-01384,790,1,0
BUR-01385,RET-01385,644,1,1
BUR-01386,RET-01386,661,0,1
BUR-01387,RET-01387,547,0,0
BUR-01388,RET-01388,821,1,1
BUR-01389,RET-01389,687,2,1
BUR-01390,RET-01390,528,4,0
BUR-01391,RET-01391,673,4,0
BUR-01392,RET-01392,735,6,0
BUR-01393,RET-01393,815,4,1
BUR-01394,RET-01394,756,1,1
BUR-01395,RET-01395,726,1,0
BUR-01396,RET-01396,730,2,0
BUR-01397,RET-01397,583,3,1
BUR-01398,RET-01398,802,2,1
BUR-01399,RET-01399,725,3,1
BUR-01400,RET-01400,753,1,1
BUR-01401,RET-01401,784,0,1
BUR-01402,RET-01402,743,5,1
BUR-01403,RET-01403,893,1,2
BUR-01404,RET-01404,792,3,3
BUR-01405,RET-01405,507,3,1
BUR-01406,RET-01406,677,0,1
BUR-01407,RET-01407,692,0,1
BUR-01408,RET-01408,776,3,0
BUR-01409,RET-01409,571,2,1
BUR-01410,RET-01410,776,5,0
BUR-01411,RET-01411,562,2,3
BUR-01412,RET-01412,610,1,0
BUR-01413,RET-01413,809,1,0
BUR-01414,RET-01414,809,2,0
BUR-01415,RET-01415,867,2,1
BUR-01416,RET-01416,507,2,1
BUR-01417,RET-01417,654,0,0
BUR-01418,RET-01418,718,2,2
BUR-01419,RET-01419,719,2,1
BUR-01420,RET-01420,831,1,1
BUR-01421,RET-01421,807,3,1
BUR-01422,RET-01422,730,2,0
BUR-01423,RET-01423,714,4,1
BUR-01424,RET-01424,765,2,0
BUR-01425,RET-01425,670,1,1
BUR-01426,RET-01426,744,1,0
BUR-01427,RET-01427,804,1,1
BUR-01428,RET-01428,783,2,1
BUR-01429,RET-01429,807,1,0
BUR-01430,RET-01430,741,1,1
BUR-01431,RET-01431,640,3,1
BUR-01432,RET-01432,839,2,0
BUR-01433,RET-01433,618,5,1
BUR-01434,RET-01434,751,1,0
BUR-01435,RET-01435,797,3,0
BUR-01436,RET-01436,617,2,1
BUR-01437,RET-01437,822,6,0
BUR-01438,RET-01438,805,4,1
BUR-01439,RET-01439,848,1,0
BUR-01440,RET-01440,724,2,0
BUR-01441,RET-01441,809,2,1
BUR-01442,RET-01442,571,1,0
BUR-01443,RET-01443,744,3,0
BUR-01444,RET-01444,701,2,1
BUR-01445,RET-01445,717,1,0
BUR-01446,RET-01446,853,1,0
BUR-01447,RET-01447,620,0,1
BUR-01448,RET-01448,750,1,0
BUR-01449,RET-01449,799,4,1
BUR-01450,RET-01450,433,4,0
BUR-01451,RET-01451,816,1,1
BUR-01452,RET-01452,651,1,0
BUR-01453,RET-01453,522,1,1
BUR-01454,RET-01454,732,1,1
BUR-01455,RET-01455,834,5,0
BUR-01456,RET-01456,805,3,1
BUR-01457,RET-01457,791,1,0
BUR-01458,RET-01458,799,1,0
BUR-01459,RET-01459,768,3,0
BUR-01460,RET-01460,736,3,0
BUR-01461,RET-01461,742,2,1
BUR-01462,RET-01462,769,5,0
BUR-01463,RET-01463,841,0,1
BUR-01464,RET-01464,476,2,1
BUR-01465,RET-01465,753,1,0
BUR-01466,RET-01466,628,2,0
BUR-01467,RET-01467,775,0,2
BUR-01468,RET-01468,700,4,1
BUR-01469,RET-01469,778,2,0
BUR-01470,RET-01470,711,2,0
BUR-01471,RET-01471,577,1,0
BUR-01472,RET-01472,710,1,3
BUR-01473,RET-01473,658,2,1
BUR-01474,RET-01474,702,1,0
BUR-01475,RET-01475,568,1,0
BUR-01476,RET-01476,723,1,0
BUR-01477,RET-01477,674,3,0
BUR-01478,RET-01478,754,0,1
BUR-01479,RET-01479,850,2,0
BUR-01480,RET-01480,818,3,0
BUR-01481,RET-01481,651,2,1
BUR-01482,RET-01482,892,3,0
BUR-01483,RET-01483,795,3,0
BUR-01484,RET-01484,773,2,2
BUR-01485,RET-01485,645,2,0
BUR-01486,RET-01486,723,2,0
BUR-01487,RET-01487,759,3,1
BUR-01488,RET-01488,824,1,1
BUR-01489,RET-01489,804,0,0
BUR-01490,RET-01490,816,4,0
BUR-01491,RET-01491,824,4,0
BUR-01492,RET-01492,882,2,0
BUR-01493,RET-01493,582,2,0
BUR-01494,RET-01494,716,4,0
BUR-01495,RET-01495,767,5,1
BUR-01496,RET-01496,646,0,1
BUR-01497,RET-01497,793,2,0
BUR-01498,RET-01498,836,2,1
BUR-01499,RET-01499,697,2,0
BUR-01500,RET-01500,829,3,0
BUR-01501,RET-01501,815,1,1
BUR-01502,RET-01502,732,3,0
BUR-01503,RET-01503,782,3,0
BUR-01504,RET-01504,865,4,0
BUR-01505,RET-01505,793,1,0
BUR-01506,RET-01506,626,0,1
BUR-01507,RET-01507,748,3,2
BUR-01508,RET-01508,799,2,1
BUR-01509,RET-01509,638,5,1
BUR-01510,RET-01510,852,0,2
BUR-01511,RET-01511,488,2,0
BUR-01512,RET-01512,792,1,0
BUR-01513,RET-01513,674,2,0
BUR-01514,RET-01514,765,0,0
BUR-01515,RET-01515,458,3,0
BUR-01516,RET-01516,836,2,0
BUR-01517,RET-01517,495,1,0
BUR-01518,RET-01518,763,1,0
BUR-01519,RET-01519,680,2,1
BUR-01520,RET-01520,814,3,0
BUR-01521,RET-01521,603,7,1
BUR-01522,RET-01522,774,2,1
BUR-01523,RET-01523,640,2,0
BUR-01524,RET-01524,730,2,0
BUR-01525,RET-01525,591,5,0
BUR-01526,RET-01526,720,3,1
BUR-01527,RET-01527,810,6,0
BUR-01528,RET-01528,711,2,0
BUR-01529,RET-01529,781,3,1
BUR-01530,RET-01530,819,5,0
BUR-01531,RET-01531,598,2,0
BUR-01532,RET-01532,889,4,0
BUR-01533,RET-01533,691,3,1
BUR-01534,RET-01534,583,3,0
BUR-01535,RET-01535,663,4,1
BUR-01536,RET-01536,509,4,0
BUR-01537,RET-01537,834,6,0
BUR-01538,RET-01538,761,4,1
BUR-01539,RET-01539,634,1,0
BUR-01540,RET-01540,801,1,0
BUR-01541,RET-01541,778,2,1
BUR-01542,RET-01542,761,1,0
BUR-01543,RET-01543,669,1,0
BUR-01544,RET-01544,814,2,2
BUR-01545,RET-01545,549,1,1
BUR-01546,RET-01546,819,2,0
BUR-01547,RET-01547,690,2,0
BUR-01548,RET-01548,810,4,1
BUR-01549,RET-01549,745,1,1
BUR-01550,RET-01550,744,4,1
BUR-01551,RET-01551,750,4,0
BUR-01552,RET-01552,652,0,0
BUR-01553,RET-01553,725,3,0
BUR-01554,RET-01554,640,1,0
BUR-01555,RET-01555,725,2,0
BUR-01556,RET-01556,618,1,0
BUR-01557,RET-01557,660,1,1
BUR-01558,RET-01558,812,0,1
BUR-01559,RET-01559,777,2,0
BUR-01560,RET-01560,720,0,0
BUR-01561,RET-01561,658,1,0
BUR-01562,RET-01562,744,2,0
BUR-01563,RET-01563,648,0,0
BUR-01564,RET-01564,579,2,1
BUR-01565,RET-01565,599,1,0
BUR-01566,RET-01566,833,3,0
BUR-01567,RET-01567,829,3,0
BUR-01568,RET-01568,735,0,0
BUR-01569,RET-01569,685,2,1
BUR-01570,RET-01570,651,2,0
BUR-01571,RET-01571,728,0,0
BUR-01572,RET-01572,793,1,2
BUR-01573,RET-01573,759,1,0
BUR-01574,RET-01574,680,4,1
BUR-01575,RET-01575,677,3,2
BUR-01576,RET-01576,842,2,0
BUR-01577,RET-01577,722,1,0
BUR-01578,RET-01578,822,1,0
BUR-01579,RET-01579,526,4,1
BUR-01580,RET-01580,753,2,0
BUR-01581,RET-01581,851,3,1
BUR-01582,RET-01582,795,2,2
BUR-01583,RET-01583,584,1,0
BUR-01584,RET-01584,872,2,1
BUR-01585,RET-01585,821,1,0
BUR-01586,RET-01586,638,0,0
BUR-01587,RET-01587,650,2,1
BUR-01588,RET-01588,618,1,0
BUR-01589,RET-01589,688,2,0
BUR-01590,RET-01590,707,1,0
BUR-01591,RET-01591,727,3,0
BUR-01592,RET-01592,674,5,0
BUR-01593,RET-01593,866,3,2
BUR-01594,RET-01594,790,2,0
BUR-01595,RET-01595,798,1,1
BUR-01596,RET-01596,505,2,1
BUR-01597,RET-01597,599,3,1
BUR-01598,RET-01598,656,4,0
BUR-01599,RET-01599,804,2,0
BUR-01600,RET-01600,585,3,0
BUR-01601,RET-01601,783,0,0
BUR-01602,RET-01602,565,2,0
BUR-01603,RET-01603,742,5,0
BUR-01604,RET-01604,634,3,0
BUR-01605,RET-01605,851,2,2
BUR-01606,RET-01606,518,3,1
BUR-01607,RET-01607,839,4,0
BUR-01608,RET-01608,656,1,1
BUR-01609,RET-01609,653,1,0
BUR-01610,RET-01610,738,2,1
BUR-01611,RET-01611,786,3,3
BUR-01612,RET-01612,809,2,0
BUR-01613,RET-01613,838,0,0
BUR-01614,RET-01614,741,4,0
BUR-01615,RET-01615,734,1,1
BUR-01616,RET-01616,559,2,0
BUR-01617,RET-01617,832,5,0
BUR-01618,RET-01618,760,3,1
BUR-01619,RET-01619,719,2,2
BUR-01620,RET-01620,687,1,0
BUR-01621,RET-01621,730,2,0
BUR-01622,RET-01622,789,1,1
BUR-01623,RET-01623,722,5,0
BUR-01624,RET-01624,622,1,0
BUR-01625,RET-01625,837,2,1
BUR-01626,RET-01626,664,2,0
BUR-01627,RET-01627,675,3,0
BUR-01628,RET-01628,753,2,0
BUR-01629,RET-01629,525,2,0
BUR-01630,RET-01630,687,2,2
BUR-01631,RET-01631,801,1,0
BUR-01632,RET-01632,789,1,0
BUR-01633,RET-01633,673,3,1
BUR-01634,RET-01634,808,3,1
BUR-01635,RET-01635,643,3,1
BUR-01636,RET-01636,878,4,1
BUR-01637,RET-01637,783,0,2
BUR-01638,RET-01638,828,0,1
BUR-01639,RET-01639,831,1,0
BUR-01640,RET-01640,665,1,0
BUR-01641,RET-01641,719,1,0
BUR-01642,RET-01642,822,3,0
BUR-01643,RET-01643,849,4,0
BUR-01644,RET-01644,767,3,0
BUR-01645,RET-01645,652,2,0
BUR-01646,RET-01646,682,2,0
BUR-01647,RET-01647,765,1,0
BUR-01648,RET-01648,754,1,2
BUR-01649,RET-01649,671,2,0
BUR-01650,RET-01650,899,3,0
BUR-01651,RET-01651,705,2,2
BUR-01652,RET-01652,606,5,1
BUR-01653,RET-01653,776,1,0
BUR-01654,RET-01654,808,0,0
BUR-01655,RET-01655,781,0,0
BUR-01656,RET-01656,698,1,1
BUR-01657,RET-01657,785,1,1
BUR-01658,RET-01658,780,4,1
BUR-01659,RET-01659,609,3,0
BUR-01660,RET-01660,635,5,0
BUR-01661,RET-01661,769,3,0
BUR-01662,RET-01662,786,5,0
BUR-01663,RET-01663,733,5,1
BUR-01664,RET-01664,778,2,1
BUR-01665,RET-01665,847,3,1
BUR-01666,RET-01666,848,0,0
BUR-01667,RET-01667,638,5,0
BUR-01668,RET-01668,662,1,1
BUR-01669,RET-01669,673,3,0
BUR-01670,RET-01670,764,2,0
BUR-01671,RET-01671,589,3,1
BUR-01672,RET-01672,745,1,0
BUR-01673,RET-01673,764,1,1
BUR-01674,RET-01674,573,4,2
BUR-01675,RET-01675,630,2,0
BUR-01676,RET-01676,895,2,1
BUR-01677,RET-01677,792,4,1
BUR-01678,RET-01678,417,3,0
BUR-01679,RET-01679,871,2,0
BUR-01680,RET-01680,677,1,0
BUR-01681,RET-01681,656,2,0
BUR-01682,RET-01682,791,5,2
BUR-01683,RET-01683,842,2,1
BUR-01684,RET-01684,856,0,0
BUR-01685,RET-01685,850,4,0
BUR-01686,RET-01686,594,3,1
BUR-01687,RET-01687,778,3,1
BUR-01688,RET-01688,663,0,0
BUR-01689,RET-01689,808,3,0
BUR-01690,RET-01690,524,3,0
BUR-01691,RET-01691,631,2,0
BUR-01692,RET-01692,805,2,0
BUR-01693,RET-01693,828,2,1
BUR-01694,RET-01694,859,0,1
BUR-01695,RET-01695,615,2,1
BUR-01696,RET-01696,813,3,1
BUR-01697,RET-01697,512,1,0
BUR-01698,RET-01698,693,5,0
BUR-01699,RET-01699,764,3,0
BUR-01700,RET-01700,801,2,0
BUR-01701,RET-01701,649,2,0
BUR-01702,RET-01702,751,1,0
BUR-01703,RET-01703,678,2,1
BUR-01704,RET-01704,829,1,1
BUR-01705,RET-01705,741,1,0
BUR-01706,RET-01706,657,1,1
BUR-01707,RET-01707,556,2,0
BUR-01708,RET-01708,888,1,0
BUR-01709,RET-01709,782,3,0
BUR-01710,RET-01710,822,1,0
BUR-01711,RET-01711,770,1,0
BUR-01712,RET-01712,619,4,0
BUR-01713,RET-01713,743,3,0
BUR-01714,RET-01714,762,2,0
BUR-01715,RET-01715,848,3,0
BUR-01716,RET-01716,589,0,1
BUR-01717,RET-01717,663,4,0
BUR-01718,RET-01718,696,1,2
BUR-01719,RET-01719,535,1,0
BUR-01720,RET-01720,820,3,0
BUR-01721,RET-01721,792,2,0
BUR-01722,RET-01722,713,2,2
BUR-01723,RET-01723,688,2,0
BUR-01724,RET-01724,779,1,0
BUR-01725,RET-01725,689,0,0
BUR-01726,RET-01726,742,3,0
BUR-01727,RET-01727,831,5,0
BUR-01728,RET-01728,809,0,1
BUR-01729,RET-01729,859,1,1
BUR-01730,RET-01730,706,3,1
BUR-01731,RET-01731,696,1,0
BUR-01732,RET-01732,834,1,0
BUR-01733,RET-01733,726,1,0
BUR-01734,RET-01734,831,2,1
BUR-01735,RET-01735,770,1,1
BUR-01736,RET-01736,842,1,0
BUR-01737,RET-01737,840,0,0
BUR-01738,RET-01738,532,1,2
BUR-01739,RET-01739,603,3,3
BUR-01740,RET-01740,706,0,0
BUR-01741,RET-01741,748,4,2
BUR-01742,RET-01742,642,4,1
BUR-01743,RET-01743,745,3,2
BUR-01744,RET-01744,711,7,0
BUR-01745,RET-01745,824,0,0
BUR-01746,RET-01746,719,1,1
BUR-01747,RET-01747,817,3,0
BUR-01748,RET-01748,810,2,0
BUR-01749,RET-01749,857,1,0
BUR-01750,RET-01750,612,4,1
BUR-01751,RET-01751,652,0,1
BUR-01752,RET-01752,847,0,0
BUR-01753,RET-01753,542,2,0
BUR-01754,RET-01754,828,2,0
BUR-01755,RET-01755,568,4,2
BUR-01756,RET-01756,749,4,2
BUR-01757,RET-01757,784,4,1
BUR-01758,RET-01758,584,0,0
BUR-01759,RET-01759,570,6,0
BUR-01760,RET-01760,820,0,1
BUR-01761,RET-01761,631,2,1
BUR-01762,RET-01762,708,3,1
BUR-01763,RET-01763,798,0,0
BUR-01764,RET-01764,737,1,1
BUR-01765,RET-01765,727,0,0
BUR-01766,RET-01766,591,4,0
BUR-01767,RET-01767,771,5,1
BUR-01768,RET-01768,819,2,0
BUR-01769,RET-01769,677,3,0
BUR-01770,RET-01770,649,0,1
BUR-01771,RET-01771,675,0,3
BUR-01772,RET-01772,718,1,0
BUR-01773,RET-01773,684,5,0
BUR-01774,RET-01774,805,0,2
BUR-01775,RET-01775,770,3,1
BUR-01776,RET-01776,815,0,0
BUR-01777,RET-01777,820,1,1
BUR-01778,RET-01778,721,0,2
BUR-01779,RET-01779,463,1,0
BUR-01780,RET-01780,660,6,2
BUR-01781,RET-01781,747,1,0
BUR-01782,RET-01782,584,2,0
BUR-01783,RET-01783,659,2,0
BUR-01784,RET-01784,683,3,0
BUR-01785,RET-01785,840,1,0
BUR-01786,RET-01786,628,3,0
BUR-01787,RET-01787,468,0,0
BUR-01788,RET-01788,848,2,0
BUR-01789,RET-01789,617,3,0
BUR-01790,RET-01790,866,4,1
BUR-01791,RET-01791,844,2,0
BUR-01792,RET-01792,747,2,0
BUR-01793,RET-01793,793,1,0
BUR-01794,RET-01794,706,2,1
BUR-01795,RET-01795,779,1,0
BUR-01796,RET-01796,596,1,1
BUR-01797,RET-01797,811,5,1
BUR-01798,RET-01798,784,4,1
BUR-01799,RET-01799,693,0,1
BUR-01800,RET-01800,543,1,0
BUR-01801,RET-01801,662,0,0
BUR-01802,RET-01802,750,3,0
BUR-01803,RET-01803,830,1,0
BUR-01804,RET-01804,573,4,0
BUR-01805,RET-01805,770,2,1
BUR-01806,RET-01806,819,0,0
BUR-01807,RET-01807,815,1,0
BUR-01808,RET-01808,888,1,2
BUR-01809,RET-01809,855,0,0
BUR-01810,RET-01810,669,2,0
BUR-01811,RET-01811,796,3,0
BUR-01812,RET-01812,844,2,0
BUR-01813,RET-01813,745,4,0
BUR-01814,RET-01814,758,4,0
BUR-01815,RET-01815,776,1,0
BUR-01816,RET-01816,760,4,0
BUR-01817,RET-01817,776,3,1
BUR-01818,RET-01818,833,2,0
BUR-01819,RET-01819,568,4,1
BUR-01820,RET-01820,707,2,0
BUR-01821,RET-01821,884,2,0
BUR-01822,RET-01822,758,1,0
BUR-01823,RET-01823,739,1,0
BUR-01824,RET-01824,841,4,3
BUR-01825,RET-01825,671,2,0
BUR-01826,RET-01826,868,3,0
BUR-01827,RET-01827,696,1,1
BUR-01828,RET-01828,838,5,2
BUR-01829,RET-01829,726,0,0
BUR-01830,RET-01830,836,1,1
BUR-01831,RET-01831,789,3,1
BUR-01832,RET-01832,734,2,2
BUR-01833,RET-01833,705,0,2
BUR-01834,RET-01834,726,2,1
BUR-01835,RET-01835,825,2,2
BUR-01836,RET-01836,717,1,0
BUR-01837,RET-01837,549,4,0
BUR-01838,RET-01838,539,4,1
BUR-01839,RET-01839,578,2,1
BUR-01840,RET-01840,769,1,0
BUR-01841,RET-01841,827,2,0
BUR-01842,RET-01842,560,2,0
BUR-01843,RET-01843,497,2,3
BUR-01844,RET-01844,806,2,1
BUR-01845,RET-01845,782,2,1
BUR-01846,RET-01846,793,2,0
BUR-01847,RET-01847,566,3,0
BUR-01848,RET-01848,765,5,0
BUR-01849,RET-01849,724,4,1
BUR-01850,RET-01850,869,2,0
BUR-01851,RET-01851,861,2,1
BUR-01852,RET-01852,762,3,0
BUR-01853,RET-01853,854,2,1
BUR-01854,RET-01854,754,1,1
BUR-01855,RET-01855,881,3,0
BUR-01856,RET-01856,845,4,2
BUR-01857,RET-01857,724,2,0
BUR-01858,RET-01858,611,3,0
BUR-01859,RET-01859,826,1,0
BUR-01860,RET-01860,433,0,0
BUR-01861,RET-01861,684,0,0
BUR-01862,RET-01862,700,1,0
BUR-01863,RET-01863,754,1,1
BUR-01864,RET-01864,819,3,0
BUR-01865,RET-01865,513,5,0
BUR-01866,RET-01866,726,0,0
BUR-01867,RET-01867,679,1,0
BUR-01868,RET-01868,679,6,0
BUR-01869,RET-01869,782,4,1
BUR-01870,RET-01870,648,2,1
BUR-01871,RET-01871,776,1,1
BUR-01872,RET-01872,800,3,0
BUR-01873,RET-01873,847,6,0
BUR-01874,RET-01874,852,5,0
BUR-01875,RET-01875,697,2,0
BUR-01876,RET-01876,765,2,0
BUR-01877,RET-01877,496,4,1
BUR-01878,RET-01878,790,0,0
BUR-01879,RET-01879,787,2,0
BUR-01880,RET-01880,780,2,1
BUR-01881,RET-01881,620,3,0
BUR-01882,RET-01882,840,1,0
BUR-01883,RET-01883,751,4,0
BUR-01884,RET-01884,669,2,1
BUR-01885,RET-01885,603,2,0
BUR-01886,RET-01886,564,2,0
BUR-01887,RET-01887,894,4,0
BUR-01888,RET-01888,563,2,0
BUR-01889,RET-01889,806,3,1
BUR-01890,RET-01890,864,1,1
BUR-01891,RET-01891,669,1,1
BUR-01892,RET-01892,765,4,0
BUR-01893,RET-01893,648,1,1
BUR-01894,RET-01894,766,2,0
BUR-01895,RET-01895,844,3,0
BUR-01896,RET-01896,549,3,0
BUR-01897,RET-01897,765,5,0
BUR-01898,RET-01898,656,3,0
BUR-01899,RET-01899,772,2,2
BUR-01900,RET-01900,847,3,1
BUR-01901,RET-01901,853,0,0
BUR-01902,RET-01902,658,5,0
BUR-01903,RET-01903,648,1,0
BUR-01904,RET-01904,737,2,1
BUR-01905,RET-01905,806,2,0
BUR-01906,RET-01906,815,2,0
BUR-01907,RET-01907,752,2,0
BUR-01908,RET-01908,837,3,2
BUR-01909,RET-01909,784,1,0
BUR-01910,RET-01910,685,3,3
BUR-01911,RET-01911,790,3,0
BUR-01912,RET-01912,715,1,1
BUR-01913,RET-01913,645,2,0
BUR-01914,RET-01914,601,1,0
BUR-01915,RET-01915,660,4,2
BUR-01916,RET-01916,661,1,2
BUR-01917,RET-01917,657,3,0
BUR-01918,RET-01918,664,1,1
BUR-01919,RET-01919,790,2,0
BUR-01920,RET-01920,765,1,0
BUR-01921,RET-01921,860,2,0
BUR-01922,RET-01922,625,2,1
BUR-01923,RET-01923,808,3,0
BUR-01924,RET-01924,730,0,1
BUR-01925,RET-01925,770,1,0
BUR-01926,RET-01926,730,1,0
BUR-01927,RET-01927,884,1,1
BUR-01928,RET-01928,726,2,0
BUR-01929,RET-01929,759,1,1
BUR-01930,RET-01930,823,2,0
BUR-01931,RET-01931,734,3,0
BUR-01932,RET-01932,716,0,0
BUR-01933,RET-01933,559,4,0
BUR-01934,RET-01934,662,1,1
BUR-01935,RET-01935,727,3,1
BUR-01936,RET-01936,688,1,0
BUR-01937,RET-01937,838,3,0
BUR-01938,RET-01938,609,2,2
BUR-01939,RET-01939,742,3,1
BUR-01940,RET-01940,530,2,2
BUR-01941,RET-01941,733,0,0
BUR-01942,RET-01942,601,1,0
BUR-01943,RET-01943,640,1,0
BUR-01944,RET-01944,671,1,3
BUR-01945,RET-01945,778,4,0
BUR-01946,RET-01946,621,2,0
BUR-01947,RET-01947,603,2,2
BUR-01948,RET-01948,801,4,0
BUR-01949,RET-01949,660,3,0
BUR-01950,RET-01950,798,1,1
BUR-01951,RET-01951,729,0,2
BUR-01952,RET-01952,726,0,0
BUR-01953,RET-01953,589,5,0
BUR-01954,RET-01954,747,4,2
BUR-01955,RET-01955,709,3,0
BUR-01956,RET-01956,828,4,2
BUR-01957,RET-01957,670,2,2
BUR-01958,RET-01958,702,1,0
BUR-01959,RET-01959,616,1,1
BUR-01960,RET-01960,869,1,0
BUR-01961,RET-01961,775,2,0
BUR-01962,RET-01962,782,1,0
BUR-01963,RET-01963,864,0,0
BUR-01964,RET-01964,717,1,0
BUR-01965,RET-01965,818,3,1
BUR-01966,RET-01966,618,2,0
BUR-01967,RET-01967,574,0,0
BUR-01968,RET-01968,834,2,0
BUR-01969,RET-01969,769,0,0
BUR-01970,RET-01970,586,1,0
BUR-01971,RET-01971,773,5,0
BUR-01972,RET-01972,785,1,0
BUR-01973,RET-01973,849,1,0
BUR-01974,RET-01974,880,3,0
BUR-01975,RET-01975,855,1,0
BUR-01976,RET-01976,676,1,1
BUR-01977,RET-01977,755,3,0
BUR-01978,RET-01978,722,1,0
BUR-01979,RET-01979,735,2,0
BUR-01980,RET-01980,551,1,1
BUR-01981,RET-01981,760,3,1
BUR-01982,RET-01982,808,2,0
BUR-01983,RET-01983,828,1,1
BUR-01984,RET-01984,636,2,1
BUR-01985,RET-01985,763,0,1
BUR-01986,RET-01986,770,0,0
BUR-01987,RET-01987,571,3,0
BUR-01988,RET-01988,800,0,0
BUR-01989,RET-01989,817,2,1
BUR-01990,RET-01990,700,1,1
BUR-01991,RET-01991,721,2,0
BUR-01992,RET-01992,673,2,0
BUR-01993,RET-01993,645,3,0
BUR-01994,RET-01994,813,1,0
BUR-01995,RET-01995,703,2,0
BUR-01996,RET-01996,862,5,1
BUR-01997,RET-01997,770,0,0
BUR-01998,RET-01998,621,2,0
BUR-01999,RET-01999,845,5,1
BUR-02000,RET-02000,845,0,0
BUR-02001,RET-02001,869,3,1
BUR-02002,RET-02002,691,1,1
BUR-02003,RET-02003,669,1,1
BUR-02004,RET-02004,708,1,1
BUR-02005,RET-02005,661,1,0
BUR-02006,RET-02006,778,3,0
BUR-02007,RET-02007,676,2,2
BUR-02008,RET-02008,828,2,0
BUR-02009,RET-02009,465,5,0
BUR-02010,RET-02010,804,3,0
BUR-02011,RET-02011,799,1,1
BUR-02012,RET-02012,638,0,0
BUR-02013,RET-02013,808,2,1
BUR-02014,RET-02014,849,3,0
BUR-02015,RET-02015,780,3,1
BUR-02016,RET-02016,775,0,0
BUR-02017,RET-02017,601,2,1
BUR-02018,RET-02018,744,1,1
BUR-02019,RET-02019,813,3,0
BUR-02020,RET-02020,683,2,2
BUR-02021,RET-02021,776,1,1
BUR-02022,RET-02022,737,4,1
BUR-02023,RET-02023,721,1,1
BUR-02024,RET-02024,859,3,0
BUR-02025,RET-02025,824,1,0
BUR-02026,RET-02026,876,1,0
BUR-02027,RET-02027,671,4,1
BUR-02028,RET-02028,826,1,0
BUR-02029,RET-02029,716,1,0
BUR-02030,RET-02030,824,3,0
BUR-02031,RET-02031,715,2,0
BUR-02032,RET-02032,812,1,0
BUR-02033,RET-02033,743,2,1
BUR-02034,RET-02034,572,1,1
BUR-02035,RET-02035,861,0,1
BUR-02036,RET-02036,720,2,1
BUR-02037,RET-02037,838,3,0
BUR-02038,RET-02038,830,0,2
BUR-02039,RET-02039,560,0,1
BUR-02040,RET-02040,777,2,1
BUR-02041,RET-02041,657,0,0
BUR-02042,RET-02042,526,4,0
BUR-02043,RET-02043,657,0,1
BUR-02044,RET-02044,745,3,1
BUR-02045,RET-02045,721,5,1
BUR-02046,RET-02046,823,5,1
BUR-02047,RET-02047,542,2,1
BUR-02048,RET-02048,712,1,0
BUR-02049,RET-02049,638,5,1
BUR-02050,RET-02050,544,2,0
BUR-02051,RET-02051,742,0,0
BUR-02052,RET-02052,825,4,0
BUR-02053,RET-02053,675,1,1
BUR-02054,RET-02054,662,3,3
BUR-02055,RET-02055,863,3,0
BUR-02056,RET-02056,676,4,1
BUR-02057,RET-02057,666,1,2
BUR-02058,RET-02058,832,3,0
BUR-02059,RET-02059,689,2,2
BUR-02060,RET-02060,505,3,0
BUR-02061,RET-02061,727,0,0
BUR-02062,RET-02062,748,0,0
BUR-02063,RET-02063,830,1,1
BUR-02064,RET-02064,703,0,0
BUR-02065,RET-02065,747,5,0
BUR-02066,RET-02066,752,3,1
BUR-02067,RET-02067,628,1,0
BUR-02068,RET-02068,754,0,1
BUR-02069,RET-02069,789,4,1
BUR-02070,RET-02070,860,2,1
BUR-02071,RET-02071,645,1,1
BUR-02072,RET-02072,611,4,0
BUR-02073,RET-02073,748,1,0
BUR-02074,RET-02074,861,3,0
BUR-02075,RET-02075,646,3,1
BUR-02076,RET-02076,798,1,0
BUR-02077,RET-02077,849,0,0
BUR-02078,RET-02078,875,1,0
BUR-02079,RET-02079,747,2,0
BUR-02080,RET-02080,723,3,0
BUR-02081,RET-02081,762,3,1
BUR-02082,RET-02082,712,2,0
BUR-02083,RET-02083,856,6,0
BUR-02084,RET-02084,804,6,0
BUR-02085,RET-02085,847,2,1
BUR-02086,RET-02086,745,1,1
BUR-02087,RET-02087,744,5,1
BUR-02088,RET-02088,684,3,0
BUR-02089,RET-02089,625,3,0
BUR-02090,RET-02090,679,1,0
BUR-02091,RET-02091,723,1,0
BUR-02092,RET-02092,607,4,0
BUR-02093,RET-02093,770,3,1
BUR-02094,RET-02094,820,3,2
BUR-02095,RET-02095,649,5,2
BUR-02096,RET-02096,792,1,0
BUR-02097,RET-02097,536,1,0
BUR-02098,RET-02098,579,1,0
BUR-02099,RET-02099,851,2,0
BUR-02100,RET-02100,797,3,0
BUR-02101,RET-02101,662,3,1
BUR-02102,RET-02102,781,0,0
BUR-02103,RET-02103,755,1,0
BUR-02104,RET-02104,866,3,0
BUR-02105,RET-02105,694,1,1
BUR-02106,RET-02106,775,1,0
BUR-02107,RET-02107,622,3,2
BUR-02108,RET-02108,838,2,1
BUR-02109,RET-02109,693,2,1
BUR-02110,RET-02110,782,0,0
BUR-02111,RET-02111,773,4,0
BUR-02112,RET-02112,821,3,1
BUR-02113,RET-02113,820,2,1
BUR-02114,RET-02114,680,0,2
BUR-02115,RET-02115,596,0,0
BUR-02116,RET-02116,858,2,1
BUR-02117,RET-02117,787,0,0
BUR-02118,RET-02118,638,1,0
BUR-02119,RET-02119,737,0,0
BUR-02120,RET-02120,823,0,0
BUR-02121,RET-02121,815,0,1
BUR-02122,RET-02122,828,2,1
BUR-02123,RET-02123,810,2,0
BUR-02124,RET-02124,870,4,0
BUR-02125,RET-02125,748,1,0
BUR-02126,RET-02126,722,4,2
BUR-02127,RET-02127,703,2,0
BUR-02128,RET-02128,823,2,1
BUR-02129,RET-02129,735,1,0
BUR-02130,RET-02130,544,1,1
BUR-02131,RET-02131,748,1,0
BUR-02132,RET-02132,629,4,0
BUR-02133,RET-02133,802,4,1
BUR-02134,RET-02134,577,1,1
BUR-02135,RET-02135,710,1,0
BUR-02136,RET-02136,707,0,0
BUR-02137,RET-02137,734,5,0
BUR-02138,RET-02138,719,0,1
BUR-02139,RET-02139,781,2,1
BUR-02140,RET-02140,620,0,0
BUR-02141,RET-02141,838,3,0
BUR-02142,RET-02142,562,4,1
BUR-02143,RET-02143,576,4,1
BUR-02144,RET-02144,780,1,0
BUR-02145,RET-02145,616,3,0
BUR-02146,RET-02146,775,2,0
BUR-02147,RET-02147,848,2,2
BUR-02148,RET-02148,747,2,1
BUR-02149,RET-02149,720,3,0
BUR-02150,RET-02150,866,0,0
BUR-02151,RET-02151,721,4,1
BUR-02152,RET-02152,735,2,1
BUR-02153,RET-02153,748,4,0
BUR-02154,RET-02154,720,3,1
BUR-02155,RET-02155,767,0,0
BUR-02156,RET-02156,798,1,2
BUR-02157,RET-02157,867,2,1
BUR-02158,RET-02158,861,2,1
BUR-02159,RET-02159,643,3,0
BUR-02160,RET-02160,795,0,0
BUR-02161,RET-02161,545,2,1
BUR-02162,RET-02162,761,2,0
BUR-02163,RET-02163,841,2,0
BUR-02164,RET-02164,847,4,1
BUR-02165,RET-02165,734,2,1
BUR-02166,RET-02166,643,0,1
BUR-02167,RET-02167,620,4,1
BUR-02168,RET-02168,585,2,0
BUR-02169,RET-02169,851,3,0
BUR-02170,RET-02170,743,3,0
BUR-02171,RET-02171,757,0,0
BUR-02172,RET-02172,809,2,1
BUR-02173,RET-02173,665,3,1
BUR-02174,RET-02174,829,1,0
BUR-02175,RET-02175,866,1,1
BUR-02176,RET-02176,770,3,0
BUR-02177,RET-02177,501,2,2
BUR-02178,RET-02178,647,0,0
BUR-02179,RET-02179,851,3,0
BUR-02180,RET-02180,746,2,1
BUR-02181,RET-02181,808,1,0
BUR-02182,RET-02182,537,2,0
BUR-02183,RET-02183,658,2,1
BUR-02184,RET-02184,869,2,1
BUR-02185,RET-02185,749,1,0
BUR-02186,RET-02186,853,2,0
BUR-02187,RET-02187,675,3,0
BUR-02188,RET-02188,700,4,0
BUR-02189,RET-02189,776,1,1
BUR-02190,RET-02190,763,4,0
BUR-02191,RET-02191,704,2,1
BUR-02192,RET-02192,657,2,0
BUR-02193,RET-02193,726,2,0
BUR-02194,RET-02194,797,4,0
BUR-02195,RET-02195,598,2,0
BUR-02196,RET-02196,819,2,0
BUR-02197,RET-02197,640,4,1
BUR-02198,RET-02198,726,0,0
BUR-02199,RET-02199,822,1,0
BUR-02200,RET-02200,806,1,0
BUR-02201,RET-02201,745,3,0
BUR-02202,RET-02202,608,1,0
BUR-02203,RET-02203,676,1,0
BUR-02204,RET-02204,622,0,1
BUR-02205,RET-02205,652,1,1
BUR-02206,RET-02206,841,3,0
BUR-02207,RET-02207,816,3,1
BUR-02208,RET-02208,801,0,1
BUR-02209,RET-02209,811,2,3
BUR-02210,RET-02210,722,3,2
BUR-02211,RET-02211,842,0,0
BUR-02212,RET-02212,873,2,1
BUR-02213,RET-02213,710,0,0
BUR-02214,RET-02214,727,3,1
BUR-02215,RET-02215,736,4,0
BUR-02216,RET-02216,683,2,2
BUR-02217,RET-02217,702,1,0
BUR-02218,RET-02218,671,2,0
BUR-02219,RET-02219,424,2,1
BUR-02220,RET-02220,783,4,1
BUR-02221,RET-02221,683,2,0
BUR-02222,RET-02222,789,0,0
BUR-02223,RET-02223,791,0,1
BUR-02224,RET-02224,822,1,2
BUR-02225,RET-02225,651,1,1
BUR-02226,RET-02226,798,1,0
BUR-02227,RET-02227,795,0,0
BUR-02228,RET-02228,753,2,0
BUR-02229,RET-02229,874,0,0
BUR-02230,RET-02230,782,4,0
BUR-02231,RET-02231,679,3,1
BUR-02232,RET-02232,746,1,0
BUR-02233,RET-02233,687,3,3
BUR-02234,RET-02234,754,1,1
BUR-02235,RET-02235,734,1,0
BUR-02236,RET-02236,665,0,1
BUR-02237,RET-02237,784,2,0
BUR-02238,RET-02238,627,1,0
BUR-02239,RET-02239,697,2,0
BUR-02240,RET-02240,787,1,0
BUR-02241,RET-02241,666,2,0
BUR-02242,RET-02242,747,1,0
BUR-02243,RET-02243,708,3,0
BUR-02244,RET-02244,791,1,0
BUR-02245,RET-02245,793,2,1
BUR-02246,RET-02246,817,3,1
BUR-02247,RET-02247,802,3,0
BUR-02248,RET-02248,704,3,0
BUR-02249,RET-02249,709,2,0
BUR-02250,RET-02250,733,2,1
BUR-02251,RET-02251,769,2,1
BUR-02252,RET-02252,800,2,0
BUR-02253,RET-02253,681,3,0
BUR-02254,RET-02254,546,2,0
BUR-02255,RET-02255,689,1,0
BUR-02256,RET-02256,816,3,0
BUR-02257,RET-02257,597,2,0
BUR-02258,RET-02258,686,2,0
BUR-02259,RET-02259,838,5,1
BUR-02260,RET-02260,747,2,1
BUR-02261,RET-02261,714,4,0
BUR-02262,RET-02262,785,1,0
BUR-02263,RET-02263,718,1,0
BUR-02264,RET-02264,685,1,0
BUR-02265,RET-02265,865,2,0
BUR-02266,RET-02266,805,1,0
BUR-02267,RET-02267,756,1,0
BUR-02268,RET-02268,845,2,2
BUR-02269,RET-02269,650,0,0
BUR-02270,RET-02270,757,1,2
BUR-02271,RET-02271,499,2,0
BUR-02272,RET-02272,594,1,0
BUR-02273,RET-02273,725,4,0
BUR-02274,RET-02274,764,4,0
BUR-02275,RET-02275,651,0,0
BUR-02276,RET-02276,866,2,1
BUR-02277,RET-02277,661,2,0
BUR-02278,RET-02278,748,2,1
BUR-02279,RET-02279,622,3,1
BUR-02280,RET-02280,565,1,1
BUR-02281,RET-02281,849,2,0
BUR-02282,RET-02282,683,4,1
BUR-02283,RET-02283,839,3,0
BUR-02284,RET-02284,552,1,1
BUR-02285,RET-02285,757,1,1
BUR-02286,RET-02286,716,6,0
BUR-02287,RET-02287,780,1,0
BUR-02288,RET-02288,855,2,2
BUR-02289,RET-02289,779,5,0
BUR-02290,RET-02290,649,3,1
BUR-02291,RET-02291,673,2,1
BUR-02292,RET-02292,805,3,2
BUR-02293,RET-02293,546,5,1
BUR-02294,RET-02294,658,0,0
BUR-02295,RET-02295,496,1,1
BUR-02296,RET-02296,700,1,0
BUR-02297,RET-02297,840,1,2
BUR-02298,RET-02298,826,0,1
BUR-02299,RET-02299,550,2,0
BUR-02300,RET-02300,827,3,0
BUR-02301,RET-02301,583,1,0
BUR-02302,RET-02302,588,2,1
BUR-02303,RET-02303,824,4,0
BUR-02304,RET-02304,815,1,0
BUR-02305,RET-02305,762,5,1
BUR-02306,RET-02306,811,4,0
BUR-02307,RET-02307,844,2,0
BUR-02308,RET-02308,629,1,1
BUR-02309,RET-02309,736,2,0
BUR-02310,RET-02310,664,1,0
BUR-02311,RET-02311,860,2,0
BUR-02312,RET-02312,846,3,0
BUR-02313,RET-02313,881,3,0
BUR-02314,RET-02314,687,1,0
BUR-02315,RET-02315,739,2,1
BUR-02316,RET-02316,847,1,1
BUR-02317,RET-02317,533,4,1
BUR-02318,RET-02318,726,2,0
BUR-02319,RET-02319,737,4,0
BUR-02320,RET-02320,844,1,1
BUR-02321,RET-02321,764,4,0
BUR-02322,RET-02322,735,2,0
BUR-02323,RET-02323,865,5,1
BUR-02324,RET-02324,456,4,1
BUR-02325,RET-02325,629,2,0
BUR-02326,RET-02326,744,2,0
BUR-02327,RET-02327,782,4,1
BUR-02328,RET-02328,842,0,1
BUR-02329,RET-02329,669,0,0
BUR-02330,RET-02330,871,2,0
BUR-02331,RET-02331,852,2,1
BUR-02332,RET-02332,466,0,0
BUR-02333,RET-02333,491,3,0
BUR-02334,RET-02334,624,4,0
BUR-02335,RET-02335,587,2,0
BUR-02336,RET-02336,660,1,3
BUR-02337,RET-02337,752,2,1
BUR-02338,RET-02338,721,6,0
BUR-02339,RET-02339,502,1,1
BUR-02340,RET-02340,598,2,0
BUR-02341,RET-02341,742,1,0
BUR-02342,RET-02342,713,1,0
BUR-02343,RET-02343,645,2,1
BUR-02344,RET-02344,804,3,1
BUR-02345,RET-02345,777,2,0
BUR-02346,RET-02346,702,1,0
BUR-02347,RET-02347,763,3,1
BUR-02348,RET-02348,531,1,1
BUR-02349,RET-02349,790,2,1
BUR-02350,RET-02350,856,4,0
BUR-02351,RET-02351,789,2,1
BUR-02352,RET-02352,789,2,0
BUR-02353,RET-02353,720,3,1
BUR-02354,RET-02354,600,2,0
BUR-02355,RET-02355,830,3,0
BUR-02356,RET-02356,631,4,0
BUR-02357,RET-02357,857,2,0
BUR-02358,RET-02358,775,1,1
BUR-02359,RET-02359,860,3,2
BUR-02360,RET-02360,569,4,1
BUR-02361,RET-02361,736,0,0
BUR-02362,RET-02362,579,1,1
BUR-02363,RET-02363,617,2,1
BUR-02364,RET-02364,815,1,0
BUR-02365,RET-02365,869,5,0
BUR-02366,RET-02366,721,1,0
BUR-02367,RET-02367,854,1,1
BUR-02368,RET-02368,827,1,0
BUR-02369,RET-02369,701,3,0
BUR-02370,RET-02370,667,6,0
BUR-02371,RET-02371,589,0,1
BUR-02372,RET-02372,648,1,0
BUR-02373,RET-02373,689,1,2
BUR-02374,RET-02374,844,2,0
BUR-02375,RET-02375,833,0,0
BUR-02376,RET-02376,759,0,2
BUR-02377,RET-02377,749,3,1
BUR-02378,RET-02378,758,4,2
BUR-02379,RET-02379,606,1,0
BUR-02380,RET-02380,652,4,0
BUR-02381,RET-02381,865,0,1
BUR-02382,RET-02382,841,0,0
BUR-02383,RET-02383,746,1,1
BUR-02384,RET-02384,555,0,1
BUR-02385,RET-02385,818,2,1
BUR-02386,RET-02386,663,3,0
BUR-02387,RET-02387,721,1,0
BUR-02388,RET-02388,629,1,1
BUR-02389,RET-02389,594,0,0
BUR-02390,RET-02390,785,1,0
BUR-02391,RET-02391,749,2,0
BUR-02392,RET-02392,725,5,1
BUR-02393,RET-02393,551,3,0
BUR-02394,RET-02394,687,1,0
BUR-02395,RET-02395,820,2,0
BUR-02396,RET-02396,759,4,0
BUR-02397,RET-02397,815,1,0
BUR-02398,RET-02398,626,1,1
BUR-02399,RET-02399,877,2,0
BUR-02400,RET-02400,867,3,0
BUR-02401,RET-02401,851,5,0
BUR-02402,RET-02402,688,3,0
BUR-02403,RET-02403,670,3,1
BUR-02404,RET-02404,869,4,0
BUR-02405,RET-02405,538,2,0
BUR-02406,RET-02406,676,4,2
BUR-02407,RET-02407,632,3,0
BUR-02408,RET-02408,752,0,0
BUR-02409,RET-02409,791,1,1
BUR-02410,RET-02410,785,1,0
BUR-02411,RET-02411,670,0,0
BUR-02412,RET-02412,732,2,0
BUR-02413,RET-02413,813,1,0
BUR-02414,RET-02414,809,0,0
BUR-02415,RET-02415,710,2,0
BUR-02416,RET-02416,622,1,0
BUR-02417,RET-02417,780,4,0
BUR-02418,RET-02418,590,4,0
BUR-02419,RET-02419,868,0,1
BUR-02420,RET-02420,860,4,0
BUR-02421,RET-02421,631,0,1
BUR-02422,RET-02422,583,0,1
BUR-02423,RET-02423,707,4,1
BUR-02424,RET-02424,811,5,1
BUR-02425,RET-02425,812,1,0
BUR-02426,RET-02426,445,2,1
BUR-02427,RET-02427,802,3,0
BUR-02428,RET-02428,716,2,0
BUR-02429,RET-02429,809,4,1
BUR-02430,RET-02430,565,6,0
BUR-02431,RET-02431,861,4,0
BUR-02432,RET-02432,845,0,0
BUR-02433,RET-02433,858,2,0
BUR-02434,RET-02434,684,1,0
BUR-02435,RET-02435,469,1,0
BUR-02436,RET-02436,783,2,0
BUR-02437,RET-02437,815,2,0
BUR-02438,RET-02438,748,3,0
BUR-02439,RET-02439,759,2,0
BUR-02440,RET-02440,808,1,1
BUR-02441,RET-02441,671,2,1
BUR-02442,RET-02442,844,2,0
BUR-02443,RET-02443,815,2,2
BUR-02444,RET-02444,772,1,0
BUR-02445,RET-02445,677,3,0
BUR-02446,RET-02446,600,3,0
BUR-02447,RET-02447,822,3,1
BUR-02448,RET-02448,789,4,0
BUR-02449,RET-02449,827,4,0
BUR-02450,RET-02450,852,1,1
BUR-02451,RET-02451,659,0,1
BUR-02452,RET-02452,557,2,0
BUR-02453,RET-02453,745,4,0
BUR-02454,RET-02454,635,1,1
BUR-02455,RET-02455,804,1,0
BUR-02456,RET-02456,648,1,1
BUR-02457,RET-02457,844,1,0
BUR-02458,RET-02458,731,2,1
BUR-02459,RET-02459,775,3,0
BUR-02460,RET-02460,862,3,0
BUR-02461,RET-02461,678,1,1
BUR-02462,RET-02462,577,4,1
BUR-02463,RET-02463,557,6,0
BUR-02464,RET-02464,670,3,1
BUR-02465,RET-02465,734,4,0
BUR-02466,RET-02466,692,2,1
BUR-02467,RET-02467,753,1,1
BUR-02468,RET-02468,882,2,1
BUR-02469,RET-02469,833,2,1
BUR-02470,RET-02470,801,0,0
BUR-02471,RET-02471,637,1,1
BUR-02472,RET-02472,708,0,0
BUR-02473,RET-02473,739,1,1
BUR-02474,RET-02474,703,2,0
BUR-02475,RET-02475,755,3,2
BUR-02476,RET-02476,586,2,1
BUR-02477,RET-02477,733,1,1
BUR-02478,RET-02478,809,2,0
BUR-02479,RET-02479,751,4,0
BUR-02480,RET-02480,701,2,1
BUR-02481,RET-02481,758,1,2
BUR-02482,RET-02482,684,2,1
BUR-02483,RET-02483,561,2,0
BUR-02484,RET-02484,775,5,2
BUR-02485,RET-02485,852,2,0
BUR-02486,RET-02486,728,3,0
BUR-02487,RET-02487,779,1,1
BUR-02488,RET-02488,742,1,2
BUR-02489,RET-02489,731,4,0
BUR-02490,RET-02490,680,1,0
BUR-02491,RET-02491,864,2,1
BUR-02492,RET-02492,812,2,0
BUR-02493,RET-02493,808,5,0
BUR-02494,RET-02494,744,0,1
BUR-02495,RET-02495,791,3,0
BUR-02496,RET-02496,771,2,1
BUR-02497,RET-02497,761,6,0
BUR-02498,RET-02498,482,1,0
BUR-02499,RET-02499,644,2,0
BUR-02500,RET-02500,839,3,1
BUR-02501,RET-02501,836,1,0
BUR-02502,RET-02502,715,2,1
BUR-02503,RET-02503,784,1,1
BUR-02504,RET-02504,697,3,0
BUR-02505,RET-02505,716,1,0
BUR-02506,RET-02506,686,2,0
BUR-02507,RET-02507,598,5,0
BUR-02508,RET-02508,859,0,1
BUR-02509,RET-02509,492,4,0
BUR-02510,RET-02510,735,0,0
BUR-02511,RET-02511,881,4,1
BUR-02512,RET-02512,694,0,0
BUR-02513,RET-02513,716,1,1
BUR-02514,RET-02514,619,0,0
BUR-02515,RET-02515,720,3,0
BUR-02516,RET-02516,791,2,0
BUR-02517,RET-02517,816,1,0
BUR-02518,RET-02518,738,2,1
BUR-02519,RET-02519,765,0,1
BUR-02520,RET-02520,606,2,0
BUR-02521,RET-02521,850,3,0
BUR-02522,RET-02522,622,1,0
BUR-02523,RET-02523,630,4,1
BUR-02524,RET-02524,734,1,0
BUR-02525,RET-02525,830,1,3
BUR-02526,RET-02526,554,1,0
BUR-02527,RET-02527,707,2,0
BUR-02528,RET-02528,806,5,0
BUR-02529,RET-02529,585,4,1
BUR-02530,RET-02530,497,3,1
BUR-02531,RET-02531,773,1,0
BUR-02532,RET-02532,749,1,0
BUR-02533,RET-02533,558,2,0
BUR-02534,RET-02534,644,1,0
BUR-02535,RET-02535,738,2,0
BUR-02536,RET-02536,682,1,0
BUR-02537,RET-02537,851,1,0
BUR-02538,RET-02538,831,3,0
BUR-02539,RET-02539,786,1,2
BUR-02540,RET-02540,810,1,1
BUR-02541,RET-02541,793,3,2
BUR-02542,RET-02542,839,1,1
BUR-02543,RET-02543,713,2,0
BUR-02544,RET-02544,770,2,1
BUR-02545,RET-02545,664,1,0
BUR-02546,RET-02546,587,1,2
BUR-02547,RET-02547,849,1,1
BUR-02548,RET-02548,680,4,1
BUR-02549,RET-02549,691,0,0
BUR-02550,RET-02550,857,3,0
BUR-02551,RET-02551,831,3,1
BUR-02552,RET-02552,682,1,0
BUR-02553,RET-02553,685,1,1
BUR-02554,RET-02554,775,1,1
BUR-02555,RET-02555,843,2,0
BUR-02556,RET-02556,701,2,1
BUR-02557,RET-02557,834,1,0
BUR-02558,RET-02558,622,3,1
BUR-02559,RET-02559,825,1,2
BUR-02560,RET-02560,783,3,0
BUR-02561,RET-02561,834,1,0
BUR-02562,RET-02562,554,2,0
BUR-02563,RET-02563,714,3,0
BUR-02564,RET-02564,812,2,0
BUR-02565,RET-02565,885,2,0
BUR-02566,RET-02566,775,0,1
BUR-02567,RET-02567,846,3,1
BUR-02568,RET-02568,738,4,0
BUR-02569,RET-02569,792,3,1
BUR-02570,RET-02570,865,1,0
BUR-02571,RET-02571,800,3,0
BUR-02572,RET-02572,743,3,0
BUR-02573,RET-02573,819,4,1
BUR-02574,RET-02574,822,4,1
BUR-02575,RET-02575,612,1,0
BUR-02576,RET-02576,599,4,0
BUR-02577,RET-02577,780,4,2
BUR-02578,RET-02578,779,3,0
BUR-02579,RET-02579,756,3,2
BUR-02580,RET-02580,725,2,1
BUR-02581,RET-02581,601,0,1
BUR-02582,RET-02582,754,2,0
BUR-02583,RET-02583,746,3,0
BUR-02584,RET-02584,667,1,1
BUR-02585,RET-02585,757,4,0
BUR-02586,RET-02586,744,3,0
BUR-02587,RET-02587,795,1,3
BUR-02588,RET-02588,846,4,0
BUR-02589,RET-02589,742,2,0
BUR-02590,RET-02590,585,2,1
BUR-02591,RET-02591,893,0,0
BUR-02592,RET-02592,774,8,2
BUR-02593,RET-02593,726,0,1
BUR-02594,RET-02594,789,5,0
BUR-02595,RET-02595,813,0,0
BUR-02596,RET-02596,512,3,0
BUR-02597,RET-02597,780,2,0
BUR-02598,RET-02598,720,2,0
BUR-02599,RET-02599,809,2,0
BUR-02600,RET-02600,458,1,0
BUR-02601,RET-02601,581,1,1
BUR-02602,RET-02602,720,5,1
BUR-02603,RET-02603,771,3,1
BUR-02604,RET-02604,786,3,0
BUR-02605,RET-02605,836,2,1
BUR-02606,RET-02606,769,3,0
BUR-02607,RET-02607,605,2,1
BUR-02608,RET-02608,818,3,1
BUR-02609,RET-02609,687,1,2
BUR-02610,RET-02610,699,2,0
BUR-02611,RET-02611,657,3,0
BUR-02612,RET-02612,661,3,0
BUR-02613,RET-02613,570,1,1
BUR-02614,RET-02614,707,1,2
BUR-02615,RET-02615,625,2,0
BUR-02616,RET-02616,867,2,1
BUR-02617,RET-02617,753,5,0
BUR-02618,RET-02618,766,3,0
BUR-02619,RET-02619,518,1,1
BUR-02620,RET-02620,595,2,0
BUR-02621,RET-02621,759,3,0
BUR-02622,RET-02622,598,5,0
BUR-02623,RET-02623,690,5,0
BUR-02624,RET-02624,581,2,0
BUR-02625,RET-02625,666,1,0
BUR-02626,RET-02626,686,5,2
BUR-02627,RET-02627,783,3,0
BUR-02628,RET-02628,802,1,2
BUR-02629,RET-02629,789,4,2
BUR-02630,RET-02630,812,3,2
BUR-02631,RET-02631,509,1,1
BUR-02632,RET-02632,601,0,0
BUR-02633,RET-02633,858,4,2
BUR-02634,RET-02634,667,1,2
BUR-02635,RET-02635,713,1,0
BUR-02636,RET-02636,824,1,0
BUR-02637,RET-02637,834,1,0
BUR-02638,RET-02638,757,2,0
BUR-02639,RET-02639,752,2,0
BUR-02640,RET-02640,646,2,0
BUR-02641,RET-02641,612,4,1
BUR-02642,RET-02642,646,3,1
BUR-02643,RET-02643,688,1,1
BUR-02644,RET-02644,694,6,2
BUR-02645,RET-02645,841,3,1
BUR-02646,RET-02646,636,2,1
BUR-02647,RET-02647,534,5,0
BUR-02648,RET-02648,841,0,0
BUR-02649,RET-02649,610,3,2
BUR-02650,RET-02650,771,2,3
BUR-02651,RET-02651,626,5,0
BUR-02652,RET-02652,633,0,0
BUR-02653,RET-02653,891,1,1
BUR-02654,RET-02654,738,3,1
BUR-02655,RET-02655,709,3,0
BUR-02656,RET-02656,878,2,0
BUR-02657,RET-02657,717,1,1
BUR-02658,RET-02658,594,0,1
BUR-02659,RET-02659,588,1,2
BUR-02660,RET-02660,687,2,0
BUR-02661,RET-02661,668,1,3
BUR-02662,RET-02662,582,5,1
BUR-02663,RET-02663,759,2,0
BUR-02664,RET-02664,658,1,0
BUR-02665,RET-02665,850,4,0
BUR-02666,RET-02666,519,1,0
BUR-02667,RET-02667,796,1,0
BUR-02668,RET-02668,525,3,0
BUR-02669,RET-02669,770,2,0
BUR-02670,RET-02670,845,0,2
BUR-02671,RET-02671,639,1,1
BUR-02672,RET-02672,663,0,1
BUR-02673,RET-02673,846,1,0
BUR-02674,RET-02674,838,3,0
BUR-02675,RET-02675,593,3,0
BUR-02676,RET-02676,776,1,0
BUR-02677,RET-02677,834,2,1
BUR-02678,RET-02678,851,2,2
BUR-02679,RET-02679,783,5,2
BUR-02680,RET-02680,595,6,0
BUR-02681,RET-02681,790,3,0
BUR-02682,RET-02682,467,3,0
BUR-02683,RET-02683,762,0,2
BUR-02684,RET-02684,738,3,1
BUR-02685,RET-02685,722,2,0
BUR-02686,RET-02686,745,4,1
BUR-02687,RET-02687,686,5,0
BUR-02688,RET-02688,738,4,1
BUR-02689,RET-02689,737,4,0
BUR-02690,RET-02690,713,1,1
BUR-02691,RET-02691,854,1,0
BUR-02692,RET-02692,772,0,1
BUR-02693,RET-02693,821,4,2
BUR-02694,RET-02694,820,1,1
BUR-02695,RET-02695,615,4,1
BUR-02696,RET-02696,705,2,0
BUR-02697,RET-02697,834,2,0
BUR-02698,RET-02698,807,0,0
BUR-02699,RET-02699,863,3,0
BUR-02700,RET-02700,757,4,0
BUR-02701,RET-02701,628,1,0
BUR-02702,RET-02702,746,3,0
BUR-02703,RET-02703,538,2,0
BUR-02704,RET-02704,803,5,2
BUR-02705,RET-02705,740,1,1
BUR-02706,RET-02706,742,5,0
BUR-02707,RET-02707,821,0,1
BUR-02708,RET-02708,879,4,1
BUR-02709,RET-02709,759,1,1
BUR-02710,RET-02710,860,1,1
BUR-02711,RET-02711,781,3,1
BUR-02712,RET-02712,894,0,0
BUR-02713,RET-02713,653,0,0
BUR-02714,RET-02714,686,0,1
BUR-02715,RET-02715,732,3,1
BUR-02716,RET-02716,535,1,0
BUR-02717,RET-02717,500,3,0
BUR-02718,RET-02718,765,0,0
BUR-02719,RET-02719,824,6,1
BUR-02720,RET-02720,679,2,1
BUR-02721,RET-02721,781,3,0
BUR-02722,RET-02722,739,2,1
BUR-02723,RET-02723,699,2,0
BUR-02724,RET-02724,759,3,0
BUR-02725,RET-02725,818,1,0
BUR-02726,RET-02726,852,3,0
BUR-02727,RET-02727,724,2,0
BUR-02728,RET-02728,762,0,2
BUR-02729,RET-02729,851,4,2
BUR-02730,RET-02730,773,0,1
BUR-02731,RET-02731,769,2,0
BUR-02732,RET-02732,694,3,0
BUR-02733,RET-02733,763,0,2
BUR-02734,RET-02734,553,2,0
BUR-02735,RET-02735,868,3,0
BUR-02736,RET-02736,835,2,2
BUR-02737,RET-02737,846,0,0
BUR-02738,RET-02738,554,1,0
BUR-02739,RET-02739,533,5,0
BUR-02740,RET-02740,849,2,0
BUR-02741,RET-02741,669,2,1
BUR-02742,RET-02742,594,3,0
BUR-02743,RET-02743,753,0,0
BUR-02744,RET-02744,810,3,0
BUR-02745,RET-02745,440,4,0
BUR-02746,RET-02746,625,0,0
BUR-02747,RET-02747,815,2,0
BUR-02748,RET-02748,669,7,1
BUR-02749,RET-02749,555,1,1
BUR-02750,RET-02750,758,2,0
BUR-02751,RET-02751,744,3,0
BUR-02752,RET-02752,696,1,0
BUR-02753,RET-02753,706,0,0
BUR-02754,RET-02754,542,0,0
BUR-02755,RET-02755,799,6,0
BUR-02756,RET-02756,785,4,0
BUR-02757,RET-02757,881,2,0
BUR-02758,RET-02758,757,3,1
BUR-02759,RET-02759,728,2,0
BUR-02760,RET-02760,625,2,0
BUR-02761,RET-02761,680,2,1
BUR-02762,RET-02762,631,5,1
BUR-02763,RET-02763,756,2,1
BUR-02764,RET-02764,646,3,0
BUR-02765,RET-02765,665,0,0
BUR-02766,RET-02766,717,0,0
BUR-02767,RET-02767,619,2,0
BUR-02768,RET-02768,776,1,2
BUR-02769,RET-02769,676,1,0
BUR-02770,RET-02770,797,2,2
BUR-02771,RET-02771,666,3,0
BUR-02772,RET-02772,532,4,0
BUR-02773,RET-02773,586,1,0
BUR-02774,RET-02774,844,4,0
BUR-02775,RET-02775,683,1,1
BUR-02776,RET-02776,770,3,0
BUR-02777,RET-02777,824,1,0
BUR-02778,RET-02778,788,3,1
BUR-02779,RET-02779,697,2,0
BUR-02780,RET-02780,759,0,0
BUR-02781,RET-02781,882,2,0
BUR-02782,RET-02782,833,2,0
BUR-02783,RET-02783,703,2,1
BUR-02784,RET-02784,800,1,0
BUR-02785,RET-02785,650,4,1
BUR-02786,RET-02786,590,0,1
BUR-02787,RET-02787,695,1,0
BUR-02788,RET-02788,696,1,1
BUR-02789,RET-02789,880,4,0
BUR-02790,RET-02790,742,4,1
BUR-02791,RET-02791,771,4,0
BUR-02792,RET-02792,607,2,0
BUR-02793,RET-02793,687,3,0
BUR-02794,RET-02794,746,1,1
BUR-02795,RET-02795,665,1,0
BUR-02796,RET-02796,677,2,2
BUR-02797,RET-02797,711,1,1
BUR-02798,RET-02798,834,2,1
BUR-02799,RET-02799,637,2,0
BUR-02800,RET-02800,700,2,1
BUR-02801,RET-02801,760,3,0
BUR-02802,RET-02802,814,2,0
BUR-02803,RET-02803,478,0,0
BUR-02804,RET-02804,638,0,0
BUR-02805,RET-02805,765,4,0
BUR-02806,RET-02806,667,0,2
BUR-02807,RET-02807,823,1,1
BUR-02808,RET-02808,453,2,1
BUR-02809,RET-02809,636,3,0
BUR-02810,RET-02810,535,4,0
BUR-02811,RET-02811,618,1,0
BUR-02812,RET-02812,871,3,0
BUR-02813,RET-02813,771,1,2
BUR-02814,RET-02814,830,1,2
BUR-02815,RET-02815,836,0,1
BUR-02816,RET-02816,801,2,1
BUR-02817,RET-02817,786,4,1
BUR-02818,RET-02818,676,1,0
BUR-02819,RET-02819,837,0,0
BUR-02820,RET-02820,848,1,0
BUR-02821,RET-02821,827,2,0
BUR-02822,RET-02822,731,6,1
BUR-02823,RET-02823,618,2,0
BUR-02824,RET-02824,752,2,0
BUR-02825,RET-02825,765,1,0
BUR-02826,RET-02826,884,1,0
BUR-02827,RET-02827,736,6,1
BUR-02828,RET-02828,746,3,1
BUR-02829,RET-02829,622,1,1
BUR-02830,RET-02830,691,1,0
BUR-02831,RET-02831,651,3,0
BUR-02832,RET-02832,815,0,0
BUR-02833,RET-02833,773,3,2
BUR-02834,RET-02834,631,1,1
BUR-02835,RET-02835,845,5,0
BUR-02836,RET-02836,651,1,0
BUR-02837,RET-02837,773,2,0
BUR-02838,RET-02838,776,1,0
BUR-02839,RET-02839,647,0,1
BUR-02840,RET-02840,727,0,0
BUR-02841,RET-02841,834,1,0
BUR-02842,RET-02842,420,1,1
BUR-02843,RET-02843,867,2,1
BUR-02844,RET-02844,757,1,2
BUR-02845,RET-02845,675,2,1
BUR-02846,RET-02846,840,1,1
BUR-02847,RET-02847,789,1,1
BUR-02848,RET-02848,748,2,1
BUR-02849,RET-02849,776,1,0
BUR-02850,RET-02850,812,1,2
BUR-02851,RET-02851,783,2,1
BUR-02852,RET-02852,707,1,1
BUR-02853,RET-02853,591,3,1
BUR-02854,RET-02854,841,3,2
BUR-02855,RET-02855,530,4,1
BUR-02856,RET-02856,764,3,0
BUR-02857,RET-02857,794,3,0
BUR-02858,RET-02858,708,3,0
BUR-02859,RET-02859,839,0,0
BUR-02860,RET-02860,692,2,0
BUR-02861,RET-02861,679,2,2
BUR-02862,RET-02862,653,1,0
BUR-02863,RET-02863,778,0,1
BUR-02864,RET-02864,652,2,0
BUR-02865,RET-02865,658,2,1
BUR-02866,RET-02866,741,2,0
BUR-02867,RET-02867,677,2,1
BUR-02868,RET-02868,582,3,0
BUR-02869,RET-02869,769,1,2
BUR-02870,RET-02870,544,3,0
BUR-02871,RET-02871,838,4,0
BUR-02872,RET-02872,862,3,2
BUR-02873,RET-02873,847,1,0
BUR-02874,RET-02874,708,0,0
BUR-02875,RET-02875,548,1,1
BUR-02876,RET-02876,597,2,0
BUR-02877,RET-02877,818,3,0
BUR-02878,RET-02878,810,1,0
BUR-02879,RET-02879,710,0,1
BUR-02880,RET-02880,627,3,0
BUR-02881,RET-02881,717,3,0
BUR-02882,RET-02882,700,0,0
BUR-02883,RET-02883,708,1,0
BUR-02884,RET-02884,690,0,1
BUR-02885,RET-02885,812,0,0
BUR-02886,RET-02886,831,1,0
BUR-02887,RET-02887,751,2,1
BUR-02888,RET-02888,764,4,0
BUR-02889,RET-02889,605,2,1
BUR-02890,RET-02890,678,3,0
BUR-02891,RET-02891,721,2,0
BUR-02892,RET-02892,640,2,0
BUR-02893,RET-02893,844,1,1
BUR-02894,RET-02894,673,1,3
BUR-02895,RET-02895,835,4,0
BUR-02896,RET-02896,847,2,0
BUR-02897,RET-02897,707,1,0
BUR-02898,RET-02898,716,1,2
BUR-02899,RET-02899,773,1,1
BUR-02900,RET-02900,590,2,0
BUR-02901,RET-02901,715,2,0
BUR-02902,RET-02902,837,0,0
BUR-02903,RET-02903,704,1,0
BUR-02904,RET-02904,740,6,0
BUR-02905,RET-02905,702,2,2
BUR-02906,RET-02906,807,2,1
BUR-02907,RET-02907,787,1,1
BUR-02908,RET-02908,830,4,0
BUR-02909,RET-02909,784,7,0
BUR-02910,RET-02910,718,3,0
BUR-02911,RET-02911,809,3,1
BUR-02912,RET-02912,762,3,0
BUR-02913,RET-02913,645,1,0
BUR-02914,RET-02914,807,2,1
BUR-02915,RET-02915,690,3,2
BUR-02916,RET-02916,489,6,0
BUR-02917,RET-02917,687,1,1
BUR-02918,RET-02918,588,4,0
BUR-02919,RET-02919,764,1,0
BUR-02920,RET-02920,545,0,0
BUR-02921,RET-02921,618,3,0
BUR-02922,RET-02922,618,1,0
BUR-02923,RET-02923,535,2,0
BUR-02924,RET-02924,823,1,1
BUR-02925,RET-02925,571,3,0
BUR-02926,RET-02926,883,0,0
BUR-02927,RET-02927,749,2,0
BUR-02928,RET-02928,819,0,0
BUR-02929,RET-02929,748,2,0
BUR-02930,RET-02930,821,2,1
BUR-02931,RET-02931,733,1,1
BUR-02932,RET-02932,797,1,0
BUR-02933,RET-02933,775,2,2
BUR-02934,RET-02934,507,0,0
BUR-02935,RET-02935,713,2,0
BUR-02936,RET-02936,677,3,1
BUR-02937,RET-02937,767,2,0
BUR-02938,RET-02938,785,2,1
BUR-02939,RET-02939,509,2,0
BUR-02940,RET-02940,780,2,0
BUR-02941,RET-02941,753,2,0
BUR-02942,RET-02942,790,1,0
BUR-02943,RET-02943,805,1,0
BUR-02944,RET-02944,718,2,3
BUR-02945,RET-02945,808,3,0
BUR-02946,RET-02946,676,0,0
BUR-02947,RET-02947,703,2,0
BUR-02948,RET-02948,804,2,0
BUR-02949,RET-02949,573,4,0
BUR-02950,RET-02950,821,0,0
BUR-02951,RET-02951,779,1,0
BUR-02952,RET-02952,876,0,1
BUR-02953,RET-02953,789,4,1
BUR-02954,RET-02954,779,4,0
BUR-02955,RET-02955,701,0,0
BUR-02956,RET-02956,781,4,0
BUR-02957,RET-02957,785,3,3
BUR-02958,RET-02958,812,1,2
BUR-02959,RET-02959,773,2,0
BUR-02960,RET-02960,762,4,0
BUR-02961,RET-02961,610,3,0
BUR-02962,RET-02962,715,1,0
BUR-02963,RET-02963,707,2,0
BUR-02964,RET-02964,763,3,0
BUR-02965,RET-02965,844,0,0
BUR-02966,RET-02966,641,2,0
BUR-02967,RET-02967,633,3,1
BUR-02968,RET-02968,855,1,0
BUR-02969,RET-02969,763,2,0
BUR-02970,RET-02970,780,4,1
BUR-02971,RET-02971,715,1,1
BUR-02972,RET-02972,696,2,0
BUR-02973,RET-02973,610,3,0
BUR-02974,RET-02974,777,0,1
BUR-02975,RET-02975,797,3,0
BUR-02976,RET-02976,818,2,1
BUR-02977,RET-02977,753,4,0
BUR-02978,RET-02978,694,2,0
BUR-02979,RET-02979,581,2,1
BUR-02980,RET-02980,696,2,1
BUR-02981,RET-02981,620,1,0
BUR-02982,RET-02982,674,4,0
BUR-02983,RET-02983,736,2,0
BUR-02984,RET-02984,604,2,1
BUR-02985,RET-02985,679,1,1
BUR-02986,RET-02986,657,0,3
BUR-02987,RET-02987,724,2,0
BUR-02988,RET-02988,729,4,1
BUR-02989,RET-02989,759,3,0
BUR-02990,RET-02990,575,2,0
BUR-02991,RET-02991,830,1,0
BUR-02992,RET-02992,643,2,0
BUR-02993,RET-02993,715,1,0
BUR-02994,RET-02994,666,1,0
BUR-02995,RET-02995,660,2,1
BUR-02996,RET-02996,872,1,1
BUR-02997,RET-02997,668,0,1
BUR-02998,RET-02998,855,2,1
BUR-02999,RET-02999,747,2,0
BUR-03000,RET-03000,729,0,0
BUR-03001,RET-03001,663,2,1
BUR-03002,RET-03002,712,0,2
BUR-03003,RET-03003,739,1,0
BUR-03004,RET-03004,648,3,0
BUR-03005,RET-03005,632,1,0
BUR-03006,RET-03006,788,3,0
BUR-03007,RET-03007,834,4,0
BUR-03008,RET-03008,601,1,0
BUR-03009,RET-03009,724,2,0
BUR-03010,RET-03010,683,0,0
BUR-03011,RET-03011,714,1,0
BUR-03012,RET-03012,477,1,0
BUR-03013,RET-03013,615,6,0
BUR-03014,RET-03014,585,3,0
BUR-03015,RET-03015,671,3,1
BUR-03016,RET-03016,803,1,0
BUR-03017,RET-03017,676,1,1
BUR-03018,RET-03018,803,2,0
BUR-03019,RET-03019,761,3,1
BUR-03020,RET-03020,698,5,0
BUR-03021,RET-03021,781,1,0
BUR-03022,RET-03022,668,2,0
BUR-03023,RET-03023,647,4,1
BUR-03024,RET-03024,631,5,0
BUR-03025,RET-03025,884,1,0
BUR-03026,RET-03026,656,1,0
BUR-03027,RET-03027,601,2,0
BUR-03028,RET-03028,850,5,0
BUR-03029,RET-03029,796,1,0
BUR-03030,RET-03030,858,4,0
BUR-03031,RET-03031,670,3,0
BUR-03032,RET-03032,795,0,2
BUR-03033,RET-03033,805,1,0
BUR-03034,RET-03034,759,1,1
BUR-03035,RET-03035,687,4,2
BUR-03036,RET-03036,663,1,1
BUR-03037,RET-03037,845,1,0
BUR-03038,RET-03038,798,3,0
BUR-03039,RET-03039,772,2,0
BUR-03040,RET-03040,853,2,2
BUR-03041,RET-03041,777,0,0
BUR-03042,RET-03042,670,0,0
BUR-03043,RET-03043,751,0,1
BUR-03044,RET-03044,834,4,1
BUR-03045,RET-03045,750,3,0
BUR-03046,RET-03046,721,5,1
BUR-03047,RET-03047,751,2,0
BUR-03048,RET-03048,855,2,1
BUR-03049,RET-03049,776,3,0
BUR-03050,RET-03050,723,1,0
BUR-03051,RET-03051,701,1,0
BUR-03052,RET-03052,743,1,0
BUR-03053,RET-03053,870,4,2
BUR-03054,RET-03054,837,1,0
BUR-03055,RET-03055,750,1,1
BUR-03056,RET-03056,774,2,0
BUR-03057,RET-03057,824,2,0
BUR-03058,RET-03058,850,2,0
BUR-03059,RET-03059,783,2,2
BUR-03060,RET-03060,870,0,0
BUR-03061,RET-03061,763,2,1
BUR-03062,RET-03062,602,1,1
BUR-03063,RET-03063,807,0,0
BUR-03064,RET-03064,526,1,1
BUR-03065,RET-03065,622,1,0
BUR-03066,RET-03066,553,2,0
BUR-03067,RET-03067,664,3,1
BUR-03068,RET-03068,620,1,1
BUR-03069,RET-03069,446,4,0
BUR-03070,RET-03070,813,3,1
BUR-03071,RET-03071,679,0,0
BUR-03072,RET-03072,880,1,0
BUR-03073,RET-03073,529,2,1
BUR-03074,RET-03074,721,3,0
BUR-03075,RET-03075,621,3,0
BUR-03076,RET-03076,588,2,0
BUR-03077,RET-03077,813,1,1
BUR-03078,RET-03078,571,3,1
BUR-03079,RET-03079,749,1,0
BUR-03080,RET-03080,651,3,0
BUR-03081,RET-03081,711,3,0
BUR-03082,RET-03082,503,2,0
BUR-03083,RET-03083,713,0,1
BUR-03084,RET-03084,716,1,1
BUR-03085,RET-03085,819,3,0
BUR-03086,RET-03086,714,4,0
BUR-03087,RET-03087,795,1,0
BUR-03088,RET-03088,818,0,1
BUR-03089,RET-03089,842,2,2
BUR-03090,RET-03090,716,3,0
BUR-03091,RET-03091,821,1,1
BUR-03092,RET-03092,760,3,1
BUR-03093,RET-03093,741,0,0
BUR-03094,RET-03094,567,2,1
BUR-03095,RET-03095,862,0,0
BUR-03096,RET-03096,837,5,1
BUR-03097,RET-03097,781,1,2
BUR-03098,RET-03098,695,0,0
BUR-03099,RET-03099,728,1,0
BUR-03100,RET-03100,806,1,0
BUR-03101,RET-03101,803,2,1
BUR-03102,RET-03102,801,0,0
BUR-03103,RET-03103,626,1,1
BUR-03104,RET-03104,794,4,0
BUR-03105,RET-03105,848,2,1
BUR-03106,RET-03106,813,3,0
BUR-03107,RET-03107,743,1,0
BUR-03108,RET-03108,720,5,0
BUR-03109,RET-03109,641,2,1
BUR-03110,RET-03110,659,2,1
BUR-03111,RET-03111,811,1,0
BUR-03112,RET-03112,811,2,1
BUR-03113,RET-03113,498,1,0
BUR-03114,RET-03114,670,2,0
BUR-03115,RET-03115,596,2,1
BUR-03116,RET-03116,722,1,0
BUR-03117,RET-03117,750,2,1
BUR-03118,RET-03118,803,2,1
BUR-03119,RET-03119,827,3,0
BUR-03120,RET-03120,803,2,0
BUR-03121,RET-03121,703,4,1
BUR-03122,RET-03122,867,2,1
BUR-03123,RET-03123,641,2,0
BUR-03124,RET-03124,495,2,0
BUR-03125,RET-03125,795,1,1
BUR-03126,RET-03126,853,1,0
BUR-03127,RET-03127,833,1,0
BUR-03128,RET-03128,561,0,2
BUR-03129,RET-03129,713,1,0
BUR-03130,RET-03130,748,0,0
BUR-03131,RET-03131,622,3,1
BUR-03132,RET-03132,793,1,0
BUR-03133,RET-03133,685,1,0
BUR-03134,RET-03134,854,1,0
BUR-03135,RET-03135,616,6,0
BUR-03136,RET-03136,799,2,0
BUR-03137,RET-03137,655,6,0
BUR-03138,RET-03138,503,1,0
BUR-03139,RET-03139,846,2,0
BUR-03140,RET-03140,810,3,0
BUR-03141,RET-03141,630,4,1
BUR-03142,RET-03142,630,1,0
BUR-03143,RET-03143,800,2,0
BUR-03144,RET-03144,725,1,1
BUR-03145,RET-03145,662,1,0
BUR-03146,RET-03146,682,5,1
BUR-03147,RET-03147,744,1,1
BUR-03148,RET-03148,559,3,2
BUR-03149,RET-03149,750,2,0
BUR-03150,RET-03150,764,2,0
BUR-03151,RET-03151,813,1,0
BUR-03152,RET-03152,736,0,0
BUR-03153,RET-03153,696,3,0
BUR-03154,RET-03154,727,4,0
BUR-03155,RET-03155,639,2,0
BUR-03156,RET-03156,662,3,0
BUR-03157,RET-03157,548,2,1
BUR-03158,RET-03158,776,3,0
BUR-03159,RET-03159,806,0,0
BUR-03160,RET-03160,811,3,1
BUR-03161,RET-03161,808,2,0
BUR-03162,RET-03162,805,2,0
BUR-03163,RET-03163,722,5,0
BUR-03164,RET-03164,724,3,1
BUR-03165,RET-03165,676,1,0
BUR-03166,RET-03166,725,1,1
BUR-03167,RET-03167,774,2,0
BUR-03168,RET-03168,872,2,1
BUR-03169,RET-03169,817,2,0
BUR-03170,RET-03170,801,3,0
BUR-03171,RET-03171,823,1,1
BUR-03172,RET-03172,779,3,1
BUR-03173,RET-03173,602,0,0
BUR-03174,RET-03174,675,2,0
BUR-03175,RET-03175,836,2,3
BUR-03176,RET-03176,590,1,0
BUR-03177,RET-03177,719,2,1
BUR-03178,RET-03178,647,5,2
BUR-03179,RET-03179,735,0,0
BUR-03180,RET-03180,683,2,1
BUR-03181,RET-03181,845,2,1
BUR-03182,RET-03182,741,2,0
BUR-03183,RET-03183,823,3,0
BUR-03184,RET-03184,778,2,0
BUR-03185,RET-03185,867,3,0
BUR-03186,RET-03186,765,3,2
BUR-03187,RET-03187,763,1,0
BUR-03188,RET-03188,837,1,0
BUR-03189,RET-03189,736,2,0
BUR-03190,RET-03190,774,4,0
BUR-03191,RET-03191,621,2,1
BUR-03192,RET-03192,720,1,2
BUR-03193,RET-03193,831,4,0
BUR-03194,RET-03194,895,1,1
BUR-03195,RET-03195,800,1,0
BUR-03196,RET-03196,806,3,0
BUR-03197,RET-03197,622,3,2
BUR-03198,RET-03198,691,1,1
BUR-03199,RET-03199,686,1,0
BUR-03200,RET-03200,764,2,0
BUR-03201,RET-03201,525,4,2
BUR-03202,RET-03202,787,2,0
BUR-03203,RET-03203,827,3,0
BUR-03204,RET-03204,861,3,0
BUR-03205,RET-03205,582,2,0
BUR-03206,RET-03206,827,4,0
BUR-03207,RET-03207,847,2,0
BUR-03208,RET-03208,626,2,1
BUR-03209,RET-03209,758,0,0
BUR-03210,RET-03210,819,1,0
BUR-03211,RET-03211,547,1,1
BUR-03212,RET-03212,585,3,0
BUR-03213,RET-03213,776,3,1
BUR-03214,RET-03214,652,2,0
BUR-03215,RET-03215,744,4,1
BUR-03216,RET-03216,701,2,0
BUR-03217,RET-03217,618,0,0
BUR-03218,RET-03218,611,2,2
BUR-03219,RET-03219,667,1,1
BUR-03220,RET-03220,724,1,1
BUR-03221,RET-03221,593,4,0
BUR-03222,RET-03222,707,3,0
BUR-03223,RET-03223,759,0,0
BUR-03224,RET-03224,814,3,1
BUR-03225,RET-03225,708,2,0
BUR-03226,RET-03226,732,0,0
BUR-03227,RET-03227,760,2,0
BUR-03228,RET-03228,852,1,1
BUR-03229,RET-03229,811,2,0
BUR-03230,RET-03230,751,3,1
BUR-03231,RET-03231,496,2,1
BUR-03232,RET-03232,825,1,0
BUR-03233,RET-03233,817,4,2
BUR-03234,RET-03234,640,0,0
BUR-03235,RET-03235,611,4,1
BUR-03236,RET-03236,871,2,1
BUR-03237,RET-03237,737,2,0
BUR-03238,RET-03238,742,3,0
BUR-03239,RET-03239,884,2,1
BUR-03240,RET-03240,799,4,1
BUR-03241,RET-03241,729,3,1
BUR-03242,RET-03242,636,0,1
BUR-03243,RET-03243,814,3,0
BUR-03244,RET-03244,778,2,0
BUR-03245,RET-03245,674,1,1
BUR-03246,RET-03246,706,1,0
BUR-03247,RET-03247,821,1,3
BUR-03248,RET-03248,753,7,0
BUR-03249,RET-03249,795,3,1
BUR-03250,RET-03250,479,4,0
BUR-03251,RET-03251,591,0,1
BUR-03252,RET-03252,749,3,0
BUR-03253,RET-03253,690,2,0
BUR-03254,RET-03254,645,3,0
BUR-03255,RET-03255,780,5,0
BUR-03256,RET-03256,838,1,0
BUR-03257,RET-03257,771,0,0
BUR-03258,RET-03258,795,1,0
BUR-03259,RET-03259,723,0,1
BUR-03260,RET-03260,668,2,0
BUR-03261,RET-03261,793,2,0
BUR-03262,RET-03262,747,2,0
BUR-03263,RET-03263,714,1,0
BUR-03264,RET-03264,822,3,1
BUR-03265,RET-03265,732,3,1
BUR-03266,RET-03266,547,2,0
BUR-03267,RET-03267,715,4,0
BUR-03268,RET-03268,711,3,1
BUR-03269,RET-03269,655,1,0
BUR-03270,RET-03270,891,3,1
BUR-03271,RET-03271,661,6,0
BUR-03272,RET-03272,663,2,0
BUR-03273,RET-03273,574,3,2
BUR-03274,RET-03274,635,1,1
BUR-03275,RET-03275,757,2,0
BUR-03276,RET-03276,715,1,0
BUR-03277,RET-03277,637,3,1
BUR-03278,RET-03278,657,3,0
BUR-03279,RET-03279,742,1,0
BUR-03280,RET-03280,782,1,0
BUR-03281,RET-03281,853,4,0
BUR-03282,RET-03282,619,2,1
BUR-03283,RET-03283,690,4,0
BUR-03284,RET-03284,570,2,1
BUR-03285,RET-03285,818,2,1
BUR-03286,RET-03286,709,1,0
BUR-03287,RET-03287,579,3,0
BUR-03288,RET-03288,814,1,0
BUR-03289,RET-03289,757,3,0
BUR-03290,RET-03290,763,1,0
BUR-03291,RET-03291,854,3,1
BUR-03292,RET-03292,749,1,0
BUR-03293,RET-03293,818,2,0
BUR-03294,RET-03294,759,1,1
BUR-03295,RET-03295,750,2,0
BUR-03296,RET-03296,510,1,1
BUR-03297,RET-03297,637,5,1
BUR-03298,RET-03298,778,3,1
BUR-03299,RET-03299,721,6,1
BUR-03300,RET-03300,686,1,0
BUR-03301,RET-03301,618,3,0
BUR-03302,RET-03302,686,3,1
BUR-03303,RET-03303,705,1,0
BUR-03304,RET-03304,773,0,0
BUR-03305,RET-03305,763,1,1
BUR-03306,RET-03306,849,2,0
BUR-03307,RET-03307,812,1,0
BUR-03308,RET-03308,726,1,0
BUR-03309,RET-03309,627,0,1
BUR-03310,RET-03310,819,2,0
BUR-03311,RET-03311,676,0,0
BUR-03312,RET-03312,729,0,0
BUR-03313,RET-03313,774,0,0
BUR-03314,RET-03314,713,0,0
BUR-03315,RET-03315,734,2,2
BUR-03316,RET-03316,824,0,1
BUR-03317,RET-03317,509,3,1
BUR-03318,RET-03318,752,5,1
BUR-03319,RET-03319,854,2,0
BUR-03320,RET-03320,715,1,0
BUR-03321,RET-03321,805,3,0
BUR-03322,RET-03322,736,4,1
BUR-03323,RET-03323,604,3,2
BUR-03324,RET-03324,699,3,1
BUR-03325,RET-03325,722,3,0
BUR-03326,RET-03326,850,2,0
BUR-03327,RET-03327,639,3,1
BUR-03328,RET-03328,732,4,1
BUR-03329,RET-03329,567,3,1
BUR-03330,RET-03330,579,2,0
BUR-03331,RET-03331,774,1,1
BUR-03332,RET-03332,817,0,2
BUR-03333,RET-03333,597,1,1
BUR-03334,RET-03334,694,1,1
BUR-03335,RET-03335,782,2,0
BUR-03336,RET-03336,775,2,1
BUR-03337,RET-03337,855,3,1
BUR-03338,RET-03338,673,2,0
BUR-03339,RET-03339,823,2,0
BUR-03340,RET-03340,521,3,0
BUR-03341,RET-03341,863,1,1
BUR-03342,RET-03342,739,3,0
BUR-03343,RET-03343,671,2,0
BUR-03344,RET-03344,805,0,0
BUR-03345,RET-03345,573,0,0
BUR-03346,RET-03346,673,1,0
BUR-03347,RET-03347,705,3,1
BUR-03348,RET-03348,795,3,0
BUR-03349,RET-03349,559,0,1
BUR-03350,RET-03350,723,3,1
BUR-03351,RET-03351,783,1,1
BUR-03352,RET-03352,823,2,0
BUR-03353,RET-03353,748,2,1
BUR-03354,RET-03354,832,1,0
BUR-03355,RET-03355,793,3,0
BUR-03356,RET-03356,766,1,0
BUR-03357,RET-03357,753,4,0
BUR-03358,RET-03358,719,3,0
BUR-03359,RET-03359,592,1,0
BUR-03360,RET-03360,659,2,0
BUR-03361,RET-03361,829,2,1
BUR-03362,RET-03362,784,2,2
BUR-03363,RET-03363,817,4,0
BUR-03364,RET-03364,690,2,0
BUR-03365,RET-03365,867,1,0
BUR-03366,RET-03366,665,1,3
BUR-03367,RET-03367,700,1,1
BUR-03368,RET-03368,801,2,0
BUR-03369,RET-03369,610,0,0
BUR-03370,RET-03370,786,0,0
BUR-03371,RET-03371,627,1,1
BUR-03372,RET-03372,612,1,1
BUR-03373,RET-03373,573,2,0
BUR-03374,RET-03374,823,5,2
BUR-03375,RET-03375,866,2,1
BUR-03376,RET-03376,586,3,0
BUR-03377,RET-03377,808,4,1
BUR-03378,RET-03378,627,7,1
BUR-03379,RET-03379,743,2,1
BUR-03380,RET-03380,756,0,0
BUR-03381,RET-03381,604,0,0
BUR-03382,RET-03382,743,3,1
BUR-03383,RET-03383,728,1,0
BUR-03384,RET-03384,765,0,0
BUR-03385,RET-03385,716,1,0
BUR-03386,RET-03386,750,0,0
BUR-03387,RET-03387,860,1,1
BUR-03388,RET-03388,849,2,0
BUR-03389,RET-03389,704,2,0
BUR-03390,RET-03390,691,4,1
BUR-03391,RET-03391,668,7,1
BUR-03392,RET-03392,716,0,0
BUR-03393,RET-03393,825,2,0
BUR-03394,RET-03394,636,1,2
BUR-03395,RET-03395,842,1,1
BUR-03396,RET-03396,597,1,0
BUR-03397,RET-03397,697,1,0
BUR-03398,RET-03398,691,2,0
BUR-03399,RET-03399,717,0,0
BUR-03400,RET-03400,706,1,0
BUR-03401,RET-03401,645,2,0
BUR-03402,RET-03402,875,1,0
BUR-03403,RET-03403,654,5,0
BUR-03404,RET-03404,790,2,1
BUR-03405,RET-03405,667,3,2
BUR-03406,RET-03406,795,1,0
BUR-03407,RET-03407,784,2,0
BUR-03408,RET-03408,421,0,0
BUR-03409,RET-03409,724,0,0
BUR-03410,RET-03410,691,5,0
BUR-03411,RET-03411,685,3,0
BUR-03412,RET-03412,477,2,2
BUR-03413,RET-03413,873,3,0
BUR-03414,RET-03414,832,0,0
BUR-03415,RET-03415,759,3,0
BUR-03416,RET-03416,658,1,1
BUR-03417,RET-03417,692,2,2
BUR-03418,RET-03418,849,3,0
BUR-03419,RET-03419,836,2,0
BUR-03420,RET-03420,628,3,0
BUR-03421,RET-03421,576,1,0
BUR-03422,RET-03422,599,2,0
BUR-03423,RET-03423,664,1,0
BUR-03424,RET-03424,712,2,0
BUR-03425,RET-03425,693,2,1
BUR-03426,RET-03426,689,1,2
BUR-03427,RET-03427,614,2,0
BUR-03428,RET-03428,683,3,1
BUR-03429,RET-03429,721,2,0
BUR-03430,RET-03430,682,2,0
BUR-03431,RET-03431,848,3,0
BUR-03432,RET-03432,725,1,1
BUR-03433,RET-03433,622,1,0
BUR-03434,RET-03434,699,1,1
BUR-03435,RET-03435,879,4,0
BUR-03436,RET-03436,866,4,0
BUR-03437,RET-03437,627,1,1
BUR-03438,RET-03438,660,3,0
BUR-03439,RET-03439,603,0,0
BUR-03440,RET-03440,844,1,1
BUR-03441,RET-03441,821,0,0
BUR-03442,RET-03442,671,2,1
BUR-03443,RET-03443,698,1,0
BUR-03444,RET-03444,699,0,0
BUR-03445,RET-03445,745,2,2
BUR-03446,RET-03446,808,2,0
BUR-03447,RET-03447,737,3,0
BUR-03448,RET-03448,586,2,0
BUR-03449,RET-03449,891,1,0
BUR-03450,RET-03450,796,5,0
BUR-03451,RET-03451,641,4,0
BUR-03452,RET-03452,804,2,1
BUR-03453,RET-03453,597,0,0
BUR-03454,RET-03454,609,5,0
BUR-03455,RET-03455,810,2,1
BUR-03456,RET-03456,577,4,2
BUR-03457,RET-03457,614,1,1
BUR-03458,RET-03458,800,2,0
BUR-03459,RET-03459,753,1,0
BUR-03460,RET-03460,619,2,0
BUR-03461,RET-03461,798,4,0
BUR-03462,RET-03462,730,1,0
BUR-03463,RET-03463,790,1,0
BUR-03464,RET-03464,650,2,0
BUR-03465,RET-03465,712,2,1
BUR-03466,RET-03466,593,7,0
BUR-03467,RET-03467,620,2,2
BUR-03468,RET-03468,800,1,0
BUR-03469,RET-03469,604,2,0
BUR-03470,RET-03470,791,3,1
BUR-03471,RET-03471,738,1,0
BUR-03472,RET-03472,696,3,0
BUR-03473,RET-03473,709,2,2
BUR-03474,RET-03474,702,1,1
BUR-03475,RET-03475,666,1,0
BUR-03476,RET-03476,811,2,0
BUR-03477,RET-03477,866,3,2
BUR-03478,RET-03478,827,2,0
BUR-03479,RET-03479,706,3,0
BUR-03480,RET-03480,752,2,0
BUR-03481,RET-03481,821,1,0
BUR-03482,RET-03482,803,3,0
BUR-03483,RET-03483,707,2,0
BUR-03484,RET-03484,860,2,1
BUR-03485,RET-03485,722,1,0
BUR-03486,RET-03486,592,7,0
BUR-03487,RET-03487,635,4,0
BUR-03488,RET-03488,805,3,0
BUR-03489,RET-03489,719,1,0
BUR-03490,RET-03490,772,3,2
BUR-03491,RET-03491,597,2,0
BUR-03492,RET-03492,746,6,1
BUR-03493,RET-03493,708,3,1
BUR-03494,RET-03494,828,2,1
BUR-03495,RET-03495,721,2,0
BUR-03496,RET-03496,800,0,0
BUR-03497,RET-03497,709,1,0
BUR-03498,RET-03498,516,2,0
BUR-03499,RET-03499,881,1,2
BUR-03500,RET-03500,822,5,0
BUR-03501,RET-03501,817,1,0
BUR-03502,RET-03502,608,4,0
BUR-03503,RET-03503,538,0,0
BUR-03504,RET-03504,723,1,1
BUR-03505,RET-03505,851,2,0
BUR-03506,RET-03506,682,2,0
BUR-03507,RET-03507,780,2,0
BUR-03508,RET-03508,689,2,0
BUR-03509,RET-03509,733,0,0
BUR-03510,RET-03510,579,1,2
BUR-03511,RET-03511,671,2,0
BUR-03512,RET-03512,854,4,0
BUR-03513,RET-03513,543,5,0
BUR-03514,RET-03514,819,1,0
BUR-03515,RET-03515,602,2,2
BUR-03516,RET-03516,675,1,1
BUR-03517,RET-03517,674,3,0
BUR-03518,RET-03518,664,2,0
BUR-03519,RET-03519,795,1,1
BUR-03520,RET-03520,711,2,0
BUR-03521,RET-03521,785,1,2
BUR-03522,RET-03522,762,0,0
BUR-03523,RET-03523,794,0,0
BUR-03524,RET-03524,815,2,0
BUR-03525,RET-03525,577,0,0
BUR-03526,RET-03526,775,3,0
BUR-03527,RET-03527,663,1,0
BUR-03528,RET-03528,625,2,1
BUR-03529,RET-03529,859,0,0
BUR-03530,RET-03530,809,0,0
BUR-03531,RET-03531,645,1,0
BUR-03532,RET-03532,865,2,0
BUR-03533,RET-03533,714,0,0
BUR-03534,RET-03534,629,0,1
BUR-03535,RET-03535,621,2,0
BUR-03536,RET-03536,736,3,0
BUR-03537,RET-03537,779,2,1
BUR-03538,RET-03538,743,3,0
BUR-03539,RET-03539,599,2,0
BUR-03540,RET-03540,771,0,0
BUR-03541,RET-03541,711,1,0
BUR-03542,RET-03542,643,1,0
BUR-03543,RET-03543,603,0,2
BUR-03544,RET-03544,668,3,0
BUR-03545,RET-03545,741,1,0
BUR-03546,RET-03546,730,6,0
BUR-03547,RET-03547,744,2,0
BUR-03548,RET-03548,858,0,2
BUR-03549,RET-03549,645,4,1
BUR-03550,RET-03550,735,3,0
BUR-03551,RET-03551,713,1,1
BUR-03552,RET-03552,761,2,0
BUR-03553,RET-03553,584,3,0
BUR-03554,RET-03554,729,3,0
BUR-03555,RET-03555,692,4,0
BUR-03556,RET-03556,834,1,0
BUR-03557,RET-03557,648,2,0
BUR-03558,RET-03558,672,3,0
BUR-03559,RET-03559,850,0,0
BUR-03560,RET-03560,810,1,1
BUR-03561,RET-03561,824,2,0
BUR-03562,RET-03562,710,3,0
BUR-03563,RET-03563,826,2,0
BUR-03564,RET-03564,804,4,0
BUR-03565,RET-03565,874,3,1
BUR-03566,RET-03566,866,1,1
BUR-03567,RET-03567,684,0,0
BUR-03568,RET-03568,424,0,1
BUR-03569,RET-03569,740,2,0
BUR-03570,RET-03570,763,2,0
BUR-03571,RET-03571,713,4,0
BUR-03572,RET-03572,732,1,1
BUR-03573,RET-03573,469,2,0
BUR-03574,RET-03574,781,2,0
BUR-03575,RET-03575,708,0,0
BUR-03576,RET-03576,755,1,0
BUR-03577,RET-03577,806,3,0
BUR-03578,RET-03578,844,2,1
BUR-03579,RET-03579,446,2,2
BUR-03580,RET-03580,843,0,0
BUR-03581,RET-03581,736,2,0
BUR-03582,RET-03582,860,1,1
BUR-03583,RET-03583,710,2,2
BUR-03584,RET-03584,701,3,0
BUR-03585,RET-03585,710,0,0
BUR-03586,RET-03586,799,0,0
BUR-03587,RET-03587,744,4,1
BUR-03588,RET-03588,834,1,0
BUR-03589,RET-03589,772,2,0
BUR-03590,RET-03590,871,2,0
BUR-03591,RET-03591,748,0,0
BUR-03592,RET-03592,655,3,1
BUR-03593,RET-03593,842,2,0
BUR-03594,RET-03594,651,3,1
BUR-03595,RET-03595,832,1,1
BUR-03596,RET-03596,507,2,0
BUR-03597,RET-03597,849,1,0
BUR-03598,RET-03598,743,1,1
BUR-03599,RET-03599,727,1,1
BUR-03600,RET-03600,847,2,1
BUR-03601,RET-03601,522,3,0
BUR-03602,RET-03602,747,1,0
BUR-03603,RET-03603,695,1,1
BUR-03604,RET-03604,617,1,0
BUR-03605,RET-03605,714,6,1
BUR-03606,RET-03606,599,1,0
BUR-03607,RET-03607,873,1,0
BUR-03608,RET-03608,731,0,0
BUR-03609,RET-03609,532,4,0
BUR-03610,RET-03610,611,3,0
BUR-03611,RET-03611,609,5,0
BUR-03612,RET-03612,742,2,0
BUR-03613,RET-03613,580,1,0
BUR-03614,RET-03614,819,4,0
BUR-03615,RET-03615,708,5,1
BUR-03616,RET-03616,746,3,0
BUR-03617,RET-03617,550,2,0
BUR-03618,RET-03618,768,2,1
BUR-03619,RET-03619,778,4,2
BUR-03620,RET-03620,757,1,0
BUR-03621,RET-03621,844,1,1
BUR-03622,RET-03622,663,2,2
BUR-03623,RET-03623,686,2,1
BUR-03624,RET-03624,672,1,0
BUR-03625,RET-03625,774,2,0
BUR-03626,RET-03626,629,0,0
BUR-03627,RET-03627,842,1,0
BUR-03628,RET-03628,884,5,2
BUR-03629,RET-03629,632,0,0
BUR-03630,RET-03630,807,0,0
BUR-03631,RET-03631,804,2,0
BUR-03632,RET-03632,803,2,0
BUR-03633,RET-03633,823,5,0
BUR-03634,RET-03634,789,4,0
BUR-03635,RET-03635,611,3,0
BUR-03636,RET-03636,850,2,1
BUR-03637,RET-03637,550,3,0
BUR-03638,RET-03638,874,4,0
BUR-03639,RET-03639,778,0,0
BUR-03640,RET-03640,579,0,0
BUR-03641,RET-03641,764,5,0
BUR-03642,RET-03642,878,1,1
BUR-03643,RET-03643,736,0,0
BUR-03644,RET-03644,496,2,1
BUR-03645,RET-03645,838,4,1
BUR-03646,RET-03646,806,1,1
BUR-03647,RET-03647,795,3,0
BUR-03648,RET-03648,835,3,1
BUR-03649,RET-03649,870,3,0
BUR-03650,RET-03650,828,4,1
BUR-03651,RET-03651,519,4,1
BUR-03652,RET-03652,715,2,0
BUR-03653,RET-03653,823,2,0
BUR-03654,RET-03654,765,2,1
BUR-03655,RET-03655,671,3,1
BUR-03656,RET-03656,587,0,0
BUR-03657,RET-03657,754,3,0
BUR-03658,RET-03658,730,1,1
BUR-03659,RET-03659,767,1,0
BUR-03660,RET-03660,611,2,0
BUR-03661,RET-03661,653,3,0
BUR-03662,RET-03662,770,2,1
BUR-03663,RET-03663,783,1,1
BUR-03664,RET-03664,503,1,1
BUR-03665,RET-03665,829,1,1
BUR-03666,RET-03666,689,3,1
BUR-03667,RET-03667,609,4,2
BUR-03668,RET-03668,727,1,1
BUR-03669,RET-03669,689,1,1
BUR-03670,RET-03670,650,1,0
BUR-03671,RET-03671,640,1,1
BUR-03672,RET-03672,675,3,0
BUR-03673,RET-03673,740,5,1
BUR-03674,RET-03674,782,3,1
BUR-03675,RET-03675,643,5,1
BUR-03676,RET-03676,750,3,0
BUR-03677,RET-03677,739,3,0
BUR-03678,RET-03678,838,0,0
BUR-03679,RET-03679,842,3,1
BUR-03680,RET-03680,797,1,1
BUR-03681,RET-03681,649,2,0
BUR-03682,RET-03682,677,4,0
BUR-03683,RET-03683,767,3,1
BUR-03684,RET-03684,760,3,0
BUR-03685,RET-03685,589,2,2
BUR-03686,RET-03686,737,2,0
BUR-03687,RET-03687,586,0,0
BUR-03688,RET-03688,752,2,0
BUR-03689,RET-03689,725,3,1
BUR-03690,RET-03690,784,2,1
BUR-03691,RET-03691,810,0,0
BUR-03692,RET-03692,642,4,2
BUR-03693,RET-03693,803,2,0
BUR-03694,RET-03694,821,0,0
BUR-03695,RET-03695,571,2,0
BUR-03696,RET-03696,706,0,2
BUR-03697,RET-03697,702,3,0
BUR-03698,RET-03698,752,2,1
BUR-03699,RET-03699,589,2,0
BUR-03700,RET-03700,877,2,0
BUR-03701,RET-03701,734,3,1
BUR-03702,RET-03702,745,3,1
BUR-03703,RET-03703,748,0,0
BUR-03704,RET-03704,698,5,0
BUR-03705,RET-03705,740,2,1
BUR-03706,RET-03706,880,0,0
BUR-03707,RET-03707,723,2,0
BUR-03708,RET-03708,755,0,0
BUR-03709,RET-03709,759,0,0
BUR-03710,RET-03710,880,1,0
BUR-03711,RET-03711,801,3,1
BUR-03712,RET-03712,566,1,1
BUR-03713,RET-03713,617,5,0
BUR-03714,RET-03714,749,3,0
BUR-03715,RET-03715,742,0,1
BUR-03716,RET-03716,859,2,0
BUR-03717,RET-03717,732,5,0
BUR-03718,RET-03718,725,2,0
BUR-03719,RET-03719,815,3,1
BUR-03720,RET-03720,849,3,0
BUR-03721,RET-03721,631,5,0
BUR-03722,RET-03722,677,0,0
BUR-03723,RET-03723,852,4,0
BUR-03724,RET-03724,580,2,3
BUR-03725,RET-03725,718,4,0
BUR-03726,RET-03726,682,0,0
BUR-03727,RET-03727,446,3,1
BUR-03728,RET-03728,814,1,1
BUR-03729,RET-03729,728,2,1
BUR-03730,RET-03730,660,1,0
BUR-03731,RET-03731,853,1,0
BUR-03732,RET-03732,792,1,1
BUR-03733,RET-03733,691,2,0
BUR-03734,RET-03734,700,0,1
BUR-03735,RET-03735,777,1,2
BUR-03736,RET-03736,830,4,0
BUR-03737,RET-03737,772,2,1
BUR-03738,RET-03738,537,0,1
BUR-03739,RET-03739,765,2,0
BUR-03740,RET-03740,827,3,1
BUR-03741,RET-03741,735,3,0
BUR-03742,RET-03742,805,1,1
BUR-03743,RET-03743,841,1,1
BUR-03744,RET-03744,761,3,0
BUR-03745,RET-03745,773,1,0
BUR-03746,RET-03746,631,3,1
BUR-03747,RET-03747,630,2,1
BUR-03748,RET-03748,764,2,0
BUR-03749,RET-03749,736,0,1
BUR-03750,RET-03750,744,1,1
BUR-03751,RET-03751,805,5,0
BUR-03752,RET-03752,743,0,0
BUR-03753,RET-03753,517,1,0
BUR-03754,RET-03754,830,4,0
BUR-03755,RET-03755,864,3,0
BUR-03756,RET-03756,630,0,1
BUR-03757,RET-03757,674,2,0
BUR-03758,RET-03758,826,2,0
BUR-03759,RET-03759,517,4,2
BUR-03760,RET-03760,632,2,0
BUR-03761,RET-03761,830,4,0
BUR-03762,RET-03762,843,2,0
BUR-03763,RET-03763,762,5,0
BUR-03764,RET-03764,572,1,0
BUR-03765,RET-03765,826,3,0
BUR-03766,RET-03766,446,0,1
BUR-03767,RET-03767,534,2,0
BUR-03768,RET-03768,567,0,0
BUR-03769,RET-03769,594,0,2
BUR-03770,RET-03770,830,2,0
BUR-03771,RET-03771,776,4,1
BUR-03772,RET-03772,646,0,0
BUR-03773,RET-03773,743,1,0
BUR-03774,RET-03774,625,2,2
BUR-03775,RET-03775,789,1,0
BUR-03776,RET-03776,786,2,1
BUR-03777,RET-03777,622,3,1
BUR-03778,RET-03778,664,1,1
BUR-03779,RET-03779,847,5,2
BUR-03780,RET-03780,766,1,0
BUR-03781,RET-03781,781,3,1
BUR-03782,RET-03782,857,2,1
BUR-03783,RET-03783,660,2,0
BUR-03784,RET-03784,840,2,0
BUR-03785,RET-03785,839,1,2
BUR-03786,RET-03786,593,1,1
BUR-03787,RET-03787,687,3,0
BUR-03788,RET-03788,740,2,0
BUR-03789,RET-03789,633,0,1
BUR-03790,RET-03790,721,1,0
BUR-03791,RET-03791,890,2,2
BUR-03792,RET-03792,722,1,0
BUR-03793,RET-03793,747,0,1
BUR-03794,RET-03794,699,1,0
BUR-03795,RET-03795,704,1,0
BUR-03796,RET-03796,843,2,0
BUR-03797,RET-03797,835,4,0
BUR-03798,RET-03798,830,1,1
BUR-03799,RET-03799,766,4,0
BUR-03800,RET-03800,623,2,0
BUR-03801,RET-03801,881,4,2
BUR-03802,RET-03802,582,0,0
BUR-03803,RET-03803,727,2,1
BUR-03804,RET-03804,632,2,0
BUR-03805,RET-03805,581,1,2
BUR-03806,RET-03806,770,1,1
BUR-03807,RET-03807,773,4,1
BUR-03808,RET-03808,761,2,1
BUR-03809,RET-03809,552,1,1
BUR-03810,RET-03810,703,7,0
BUR-03811,RET-03811,716,1,1
BUR-03812,RET-03812,739,2,1
BUR-03813,RET-03813,616,2,1
BUR-03814,RET-03814,673,1,0
BUR-03815,RET-03815,819,1,0
BUR-03816,RET-03816,730,4,0
BUR-03817,RET-03817,537,1,0
BUR-03818,RET-03818,688,1,0
BUR-03819,RET-03819,797,4,0
BUR-03820,RET-03820,832,0,0
BUR-03821,RET-03821,847,4,1
BUR-03822,RET-03822,524,2,0
BUR-03823,RET-03823,752,7,0
BUR-03824,RET-03824,790,3,0
BUR-03825,RET-03825,792,0,0
BUR-03826,RET-03826,786,1,0
BUR-03827,RET-03827,689,1,1
BUR-03828,RET-03828,674,2,0
BUR-03829,RET-03829,671,5,0
BUR-03830,RET-03830,859,1,0
BUR-03831,RET-03831,812,2,0
BUR-03832,RET-03832,396,2,0
BUR-03833,RET-03833,858,3,1
BUR-03834,RET-03834,835,3,1
BUR-03835,RET-03835,717,3,1
BUR-03836,RET-03836,623,1,0
BUR-03837,RET-03837,683,4,0
BUR-03838,RET-03838,818,3,0
BUR-03839,RET-03839,787,2,0
BUR-03840,RET-03840,574,2,0
BUR-03841,RET-03841,681,3,0
BUR-03842,RET-03842,747,3,0
BUR-03843,RET-03843,845,1,0
BUR-03844,RET-03844,601,1,1
BUR-03845,RET-03845,744,0,1
BUR-03846,RET-03846,747,1,0
BUR-03847,RET-03847,673,3,0
BUR-03848,RET-03848,729,1,2
BUR-03849,RET-03849,800,0,0
BUR-03850,RET-03850,708,3,0
BUR-03851,RET-03851,751,1,1
BUR-03852,RET-03852,876,2,1
BUR-03853,RET-03853,706,3,0
BUR-03854,RET-03854,736,1,1
BUR-03855,RET-03855,757,2,1
BUR-03856,RET-03856,692,2,0
BUR-03857,RET-03857,821,1,0
BUR-03858,RET-03858,749,1,1
BUR-03859,RET-03859,844,1,2
BUR-03860,RET-03860,639,0,0
BUR-03861,RET-03861,611,4,0
BUR-03862,RET-03862,766,2,1
BUR-03863,RET-03863,777,1,0
BUR-03864,RET-03864,752,1,1
BUR-03865,RET-03865,529,1,1
BUR-03866,RET-03866,828,1,0
BUR-03867,RET-03867,680,2,1
BUR-03868,RET-03868,851,2,1
BUR-03869,RET-03869,813,2,0
BUR-03870,RET-03870,651,2,0
BUR-03871,RET-03871,670,2,0
BUR-03872,RET-03872,588,2,0
BUR-03873,RET-03873,831,1,0
BUR-03874,RET-03874,800,1,1
BUR-03875,RET-03875,650,1,1
BUR-03876,RET-03876,658,2,1
BUR-03877,RET-03877,726,0,0
BUR-03878,RET-03878,668,5,0
BUR-03879,RET-03879,622,3,0
BUR-03880,RET-03880,738,2,2
BUR-03881,RET-03881,819,2,0
BUR-03882,RET-03882,780,4,1
BUR-03883,RET-03883,695,1,0
BUR-03884,RET-03884,464,3,0
BUR-03885,RET-03885,539,1,0
BUR-03886,RET-03886,827,1,1
BUR-03887,RET-03887,770,4,0
BUR-03888,RET-03888,666,1,1
BUR-03889,RET-03889,811,2,0
BUR-03890,RET-03890,753,1,2
BUR-03891,RET-03891,762,0,0
BUR-03892,RET-03892,575,2,0
BUR-03893,RET-03893,784,1,0
BUR-03894,RET-03894,817,5,0
BUR-03895,RET-03895,597,5,1
BUR-03896,RET-03896,809,1,1
BUR-03897,RET-03897,739,4,1
BUR-03898,RET-03898,513,5,0
BUR-03899,RET-03899,666,1,2
BUR-03900,RET-03900,778,1,0
BUR-03901,RET-03901,868,1,1
BUR-03902,RET-03902,620,0,0
BUR-03903,RET-03903,800,4,1
BUR-03904,RET-03904,714,0,0
BUR-03905,RET-03905,739,2,0
BUR-03906,RET-03906,495,1,0
BUR-03907,RET-03907,793,4,0
BUR-03908,RET-03908,706,1,0
BUR-03909,RET-03909,782,3,0
BUR-03910,RET-03910,736,3,0
BUR-03911,RET-03911,670,1,0
BUR-03912,RET-03912,623,1,1
BUR-03913,RET-03913,786,6,0
BUR-03914,RET-03914,795,1,0
BUR-03915,RET-03915,605,2,1
BUR-03916,RET-03916,872,2,1
BUR-03917,RET-03917,594,1,0
BUR-03918,RET-03918,743,3,0
BUR-03919,RET-03919,771,2,1
BUR-03920,RET-03920,857,3,0
BUR-03921,RET-03921,807,2,0
BUR-03922,RET-03922,822,4,0
BUR-03923,RET-03923,777,2,0
BUR-03924,RET-03924,710,1,0
BUR-03925,RET-03925,681,1,3
BUR-03926,RET-03926,714,1,0
BUR-03927,RET-03927,853,1,0
BUR-03928,RET-03928,785,3,0
BUR-03929,RET-03929,712,2,0
BUR-03930,RET-03930,786,5,0
BUR-03931,RET-03931,698,1,0
BUR-03932,RET-03932,737,1,0
BUR-03933,RET-03933,637,0,0
BUR-03934,RET-03934,713,2,2
BUR-03935,RET-03935,840,1,0
BUR-03936,RET-03936,769,3,0
BUR-03937,RET-03937,769,4,0
BUR-03938,RET-03938,647,3,0
BUR-03939,RET-03939,709,2,0
BUR-03940,RET-03940,755,2,1
BUR-03941,RET-03941,824,1,0
BUR-03942,RET-03942,594,3,2
BUR-03943,RET-03943,730,4,1
BUR-03944,RET-03944,794,1,1
BUR-03945,RET-03945,834,1,0
BUR-03946,RET-03946,637,5,0
BUR-03947,RET-03947,595,1,1
BUR-03948,RET-03948,643,3,0
BUR-03949,RET-03949,719,0,1
BUR-03950,RET-03950,761,5,1
BUR-03951,RET-03951,772,3,1
BUR-03952,RET-03952,719,5,1
BUR-03953,RET-03953,524,1,2
BUR-03954,RET-03954,807,5,0
BUR-03955,RET-03955,867,3,0
BUR-03956,RET-03956,826,2,0
BUR-03957,RET-03957,600,1,1
BUR-03958,RET-03958,842,0,0
BUR-03959,RET-03959,797,2,1
BUR-03960,RET-03960,699,1,0
BUR-03961,RET-03961,789,2,2
BUR-03962,RET-03962,846,2,1
BUR-03963,RET-03963,819,0,1
BUR-03964,RET-03964,662,0,1
BUR-03965,RET-03965,602,1,0
BUR-03966,RET-03966,521,2,1
BUR-03967,RET-03967,695,3,0
BUR-03968,RET-03968,818,1,2
BUR-03969,RET-03969,548,3,1
BUR-03970,RET-03970,765,1,0
BUR-03971,RET-03971,703,1,0
BUR-03972,RET-03972,645,4,1
BUR-03973,RET-03973,727,3,0
BUR-03974,RET-03974,705,2,0
BUR-03975,RET-03975,776,1,2
BUR-03976,RET-03976,729,4,0
BUR-03977,RET-03977,751,2,0
BUR-03978,RET-03978,762,2,0
BUR-03979,RET-03979,632,1,1
BUR-03980,RET-03980,772,2,0
BUR-03981,RET-03981,864,0,1
BUR-03982,RET-03982,867,1,0
BUR-03983,RET-03983,755,2,0
BUR-03984,RET-03984,601,2,1
BUR-03985,RET-03985,754,2,2
BUR-03986,RET-03986,710,1,1
BUR-03987,RET-03987,734,2,1
BUR-03988,RET-03988,830,1,0
BUR-03989,RET-03989,715,6,0
BUR-03990,RET-03990,645,1,0
BUR-03991,RET-03991,669,1,0
BUR-03992,RET-03992,711,2,1
BUR-03993,RET-03993,520,2,0
BUR-03994,RET-03994,847,2,0
BUR-03995,RET-03995,725,4,0
BUR-03996,RET-03996,693,4,0
BUR-03997,RET-03997,763,2,0
BUR-03998,RET-03998,739,3,0
BUR-03999,RET-03999,624,0,0
BUR-04000,RET-04000,805,0,0
BUR-04001,RET-04001,812,2,2
BUR-04002,RET-04002,696,0,1
BUR-04003,RET-04003,566,4,0
BUR-04004,RET-04004,681,2,0
BUR-04005,RET-04005,724,3,0
BUR-04006,RET-04006,757,2,0
BUR-04007,RET-04007,683,0,0
BUR-04008,RET-04008,814,1,0
BUR-04009,RET-04009,707,1,1
BUR-04010,RET-04010,702,0,1
BUR-04011,RET-04011,755,7,0
BUR-04012,RET-04012,860,3,1
BUR-04013,RET-04013,810,1,1
BUR-04014,RET-04014,718,2,0
BUR-04015,RET-04015,702,1,3
BUR-04016,RET-04016,694,3,0
BUR-04017,RET-04017,682,1,1
BUR-04018,RET-04018,738,1,0
BUR-04019,RET-04019,795,0,0
BUR-04020,RET-04020,698,1,0
BUR-04021,RET-04021,732,1,2
BUR-04022,RET-04022,790,3,0
BUR-04023,RET-04023,768,0,1
BUR-04024,RET-04024,768,3,1
BUR-04025,RET-04025,640,6,1
BUR-04026,RET-04026,856,2,0
BUR-04027,RET-04027,761,3,0
BUR-04028,RET-04028,712,0,2
BUR-04029,RET-04029,701,5,1
BUR-04030,RET-04030,631,0,0
BUR-04031,RET-04031,864,2,0
BUR-04032,RET-04032,572,1,1
BUR-04033,RET-04033,672,3,1
BUR-04034,RET-04034,757,4,0
BUR-04035,RET-04035,528,2,1
BUR-04036,RET-04036,824,4,0
BUR-04037,RET-04037,656,3,0
BUR-04038,RET-04038,685,2,0
BUR-04039,RET-04039,802,1,0
BUR-04040,RET-04040,666,2,1
BUR-04041,RET-04041,809,3,0
BUR-04042,RET-04042,729,2,0
BUR-04043,RET-04043,718,1,0
BUR-04044,RET-04044,663,2,0
BUR-04045,RET-04045,809,0,0
BUR-04046,RET-04046,646,2,0
BUR-04047,RET-04047,817,1,1
BUR-04048,RET-04048,649,2,0
BUR-04049,RET-04049,640,3,1
BUR-04050,RET-04050,744,6,0
BUR-04051,RET-04051,798,1,0
BUR-04052,RET-04052,524,1,0
BUR-04053,RET-04053,848,2,1
BUR-04054,RET-04054,832,2,0
BUR-04055,RET-04055,664,5,0
BUR-04056,RET-04056,759,1,2
BUR-04057,RET-04057,722,1,1
BUR-04058,RET-04058,805,3,1
BUR-04059,RET-04059,723,2,2
BUR-04060,RET-04060,862,2,0
BUR-04061,RET-04061,818,3,0
BUR-04062,RET-04062,825,0,0
BUR-04063,RET-04063,833,2,0
BUR-04064,RET-04064,755,2,3
BUR-04065,RET-04065,627,2,0
BUR-04066,RET-04066,694,1,0
BUR-04067,RET-04067,766,1,1
BUR-04068,RET-04068,672,4,0
BUR-04069,RET-04069,795,2,0
BUR-04070,RET-04070,758,1,0
BUR-04071,RET-04071,749,3,0
BUR-04072,RET-04072,709,3,2
BUR-04073,RET-04073,776,4,1
BUR-04074,RET-04074,709,2,0
BUR-04075,RET-04075,770,2,0
BUR-04076,RET-04076,818,5,0
BUR-04077,RET-04077,736,3,1
BUR-04078,RET-04078,610,0,0
BUR-04079,RET-04079,853,1,1
BUR-04080,RET-04080,603,1,0
BUR-04081,RET-04081,504,1,0
BUR-04082,RET-04082,836,1,1
BUR-04083,RET-04083,770,1,0
BUR-04084,RET-04084,787,3,0
BUR-04085,RET-04085,793,1,0
BUR-04086,RET-04086,644,4,1
BUR-04087,RET-04087,735,3,0
BUR-04088,RET-04088,474,0,0
BUR-04089,RET-04089,774,1,0
BUR-04090,RET-04090,842,4,0
BUR-04091,RET-04091,725,1,1
BUR-04092,RET-04092,723,1,2
BUR-04093,RET-04093,623,3,1
BUR-04094,RET-04094,542,1,0
BUR-04095,RET-04095,782,1,0
BUR-04096,RET-04096,744,2,0
BUR-04097,RET-04097,837,2,0
BUR-04098,RET-04098,736,1,0
BUR-04099,RET-04099,746,3,1
BUR-04100,RET-04100,787,5,0
BUR-04101,RET-04101,675,3,0
BUR-04102,RET-04102,749,5,0
BUR-04103,RET-04103,569,1,0
BUR-04104,RET-04104,748,3,0
BUR-04105,RET-04105,843,3,1
BUR-04106,RET-04106,874,3,0
BUR-04107,RET-04107,809,1,0
BUR-04108,RET-04108,826,2,1
BUR-04109,RET-04109,766,5,0
BUR-04110,RET-04110,752,4,1
BUR-04111,RET-04111,609,2,0
BUR-04112,RET-04112,726,1,0
BUR-04113,RET-04113,654,5,0
BUR-04114,RET-04114,755,5,0
BUR-04115,RET-04115,689,1,1
BUR-04116,RET-04116,571,0,2
BUR-04117,RET-04117,720,1,1
BUR-04118,RET-04118,407,1,0
BUR-04119,RET-04119,679,3,0
BUR-04120,RET-04120,749,4,0
BUR-04121,RET-04121,648,1,0
BUR-04122,RET-04122,832,3,0
BUR-04123,RET-04123,696,4,0
BUR-04124,RET-04124,600,2,1
BUR-04125,RET-04125,760,2,0
BUR-04126,RET-04126,790,1,1
BUR-04127,RET-04127,637,4,0
BUR-04128,RET-04128,555,2,0
BUR-04129,RET-04129,682,2,0
BUR-04130,RET-04130,857,2,1
BUR-04131,RET-04131,882,2,0
BUR-04132,RET-04132,729,1,0
BUR-04133,RET-04133,663,2,0
BUR-04134,RET-04134,773,3,1
BUR-04135,RET-04135,540,3,0
BUR-04136,RET-04136,839,2,0
BUR-04137,RET-04137,805,0,0
BUR-04138,RET-04138,557,1,0
BUR-04139,RET-04139,763,1,0
BUR-04140,RET-04140,621,1,0
BUR-04141,RET-04141,515,3,1
BUR-04142,RET-04142,576,2,0
BUR-04143,RET-04143,643,4,0
BUR-04144,RET-04144,765,3,0
BUR-04145,RET-04145,665,5,1
BUR-04146,RET-04146,786,2,0
BUR-04147,RET-04147,638,0,0
BUR-04148,RET-04148,877,1,1
BUR-04149,RET-04149,753,0,0
BUR-04150,RET-04150,885,0,3
BUR-04151,RET-04151,797,0,1
BUR-04152,RET-04152,783,2,0
BUR-04153,RET-04153,766,2,0
BUR-04154,RET-04154,814,1,0
BUR-04155,RET-04155,747,2,0
BUR-04156,RET-04156,693,1,0
BUR-04157,RET-04157,689,1,1
BUR-04158,RET-04158,755,0,0
BUR-04159,RET-04159,606,1,3
BUR-04160,RET-04160,697,2,1
BUR-04161,RET-04161,848,3,0
BUR-04162,RET-04162,809,0,0
BUR-04163,RET-04163,774,2,0
BUR-04164,RET-04164,742,2,1
BUR-04165,RET-04165,808,2,0
BUR-04166,RET-04166,596,2,0
BUR-04167,RET-04167,845,1,0
BUR-04168,RET-04168,833,2,0
BUR-04169,RET-04169,611,3,0
BUR-04170,RET-04170,661,0,0
BUR-04171,RET-04171,666,5,1
BUR-04172,RET-04172,508,2,1
BUR-04173,RET-04173,715,0,2
BUR-04174,RET-04174,816,2,0
BUR-04175,RET-04175,772,3,0
BUR-04176,RET-04176,763,0,0
BUR-04177,RET-04177,701,4,1
BUR-04178,RET-04178,468,1,1
BUR-04179,RET-04179,810,2,1
BUR-04180,RET-04180,775,2,2
BUR-04181,RET-04181,739,2,1
BUR-04182,RET-04182,874,1,1
BUR-04183,RET-04183,665,3,0
BUR-04184,RET-04184,800,3,3
BUR-04185,RET-04185,630,2,1
BUR-04186,RET-04186,634,2,0
BUR-04187,RET-04187,724,3,0
BUR-04188,RET-04188,663,4,2
BUR-04189,RET-04189,810,0,0
BUR-04190,RET-04190,734,5,1
BUR-04191,RET-04191,623,1,0
BUR-04192,RET-04192,688,5,0
BUR-04193,RET-04193,602,0,0
BUR-04194,RET-04194,816,4,0
BUR-04195,RET-04195,768,2,0
BUR-04196,RET-04196,654,2,1
BUR-04197,RET-04197,667,2,1
BUR-04198,RET-04198,820,2,0
BUR-04199,RET-04199,594,2,1
BUR-04200,RET-04200,605,2,0
BUR-04201,RET-04201,560,4,1
BUR-04202,RET-04202,722,1,0
BUR-04203,RET-04203,787,0,0
BUR-04204,RET-04204,871,3,0
BUR-04205,RET-04205,613,4,0
BUR-04206,RET-04206,790,1,1
BUR-04207,RET-04207,752,1,0
BUR-04208,RET-04208,850,1,0
BUR-04209,RET-04209,826,4,1
BUR-04210,RET-04210,826,3,0
BUR-04211,RET-04211,644,3,3
BUR-04212,RET-04212,844,2,2
BUR-04213,RET-04213,674,2,0
BUR-04214,RET-04214,734,0,0
BUR-04215,RET-04215,773,3,1
BUR-04216,RET-04216,737,1,0
BUR-04217,RET-04217,545,4,0
BUR-04218,RET-04218,567,4,0
BUR-04219,RET-04219,743,2,1
BUR-04220,RET-04220,619,2,0
BUR-04221,RET-04221,684,3,1
BUR-04222,RET-04222,766,5,1
BUR-04223,RET-04223,616,1,0
BUR-04224,RET-04224,775,2,0
BUR-04225,RET-04225,823,2,1
BUR-04226,RET-04226,832,2,0
BUR-04227,RET-04227,884,0,0
BUR-04228,RET-04228,854,2,1
BUR-04229,RET-04229,691,1,0
BUR-04230,RET-04230,824,1,1
BUR-04231,RET-04231,876,2,0
BUR-04232,RET-04232,660,3,0
BUR-04233,RET-04233,786,3,1
BUR-04234,RET-04234,615,2,0
BUR-04235,RET-04235,647,2,3
BUR-04236,RET-04236,803,1,1
BUR-04237,RET-04237,870,2,0
BUR-04238,RET-04238,618,2,0
BUR-04239,RET-04239,747,0,0
BUR-04240,RET-04240,813,0,2
BUR-04241,RET-04241,808,2,0
BUR-04242,RET-04242,550,0,0
BUR-04243,RET-04243,709,3,0
BUR-04244,RET-04244,509,2,0
BUR-04245,RET-04245,604,1,0
BUR-04246,RET-04246,848,0,1
BUR-04247,RET-04247,581,1,0
BUR-04248,RET-04248,778,0,1
BUR-04249,RET-04249,735,1,1
BUR-04250,RET-04250,484,3,0
BUR-04251,RET-04251,801,1,0
BUR-04252,RET-04252,773,4,0
BUR-04253,RET-04253,825,1,0
BUR-04254,RET-04254,866,1,0
BUR-04255,RET-04255,598,2,0
BUR-04256,RET-04256,832,1,2
BUR-04257,RET-04257,760,2,0
BUR-04258,RET-04258,804,1,1
BUR-04259,RET-04259,811,1,0
BUR-04260,RET-04260,835,3,0
BUR-04261,RET-04261,707,0,0
BUR-04262,RET-04262,495,3,1
BUR-04263,RET-04263,637,5,0
BUR-04264,RET-04264,782,3,1
BUR-04265,RET-04265,789,3,0
BUR-04266,RET-04266,744,2,1
BUR-04267,RET-04267,729,1,1
BUR-04268,RET-04268,750,1,0
BUR-04269,RET-04269,735,4,0
BUR-04270,RET-04270,757,0,0
BUR-04271,RET-04271,826,3,0
BUR-04272,RET-04272,631,3,0
BUR-04273,RET-04273,602,5,0
BUR-04274,RET-04274,780,2,0
BUR-04275,RET-04275,722,3,0
BUR-04276,RET-04276,553,2,0
BUR-04277,RET-04277,768,2,0
BUR-04278,RET-04278,709,3,0
BUR-04279,RET-04279,716,1,1
BUR-04280,RET-04280,811,3,0
BUR-04281,RET-04281,742,1,1
BUR-04282,RET-04282,773,5,0
BUR-04283,RET-04283,786,0,0
BUR-04284,RET-04284,733,0,0
BUR-04285,RET-04285,746,2,1
BUR-04286,RET-04286,731,0,1
BUR-04287,RET-04287,691,0,0
BUR-04288,RET-04288,752,1,0
BUR-04289,RET-04289,632,1,0
BUR-04290,RET-04290,862,5,0
BUR-04291,RET-04291,697,2,0
BUR-04292,RET-04292,581,3,0
BUR-04293,RET-04293,658,1,1
BUR-04294,RET-04294,815,1,1
BUR-04295,RET-04295,743,0,0
BUR-04296,RET-04296,827,2,0
BUR-04297,RET-04297,788,0,0
BUR-04298,RET-04298,820,1,1
BUR-04299,RET-04299,681,2,1
BUR-04300,RET-04300,628,3,1
BUR-04301,RET-04301,808,0,0
BUR-04302,RET-04302,774,0,2
BUR-04303,RET-04303,552,2,1
BUR-04304,RET-04304,873,3,2
BUR-04305,RET-04305,634,2,0
BUR-04306,RET-04306,568,3,0
BUR-04307,RET-04307,733,3,0
BUR-04308,RET-04308,796,0,1
BUR-04309,RET-04309,620,1,1
BUR-04310,RET-04310,733,3,0
BUR-04311,RET-04311,690,3,2
BUR-04312,RET-04312,856,3,0
BUR-04313,RET-04313,820,1,0
BUR-04314,RET-04314,778,2,1
BUR-04315,RET-04315,698,0,2
BUR-04316,RET-04316,576,1,0
BUR-04317,RET-04317,817,0,0
BUR-04318,RET-04318,701,1,1
BUR-04319,RET-04319,448,1,0
BUR-04320,RET-04320,736,2,1
BUR-04321,RET-04321,851,1,2
BUR-04322,RET-04322,785,1,0
BUR-04323,RET-04323,720,3,0
BUR-04324,RET-04324,657,2,0
BUR-04325,RET-04325,766,0,0
BUR-04326,RET-04326,870,1,1
BUR-04327,RET-04327,777,3,1
BUR-04328,RET-04328,814,5,1
BUR-04329,RET-04329,710,3,0
BUR-04330,RET-04330,864,0,0
BUR-04331,RET-04331,732,2,0
BUR-04332,RET-04332,792,2,0
BUR-04333,RET-04333,631,0,1
BUR-04334,RET-04334,764,4,0
BUR-04335,RET-04335,671,1,0
BUR-04336,RET-04336,761,1,0
BUR-04337,RET-04337,851,1,0
BUR-04338,RET-04338,817,2,1
BUR-04339,RET-04339,760,0,0
BUR-04340,RET-04340,644,1,1
BUR-04341,RET-04341,645,2,0
BUR-04342,RET-04342,634,4,0
BUR-04343,RET-04343,773,0,0
BUR-04344,RET-04344,717,1,0
BUR-04345,RET-04345,863,3,1
BUR-04346,RET-04346,742,2,0
BUR-04347,RET-04347,644,1,0
BUR-04348,RET-04348,572,1,0
BUR-04349,RET-04349,888,2,2
BUR-04350,RET-04350,763,4,2
BUR-04351,RET-04351,770,0,0
BUR-04352,RET-04352,627,3,0
BUR-04353,RET-04353,464,3,0
BUR-04354,RET-04354,606,1,2
BUR-04355,RET-04355,803,4,0
BUR-04356,RET-04356,810,3,0
BUR-04357,RET-04357,697,1,0
BUR-04358,RET-04358,772,0,0
BUR-04359,RET-04359,839,1,0
BUR-04360,RET-04360,823,2,1
BUR-04361,RET-04361,528,3,1
BUR-04362,RET-04362,659,3,1
BUR-04363,RET-04363,845,2,2
BUR-04364,RET-04364,796,1,1
BUR-04365,RET-04365,770,2,0
BUR-04366,RET-04366,578,2,0
BUR-04367,RET-04367,753,1,1
BUR-04368,RET-04368,753,3,0
BUR-04369,RET-04369,836,5,0
BUR-04370,RET-04370,705,0,0
BUR-04371,RET-04371,629,1,0
BUR-04372,RET-04372,756,2,0
BUR-04373,RET-04373,877,1,0
BUR-04374,RET-04374,674,5,0
BUR-04375,RET-04375,811,3,1
BUR-04376,RET-04376,478,3,0
BUR-04377,RET-04377,673,2,0
BUR-04378,RET-04378,608,3,1
BUR-04379,RET-04379,655,5,1
BUR-04380,RET-04380,654,3,0
BUR-04381,RET-04381,739,1,1
BUR-04382,RET-04382,795,0,1
BUR-04383,RET-04383,735,3,0
BUR-04384,RET-04384,864,0,2
BUR-04385,RET-04385,652,1,1
BUR-04386,RET-04386,648,1,1
BUR-04387,RET-04387,827,5,0
BUR-04388,RET-04388,676,4,1
BUR-04389,RET-04389,766,3,0
BUR-04390,RET-04390,816,2,0
BUR-04391,RET-04391,602,1,0
BUR-04392,RET-04392,705,2,0
BUR-04393,RET-04393,701,2,0
BUR-04394,RET-04394,798,3,0
BUR-04395,RET-04395,843,3,0
BUR-04396,RET-04396,683,4,0
BUR-04397,RET-04397,729,3,0
BUR-04398,RET-04398,762,1,1
BUR-04399,RET-04399,703,3,0
BUR-04400,RET-04400,721,4,0
BUR-04401,RET-04401,776,0,0
BUR-04402,RET-04402,722,1,0
BUR-04403,RET-04403,817,3,0
BUR-04404,RET-04404,609,1,0
BUR-04405,RET-04405,583,1,0
BUR-04406,RET-04406,537,2,1
BUR-04407,RET-04407,788,5,0
BUR-04408,RET-04408,807,2,0
BUR-04409,RET-04409,738,4,2
BUR-04410,RET-04410,697,0,0
BUR-04411,RET-04411,694,1,0
BUR-04412,RET-04412,813,1,0
BUR-04413,RET-04413,742,3,1
BUR-04414,RET-04414,755,2,0
BUR-04415,RET-04415,812,1,1
BUR-04416,RET-04416,710,0,1
BUR-04417,RET-04417,777,2,2
BUR-04418,RET-04418,702,1,0
BUR-04419,RET-04419,626,1,0
BUR-04420,RET-04420,663,1,1
BUR-04421,RET-04421,643,1,1
BUR-04422,RET-04422,806,1,1
BUR-04423,RET-04423,754,0,0
BUR-04424,RET-04424,593,1,0
BUR-04425,RET-04425,628,1,0
BUR-04426,RET-04426,829,1,1
BUR-04427,RET-04427,834,1,0
BUR-04428,RET-04428,733,2,0
BUR-04429,RET-04429,758,1,0
BUR-04430,RET-04430,606,1,0
BUR-04431,RET-04431,657,1,1
BUR-04432,RET-04432,748,0,0
BUR-04433,RET-04433,696,2,1
BUR-04434,RET-04434,712,4,2
BUR-04435,RET-04435,799,0,1
BUR-04436,RET-04436,791,3,0
BUR-04437,RET-04437,730,1,2
BUR-04438,RET-04438,565,1,1
BUR-04439,RET-04439,490,0,0
BUR-04440,RET-04440,831,2,2
BUR-04441,RET-04441,561,1,1
BUR-04442,RET-04442,764,3,0
BUR-04443,RET-04443,719,2,1
BUR-04444,RET-04444,718,4,0
BUR-04445,RET-04445,805,3,0
BUR-04446,RET-04446,828,5,0
BUR-04447,RET-04447,837,1,0
BUR-04448,RET-04448,804,3,0
BUR-04449,RET-04449,853,0,0
BUR-04450,RET-04450,619,3,3
BUR-04451,RET-04451,681,0,0
BUR-04452,RET-04452,830,2,0
BUR-04453,RET-04453,806,0,0
BUR-04454,RET-04454,826,2,0
BUR-04455,RET-04455,733,1,0
BUR-04456,RET-04456,749,3,3
BUR-04457,RET-04457,610,1,3
BUR-04458,RET-04458,796,2,2
BUR-04459,RET-04459,657,1,0
BUR-04460,RET-04460,757,3,1
BUR-04461,RET-04461,754,0,1
BUR-04462,RET-04462,773,0,0
BUR-04463,RET-04463,716,3,0
BUR-04464,RET-04464,681,4,0
BUR-04465,RET-04465,797,3,0
BUR-04466,RET-04466,818,2,1
BUR-04467,RET-04467,731,1,0
BUR-04468,RET-04468,629,1,0
BUR-04469,RET-04469,888,3,0
BUR-04470,RET-04470,842,3,0
BUR-04471,RET-04471,693,1,1
BUR-04472,RET-04472,625,3,0
BUR-04473,RET-04473,528,5,1
BUR-04474,RET-04474,755,0,0
BUR-04475,RET-04475,825,2,2
BUR-04476,RET-04476,810,2,1
BUR-04477,RET-04477,735,2,0
BUR-04478,RET-04478,631,2,1
BUR-04479,RET-04479,839,1,0
BUR-04480,RET-04480,869,2,1
BUR-04481,RET-04481,690,1,0
BUR-04482,RET-04482,832,2,0
BUR-04483,RET-04483,834,3,2
BUR-04484,RET-04484,771,2,0
BUR-04485,RET-04485,723,1,0
BUR-04486,RET-04486,631,3,0
BUR-04487,RET-04487,653,7,1
BUR-04488,RET-04488,714,0,1
BUR-04489,RET-04489,861,3,0
BUR-04490,RET-04490,531,1,0
BUR-04491,RET-04491,711,3,0
BUR-04492,RET-04492,723,2,0
BUR-04493,RET-04493,786,3,1
BUR-04494,RET-04494,774,1,0
BUR-04495,RET-04495,681,3,2
BUR-04496,RET-04496,835,1,1
BUR-04497,RET-04497,665,5,0
BUR-04498,RET-04498,655,2,0
BUR-04499,RET-04499,767,2,1
BUR-04500,RET-04500,871,0,0
BUR-04501,RET-04501,659,3,1
BUR-04502,RET-04502,752,2,0
BUR-04503,RET-04503,884,0,0
BUR-04504,RET-04504,774,2,0
BUR-04505,RET-04505,644,3,1
BUR-04506,RET-04506,793,1,0
BUR-04507,RET-04507,604,1,0
BUR-04508,RET-04508,705,2,0
BUR-04509,RET-04509,876,2,1
BUR-04510,RET-04510,758,2,1
BUR-04511,RET-04511,768,2,2
BUR-04512,RET-04512,624,1,0
BUR-04513,RET-04513,745,2,0
BUR-04514,RET-04514,758,2,1
BUR-04515,RET-04515,816,2,0
BUR-04516,RET-04516,867,3,1
BUR-04517,RET-04517,674,3,0
BUR-04518,RET-04518,803,1,0
BUR-04519,RET-04519,819,3,0
BUR-04520,RET-04520,846,1,0
BUR-04521,RET-04521,881,1,0
BUR-04522,RET-04522,760,1,0
BUR-04523,RET-04523,745,2,0
BUR-04524,RET-04524,592,1,0
BUR-04525,RET-04525,720,0,0
BUR-04526,RET-04526,672,0,0
BUR-04527,RET-04527,552,1,1
BUR-04528,RET-04528,792,2,2
BUR-04529,RET-04529,636,1,1
BUR-04530,RET-04530,770,1,0
BUR-04531,RET-04531,600,0,0
BUR-04532,RET-04532,707,2,0
BUR-04533,RET-04533,797,0,1
BUR-04534,RET-04534,632,1,2
BUR-04535,RET-04535,868,5,0
BUR-04536,RET-04536,810,3,4
BUR-04537,RET-04537,599,3,0
BUR-04538,RET-04538,707,1,0
BUR-04539,RET-04539,670,1,0
BUR-04540,RET-04540,861,1,0
BUR-04541,RET-04541,861,5,1
BUR-04542,RET-04542,685,2,1
BUR-04543,RET-04543,551,0,1
BUR-04544,RET-04544,811,2,0
BUR-04545,RET-04545,792,2,0
BUR-04546,RET-04546,612,3,0
BUR-04547,RET-04547,806,2,0
BUR-04548,RET-04548,796,0,1
BUR-04549,RET-04549,866,4,2
BUR-04550,RET-04550,767,3,2
BUR-04551,RET-04551,662,2,0
BUR-04552,RET-04552,795,2,0
BUR-04553,RET-04553,595,1,1
BUR-04554,RET-04554,739,3,0
BUR-04555,RET-04555,860,0,1
BUR-04556,RET-04556,698,0,0
BUR-04557,RET-04557,599,1,1
BUR-04558,RET-04558,801,1,0
BUR-04559,RET-04559,698,2,0
BUR-04560,RET-04560,461,2,1
BUR-04561,RET-04561,716,3,1
BUR-04562,RET-04562,667,2,1
BUR-04563,RET-04563,625,2,0
BUR-04564,RET-04564,866,2,0
BUR-04565,RET-04565,836,3,0
BUR-04566,RET-04566,739,0,0
BUR-04567,RET-04567,793,3,1
BUR-04568,RET-04568,792,4,1
BUR-04569,RET-04569,837,1,0
BUR-04570,RET-04570,566,3,1
BUR-04571,RET-04571,777,1,1
BUR-04572,RET-04572,576,1,0
BUR-04573,RET-04573,825,5,0
BUR-04574,RET-04574,811,0,0
BUR-04575,RET-04575,565,2,0
BUR-04576,RET-04576,622,2,0
BUR-04577,RET-04577,839,3,1
BUR-04578,RET-04578,631,3,2
BUR-04579,RET-04579,658,1,2
BUR-04580,RET-04580,668,2,0
BUR-04581,RET-04581,625,0,1
BUR-04582,RET-04582,727,1,0
BUR-04583,RET-04583,827,2,1
BUR-04584,RET-04584,841,6,0
BUR-04585,RET-04585,560,1,1
BUR-04586,RET-04586,658,3,1
BUR-04587,RET-04587,699,0,1
BUR-04588,RET-04588,710,5,1
BUR-04589,RET-04589,583,5,1
BUR-04590,RET-04590,765,3,2
BUR-04591,RET-04591,878,1,1
BUR-04592,RET-04592,744,1,1
BUR-04593,RET-04593,653,4,1
BUR-04594,RET-04594,671,0,1
BUR-04595,RET-04595,830,0,1
BUR-04596,RET-04596,768,2,0
BUR-04597,RET-04597,670,1,1
BUR-04598,RET-04598,801,1,2
BUR-04599,RET-04599,760,2,0
BUR-04600,RET-04600,791,2,0
BUR-04601,RET-04601,771,3,0
BUR-04602,RET-04602,837,1,1
BUR-04603,RET-04603,634,3,0
BUR-04604,RET-04604,678,2,0
BUR-04605,RET-04605,704,2,1
BUR-04606,RET-04606,549,2,2
BUR-04607,RET-04607,742,0,0
BUR-04608,RET-04608,735,4,0
BUR-04609,RET-04609,760,2,1
BUR-04610,RET-04610,442,2,2
BUR-04611,RET-04611,721,1,1
BUR-04612,RET-04612,816,1,1
BUR-04613,RET-04613,639,4,0
BUR-04614,RET-04614,812,3,1
BUR-04615,RET-04615,530,4,1
BUR-04616,RET-04616,818,2,0
BUR-04617,RET-04617,689,4,1
BUR-04618,RET-04618,554,3,0
BUR-04619,RET-04619,829,0,0
BUR-04620,RET-04620,637,3,1
BUR-04621,RET-04621,576,1,0
BUR-04622,RET-04622,825,4,0
BUR-04623,RET-04623,683,2,1
BUR-04624,RET-04624,713,2,0
BUR-04625,RET-04625,649,1,0
BUR-04626,RET-04626,674,2,0
BUR-04627,RET-04627,613,1,2
BUR-04628,RET-04628,618,1,0
BUR-04629,RET-04629,579,0,1
BUR-04630,RET-04630,770,2,0
BUR-04631,RET-04631,733,3,1
BUR-04632,RET-04632,783,2,0
BUR-04633,RET-04633,758,1,0
BUR-04634,RET-04634,653,1,0
BUR-04635,RET-04635,614,1,0
BUR-04636,RET-04636,854,4,1
BUR-04637,RET-04637,822,1,0
BUR-04638,RET-04638,817,2,0
BUR-04639,RET-04639,773,1,0
BUR-04640,RET-04640,801,2,0
BUR-04641,RET-04641,880,1,0
BUR-04642,RET-04642,755,1,1
BUR-04643,RET-04643,768,2,1
BUR-04644,RET-04644,741,4,0
BUR-04645,RET-04645,722,4,0
BUR-04646,RET-04646,874,2,2
BUR-04647,RET-04647,829,0,1
BUR-04648,RET-04648,734,0,0
BUR-04649,RET-04649,763,1,1
BUR-04650,RET-04650,771,2,0
BUR-04651,RET-04651,773,2,0
BUR-04652,RET-04652,786,2,0
BUR-04653,RET-04653,686,1,0
BUR-04654,RET-04654,597,5,0
BUR-04655,RET-04655,717,1,0
BUR-04656,RET-04656,566,2,2
BUR-04657,RET-04657,573,1,0
BUR-04658,RET-04658,788,2,0
BUR-04659,RET-04659,530,3,0
BUR-04660,RET-04660,757,1,2
BUR-04661,RET-04661,867,2,0
BUR-04662,RET-04662,723,4,2
BUR-04663,RET-04663,845,1,1
BUR-04664,RET-04664,709,3,0
BUR-04665,RET-04665,760,0,1
BUR-04666,RET-04666,770,2,0
BUR-04667,RET-04667,531,3,0
BUR-04668,RET-04668,808,1,0
BUR-04669,RET-04669,826,3,1
BUR-04670,RET-04670,709,4,1
BUR-04671,RET-04671,751,2,2
BUR-04672,RET-04672,534,3,0
BUR-04673,RET-04673,516,0,0
BUR-04674,RET-04674,741,4,2
BUR-04675,RET-04675,782,3,0
BUR-04676,RET-04676,789,1,0
BUR-04677,RET-04677,698,3,1
BUR-04678,RET-04678,716,1,0
BUR-04679,RET-04679,756,6,1
BUR-04680,RET-04680,568,3,0
BUR-04681,RET-04681,682,3,0
BUR-04682,RET-04682,753,1,0
BUR-04683,RET-04683,510,3,0
BUR-04684,RET-04684,716,4,1
BUR-04685,RET-04685,705,5,0
BUR-04686,RET-04686,782,4,0
BUR-04687,RET-04687,868,0,1
BUR-04688,RET-04688,651,1,1
BUR-04689,RET-04689,871,2,1
BUR-04690,RET-04690,704,3,1
BUR-04691,RET-04691,841,1,0
BUR-04692,RET-04692,686,0,0
BUR-04693,RET-04693,729,0,0
BUR-04694,RET-04694,693,1,0
BUR-04695,RET-04695,890,2,0
BUR-04696,RET-04696,773,4,0
BUR-04697,RET-04697,595,4,1
BUR-04698,RET-04698,630,0,2
BUR-04699,RET-04699,707,1,1
BUR-04700,RET-04700,688,5,1
BUR-04701,RET-04701,610,6,1
BUR-04702,RET-04702,759,2,0
BUR-04703,RET-04703,708,2,0
BUR-04704,RET-04704,641,1,0
BUR-04705,RET-04705,848,2,0
BUR-04706,RET-04706,704,1,0
BUR-04707,RET-04707,791,2,0
BUR-04708,RET-04708,672,2,0
BUR-04709,RET-04709,793,3,0
BUR-04710,RET-04710,719,2,1
BUR-04711,RET-04711,523,3,1
BUR-04712,RET-04712,820,4,1
BUR-04713,RET-04713,895,2,0
BUR-04714,RET-04714,643,1,0
BUR-04715,RET-04715,798,7,0
BUR-04716,RET-04716,633,1,0
BUR-04717,RET-04717,701,7,4
BUR-04718,RET-04718,810,3,1
BUR-04719,RET-04719,684,2,1
BUR-04720,RET-04720,875,3,1
BUR-04721,RET-04721,689,5,0
BUR-04722,RET-04722,600,1,0
BUR-04723,RET-04723,661,0,1
BUR-04724,RET-04724,861,2,1
BUR-04725,RET-04725,824,3,1
BUR-04726,RET-04726,787,2,0
BUR-04727,RET-04727,692,2,0
BUR-04728,RET-04728,887,1,0
BUR-04729,RET-04729,721,2,0
BUR-04730,RET-04730,836,3,1
BUR-04731,RET-04731,781,1,1
BUR-04732,RET-04732,554,5,1
BUR-04733,RET-04733,846,2,1
BUR-04734,RET-04734,846,2,2
BUR-04735,RET-04735,698,1,0
BUR-04736,RET-04736,729,3,0
BUR-04737,RET-04737,847,2,0
BUR-04738,RET-04738,737,1,0
BUR-04739,RET-04739,775,1,0
BUR-04740,RET-04740,585,3,0
BUR-04741,RET-04741,779,1,1
BUR-04742,RET-04742,785,3,1
BUR-04743,RET-04743,854,3,1
BUR-04744,RET-04744,646,3,1
BUR-04745,RET-04745,802,3,0
BUR-04746,RET-04746,728,3,2
BUR-04747,RET-04747,872,0,0
BUR-04748,RET-04748,739,5,0
BUR-04749,RET-04749,727,3,0
BUR-04750,RET-04750,828,2,1
BUR-04751,RET-04751,776,1,0
BUR-04752,RET-04752,770,1,1
BUR-04753,RET-04753,763,1,3
BUR-04754,RET-04754,695,1,0
BUR-04755,RET-04755,476,1,0
BUR-04756,RET-04756,814,1,0
BUR-04757,RET-04757,708,1,0
BUR-04758,RET-04758,723,2,2
BUR-04759,RET-04759,812,0,1
BUR-04760,RET-04760,703,0,0
BUR-04761,RET-04761,756,1,1
BUR-04762,RET-04762,669,0,1
BUR-04763,RET-04763,820,3,0
BUR-04764,RET-04764,603,4,2
BUR-04765,RET-04765,766,1,0
BUR-04766,RET-04766,754,1,0
BUR-04767,RET-04767,768,1,2
BUR-04768,RET-04768,753,1,0
BUR-04769,RET-04769,597,3,0
BUR-04770,RET-04770,841,5,0
BUR-04771,RET-04771,649,0,0
BUR-04772,RET-04772,602,0,1
BUR-04773,RET-04773,809,1,1
BUR-04774,RET-04774,857,4,0
BUR-04775,RET-04775,799,0,0
BUR-04776,RET-04776,617,1,0
BUR-04777,RET-04777,714,2,2
BUR-04778,RET-04778,529,1,1
BUR-04779,RET-04779,583,3,1
BUR-04780,RET-04780,760,2,0
BUR-04781,RET-04781,615,1,0
BUR-04782,RET-04782,817,3,0
BUR-04783,RET-04783,808,6,1
BUR-04784,RET-04784,649,0,2
BUR-04785,RET-04785,854,4,1
BUR-04786,RET-04786,601,0,0
BUR-04787,RET-04787,721,2,0
BUR-04788,RET-04788,791,0,0
BUR-04789,RET-04789,742,0,0
BUR-04790,RET-04790,636,2,0
BUR-04791,RET-04791,751,3,0
BUR-04792,RET-04792,853,2,0
BUR-04793,RET-04793,808,0,1
BUR-04794,RET-04794,788,0,0
BUR-04795,RET-04795,807,3,1
BUR-04796,RET-04796,482,1,0
BUR-04797,RET-04797,732,3,0
BUR-04798,RET-04798,658,3,1
BUR-04799,RET-04799,809,4,1
BUR-04800,RET-04800,851,0,1
BUR-04801,RET-04801,760,2,2
BUR-04802,RET-04802,710,2,1
BUR-04803,RET-04803,813,2,0
BUR-04804,RET-04804,747,2,0
BUR-04805,RET-04805,766,3,1
BUR-04806,RET-04806,740,3,0
BUR-04807,RET-04807,820,3,2
BUR-04808,RET-04808,599,4,0
BUR-04809,RET-04809,857,6,0
BUR-04810,RET-04810,808,4,1
BUR-04811,RET-04811,701,1,2
BUR-04812,RET-04812,591,2,0
BUR-04813,RET-04813,751,0,0
BUR-04814,RET-04814,701,3,0
BUR-04815,RET-04815,656,5,0
BUR-04816,RET-04816,840,3,1
BUR-04817,RET-04817,691,3,0
BUR-04818,RET-04818,757,0,0
BUR-04819,RET-04819,850,1,0
BUR-04820,RET-04820,713,1,0
BUR-04821,RET-04821,773,2,0
BUR-04822,RET-04822,670,0,0
BUR-04823,RET-04823,801,1,0
BUR-04824,RET-04824,807,1,0
BUR-04825,RET-04825,713,4,1
BUR-04826,RET-04826,582,2,0
BUR-04827,RET-04827,664,0,1
BUR-04828,RET-04828,677,4,1
BUR-04829,RET-04829,704,5,1
BUR-04830,RET-04830,860,0,2
BUR-04831,RET-04831,727,2,0
BUR-04832,RET-04832,780,4,0
BUR-04833,RET-04833,791,6,1
BUR-04834,RET-04834,676,5,0
BUR-04835,RET-04835,680,0,0
BUR-04836,RET-04836,715,1,2
BUR-04837,RET-04837,672,3,1
BUR-04838,RET-04838,674,4,0
BUR-04839,RET-04839,814,3,0
BUR-04840,RET-04840,530,1,3
BUR-04841,RET-04841,631,2,0
BUR-04842,RET-04842,848,1,0
BUR-04843,RET-04843,800,1,0
BUR-04844,RET-04844,584,2,0
BUR-04845,RET-04845,772,6,0
BUR-04846,RET-04846,787,3,2
BUR-04847,RET-04847,695,2,0
BUR-04848,RET-04848,766,1,0
BUR-04849,RET-04849,757,1,0
BUR-04850,RET-04850,630,3,0
BUR-04851,RET-04851,611,0,0
BUR-04852,RET-04852,710,4,0
BUR-04853,RET-04853,622,2,0
BUR-04854,RET-04854,650,1,0
BUR-04855,RET-04855,836,2,2
BUR-04856,RET-04856,653,4,1
BUR-04857,RET-04857,858,3,1
BUR-04858,RET-04858,471,1,0
BUR-04859,RET-04859,744,5,1
BUR-04860,RET-04860,647,2,1
BUR-04861,RET-04861,791,2,0
BUR-04862,RET-04862,711,0,0
BUR-04863,RET-04863,799,5,0
BUR-04864,RET-04864,836,2,0
BUR-04865,RET-04865,742,0,1
BUR-04866,RET-04866,734,2,0
BUR-04867,RET-04867,535,3,1
BUR-04868,RET-04868,832,1,0
BUR-04869,RET-04869,601,3,1
BUR-04870,RET-04870,867,1,1
BUR-04871,RET-04871,724,2,0
BUR-04872,RET-04872,844,3,0
BUR-04873,RET-04873,398,2,0
BUR-04874,RET-04874,637,3,0
BUR-04875,RET-04875,898,4,0
BUR-04876,RET-04876,746,1,0
BUR-04877,RET-04877,791,0,0
BUR-04878,RET-04878,737,3,2
BUR-04879,RET-04879,794,6,0
BUR-04880,RET-04880,581,1,0
BUR-04881,RET-04881,846,2,1
BUR-04882,RET-04882,844,1,0
BUR-04883,RET-04883,642,2,0
BUR-04884,RET-04884,623,0,0
BUR-04885,RET-04885,676,1,1
BUR-04886,RET-04886,765,1,1
BUR-04887,RET-04887,819,2,1
BUR-04888,RET-04888,818,1,1
BUR-04889,RET-04889,719,4,0
BUR-04890,RET-04890,730,4,1
BUR-04891,RET-04891,543,1,2
BUR-04892,RET-04892,804,1,1
BUR-04893,RET-04893,727,1,1
BUR-04894,RET-04894,774,1,0
BUR-04895,RET-04895,746,1,2
BUR-04896,RET-04896,766,3,0
BUR-04897,RET-04897,876,2,1
BUR-04898,RET-04898,719,0,0
BUR-04899,RET-04899,692,1,0
BUR-04900,RET-04900,787,3,1
BUR-04901,RET-04901,711,3,1
BUR-04902,RET-04902,733,4,0
BUR-04903,RET-04903,735,1,0
BUR-04904,RET-04904,805,4,1
BUR-04905,RET-04905,798,1,1
BUR-04906,RET-04906,851,0,2
BUR-04907,RET-04907,700,2,3
BUR-04908,RET-04908,624,4,1
BUR-04909,RET-04909,838,1,0
BUR-04910,RET-04910,690,2,1
BUR-04911,RET-04911,657,0,0
BUR-04912,RET-04912,869,1,1
BUR-04913,RET-04913,772,4,1
BUR-04914,RET-04914,838,2,0
BUR-04915,RET-04915,777,3,0
BUR-04916,RET-04916,795,1,0
BUR-04917,RET-04917,851,3,1
BUR-04918,RET-04918,823,1,1
BUR-04919,RET-04919,742,1,0
BUR-04920,RET-04920,792,3,1
BUR-04921,RET-04921,849,1,0
BUR-04922,RET-04922,669,2,0
BUR-04923,RET-04923,723,1,0
BUR-04924,RET-04924,723,1,0
BUR-04925,RET-04925,731,1,0
BUR-04926,RET-04926,626,1,0
BUR-04927,RET-04927,777,2,1
BUR-04928,RET-04928,464,9,0
BUR-04929,RET-04929,772,4,0
BUR-04930,RET-04930,848,0,0
BUR-04931,RET-04931,807,4,0
BUR-04932,RET-04932,641,2,0
BUR-04933,RET-04933,723,2,1
BUR-04934,RET-04934,715,2,0
BUR-04935,RET-04935,802,0,0
BUR-04936,RET-04936,805,1,0
BUR-04937,RET-04937,551,2,0
BUR-04938,RET-04938,755,3,1
BUR-04939,RET-04939,810,0,0
BUR-04940,RET-04940,822,2,0
BUR-04941,RET-04941,870,2,0
BUR-04942,RET-04942,786,1,0
BUR-04943,RET-04943,693,1,0
BUR-04944,RET-04944,740,2,0
BUR-04945,RET-04945,861,1,1
BUR-04946,RET-04946,850,3,1
BUR-04947,RET-04947,759,2,0
BUR-04948,RET-04948,746,0,2
BUR-04949,RET-04949,616,1,0
BUR-04950,RET-04950,799,0,1
BUR-04951,RET-04951,859,4,1
BUR-04952,RET-04952,829,3,1
BUR-04953,RET-04953,725,3,1
BUR-04954,RET-04954,875,1,0
BUR-04955,RET-04955,782,4,0
BUR-04956,RET-04956,719,1,2
BUR-04957,RET-04957,773,4,0
BUR-04958,RET-04958,743,5,0
BUR-04959,RET-04959,839,1,0
BUR-04960,RET-04960,700,0,2
BUR-04961,RET-04961,493,1,0
BUR-04962,RET-04962,552,1,0
BUR-04963,RET-04963,798,2,0
BUR-04964,RET-04964,708,2,0
BUR-04965,RET-04965,788,2,1
BUR-04966,RET-04966,720,2,1
BUR-04967,RET-04967,797,1,0
BUR-04968,RET-04968,684,1,1
BUR-04969,RET-04969,785,2,0
BUR-04970,RET-04970,757,3,1
BUR-04971,RET-04971,671,1,0
BUR-04972,RET-04972,792,5,0
BUR-04973,RET-04973,706,1,1
BUR-04974,RET-04974,710,1,0
BUR-04975,RET-04975,695,4,1
BUR-04976,RET-04976,615,5,0
BUR-04977,RET-04977,795,2,2
BUR-04978,RET-04978,676,0,0
BUR-04979,RET-04979,852,2,2
BUR-04980,RET-04980,844,3,1
BUR-04981,RET-04981,493,2,0
BUR-04982,RET-04982,720,1,1
BUR-04983,RET-04983,817,0,1
BUR-04984,RET-04984,759,4,1
BUR-04985,RET-04985,712,2,0
BUR-04986,RET-04986,689,1,1
BUR-04987,RET-04987,810,3,0
BUR-04988,RET-04988,703,3,2
BUR-04989,RET-04989,871,5,0
BUR-04990,RET-04990,847,3,0
BUR-04991,RET-04991,805,3,2
BUR-04992,RET-04992,749,6,1
BUR-04993,RET-04993,645,0,0
BUR-04994,RET-04994,739,1,0
BUR-04995,RET-04995,630,0,0
BUR-04996,RET-04996,740,6,0
BUR-04997,RET-04997,793,1,0
BUR-04998,RET-04998,790,4,0
BUR-04999,RET-04999,635,3,0
BUR-05000,RET-05000,626,4,0
BUR-05001,RET-05001,776,3,1
BUR-05002,RET-05002,827,0,0
BUR-05003,RET-05003,881,2,2
BUR-05004,RET-05004,832,1,2
BUR-05005,RET-05005,804,0,0
BUR-05006,RET-05006,627,1,0
BUR-05007,RET-05007,527,2,0
BUR-05008,RET-05008,682,2,0
BUR-05009,RET-05009,622,0,1
BUR-05010,RET-05010,846,1,1
BUR-05011,RET-05011,686,1,1
BUR-05012,RET-05012,658,3,0
BUR-05013,RET-05013,710,2,0
BUR-05014,RET-05014,829,2,0
BUR-05015,RET-05015,822,3,0
BUR-05016,RET-05016,634,2,0
BUR-05017,RET-05017,764,1,1
BUR-05018,RET-05018,856,1,0
BUR-05019,RET-05019,815,2,0
BUR-05020,RET-05020,755,2,0
BUR-05021,RET-05021,832,1,0
BUR-05022,RET-05022,602,0,0
BUR-05023,RET-05023,791,1,0
BUR-05024,RET-05024,477,4,1
BUR-05025,RET-05025,718,4,0
BUR-05026,RET-05026,658,3,0
BUR-05027,RET-05027,683,2,0
BUR-05028,RET-05028,697,0,0
BUR-05029,RET-05029,753,3,2
BUR-05030,RET-05030,645,3,0
BUR-05031,RET-05031,592,2,1
BUR-05032,RET-05032,760,2,0
BUR-05033,RET-05033,874,2,3
BUR-05034,RET-05034,810,4,0
BUR-05035,RET-05035,855,1,0
BUR-05036,RET-05036,884,1,1
BUR-05037,RET-05037,503,2,0
BUR-05038,RET-05038,821,0,0
BUR-05039,RET-05039,729,4,1
BUR-05040,RET-05040,749,2,2
BUR-05041,RET-05041,658,3,0
BUR-05042,RET-05042,882,1,0
BUR-05043,RET-05043,642,2,0
BUR-05044,RET-05044,769,3,0
BUR-05045,RET-05045,778,3,1
BUR-05046,RET-05046,592,0,0
BUR-05047,RET-05047,691,3,0
BUR-05048,RET-05048,871,2,3
BUR-05049,RET-05049,860,2,0
BUR-05050,RET-05050,809,1,0
BUR-05051,RET-05051,847,2,0
BUR-05052,RET-05052,606,3,1
BUR-05053,RET-05053,655,0,0
BUR-05054,RET-05054,710,3,0
BUR-05055,RET-05055,533,0,1
BUR-05056,RET-05056,662,2,0
BUR-05057,RET-05057,800,3,0
BUR-05058,RET-05058,867,2,0
BUR-05059,RET-05059,740,3,2
BUR-05060,RET-05060,581,0,1
BUR-05061,RET-05061,710,5,2
BUR-05062,RET-05062,678,3,0
BUR-05063,RET-05063,736,0,1
BUR-05064,RET-05064,665,1,0
BUR-05065,RET-05065,703,1,0
BUR-05066,RET-05066,817,2,0
BUR-05067,RET-05067,775,1,2
BUR-05068,RET-05068,606,0,0
BUR-05069,RET-05069,739,1,2
BUR-05070,RET-05070,747,4,0
BUR-05071,RET-05071,615,4,0
BUR-05072,RET-05072,772,1,0
BUR-05073,RET-05073,754,4,2
BUR-05074,RET-05074,694,1,0
BUR-05075,RET-05075,514,3,1
BUR-05076,RET-05076,832,2,2
BUR-05077,RET-05077,699,3,1
BUR-05078,RET-05078,546,1,0
BUR-05079,RET-05079,877,0,1
BUR-05080,RET-05080,839,0,0
BUR-05081,RET-05081,870,1,0
BUR-05082,RET-05082,732,1,0
BUR-05083,RET-05083,880,0,1
BUR-05084,RET-05084,735,1,0
BUR-05085,RET-05085,750,1,1
BUR-05086,RET-05086,737,3,0
BUR-05087,RET-05087,774,0,0
BUR-05088,RET-05088,615,2,0
BUR-05089,RET-05089,740,1,0
BUR-05090,RET-05090,708,3,0
BUR-05091,RET-05091,672,1,0
BUR-05092,RET-05092,675,2,0
BUR-05093,RET-05093,813,1,0
BUR-05094,RET-05094,761,1,0
BUR-05095,RET-05095,743,0,1
BUR-05096,RET-05096,688,1,0
BUR-05097,RET-05097,724,0,0
BUR-05098,RET-05098,635,3,0
BUR-05099,RET-05099,754,3,1
BUR-05100,RET-05100,646,0,0
BUR-05101,RET-05101,757,2,1
BUR-05102,RET-05102,774,5,2
BUR-05103,RET-05103,814,1,1
BUR-05104,RET-05104,702,2,0
BUR-05105,RET-05105,859,0,0
BUR-05106,RET-05106,872,1,0
BUR-05107,RET-05107,748,1,0
BUR-05108,RET-05108,706,1,1
BUR-05109,RET-05109,837,2,0
BUR-05110,RET-05110,774,2,1
BUR-05111,RET-05111,659,1,2
BUR-05112,RET-05112,802,3,1
BUR-05113,RET-05113,775,1,1
BUR-05114,RET-05114,727,1,0
BUR-05115,RET-05115,668,0,1
BUR-05116,RET-05116,587,3,2
BUR-05117,RET-05117,745,2,2
BUR-05118,RET-05118,842,1,1
BUR-05119,RET-05119,802,2,0
BUR-05120,RET-05120,882,2,0
BUR-05121,RET-05121,729,1,1
BUR-05122,RET-05122,710,4,1
BUR-05123,RET-05123,789,1,0
BUR-05124,RET-05124,835,3,2
BUR-05125,RET-05125,776,3,0
BUR-05126,RET-05126,841,5,0
BUR-05127,RET-05127,788,0,1
BUR-05128,RET-05128,602,1,1
BUR-05129,RET-05129,762,2,0
BUR-05130,RET-05130,762,3,0
BUR-05131,RET-05131,549,1,0
BUR-05132,RET-05132,832,2,0
BUR-05133,RET-05133,782,1,0
BUR-05134,RET-05134,826,0,0
BUR-05135,RET-05135,847,0,1
BUR-05136,RET-05136,443,2,0
BUR-05137,RET-05137,673,2,1
BUR-05138,RET-05138,871,0,0
BUR-05139,RET-05139,661,0,1
BUR-05140,RET-05140,720,1,0
BUR-05141,RET-05141,839,1,0
BUR-05142,RET-05142,642,2,0
BUR-05143,RET-05143,667,1,2
BUR-05144,RET-05144,760,2,0
BUR-05145,RET-05145,624,3,0
BUR-05146,RET-05146,777,1,0
BUR-05147,RET-05147,800,3,1
BUR-05148,RET-05148,715,3,2
BUR-05149,RET-05149,736,1,2
BUR-05150,RET-05150,821,5,0
BUR-05151,RET-05151,702,4,0
BUR-05152,RET-05152,691,3,0
BUR-05153,RET-05153,750,2,0
BUR-05154,RET-05154,708,4,1
BUR-05155,RET-05155,645,1,0
BUR-05156,RET-05156,715,2,1
BUR-05157,RET-05157,590,0,0
BUR-05158,RET-05158,810,1,1
BUR-05159,RET-05159,835,3,0
BUR-05160,RET-05160,787,2,0
BUR-05161,RET-05161,854,4,0
BUR-05162,RET-05162,759,2,1
BUR-05163,RET-05163,842,1,0
BUR-05164,RET-05164,768,0,1
BUR-05165,RET-05165,859,2,0
BUR-05166,RET-05166,624,2,0
BUR-05167,RET-05167,727,1,0
BUR-05168,RET-05168,875,3,0
BUR-05169,RET-05169,861,2,0
BUR-05170,RET-05170,687,3,0
BUR-05171,RET-05171,677,1,0
BUR-05172,RET-05172,588,3,1
BUR-05173,RET-05173,671,3,2
BUR-05174,RET-05174,681,2,1
BUR-05175,RET-05175,578,0,1
BUR-05176,RET-05176,861,3,1
BUR-05177,RET-05177,665,2,0
BUR-05178,RET-05178,865,1,2
BUR-05179,RET-05179,639,1,1
BUR-05180,RET-05180,862,1,1
BUR-05181,RET-05181,686,3,0
BUR-05182,RET-05182,751,4,0
BUR-05183,RET-05183,696,0,1
BUR-05184,RET-05184,668,0,0
BUR-05185,RET-05185,711,2,0
BUR-05186,RET-05186,647,3,0
BUR-05187,RET-05187,718,2,0
BUR-05188,RET-05188,780,2,0
BUR-05189,RET-05189,806,2,1
BUR-05190,RET-05190,711,1,0
BUR-05191,RET-05191,810,1,0
BUR-05192,RET-05192,766,0,0
BUR-05193,RET-05193,721,0,0
BUR-05194,RET-05194,802,2,0
BUR-05195,RET-05195,756,3,0
BUR-05196,RET-05196,564,1,0
BUR-05197,RET-05197,868,1,1
BUR-05198,RET-05198,756,7,0
BUR-05199,RET-05199,708,1,0
BUR-05200,RET-05200,487,2,0
BUR-05201,RET-05201,747,1,1
BUR-05202,RET-05202,643,2,0
BUR-05203,RET-05203,737,1,1
BUR-05204,RET-05204,668,2,0
BUR-05205,RET-05205,800,5,0
BUR-05206,RET-05206,777,2,2
BUR-05207,RET-05207,572,3,0
BUR-05208,RET-05208,717,0,0
BUR-05209,RET-05209,852,2,1
BUR-05210,RET-05210,473,2,1
BUR-05211,RET-05211,789,7,1
BUR-05212,RET-05212,714,0,0
BUR-05213,RET-05213,614,5,0
BUR-05214,RET-05214,811,1,0
BUR-05215,RET-05215,617,3,1
BUR-05216,RET-05216,607,2,0
BUR-05217,RET-05217,736,4,0
BUR-05218,RET-05218,423,1,0
BUR-05219,RET-05219,738,2,1
BUR-05220,RET-05220,673,0,2
BUR-05221,RET-05221,724,1,1
BUR-05222,RET-05222,727,3,0
BUR-05223,RET-05223,777,6,1
BUR-05224,RET-05224,604,5,1
BUR-05225,RET-05225,729,1,0
BUR-05226,RET-05226,784,4,2
BUR-05227,RET-05227,785,4,0
BUR-05228,RET-05228,806,1,1
BUR-05229,RET-05229,726,3,2
BUR-05230,RET-05230,761,5,0
BUR-05231,RET-05231,620,1,0
BUR-05232,RET-05232,769,0,0
BUR-05233,RET-05233,691,3,0
BUR-05234,RET-05234,623,2,0
BUR-05235,RET-05235,737,1,0
BUR-05236,RET-05236,834,2,1
BUR-05237,RET-05237,764,2,2
BUR-05238,RET-05238,855,1,0
BUR-05239,RET-05239,741,1,1
BUR-05240,RET-05240,725,2,1
BUR-05241,RET-05241,749,2,0
BUR-05242,RET-05242,676,1,3
BUR-05243,RET-05243,887,4,0
BUR-05244,RET-05244,762,1,0
BUR-05245,RET-05245,810,1,0
BUR-05246,RET-05246,732,0,1
BUR-05247,RET-05247,766,1,1
BUR-05248,RET-05248,579,3,1
BUR-05249,RET-05249,724,3,0
BUR-05250,RET-05250,834,1,1
BUR-05251,RET-05251,748,1,1
BUR-05252,RET-05252,761,1,1
BUR-05253,RET-05253,682,2,0
BUR-05254,RET-05254,706,4,1
BUR-05255,RET-05255,596,4,0
BUR-05256,RET-05256,869,2,1
BUR-05257,RET-05257,736,0,0
BUR-05258,RET-05258,792,6,0
BUR-05259,RET-05259,652,3,0
BUR-05260,RET-05260,620,1,1
BUR-05261,RET-05261,724,2,0
BUR-05262,RET-05262,815,3,1
BUR-05263,RET-05263,857,2,0
BUR-05264,RET-05264,646,2,0
BUR-05265,RET-05265,528,1,0
BUR-05266,RET-05266,823,0,0
BUR-05267,RET-05267,466,1,0
BUR-05268,RET-05268,812,0,0
BUR-05269,RET-05269,434,2,0
BUR-05270,RET-05270,759,1,2
BUR-05271,RET-05271,838,1,0
BUR-05272,RET-05272,648,3,0
BUR-05273,RET-05273,811,2,1
BUR-05274,RET-05274,728,2,2
BUR-05275,RET-05275,741,3,0
BUR-05276,RET-05276,689,1,1
BUR-05277,RET-05277,785,2,0
BUR-05278,RET-05278,729,1,1
BUR-05279,RET-05279,741,4,0
BUR-05280,RET-05280,711,6,1
BUR-05281,RET-05281,731,5,0
BUR-05282,RET-05282,743,1,1
BUR-05283,RET-05283,741,1,1
BUR-05284,RET-05284,784,3,0
BUR-05285,RET-05285,748,2,0
BUR-05286,RET-05286,803,5,1
BUR-05287,RET-05287,733,2,0
BUR-05288,RET-05288,645,0,2
BUR-05289,RET-05289,806,1,0
BUR-05290,RET-05290,884,1,0
BUR-05291,RET-05291,702,2,0
BUR-05292,RET-05292,804,1,0
BUR-05293,RET-05293,851,2,1
BUR-05294,RET-05294,673,1,1
BUR-05295,RET-05295,595,1,0
BUR-05296,RET-05296,870,2,0
BUR-05297,RET-05297,745,1,0
BUR-05298,RET-05298,762,1,0
BUR-05299,RET-05299,835,2,0
BUR-05300,RET-05300,666,2,0
BUR-05301,RET-05301,705,1,1
BUR-05302,RET-05302,798,2,1
BUR-05303,RET-05303,627,2,1
BUR-05304,RET-05304,839,2,2
BUR-05305,RET-05305,658,3,0
BUR-05306,RET-05306,611,3,2
BUR-05307,RET-05307,751,1,0
BUR-05308,RET-05308,541,2,2
BUR-05309,RET-05309,721,2,0
BUR-05310,RET-05310,737,3,0
BUR-05311,RET-05311,837,1,1
BUR-05312,RET-05312,562,1,0
BUR-05313,RET-05313,802,4,0
BUR-05314,RET-05314,857,3,0
BUR-05315,RET-05315,627,0,2
BUR-05316,RET-05316,792,1,2
BUR-05317,RET-05317,738,1,0
BUR-05318,RET-05318,630,1,2
BUR-05319,RET-05319,706,1,1
BUR-05320,RET-05320,644,5,0
BUR-05321,RET-05321,649,1,0
BUR-05322,RET-05322,613,1,0
BUR-05323,RET-05323,650,3,1
BUR-05324,RET-05324,558,2,1
BUR-05325,RET-05325,592,1,0
BUR-05326,RET-05326,592,2,2
BUR-05327,RET-05327,814,3,1
BUR-05328,RET-05328,857,3,1
BUR-05329,RET-05329,710,3,0
BUR-05330,RET-05330,827,3,0
BUR-05331,RET-05331,680,3,1
BUR-05332,RET-05332,704,1,1
BUR-05333,RET-05333,749,3,1
BUR-05334,RET-05334,752,2,1
BUR-05335,RET-05335,819,0,0
BUR-05336,RET-05336,478,1,1
BUR-05337,RET-05337,669,1,1
BUR-05338,RET-05338,780,3,1
BUR-05339,RET-05339,825,2,0
BUR-05340,RET-05340,696,0,0
BUR-05341,RET-05341,689,4,1
BUR-05342,RET-05342,752,4,1
BUR-05343,RET-05343,853,1,0
BUR-05344,RET-05344,803,2,1
BUR-05345,RET-05345,855,1,0
BUR-05346,RET-05346,832,4,0
BUR-05347,RET-05347,650,2,0
BUR-05348,RET-05348,733,3,0
BUR-05349,RET-05349,810,0,0
BUR-05350,RET-05350,713,4,0
BUR-05351,RET-05351,860,3,1
BUR-05352,RET-05352,779,2,0
BUR-05353,RET-05353,857,3,0
BUR-05354,RET-05354,762,0,1
BUR-05355,RET-05355,825,4,1
BUR-05356,RET-05356,684,0,0
BUR-05357,RET-05357,886,2,1
BUR-05358,RET-05358,806,0,2
BUR-05359,RET-05359,735,3,0
BUR-05360,RET-05360,598,2,0
BUR-05361,RET-05361,666,3,0
BUR-05362,RET-05362,728,1,1
BUR-05363,RET-05363,590,1,1
BUR-05364,RET-05364,649,1,0
BUR-05365,RET-05365,762,0,0
BUR-05366,RET-05366,418,3,0
BUR-05367,RET-05367,788,4,0
BUR-05368,RET-05368,643,2,1
BUR-05369,RET-05369,657,1,0
BUR-05370,RET-05370,644,1,0
BUR-05371,RET-05371,608,4,0
BUR-05372,RET-05372,783,1,0
BUR-05373,RET-05373,690,1,0
BUR-05374,RET-05374,812,2,1
BUR-05375,RET-05375,758,2,0
BUR-05376,RET-05376,789,4,1
BUR-05377,RET-05377,724,2,0
BUR-05378,RET-05378,638,1,0
BUR-05379,RET-05379,715,1,1
BUR-05380,RET-05380,685,2,0
BUR-05381,RET-05381,830,0,0
BUR-05382,RET-05382,609,1,0
BUR-05383,RET-05383,690,4,1
BUR-05384,RET-05384,860,2,0
BUR-05385,RET-05385,871,4,0
BUR-05386,RET-05386,809,2,0
BUR-05387,RET-05387,718,3,2
BUR-05388,RET-05388,696,2,0
BUR-05389,RET-05389,686,2,2
BUR-05390,RET-05390,782,4,0
BUR-05391,RET-05391,833,3,0
BUR-05392,RET-05392,777,4,1
BUR-05393,RET-05393,765,3,2
BUR-05394,RET-05394,670,4,0
BUR-05395,RET-05395,783,2,0
BUR-05396,RET-05396,593,3,1
BUR-05397,RET-05397,724,3,0
BUR-05398,RET-05398,467,1,1
BUR-05399,RET-05399,847,2,1
BUR-05400,RET-05400,612,1,0
BUR-05401,RET-05401,809,0,2
BUR-05402,RET-05402,632,3,0
BUR-05403,RET-05403,749,0,0
BUR-05404,RET-05404,674,2,0
BUR-05405,RET-05405,549,1,3
BUR-05406,RET-05406,686,4,0
BUR-05407,RET-05407,705,4,0
BUR-05408,RET-05408,800,0,0
BUR-05409,RET-05409,863,0,0
BUR-05410,RET-05410,574,4,0
BUR-05411,RET-05411,641,2,0
BUR-05412,RET-05412,651,4,0
BUR-05413,RET-05413,556,3,2
BUR-05414,RET-05414,783,1,2
BUR-05415,RET-05415,830,1,1
BUR-05416,RET-05416,720,0,1
BUR-05417,RET-05417,652,1,0
BUR-05418,RET-05418,753,2,0
BUR-05419,RET-05419,564,3,0
BUR-05420,RET-05420,571,2,1
BUR-05421,RET-05421,754,0,1
BUR-05422,RET-05422,639,0,0
BUR-05423,RET-05423,760,3,1
BUR-05424,RET-05424,591,2,0
BUR-05425,RET-05425,729,2,2
BUR-05426,RET-05426,840,2,1
BUR-05427,RET-05427,688,1,0
BUR-05428,RET-05428,731,1,0
BUR-05429,RET-05429,827,1,1
BUR-05430,RET-05430,719,5,1
BUR-05431,RET-05431,767,0,0
BUR-05432,RET-05432,647,1,0
BUR-05433,RET-05433,877,1,3
BUR-05434,RET-05434,705,1,0
BUR-05435,RET-05435,672,3,0
BUR-05436,RET-05436,682,2,0
BUR-05437,RET-05437,631,6,2
BUR-05438,RET-05438,656,1,0
BUR-05439,RET-05439,720,6,0
BUR-05440,RET-05440,702,2,1
BUR-05441,RET-05441,589,5,0
BUR-05442,RET-05442,609,4,0
BUR-05443,RET-05443,672,1,1
BUR-05444,RET-05444,619,3,0
BUR-05445,RET-05445,643,2,0
BUR-05446,RET-05446,653,2,0
BUR-05447,RET-05447,636,2,0
BUR-05448,RET-05448,776,3,0
BUR-05449,RET-05449,781,3,0
BUR-05450,RET-05450,884,1,1
BUR-05451,RET-05451,654,3,1
BUR-05452,RET-05452,757,1,0
BUR-05453,RET-05453,806,3,0
BUR-05454,RET-05454,818,1,0
BUR-05455,RET-05455,705,1,1
BUR-05456,RET-05456,556,5,2
BUR-05457,RET-05457,665,2,0
BUR-05458,RET-05458,697,0,1
BUR-05459,RET-05459,687,3,2
BUR-05460,RET-05460,633,2,0
BUR-05461,RET-05461,825,3,0
BUR-05462,RET-05462,832,1,2
BUR-05463,RET-05463,789,0,0
BUR-05464,RET-05464,723,2,0
BUR-05465,RET-05465,643,2,0
BUR-05466,RET-05466,799,2,1
BUR-05467,RET-05467,616,1,1
BUR-05468,RET-05468,837,0,0
BUR-05469,RET-05469,665,1,0
BUR-05470,RET-05470,760,0,0
BUR-05471,RET-05471,802,2,0
BUR-05472,RET-05472,806,1,1
BUR-05473,RET-05473,697,4,0
BUR-05474,RET-05474,758,5,2
BUR-05475,RET-05475,803,3,0
BUR-05476,RET-05476,778,3,1
BUR-05477,RET-05477,740,6,1
BUR-05478,RET-05478,702,3,0
BUR-05479,RET-05479,753,7,0
BUR-05480,RET-05480,780,2,0
BUR-05481,RET-05481,849,1,0
BUR-05482,RET-05482,722,2,0
BUR-05483,RET-05483,758,1,0
BUR-05484,RET-05484,775,1,2
BUR-05485,RET-05485,860,2,1
BUR-05486,RET-05486,851,2,1
BUR-05487,RET-05487,740,3,0
BUR-05488,RET-05488,608,2,0
BUR-05489,RET-05489,701,1,0
BUR-05490,RET-05490,707,0,0
BUR-05491,RET-05491,677,0,1
BUR-05492,RET-05492,512,1,0
BUR-05493,RET-05493,815,2,2
BUR-05494,RET-05494,862,3,0
BUR-05495,RET-05495,761,0,0
BUR-05496,RET-05496,524,3,1
BUR-05497,RET-05497,827,1,3
BUR-05498,RET-05498,621,3,0
BUR-05499,RET-05499,806,1,0
BUR-05500,RET-05500,716,1,0
BUR-05501,RET-05501,798,4,0
BUR-05502,RET-05502,694,1,1
BUR-05503,RET-05503,779,2,2
BUR-05504,RET-05504,822,5,0
BUR-05505,RET-05505,874,2,1
BUR-05506,RET-05506,766,5,0
BUR-05507,RET-05507,712,2,0
BUR-05508,RET-05508,623,3,1
BUR-05509,RET-05509,875,4,0
BUR-05510,RET-05510,604,1,0
BUR-05511,RET-05511,704,1,0
BUR-05512,RET-05512,702,2,0
BUR-05513,RET-05513,759,4,0
BUR-05514,RET-05514,631,3,0
BUR-05515,RET-05515,696,2,2
BUR-05516,RET-05516,525,0,1
BUR-05517,RET-05517,649,1,1
BUR-05518,RET-05518,822,1,0
BUR-05519,RET-05519,861,2,1
BUR-05520,RET-05520,594,3,2
BUR-05521,RET-05521,672,3,0
BUR-05522,RET-05522,747,2,0
BUR-05523,RET-05523,778,1,0
BUR-05524,RET-05524,717,2,0
BUR-05525,RET-05525,670,2,0
BUR-05526,RET-05526,759,3,0
BUR-05527,RET-05527,812,2,2
BUR-05528,RET-05528,647,1,0
BUR-05529,RET-05529,866,0,0
BUR-05530,RET-05530,877,1,1
BUR-05531,RET-05531,764,1,0
BUR-05532,RET-05532,684,4,1
BUR-05533,RET-05533,706,1,0
BUR-05534,RET-05534,548,2,0
BUR-05535,RET-05535,816,4,1
BUR-05536,RET-05536,717,1,1
BUR-05537,RET-05537,546,3,0
BUR-05538,RET-05538,865,2,2
BUR-05539,RET-05539,801,3,1
BUR-05540,RET-05540,709,2,0
BUR-05541,RET-05541,624,1,2
BUR-05542,RET-05542,843,2,0
BUR-05543,RET-05543,709,0,1
BUR-05544,RET-05544,633,2,0
BUR-05545,RET-05545,802,0,1
BUR-05546,RET-05546,810,2,0
BUR-05547,RET-05547,693,1,1
BUR-05548,RET-05548,730,2,0
BUR-05549,RET-05549,639,1,1
BUR-05550,RET-05550,768,2,1
BUR-05551,RET-05551,758,3,0
BUR-05552,RET-05552,796,3,2
BUR-05553,RET-05553,805,4,0
BUR-05554,RET-05554,747,1,1
BUR-05555,RET-05555,550,1,3
BUR-05556,RET-05556,776,3,2
BUR-05557,RET-05557,804,1,0
BUR-05558,RET-05558,826,4,0
BUR-05559,RET-05559,880,3,0
BUR-05560,RET-05560,862,3,0
BUR-05561,RET-05561,630,2,0
BUR-05562,RET-05562,666,2,1
BUR-05563,RET-05563,832,1,0
BUR-05564,RET-05564,795,1,0
BUR-05565,RET-05565,714,3,2
BUR-05566,RET-05566,658,3,0
BUR-05567,RET-05567,716,0,1
BUR-05568,RET-05568,824,1,1
BUR-05569,RET-05569,582,1,1
BUR-05570,RET-05570,813,1,0
BUR-05571,RET-05571,735,1,0
BUR-05572,RET-05572,804,0,0
BUR-05573,RET-05573,572,4,1
BUR-05574,RET-05574,799,3,1
BUR-05575,RET-05575,581,3,0
BUR-05576,RET-05576,762,1,0
BUR-05577,RET-05577,765,0,3
BUR-05578,RET-05578,748,3,0
BUR-05579,RET-05579,759,3,0
BUR-05580,RET-05580,699,1,0
BUR-05581,RET-05581,786,2,0
BUR-05582,RET-05582,815,3,1
BUR-05583,RET-05583,701,1,0
BUR-05584,RET-05584,606,4,0
BUR-05585,RET-05585,662,3,1
BUR-05586,RET-05586,725,4,1
BUR-05587,RET-05587,783,2,0
BUR-05588,RET-05588,548,3,1
BUR-05589,RET-05589,818,2,0
BUR-05590,RET-05590,626,2,0
BUR-05591,RET-05591,816,1,1
BUR-05592,RET-05592,666,2,1
BUR-05593,RET-05593,860,2,1
BUR-05594,RET-05594,669,3,0
BUR-05595,RET-05595,844,3,0
BUR-05596,RET-05596,835,3,0
BUR-05597,RET-05597,604,3,1
BUR-05598,RET-05598,859,3,1
BUR-05599,RET-05599,825,0,1
BUR-05600,RET-05600,809,3,0
BUR-05601,RET-05601,866,0,0
BUR-05602,RET-05602,878,1,1
BUR-05603,RET-05603,741,2,0
BUR-05604,RET-05604,781,1,0
BUR-05605,RET-05605,801,1,0
BUR-05606,RET-05606,775,1,0
BUR-05607,RET-05607,720,3,3
BUR-05608,RET-05608,823,2,0
BUR-05609,RET-05609,613,0,1
BUR-05610,RET-05610,804,2,0
BUR-05611,RET-05611,629,3,1
BUR-05612,RET-05612,846,2,1
BUR-05613,RET-05613,784,1,0
BUR-05614,RET-05614,765,4,0
BUR-05615,RET-05615,773,3,0
BUR-05616,RET-05616,566,6,1
BUR-05617,RET-05617,703,1,0
BUR-05618,RET-05618,845,1,0
BUR-05619,RET-05619,822,2,0
BUR-05620,RET-05620,865,1,0
BUR-05621,RET-05621,870,0,1
BUR-05622,RET-05622,787,1,1
BUR-05623,RET-05623,697,1,1
BUR-05624,RET-05624,621,5,0
BUR-05625,RET-05625,795,3,0
BUR-05626,RET-05626,634,2,1
BUR-05627,RET-05627,620,1,1
BUR-05628,RET-05628,721,1,0
BUR-05629,RET-05629,818,1,0
BUR-05630,RET-05630,630,1,0
BUR-05631,RET-05631,799,4,0
BUR-05632,RET-05632,734,0,0
BUR-05633,RET-05633,880,0,0
BUR-05634,RET-05634,836,4,0
BUR-05635,RET-05635,744,2,0
BUR-05636,RET-05636,745,1,1
BUR-05637,RET-05637,777,2,0
BUR-05638,RET-05638,691,2,0
BUR-05639,RET-05639,677,4,1
BUR-05640,RET-05640,713,0,1
BUR-05641,RET-05641,693,0,1
BUR-05642,RET-05642,811,0,1
BUR-05643,RET-05643,769,1,0
BUR-05644,RET-05644,702,4,1
BUR-05645,RET-05645,630,2,0
BUR-05646,RET-05646,683,3,0
BUR-05647,RET-05647,809,3,1
BUR-05648,RET-05648,855,2,0
BUR-05649,RET-05649,798,2,1
BUR-05650,RET-05650,739,2,0
BUR-05651,RET-05651,757,3,0
BUR-05652,RET-05652,777,1,0
BUR-05653,RET-05653,807,1,0
BUR-05654,RET-05654,747,3,0
BUR-05655,RET-05655,678,3,2
BUR-05656,RET-05656,779,1,1
BUR-05657,RET-05657,497,2,1
BUR-05658,RET-05658,842,2,0
BUR-05659,RET-05659,642,5,0
BUR-05660,RET-05660,677,1,1
BUR-05661,RET-05661,784,2,0
BUR-05662,RET-05662,683,1,1
BUR-05663,RET-05663,856,3,0
BUR-05664,RET-05664,863,1,0
BUR-05665,RET-05665,770,3,0
BUR-05666,RET-05666,814,2,1
BUR-05667,RET-05667,558,4,0
BUR-05668,RET-05668,847,5,1
BUR-05669,RET-05669,592,2,0
BUR-05670,RET-05670,532,1,0
BUR-05671,RET-05671,764,3,0
BUR-05672,RET-05672,758,3,1
BUR-05673,RET-05673,791,1,0
BUR-05674,RET-05674,681,0,0
BUR-05675,RET-05675,849,2,0
BUR-05676,RET-05676,765,1,0
BUR-05677,RET-05677,761,5,0
BUR-05678,RET-05678,843,1,1
BUR-05679,RET-05679,547,3,2
BUR-05680,RET-05680,785,0,0
BUR-05681,RET-05681,854,0,0
BUR-05682,RET-05682,654,5,0
BUR-05683,RET-05683,803,1,0
BUR-05684,RET-05684,718,3,1
BUR-05685,RET-05685,641,1,1
BUR-05686,RET-05686,676,1,1
BUR-05687,RET-05687,887,3,0
BUR-05688,RET-05688,464,0,0
BUR-05689,RET-05689,842,3,0
BUR-05690,RET-05690,801,5,0
BUR-05691,RET-05691,724,2,0
BUR-05692,RET-05692,566,2,1
BUR-05693,RET-05693,690,3,2
BUR-05694,RET-05694,544,4,0
BUR-05695,RET-05695,601,2,1
BUR-05696,RET-05696,726,2,0
BUR-05697,RET-05697,812,2,0
BUR-05698,RET-05698,752,3,0
BUR-05699,RET-05699,786,2,2
BUR-05700,RET-05700,638,2,1
BUR-05701,RET-05701,563,2,1
BUR-05702,RET-05702,702,0,1
BUR-05703,RET-05703,822,2,2
BUR-05704,RET-05704,827,1,0
BUR-05705,RET-05705,711,0,0
BUR-05706,RET-05706,854,1,1
BUR-05707,RET-05707,702,2,1
BUR-05708,RET-05708,797,2,1
BUR-05709,RET-05709,769,0,0
BUR-05710,RET-05710,770,0,0
BUR-05711,RET-05711,821,1,1
BUR-05712,RET-05712,680,0,0
BUR-05713,RET-05713,817,6,0
BUR-05714,RET-05714,761,2,1
BUR-05715,RET-05715,645,1,0
BUR-05716,RET-05716,718,0,1
BUR-05717,RET-05717,790,1,0
BUR-05718,RET-05718,752,1,0
BUR-05719,RET-05719,560,0,0
BUR-05720,RET-05720,549,3,0
BUR-05721,RET-05721,685,0,0
BUR-05722,RET-05722,871,3,1
BUR-05723,RET-05723,744,3,0
BUR-05724,RET-05724,881,3,0
BUR-05725,RET-05725,795,4,0
BUR-05726,RET-05726,753,2,0
BUR-05727,RET-05727,762,2,0
BUR-05728,RET-05728,860,1,0
BUR-05729,RET-05729,862,0,2
BUR-05730,RET-05730,546,2,0
BUR-05731,RET-05731,640,2,0
BUR-05732,RET-05732,559,2,0
BUR-05733,RET-05733,612,1,2
BUR-05734,RET-05734,731,1,1
BUR-05735,RET-05735,801,0,0
BUR-05736,RET-05736,611,1,0
BUR-05737,RET-05737,754,1,0
BUR-05738,RET-05738,526,1,0
BUR-05739,RET-05739,786,1,2
BUR-05740,RET-05740,590,1,0
BUR-05741,RET-05741,813,1,0
BUR-05742,RET-05742,740,3,1
BUR-05743,RET-05743,740,0,0
BUR-05744,RET-05744,744,3,1
BUR-05745,RET-05745,708,2,0
BUR-05746,RET-05746,533,2,0
BUR-05747,RET-05747,682,3,1
BUR-05748,RET-05748,778,2,0
BUR-05749,RET-05749,475,1,1
BUR-05750,RET-05750,823,1,1
BUR-05751,RET-05751,727,5,1
BUR-05752,RET-05752,881,2,1
BUR-05753,RET-05753,848,0,0
BUR-05754,RET-05754,675,1,0
BUR-05755,RET-05755,562,1,0
BUR-05756,RET-05756,741,2,1
BUR-05757,RET-05757,854,3,1
BUR-05758,RET-05758,839,3,1
BUR-05759,RET-05759,800,2,0
BUR-05760,RET-05760,647,1,1
BUR-05761,RET-05761,638,2,1
BUR-05762,RET-05762,514,0,0
BUR-05763,RET-05763,643,0,1
BUR-05764,RET-05764,639,5,1
BUR-05765,RET-05765,888,2,1
BUR-05766,RET-05766,694,2,0
BUR-05767,RET-05767,669,2,0
BUR-05768,RET-05768,773,2,2
BUR-05769,RET-05769,814,1,1
BUR-05770,RET-05770,657,4,0
BUR-05771,RET-05771,622,0,1
BUR-05772,RET-05772,787,3,1
BUR-05773,RET-05773,779,1,1
BUR-05774,RET-05774,610,1,1
BUR-05775,RET-05775,806,2,0
BUR-05776,RET-05776,674,1,0
BUR-05777,RET-05777,822,3,0
BUR-05778,RET-05778,824,2,1
BUR-05779,RET-05779,738,0,0
BUR-05780,RET-05780,717,4,0
BUR-05781,RET-05781,836,1,2
BUR-05782,RET-05782,729,3,0
BUR-05783,RET-05783,824,6,1
BUR-05784,RET-05784,769,3,2
BUR-05785,RET-05785,781,5,0
BUR-05786,RET-05786,819,2,0
BUR-05787,RET-05787,638,3,1
BUR-05788,RET-05788,684,3,0
BUR-05789,RET-05789,807,2,1
BUR-05790,RET-05790,614,3,0
BUR-05791,RET-05791,782,2,0
BUR-05792,RET-05792,832,2,3
BUR-05793,RET-05793,709,2,1
BUR-05794,RET-05794,841,2,2
BUR-05795,RET-05795,826,3,1
BUR-05796,RET-05796,648,1,1
BUR-05797,RET-05797,753,3,0
BUR-05798,RET-05798,629,5,1
BUR-05799,RET-05799,738,1,0
BUR-05800,RET-05800,642,2,0
BUR-05801,RET-05801,872,2,2
BUR-05802,RET-05802,664,4,0
BUR-05803,RET-05803,874,3,2
BUR-05804,RET-05804,771,1,0
BUR-05805,RET-05805,689,2,2
BUR-05806,RET-05806,803,3,0
BUR-05807,RET-05807,812,4,1
BUR-05808,RET-05808,700,2,0
BUR-05809,RET-05809,710,5,2
BUR-05810,RET-05810,689,1,1
BUR-05811,RET-05811,776,2,1
BUR-05812,RET-05812,813,2,1
BUR-05813,RET-05813,668,4,1
BUR-05814,RET-05814,843,2,0
BUR-05815,RET-05815,645,3,0
BUR-05816,RET-05816,792,3,0
BUR-05817,RET-05817,850,3,2
BUR-05818,RET-05818,722,1,0
BUR-05819,RET-05819,751,4,0
BUR-05820,RET-05820,633,2,0
BUR-05821,RET-05821,604,3,0
BUR-05822,RET-05822,766,5,1
BUR-05823,RET-05823,774,3,0
BUR-05824,RET-05824,814,0,0
BUR-05825,RET-05825,810,1,1
BUR-05826,RET-05826,661,1,0
BUR-05827,RET-05827,771,2,0
BUR-05828,RET-05828,719,0,0
BUR-05829,RET-05829,694,1,0
BUR-05830,RET-05830,843,0,1
BUR-05831,RET-05831,841,2,0
BUR-05832,RET-05832,872,2,0
BUR-05833,RET-05833,827,4,0
BUR-05834,RET-05834,656,1,0
BUR-05835,RET-05835,845,5,1
BUR-05836,RET-05836,839,1,0
BUR-05837,RET-05837,807,2,0
BUR-05838,RET-05838,778,2,0
BUR-05839,RET-05839,793,3,0
BUR-05840,RET-05840,654,4,0
BUR-05841,RET-05841,612,3,1
BUR-05842,RET-05842,788,2,0
BUR-05843,RET-05843,658,2,0
BUR-05844,RET-05844,829,1,0
BUR-05845,RET-05845,749,1,0
BUR-05846,RET-05846,742,1,0
BUR-05847,RET-05847,722,2,0
BUR-05848,RET-05848,689,3,0
BUR-05849,RET-05849,725,1,0
BUR-05850,RET-05850,833,3,2
BUR-05851,RET-05851,602,2,1
BUR-05852,RET-05852,841,4,0
BUR-05853,RET-05853,817,3,0
BUR-05854,RET-05854,737,0,1
BUR-05855,RET-05855,759,8,0
BUR-05856,RET-05856,652,1,0
BUR-05857,RET-05857,811,1,1
BUR-05858,RET-05858,728,2,1
BUR-05859,RET-05859,779,7,0
BUR-05860,RET-05860,824,3,0
BUR-05861,RET-05861,780,4,0
BUR-05862,RET-05862,773,6,0
BUR-05863,RET-05863,700,1,1
BUR-05864,RET-05864,686,0,0
BUR-05865,RET-05865,808,1,0
BUR-05866,RET-05866,808,0,0
BUR-05867,RET-05867,802,4,1
BUR-05868,RET-05868,749,3,0
BUR-05869,RET-05869,740,5,0
BUR-05870,RET-05870,840,3,0
BUR-05871,RET-05871,505,1,0
BUR-05872,RET-05872,839,1,1
BUR-05873,RET-05873,665,2,0
BUR-05874,RET-05874,824,2,1
BUR-05875,RET-05875,655,2,0
BUR-05876,RET-05876,804,4,0
BUR-05877,RET-05877,790,3,0
BUR-05878,RET-05878,636,0,0
BUR-05879,RET-05879,747,0,0
BUR-05880,RET-05880,737,2,0
BUR-05881,RET-05881,650,0,0
BUR-05882,RET-05882,795,1,1
BUR-05883,RET-05883,735,2,2
BUR-05884,RET-05884,643,2,2
BUR-05885,RET-05885,766,1,0
BUR-05886,RET-05886,646,0,0
BUR-05887,RET-05887,697,0,1
BUR-05888,RET-05888,806,1,1
BUR-05889,RET-05889,751,2,1
BUR-05890,RET-05890,730,2,0
BUR-05891,RET-05891,592,3,0
BUR-05892,RET-05892,700,1,0
BUR-05893,RET-05893,678,1,0
BUR-05894,RET-05894,754,1,0
BUR-05895,RET-05895,662,3,0
BUR-05896,RET-05896,683,2,3
BUR-05897,RET-05897,740,3,0
BUR-05898,RET-05898,608,1,0
BUR-05899,RET-05899,791,3,3
BUR-05900,RET-05900,820,0,0
BUR-05901,RET-05901,885,1,0
BUR-05902,RET-05902,814,3,2
BUR-05903,RET-05903,884,2,0
BUR-05904,RET-05904,757,1,1
BUR-05905,RET-05905,795,1,1
BUR-05906,RET-05906,595,2,0
BUR-05907,RET-05907,765,1,1
BUR-05908,RET-05908,794,2,0
BUR-05909,RET-05909,764,3,0
BUR-05910,RET-05910,712,3,1
BUR-05911,RET-05911,715,2,0
BUR-05912,RET-05912,808,1,1
BUR-05913,RET-05913,824,3,1
BUR-05914,RET-05914,735,3,0
BUR-05915,RET-05915,793,3,1
BUR-05916,RET-05916,667,2,0
BUR-05917,RET-05917,857,1,1
BUR-05918,RET-05918,816,3,0
BUR-05919,RET-05919,796,2,0
BUR-05920,RET-05920,758,3,1
BUR-05921,RET-05921,823,0,0
BUR-05922,RET-05922,787,1,2
BUR-05923,RET-05923,794,3,0
BUR-05924,RET-05924,802,2,0
BUR-05925,RET-05925,714,1,1
BUR-05926,RET-05926,672,1,1
BUR-05927,RET-05927,806,2,1
BUR-05928,RET-05928,639,2,0
BUR-05929,RET-05929,612,3,0
BUR-05930,RET-05930,856,3,3
BUR-05931,RET-05931,763,6,2
BUR-05932,RET-05932,523,2,0
BUR-05933,RET-05933,805,0,1
BUR-05934,RET-05934,579,3,2
BUR-05935,RET-05935,680,0,0
BUR-05936,RET-05936,736,0,1
BUR-05937,RET-05937,728,3,1
BUR-05938,RET-05938,498,4,0
BUR-05939,RET-05939,755,4,0
BUR-05940,RET-05940,692,3,0
BUR-05941,RET-05941,791,2,0
BUR-05942,RET-05942,782,3,0
BUR-05943,RET-05943,753,3,0
BUR-05944,RET-05944,508,5,0
BUR-05945,RET-05945,810,4,0
BUR-05946,RET-05946,634,1,0
BUR-05947,RET-05947,870,5,0
BUR-05948,RET-05948,803,1,0
BUR-05949,RET-05949,712,1,1
BUR-05950,RET-05950,650,1,0
BUR-05951,RET-05951,710,3,0
BUR-05952,RET-05952,648,1,2
BUR-05953,RET-05953,781,0,2
BUR-05954,RET-05954,666,1,0
BUR-05955,RET-05955,779,6,2
BUR-05956,RET-05956,559,0,0
BUR-05957,RET-05957,720,2,1
BUR-05958,RET-05958,787,2,0
BUR-05959,RET-05959,786,3,0
BUR-05960,RET-05960,550,4,2
BUR-05961,RET-05961,821,1,1
BUR-05962,RET-05962,757,2,1
BUR-05963,RET-05963,715,1,1
BUR-05964,RET-05964,824,1,0
BUR-05965,RET-05965,795,5,1
BUR-05966,RET-05966,563,4,5
BUR-05967,RET-05967,877,3,1
BUR-05968,RET-05968,675,4,0
BUR-05969,RET-05969,865,0,0
BUR-05970,RET-05970,830,4,0
BUR-05971,RET-05971,813,3,1
BUR-05972,RET-05972,896,3,1
BUR-05973,RET-05973,830,1,1
BUR-05974,RET-05974,677,3,0
BUR-05975,RET-05975,792,0,0
BUR-05976,RET-05976,680,2,0
BUR-05977,RET-05977,626,3,1
BUR-05978,RET-05978,750,3,2
BUR-05979,RET-05979,746,3,0
BUR-05980,RET-05980,779,2,1
BUR-05981,RET-05981,774,4,1
BUR-05982,RET-05982,633,2,1
BUR-05983,RET-05983,827,1,0
BUR-05984,RET-05984,761,3,0
BUR-05985,RET-05985,791,2,1
BUR-05986,RET-05986,718,2,1
BUR-05987,RET-05987,667,1,0
BUR-05988,RET-05988,882,3,2
BUR-05989,RET-05989,751,1,0
BUR-05990,RET-05990,843,2,0
BUR-05991,RET-05991,672,0,0
BUR-05992,RET-05992,594,1,0
BUR-05993,RET-05993,801,3,0
BUR-05994,RET-05994,720,1,0
BUR-05995,RET-05995,647,2,0
BUR-05996,RET-05996,737,0,1
BUR-05997,RET-05997,797,2,0
BUR-05998,RET-05998,776,3,1
BUR-05999,RET-05999,808,2,0
BUR-06000,RET-06000,670,0,0
BUR-06001,RET-06001,698,1,1
BUR-06002,RET-06002,843,3,0
BUR-06003,RET-06003,674,4,1
BUR-06004,RET-06004,887,3,0
BUR-06005,RET-06005,530,0,0
BUR-06006,RET-06006,762,2,0
BUR-06007,RET-06007,896,4,1
BUR-06008,RET-06008,476,0,1
BUR-06009,RET-06009,836,3,0
BUR-06010,RET-06010,788,2,1
BUR-06011,RET-06011,787,0,0
BUR-06012,RET-06012,822,1,0
BUR-06013,RET-06013,794,0,2
BUR-06014,RET-06014,633,0,1
BUR-06015,RET-06015,700,1,0
BUR-06016,RET-06016,850,1,0
BUR-06017,RET-06017,784,2,1
BUR-06018,RET-06018,654,7,0
BUR-06019,RET-06019,674,3,0
BUR-06020,RET-06020,772,1,0
BUR-06021,RET-06021,676,1,1
BUR-06022,RET-06022,589,1,1
BUR-06023,RET-06023,855,0,2
BUR-06024,RET-06024,793,1,1
BUR-06025,RET-06025,721,0,1
BUR-06026,RET-06026,783,2,0
BUR-06027,RET-06027,607,3,0
BUR-06028,RET-06028,754,1,0
BUR-06029,RET-06029,749,2,0
BUR-06030,RET-06030,784,0,1
BUR-06031,RET-06031,863,2,0
BUR-06032,RET-06032,701,1,0
BUR-06033,RET-06033,578,2,1
BUR-06034,RET-06034,772,4,2
BUR-06035,RET-06035,747,0,0
BUR-06036,RET-06036,843,1,1
BUR-06037,RET-06037,863,1,0
BUR-06038,RET-06038,803,5,0
BUR-06039,RET-06039,657,0,1
BUR-06040,RET-06040,703,2,0
BUR-06041,RET-06041,690,3,0
BUR-06042,RET-06042,845,5,1
BUR-06043,RET-06043,805,0,0
BUR-06044,RET-06044,724,0,1
BUR-06045,RET-06045,658,1,0
BUR-06046,RET-06046,719,1,0
BUR-06047,RET-06047,727,1,0
BUR-06048,RET-06048,779,2,2
BUR-06049,RET-06049,719,1,1
BUR-06050,RET-06050,756,2,1
BUR-06051,RET-06051,746,3,1
BUR-06052,RET-06052,723,1,0
BUR-06053,RET-06053,688,2,0
BUR-06054,RET-06054,720,1,0
BUR-06055,RET-06055,540,2,0
BUR-06056,RET-06056,757,1,1
BUR-06057,RET-06057,796,2,0
BUR-06058,RET-06058,819,1,1
BUR-06059,RET-06059,711,0,1
BUR-06060,RET-06060,844,3,0
BUR-06061,RET-06061,693,3,1
BUR-06062,RET-06062,845,1,0
BUR-06063,RET-06063,783,0,1
BUR-06064,RET-06064,757,4,0
BUR-06065,RET-06065,560,1,1
BUR-06066,RET-06066,833,1,0
BUR-06067,RET-06067,756,4,0
BUR-06068,RET-06068,683,2,0
BUR-06069,RET-06069,512,2,0
BUR-06070,RET-06070,745,3,0
BUR-06071,RET-06071,849,1,0
BUR-06072,RET-06072,818,2,1
BUR-06073,RET-06073,852,2,2
BUR-06074,RET-06074,570,1,1
BUR-06075,RET-06075,668,2,2
BUR-06076,RET-06076,430,4,1
BUR-06077,RET-06077,728,0,1
BUR-06078,RET-06078,512,3,1
BUR-06079,RET-06079,762,2,0
BUR-06080,RET-06080,744,2,1
BUR-06081,RET-06081,782,2,1
BUR-06082,RET-06082,566,1,0
BUR-06083,RET-06083,565,1,1
BUR-06084,RET-06084,538,3,0
BUR-06085,RET-06085,676,2,0
BUR-06086,RET-06086,691,2,0
BUR-06087,RET-06087,754,2,1
BUR-06088,RET-06088,656,2,0
BUR-06089,RET-06089,602,1,0
BUR-06090,RET-06090,742,3,1
BUR-06091,RET-06091,655,3,0
BUR-06092,RET-06092,732,0,1
BUR-06093,RET-06093,743,2,0
BUR-06094,RET-06094,772,3,1
BUR-06095,RET-06095,467,1,0
BUR-06096,RET-06096,643,2,0
BUR-06097,RET-06097,840,2,2
BUR-06098,RET-06098,673,2,1
BUR-06099,RET-06099,641,1,1
BUR-06100,RET-06100,751,4,0
BUR-06101,RET-06101,716,3,0
BUR-06102,RET-06102,654,2,0
BUR-06103,RET-06103,657,1,0
BUR-06104,RET-06104,815,4,0
BUR-06105,RET-06105,720,3,1
BUR-06106,RET-06106,831,6,1
BUR-06107,RET-06107,693,1,1
BUR-06108,RET-06108,555,3,1
BUR-06109,RET-06109,670,3,2
BUR-06110,RET-06110,648,0,0
BUR-06111,RET-06111,586,3,0
BUR-06112,RET-06112,759,2,1
BUR-06113,RET-06113,541,0,1
BUR-06114,RET-06114,477,0,0
BUR-06115,RET-06115,704,3,1
BUR-06116,RET-06116,491,3,0
BUR-06117,RET-06117,817,3,0
BUR-06118,RET-06118,781,2,2
BUR-06119,RET-06119,720,1,1
BUR-06120,RET-06120,498,3,1
BUR-06121,RET-06121,716,1,0
BUR-06122,RET-06122,677,2,0
BUR-06123,RET-06123,761,2,0
BUR-06124,RET-06124,553,0,1
BUR-06125,RET-06125,755,2,0
BUR-06126,RET-06126,713,1,0
BUR-06127,RET-06127,876,3,0
BUR-06128,RET-06128,761,1,0
BUR-06129,RET-06129,754,1,0
BUR-06130,RET-06130,607,3,0
BUR-06131,RET-06131,837,1,2
BUR-06132,RET-06132,866,2,0
BUR-06133,RET-06133,848,2,0
BUR-06134,RET-06134,886,0,1
BUR-06135,RET-06135,849,2,0
BUR-06136,RET-06136,872,3,0
BUR-06137,RET-06137,479,3,1
BUR-06138,RET-06138,544,0,0
BUR-06139,RET-06139,776,1,1
BUR-06140,RET-06140,720,4,2
BUR-06141,RET-06141,817,0,0
BUR-06142,RET-06142,774,1,0
BUR-06143,RET-06143,656,3,2
BUR-06144,RET-06144,481,6,0
BUR-06145,RET-06145,717,1,0
BUR-06146,RET-06146,608,0,1
BUR-06147,RET-06147,789,1,2
BUR-06148,RET-06148,800,1,0
BUR-06149,RET-06149,765,2,1
BUR-06150,RET-06150,608,5,0
BUR-06151,RET-06151,774,2,0
BUR-06152,RET-06152,693,1,0
BUR-06153,RET-06153,809,4,0
BUR-06154,RET-06154,754,0,0
BUR-06155,RET-06155,763,2,1
BUR-06156,RET-06156,770,2,0
BUR-06157,RET-06157,691,1,2
BUR-06158,RET-06158,706,0,0
BUR-06159,RET-06159,833,5,1
BUR-06160,RET-06160,681,4,0
BUR-06161,RET-06161,533,4,1
BUR-06162,RET-06162,816,0,1
BUR-06163,RET-06163,682,1,0
BUR-06164,RET-06164,817,2,0
BUR-06165,RET-06165,543,2,0
BUR-06166,RET-06166,741,1,0
BUR-06167,RET-06167,772,2,0
BUR-06168,RET-06168,816,0,3
BUR-06169,RET-06169,659,4,0
BUR-06170,RET-06170,845,4,0
BUR-06171,RET-06171,677,1,0
BUR-06172,RET-06172,731,3,0
BUR-06173,RET-06173,867,4,0
BUR-06174,RET-06174,651,2,0
BUR-06175,RET-06175,649,2,0
BUR-06176,RET-06176,809,2,1
BUR-06177,RET-06177,872,3,0
BUR-06178,RET-06178,810,1,0
BUR-06179,RET-06179,784,2,1
BUR-06180,RET-06180,697,1,0
BUR-06181,RET-06181,813,4,0
BUR-06182,RET-06182,724,4,0
BUR-06183,RET-06183,670,4,0
BUR-06184,RET-06184,654,0,0
BUR-06185,RET-06185,533,3,1
BUR-06186,RET-06186,645,1,0
BUR-06187,RET-06187,798,1,0
BUR-06188,RET-06188,735,0,2
BUR-06189,RET-06189,749,1,0
BUR-06190,RET-06190,691,3,2
BUR-06191,RET-06191,813,1,0
BUR-06192,RET-06192,814,3,1
BUR-06193,RET-06193,702,0,1
BUR-06194,RET-06194,764,4,0
BUR-06195,RET-06195,618,1,0
BUR-06196,RET-06196,668,3,0
BUR-06197,RET-06197,612,4,1
BUR-06198,RET-06198,850,2,0
BUR-06199,RET-06199,766,2,1
BUR-06200,RET-06200,607,1,0
BUR-06201,RET-06201,656,2,0
BUR-06202,RET-06202,627,5,0
BUR-06203,RET-06203,679,1,0
BUR-06204,RET-06204,728,4,1
BUR-06205,RET-06205,849,1,0
BUR-06206,RET-06206,731,2,0
BUR-06207,RET-06207,858,3,0
BUR-06208,RET-06208,754,3,0
BUR-06209,RET-06209,545,3,0
BUR-06210,RET-06210,568,1,0
BUR-06211,RET-06211,863,4,1
BUR-06212,RET-06212,679,3,0
BUR-06213,RET-06213,715,0,1
BUR-06214,RET-06214,747,8,0
BUR-06215,RET-06215,735,0,2
BUR-06216,RET-06216,708,2,0
BUR-06217,RET-06217,669,1,1
BUR-06218,RET-06218,638,1,1
BUR-06219,RET-06219,768,1,0
BUR-06220,RET-06220,751,2,0
BUR-06221,RET-06221,609,3,0
BUR-06222,RET-06222,740,1,0
BUR-06223,RET-06223,833,1,3
BUR-06224,RET-06224,654,0,0
BUR-06225,RET-06225,708,4,0
BUR-06226,RET-06226,877,2,0
BUR-06227,RET-06227,867,3,0
BUR-06228,RET-06228,687,1,2
BUR-06229,RET-06229,821,1,0
BUR-06230,RET-06230,670,4,0
BUR-06231,RET-06231,749,3,3
BUR-06232,RET-06232,869,2,1
BUR-06233,RET-06233,793,3,1
BUR-06234,RET-06234,871,1,0
BUR-06235,RET-06235,885,3,1
BUR-06236,RET-06236,852,0,0
BUR-06237,RET-06237,563,1,0
BUR-06238,RET-06238,717,1,0
BUR-06239,RET-06239,770,2,2
BUR-06240,RET-06240,665,0,0
BUR-06241,RET-06241,748,1,1
BUR-06242,RET-06242,632,1,0
BUR-06243,RET-06243,830,0,2
BUR-06244,RET-06244,629,2,1
BUR-06245,RET-06245,719,1,1
BUR-06246,RET-06246,434,0,0
BUR-06247,RET-06247,755,3,0
BUR-06248,RET-06248,550,5,0
BUR-06249,RET-06249,477,1,1
BUR-06250,RET-06250,660,0,0
BUR-06251,RET-06251,768,1,0
BUR-06252,RET-06252,669,0,1
BUR-06253,RET-06253,767,0,0
BUR-06254,RET-06254,825,0,0
BUR-06255,RET-06255,715,3,0
BUR-06256,RET-06256,756,1,0
BUR-06257,RET-06257,716,6,0
BUR-06258,RET-06258,741,0,0
BUR-06259,RET-06259,663,3,1
BUR-06260,RET-06260,822,2,0
BUR-06261,RET-06261,660,3,0
BUR-06262,RET-06262,807,3,1
BUR-06263,RET-06263,648,1,0
BUR-06264,RET-06264,802,3,0
BUR-06265,RET-06265,582,3,0
BUR-06266,RET-06266,709,0,0
BUR-06267,RET-06267,814,1,0
BUR-06268,RET-06268,687,4,0
BUR-06269,RET-06269,839,2,0
BUR-06270,RET-06270,647,2,0
BUR-06271,RET-06271,724,1,1
BUR-06272,RET-06272,732,2,0
BUR-06273,RET-06273,815,2,1
BUR-06274,RET-06274,756,2,1
BUR-06275,RET-06275,871,2,0
BUR-06276,RET-06276,618,0,1
BUR-06277,RET-06277,625,2,2
BUR-06278,RET-06278,748,0,1
BUR-06279,RET-06279,766,5,2
BUR-06280,RET-06280,718,1,0
BUR-06281,RET-06281,761,4,2
BUR-06282,RET-06282,665,1,1
BUR-06283,RET-06283,628,1,0
BUR-06284,RET-06284,713,1,0
BUR-06285,RET-06285,464,1,0
BUR-06286,RET-06286,626,1,0
BUR-06287,RET-06287,677,4,0
BUR-06288,RET-06288,811,2,1
BUR-06289,RET-06289,769,3,0
BUR-06290,RET-06290,662,5,0
BUR-06291,RET-06291,752,2,0
BUR-06292,RET-06292,669,1,1
BUR-06293,RET-06293,686,1,3
BUR-06294,RET-06294,729,2,0
BUR-06295,RET-06295,604,1,3
BUR-06296,RET-06296,849,3,1
BUR-06297,RET-06297,552,0,1
BUR-06298,RET-06298,854,1,0
BUR-06299,RET-06299,765,1,1
BUR-06300,RET-06300,700,1,1
BUR-06301,RET-06301,744,1,0
BUR-06302,RET-06302,650,1,2
BUR-06303,RET-06303,628,0,0
BUR-06304,RET-06304,740,3,0
BUR-06305,RET-06305,502,1,0
BUR-06306,RET-06306,558,3,0
BUR-06307,RET-06307,683,1,1
BUR-06308,RET-06308,756,4,1
BUR-06309,RET-06309,615,1,0
BUR-06310,RET-06310,691,1,1
BUR-06311,RET-06311,622,4,0
BUR-06312,RET-06312,693,2,0
BUR-06313,RET-06313,762,2,2
BUR-06314,RET-06314,833,3,0
BUR-06315,RET-06315,795,0,0
BUR-06316,RET-06316,645,0,0
BUR-06317,RET-06317,836,0,0
BUR-06318,RET-06318,655,0,0
BUR-06319,RET-06319,674,1,0
BUR-06320,RET-06320,720,2,0
BUR-06321,RET-06321,657,4,0
BUR-06322,RET-06322,776,2,1
BUR-06323,RET-06323,744,4,0
BUR-06324,RET-06324,766,2,1
BUR-06325,RET-06325,768,2,0
BUR-06326,RET-06326,796,0,1
BUR-06327,RET-06327,767,5,0
BUR-06328,RET-06328,689,1,2
BUR-06329,RET-06329,704,4,0
BUR-06330,RET-06330,630,0,0
BUR-06331,RET-06331,652,3,0
BUR-06332,RET-06332,751,1,0
BUR-06333,RET-06333,749,2,0
BUR-06334,RET-06334,715,4,0
BUR-06335,RET-06335,820,7,0
BUR-06336,RET-06336,699,1,0
BUR-06337,RET-06337,677,3,1
BUR-06338,RET-06338,658,3,0
BUR-06339,RET-06339,527,1,0
BUR-06340,RET-06340,778,2,1
BUR-06341,RET-06341,822,1,1
BUR-06342,RET-06342,656,1,0
BUR-06343,RET-06343,785,3,0
BUR-06344,RET-06344,871,1,0
BUR-06345,RET-06345,656,0,0
BUR-06346,RET-06346,790,1,0
BUR-06347,RET-06347,876,2,1
BUR-06348,RET-06348,775,2,2
BUR-06349,RET-06349,515,3,1
BUR-06350,RET-06350,704,6,0
BUR-06351,RET-06351,645,0,1
BUR-06352,RET-06352,790,1,1
BUR-06353,RET-06353,806,2,0
BUR-06354,RET-06354,838,1,0
BUR-06355,RET-06355,737,2,0
BUR-06356,RET-06356,723,3,0
BUR-06357,RET-06357,785,1,0
BUR-06358,RET-06358,760,1,0
BUR-06359,RET-06359,802,2,0
BUR-06360,RET-06360,650,3,0
BUR-06361,RET-06361,880,2,3
BUR-06362,RET-06362,754,1,1
BUR-06363,RET-06363,805,2,1
BUR-06364,RET-06364,511,4,3
BUR-06365,RET-06365,721,2,1
BUR-06366,RET-06366,840,4,1
BUR-06367,RET-06367,701,2,0
BUR-06368,RET-06368,738,2,1
BUR-06369,RET-06369,721,0,1
BUR-06370,RET-06370,805,1,2
BUR-06371,RET-06371,765,2,3
BUR-06372,RET-06372,812,2,2
BUR-06373,RET-06373,826,1,0
BUR-06374,RET-06374,722,2,0
BUR-06375,RET-06375,794,2,1
BUR-06376,RET-06376,733,2,0
BUR-06377,RET-06377,792,3,1
BUR-06378,RET-06378,594,3,0
BUR-06379,RET-06379,690,4,2
BUR-06380,RET-06380,840,0,0
BUR-06381,RET-06381,800,3,2
BUR-06382,RET-06382,806,2,0
BUR-06383,RET-06383,871,1,1
BUR-06384,RET-06384,839,2,0
BUR-06385,RET-06385,725,2,0
BUR-06386,RET-06386,792,2,0
BUR-06387,RET-06387,775,2,0
BUR-06388,RET-06388,543,5,1
BUR-06389,RET-06389,833,5,0
BUR-06390,RET-06390,731,1,0
BUR-06391,RET-06391,681,1,1
BUR-06392,RET-06392,794,1,0
BUR-06393,RET-06393,757,1,1
BUR-06394,RET-06394,863,3,0
BUR-06395,RET-06395,740,2,0
BUR-06396,RET-06396,661,3,0
BUR-06397,RET-06397,660,5,0
BUR-06398,RET-06398,861,1,0
BUR-06399,RET-06399,554,1,0
BUR-06400,RET-06400,847,1,0
BUR-06401,RET-06401,856,1,2
BUR-06402,RET-06402,822,0,0
BUR-06403,RET-06403,858,3,1
BUR-06404,RET-06404,631,7,0
BUR-06405,RET-06405,683,0,0
BUR-06406,RET-06406,583,1,0
BUR-06407,RET-06407,875,4,1
BUR-06408,RET-06408,823,2,0
BUR-06409,RET-06409,815,2,0
BUR-06410,RET-06410,658,1,3
BUR-06411,RET-06411,847,1,0
BUR-06412,RET-06412,777,1,1
BUR-06413,RET-06413,787,3,0
BUR-06414,RET-06414,804,5,0
BUR-06415,RET-06415,776,0,0
BUR-06416,RET-06416,815,1,0
BUR-06417,RET-06417,676,3,0
BUR-06418,RET-06418,763,1,0
BUR-06419,RET-06419,637,2,0
BUR-06420,RET-06420,725,1,0
BUR-06421,RET-06421,748,2,0
BUR-06422,RET-06422,670,0,1
BUR-06423,RET-06423,844,4,0
BUR-06424,RET-06424,844,3,0
BUR-06425,RET-06425,580,2,1
BUR-06426,RET-06426,538,0,1
BUR-06427,RET-06427,800,2,0
BUR-06428,RET-06428,576,2,1
BUR-06429,RET-06429,733,2,1
BUR-06430,RET-06430,704,2,1
BUR-06431,RET-06431,736,1,0
BUR-06432,RET-06432,667,2,0
BUR-06433,RET-06433,840,2,0
BUR-06434,RET-06434,714,2,2
BUR-06435,RET-06435,558,0,0
BUR-06436,RET-06436,606,1,0
BUR-06437,RET-06437,705,1,1
BUR-06438,RET-06438,500,0,1
BUR-06439,RET-06439,837,1,0
BUR-06440,RET-06440,796,2,0
BUR-06441,RET-06441,693,4,1
BUR-06442,RET-06442,647,1,1
BUR-06443,RET-06443,854,0,1
BUR-06444,RET-06444,701,4,1
BUR-06445,RET-06445,818,3,1
BUR-06446,RET-06446,666,1,0
BUR-06447,RET-06447,788,3,1
BUR-06448,RET-06448,668,0,0
BUR-06449,RET-06449,630,0,0
BUR-06450,RET-06450,635,1,0
BUR-06451,RET-06451,727,2,0
BUR-06452,RET-06452,763,4,1
BUR-06453,RET-06453,850,0,0
BUR-06454,RET-06454,700,3,0
BUR-06455,RET-06455,725,3,0
BUR-06456,RET-06456,844,2,1
BUR-06457,RET-06457,564,1,0
BUR-06458,RET-06458,875,2,0
BUR-06459,RET-06459,712,2,0
BUR-06460,RET-06460,770,3,0
BUR-06461,RET-06461,545,2,0
BUR-06462,RET-06462,772,3,1
BUR-06463,RET-06463,751,2,0
BUR-06464,RET-06464,745,3,1
BUR-06465,RET-06465,754,2,0
BUR-06466,RET-06466,597,3,0
BUR-06467,RET-06467,740,1,0
BUR-06468,RET-06468,876,3,1
BUR-06469,RET-06469,583,3,0
BUR-06470,RET-06470,594,0,0
BUR-06471,RET-06471,784,4,1
BUR-06472,RET-06472,745,2,1
BUR-06473,RET-06473,775,0,0
BUR-06474,RET-06474,700,3,2
BUR-06475,RET-06475,694,2,0
BUR-06476,RET-06476,681,1,0
BUR-06477,RET-06477,678,3,2
BUR-06478,RET-06478,629,2,0
BUR-06479,RET-06479,786,3,1
BUR-06480,RET-06480,871,2,0
BUR-06481,RET-06481,511,0,0
BUR-06482,RET-06482,622,0,0
BUR-06483,RET-06483,631,2,0
BUR-06484,RET-06484,747,2,0
BUR-06485,RET-06485,745,1,1
BUR-06486,RET-06486,770,0,0
BUR-06487,RET-06487,809,3,0
BUR-06488,RET-06488,773,0,0
BUR-06489,RET-06489,740,0,1
BUR-06490,RET-06490,850,1,0
BUR-06491,RET-06491,725,1,0
BUR-06492,RET-06492,849,3,0
BUR-06493,RET-06493,790,2,0
BUR-06494,RET-06494,723,4,0
BUR-06495,RET-06495,738,2,0
BUR-06496,RET-06496,593,1,1
BUR-06497,RET-06497,588,0,0
BUR-06498,RET-06498,797,3,0
BUR-06499,RET-06499,775,3,2
BUR-06500,RET-06500,662,0,0
BUR-06501,RET-06501,764,3,1
BUR-06502,RET-06502,790,1,1
BUR-06503,RET-06503,575,4,0
BUR-06504,RET-06504,832,4,0
BUR-06505,RET-06505,822,1,0
BUR-06506,RET-06506,798,4,0
BUR-06507,RET-06507,776,0,2
BUR-06508,RET-06508,766,1,1
BUR-06509,RET-06509,744,4,0
BUR-06510,RET-06510,609,2,2
BUR-06511,RET-06511,824,2,1
BUR-06512,RET-06512,499,6,0
BUR-06513,RET-06513,763,0,0
BUR-06514,RET-06514,891,1,1
BUR-06515,RET-06515,800,2,0
BUR-06516,RET-06516,771,2,2
BUR-06517,RET-06517,764,0,0
BUR-06518,RET-06518,754,5,0
BUR-06519,RET-06519,786,4,0
BUR-06520,RET-06520,730,1,0
BUR-06521,RET-06521,824,2,1
BUR-06522,RET-06522,733,3,0
BUR-06523,RET-06523,812,1,1
BUR-06524,RET-06524,588,5,0
BUR-06525,RET-06525,532,4,0
BUR-06526,RET-06526,695,1,1
BUR-06527,RET-06527,750,2,0
BUR-06528,RET-06528,731,2,0
BUR-06529,RET-06529,749,2,0
BUR-06530,RET-06530,649,2,0
BUR-06531,RET-06531,534,1,1
BUR-06532,RET-06532,722,0,0
BUR-06533,RET-06533,712,3,0
BUR-06534,RET-06534,743,3,0
BUR-06535,RET-06535,660,3,2
BUR-06536,RET-06536,554,1,0
BUR-06537,RET-06537,590,4,0
BUR-06538,RET-06538,794,1,0
BUR-06539,RET-06539,793,2,2
BUR-06540,RET-06540,818,1,0
BUR-06541,RET-06541,700,6,0
BUR-06542,RET-06542,853,4,0
BUR-06543,RET-06543,861,2,0
BUR-06544,RET-06544,704,0,1
BUR-06545,RET-06545,533,1,0
BUR-06546,RET-06546,776,2,0
BUR-06547,RET-06547,816,2,1
BUR-06548,RET-06548,784,3,1
BUR-06549,RET-06549,733,3,0
BUR-06550,RET-06550,639,2,1
BUR-06551,RET-06551,730,1,2
BUR-06552,RET-06552,633,0,0
BUR-06553,RET-06553,625,1,1
BUR-06554,RET-06554,793,2,1
BUR-06555,RET-06555,776,2,0
BUR-06556,RET-06556,786,1,1
BUR-06557,RET-06557,886,3,3
BUR-06558,RET-06558,763,1,0
BUR-06559,RET-06559,602,1,0
BUR-06560,RET-06560,621,1,0
BUR-06561,RET-06561,640,3,0
BUR-06562,RET-06562,699,1,0
BUR-06563,RET-06563,784,3,0
BUR-06564,RET-06564,728,2,1
BUR-06565,RET-06565,751,5,0
BUR-06566,RET-06566,790,4,0
BUR-06567,RET-06567,849,0,0
BUR-06568,RET-06568,696,2,0
BUR-06569,RET-06569,773,0,2
BUR-06570,RET-06570,773,2,0
BUR-06571,RET-06571,781,4,0
BUR-06572,RET-06572,697,1,0
BUR-06573,RET-06573,735,0,0
BUR-06574,RET-06574,842,2,0
BUR-06575,RET-06575,774,1,0
BUR-06576,RET-06576,750,3,0
BUR-06577,RET-06577,680,2,1
BUR-06578,RET-06578,729,2,2
BUR-06579,RET-06579,659,1,1
BUR-06580,RET-06580,827,1,1
BUR-06581,RET-06581,772,2,1
BUR-06582,RET-06582,780,3,2
BUR-06583,RET-06583,823,1,0
BUR-06584,RET-06584,493,4,1
BUR-06585,RET-06585,729,3,1
BUR-06586,RET-06586,842,2,0
BUR-06587,RET-06587,708,3,1
BUR-06588,RET-06588,682,6,1
BUR-06589,RET-06589,682,1,1
BUR-06590,RET-06590,860,1,1
BUR-06591,RET-06591,649,4,0
BUR-06592,RET-06592,723,3,0
BUR-06593,RET-06593,739,3,1
BUR-06594,RET-06594,757,1,2
BUR-06595,RET-06595,843,1,0
BUR-06596,RET-06596,689,2,0
BUR-06597,RET-06597,747,1,0
BUR-06598,RET-06598,561,1,1
BUR-06599,RET-06599,742,1,1
BUR-06600,RET-06600,628,1,3
BUR-06601,RET-06601,677,3,0
BUR-06602,RET-06602,776,1,1
BUR-06603,RET-06603,751,2,0
BUR-06604,RET-06604,718,5,0
BUR-06605,RET-06605,840,1,1
BUR-06606,RET-06606,782,3,2
BUR-06607,RET-06607,598,4,2
BUR-06608,RET-06608,715,1,0
BUR-06609,RET-06609,819,1,1
BUR-06610,RET-06610,857,2,1
BUR-06611,RET-06611,697,2,1
BUR-06612,RET-06612,782,3,0
BUR-06613,RET-06613,801,2,0
BUR-06614,RET-06614,710,2,0
BUR-06615,RET-06615,816,4,0
BUR-06616,RET-06616,766,1,1
BUR-06617,RET-06617,711,4,0
BUR-06618,RET-06618,890,2,1
BUR-06619,RET-06619,682,4,1
BUR-06620,RET-06620,673,2,1
BUR-06621,RET-06621,738,1,0
BUR-06622,RET-06622,835,3,1
BUR-06623,RET-06623,844,1,1
BUR-06624,RET-06624,746,1,2
BUR-06625,RET-06625,855,1,0
BUR-06626,RET-06626,877,1,1
BUR-06627,RET-06627,826,3,1
BUR-06628,RET-06628,816,3,1
BUR-06629,RET-06629,792,3,1
BUR-06630,RET-06630,741,0,0
BUR-06631,RET-06631,681,3,0
BUR-06632,RET-06632,813,2,2
BUR-06633,RET-06633,842,2,0
BUR-06634,RET-06634,834,3,1
BUR-06635,RET-06635,765,0,0
BUR-06636,RET-06636,660,6,0
BUR-06637,RET-06637,785,4,0
BUR-06638,RET-06638,803,2,1
BUR-06639,RET-06639,838,4,1
BUR-06640,RET-06640,662,2,0
BUR-06641,RET-06641,838,3,0
BUR-06642,RET-06642,757,3,2
BUR-06643,RET-06643,831,0,0
BUR-06644,RET-06644,647,2,1
BUR-06645,RET-06645,834,0,0
BUR-06646,RET-06646,496,3,0
BUR-06647,RET-06647,752,4,0
BUR-06648,RET-06648,710,1,0
BUR-06649,RET-06649,821,2,2
BUR-06650,RET-06650,598,3,0
BUR-06651,RET-06651,786,3,0
BUR-06652,RET-06652,759,2,0
BUR-06653,RET-06653,779,0,1
BUR-06654,RET-06654,766,2,2
BUR-06655,RET-06655,679,0,0
BUR-06656,RET-06656,572,2,1
BUR-06657,RET-06657,869,1,0
BUR-06658,RET-06658,827,2,0
BUR-06659,RET-06659,738,3,0
BUR-06660,RET-06660,744,4,0
BUR-06661,RET-06661,562,1,2
BUR-06662,RET-06662,796,3,0
BUR-06663,RET-06663,763,3,0
BUR-06664,RET-06664,703,2,2
BUR-06665,RET-06665,705,1,0
BUR-06666,RET-06666,735,3,0
BUR-06667,RET-06667,847,2,0
BUR-06668,RET-06668,810,3,0
BUR-06669,RET-06669,675,2,0
BUR-06670,RET-06670,635,1,0
BUR-06671,RET-06671,662,0,0
BUR-06672,RET-06672,649,2,0
BUR-06673,RET-06673,769,3,1
BUR-06674,RET-06674,599,3,1
BUR-06675,RET-06675,639,2,2
BUR-06676,RET-06676,774,4,2
BUR-06677,RET-06677,582,0,0
BUR-06678,RET-06678,883,2,2
BUR-06679,RET-06679,821,4,1
BUR-06680,RET-06680,775,1,0
BUR-06681,RET-06681,745,1,0
BUR-06682,RET-06682,875,2,0
BUR-06683,RET-06683,693,2,1
BUR-06684,RET-06684,619,2,1
BUR-06685,RET-06685,530,1,1
BUR-06686,RET-06686,849,2,0
BUR-06687,RET-06687,711,2,0
BUR-06688,RET-06688,769,1,1
BUR-06689,RET-06689,825,3,0
BUR-06690,RET-06690,729,2,0
BUR-06691,RET-06691,818,2,1
BUR-06692,RET-06692,564,1,1
BUR-06693,RET-06693,844,2,0
BUR-06694,RET-06694,817,1,0
BUR-06695,RET-06695,613,2,0
BUR-06696,RET-06696,662,0,0
BUR-06697,RET-06697,514,2,1
BUR-06698,RET-06698,677,3,0
BUR-06699,RET-06699,460,0,0
BUR-06700,RET-06700,806,2,0
BUR-06701,RET-06701,819,2,1
BUR-06702,RET-06702,799,1,0
BUR-06703,RET-06703,721,1,0
BUR-06704,RET-06704,719,3,0
BUR-06705,RET-06705,734,0,0
BUR-06706,RET-06706,633,3,1
BUR-06707,RET-06707,843,3,2
BUR-06708,RET-06708,812,1,0
BUR-06709,RET-06709,719,0,0
BUR-06710,RET-06710,706,4,1
BUR-06711,RET-06711,700,1,0
BUR-06712,RET-06712,773,0,0
BUR-06713,RET-06713,666,2,0
BUR-06714,RET-06714,765,3,0
BUR-06715,RET-06715,637,2,1
BUR-06716,RET-06716,553,1,0
BUR-06717,RET-06717,783,3,1
BUR-06718,RET-06718,834,5,0
BUR-06719,RET-06719,628,4,0
BUR-06720,RET-06720,807,3,0
BUR-06721,RET-06721,710,0,1
BUR-06722,RET-06722,751,3,0
BUR-06723,RET-06723,838,2,0
BUR-06724,RET-06724,668,0,0
BUR-06725,RET-06725,810,5,2
BUR-06726,RET-06726,700,1,1
BUR-06727,RET-06727,567,5,1
BUR-06728,RET-06728,719,1,0
BUR-06729,RET-06729,805,4,0
BUR-06730,RET-06730,738,1,0
BUR-06731,RET-06731,676,2,0
BUR-06732,RET-06732,766,1,1
BUR-06733,RET-06733,634,2,1
BUR-06734,RET-06734,729,3,1
BUR-06735,RET-06735,744,0,0
BUR-06736,RET-06736,602,2,1
BUR-06737,RET-06737,568,2,0
BUR-06738,RET-06738,778,0,1
BUR-06739,RET-06739,728,1,0
BUR-06740,RET-06740,815,1,0
BUR-06741,RET-06741,756,1,1
BUR-06742,RET-06742,671,2,0
BUR-06743,RET-06743,775,3,1
BUR-06744,RET-06744,638,1,0
BUR-06745,RET-06745,723,2,1
BUR-06746,RET-06746,764,1,0
BUR-06747,RET-06747,747,3,1
BUR-06748,RET-06748,718,1,0
BUR-06749,RET-06749,802,2,1
BUR-06750,RET-06750,628,1,2
BUR-06751,RET-06751,841,0,2
BUR-06752,RET-06752,823,2,1
BUR-06753,RET-06753,864,2,0
BUR-06754,RET-06754,732,2,0
BUR-06755,RET-06755,580,2,1
BUR-06756,RET-06756,865,2,0
BUR-06757,RET-06757,711,4,0
BUR-06758,RET-06758,704,3,0
BUR-06759,RET-06759,751,2,0
BUR-06760,RET-06760,695,2,1
BUR-06761,RET-06761,745,3,0
BUR-06762,RET-06762,608,2,0
BUR-06763,RET-06763,615,1,2
BUR-06764,RET-06764,679,2,0
BUR-06765,RET-06765,657,1,0
BUR-06766,RET-06766,746,2,1
BUR-06767,RET-06767,809,1,1
BUR-06768,RET-06768,533,3,1
BUR-06769,RET-06769,689,0,0
BUR-06770,RET-06770,719,1,0
BUR-06771,RET-06771,831,4,0
BUR-06772,RET-06772,688,2,0
BUR-06773,RET-06773,869,0,1
BUR-06774,RET-06774,863,3,1
BUR-06775,RET-06775,775,1,1
BUR-06776,RET-06776,841,4,1
BUR-06777,RET-06777,799,3,1
BUR-06778,RET-06778,872,1,0
BUR-06779,RET-06779,522,1,1
BUR-06780,RET-06780,699,0,1
BUR-06781,RET-06781,880,2,1
BUR-06782,RET-06782,822,3,0
BUR-06783,RET-06783,596,4,0
BUR-06784,RET-06784,720,1,0
BUR-06785,RET-06785,588,2,0
BUR-06786,RET-06786,792,0,0
BUR-06787,RET-06787,748,1,0
BUR-06788,RET-06788,823,2,1
BUR-06789,RET-06789,821,1,0
BUR-06790,RET-06790,778,1,0
BUR-06791,RET-06791,731,3,0
BUR-06792,RET-06792,798,2,0
BUR-06793,RET-06793,678,3,1
BUR-06794,RET-06794,776,0,0
BUR-06795,RET-06795,765,3,2
BUR-06796,RET-06796,762,1,0
BUR-06797,RET-06797,877,1,0
BUR-06798,RET-06798,652,0,0
BUR-06799,RET-06799,769,3,2
BUR-06800,RET-06800,749,2,0
BUR-06801,RET-06801,676,3,1
BUR-06802,RET-06802,713,2,0
BUR-06803,RET-06803,721,2,3
BUR-06804,RET-06804,727,2,1
BUR-06805,RET-06805,726,4,0
BUR-06806,RET-06806,813,3,2
BUR-06807,RET-06807,791,0,0
BUR-06808,RET-06808,619,2,2
BUR-06809,RET-06809,759,0,0
BUR-06810,RET-06810,766,1,0
BUR-06811,RET-06811,855,0,0
BUR-06812,RET-06812,674,0,0
BUR-06813,RET-06813,815,2,1
BUR-06814,RET-06814,676,3,0
BUR-06815,RET-06815,779,1,0
BUR-06816,RET-06816,616,2,0
BUR-06817,RET-06817,691,1,0
BUR-06818,RET-06818,813,2,0
BUR-06819,RET-06819,794,5,0
BUR-06820,RET-06820,695,3,0
BUR-06821,RET-06821,652,3,0
BUR-06822,RET-06822,854,2,1
BUR-06823,RET-06823,872,5,1
BUR-06824,RET-06824,860,0,0
BUR-06825,RET-06825,728,1,0
BUR-06826,RET-06826,745,0,0
BUR-06827,RET-06827,660,4,0
BUR-06828,RET-06828,652,1,0
BUR-06829,RET-06829,864,1,1
BUR-06830,RET-06830,782,1,1
BUR-06831,RET-06831,732,1,1
BUR-06832,RET-06832,711,1,1
BUR-06833,RET-06833,734,0,0
BUR-06834,RET-06834,677,4,1
BUR-06835,RET-06835,806,3,1
BUR-06836,RET-06836,709,2,0
BUR-06837,RET-06837,623,1,1
BUR-06838,RET-06838,793,0,1
BUR-06839,RET-06839,874,6,0
BUR-06840,RET-06840,603,0,0
BUR-06841,RET-06841,732,2,0
BUR-06842,RET-06842,853,5,1
BUR-06843,RET-06843,767,3,2
BUR-06844,RET-06844,712,2,0
BUR-06845,RET-06845,571,0,0
BUR-06846,RET-06846,842,0,0
BUR-06847,RET-06847,584,1,0
BUR-06848,RET-06848,815,2,0
BUR-06849,RET-06849,579,2,0
BUR-06850,RET-06850,750,3,1
BUR-06851,RET-06851,729,4,0
BUR-06852,RET-06852,792,1,0
BUR-06853,RET-06853,682,0,1
BUR-06854,RET-06854,887,2,0
BUR-06855,RET-06855,707,3,1
BUR-06856,RET-06856,801,4,0
BUR-06857,RET-06857,781,1,1
BUR-06858,RET-06858,854,1,0
BUR-06859,RET-06859,825,4,0
BUR-06860,RET-06860,719,1,2
BUR-06861,RET-06861,858,0,0
BUR-06862,RET-06862,797,5,0
BUR-06863,RET-06863,759,0,0
BUR-06864,RET-06864,697,2,0
BUR-06865,RET-06865,694,0,1
BUR-06866,RET-06866,870,3,1
BUR-06867,RET-06867,739,3,0
BUR-06868,RET-06868,790,2,0
BUR-06869,RET-06869,768,0,0
BUR-06870,RET-06870,717,0,1
BUR-06871,RET-06871,735,1,1
BUR-06872,RET-06872,744,2,1
BUR-06873,RET-06873,736,4,1
BUR-06874,RET-06874,754,3,0
BUR-06875,RET-06875,643,0,1
BUR-06876,RET-06876,791,0,0
BUR-06877,RET-06877,859,4,0
BUR-06878,RET-06878,795,0,0
BUR-06879,RET-06879,707,1,0
BUR-06880,RET-06880,727,1,0
BUR-06881,RET-06881,623,1,0
BUR-06882,RET-06882,858,3,0
BUR-06883,RET-06883,782,4,1
BUR-06884,RET-06884,798,1,1
BUR-06885,RET-06885,394,5,0
BUR-06886,RET-06886,831,2,0
BUR-06887,RET-06887,659,3,2
BUR-06888,RET-06888,808,1,0
BUR-06889,RET-06889,667,4,0
BUR-06890,RET-06890,795,1,0
BUR-06891,RET-06891,446,3,0
BUR-06892,RET-06892,471,6,0
BUR-06893,RET-06893,737,5,1
BUR-06894,RET-06894,872,1,1
BUR-06895,RET-06895,839,1,0
BUR-06896,RET-06896,868,1,1
BUR-06897,RET-06897,841,2,0
BUR-06898,RET-06898,666,2,0
BUR-06899,RET-06899,633,6,0
BUR-06900,RET-06900,837,1,0
BUR-06901,RET-06901,683,1,1
BUR-06902,RET-06902,627,0,2
BUR-06903,RET-06903,738,2,1
BUR-06904,RET-06904,752,2,0
BUR-06905,RET-06905,698,5,0
BUR-06906,RET-06906,634,2,0
BUR-06907,RET-06907,536,0,2
BUR-06908,RET-06908,791,3,1
BUR-06909,RET-06909,821,1,1
BUR-06910,RET-06910,809,2,0
BUR-06911,RET-06911,690,1,1
BUR-06912,RET-06912,517,1,0
BUR-06913,RET-06913,840,2,0
BUR-06914,RET-06914,578,0,1
BUR-06915,RET-06915,768,1,0
BUR-06916,RET-06916,818,1,1
BUR-06917,RET-06917,709,1,0
BUR-06918,RET-06918,666,0,0
BUR-06919,RET-06919,855,1,0
BUR-06920,RET-06920,718,0,1
BUR-06921,RET-06921,718,3,0
BUR-06922,RET-06922,808,3,0
BUR-06923,RET-06923,821,2,0
BUR-06924,RET-06924,705,2,0
BUR-06925,RET-06925,819,1,1
BUR-06926,RET-06926,877,3,1
BUR-06927,RET-06927,748,6,0
BUR-06928,RET-06928,761,5,2
BUR-06929,RET-06929,778,3,1
BUR-06930,RET-06930,860,1,2
BUR-06931,RET-06931,551,1,1
BUR-06932,RET-06932,759,0,0
BUR-06933,RET-06933,616,4,0
BUR-06934,RET-06934,775,3,0
BUR-06935,RET-06935,696,4,2
BUR-06936,RET-06936,770,3,0
BUR-06937,RET-06937,774,4,1
BUR-06938,RET-06938,824,1,0
BUR-06939,RET-06939,861,2,0
BUR-06940,RET-06940,822,1,1
BUR-06941,RET-06941,749,1,1
BUR-06942,RET-06942,609,2,0
BUR-06943,RET-06943,655,2,2
BUR-06944,RET-06944,677,2,0
BUR-06945,RET-06945,788,2,0
BUR-06946,RET-06946,811,7,1
BUR-06947,RET-06947,647,3,0
BUR-06948,RET-06948,654,2,1
BUR-06949,RET-06949,822,5,0
BUR-06950,RET-06950,439,1,1
BUR-06951,RET-06951,841,2,1
BUR-06952,RET-06952,720,0,1
BUR-06953,RET-06953,625,1,1
BUR-06954,RET-06954,833,4,1
BUR-06955,RET-06955,827,4,1
BUR-06956,RET-06956,821,2,2
BUR-06957,RET-06957,702,1,0
BUR-06958,RET-06958,661,2,0
BUR-06959,RET-06959,742,2,0
BUR-06960,RET-06960,667,1,1
BUR-06961,RET-06961,822,2,1
BUR-06962,RET-06962,850,1,0
BUR-06963,RET-06963,630,1,0
BUR-06964,RET-06964,711,1,1
BUR-06965,RET-06965,781,2,2
BUR-06966,RET-06966,791,4,0
BUR-06967,RET-06967,749,2,1
BUR-06968,RET-06968,736,0,0
BUR-06969,RET-06969,563,2,0
BUR-06970,RET-06970,552,1,0
BUR-06971,RET-06971,869,2,0
BUR-06972,RET-06972,892,1,0
BUR-06973,RET-06973,779,1,2
BUR-06974,RET-06974,749,2,1
BUR-06975,RET-06975,717,1,0
BUR-06976,RET-06976,795,3,0
BUR-06977,RET-06977,797,1,0
BUR-06978,RET-06978,794,1,3
BUR-06979,RET-06979,836,3,0
BUR-06980,RET-06980,850,1,0
BUR-06981,RET-06981,845,3,0
BUR-06982,RET-06982,750,2,0
BUR-06983,RET-06983,864,2,0
BUR-06984,RET-06984,660,2,0
BUR-06985,RET-06985,574,4,1
BUR-06986,RET-06986,852,1,0
BUR-06987,RET-06987,677,2,2
BUR-06988,RET-06988,677,0,1
BUR-06989,RET-06989,766,0,0
BUR-06990,RET-06990,734,3,0
BUR-06991,RET-06991,577,1,0
BUR-06992,RET-06992,509,0,0
BUR-06993,RET-06993,759,0,1
BUR-06994,RET-06994,651,1,0
BUR-06995,RET-06995,836,4,0
BUR-06996,RET-06996,808,1,0
BUR-06997,RET-06997,777,4,0
BUR-06998,RET-06998,628,4,0
BUR-06999,RET-06999,864,1,0
BUR-07000,RET-07000,707,1,1
BUR-07001,RET-07001,817,0,0
BUR-07002,RET-07002,681,5,0
BUR-07003,RET-07003,694,2,0
BUR-07004,RET-07004,783,2,0
BUR-07005,RET-07005,656,5,0
BUR-07006,RET-07006,841,1,1
BUR-07007,RET-07007,817,3,1
BUR-07008,RET-07008,657,1,0
BUR-07009,RET-07009,800,1,1
BUR-07010,RET-07010,738,0,1
BUR-07011,RET-07011,557,3,0
BUR-07012,RET-07012,752,6,0
BUR-07013,RET-07013,800,1,1
BUR-07014,RET-07014,692,2,3
BUR-07015,RET-07015,814,3,0
BUR-07016,RET-07016,726,2,1
BUR-07017,RET-07017,615,1,0
BUR-07018,RET-07018,760,1,2
BUR-07019,RET-07019,683,1,0
BUR-07020,RET-07020,736,1,0
BUR-07021,RET-07021,811,0,0
BUR-07022,RET-07022,877,1,0
BUR-07023,RET-07023,602,3,0
BUR-07024,RET-07024,764,1,0
BUR-07025,RET-07025,652,0,1
BUR-07026,RET-07026,541,1,0
BUR-07027,RET-07027,765,1,1
BUR-07028,RET-07028,702,1,0
BUR-07029,RET-07029,753,1,0
BUR-07030,RET-07030,742,3,0
BUR-07031,RET-07031,822,1,2
BUR-07032,RET-07032,756,4,0
BUR-07033,RET-07033,679,1,1
BUR-07034,RET-07034,775,3,0
BUR-07035,RET-07035,724,0,1
BUR-07036,RET-07036,842,1,1
BUR-07037,RET-07037,707,3,0
BUR-07038,RET-07038,670,2,1
BUR-07039,RET-07039,599,0,1
BUR-07040,RET-07040,868,2,1
BUR-07041,RET-07041,783,3,0
BUR-07042,RET-07042,830,0,0
BUR-07043,RET-07043,827,3,2
BUR-07044,RET-07044,868,3,0
BUR-07045,RET-07045,822,3,2
BUR-07046,RET-07046,698,1,0
BUR-07047,RET-07047,719,0,0
BUR-07048,RET-07048,657,1,0
BUR-07049,RET-07049,799,3,0
BUR-07050,RET-07050,543,1,0
BUR-07051,RET-07051,799,3,0
BUR-07052,RET-07052,627,2,0
BUR-07053,RET-07053,812,0,1
BUR-07054,RET-07054,843,3,0
BUR-07055,RET-07055,819,2,0
BUR-07056,RET-07056,739,2,2
BUR-07057,RET-07057,768,5,0
BUR-07058,RET-07058,763,2,0
BUR-07059,RET-07059,794,1,1
BUR-07060,RET-07060,766,0,1
BUR-07061,RET-07061,678,2,0
BUR-07062,RET-07062,772,2,0
BUR-07063,RET-07063,615,1,0
BUR-07064,RET-07064,690,2,0
BUR-07065,RET-07065,728,0,0
BUR-07066,RET-07066,683,1,0
BUR-07067,RET-07067,746,3,1
BUR-07068,RET-07068,876,3,1
BUR-07069,RET-07069,789,1,0
BUR-07070,RET-07070,821,2,2
BUR-07071,RET-07071,690,3,2
BUR-07072,RET-07072,700,1,1
BUR-07073,RET-07073,632,5,1
BUR-07074,RET-07074,784,3,1
BUR-07075,RET-07075,890,5,1
BUR-07076,RET-07076,682,3,0
BUR-07077,RET-07077,687,4,2
BUR-07078,RET-07078,597,3,1
BUR-07079,RET-07079,731,1,0
BUR-07080,RET-07080,749,2,0
BUR-07081,RET-07081,596,3,0
BUR-07082,RET-07082,865,1,1
BUR-07083,RET-07083,796,2,0
BUR-07084,RET-07084,776,2,0
BUR-07085,RET-07085,804,3,0
BUR-07086,RET-07086,507,2,0
BUR-07087,RET-07087,538,0,0
BUR-07088,RET-07088,868,3,1
BUR-07089,RET-07089,738,1,0
BUR-07090,RET-07090,715,0,0
BUR-07091,RET-07091,695,3,0
BUR-07092,RET-07092,827,3,0
BUR-07093,RET-07093,809,4,1
BUR-07094,RET-07094,693,3,1
BUR-07095,RET-07095,719,1,1
BUR-07096,RET-07096,799,3,0
BUR-07097,RET-07097,733,1,0
BUR-07098,RET-07098,816,5,0
BUR-07099,RET-07099,790,1,2
BUR-07100,RET-07100,796,0,2
BUR-07101,RET-07101,701,1,0
BUR-07102,RET-07102,686,2,1
BUR-07103,RET-07103,553,3,0
BUR-07104,RET-07104,606,3,0
BUR-07105,RET-07105,883,0,0
BUR-07106,RET-07106,806,2,0
BUR-07107,RET-07107,724,2,0
BUR-07108,RET-07108,751,1,1
BUR-07109,RET-07109,697,4,0
BUR-07110,RET-07110,771,3,1
BUR-07111,RET-07111,661,2,0
BUR-07112,RET-07112,869,1,2
BUR-07113,RET-07113,611,2,1
BUR-07114,RET-07114,698,1,0
BUR-07115,RET-07115,642,3,2
BUR-07116,RET-07116,805,4,0
BUR-07117,RET-07117,649,4,0
BUR-07118,RET-07118,779,2,0
BUR-07119,RET-07119,692,1,1
BUR-07120,RET-07120,627,2,0
BUR-07121,RET-07121,582,2,0
BUR-07122,RET-07122,621,1,0
BUR-07123,RET-07123,730,0,0
BUR-07124,RET-07124,773,6,1
BUR-07125,RET-07125,836,3,1
BUR-07126,RET-07126,732,1,0
BUR-07127,RET-07127,733,4,0
BUR-07128,RET-07128,838,4,0
BUR-07129,RET-07129,802,2,0
BUR-07130,RET-07130,794,0,1
BUR-07131,RET-07131,839,2,0
BUR-07132,RET-07132,735,5,0
BUR-07133,RET-07133,590,1,1
BUR-07134,RET-07134,791,1,0
BUR-07135,RET-07135,760,2,0
BUR-07136,RET-07136,629,2,2
BUR-07137,RET-07137,671,4,1
BUR-07138,RET-07138,703,2,2
BUR-07139,RET-07139,625,2,1
BUR-07140,RET-07140,665,2,0
BUR-07141,RET-07141,831,1,2
BUR-07142,RET-07142,697,2,1
BUR-07143,RET-07143,642,1,0
BUR-07144,RET-07144,652,3,0
BUR-07145,RET-07145,887,4,0
BUR-07146,RET-07146,848,1,0
BUR-07147,RET-07147,597,2,1
BUR-07148,RET-07148,733,1,1
BUR-07149,RET-07149,601,1,0
BUR-07150,RET-07150,823,2,1
BUR-07151,RET-07151,706,2,0
BUR-07152,RET-07152,585,1,1
BUR-07153,RET-07153,668,2,0
BUR-07154,RET-07154,827,2,0
BUR-07155,RET-07155,839,3,0
BUR-07156,RET-07156,670,0,0
BUR-07157,RET-07157,712,2,1
BUR-07158,RET-07158,770,1,5
BUR-07159,RET-07159,627,1,1
BUR-07160,RET-07160,819,4,0
BUR-07161,RET-07161,698,2,1
BUR-07162,RET-07162,709,3,0
BUR-07163,RET-07163,893,3,1
BUR-07164,RET-07164,612,2,1
BUR-07165,RET-07165,661,1,1
BUR-07166,RET-07166,813,0,1
BUR-07167,RET-07167,734,2,1
BUR-07168,RET-07168,611,5,0
BUR-07169,RET-07169,717,1,4
BUR-07170,RET-07170,757,2,0
BUR-07171,RET-07171,757,0,0
BUR-07172,RET-07172,793,4,1
BUR-07173,RET-07173,734,1,0
BUR-07174,RET-07174,853,1,1
BUR-07175,RET-07175,820,0,1
BUR-07176,RET-07176,544,3,0
BUR-07177,RET-07177,609,3,3
BUR-07178,RET-07178,553,3,0
BUR-07179,RET-07179,699,0,0
BUR-07180,RET-07180,826,1,3
BUR-07181,RET-07181,549,2,3
BUR-07182,RET-07182,662,3,0
BUR-07183,RET-07183,854,3,1
BUR-07184,RET-07184,790,0,0
BUR-07185,RET-07185,827,2,2
BUR-07186,RET-07186,766,1,1
BUR-07187,RET-07187,740,4,0
BUR-07188,RET-07188,789,0,1
BUR-07189,RET-07189,827,1,0
BUR-07190,RET-07190,809,0,0
BUR-07191,RET-07191,717,2,0
BUR-07192,RET-07192,660,1,2
BUR-07193,RET-07193,695,4,0
BUR-07194,RET-07194,784,2,1
BUR-07195,RET-07195,815,2,1
BUR-07196,RET-07196,775,2,1
BUR-07197,RET-07197,740,0,1
BUR-07198,RET-07198,775,2,0
BUR-07199,RET-07199,520,3,0
BUR-07200,RET-07200,741,2,0
BUR-07201,RET-07201,734,1,0
BUR-07202,RET-07202,827,0,0
BUR-07203,RET-07203,874,4,0
BUR-07204,RET-07204,713,2,1
BUR-07205,RET-07205,712,3,0
BUR-07206,RET-07206,584,1,0
BUR-07207,RET-07207,694,5,0
BUR-07208,RET-07208,853,2,2
BUR-07209,RET-07209,756,2,2
BUR-07210,RET-07210,888,0,1
BUR-07211,RET-07211,788,2,0
BUR-07212,RET-07212,862,2,0
BUR-07213,RET-07213,713,5,0
BUR-07214,RET-07214,685,1,1
BUR-07215,RET-07215,803,2,0
BUR-07216,RET-07216,653,4,0
BUR-07217,RET-07217,623,3,0
BUR-07218,RET-07218,618,2,3
BUR-07219,RET-07219,764,5,1
BUR-07220,RET-07220,680,5,1
BUR-07221,RET-07221,866,4,1
BUR-07222,RET-07222,526,1,0
BUR-07223,RET-07223,743,7,0
BUR-07224,RET-07224,841,4,3
BUR-07225,RET-07225,681,2,0
BUR-07226,RET-07226,623,4,0
BUR-07227,RET-07227,775,1,0
BUR-07228,RET-07228,799,2,0
BUR-07229,RET-07229,677,5,0
BUR-07230,RET-07230,710,5,0
BUR-07231,RET-07231,750,2,1
BUR-07232,RET-07232,679,1,0
BUR-07233,RET-07233,777,2,0
BUR-07234,RET-07234,801,3,0
BUR-07235,RET-07235,741,2,0
BUR-07236,RET-07236,579,0,1
BUR-07237,RET-07237,733,0,2
BUR-07238,RET-07238,801,3,0
BUR-07239,RET-07239,778,4,2
BUR-07240,RET-07240,831,1,2
BUR-07241,RET-07241,758,1,3
BUR-07242,RET-07242,887,0,0
BUR-07243,RET-07243,826,2,4
BUR-07244,RET-07244,663,1,0
BUR-07245,RET-07245,624,0,1
BUR-07246,RET-07246,534,2,1
BUR-07247,RET-07247,747,2,1
BUR-07248,RET-07248,670,0,1
BUR-07249,RET-07249,804,3,0
BUR-07250,RET-07250,815,0,0
BUR-07251,RET-07251,819,5,1
BUR-07252,RET-07252,739,0,0
BUR-07253,RET-07253,787,3,0
BUR-07254,RET-07254,670,5,2
BUR-07255,RET-07255,455,4,2
BUR-07256,RET-07256,649,2,1
BUR-07257,RET-07257,438,3,0
BUR-07258,RET-07258,782,0,0
BUR-07259,RET-07259,648,1,1
BUR-07260,RET-07260,671,2,0
BUR-07261,RET-07261,728,1,0
BUR-07262,RET-07262,614,1,0
BUR-07263,RET-07263,788,3,1
BUR-07264,RET-07264,865,2,0
BUR-07265,RET-07265,831,4,0
BUR-07266,RET-07266,612,2,0
BUR-07267,RET-07267,731,3,0
BUR-07268,RET-07268,746,4,1
BUR-07269,RET-07269,660,4,0
BUR-07270,RET-07270,759,3,2
BUR-07271,RET-07271,778,0,1
BUR-07272,RET-07272,513,0,1
BUR-07273,RET-07273,806,2,1
BUR-07274,RET-07274,858,2,2
BUR-07275,RET-07275,743,3,1
BUR-07276,RET-07276,768,1,1
BUR-07277,RET-07277,537,4,1
BUR-07278,RET-07278,699,1,0
BUR-07279,RET-07279,614,2,1
BUR-07280,RET-07280,712,0,2
BUR-07281,RET-07281,783,0,0
BUR-07282,RET-07282,817,1,1
BUR-07283,RET-07283,644,2,0
BUR-07284,RET-07284,486,5,0
BUR-07285,RET-07285,605,1,1
BUR-07286,RET-07286,683,2,1
BUR-07287,RET-07287,894,2,0
BUR-07288,RET-07288,682,2,0
BUR-07289,RET-07289,838,3,0
BUR-07290,RET-07290,732,3,0
BUR-07291,RET-07291,685,2,0
BUR-07292,RET-07292,830,3,1
BUR-07293,RET-07293,498,1,0
BUR-07294,RET-07294,829,4,0
BUR-07295,RET-07295,833,1,0
BUR-07296,RET-07296,769,2,1
BUR-07297,RET-07297,640,5,1
BUR-07298,RET-07298,756,4,1
BUR-07299,RET-07299,524,3,0
BUR-07300,RET-07300,789,0,0
BUR-07301,RET-07301,764,1,1
BUR-07302,RET-07302,769,0,1
BUR-07303,RET-07303,732,3,0
BUR-07304,RET-07304,630,1,0
BUR-07305,RET-07305,862,4,1
BUR-07306,RET-07306,726,2,0
BUR-07307,RET-07307,736,3,0
BUR-07308,RET-07308,819,4,0
BUR-07309,RET-07309,671,2,0
BUR-07310,RET-07310,747,3,0
BUR-07311,RET-07311,742,2,0
BUR-07312,RET-07312,711,3,0
BUR-07313,RET-07313,828,3,0
BUR-07314,RET-07314,696,1,0
BUR-07315,RET-07315,800,2,0
BUR-07316,RET-07316,658,3,0
BUR-07317,RET-07317,683,4,2
BUR-07318,RET-07318,824,1,0
BUR-07319,RET-07319,784,2,0
BUR-07320,RET-07320,833,1,1
BUR-07321,RET-07321,673,4,1
BUR-07322,RET-07322,858,1,0
BUR-07323,RET-07323,792,1,0
BUR-07324,RET-07324,668,3,1
BUR-07325,RET-07325,654,2,0
BUR-07326,RET-07326,604,2,0
BUR-07327,RET-07327,813,1,0
BUR-07328,RET-07328,816,4,0
BUR-07329,RET-07329,740,2,0
BUR-07330,RET-07330,766,0,2
BUR-07331,RET-07331,627,3,0
BUR-07332,RET-07332,714,1,0
BUR-07333,RET-07333,822,0,0
BUR-07334,RET-07334,509,2,1
BUR-07335,RET-07335,798,5,1
BUR-07336,RET-07336,769,2,1
BUR-07337,RET-07337,618,1,0
BUR-07338,RET-07338,642,3,0
BUR-07339,RET-07339,806,5,0
BUR-07340,RET-07340,769,2,0
BUR-07341,RET-07341,828,1,0
BUR-07342,RET-07342,739,2,0
BUR-07343,RET-07343,643,6,0
BUR-07344,RET-07344,849,2,0
BUR-07345,RET-07345,672,3,1
BUR-07346,RET-07346,604,0,1
BUR-07347,RET-07347,559,1,0
BUR-07348,RET-07348,726,0,0
BUR-07349,RET-07349,796,1,0
BUR-07350,RET-07350,579,3,3
BUR-07351,RET-07351,804,3,3
BUR-07352,RET-07352,824,1,1
BUR-07353,RET-07353,722,1,0
BUR-07354,RET-07354,882,1,2
BUR-07355,RET-07355,757,4,1
BUR-07356,RET-07356,709,2,1
BUR-07357,RET-07357,585,0,0
BUR-07358,RET-07358,714,0,1
BUR-07359,RET-07359,562,2,0
BUR-07360,RET-07360,762,5,0
BUR-07361,RET-07361,837,1,0
BUR-07362,RET-07362,805,5,0
BUR-07363,RET-07363,669,2,0
BUR-07364,RET-07364,769,0,0
BUR-07365,RET-07365,795,1,2
BUR-07366,RET-07366,856,3,1
BUR-07367,RET-07367,795,3,0
BUR-07368,RET-07368,811,4,2
BUR-07369,RET-07369,771,1,1
BUR-07370,RET-07370,413,2,2
BUR-07371,RET-07371,517,1,0
BUR-07372,RET-07372,778,2,0
BUR-07373,RET-07373,573,5,0
BUR-07374,RET-07374,737,4,0
BUR-07375,RET-07375,782,0,0
BUR-07376,RET-07376,802,0,0
BUR-07377,RET-07377,797,5,0
BUR-07378,RET-07378,660,1,0
BUR-07379,RET-07379,466,3,2
BUR-07380,RET-07380,707,0,0
BUR-07381,RET-07381,796,2,1
BUR-07382,RET-07382,675,2,0
BUR-07383,RET-07383,511,4,0
BUR-07384,RET-07384,825,6,0
BUR-07385,RET-07385,860,2,1
BUR-07386,RET-07386,748,2,0
BUR-07387,RET-07387,700,3,0
BUR-07388,RET-07388,689,1,1
BUR-07389,RET-07389,751,2,1
BUR-07390,RET-07390,674,3,0
BUR-07391,RET-07391,846,1,0
BUR-07392,RET-07392,821,1,0
BUR-07393,RET-07393,857,2,0
BUR-07394,RET-07394,800,1,0
BUR-07395,RET-07395,855,2,1
BUR-07396,RET-07396,814,2,1
BUR-07397,RET-07397,767,1,0
BUR-07398,RET-07398,522,3,0
BUR-07399,RET-07399,852,2,0
BUR-07400,RET-07400,471,0,2
BUR-07401,RET-07401,710,2,1
BUR-07402,RET-07402,821,1,1
BUR-07403,RET-07403,762,2,1
BUR-07404,RET-07404,783,3,1
BUR-07405,RET-07405,725,0,0
BUR-07406,RET-07406,636,4,1
BUR-07407,RET-07407,830,1,0
BUR-07408,RET-07408,877,3,0
BUR-07409,RET-07409,667,1,0
BUR-07410,RET-07410,751,1,0
BUR-07411,RET-07411,454,2,0
BUR-07412,RET-07412,867,2,1
BUR-07413,RET-07413,852,6,1
BUR-07414,RET-07414,567,3,0
BUR-07415,RET-07415,610,1,1
BUR-07416,RET-07416,659,0,0
BUR-07417,RET-07417,741,4,0
BUR-07418,RET-07418,791,2,0
BUR-07419,RET-07419,764,4,1
BUR-07420,RET-07420,728,3,2
BUR-07421,RET-07421,744,2,0
BUR-07422,RET-07422,805,2,0
BUR-07423,RET-07423,725,2,1
BUR-07424,RET-07424,752,0,1
BUR-07425,RET-07425,790,1,1
BUR-07426,RET-07426,519,3,1
BUR-07427,RET-07427,546,1,4
BUR-07428,RET-07428,780,0,2
BUR-07429,RET-07429,739,1,0
BUR-07430,RET-07430,750,1,1
BUR-07431,RET-07431,792,0,1
BUR-07432,RET-07432,829,3,0
BUR-07433,RET-07433,627,6,1
BUR-07434,RET-07434,871,2,1
BUR-07435,RET-07435,829,2,0
BUR-07436,RET-07436,768,2,0
BUR-07437,RET-07437,854,1,3
BUR-07438,RET-07438,777,3,0
BUR-07439,RET-07439,766,1,2
BUR-07440,RET-07440,764,3,0
BUR-07441,RET-07441,780,0,0
BUR-07442,RET-07442,841,2,2
BUR-07443,RET-07443,652,3,1
BUR-07444,RET-07444,771,3,0
BUR-07445,RET-07445,578,1,2
BUR-07446,RET-07446,840,1,0
BUR-07447,RET-07447,845,3,1
BUR-07448,RET-07448,763,4,1
BUR-07449,RET-07449,816,4,0
BUR-07450,RET-07450,778,5,0
BUR-07451,RET-07451,738,4,0
BUR-07452,RET-07452,821,2,1
BUR-07453,RET-07453,661,2,1
BUR-07454,RET-07454,835,5,0
BUR-07455,RET-07455,858,2,1
BUR-07456,RET-07456,755,4,0
BUR-07457,RET-07457,828,3,0
BUR-07458,RET-07458,823,1,0
BUR-07459,RET-07459,765,2,0
BUR-07460,RET-07460,768,3,0
BUR-07461,RET-07461,813,1,0
BUR-07462,RET-07462,758,2,1
BUR-07463,RET-07463,708,0,2
BUR-07464,RET-07464,811,3,0
BUR-07465,RET-07465,709,0,0
BUR-07466,RET-07466,787,2,0
BUR-07467,RET-07467,694,0,0
BUR-07468,RET-07468,738,2,1
BUR-07469,RET-07469,488,4,0
BUR-07470,RET-07470,802,0,0
BUR-07471,RET-07471,705,2,0
BUR-07472,RET-07472,716,0,0
BUR-07473,RET-07473,742,5,1
BUR-07474,RET-07474,664,2,1
BUR-07475,RET-07475,822,1,0
BUR-07476,RET-07476,801,3,0
BUR-07477,RET-07477,759,2,0
BUR-07478,RET-07478,806,4,1
BUR-07479,RET-07479,714,1,2
BUR-07480,RET-07480,656,2,0
BUR-07481,RET-07481,662,5,0
BUR-07482,RET-07482,885,1,0
BUR-07483,RET-07483,812,0,0
BUR-07484,RET-07484,717,2,0
BUR-07485,RET-07485,702,2,0
BUR-07486,RET-07486,700,3,0
BUR-07487,RET-07487,754,1,2
BUR-07488,RET-07488,645,2,1
BUR-07489,RET-07489,620,0,1
BUR-07490,RET-07490,811,1,0
BUR-07491,RET-07491,646,2,0
BUR-07492,RET-07492,768,2,0
BUR-07493,RET-07493,803,2,1
BUR-07494,RET-07494,845,2,0
BUR-07495,RET-07495,728,2,1
BUR-07496,RET-07496,772,0,1
BUR-07497,RET-07497,747,1,1
BUR-07498,RET-07498,571,3,0
BUR-07499,RET-07499,751,4,1
BUR-07500,RET-07500,648,0,0
BUR-07501,RET-07501,609,2,0
BUR-07502,RET-07502,754,3,0
BUR-07503,RET-07503,837,3,0
BUR-07504,RET-07504,793,3,0
BUR-07505,RET-07505,873,0,0
BUR-07506,RET-07506,844,2,0
BUR-07507,RET-07507,778,1,0
BUR-07508,RET-07508,728,1,2
BUR-07509,RET-07509,716,4,1
BUR-07510,RET-07510,838,0,0
BUR-07511,RET-07511,802,3,0
BUR-07512,RET-07512,838,0,1
BUR-07513,RET-07513,760,2,2
BUR-07514,RET-07514,730,4,0
BUR-07515,RET-07515,691,1,0
BUR-07516,RET-07516,488,1,3
BUR-07517,RET-07517,544,1,1
BUR-07518,RET-07518,656,3,2
BUR-07519,RET-07519,739,5,0
BUR-07520,RET-07520,743,1,0
BUR-07521,RET-07521,830,2,2
BUR-07522,RET-07522,770,1,0
BUR-07523,RET-07523,568,2,0
BUR-07524,RET-07524,890,1,2
BUR-07525,RET-07525,817,3,0
BUR-07526,RET-07526,773,2,1
BUR-07527,RET-07527,537,4,1
BUR-07528,RET-07528,731,3,0
BUR-07529,RET-07529,553,5,1
BUR-07530,RET-07530,535,0,0
BUR-07531,RET-07531,562,1,1
BUR-07532,RET-07532,826,0,2
BUR-07533,RET-07533,606,3,1
BUR-07534,RET-07534,814,2,0
BUR-07535,RET-07535,599,1,1
BUR-07536,RET-07536,620,1,0
BUR-07537,RET-07537,781,3,1
BUR-07538,RET-07538,681,0,0
BUR-07539,RET-07539,879,1,0
BUR-07540,RET-07540,728,0,0
BUR-07541,RET-07541,772,2,1
BUR-07542,RET-07542,703,2,3
BUR-07543,RET-07543,729,3,0
BUR-07544,RET-07544,687,3,1
BUR-07545,RET-07545,805,0,2
BUR-07546,RET-07546,711,0,0
BUR-07547,RET-07547,685,1,1
BUR-07548,RET-07548,654,1,1
BUR-07549,RET-07549,617,3,0
BUR-07550,RET-07550,661,1,1
BUR-07551,RET-07551,782,2,0
BUR-07552,RET-07552,800,2,2
BUR-07553,RET-07553,772,2,0
BUR-07554,RET-07554,674,2,0
BUR-07555,RET-07555,570,3,0
BUR-07556,RET-07556,697,0,0
BUR-07557,RET-07557,883,2,0
BUR-07558,RET-07558,681,4,0
BUR-07559,RET-07559,662,2,1
BUR-07560,RET-07560,798,2,0
BUR-07561,RET-07561,865,4,1
BUR-07562,RET-07562,667,0,0
BUR-07563,RET-07563,679,5,0
BUR-07564,RET-07564,773,0,0
BUR-07565,RET-07565,618,2,0
BUR-07566,RET-07566,755,3,1
BUR-07567,RET-07567,732,4,1
BUR-07568,RET-07568,768,2,0
BUR-07569,RET-07569,787,4,0
BUR-07570,RET-07570,727,3,1
BUR-07571,RET-07571,794,2,0
BUR-07572,RET-07572,594,3,0
BUR-07573,RET-07573,707,1,0
BUR-07574,RET-07574,818,2,1
BUR-07575,RET-07575,588,2,0
BUR-07576,RET-07576,844,2,0
BUR-07577,RET-07577,753,2,0
BUR-07578,RET-07578,817,2,2
BUR-07579,RET-07579,500,1,2
BUR-07580,RET-07580,619,5,1
BUR-07581,RET-07581,681,1,0
BUR-07582,RET-07582,634,2,0
BUR-07583,RET-07583,602,2,0
BUR-07584,RET-07584,629,3,1
BUR-07585,RET-07585,666,3,0
BUR-07586,RET-07586,842,2,1
BUR-07587,RET-07587,428,2,0
BUR-07588,RET-07588,846,3,1
BUR-07589,RET-07589,767,1,2
BUR-07590,RET-07590,664,3,0
BUR-07591,RET-07591,620,2,1
BUR-07592,RET-07592,629,1,0
BUR-07593,RET-07593,841,0,2
BUR-07594,RET-07594,874,3,0
BUR-07595,RET-07595,581,1,0
BUR-07596,RET-07596,784,3,0
BUR-07597,RET-07597,710,1,0
BUR-07598,RET-07598,894,1,0
BUR-07599,RET-07599,723,3,0
BUR-07600,RET-07600,779,5,0
BUR-07601,RET-07601,716,2,0
BUR-07602,RET-07602,780,2,0
BUR-07603,RET-07603,727,3,2
BUR-07604,RET-07604,672,1,0
BUR-07605,RET-07605,743,4,2
BUR-07606,RET-07606,671,3,1
BUR-07607,RET-07607,820,2,0
BUR-07608,RET-07608,724,1,0
BUR-07609,RET-07609,785,1,0
BUR-07610,RET-07610,606,2,0
BUR-07611,RET-07611,752,5,1
BUR-07612,RET-07612,632,3,0
BUR-07613,RET-07613,557,2,0
BUR-07614,RET-07614,855,2,0
BUR-07615,RET-07615,755,1,0
BUR-07616,RET-07616,762,0,0
BUR-07617,RET-07617,706,1,1
BUR-07618,RET-07618,805,3,2
BUR-07619,RET-07619,754,2,0
BUR-07620,RET-07620,723,2,0
BUR-07621,RET-07621,618,2,0
BUR-07622,RET-07622,685,4,0
BUR-07623,RET-07623,580,4,1
BUR-07624,RET-07624,883,2,1
BUR-07625,RET-07625,817,1,0
BUR-07626,RET-07626,659,2,1
BUR-07627,RET-07627,778,2,1
BUR-07628,RET-07628,640,2,0
BUR-07629,RET-07629,781,2,0
BUR-07630,RET-07630,865,3,0
BUR-07631,RET-07631,511,0,1
BUR-07632,RET-07632,730,3,0
BUR-07633,RET-07633,547,1,0
BUR-07634,RET-07634,687,0,1
BUR-07635,RET-07635,673,3,1
BUR-07636,RET-07636,690,3,0
BUR-07637,RET-07637,781,1,0
BUR-07638,RET-07638,551,6,0
BUR-07639,RET-07639,774,0,0
BUR-07640,RET-07640,880,2,0
BUR-07641,RET-07641,875,0,0
BUR-07642,RET-07642,723,2,0
BUR-07643,RET-07643,830,6,0
BUR-07644,RET-07644,435,2,0
BUR-07645,RET-07645,847,0,0
BUR-07646,RET-07646,705,2,0
BUR-07647,RET-07647,781,4,1
BUR-07648,RET-07648,757,3,0
BUR-07649,RET-07649,695,2,0
BUR-07650,RET-07650,734,2,1
BUR-07651,RET-07651,726,4,0
BUR-07652,RET-07652,638,0,0
BUR-07653,RET-07653,634,2,1
BUR-07654,RET-07654,656,3,0
BUR-07655,RET-07655,847,4,0
BUR-07656,RET-07656,782,4,1
BUR-07657,RET-07657,785,2,1
BUR-07658,RET-07658,756,2,1
BUR-07659,RET-07659,877,2,2
BUR-07660,RET-07660,785,3,0
BUR-07661,RET-07661,798,1,0
BUR-07662,RET-07662,877,2,0
BUR-07663,RET-07663,695,4,1
BUR-07664,RET-07664,768,4,0
BUR-07665,RET-07665,660,0,1
BUR-07666,RET-07666,823,2,0
BUR-07667,RET-07667,678,1,3
BUR-07668,RET-07668,457,0,2
BUR-07669,RET-07669,808,1,0
BUR-07670,RET-07670,623,1,1
BUR-07671,RET-07671,568,2,1
BUR-07672,RET-07672,539,1,0
BUR-07673,RET-07673,695,6,1
BUR-07674,RET-07674,738,3,0
BUR-07675,RET-07675,825,3,0
BUR-07676,RET-07676,686,5,0
BUR-07677,RET-07677,721,1,0
BUR-07678,RET-07678,637,3,0
BUR-07679,RET-07679,605,0,0
BUR-07680,RET-07680,799,1,0
BUR-07681,RET-07681,723,1,0
BUR-07682,RET-07682,803,2,1
BUR-07683,RET-07683,783,2,0
BUR-07684,RET-07684,714,2,1
BUR-07685,RET-07685,657,1,0
BUR-07686,RET-07686,748,1,1
BUR-07687,RET-07687,623,2,1
BUR-07688,RET-07688,566,1,0
BUR-07689,RET-07689,677,1,1
BUR-07690,RET-07690,638,3,1
BUR-07691,RET-07691,868,5,1
BUR-07692,RET-07692,665,3,1
BUR-07693,RET-07693,755,1,0
BUR-07694,RET-07694,642,2,0
BUR-07695,RET-07695,777,2,0
BUR-07696,RET-07696,784,1,1
BUR-07697,RET-07697,768,1,0
BUR-07698,RET-07698,826,0,0
BUR-07699,RET-07699,753,3,0
BUR-07700,RET-07700,761,1,1
BUR-07701,RET-07701,601,1,0
BUR-07702,RET-07702,750,3,0
BUR-07703,RET-07703,638,1,0
BUR-07704,RET-07704,727,0,1
BUR-07705,RET-07705,791,1,0
BUR-07706,RET-07706,681,2,3
BUR-07707,RET-07707,523,1,3
BUR-07708,RET-07708,772,1,0
BUR-07709,RET-07709,731,1,1
BUR-07710,RET-07710,736,1,1
BUR-07711,RET-07711,634,2,0
BUR-07712,RET-07712,852,1,1
BUR-07713,RET-07713,805,3,0
BUR-07714,RET-07714,757,1,0
BUR-07715,RET-07715,650,2,1
BUR-07716,RET-07716,790,1,2
BUR-07717,RET-07717,869,1,0
BUR-07718,RET-07718,770,0,1
BUR-07719,RET-07719,713,1,1
BUR-07720,RET-07720,651,3,0
BUR-07721,RET-07721,700,3,2
BUR-07722,RET-07722,846,4,0
BUR-07723,RET-07723,822,4,0
BUR-07724,RET-07724,678,0,1
BUR-07725,RET-07725,853,1,0
BUR-07726,RET-07726,581,0,0
BUR-07727,RET-07727,565,4,0
BUR-07728,RET-07728,788,1,2
BUR-07729,RET-07729,836,1,1
BUR-07730,RET-07730,864,2,2
BUR-07731,RET-07731,606,1,1
BUR-07732,RET-07732,822,2,1
BUR-07733,RET-07733,805,1,0
BUR-07734,RET-07734,629,2,0
BUR-07735,RET-07735,587,1,1
BUR-07736,RET-07736,808,4,0
BUR-07737,RET-07737,668,4,1
BUR-07738,RET-07738,804,3,0
BUR-07739,RET-07739,768,3,1
BUR-07740,RET-07740,777,4,0
BUR-07741,RET-07741,643,0,0
BUR-07742,RET-07742,845,1,1
BUR-07743,RET-07743,733,1,0
BUR-07744,RET-07744,840,2,3
BUR-07745,RET-07745,803,2,2
BUR-07746,RET-07746,859,2,1
BUR-07747,RET-07747,492,1,0
BUR-07748,RET-07748,874,3,1
BUR-07749,RET-07749,635,2,0
BUR-07750,RET-07750,698,1,0
BUR-07751,RET-07751,685,0,2
BUR-07752,RET-07752,657,1,0
BUR-07753,RET-07753,693,3,3
BUR-07754,RET-07754,697,1,1
BUR-07755,RET-07755,843,1,1
BUR-07756,RET-07756,620,2,0
BUR-07757,RET-07757,810,1,0
BUR-07758,RET-07758,816,1,0
BUR-07759,RET-07759,639,0,1
BUR-07760,RET-07760,639,1,2
BUR-07761,RET-07761,811,2,0
BUR-07762,RET-07762,602,0,0
BUR-07763,RET-07763,722,0,0
BUR-07764,RET-07764,766,2,0
BUR-07765,RET-07765,779,5,0
BUR-07766,RET-07766,822,3,0
BUR-07767,RET-07767,829,3,1
BUR-07768,RET-07768,582,0,0
BUR-07769,RET-07769,832,3,0
BUR-07770,RET-07770,590,1,0
BUR-07771,RET-07771,727,2,2
BUR-07772,RET-07772,748,2,0
BUR-07773,RET-07773,644,5,1
BUR-07774,RET-07774,752,2,0
BUR-07775,RET-07775,738,5,0
BUR-07776,RET-07776,727,1,1
BUR-07777,RET-07777,847,1,0
BUR-07778,RET-07778,768,0,2
BUR-07779,RET-07779,710,2,0
BUR-07780,RET-07780,820,3,0
BUR-07781,RET-07781,657,5,0
BUR-07782,RET-07782,825,1,0
BUR-07783,RET-07783,655,6,0
BUR-07784,RET-07784,816,0,0
BUR-07785,RET-07785,850,3,0
BUR-07786,RET-07786,890,1,0
BUR-07787,RET-07787,836,0,1
BUR-07788,RET-07788,487,3,0
BUR-07789,RET-07789,781,3,1
BUR-07790,RET-07790,701,4,0
BUR-07791,RET-07791,734,1,1
BUR-07792,RET-07792,626,2,1
BUR-07793,RET-07793,861,1,0
BUR-07794,RET-07794,674,1,0
BUR-07795,RET-07795,814,1,0
BUR-07796,RET-07796,751,2,0
BUR-07797,RET-07797,679,3,1
BUR-07798,RET-07798,702,2,0
BUR-07799,RET-07799,765,3,0
BUR-07800,RET-07800,843,1,0
BUR-07801,RET-07801,866,2,0
BUR-07802,RET-07802,855,4,0
BUR-07803,RET-07803,651,2,2
BUR-07804,RET-07804,865,1,0
BUR-07805,RET-07805,754,2,0
BUR-07806,RET-07806,593,3,0
BUR-07807,RET-07807,754,2,1
BUR-07808,RET-07808,806,0,1
BUR-07809,RET-07809,782,0,1
BUR-07810,RET-07810,716,1,0
BUR-07811,RET-07811,425,4,1
BUR-07812,RET-07812,717,3,1
BUR-07813,RET-07813,745,3,1
BUR-07814,RET-07814,609,0,0
BUR-07815,RET-07815,729,2,1
BUR-07816,RET-07816,875,2,0
BUR-07817,RET-07817,560,5,2
BUR-07818,RET-07818,803,2,0
BUR-07819,RET-07819,782,2,0
BUR-07820,RET-07820,711,2,0
BUR-07821,RET-07821,834,3,1
BUR-07822,RET-07822,780,1,0
BUR-07823,RET-07823,894,3,0
BUR-07824,RET-07824,825,3,0
BUR-07825,RET-07825,883,0,0
BUR-07826,RET-07826,831,0,0
BUR-07827,RET-07827,701,2,1
BUR-07828,RET-07828,738,1,0
BUR-07829,RET-07829,506,2,0
BUR-07830,RET-07830,742,2,1
BUR-07831,RET-07831,759,1,0
BUR-07832,RET-07832,777,1,0
BUR-07833,RET-07833,772,5,1
BUR-07834,RET-07834,746,0,1
BUR-07835,RET-07835,646,6,0
BUR-07836,RET-07836,761,1,0
BUR-07837,RET-07837,849,2,0
BUR-07838,RET-07838,685,1,3
BUR-07839,RET-07839,767,2,0
BUR-07840,RET-07840,677,4,0
BUR-07841,RET-07841,832,1,1
BUR-07842,RET-07842,492,0,1
BUR-07843,RET-07843,656,1,1
BUR-07844,RET-07844,808,2,1
BUR-07845,RET-07845,876,4,0
BUR-07846,RET-07846,873,3,0
BUR-07847,RET-07847,873,3,0
BUR-07848,RET-07848,723,1,0
BUR-07849,RET-07849,656,4,0
BUR-07850,RET-07850,678,2,1
BUR-07851,RET-07851,851,1,0
BUR-07852,RET-07852,752,6,4
BUR-07853,RET-07853,840,1,0
BUR-07854,RET-07854,713,3,0
BUR-07855,RET-07855,744,1,1
BUR-07856,RET-07856,877,0,0
BUR-07857,RET-07857,788,0,0
BUR-07858,RET-07858,644,4,0
BUR-07859,RET-07859,648,4,0
BUR-07860,RET-07860,769,2,1
BUR-07861,RET-07861,687,0,2
BUR-07862,RET-07862,716,3,1
BUR-07863,RET-07863,679,2,0
BUR-07864,RET-07864,703,1,0
BUR-07865,RET-07865,748,3,1
BUR-07866,RET-07866,646,3,1
BUR-07867,RET-07867,732,2,0
BUR-07868,RET-07868,735,4,0
BUR-07869,RET-07869,822,2,0
BUR-07870,RET-07870,800,2,0
BUR-07871,RET-07871,851,1,0
BUR-07872,RET-07872,603,2,2
BUR-07873,RET-07873,774,1,0
BUR-07874,RET-07874,712,4,0
BUR-07875,RET-07875,843,5,0
BUR-07876,RET-07876,612,2,1
BUR-07877,RET-07877,684,4,0
BUR-07878,RET-07878,788,2,0
BUR-07879,RET-07879,830,2,0
BUR-07880,RET-07880,845,2,1
BUR-07881,RET-07881,804,4,2
BUR-07882,RET-07882,419,0,0
BUR-07883,RET-07883,576,1,0
BUR-07884,RET-07884,548,1,1
BUR-07885,RET-07885,419,3,0
BUR-07886,RET-07886,760,4,0
BUR-07887,RET-07887,508,3,1
BUR-07888,RET-07888,621,9,2
BUR-07889,RET-07889,835,1,0
BUR-07890,RET-07890,716,0,1
BUR-07891,RET-07891,598,1,0
BUR-07892,RET-07892,808,1,0
BUR-07893,RET-07893,804,1,0
BUR-07894,RET-07894,670,0,0
BUR-07895,RET-07895,828,2,1
BUR-07896,RET-07896,678,2,0
BUR-07897,RET-07897,856,3,0
BUR-07898,RET-07898,829,4,0
BUR-07899,RET-07899,836,0,0
BUR-07900,RET-07900,808,3,0
BUR-07901,RET-07901,687,3,0
BUR-07902,RET-07902,833,3,0
BUR-07903,RET-07903,799,1,0
BUR-07904,RET-07904,795,1,0
BUR-07905,RET-07905,575,1,1
BUR-07906,RET-07906,589,1,0
BUR-07907,RET-07907,787,2,0
BUR-07908,RET-07908,691,5,0
BUR-07909,RET-07909,596,3,0
BUR-07910,RET-07910,640,3,0
BUR-07911,RET-07911,825,2,1
BUR-07912,RET-07912,746,2,0
BUR-07913,RET-07913,815,1,0
BUR-07914,RET-07914,726,0,0
BUR-07915,RET-07915,581,3,1
BUR-07916,RET-07916,596,0,0
BUR-07917,RET-07917,857,2,1
BUR-07918,RET-07918,731,3,0
BUR-07919,RET-07919,744,3,0
BUR-07920,RET-07920,787,0,0
BUR-07921,RET-07921,614,1,0
BUR-07922,RET-07922,829,2,0
BUR-07923,RET-07923,628,3,0
BUR-07924,RET-07924,801,4,0
BUR-07925,RET-07925,701,2,0
BUR-07926,RET-07926,655,2,1
BUR-07927,RET-07927,636,4,1
BUR-07928,RET-07928,610,4,0
BUR-07929,RET-07929,850,1,0
BUR-07930,RET-07930,695,1,0
BUR-07931,RET-07931,853,1,2
BUR-07932,RET-07932,580,2,1
BUR-07933,RET-07933,742,0,0
BUR-07934,RET-07934,851,1,1
BUR-07935,RET-07935,701,1,0
BUR-07936,RET-07936,697,2,0
BUR-07937,RET-07937,778,1,0
BUR-07938,RET-07938,779,3,0
BUR-07939,RET-07939,783,1,1
BUR-07940,RET-07940,806,6,1
BUR-07941,RET-07941,588,4,0
BUR-07942,RET-07942,623,1,1
BUR-07943,RET-07943,685,3,0
BUR-07944,RET-07944,764,2,0
BUR-07945,RET-07945,667,0,1
BUR-07946,RET-07946,541,0,0
BUR-07947,RET-07947,743,5,0
BUR-07948,RET-07948,771,2,0
BUR-07949,RET-07949,759,2,0
BUR-07950,RET-07950,629,3,0
BUR-07951,RET-07951,848,0,1
BUR-07952,RET-07952,761,1,0
BUR-07953,RET-07953,819,3,0
BUR-07954,RET-07954,762,0,2
BUR-07955,RET-07955,732,3,1
BUR-07956,RET-07956,691,6,0
BUR-07957,RET-07957,741,2,1
BUR-07958,RET-07958,779,4,0
BUR-07959,RET-07959,655,0,0
BUR-07960,RET-07960,605,4,0
BUR-07961,RET-07961,675,2,0
BUR-07962,RET-07962,686,4,1
BUR-07963,RET-07963,756,1,2
BUR-07964,RET-07964,872,3,0
BUR-07965,RET-07965,865,1,0
BUR-07966,RET-07966,807,0,1
BUR-07967,RET-07967,631,1,1
BUR-07968,RET-07968,780,4,1
BUR-07969,RET-07969,696,0,0
BUR-07970,RET-07970,708,2,0
BUR-07971,RET-07971,822,2,3
BUR-07972,RET-07972,876,5,0
BUR-07973,RET-07973,636,1,0
BUR-07974,RET-07974,704,1,0
BUR-07975,RET-07975,655,4,0
BUR-07976,RET-07976,711,2,3
BUR-07977,RET-07977,560,5,0
BUR-07978,RET-07978,813,5,1
BUR-07979,RET-07979,736,2,1
BUR-07980,RET-07980,825,0,0
BUR-07981,RET-07981,701,0,0
BUR-07982,RET-07982,827,3,1
BUR-07983,RET-07983,648,2,1
BUR-07984,RET-07984,676,3,0
BUR-07985,RET-07985,715,3,0
BUR-07986,RET-07986,710,2,0
BUR-07987,RET-07987,856,1,0
BUR-07988,RET-07988,713,2,1
BUR-07989,RET-07989,772,2,0
BUR-07990,RET-07990,849,0,0
BUR-07991,RET-07991,592,3,0
BUR-07992,RET-07992,871,1,0
BUR-07993,RET-07993,713,1,0
BUR-07994,RET-07994,868,1,0
BUR-07995,RET-07995,778,1,1
BUR-07996,RET-07996,868,4,1
BUR-07997,RET-07997,458,1,0
BUR-07998,RET-07998,799,0,1
BUR-07999,RET-07999,647,2,0
BUR-08000,RET-08000,753,5,0
BUR-08001,RET-08001,710,5,0
BUR-08002,RET-08002,719,3,1
BUR-08003,RET-08003,874,0,0
BUR-08004,RET-08004,846,2,0
BUR-08005,RET-08005,812,1,0
BUR-08006,RET-08006,709,2,0
BUR-08007,RET-08007,628,3,0
BUR-08008,RET-08008,554,1,0
BUR-08009,RET-08009,863,0,1
BUR-08010,RET-08010,863,4,0
BUR-08011,RET-08011,561,5,1
BUR-08012,RET-08012,599,3,0
BUR-08013,RET-08013,822,2,1
BUR-08014,RET-08014,716,2,0
BUR-08015,RET-08015,786,2,0
BUR-08016,RET-08016,695,1,0
BUR-08017,RET-08017,833,2,0
BUR-08018,RET-08018,845,0,1
BUR-08019,RET-08019,875,2,2
BUR-08020,RET-08020,678,2,0
BUR-08021,RET-08021,629,3,0
BUR-08022,RET-08022,802,2,1
BUR-08023,RET-08023,671,2,0
BUR-08024,RET-08024,704,1,0
BUR-08025,RET-08025,826,3,1
BUR-08026,RET-08026,657,2,0
BUR-08027,RET-08027,709,0,1
BUR-08028,RET-08028,801,1,0
BUR-08029,RET-08029,831,1,1
BUR-08030,RET-08030,560,2,1
BUR-08031,RET-08031,789,0,2
BUR-08032,RET-08032,875,1,1
BUR-08033,RET-08033,553,3,0
BUR-08034,RET-08034,660,0,0
BUR-08035,RET-08035,619,1,1
BUR-08036,RET-08036,498,1,1
BUR-08037,RET-08037,759,4,1
BUR-08038,RET-08038,660,4,1
BUR-08039,RET-08039,687,1,0
BUR-08040,RET-08040,676,3,1
BUR-08041,RET-08041,798,5,0
BUR-08042,RET-08042,738,1,1
BUR-08043,RET-08043,680,3,1
BUR-08044,RET-08044,581,1,0
BUR-08045,RET-08045,834,2,0
BUR-08046,RET-08046,666,4,0
BUR-08047,RET-08047,619,2,0
BUR-08048,RET-08048,719,0,3
BUR-08049,RET-08049,456,4,1
BUR-08050,RET-08050,651,1,0
BUR-08051,RET-08051,693,1,1
BUR-08052,RET-08052,695,1,0
BUR-08053,RET-08053,782,3,1
BUR-08054,RET-08054,771,0,0
BUR-08055,RET-08055,595,1,1
BUR-08056,RET-08056,776,0,3
BUR-08057,RET-08057,782,0,1
BUR-08058,RET-08058,812,1,2
BUR-08059,RET-08059,651,1,0
BUR-08060,RET-08060,720,1,0
BUR-08061,RET-08061,830,1,0
BUR-08062,RET-08062,358,0,1
BUR-08063,RET-08063,695,1,0
BUR-08064,RET-08064,515,2,0
BUR-08065,RET-08065,717,4,0
BUR-08066,RET-08066,763,2,0
BUR-08067,RET-08067,671,0,0
BUR-08068,RET-08068,664,5,1
BUR-08069,RET-08069,720,2,0
BUR-08070,RET-08070,662,0,0
BUR-08071,RET-08071,712,5,2
BUR-08072,RET-08072,839,2,2
BUR-08073,RET-08073,502,6,0
BUR-08074,RET-08074,795,4,1
BUR-08075,RET-08075,768,0,1
BUR-08076,RET-08076,623,1,1
BUR-08077,RET-08077,691,3,1
BUR-08078,RET-08078,812,1,0
BUR-08079,RET-08079,795,1,0
BUR-08080,RET-08080,806,1,0
BUR-08081,RET-08081,770,3,2
BUR-08082,RET-08082,699,1,0
BUR-08083,RET-08083,693,1,1
BUR-08084,RET-08084,611,2,1
BUR-08085,RET-08085,504,2,0
BUR-08086,RET-08086,834,3,0
BUR-08087,RET-08087,752,1,0
BUR-08088,RET-08088,853,5,0
BUR-08089,RET-08089,765,3,0
BUR-08090,RET-08090,651,4,0
BUR-08091,RET-08091,825,1,1
BUR-08092,RET-08092,704,3,0
BUR-08093,RET-08093,753,2,0
BUR-08094,RET-08094,837,3,0
BUR-08095,RET-08095,559,1,0
BUR-08096,RET-08096,814,2,0
BUR-08097,RET-08097,851,3,0
BUR-08098,RET-08098,595,2,0
BUR-08099,RET-08099,832,2,0
BUR-08100,RET-08100,573,1,0
BUR-08101,RET-08101,605,5,0
BUR-08102,RET-08102,594,2,1
BUR-08103,RET-08103,813,5,1
BUR-08104,RET-08104,812,3,0
BUR-08105,RET-08105,715,0,1
BUR-08106,RET-08106,616,2,0
BUR-08107,RET-08107,808,2,1
BUR-08108,RET-08108,641,3,0
BUR-08109,RET-08109,734,1,1
BUR-08110,RET-08110,819,7,1
BUR-08111,RET-08111,789,2,1
BUR-08112,RET-08112,681,1,1
BUR-08113,RET-08113,633,0,1
BUR-08114,RET-08114,844,2,0
BUR-08115,RET-08115,780,3,1
BUR-08116,RET-08116,798,2,0
BUR-08117,RET-08117,589,2,0
BUR-08118,RET-08118,752,2,3
BUR-08119,RET-08119,604,1,0
BUR-08120,RET-08120,762,1,0
BUR-08121,RET-08121,762,5,1
BUR-08122,RET-08122,846,3,0
BUR-08123,RET-08123,603,2,1
BUR-08124,RET-08124,747,3,0
BUR-08125,RET-08125,533,2,0
BUR-08126,RET-08126,767,0,2
BUR-08127,RET-08127,805,5,0
BUR-08128,RET-08128,693,1,1
BUR-08129,RET-08129,841,2,1
BUR-08130,RET-08130,768,3,0
BUR-08131,RET-08131,647,1,0
BUR-08132,RET-08132,706,0,0
BUR-08133,RET-08133,760,2,0
BUR-08134,RET-08134,784,0,0
BUR-08135,RET-08135,595,2,0
BUR-08136,RET-08136,740,1,0
BUR-08137,RET-08137,700,2,1
BUR-08138,RET-08138,791,1,1
BUR-08139,RET-08139,644,2,0
BUR-08140,RET-08140,694,1,0
BUR-08141,RET-08141,698,2,1
BUR-08142,RET-08142,768,4,1
BUR-08143,RET-08143,614,3,0
BUR-08144,RET-08144,599,1,2
BUR-08145,RET-08145,790,2,0
BUR-08146,RET-08146,813,3,1
BUR-08147,RET-08147,820,0,2
BUR-08148,RET-08148,730,1,0
BUR-08149,RET-08149,812,2,2
BUR-08150,RET-08150,661,0,0
BUR-08151,RET-08151,760,1,2
BUR-08152,RET-08152,812,1,0
BUR-08153,RET-08153,821,2,0
BUR-08154,RET-08154,736,2,1
BUR-08155,RET-08155,741,3,0
BUR-08156,RET-08156,812,2,0
BUR-08157,RET-08157,730,3,0
BUR-08158,RET-08158,742,2,2
BUR-08159,RET-08159,789,1,0
BUR-08160,RET-08160,697,2,0
BUR-08161,RET-08161,501,2,1
BUR-08162,RET-08162,832,3,1
BUR-08163,RET-08163,714,3,1
BUR-08164,RET-08164,876,3,0
BUR-08165,RET-08165,784,3,2
BUR-08166,RET-08166,775,4,0
BUR-08167,RET-08167,674,2,2
BUR-08168,RET-08168,666,1,0
BUR-08169,RET-08169,792,0,1
BUR-08170,RET-08170,577,3,1
BUR-08171,RET-08171,606,2,0
BUR-08172,RET-08172,770,5,0
BUR-08173,RET-08173,843,2,1
BUR-08174,RET-08174,891,3,0
BUR-08175,RET-08175,644,2,0
BUR-08176,RET-08176,813,2,0
BUR-08177,RET-08177,723,2,1
BUR-08178,RET-08178,705,4,1
BUR-08179,RET-08179,809,1,0
BUR-08180,RET-08180,780,0,0
BUR-08181,RET-08181,687,2,0
BUR-08182,RET-08182,637,1,0
BUR-08183,RET-08183,799,1,0
BUR-08184,RET-08184,867,3,1
BUR-08185,RET-08185,833,2,0
BUR-08186,RET-08186,676,2,1
BUR-08187,RET-08187,716,3,1
BUR-08188,RET-08188,793,0,0
BUR-08189,RET-08189,797,0,3
BUR-08190,RET-08190,843,4,1
BUR-08191,RET-08191,813,3,0
BUR-08192,RET-08192,702,0,2
BUR-08193,RET-08193,619,0,2
BUR-08194,RET-08194,685,0,0
BUR-08195,RET-08195,772,2,1
BUR-08196,RET-08196,715,6,0
BUR-08197,RET-08197,855,1,2
BUR-08198,RET-08198,611,5,1
BUR-08199,RET-08199,865,2,0
BUR-08200,RET-08200,654,3,0
BUR-08201,RET-08201,826,3,0
BUR-08202,RET-08202,701,1,0
BUR-08203,RET-08203,758,5,0
BUR-08204,RET-08204,830,4,1
BUR-08205,RET-08205,790,1,1
BUR-08206,RET-08206,703,2,1
BUR-08207,RET-08207,689,1,1
BUR-08208,RET-08208,824,2,1
BUR-08209,RET-08209,553,3,0
BUR-08210,RET-08210,780,3,0
BUR-08211,RET-08211,861,3,1
BUR-08212,RET-08212,727,2,1
BUR-08213,RET-08213,604,1,0
BUR-08214,RET-08214,644,1,0
BUR-08215,RET-08215,751,4,2
BUR-08216,RET-08216,798,3,1
BUR-08217,RET-08217,685,2,0
BUR-08218,RET-08218,881,2,0
BUR-08219,RET-08219,827,2,0
BUR-08220,RET-08220,835,3,0
BUR-08221,RET-08221,595,1,0
BUR-08222,RET-08222,817,3,0
BUR-08223,RET-08223,806,5,0
BUR-08224,RET-08224,838,3,3
BUR-08225,RET-08225,790,3,0
BUR-08226,RET-08226,797,2,1
BUR-08227,RET-08227,577,2,0
BUR-08228,RET-08228,588,0,1
BUR-08229,RET-08229,657,3,0
BUR-08230,RET-08230,787,1,0
BUR-08231,RET-08231,711,0,0
BUR-08232,RET-08232,713,2,0
BUR-08233,RET-08233,590,3,0
BUR-08234,RET-08234,753,0,0
BUR-08235,RET-08235,782,1,0
BUR-08236,RET-08236,777,1,0
BUR-08237,RET-08237,747,1,0
BUR-08238,RET-08238,642,6,0
BUR-08239,RET-08239,856,2,0
BUR-08240,RET-08240,532,1,0
BUR-08241,RET-08241,747,3,0
BUR-08242,RET-08242,689,3,0
BUR-08243,RET-08243,549,2,1
BUR-08244,RET-08244,756,2,0
BUR-08245,RET-08245,879,4,1
BUR-08246,RET-08246,719,1,0
BUR-08247,RET-08247,755,2,0
BUR-08248,RET-08248,700,3,0
BUR-08249,RET-08249,698,2,0
BUR-08250,RET-08250,783,0,1
BUR-08251,RET-08251,864,2,0
BUR-08252,RET-08252,803,0,0
BUR-08253,RET-08253,841,2,2
BUR-08254,RET-08254,631,2,1
BUR-08255,RET-08255,852,1,2
BUR-08256,RET-08256,667,1,1
BUR-08257,RET-08257,781,2,0
BUR-08258,RET-08258,554,2,0
BUR-08259,RET-08259,622,3,1
BUR-08260,RET-08260,730,3,1
BUR-08261,RET-08261,751,1,0
BUR-08262,RET-08262,774,5,0
BUR-08263,RET-08263,736,2,2
BUR-08264,RET-08264,668,0,1
BUR-08265,RET-08265,872,2,1
BUR-08266,RET-08266,762,3,0
BUR-08267,RET-08267,606,2,0
BUR-08268,RET-08268,682,2,1
BUR-08269,RET-08269,750,0,0
BUR-08270,RET-08270,594,2,0
BUR-08271,RET-08271,690,4,0
BUR-08272,RET-08272,574,1,0
BUR-08273,RET-08273,845,2,0
BUR-08274,RET-08274,446,2,0
BUR-08275,RET-08275,781,3,0
BUR-08276,RET-08276,561,2,0
BUR-08277,RET-08277,873,1,0
BUR-08278,RET-08278,696,3,0
BUR-08279,RET-08279,838,1,0
BUR-08280,RET-08280,592,1,0
BUR-08281,RET-08281,888,2,1
BUR-08282,RET-08282,755,2,0
BUR-08283,RET-08283,535,3,1
BUR-08284,RET-08284,521,4,0
BUR-08285,RET-08285,792,5,1
BUR-08286,RET-08286,827,3,0
BUR-08287,RET-08287,724,1,1
BUR-08288,RET-08288,661,3,0
BUR-08289,RET-08289,723,1,0
BUR-08290,RET-08290,730,0,0
BUR-08291,RET-08291,740,1,1
BUR-08292,RET-08292,819,1,1
BUR-08293,RET-08293,676,1,2
BUR-08294,RET-08294,694,4,1
BUR-08295,RET-08295,539,3,0
BUR-08296,RET-08296,540,2,0
BUR-08297,RET-08297,766,3,0
BUR-08298,RET-08298,781,2,1
BUR-08299,RET-08299,825,3,0
BUR-08300,RET-08300,590,1,0
BUR-08301,RET-08301,819,4,0
BUR-08302,RET-08302,860,2,0
BUR-08303,RET-08303,682,0,0
BUR-08304,RET-08304,711,3,2
BUR-08305,RET-08305,623,1,0
BUR-08306,RET-08306,643,1,1
BUR-08307,RET-08307,760,1,2
BUR-08308,RET-08308,714,3,0
BUR-08309,RET-08309,662,0,0
BUR-08310,RET-08310,406,6,1
BUR-08311,RET-08311,793,3,0
BUR-08312,RET-08312,649,2,1
BUR-08313,RET-08313,815,2,0
BUR-08314,RET-08314,651,3,0
BUR-08315,RET-08315,870,0,1
BUR-08316,RET-08316,648,1,0
BUR-08317,RET-08317,591,3,1
BUR-08318,RET-08318,538,2,1
BUR-08319,RET-08319,790,3,0
BUR-08320,RET-08320,799,0,1
BUR-08321,RET-08321,647,0,0
BUR-08322,RET-08322,630,3,1
BUR-08323,RET-08323,787,1,1
BUR-08324,RET-08324,803,2,0
BUR-08325,RET-08325,774,2,0
BUR-08326,RET-08326,875,0,0
BUR-08327,RET-08327,848,1,0
BUR-08328,RET-08328,749,0,1
BUR-08329,RET-08329,703,1,0
BUR-08330,RET-08330,643,1,0
BUR-08331,RET-08331,830,3,0
BUR-08332,RET-08332,653,2,0
BUR-08333,RET-08333,855,1,0
BUR-08334,RET-08334,786,0,0
BUR-08335,RET-08335,694,2,1
BUR-08336,RET-08336,773,0,0
BUR-08337,RET-08337,825,1,0
BUR-08338,RET-08338,740,0,0
BUR-08339,RET-08339,592,6,1
BUR-08340,RET-08340,693,2,1
BUR-08341,RET-08341,835,5,0
BUR-08342,RET-08342,799,4,0
BUR-08343,RET-08343,578,1,0
BUR-08344,RET-08344,794,6,2
BUR-08345,RET-08345,618,4,1
BUR-08346,RET-08346,619,0,0
BUR-08347,RET-08347,825,2,0
BUR-08348,RET-08348,726,4,0
BUR-08349,RET-08349,689,1,1
BUR-08350,RET-08350,653,1,1
BUR-08351,RET-08351,723,1,0
BUR-08352,RET-08352,605,3,1
BUR-08353,RET-08353,577,2,1
BUR-08354,RET-08354,791,0,1
BUR-08355,RET-08355,780,1,1
BUR-08356,RET-08356,642,1,0
BUR-08357,RET-08357,710,3,0
BUR-08358,RET-08358,696,0,0
BUR-08359,RET-08359,741,1,1
BUR-08360,RET-08360,695,0,0
BUR-08361,RET-08361,788,1,1
BUR-08362,RET-08362,753,4,0
BUR-08363,RET-08363,670,1,0
BUR-08364,RET-08364,752,3,1
BUR-08365,RET-08365,775,1,0
BUR-08366,RET-08366,800,2,1
BUR-08367,RET-08367,773,0,1
BUR-08368,RET-08368,626,4,1
BUR-08369,RET-08369,528,1,0
BUR-08370,RET-08370,765,2,1
BUR-08371,RET-08371,738,3,1
BUR-08372,RET-08372,785,1,0
BUR-08373,RET-08373,737,2,2
BUR-08374,RET-08374,823,2,1
BUR-08375,RET-08375,814,2,0
BUR-08376,RET-08376,723,4,0
BUR-08377,RET-08377,723,1,1
BUR-08378,RET-08378,703,3,0
BUR-08379,RET-08379,804,4,1
BUR-08380,RET-08380,741,3,0
BUR-08381,RET-08381,513,3,0
BUR-08382,RET-08382,764,2,0
BUR-08383,RET-08383,632,1,0
BUR-08384,RET-08384,679,4,1
BUR-08385,RET-08385,724,2,0
BUR-08386,RET-08386,729,0,0
BUR-08387,RET-08387,502,1,0
BUR-08388,RET-08388,761,3,1
BUR-08389,RET-08389,698,3,0
BUR-08390,RET-08390,612,2,0
BUR-08391,RET-08391,890,5,1
BUR-08392,RET-08392,653,3,0
BUR-08393,RET-08393,715,0,0
BUR-08394,RET-08394,627,1,0
BUR-08395,RET-08395,673,3,1
BUR-08396,RET-08396,695,1,1
BUR-08397,RET-08397,817,4,1
BUR-08398,RET-08398,723,6,0
BUR-08399,RET-08399,891,4,1
BUR-08400,RET-08400,705,2,1
BUR-08401,RET-08401,723,2,0
BUR-08402,RET-08402,652,3,1
BUR-08403,RET-08403,846,7,0
BUR-08404,RET-08404,821,2,0
BUR-08405,RET-08405,667,2,1
BUR-08406,RET-08406,799,0,0
BUR-08407,RET-08407,811,1,2
BUR-08408,RET-08408,768,0,1
BUR-08409,RET-08409,729,2,1
BUR-08410,RET-08410,821,0,1
BUR-08411,RET-08411,681,1,0
BUR-08412,RET-08412,762,3,0
BUR-08413,RET-08413,763,4,1
BUR-08414,RET-08414,732,1,0
BUR-08415,RET-08415,790,2,1
BUR-08416,RET-08416,693,0,0
BUR-08417,RET-08417,730,1,0
BUR-08418,RET-08418,794,0,0
BUR-08419,RET-08419,838,2,1
BUR-08420,RET-08420,873,1,0
BUR-08421,RET-08421,810,2,1
BUR-08422,RET-08422,772,1,0
BUR-08423,RET-08423,635,3,0
BUR-08424,RET-08424,642,1,0
BUR-08425,RET-08425,695,2,0
BUR-08426,RET-08426,701,2,1
BUR-08427,RET-08427,657,2,0
BUR-08428,RET-08428,818,1,0
BUR-08429,RET-08429,745,0,0
BUR-08430,RET-08430,666,2,1
BUR-08431,RET-08431,826,1,0
BUR-08432,RET-08432,698,5,0
BUR-08433,RET-08433,692,1,0
BUR-08434,RET-08434,521,3,1
BUR-08435,RET-08435,763,2,0
BUR-08436,RET-08436,792,0,0
BUR-08437,RET-08437,696,2,1
BUR-08438,RET-08438,766,5,0
BUR-08439,RET-08439,872,6,1
BUR-08440,RET-08440,842,2,1
BUR-08441,RET-08441,614,1,1
BUR-08442,RET-08442,562,0,0
BUR-08443,RET-08443,716,1,0
BUR-08444,RET-08444,709,3,1
BUR-08445,RET-08445,668,0,0
BUR-08446,RET-08446,868,5,0
BUR-08447,RET-08447,762,0,0
BUR-08448,RET-08448,898,2,0
BUR-08449,RET-08449,688,6,0
BUR-08450,RET-08450,797,2,0
BUR-08451,RET-08451,720,1,0
BUR-08452,RET-08452,743,1,0
BUR-08453,RET-08453,843,0,0
BUR-08454,RET-08454,801,1,0
BUR-08455,RET-08455,849,0,0
BUR-08456,RET-08456,710,1,1
BUR-08457,RET-08457,392,1,0
BUR-08458,RET-08458,880,2,0
BUR-08459,RET-08459,801,1,0
BUR-08460,RET-08460,857,0,1
BUR-08461,RET-08461,891,1,1
BUR-08462,RET-08462,793,0,1
BUR-08463,RET-08463,825,1,0
BUR-08464,RET-08464,848,4,1
BUR-08465,RET-08465,835,0,2
BUR-08466,RET-08466,866,2,0
BUR-08467,RET-08467,762,1,0
BUR-08468,RET-08468,637,3,0
BUR-08469,RET-08469,678,2,0
BUR-08470,RET-08470,680,3,0
BUR-08471,RET-08471,731,2,0
BUR-08472,RET-08472,708,1,0
BUR-08473,RET-08473,643,1,2
BUR-08474,RET-08474,607,1,0
BUR-08475,RET-08475,794,1,0
BUR-08476,RET-08476,773,3,1
BUR-08477,RET-08477,736,0,1
BUR-08478,RET-08478,485,4,0
BUR-08479,RET-08479,649,1,0
BUR-08480,RET-08480,656,3,1
BUR-08481,RET-08481,708,1,0
BUR-08482,RET-08482,688,2,1
BUR-08483,RET-08483,864,2,0
BUR-08484,RET-08484,864,4,0
BUR-08485,RET-08485,616,2,0
BUR-08486,RET-08486,794,4,0
BUR-08487,RET-08487,815,2,0
BUR-08488,RET-08488,872,1,1
BUR-08489,RET-08489,542,1,0
BUR-08490,RET-08490,591,3,0
BUR-08491,RET-08491,639,2,0
BUR-08492,RET-08492,834,3,1
BUR-08493,RET-08493,660,2,0
BUR-08494,RET-08494,786,2,1
BUR-08495,RET-08495,737,1,0
BUR-08496,RET-08496,705,1,2
BUR-08497,RET-08497,686,0,0
BUR-08498,RET-08498,657,1,1
BUR-08499,RET-08499,814,0,0
BUR-08500,RET-08500,767,3,0
BUR-08501,RET-08501,629,0,0
BUR-08502,RET-08502,744,2,0
BUR-08503,RET-08503,785,1,0
BUR-08504,RET-08504,687,5,1
BUR-08505,RET-08505,796,1,0
BUR-08506,RET-08506,856,1,2
BUR-08507,RET-08507,729,0,1
BUR-08508,RET-08508,718,4,1
BUR-08509,RET-08509,593,0,0
BUR-08510,RET-08510,794,3,0
BUR-08511,RET-08511,812,0,1
BUR-08512,RET-08512,774,3,0
BUR-08513,RET-08513,834,1,1
BUR-08514,RET-08514,782,5,0
BUR-08515,RET-08515,696,4,1
BUR-08516,RET-08516,820,1,1
BUR-08517,RET-08517,626,2,1
BUR-08518,RET-08518,877,2,0
BUR-08519,RET-08519,853,3,0
BUR-08520,RET-08520,835,2,0
BUR-08521,RET-08521,699,3,0
BUR-08522,RET-08522,614,0,0
BUR-08523,RET-08523,755,2,2
BUR-08524,RET-08524,859,2,0
BUR-08525,RET-08525,811,2,0
BUR-08526,RET-08526,706,0,0
BUR-08527,RET-08527,726,3,0
BUR-08528,RET-08528,682,5,0
BUR-08529,RET-08529,616,2,3
BUR-08530,RET-08530,671,2,0
BUR-08531,RET-08531,713,5,1
BUR-08532,RET-08532,769,1,2
BUR-08533,RET-08533,770,2,0
BUR-08534,RET-08534,797,1,2
BUR-08535,RET-08535,419,3,0
BUR-08536,RET-08536,791,4,2
BUR-08537,RET-08537,769,4,1
BUR-08538,RET-08538,778,3,0
BUR-08539,RET-08539,790,2,0
BUR-08540,RET-08540,853,1,0
BUR-08541,RET-08541,592,3,0
BUR-08542,RET-08542,877,1,1
BUR-08543,RET-08543,655,4,1
BUR-08544,RET-08544,835,1,0
BUR-08545,RET-08545,867,2,0
BUR-08546,RET-08546,666,2,0
BUR-08547,RET-08547,871,0,0
BUR-08548,RET-08548,707,1,0
BUR-08549,RET-08549,761,1,0
BUR-08550,RET-08550,723,2,1
BUR-08551,RET-08551,871,2,1
BUR-08552,RET-08552,644,2,1
BUR-08553,RET-08553,631,2,2
BUR-08554,RET-08554,694,3,1
BUR-08555,RET-08555,560,1,1
BUR-08556,RET-08556,732,4,1
BUR-08557,RET-08557,740,1,0
BUR-08558,RET-08558,831,3,0
BUR-08559,RET-08559,627,1,1
BUR-08560,RET-08560,615,3,0
BUR-08561,RET-08561,836,5,3
BUR-08562,RET-08562,674,1,0
BUR-08563,RET-08563,712,2,0
BUR-08564,RET-08564,820,2,1
BUR-08565,RET-08565,858,2,1
BUR-08566,RET-08566,776,1,1
BUR-08567,RET-08567,836,2,0
BUR-08568,RET-08568,681,3,0
BUR-08569,RET-08569,871,3,1
BUR-08570,RET-08570,825,1,0
BUR-08571,RET-08571,735,2,0
BUR-08572,RET-08572,594,1,0
BUR-08573,RET-08573,892,3,0
BUR-08574,RET-08574,623,2,0
BUR-08575,RET-08575,781,2,0
BUR-08576,RET-08576,752,2,1
BUR-08577,RET-08577,635,4,0
BUR-08578,RET-08578,825,1,0
BUR-08579,RET-08579,834,3,0
BUR-08580,RET-08580,714,4,0
BUR-08581,RET-08581,581,2,0
BUR-08582,RET-08582,817,1,0
BUR-08583,RET-08583,799,2,0
BUR-08584,RET-08584,732,4,0
BUR-08585,RET-08585,815,4,1
BUR-08586,RET-08586,513,0,1
BUR-08587,RET-08587,815,2,3
BUR-08588,RET-08588,874,4,1
BUR-08589,RET-08589,645,6,0
BUR-08590,RET-08590,845,2,0
BUR-08591,RET-08591,695,1,0
BUR-08592,RET-08592,823,2,0
BUR-08593,RET-08593,774,1,1
BUR-08594,RET-08594,724,3,1
BUR-08595,RET-08595,826,2,0
BUR-08596,RET-08596,665,3,1
BUR-08597,RET-08597,789,2,0
BUR-08598,RET-08598,574,1,2
BUR-08599,RET-08599,653,5,2
BUR-08600,RET-08600,646,1,1
BUR-08601,RET-08601,800,2,0
BUR-08602,RET-08602,719,1,0
BUR-08603,RET-08603,687,0,0
BUR-08604,RET-08604,624,0,0
BUR-08605,RET-08605,652,3,0
BUR-08606,RET-08606,867,2,0
BUR-08607,RET-08607,512,1,1
BUR-08608,RET-08608,762,5,0
BUR-08609,RET-08609,815,1,1
BUR-08610,RET-08610,636,1,1
BUR-08611,RET-08611,729,1,1
BUR-08612,RET-08612,727,1,0
BUR-08613,RET-08613,692,7,0
BUR-08614,RET-08614,682,4,1
BUR-08615,RET-08615,826,2,0
BUR-08616,RET-08616,763,0,1
BUR-08617,RET-08617,806,3,0
BUR-08618,RET-08618,786,6,0
BUR-08619,RET-08619,882,4,2
BUR-08620,RET-08620,855,4,0
BUR-08621,RET-08621,575,3,1
BUR-08622,RET-08622,765,1,1
BUR-08623,RET-08623,781,1,0
BUR-08624,RET-08624,504,2,0
BUR-08625,RET-08625,724,0,0
BUR-08626,RET-08626,822,1,0
BUR-08627,RET-08627,764,0,0
BUR-08628,RET-08628,878,2,1
BUR-08629,RET-08629,803,2,0
BUR-08630,RET-08630,884,2,0
BUR-08631,RET-08631,719,0,0
BUR-08632,RET-08632,705,0,4
BUR-08633,RET-08633,729,3,0
BUR-08634,RET-08634,834,2,1
BUR-08635,RET-08635,655,2,0
BUR-08636,RET-08636,820,4,2
BUR-08637,RET-08637,766,3,0
BUR-08638,RET-08638,752,1,0
BUR-08639,RET-08639,711,0,0
BUR-08640,RET-08640,668,3,0
BUR-08641,RET-08641,715,2,1
BUR-08642,RET-08642,787,1,0
BUR-08643,RET-08643,784,1,0
BUR-08644,RET-08644,852,1,1
BUR-08645,RET-08645,725,2,2
BUR-08646,RET-08646,705,2,0
BUR-08647,RET-08647,656,2,0
BUR-08648,RET-08648,667,1,0
BUR-08649,RET-08649,692,4,0
BUR-08650,RET-08650,628,2,0
BUR-08651,RET-08651,749,3,1
BUR-08652,RET-08652,819,2,0
BUR-08653,RET-08653,644,4,2
BUR-08654,RET-08654,735,2,0
BUR-08655,RET-08655,833,1,0
BUR-08656,RET-08656,712,4,1
BUR-08657,RET-08657,800,3,0
BUR-08658,RET-08658,843,3,0
BUR-08659,RET-08659,637,1,2
BUR-08660,RET-08660,714,1,0
BUR-08661,RET-08661,875,1,0
BUR-08662,RET-08662,770,3,0
BUR-08663,RET-08663,770,2,1
BUR-08664,RET-08664,514,3,0
BUR-08665,RET-08665,758,2,0
BUR-08666,RET-08666,606,1,1
BUR-08667,RET-08667,649,2,2
BUR-08668,RET-08668,627,3,0
BUR-08669,RET-08669,656,4,0
BUR-08670,RET-08670,736,3,1
BUR-08671,RET-08671,747,2,1
BUR-08672,RET-08672,787,0,0
BUR-08673,RET-08673,812,2,2
BUR-08674,RET-08674,828,4,0
BUR-08675,RET-08675,792,2,0
BUR-08676,RET-08676,747,2,0
BUR-08677,RET-08677,809,1,0
BUR-08678,RET-08678,732,1,2
BUR-08679,RET-08679,661,2,0
BUR-08680,RET-08680,646,2,1
BUR-08681,RET-08681,796,1,1
BUR-08682,RET-08682,823,1,1
BUR-08683,RET-08683,849,2,0
BUR-08684,RET-08684,829,3,0
BUR-08685,RET-08685,743,2,0
BUR-08686,RET-08686,695,2,1
BUR-08687,RET-08687,830,2,0
BUR-08688,RET-08688,740,0,0
BUR-08689,RET-08689,703,4,1
BUR-08690,RET-08690,737,2,1
BUR-08691,RET-08691,735,1,0
BUR-08692,RET-08692,627,0,1
BUR-08693,RET-08693,760,1,0
BUR-08694,RET-08694,813,5,0
BUR-08695,RET-08695,609,4,0
BUR-08696,RET-08696,695,1,1
BUR-08697,RET-08697,803,3,0
BUR-08698,RET-08698,824,1,0
BUR-08699,RET-08699,812,3,0
BUR-08700,RET-08700,711,0,2
BUR-08701,RET-08701,808,2,0
BUR-08702,RET-08702,883,1,0
BUR-08703,RET-08703,796,1,0
BUR-08704,RET-08704,541,2,3
BUR-08705,RET-08705,745,3,1
BUR-08706,RET-08706,737,7,0
BUR-08707,RET-08707,779,2,0
BUR-08708,RET-08708,791,0,1
BUR-08709,RET-08709,682,2,0
BUR-08710,RET-08710,817,3,0
BUR-08711,RET-08711,848,2,1
BUR-08712,RET-08712,620,5,1
BUR-08713,RET-08713,794,1,0
BUR-08714,RET-08714,686,2,0
BUR-08715,RET-08715,662,1,1
BUR-08716,RET-08716,681,1,0
BUR-08717,RET-08717,666,2,1
BUR-08718,RET-08718,764,0,2
BUR-08719,RET-08719,458,2,1
BUR-08720,RET-08720,749,2,0
BUR-08721,RET-08721,753,2,0
BUR-08722,RET-08722,430,1,0
BUR-08723,RET-08723,703,2,0
BUR-08724,RET-08724,595,1,0
BUR-08725,RET-08725,811,3,1
BUR-08726,RET-08726,723,1,0
BUR-08727,RET-08727,739,2,1
BUR-08728,RET-08728,866,2,0
BUR-08729,RET-08729,477,3,1
BUR-08730,RET-08730,724,3,0
BUR-08731,RET-08731,733,4,2
BUR-08732,RET-08732,734,5,0
BUR-08733,RET-08733,776,1,0
BUR-08734,RET-08734,660,2,0
BUR-08735,RET-08735,880,1,0
BUR-08736,RET-08736,637,4,1
BUR-08737,RET-08737,702,0,2
BUR-08738,RET-08738,803,2,0
BUR-08739,RET-08739,757,2,0
BUR-08740,RET-08740,598,1,1
BUR-08741,RET-08741,727,5,1
BUR-08742,RET-08742,642,5,1
BUR-08743,RET-08743,656,3,1
BUR-08744,RET-08744,805,2,2
BUR-08745,RET-08745,808,4,1
BUR-08746,RET-08746,583,5,1
BUR-08747,RET-08747,715,0,0
BUR-08748,RET-08748,794,2,0
BUR-08749,RET-08749,688,2,3
BUR-08750,RET-08750,682,2,1
BUR-08751,RET-08751,662,0,1
BUR-08752,RET-08752,637,2,0
BUR-08753,RET-08753,673,1,1
BUR-08754,RET-08754,797,1,1
BUR-08755,RET-08755,665,0,0
BUR-08756,RET-08756,615,3,2
BUR-08757,RET-08757,861,1,0
BUR-08758,RET-08758,669,3,0
BUR-08759,RET-08759,716,6,1
BUR-08760,RET-08760,666,2,0
BUR-08761,RET-08761,747,3,0
BUR-08762,RET-08762,756,2,0
BUR-08763,RET-08763,683,3,1
BUR-08764,RET-08764,787,1,0
BUR-08765,RET-08765,521,1,0
BUR-08766,RET-08766,782,2,1
BUR-08767,RET-08767,763,2,1
BUR-08768,RET-08768,790,0,0
BUR-08769,RET-08769,779,4,0
BUR-08770,RET-08770,612,2,1
BUR-08771,RET-08771,775,1,0
BUR-08772,RET-08772,659,2,0
BUR-08773,RET-08773,685,1,2
BUR-08774,RET-08774,795,1,1
BUR-08775,RET-08775,504,3,0
BUR-08776,RET-08776,772,2,0
BUR-08777,RET-08777,758,3,0
BUR-08778,RET-08778,787,4,0
BUR-08779,RET-08779,718,2,1
BUR-08780,RET-08780,890,3,1
BUR-08781,RET-08781,633,4,2
BUR-08782,RET-08782,629,1,0
BUR-08783,RET-08783,756,4,0
BUR-08784,RET-08784,764,2,0
BUR-08785,RET-08785,578,2,0
BUR-08786,RET-08786,736,2,1
BUR-08787,RET-08787,842,1,0
BUR-08788,RET-08788,648,1,0
BUR-08789,RET-08789,816,1,1
BUR-08790,RET-08790,803,3,0
BUR-08791,RET-08791,791,2,0
BUR-08792,RET-08792,676,1,0
BUR-08793,RET-08793,743,3,0
BUR-08794,RET-08794,615,2,0
BUR-08795,RET-08795,787,2,0
BUR-08796,RET-08796,613,1,0
BUR-08797,RET-08797,695,2,1
BUR-08798,RET-08798,700,3,1
BUR-08799,RET-08799,787,1,1
BUR-08800,RET-08800,724,2,0
BUR-08801,RET-08801,831,3,0
BUR-08802,RET-08802,551,3,0
BUR-08803,RET-08803,812,2,1
BUR-08804,RET-08804,469,1,0
BUR-08805,RET-08805,760,3,1
BUR-08806,RET-08806,654,2,1
BUR-08807,RET-08807,710,5,0
BUR-08808,RET-08808,758,2,0
BUR-08809,RET-08809,640,1,0
BUR-08810,RET-08810,709,3,1
BUR-08811,RET-08811,801,5,0
BUR-08812,RET-08812,792,3,0
BUR-08813,RET-08813,698,1,2
BUR-08814,RET-08814,816,2,0
BUR-08815,RET-08815,692,1,0
BUR-08816,RET-08816,700,1,0
BUR-08817,RET-08817,814,3,1
BUR-08818,RET-08818,726,2,0
BUR-08819,RET-08819,664,0,0
BUR-08820,RET-08820,775,2,0
BUR-08821,RET-08821,486,6,0
BUR-08822,RET-08822,842,1,2
BUR-08823,RET-08823,745,5,0
BUR-08824,RET-08824,558,4,0
BUR-08825,RET-08825,795,0,2
BUR-08826,RET-08826,588,0,0
BUR-08827,RET-08827,688,2,2
BUR-08828,RET-08828,847,0,1
BUR-08829,RET-08829,716,5,1
BUR-08830,RET-08830,760,3,1
BUR-08831,RET-08831,666,3,2
BUR-08832,RET-08832,741,1,1
BUR-08833,RET-08833,784,2,0
BUR-08834,RET-08834,616,2,0
BUR-08835,RET-08835,654,0,0
BUR-08836,RET-08836,700,2,0
BUR-08837,RET-08837,796,3,0
BUR-08838,RET-08838,733,1,1
BUR-08839,RET-08839,560,1,1
BUR-08840,RET-08840,745,0,1
BUR-08841,RET-08841,729,3,0
BUR-08842,RET-08842,779,6,0
BUR-08843,RET-08843,834,2,1
BUR-08844,RET-08844,723,2,2
BUR-08845,RET-08845,888,0,0
BUR-08846,RET-08846,511,4,0
BUR-08847,RET-08847,656,1,0
BUR-08848,RET-08848,708,1,1
BUR-08849,RET-08849,623,0,0
BUR-08850,RET-08850,715,3,0
BUR-08851,RET-08851,865,1,1
BUR-08852,RET-08852,851,2,0
BUR-08853,RET-08853,637,2,0
BUR-08854,RET-08854,801,2,1
BUR-08855,RET-08855,649,2,1
BUR-08856,RET-08856,774,1,0
BUR-08857,RET-08857,715,3,0
BUR-08858,RET-08858,739,1,0
BUR-08859,RET-08859,844,2,1
BUR-08860,RET-08860,820,2,1
BUR-08861,RET-08861,703,1,0
BUR-08862,RET-08862,605,3,1
BUR-08863,RET-08863,869,1,1
BUR-08864,RET-08864,828,3,0
BUR-08865,RET-08865,639,2,0
BUR-08866,RET-08866,605,1,0
BUR-08867,RET-08867,684,2,1
BUR-08868,RET-08868,797,1,0
BUR-08869,RET-08869,798,3,3
BUR-08870,RET-08870,594,2,0
BUR-08871,RET-08871,657,2,1
BUR-08872,RET-08872,762,1,0
BUR-08873,RET-08873,708,3,0
BUR-08874,RET-08874,746,1,0
BUR-08875,RET-08875,467,3,0
BUR-08876,RET-08876,650,1,0
BUR-08877,RET-08877,760,2,0
BUR-08878,RET-08878,790,1,0
BUR-08879,RET-08879,796,3,0
BUR-08880,RET-08880,854,2,0
BUR-08881,RET-08881,546,1,0
BUR-08882,RET-08882,834,3,0
BUR-08883,RET-08883,649,3,0
BUR-08884,RET-08884,864,3,0
BUR-08885,RET-08885,885,2,1
BUR-08886,RET-08886,620,2,1
BUR-08887,RET-08887,808,0,0
BUR-08888,RET-08888,861,4,0
BUR-08889,RET-08889,720,3,0
BUR-08890,RET-08890,602,2,2
BUR-08891,RET-08891,783,3,0
BUR-08892,RET-08892,835,2,3
BUR-08893,RET-08893,526,0,0
BUR-08894,RET-08894,787,5,1
BUR-08895,RET-08895,715,5,2
BUR-08896,RET-08896,554,0,0
BUR-08897,RET-08897,682,6,1
BUR-08898,RET-08898,800,3,0
BUR-08899,RET-08899,547,1,0
BUR-08900,RET-08900,684,2,0
BUR-08901,RET-08901,654,2,0
BUR-08902,RET-08902,858,1,1
BUR-08903,RET-08903,699,2,0
BUR-08904,RET-08904,712,2,0
BUR-08905,RET-08905,500,1,1
BUR-08906,RET-08906,788,4,0
BUR-08907,RET-08907,697,1,1
BUR-08908,RET-08908,709,1,0
BUR-08909,RET-08909,717,0,0
BUR-08910,RET-08910,700,2,3
BUR-08911,RET-08911,733,1,0
BUR-08912,RET-08912,748,3,2
BUR-08913,RET-08913,885,2,1
BUR-08914,RET-08914,733,3,0
BUR-08915,RET-08915,851,1,0
BUR-08916,RET-08916,658,2,1
BUR-08917,RET-08917,590,2,0
BUR-08918,RET-08918,684,2,0
BUR-08919,RET-08919,719,1,1
BUR-08920,RET-08920,593,3,0
BUR-08921,RET-08921,751,3,2
BUR-08922,RET-08922,481,2,0
BUR-08923,RET-08923,787,2,0
BUR-08924,RET-08924,635,2,0
BUR-08925,RET-08925,645,1,0
BUR-08926,RET-08926,750,1,0
BUR-08927,RET-08927,588,2,0
BUR-08928,RET-08928,694,4,0
BUR-08929,RET-08929,668,2,0
BUR-08930,RET-08930,724,2,1
BUR-08931,RET-08931,863,0,1
BUR-08932,RET-08932,871,0,1
BUR-08933,RET-08933,861,2,2
BUR-08934,RET-08934,603,1,0
BUR-08935,RET-08935,765,1,0
BUR-08936,RET-08936,769,1,0
BUR-08937,RET-08937,884,2,0
BUR-08938,RET-08938,700,2,2
BUR-08939,RET-08939,789,2,0
BUR-08940,RET-08940,823,6,0
BUR-08941,RET-08941,875,5,0
BUR-08942,RET-08942,751,2,0
BUR-08943,RET-08943,778,2,0
BUR-08944,RET-08944,529,0,0
BUR-08945,RET-08945,642,2,2
BUR-08946,RET-08946,741,3,0
BUR-08947,RET-08947,781,2,1
BUR-08948,RET-08948,774,0,0
BUR-08949,RET-08949,470,3,0
BUR-08950,RET-08950,821,1,0
BUR-08951,RET-08951,768,1,0
BUR-08952,RET-08952,649,0,0
BUR-08953,RET-08953,674,3,0
BUR-08954,RET-08954,580,1,0
BUR-08955,RET-08955,726,2,0
BUR-08956,RET-08956,803,3,1
BUR-08957,RET-08957,797,2,0
BUR-08958,RET-08958,719,0,0
BUR-08959,RET-08959,875,3,0
BUR-08960,RET-08960,634,1,0
BUR-08961,RET-08961,777,0,1
BUR-08962,RET-08962,709,3,0
BUR-08963,RET-08963,729,5,0
BUR-08964,RET-08964,779,2,1
BUR-08965,RET-08965,875,0,0
BUR-08966,RET-08966,768,0,0
BUR-08967,RET-08967,706,2,1
BUR-08968,RET-08968,493,1,2
BUR-08969,RET-08969,849,2,0
BUR-08970,RET-08970,858,1,0
BUR-08971,RET-08971,605,3,1
BUR-08972,RET-08972,488,2,2
BUR-08973,RET-08973,765,3,0
BUR-08974,RET-08974,814,5,0
BUR-08975,RET-08975,768,4,0
BUR-08976,RET-08976,797,2,0
BUR-08977,RET-08977,624,1,1
BUR-08978,RET-08978,656,2,1
BUR-08979,RET-08979,585,1,1
BUR-08980,RET-08980,850,8,0
BUR-08981,RET-08981,851,2,0
BUR-08982,RET-08982,680,2,0
BUR-08983,RET-08983,866,0,0
BUR-08984,RET-08984,892,2,0
BUR-08985,RET-08985,707,1,0
BUR-08986,RET-08986,728,1,1
BUR-08987,RET-08987,630,3,0
BUR-08988,RET-08988,637,4,0
BUR-08989,RET-08989,792,1,0
BUR-08990,RET-08990,833,3,1
BUR-08991,RET-08991,776,3,0
BUR-08992,RET-08992,873,2,1
BUR-08993,RET-08993,801,1,3
BUR-08994,RET-08994,599,1,0
BUR-08995,RET-08995,826,1,0
BUR-08996,RET-08996,657,1,0
BUR-08997,RET-08997,891,1,0
BUR-08998,RET-08998,673,2,2
BUR-08999,RET-08999,828,1,1
BUR-09000,RET-09000,786,0,0
BUR-09001,RET-09001,707,1,0
BUR-09002,RET-09002,635,2,1
BUR-09003,RET-09003,771,6,1
BUR-09004,RET-09004,845,2,1
BUR-09005,RET-09005,734,1,0
BUR-09006,RET-09006,799,0,0
BUR-09007,RET-09007,719,2,0
BUR-09008,RET-09008,827,1,1
BUR-09009,RET-09009,621,3,0
BUR-09010,RET-09010,517,0,0
BUR-09011,RET-09011,599,2,0
BUR-09012,RET-09012,820,1,1
BUR-09013,RET-09013,697,4,1
BUR-09014,RET-09014,675,0,2
BUR-09015,RET-09015,749,2,0
BUR-09016,RET-09016,827,2,1
BUR-09017,RET-09017,818,4,0
BUR-09018,RET-09018,707,2,0
BUR-09019,RET-09019,682,0,0
BUR-09020,RET-09020,775,2,0
BUR-09021,RET-09021,806,2,0
BUR-09022,RET-09022,621,1,1
BUR-09023,RET-09023,857,2,0
BUR-09024,RET-09024,583,7,0
BUR-09025,RET-09025,781,1,0
BUR-09026,RET-09026,834,2,0
BUR-09027,RET-09027,708,2,0
BUR-09028,RET-09028,706,1,1
BUR-09029,RET-09029,862,4,1
BUR-09030,RET-09030,875,3,0
BUR-09031,RET-09031,781,3,2
BUR-09032,RET-09032,562,3,0
BUR-09033,RET-09033,791,2,0
BUR-09034,RET-09034,798,1,0
BUR-09035,RET-09035,736,2,0
BUR-09036,RET-09036,799,1,0
BUR-09037,RET-09037,701,2,1
BUR-09038,RET-09038,814,1,1
BUR-09039,RET-09039,694,4,0
BUR-09040,RET-09040,862,2,1
BUR-09041,RET-09041,809,0,0
BUR-09042,RET-09042,763,2,0
BUR-09043,RET-09043,808,2,0
BUR-09044,RET-09044,687,2,0
BUR-09045,RET-09045,609,6,0
BUR-09046,RET-09046,788,2,2
BUR-09047,RET-09047,663,2,0
BUR-09048,RET-09048,436,3,1
BUR-09049,RET-09049,732,0,0
BUR-09050,RET-09050,601,2,0
BUR-09051,RET-09051,757,4,1
BUR-09052,RET-09052,761,4,0
BUR-09053,RET-09053,763,1,0
BUR-09054,RET-09054,873,1,0
BUR-09055,RET-09055,619,2,0
BUR-09056,RET-09056,623,0,0
BUR-09057,RET-09057,665,3,1
BUR-09058,RET-09058,665,2,1
BUR-09059,RET-09059,813,2,0
BUR-09060,RET-09060,721,2,1
BUR-09061,RET-09061,713,1,0
BUR-09062,RET-09062,606,2,0
BUR-09063,RET-09063,821,1,0
BUR-09064,RET-09064,803,1,0
BUR-09065,RET-09065,856,4,1
BUR-09066,RET-09066,690,3,0
BUR-09067,RET-09067,783,2,0
BUR-09068,RET-09068,719,4,1
BUR-09069,RET-09069,604,5,0
BUR-09070,RET-09070,663,1,0
BUR-09071,RET-09071,699,3,2
BUR-09072,RET-09072,689,1,1
BUR-09073,RET-09073,549,0,0
BUR-09074,RET-09074,643,1,2
BUR-09075,RET-09075,477,3,0
BUR-09076,RET-09076,688,1,0
BUR-09077,RET-09077,765,2,0
BUR-09078,RET-09078,638,2,2
BUR-09079,RET-09079,674,1,0
BUR-09080,RET-09080,756,4,1
BUR-09081,RET-09081,711,2,1
BUR-09082,RET-09082,467,1,0
BUR-09083,RET-09083,637,1,0
BUR-09084,RET-09084,671,2,2
BUR-09085,RET-09085,630,2,1
BUR-09086,RET-09086,607,5,0
BUR-09087,RET-09087,860,1,0
BUR-09088,RET-09088,515,2,0
BUR-09089,RET-09089,609,3,0
BUR-09090,RET-09090,693,2,0
BUR-09091,RET-09091,757,3,1
BUR-09092,RET-09092,635,1,1
BUR-09093,RET-09093,513,1,0
BUR-09094,RET-09094,699,2,2
BUR-09095,RET-09095,791,2,0
BUR-09096,RET-09096,645,2,0
BUR-09097,RET-09097,831,1,2
BUR-09098,RET-09098,726,2,0
BUR-09099,RET-09099,853,0,0
BUR-09100,RET-09100,800,0,0
BUR-09101,RET-09101,561,2,0
BUR-09102,RET-09102,695,0,3
BUR-09103,RET-09103,830,1,1
BUR-09104,RET-09104,541,3,0
BUR-09105,RET-09105,715,1,0
BUR-09106,RET-09106,629,0,1
BUR-09107,RET-09107,783,1,0
BUR-09108,RET-09108,731,1,0
BUR-09109,RET-09109,732,1,0
BUR-09110,RET-09110,524,2,0
BUR-09111,RET-09111,744,1,1
BUR-09112,RET-09112,740,4,0
BUR-09113,RET-09113,587,1,0
BUR-09114,RET-09114,859,3,1
BUR-09115,RET-09115,702,1,1
BUR-09116,RET-09116,665,1,0
BUR-09117,RET-09117,703,3,0
BUR-09118,RET-09118,842,1,0
BUR-09119,RET-09119,724,2,0
BUR-09120,RET-09120,762,0,0
BUR-09121,RET-09121,865,2,1
BUR-09122,RET-09122,805,1,2
BUR-09123,RET-09123,674,1,0
BUR-09124,RET-09124,811,1,1
BUR-09125,RET-09125,773,1,0
BUR-09126,RET-09126,549,1,0
BUR-09127,RET-09127,893,2,0
BUR-09128,RET-09128,814,2,1
BUR-09129,RET-09129,869,1,1
BUR-09130,RET-09130,752,0,0
BUR-09131,RET-09131,688,1,0
BUR-09132,RET-09132,735,4,1
BUR-09133,RET-09133,679,2,1
BUR-09134,RET-09134,895,1,0
BUR-09135,RET-09135,701,4,0
BUR-09136,RET-09136,771,5,0
BUR-09137,RET-09137,802,3,0
BUR-09138,RET-09138,521,3,0
BUR-09139,RET-09139,756,3,1
BUR-09140,RET-09140,660,0,0
BUR-09141,RET-09141,820,0,2
BUR-09142,RET-09142,758,2,0
BUR-09143,RET-09143,759,2,0
BUR-09144,RET-09144,728,2,0
BUR-09145,RET-09145,819,5,0
BUR-09146,RET-09146,477,4,1
BUR-09147,RET-09147,487,1,1
BUR-09148,RET-09148,673,3,1
BUR-09149,RET-09149,757,2,1
BUR-09150,RET-09150,763,2,0
BUR-09151,RET-09151,607,2,1
BUR-09152,RET-09152,544,2,1
BUR-09153,RET-09153,532,5,1
BUR-09154,RET-09154,868,0,1
BUR-09155,RET-09155,649,2,0
BUR-09156,RET-09156,843,2,0
BUR-09157,RET-09157,744,1,0
BUR-09158,RET-09158,689,2,0
BUR-09159,RET-09159,758,3,0
BUR-09160,RET-09160,824,2,0
BUR-09161,RET-09161,697,3,2
BUR-09162,RET-09162,800,5,0
BUR-09163,RET-09163,653,3,1
BUR-09164,RET-09164,719,2,0
BUR-09165,RET-09165,756,2,2
BUR-09166,RET-09166,620,1,0
BUR-09167,RET-09167,821,1,2
BUR-09168,RET-09168,824,0,0
BUR-09169,RET-09169,823,3,1
BUR-09170,RET-09170,841,1,0
BUR-09171,RET-09171,859,2,1
BUR-09172,RET-09172,680,4,1
BUR-09173,RET-09173,696,1,1
BUR-09174,RET-09174,622,6,0
BUR-09175,RET-09175,816,4,0
BUR-09176,RET-09176,767,0,2
BUR-09177,RET-09177,545,0,0
BUR-09178,RET-09178,716,3,0
BUR-09179,RET-09179,465,2,1
BUR-09180,RET-09180,711,1,0
BUR-09181,RET-09181,830,2,1
BUR-09182,RET-09182,817,0,1
BUR-09183,RET-09183,838,0,0
BUR-09184,RET-09184,567,1,2
BUR-09185,RET-09185,848,1,1
BUR-09186,RET-09186,746,2,0
BUR-09187,RET-09187,853,2,0
BUR-09188,RET-09188,833,4,1
BUR-09189,RET-09189,698,1,0
BUR-09190,RET-09190,540,1,1
BUR-09191,RET-09191,670,1,0
BUR-09192,RET-09192,809,2,2
BUR-09193,RET-09193,648,2,0
BUR-09194,RET-09194,698,6,0
BUR-09195,RET-09195,707,4,0
BUR-09196,RET-09196,630,5,1
BUR-09197,RET-09197,767,3,1
BUR-09198,RET-09198,878,1,0
BUR-09199,RET-09199,774,2,0
BUR-09200,RET-09200,569,3,0
BUR-09201,RET-09201,860,6,0
BUR-09202,RET-09202,829,1,2
BUR-09203,RET-09203,691,6,1
BUR-09204,RET-09204,838,1,2
BUR-09205,RET-09205,810,1,0
BUR-09206,RET-09206,847,3,0
BUR-09207,RET-09207,726,0,0
BUR-09208,RET-09208,577,2,1
BUR-09209,RET-09209,769,1,1
BUR-09210,RET-09210,785,3,0
BUR-09211,RET-09211,746,5,0
BUR-09212,RET-09212,674,2,1
BUR-09213,RET-09213,715,1,1
BUR-09214,RET-09214,810,4,0
BUR-09215,RET-09215,719,5,1
BUR-09216,RET-09216,675,0,0
BUR-09217,RET-09217,686,2,0
BUR-09218,RET-09218,732,4,0
BUR-09219,RET-09219,844,2,0
BUR-09220,RET-09220,737,4,0
BUR-09221,RET-09221,822,2,0
BUR-09222,RET-09222,617,1,1
BUR-09223,RET-09223,833,4,0
BUR-09224,RET-09224,816,4,1
BUR-09225,RET-09225,749,2,1
BUR-09226,RET-09226,853,1,1
BUR-09227,RET-09227,556,2,0
BUR-09228,RET-09228,878,3,0
BUR-09229,RET-09229,631,1,0
BUR-09230,RET-09230,620,2,2
BUR-09231,RET-09231,739,1,0
BUR-09232,RET-09232,770,3,0
BUR-09233,RET-09233,702,3,0
BUR-09234,RET-09234,678,3,0
BUR-09235,RET-09235,657,0,1
BUR-09236,RET-09236,660,2,0
BUR-09237,RET-09237,745,1,1
BUR-09238,RET-09238,774,2,0
BUR-09239,RET-09239,775,3,0
BUR-09240,RET-09240,608,3,0
BUR-09241,RET-09241,700,2,0
BUR-09242,RET-09242,663,1,1
BUR-09243,RET-09243,807,2,2
BUR-09244,RET-09244,651,1,1
BUR-09245,RET-09245,879,3,1
BUR-09246,RET-09246,849,2,0
BUR-09247,RET-09247,799,5,0
BUR-09248,RET-09248,803,2,0
BUR-09249,RET-09249,854,1,0
BUR-09250,RET-09250,696,4,1
BUR-09251,RET-09251,613,2,0
BUR-09252,RET-09252,638,0,1
BUR-09253,RET-09253,697,4,0
BUR-09254,RET-09254,709,4,1
BUR-09255,RET-09255,815,4,1
BUR-09256,RET-09256,721,2,0
BUR-09257,RET-09257,761,5,0
BUR-09258,RET-09258,590,2,0
BUR-09259,RET-09259,705,8,0
BUR-09260,RET-09260,661,2,0
BUR-09261,RET-09261,852,0,1
BUR-09262,RET-09262,698,1,0
BUR-09263,RET-09263,814,2,0
BUR-09264,RET-09264,761,1,0
BUR-09265,RET-09265,786,1,0
BUR-09266,RET-09266,822,1,1
BUR-09267,RET-09267,733,1,0
BUR-09268,RET-09268,731,0,0
BUR-09269,RET-09269,652,3,0
BUR-09270,RET-09270,653,2,0
BUR-09271,RET-09271,772,0,0
BUR-09272,RET-09272,721,2,0
BUR-09273,RET-09273,705,5,0
BUR-09274,RET-09274,643,6,1
BUR-09275,RET-09275,671,3,1
BUR-09276,RET-09276,800,1,1
BUR-09277,RET-09277,732,6,0
BUR-09278,RET-09278,799,1,1
BUR-09279,RET-09279,715,1,0
BUR-09280,RET-09280,616,4,0
BUR-09281,RET-09281,812,2,0
BUR-09282,RET-09282,622,4,1
BUR-09283,RET-09283,577,2,1
BUR-09284,RET-09284,827,1,1
BUR-09285,RET-09285,617,5,0
BUR-09286,RET-09286,590,0,0
BUR-09287,RET-09287,884,1,1
BUR-09288,RET-09288,730,2,1
BUR-09289,RET-09289,766,2,0
BUR-09290,RET-09290,834,1,0
BUR-09291,RET-09291,675,2,1
BUR-09292,RET-09292,806,1,0
BUR-09293,RET-09293,677,1,0
BUR-09294,RET-09294,629,2,0
BUR-09295,RET-09295,721,1,0
BUR-09296,RET-09296,812,2,1
BUR-09297,RET-09297,560,2,0
BUR-09298,RET-09298,659,1,0
BUR-09299,RET-09299,776,4,1
BUR-09300,RET-09300,658,2,0
BUR-09301,RET-09301,770,1,0
BUR-09302,RET-09302,724,4,0
BUR-09303,RET-09303,805,0,0
BUR-09304,RET-09304,750,1,1
BUR-09305,RET-09305,619,0,0
BUR-09306,RET-09306,676,2,0
BUR-09307,RET-09307,710,3,0
BUR-09308,RET-09308,832,2,0
BUR-09309,RET-09309,556,4,0
BUR-09310,RET-09310,731,0,0
BUR-09311,RET-09311,682,2,0
BUR-09312,RET-09312,830,4,0
BUR-09313,RET-09313,819,2,1
BUR-09314,RET-09314,578,3,0
BUR-09315,RET-09315,683,1,1
BUR-09316,RET-09316,764,1,0
BUR-09317,RET-09317,670,2,0
BUR-09318,RET-09318,859,0,0
BUR-09319,RET-09319,763,1,0
BUR-09320,RET-09320,659,4,0
BUR-09321,RET-09321,722,2,0
BUR-09322,RET-09322,806,2,0
BUR-09323,RET-09323,569,2,0
BUR-09324,RET-09324,590,1,2
BUR-09325,RET-09325,860,1,1
BUR-09326,RET-09326,687,2,0
BUR-09327,RET-09327,746,4,0
BUR-09328,RET-09328,815,1,2
BUR-09329,RET-09329,789,4,2
BUR-09330,RET-09330,848,1,1
BUR-09331,RET-09331,782,1,0
BUR-09332,RET-09332,692,4,1
BUR-09333,RET-09333,752,1,1
BUR-09334,RET-09334,826,0,0
BUR-09335,RET-09335,552,4,0
BUR-09336,RET-09336,789,3,1
BUR-09337,RET-09337,750,1,1
BUR-09338,RET-09338,582,2,0
BUR-09339,RET-09339,536,2,0
BUR-09340,RET-09340,641,1,1
BUR-09341,RET-09341,791,4,2
BUR-09342,RET-09342,630,1,0
BUR-09343,RET-09343,750,2,1
BUR-09344,RET-09344,818,1,2
BUR-09345,RET-09345,705,5,0
BUR-09346,RET-09346,642,1,1
BUR-09347,RET-09347,740,0,0
BUR-09348,RET-09348,672,2,1
BUR-09349,RET-09349,787,2,0
BUR-09350,RET-09350,807,3,1
BUR-09351,RET-09351,797,6,0
BUR-09352,RET-09352,786,1,0
BUR-09353,RET-09353,793,2,0
BUR-09354,RET-09354,825,1,1
BUR-09355,RET-09355,613,1,0
BUR-09356,RET-09356,818,1,0
BUR-09357,RET-09357,808,0,0
BUR-09358,RET-09358,679,1,1
BUR-09359,RET-09359,877,3,0
BUR-09360,RET-09360,806,3,1
BUR-09361,RET-09361,821,3,1
BUR-09362,RET-09362,765,1,1
BUR-09363,RET-09363,806,2,0
BUR-09364,RET-09364,652,3,0
BUR-09365,RET-09365,629,2,0
BUR-09366,RET-09366,642,0,0
BUR-09367,RET-09367,782,3,2
BUR-09368,RET-09368,840,3,0
BUR-09369,RET-09369,788,1,0
BUR-09370,RET-09370,733,0,0
BUR-09371,RET-09371,704,1,0
BUR-09372,RET-09372,423,4,1
BUR-09373,RET-09373,725,2,1
BUR-09374,RET-09374,681,1,1
BUR-09375,RET-09375,877,1,0
BUR-09376,RET-09376,844,3,1
BUR-09377,RET-09377,653,2,1
BUR-09378,RET-09378,666,3,1
BUR-09379,RET-09379,816,2,1
BUR-09380,RET-09380,618,1,1
BUR-09381,RET-09381,784,4,0
BUR-09382,RET-09382,625,5,0
BUR-09383,RET-09383,791,0,0
BUR-09384,RET-09384,646,2,0
BUR-09385,RET-09385,755,0,1
BUR-09386,RET-09386,640,3,1
BUR-09387,RET-09387,632,4,0
BUR-09388,RET-09388,730,4,0
BUR-09389,RET-09389,695,1,1
BUR-09390,RET-09390,691,0,0
BUR-09391,RET-09391,658,3,1
BUR-09392,RET-09392,704,2,0
BUR-09393,RET-09393,728,1,1
BUR-09394,RET-09394,841,2,0
BUR-09395,RET-09395,660,1,0
BUR-09396,RET-09396,672,2,1
BUR-09397,RET-09397,636,3,0
BUR-09398,RET-09398,799,1,1
BUR-09399,RET-09399,523,0,0
BUR-09400,RET-09400,599,2,0
BUR-09401,RET-09401,850,2,0
BUR-09402,RET-09402,759,2,3
BUR-09403,RET-09403,695,0,0
BUR-09404,RET-09404,595,2,0
BUR-09405,RET-09405,811,4,2
BUR-09406,RET-09406,663,3,0
BUR-09407,RET-09407,735,2,1
BUR-09408,RET-09408,863,0,1
BUR-09409,RET-09409,718,1,0
BUR-09410,RET-09410,588,2,0
BUR-09411,RET-09411,649,0,0
BUR-09412,RET-09412,809,4,0
BUR-09413,RET-09413,830,2,0
BUR-09414,RET-09414,720,0,1
BUR-09415,RET-09415,897,1,1
BUR-09416,RET-09416,847,4,2
BUR-09417,RET-09417,759,0,1
BUR-09418,RET-09418,716,1,0
BUR-09419,RET-09419,757,4,1
BUR-09420,RET-09420,720,2,3
BUR-09421,RET-09421,706,3,0
BUR-09422,RET-09422,829,2,0
BUR-09423,RET-09423,720,2,2
BUR-09424,RET-09424,826,1,1
BUR-09425,RET-09425,694,3,1
BUR-09426,RET-09426,722,2,1
BUR-09427,RET-09427,586,2,1
BUR-09428,RET-09428,787,2,2
BUR-09429,RET-09429,803,1,0
BUR-09430,RET-09430,723,3,1
BUR-09431,RET-09431,674,0,1
BUR-09432,RET-09432,529,1,0
BUR-09433,RET-09433,597,2,0
BUR-09434,RET-09434,791,1,0
BUR-09435,RET-09435,799,4,2
BUR-09436,RET-09436,824,3,1
BUR-09437,RET-09437,757,3,0
BUR-09438,RET-09438,733,1,0
BUR-09439,RET-09439,795,1,2
BUR-09440,RET-09440,725,2,0
BUR-09441,RET-09441,825,1,1
BUR-09442,RET-09442,873,4,0
BUR-09443,RET-09443,700,2,0
BUR-09444,RET-09444,697,3,1
BUR-09445,RET-09445,523,2,0
BUR-09446,RET-09446,631,2,2
BUR-09447,RET-09447,637,2,0
BUR-09448,RET-09448,539,0,1
BUR-09449,RET-09449,583,3,2
BUR-09450,RET-09450,540,7,2
BUR-09451,RET-09451,710,2,1
BUR-09452,RET-09452,757,3,0
BUR-09453,RET-09453,879,1,2
BUR-09454,RET-09454,851,1,1
BUR-09455,RET-09455,709,2,0
BUR-09456,RET-09456,683,1,0
BUR-09457,RET-09457,639,4,1
BUR-09458,RET-09458,690,0,0
BUR-09459,RET-09459,844,2,0
BUR-09460,RET-09460,418,1,0
BUR-09461,RET-09461,557,1,0
BUR-09462,RET-09462,638,3,0
BUR-09463,RET-09463,548,3,1
BUR-09464,RET-09464,776,4,0
BUR-09465,RET-09465,649,1,1
BUR-09466,RET-09466,615,0,0
BUR-09467,RET-09467,840,3,0
BUR-09468,RET-09468,812,4,1
BUR-09469,RET-09469,819,2,0
BUR-09470,RET-09470,644,0,0
BUR-09471,RET-09471,733,0,1
BUR-09472,RET-09472,667,3,0
BUR-09473,RET-09473,750,0,0
BUR-09474,RET-09474,876,0,0
BUR-09475,RET-09475,720,1,1
BUR-09476,RET-09476,822,2,0
BUR-09477,RET-09477,764,3,1
BUR-09478,RET-09478,785,5,2
BUR-09479,RET-09479,788,2,2
BUR-09480,RET-09480,875,1,0
BUR-09481,RET-09481,860,0,0
BUR-09482,RET-09482,682,6,1
BUR-09483,RET-09483,727,1,0
BUR-09484,RET-09484,688,1,1
BUR-09485,RET-09485,775,1,0
BUR-09486,RET-09486,785,1,0
BUR-09487,RET-09487,596,1,1
BUR-09488,RET-09488,648,2,0
BUR-09489,RET-09489,794,0,0
BUR-09490,RET-09490,576,1,0
BUR-09491,RET-09491,800,1,0
BUR-09492,RET-09492,712,4,1
BUR-09493,RET-09493,673,1,0
BUR-09494,RET-09494,844,1,0
BUR-09495,RET-09495,543,1,0
BUR-09496,RET-09496,752,2,1
BUR-09497,RET-09497,687,3,2
BUR-09498,RET-09498,619,1,0
BUR-09499,RET-09499,855,2,0
BUR-09500,RET-09500,765,2,0
BUR-09501,RET-09501,687,5,0
BUR-09502,RET-09502,825,2,0
BUR-09503,RET-09503,556,1,1
BUR-09504,RET-09504,658,1,0
BUR-09505,RET-09505,674,1,0
BUR-09506,RET-09506,876,2,0
BUR-09507,RET-09507,726,1,0
BUR-09508,RET-09508,864,3,1
BUR-09509,RET-09509,709,0,0
BUR-09510,RET-09510,734,2,0
BUR-09511,RET-09511,837,0,1
BUR-09512,RET-09512,860,2,0
BUR-09513,RET-09513,611,4,1
BUR-09514,RET-09514,710,1,0
BUR-09515,RET-09515,819,1,0
BUR-09516,RET-09516,853,3,0
BUR-09517,RET-09517,748,4,0
BUR-09518,RET-09518,862,5,0
BUR-09519,RET-09519,812,2,0
BUR-09520,RET-09520,374,2,1
BUR-09521,RET-09521,691,2,0
BUR-09522,RET-09522,618,2,2
BUR-09523,RET-09523,747,1,0
BUR-09524,RET-09524,644,1,0
BUR-09525,RET-09525,832,1,0
BUR-09526,RET-09526,881,3,0
BUR-09527,RET-09527,704,3,1
BUR-09528,RET-09528,712,2,0
BUR-09529,RET-09529,573,1,1
BUR-09530,RET-09530,681,3,2
BUR-09531,RET-09531,810,5,0
BUR-09532,RET-09532,697,2,2
BUR-09533,RET-09533,729,2,0
BUR-09534,RET-09534,698,2,1
BUR-09535,RET-09535,854,3,0
BUR-09536,RET-09536,529,3,0
BUR-09537,RET-09537,659,3,0
BUR-09538,RET-09538,620,2,1
BUR-09539,RET-09539,744,1,0
BUR-09540,RET-09540,776,2,0
BUR-09541,RET-09541,717,3,1
BUR-09542,RET-09542,862,2,1
BUR-09543,RET-09543,738,2,1
BUR-09544,RET-09544,836,3,0
BUR-09545,RET-09545,831,1,1
BUR-09546,RET-09546,691,1,2
BUR-09547,RET-09547,760,2,0
BUR-09548,RET-09548,777,3,0
BUR-09549,RET-09549,674,1,1
BUR-09550,RET-09550,481,4,2
BUR-09551,RET-09551,856,1,2
BUR-09552,RET-09552,816,3,2
BUR-09553,RET-09553,768,0,0
BUR-09554,RET-09554,712,4,0
BUR-09555,RET-09555,705,1,1
BUR-09556,RET-09556,857,2,0
BUR-09557,RET-09557,715,4,0
BUR-09558,RET-09558,675,3,0
BUR-09559,RET-09559,603,3,1
BUR-09560,RET-09560,673,1,1
BUR-09561,RET-09561,797,0,0
BUR-09562,RET-09562,770,0,1
BUR-09563,RET-09563,722,0,0
BUR-09564,RET-09564,630,3,3
BUR-09565,RET-09565,615,2,1
BUR-09566,RET-09566,848,2,0
BUR-09567,RET-09567,841,0,1
BUR-09568,RET-09568,822,4,0
BUR-09569,RET-09569,786,1,0
BUR-09570,RET-09570,775,1,1
BUR-09571,RET-09571,719,2,1
BUR-09572,RET-09572,837,4,0
BUR-09573,RET-09573,855,3,1
BUR-09574,RET-09574,716,4,0
BUR-09575,RET-09575,862,2,0
BUR-09576,RET-09576,728,2,1
BUR-09577,RET-09577,675,2,0
BUR-09578,RET-09578,662,1,0
BUR-09579,RET-09579,509,2,0
BUR-09580,RET-09580,728,1,0
BUR-09581,RET-09581,660,3,3
BUR-09582,RET-09582,753,1,0
BUR-09583,RET-09583,593,3,1
BUR-09584,RET-09584,729,4,0
BUR-09585,RET-09585,853,2,0
BUR-09586,RET-09586,530,3,0
BUR-09587,RET-09587,874,4,1
BUR-09588,RET-09588,789,1,0
BUR-09589,RET-09589,662,1,1
BUR-09590,RET-09590,552,1,0
BUR-09591,RET-09591,700,2,0
BUR-09592,RET-09592,874,0,1
BUR-09593,RET-09593,737,6,1
BUR-09594,RET-09594,819,3,1
BUR-09595,RET-09595,581,4,0
BUR-09596,RET-09596,758,3,0
BUR-09597,RET-09597,666,0,1
BUR-09598,RET-09598,710,5,0
BUR-09599,RET-09599,594,4,1
BUR-09600,RET-09600,721,3,0
BUR-09601,RET-09601,690,1,1
BUR-09602,RET-09602,710,1,1
BUR-09603,RET-09603,739,2,1
BUR-09604,RET-09604,596,2,0
BUR-09605,RET-09605,587,3,0
BUR-09606,RET-09606,751,0,0
BUR-09607,RET-09607,573,1,0
BUR-09608,RET-09608,666,2,1
BUR-09609,RET-09609,673,1,0
BUR-09610,RET-09610,511,2,0
BUR-09611,RET-09611,696,3,1
BUR-09612,RET-09612,834,3,0
BUR-09613,RET-09613,651,3,0
BUR-09614,RET-09614,590,3,0
BUR-09615,RET-09615,759,1,0
BUR-09616,RET-09616,820,3,1
BUR-09617,RET-09617,445,2,0
BUR-09618,RET-09618,780,0,3
BUR-09619,RET-09619,790,1,0
BUR-09620,RET-09620,819,2,1
BUR-09621,RET-09621,743,3,0
BUR-09622,RET-09622,684,1,0
BUR-09623,RET-09623,673,4,1
BUR-09624,RET-09624,737,1,0
BUR-09625,RET-09625,637,4,0
BUR-09626,RET-09626,749,4,1
BUR-09627,RET-09627,817,2,1
BUR-09628,RET-09628,635,1,0
BUR-09629,RET-09629,764,0,0
BUR-09630,RET-09630,835,3,0
BUR-09631,RET-09631,694,2,0
BUR-09632,RET-09632,822,5,0
BUR-09633,RET-09633,759,2,2
BUR-09634,RET-09634,754,0,0
BUR-09635,RET-09635,802,1,0
BUR-09636,RET-09636,858,5,0
BUR-09637,RET-09637,549,2,0
BUR-09638,RET-09638,867,2,0
BUR-09639,RET-09639,689,2,0
BUR-09640,RET-09640,728,1,0
BUR-09641,RET-09641,654,2,1
BUR-09642,RET-09642,557,3,0
BUR-09643,RET-09643,805,1,0
BUR-09644,RET-09644,776,3,0
BUR-09645,RET-09645,585,0,0
BUR-09646,RET-09646,634,4,0
BUR-09647,RET-09647,660,2,0
BUR-09648,RET-09648,651,1,1
BUR-09649,RET-09649,577,2,0
BUR-09650,RET-09650,683,0,1
BUR-09651,RET-09651,736,3,0
BUR-09652,RET-09652,800,1,3
BUR-09653,RET-09653,845,0,1
BUR-09654,RET-09654,830,0,0
BUR-09655,RET-09655,820,0,1
BUR-09656,RET-09656,717,3,1
BUR-09657,RET-09657,802,1,0
BUR-09658,RET-09658,540,2,0
BUR-09659,RET-09659,750,3,0
BUR-09660,RET-09660,816,3,0
BUR-09661,RET-09661,807,0,0
BUR-09662,RET-09662,870,0,1
BUR-09663,RET-09663,766,1,1
BUR-09664,RET-09664,760,1,1
BUR-09665,RET-09665,730,2,1
BUR-09666,RET-09666,821,2,0
BUR-09667,RET-09667,690,0,0
BUR-09668,RET-09668,810,2,0
BUR-09669,RET-09669,737,3,0
BUR-09670,RET-09670,674,0,0
BUR-09671,RET-09671,640,2,0
BUR-09672,RET-09672,729,2,0
BUR-09673,RET-09673,772,2,0
BUR-09674,RET-09674,807,2,0
BUR-09675,RET-09675,855,3,2
BUR-09676,RET-09676,784,2,0
BUR-09677,RET-09677,839,1,1
BUR-09678,RET-09678,690,1,1
BUR-09679,RET-09679,669,0,0
BUR-09680,RET-09680,774,1,1
BUR-09681,RET-09681,688,0,0
BUR-09682,RET-09682,771,3,0
BUR-09683,RET-09683,791,1,0
BUR-09684,RET-09684,601,0,1
BUR-09685,RET-09685,699,3,0
BUR-09686,RET-09686,861,3,0
BUR-09687,RET-09687,753,4,1
BUR-09688,RET-09688,717,1,0
BUR-09689,RET-09689,774,2,0
BUR-09690,RET-09690,859,0,0
BUR-09691,RET-09691,728,3,1
BUR-09692,RET-09692,818,1,0
BUR-09693,RET-09693,787,1,0
BUR-09694,RET-09694,729,5,2
BUR-09695,RET-09695,556,0,0
BUR-09696,RET-09696,670,1,0
BUR-09697,RET-09697,691,2,0
BUR-09698,RET-09698,779,0,1
BUR-09699,RET-09699,737,1,2
BUR-09700,RET-09700,779,3,0
BUR-09701,RET-09701,791,2,2
BUR-09702,RET-09702,608,3,0
BUR-09703,RET-09703,797,2,0
BUR-09704,RET-09704,750,1,0
BUR-09705,RET-09705,778,2,0
BUR-09706,RET-09706,832,3,0
BUR-09707,RET-09707,568,2,1
BUR-09708,RET-09708,848,3,0
BUR-09709,RET-09709,847,3,1
BUR-09710,RET-09710,842,2,0
BUR-09711,RET-09711,783,2,0
BUR-09712,RET-09712,652,2,2
BUR-09713,RET-09713,620,2,0
BUR-09714,RET-09714,747,0,0
BUR-09715,RET-09715,767,1,3
BUR-09716,RET-09716,614,4,1
BUR-09717,RET-09717,656,1,0
BUR-09718,RET-09718,660,0,2
BUR-09719,RET-09719,790,4,1
BUR-09720,RET-09720,728,1,0
BUR-09721,RET-09721,883,1,1
BUR-09722,RET-09722,671,4,0
BUR-09723,RET-09723,679,3,2
BUR-09724,RET-09724,795,1,0
BUR-09725,RET-09725,675,4,1
BUR-09726,RET-09726,787,0,0
BUR-09727,RET-09727,806,2,0
BUR-09728,RET-09728,800,1,0
BUR-09729,RET-09729,754,3,0
BUR-09730,RET-09730,811,0,2
BUR-09731,RET-09731,721,2,0
BUR-09732,RET-09732,869,0,1
BUR-09733,RET-09733,641,2,0
BUR-09734,RET-09734,718,4,0
BUR-09735,RET-09735,816,0,0
BUR-09736,RET-09736,711,1,0
BUR-09737,RET-09737,787,4,1
BUR-09738,RET-09738,810,3,0
BUR-09739,RET-09739,579,2,2
BUR-09740,RET-09740,749,2,0
BUR-09741,RET-09741,727,1,1
BUR-09742,RET-09742,858,3,0
BUR-09743,RET-09743,785,2,1
BUR-09744,RET-09744,855,1,0
BUR-09745,RET-09745,734,3,1
BUR-09746,RET-09746,810,0,0
BUR-09747,RET-09747,765,1,1
BUR-09748,RET-09748,736,3,2
BUR-09749,RET-09749,711,1,0
BUR-09750,RET-09750,736,2,0
BUR-09751,RET-09751,656,3,0
BUR-09752,RET-09752,617,5,0
BUR-09753,RET-09753,818,5,0
BUR-09754,RET-09754,741,1,1
BUR-09755,RET-09755,787,3,0
BUR-09756,RET-09756,805,2,1
BUR-09757,RET-09757,874,2,0
BUR-09758,RET-09758,755,0,1
BUR-09759,RET-09759,705,3,2
BUR-09760,RET-09760,739,4,0
BUR-09761,RET-09761,691,2,1
BUR-09762,RET-09762,667,2,0
BUR-09763,RET-09763,880,2,1
BUR-09764,RET-09764,688,0,0
BUR-09765,RET-09765,690,2,1
BUR-09766,RET-09766,794,2,1
BUR-09767,RET-09767,782,1,0
BUR-09768,RET-09768,753,5,0
BUR-09769,RET-09769,625,1,0
BUR-09770,RET-09770,679,5,1
BUR-09771,RET-09771,600,3,1
BUR-09772,RET-09772,645,2,1
BUR-09773,RET-09773,815,7,0
BUR-09774,RET-09774,689,0,0
BUR-09775,RET-09775,734,1,1
BUR-09776,RET-09776,883,2,1
BUR-09777,RET-09777,664,2,0
BUR-09778,RET-09778,790,3,2
BUR-09779,RET-09779,846,1,0
BUR-09780,RET-09780,690,2,1
BUR-09781,RET-09781,834,0,1
BUR-09782,RET-09782,772,1,1
BUR-09783,RET-09783,837,1,0
BUR-09784,RET-09784,704,0,0
BUR-09785,RET-09785,726,3,0
BUR-09786,RET-09786,829,1,0
BUR-09787,RET-09787,827,1,0
BUR-09788,RET-09788,808,3,0
BUR-09789,RET-09789,544,1,0
BUR-09790,RET-09790,863,2,0
BUR-09791,RET-09791,840,2,1
BUR-09792,RET-09792,575,3,0
BUR-09793,RET-09793,681,8,1
BUR-09794,RET-09794,654,3,0
BUR-09795,RET-09795,809,2,0
BUR-09796,RET-09796,775,1,1
BUR-09797,RET-09797,613,3,0
BUR-09798,RET-09798,767,2,1
BUR-09799,RET-09799,869,4,2
BUR-09800,RET-09800,691,0,0
BUR-09801,RET-09801,649,3,0
BUR-09802,RET-09802,847,1,0
BUR-09803,RET-09803,750,3,3
BUR-09804,RET-09804,728,1,1
BUR-09805,RET-09805,884,1,1
BUR-09806,RET-09806,809,3,0
BUR-09807,RET-09807,702,2,0
BUR-09808,RET-09808,629,4,0
BUR-09809,RET-09809,760,1,0
BUR-09810,RET-09810,638,2,1
BUR-09811,RET-09811,805,2,0
BUR-09812,RET-09812,643,0,0
BUR-09813,RET-09813,720,0,0
BUR-09814,RET-09814,665,3,0
BUR-09815,RET-09815,680,0,0
BUR-09816,RET-09816,559,0,0
BUR-09817,RET-09817,622,2,1
BUR-09818,RET-09818,676,3,0
BUR-09819,RET-09819,679,3,0
BUR-09820,RET-09820,622,1,0
BUR-09821,RET-09821,836,0,1
BUR-09822,RET-09822,560,2,0
BUR-09823,RET-09823,825,3,3
BUR-09824,RET-09824,461,1,0
BUR-09825,RET-09825,522,4,1
BUR-09826,RET-09826,776,3,0
BUR-09827,RET-09827,771,1,2
BUR-09828,RET-09828,869,1,0
BUR-09829,RET-09829,803,3,1
BUR-09830,RET-09830,842,2,0
BUR-09831,RET-09831,853,2,0
BUR-09832,RET-09832,721,2,0
BUR-09833,RET-09833,611,2,1
BUR-09834,RET-09834,762,0,1
BUR-09835,RET-09835,693,3,0
BUR-09836,RET-09836,774,2,1
BUR-09837,RET-09837,708,1,1
BUR-09838,RET-09838,722,1,0
BUR-09839,RET-09839,844,1,0
BUR-09840,RET-09840,750,3,0
BUR-09841,RET-09841,603,3,1
BUR-09842,RET-09842,667,2,0
BUR-09843,RET-09843,543,0,0
BUR-09844,RET-09844,790,3,1
BUR-09845,RET-09845,743,1,1
BUR-09846,RET-09846,826,1,2
BUR-09847,RET-09847,875,2,0
BUR-09848,RET-09848,650,1,0
BUR-09849,RET-09849,660,2,1
BUR-09850,RET-09850,791,2,0
BUR-09851,RET-09851,790,1,0
BUR-09852,RET-09852,854,0,0
BUR-09853,RET-09853,749,3,2
BUR-09854,RET-09854,640,1,2
BUR-09855,RET-09855,821,3,2
BUR-09856,RET-09856,776,2,2
BUR-09857,RET-09857,749,5,0
BUR-09858,RET-09858,641,3,0
BUR-09859,RET-09859,849,1,0
BUR-09860,RET-09860,837,1,2
BUR-09861,RET-09861,774,1,1
BUR-09862,RET-09862,769,1,1
BUR-09863,RET-09863,565,3,0
BUR-09864,RET-09864,781,1,0
BUR-09865,RET-09865,715,2,0
BUR-09866,RET-09866,706,4,1
BUR-09867,RET-09867,651,4,0
BUR-09868,RET-09868,618,1,1
BUR-09869,RET-09869,804,1,1
BUR-09870,RET-09870,823,5,1
BUR-09871,RET-09871,582,1,0
BUR-09872,RET-09872,829,3,3
BUR-09873,RET-09873,668,3,0
BUR-09874,RET-09874,735,1,1
BUR-09875,RET-09875,705,1,0
BUR-09876,RET-09876,832,3,1
BUR-09877,RET-09877,808,1,1
BUR-09878,RET-09878,848,2,0
BUR-09879,RET-09879,797,4,1
BUR-09880,RET-09880,715,2,0
BUR-09881,RET-09881,831,1,0
BUR-09882,RET-09882,871,0,0
BUR-09883,RET-09883,597,1,0
BUR-09884,RET-09884,468,1,0
BUR-09885,RET-09885,761,1,3
BUR-09886,RET-09886,765,5,0
BUR-09887,RET-09887,770,1,0
BUR-09888,RET-09888,678,0,0
BUR-09889,RET-09889,815,1,1
BUR-09890,RET-09890,806,1,0
BUR-09891,RET-09891,707,0,1
BUR-09892,RET-09892,577,5,0
BUR-09893,RET-09893,700,0,0
BUR-09894,RET-09894,807,3,0
BUR-09895,RET-09895,505,1,1
BUR-09896,RET-09896,501,1,0
BUR-09897,RET-09897,689,2,0
BUR-09898,RET-09898,604,2,1
BUR-09899,RET-09899,848,1,1
BUR-09900,RET-09900,664,2,0
BUR-09901,RET-09901,646,2,1
BUR-09902,RET-09902,813,2,1
BUR-09903,RET-09903,830,2,0
BUR-09904,RET-09904,601,0,1
BUR-09905,RET-09905,667,1,0
BUR-09906,RET-09906,777,1,0
BUR-09907,RET-09907,451,0,0
BUR-09908,RET-09908,769,0,0
BUR-09909,RET-09909,872,2,0
BUR-09910,RET-09910,761,3,0
BUR-09911,RET-09911,650,0,0
BUR-09912,RET-09912,851,3,0
BUR-09913,RET-09913,693,2,0
BUR-09914,RET-09914,796,1,0
BUR-09915,RET-09915,630,1,0
BUR-09916,RET-09916,742,0,0
BUR-09917,RET-09917,586,3,0
BUR-09918,RET-09918,850,0,0
BUR-09919,RET-09919,624,3,0
BUR-09920,RET-09920,819,2,0
BUR-09921,RET-09921,817,3,1
BUR-09922,RET-09922,657,3,0
BUR-09923,RET-09923,717,1,1
BUR-09924,RET-09924,881,3,0
BUR-09925,RET-09925,860,1,1
BUR-09926,RET-09926,827,1,0
BUR-09927,RET-09927,517,0,1
BUR-09928,RET-09928,803,1,0
BUR-09929,RET-09929,703,2,0
BUR-09930,RET-09930,715,6,0
BUR-09931,RET-09931,728,1,1
BUR-09932,RET-09932,736,3,0
BUR-09933,RET-09933,828,3,0
BUR-09934,RET-09934,747,1,0
BUR-09935,RET-09935,755,2,1
BUR-09936,RET-09936,610,3,2
BUR-09937,RET-09937,774,6,0
BUR-09938,RET-09938,845,1,0
BUR-09939,RET-09939,835,0,1
BUR-09940,RET-09940,822,4,1
BUR-09941,RET-09941,790,2,2
BUR-09942,RET-09942,720,2,0
BUR-09943,RET-09943,806,3,0
BUR-09944,RET-09944,652,0,0
BUR-09945,RET-09945,820,0,0
BUR-09946,RET-09946,808,1,0
BUR-09947,RET-09947,828,0,0
BUR-09948,RET-09948,816,3,0
BUR-09949,RET-09949,701,3,2
BUR-09950,RET-09950,714,2,0
BUR-09951,RET-09951,801,2,1
BUR-09952,RET-09952,866,1,0
BUR-09953,RET-09953,520,3,1
BUR-09954,RET-09954,597,0,1
BUR-09955,RET-09955,529,3,0
BUR-09956,RET-09956,721,1,0
BUR-09957,RET-09957,779,2,0
BUR-09958,RET-09958,534,1,1
BUR-09959,RET-09959,711,1,0
BUR-09960,RET-09960,516,2,0
BUR-09961,RET-09961,720,1,2
BUR-09962,RET-09962,777,3,0
BUR-09963,RET-09963,788,2,0
BUR-09964,RET-09964,610,1,0
BUR-09965,RET-09965,541,3,0
BUR-09966,RET-09966,698,0,0
BUR-09967,RET-09967,773,1,2
BUR-09968,RET-09968,866,1,0
BUR-09969,RET-09969,501,1,0
BUR-09970,RET-09970,729,1,0
BUR-09971,RET-09971,802,3,2
BUR-09972,RET-09972,568,3,0
BUR-09973,RET-09973,743,2,0
BUR-09974,RET-09974,819,4,2
BUR-09975,RET-09975,758,0,0
BUR-09976,RET-09976,764,3,0
BUR-09977,RET-09977,810,3,1
BUR-09978,RET-09978,643,3,1
BUR-09979,RET-09979,584,2,1
BUR-09980,RET-09980,615,2,0
BUR-09981,RET-09981,563,2,0
BUR-09982,RET-09982,603,1,2
BUR-09983,RET-09983,565,0,0
BUR-09984,RET-09984,850,2,0
BUR-09985,RET-09985,685,3,0
BUR-09986,RET-09986,699,1,2
BUR-09987,RET-09987,855,0,0
BUR-09988,RET-09988,645,2,1
BUR-09989,RET-09989,797,2,0
BUR-09990,RET-09990,703,0,0
BUR-09991,RET-09991,772,3,0
BUR-09992,RET-09992,756,5,0
BUR-09993,RET-09993,773,0,0
BUR-09994,RET-09994,754,3,2
BUR-09995,RET-09995,836,1,0
BUR-09996,RET-09996,761,1,0
BUR-09997,RET-09997,740,2,0
BUR-09998,RET-09998,760,2,1
BUR-09999,RET-09999,771,6,1
BUR-10000,RET-10000,604,3,0
