COLLATERAL_ID,LOAN_ID,SECURITY_TYPE,ASSESSED_VAL
COL-00001,LN-HM-00001,Mortgage,5700000.0
COL-00002,LN-HM-00002,Mortgage,8140000.0
COL-00003,LN-HM-00003,Mortgage,4830000.0
COL-00004,LN-HM-00004,Mortgage,11660000.0
COL-00005,LN-HM-00005,Hypothecation,2070000.0
COL-00006,LN-HM-00006,Hypothecation,1920000.0
COL-00007,LN-HM-00007,Hypothecation,3390000.0
COL-00008,LN-HM-00008,Mortgage,4410000.0
COL-00009,LN-HM-00009,None,0.0
COL-00010,LN-HM-00010,Mortgage,6050000.0
COL-00011,LN-HM-00011,None,0.0
COL-00012,LN-HM-00012,None,0.0
COL-00013,LN-HM-00013,Mortgage,3910000.0
COL-00014,LN-HM-00014,Mortgage,1130000.0
COL-00015,LN-HM-00015,None,0.0
COL-00016,LN-HM-00016,Hypothecation,500000.0
COL-00017,LN-HM-00017,Mortgage,1800000.0
COL-00018,LN-HM-00018,None,0.0
COL-00019,LN-HM-00019,None,0.0
COL-00020,LN-HM-00020,Mortgage,5700000.0
COL-00021,LN-HM-00021,Mortgage,1040000.0
COL-00022,LN-HM-00022,Mortgage,6010000.0
COL-00023,LN-HM-00023,Mortgage,4120000.0
COL-00024,LN-HM-00024,Mortgage,7670000.0
COL-00025,LN-HM-00025,Mortgage,13090000.0
COL-00026,LN-HM-00026,None,0.0
COL-00027,LN-HM-00027,Mortgage,4640000.0
COL-00028,LN-HM-00028,Mortgage,8810000.0
COL-00029,LN-HM-00029,Mortgage,3230000.0
COL-00030,LN-HM-00030,Mortgage,12190000.0
COL-00031,LN-HM-00031,None,0.0
COL-00032,LN-HM-00032,Hypothecation,1260000.0
COL-00033,LN-HM-00033,Hypothecation,600000.0
COL-00034,LN-HM-00034,Mortgage,6230000.0
COL-00035,LN-HM-00035,Mortgage,1310000.0
COL-00036,LN-HM-00036,None,0.0
COL-00037,LN-HM-00037,Hypothecation,3070000.0
COL-00038,LN-HM-00038,None,0.0
COL-00039,LN-HM-00039,Hypothecation,620000.0
COL-00040,LN-HM-00040,Mortgage,7570000.0
COL-00041,LN-HM-00041,Hypothecation,2660000.0
COL-00042,LN-HM-00042,Mortgage,1260000.0
COL-00043,LN-HM-00043,None,0.0
COL-00044,LN-HM-00044,Mortgage,5120000.0
COL-00045,LN-HM-00045,Mortgage,7420000.0
COL-00046,LN-HM-00046,Hypothecation,670000.0
COL-00047,LN-HM-00047,Mortgage,9910000.0
COL-00048,LN-HM-00048,Mortgage,3540000.0
COL-00049,LN-HM-00049,Mortgage,2870000.0
COL-00050,LN-HM-00050,None,0.0
COL-00051,LN-HM-00051,None,0.0
COL-00052,LN-HM-00052,Mortgage,1530000.0
COL-00053,LN-HM-00053,None,0.0
COL-00054,LN-HM-00054,Mortgage,4750000.0
COL-00055,LN-HM-00055,None,0.0
COL-00056,LN-HM-00056,None,0.0
COL-00057,LN-HM-00057,Mortgage,13000000.0
COL-00058,LN-HM-00058,None,0.0
COL-00059,LN-HM-00059,Mortgage,3800000.0
COL-00060,LN-HM-00060,Hypothecation,1370000.0
COL-00061,LN-HM-00061,Mortgage,17690000.0
COL-00062,LN-HM-00062,Mortgage,5180000.0
COL-00063,LN-HM-00063,Mortgage,4690000.0
COL-00064,LN-HM-00064,Mortgage,6190000.0
COL-00065,LN-HM-00065,Hypothecation,2080000.0
COL-00066,LN-HM-00066,None,0.0
COL-00067,LN-HM-00067,Mortgage,9700000.0
COL-00068,LN-HM-00068,Hypothecation,3200000.0
COL-00069,LN-HM-00069,Mortgage,1690000.0
COL-00070,LN-HM-00070,Mortgage,3620000.0
COL-00071,LN-HM-00071,Hypothecation,940000.0
COL-00072,LN-HM-00072,Hypothecation,2490000.0
COL-00073,LN-HM-00073,Mortgage,13310000.0
COL-00074,LN-HM-00074,Hypothecation,5820000.0
COL-00075,LN-HM-00075,Mortgage,1690000.0
COL-00076,LN-HM-00076,Mortgage,4810000.0
COL-00077,LN-HM-00077,Mortgage,3810000.0
COL-00078,LN-HM-00078,Hypothecation,970000.0
COL-00079,LN-HM-00079,None,0.0
COL-00080,LN-HM-00080,None,0.0
COL-00081,LN-HM-00081,Mortgage,12980000.0
COL-00082,LN-HM-00082,Mortgage,3680000.0
COL-00083,LN-HM-00083,None,0.0
COL-00084,LN-HM-00084,Mortgage,4300000.0
COL-00085,LN-HM-00085,None,0.0
COL-00086,LN-HM-00086,None,0.0
COL-00087,LN-HM-00087,Mortgage,4250000.0
COL-00088,LN-HM-00088,None,0.0
COL-00089,LN-HM-00089,None,0.0
COL-00090,LN-HM-00090,Mortgage,3680000.0
COL-00091,LN-HM-00091,None,0.0
COL-00092,LN-HM-00092,Mortgage,2730000.0
COL-00093,LN-HM-00093,Hypothecation,1670000.0
COL-00094,LN-HM-00094,Mortgage,4360000.0
COL-00095,LN-HM-00095,Mortgage,4560000.0
COL-00096,LN-HM-00096,Hypothecation,630000.0
COL-00097,LN-HM-00097,None,0.0
COL-00098,LN-HM-00098,Hypothecation,2600000.0
COL-00099,LN-HM-00099,Hypothecation,2440000.0
COL-00100,LN-HM-00100,Mortgage,9790000.0
COL-00101,LN-HM-00101,Mortgage,7730000.0
COL-00102,LN-HM-00102,Hypothecation,540000.0
COL-00103,LN-HM-00103,Hypothecation,880000.0
COL-00104,LN-HM-00104,Mortgage,2130000.0
COL-00105,LN-HM-00105,Hypothecation,960000.0
COL-00106,LN-HM-00106,None,0.0
COL-00107,LN-HM-00107,Mortgage,3080000.0
COL-00108,LN-HM-00108,Mortgage,2040000.0
COL-00109,LN-HM-00109,None,0.0
COL-00110,LN-HM-00110,None,0.0
COL-00111,LN-HM-00111,Mortgage,1840000.0
COL-00112,LN-HM-00112,Mortgage,5300000.0
COL-00113,LN-HM-00113,Hypothecation,2130000.0
COL-00114,LN-HM-00114,Hypothecation,1340000.0
COL-00115,LN-HM-00115,None,0.0
COL-00116,LN-HM-00116,Mortgage,5810000.0
COL-00117,LN-HM-00117,Mortgage,14020000.0
COL-00118,LN-HM-00118,None,0.0
COL-00119,LN-HM-00119,Mortgage,11880000.0
COL-00120,LN-HM-00120,None,0.0
COL-00121,LN-HM-00121,Mortgage,10090000.0
COL-00122,LN-HM-00122,Hypothecation,2870000.0
COL-00123,LN-HM-00123,Mortgage,4150000.0
COL-00124,LN-HM-00124,Hypothecation,870000.0
COL-00125,LN-HM-00125,Mortgage,4200000.0
COL-00126,LN-HM-00126,None,0.0
COL-00127,LN-HM-00127,None,0.0
COL-00128,LN-HM-00128,Mortgage,3780000.0
COL-00129,LN-HM-00129,Hypothecation,2790000.0
COL-00130,LN-HM-00130,Mortgage,5840000.0
COL-00131,LN-HM-00131,Mortgage,1480000.0
COL-00132,LN-HM-00132,Mortgage,1830000.0
COL-00133,LN-HM-00133,Mortgage,14770000.0
COL-00134,LN-HM-00134,Mortgage,9460000.0
COL-00135,LN-HM-00135,Hypothecation,900000.0
COL-00136,LN-HM-00136,Mortgage,1360000.0
COL-00137,LN-HM-00137,None,0.0
COL-00138,LN-HM-00138,None,0.0
COL-00139,LN-HM-00139,Hypothecation,4720000.0
COL-00140,LN-HM-00140,Mortgage,13180000.0
COL-00141,LN-HM-00141,Hypothecation,730000.0
COL-00142,LN-HM-00142,Hypothecation,960000.0
COL-00143,LN-HM-00143,Mortgage,2740000.0
COL-00144,LN-HM-00144,Mortgage,3990000.0
COL-00145,LN-HM-00145,Hypothecation,530000.0
COL-00146,LN-HM-00146,Mortgage,2840000.0
COL-00147,LN-HM-00147,Hypothecation,940000.0
COL-00148,LN-HM-00148,Mortgage,9100000.0
COL-00149,LN-HM-00149,Mortgage,2590000.0
COL-00150,LN-HM-00150,None,0.0
COL-00151,LN-HM-00151,None,0.0
COL-00152,LN-HM-00152,Mortgage,10870000.0
COL-00153,LN-HM-00153,None,0.0
COL-00154,LN-HM-00154,Hypothecation,2280000.0
COL-00155,LN-HM-00155,Hypothecation,1180000.0
COL-00156,LN-HM-00156,None,0.0
COL-00157,LN-HM-00157,Mortgage,9180000.0
COL-00158,LN-HM-00158,None,0.0
COL-00159,LN-HM-00159,Hypothecation,770000.0
COL-00160,LN-HM-00160,Mortgage,6970000.0
COL-00161,LN-HM-00161,Hypothecation,1280000.0
COL-00162,LN-HM-00162,None,0.0
COL-00163,LN-HM-00163,None,0.0
COL-00164,LN-HM-00164,Mortgage,5390000.0
COL-00165,LN-HM-00165,Mortgage,1350000.0
COL-00166,LN-HM-00166,Hypothecation,1040000.0
COL-00167,LN-HM-00167,None,0.0
COL-00168,LN-HM-00168,None,0.0
COL-00169,LN-HM-00169,Hypothecation,970000.0
COL-00170,LN-HM-00170,Mortgage,2470000.0
COL-00171,LN-HM-00171,Mortgage,9280000.0
COL-00172,LN-HM-00172,Mortgage,1370000.0
COL-00173,LN-HM-00173,None,0.0
COL-00174,LN-HM-00174,Hypothecation,860000.0
COL-00175,LN-HM-00175,Mortgage,13410000.0
COL-00176,LN-HM-00176,None,0.0
COL-00177,LN-HM-00177,Mortgage,1340000.0
COL-00178,LN-HM-00178,Mortgage,5430000.0
COL-00179,LN-HM-00179,Hypothecation,640000.0
COL-00180,LN-HM-00180,None,0.0
COL-00181,LN-HM-00181,None,0.0
COL-00182,LN-HM-00182,None,0.0
COL-00183,LN-HM-00183,None,0.0
COL-00184,LN-HM-00184,Mortgage,7030000.0
COL-00185,LN-HM-00185,Mortgage,6100000.0
COL-00186,LN-HM-00186,Mortgage,3510000.0
COL-00187,LN-HM-00187,None,0.0
COL-00188,LN-HM-00188,None,0.0
COL-00189,LN-HM-00189,Mortgage,4160000.0
COL-00190,LN-HM-00190,Hypothecation,1310000.0
COL-00191,LN-HM-00191,Mortgage,6360000.0
COL-00192,LN-HM-00192,Mortgage,2600000.0
COL-00193,LN-HM-00193,Mortgage,3640000.0
COL-00194,LN-HM-00194,Hypothecation,1630000.0
COL-00195,LN-HM-00195,Hypothecation,3040000.0
COL-00196,LN-HM-00196,Hypothecation,800000.0
COL-00197,LN-HM-00197,Hypothecation,1000000.0
COL-00198,LN-HM-00198,Mortgage,2490000.0
COL-00199,LN-HM-00199,Mortgage,1420000.0
COL-00200,LN-HM-00200,Mortgage,5200000.0
COL-00201,LN-HM-00201,Mortgage,4380000.0
COL-00202,LN-HM-00202,None,0.0
COL-00203,LN-HM-00203,Mortgage,15350000.0
COL-00204,LN-HM-00204,Hypothecation,410000.0
COL-00205,LN-HM-00205,None,0.0
COL-00206,LN-HM-00206,None,0.0
COL-00207,LN-HM-00207,Mortgage,3450000.0
COL-00208,LN-HM-00208,None,0.0
COL-00209,LN-HM-00209,None,0.0
COL-00210,LN-HM-00210,Mortgage,5070000.0
COL-00211,LN-HM-00211,Mortgage,14690000.0
COL-00212,LN-HM-00212,None,0.0
COL-00213,LN-HM-00213,Mortgage,2900000.0
COL-00214,LN-HM-00214,Mortgage,2230000.0
COL-00215,LN-HM-00215,Mortgage,3450000.0
COL-00216,LN-HM-00216,Mortgage,3930000.0
COL-00217,LN-HM-00217,None,0.0
COL-00218,LN-HM-00218,Mortgage,2670000.0
COL-00219,LN-HM-00219,Hypothecation,1560000.0
COL-00220,LN-HM-00220,Mortgage,2720000.0
COL-00221,LN-HM-00221,Mortgage,1350000.0
COL-00222,LN-HM-00222,Mortgage,3650000.0
COL-00223,LN-HM-00223,Mortgage,3980000.0
COL-00224,LN-HM-00224,None,0.0
COL-00225,LN-HM-00225,Mortgage,4640000.0
COL-00226,LN-HM-00226,Mortgage,7270000.0
COL-00227,LN-HM-00227,None,0.0
COL-00228,LN-HM-00228,Mortgage,6870000.0
COL-00229,LN-HM-00229,None,0.0
COL-00230,LN-HM-00230,Mortgage,7620000.0
COL-00231,LN-HM-00231,Mortgage,6570000.0
COL-00232,LN-HM-00232,Hypothecation,1920000.0
COL-00233,LN-HM-00233,Mortgage,11930000.0
COL-00234,LN-HM-00234,Mortgage,2290000.0
COL-00235,LN-HM-00235,None,0.0
COL-00236,LN-HM-00236,Mortgage,10030000.0
COL-00237,LN-HM-00237,None,0.0
COL-00238,LN-HM-00238,Mortgage,12060000.0
COL-00239,LN-HM-00239,Mortgage,3680000.0
COL-00240,LN-HM-00240,None,0.0
COL-00241,LN-HM-00241,Mortgage,5770000.0
COL-00242,LN-HM-00242,Mortgage,1930000.0
COL-00243,LN-HM-00243,Mortgage,6280000.0
COL-00244,LN-HM-00244,Mortgage,6760000.0
COL-00245,LN-HM-00245,Mortgage,5130000.0
COL-00246,LN-HM-00246,None,0.0
COL-00247,LN-HM-00247,Mortgage,3390000.0
COL-00248,LN-HM-00248,None,0.0
COL-00249,LN-HM-00249,Hypothecation,3510000.0
COL-00250,LN-HM-00250,Mortgage,10180000.0
COL-00251,LN-HM-00251,Mortgage,6860000.0
COL-00252,LN-HM-00252,Mortgage,3530000.0
COL-00253,LN-HM-00253,Mortgage,4250000.0
COL-00254,LN-HM-00254,Mortgage,2840000.0
COL-00255,LN-HM-00255,None,0.0
COL-00256,LN-HM-00256,None,0.0
COL-00257,LN-HM-00257,Mortgage,3810000.0
COL-00258,LN-HM-00258,Hypothecation,1720000.0
COL-00259,LN-HM-00259,Mortgage,2350000.0
COL-00260,LN-HM-00260,Hypothecation,2220000.0
COL-00261,LN-HM-00261,Mortgage,4570000.0
COL-00262,LN-HM-00262,Mortgage,5620000.0
COL-00263,LN-HM-00263,Hypothecation,820000.0
COL-00264,LN-HM-00264,Mortgage,8670000.0
COL-00265,LN-HM-00265,Hypothecation,1090000.0
COL-00266,LN-HM-00266,Hypothecation,490000.0
COL-00267,LN-HM-00267,None,0.0
COL-00268,LN-HM-00268,None,0.0
COL-00269,LN-HM-00269,Mortgage,1670000.0
COL-00270,LN-HM-00270,Hypothecation,3840000.0
COL-00271,LN-HM-00271,Hypothecation,820000.0
COL-00272,LN-HM-00272,Hypothecation,1900000.0
COL-00273,LN-HM-00273,Mortgage,6550000.0
COL-00274,LN-HM-00274,Mortgage,5010000.0
COL-00275,LN-HM-00275,Mortgage,21050000.0
COL-00276,LN-HM-00276,Mortgage,25820000.0
COL-00277,LN-HM-00277,Mortgage,10900000.0
COL-00278,LN-HM-00278,Hypothecation,520000.0
COL-00279,LN-HM-00279,Mortgage,8600000.0
COL-00280,LN-HM-00280,Mortgage,1510000.0
COL-00281,LN-HM-00281,Hypothecation,2680000.0
COL-00282,LN-HM-00282,None,0.0
COL-00283,LN-HM-00283,None,0.0
COL-00284,LN-HM-00284,Hypothecation,2840000.0
COL-00285,LN-HM-00285,Mortgage,6510000.0
COL-00286,LN-HM-00286,Hypothecation,490000.0
COL-00287,LN-HM-00287,Hypothecation,1440000.0
COL-00288,LN-HM-00288,Mortgage,7230000.0
COL-00289,LN-HM-00289,None,0.0
COL-00290,LN-HM-00290,Mortgage,3540000.0
COL-00291,LN-HM-00291,None,0.0
COL-00292,LN-HM-00292,Mortgage,8860000.0
COL-00293,LN-HM-00293,Mortgage,4250000.0
COL-00294,LN-HM-00294,Mortgage,8460000.0
COL-00295,LN-HM-00295,Hypothecation,1170000.0
COL-00296,LN-HM-00296,None,0.0
COL-00297,LN-HM-00297,None,0.0
COL-00298,LN-HM-00298,None,0.0
COL-00299,LN-HM-00299,Mortgage,2860000.0
COL-00300,LN-HM-00300,None,0.0
COL-00301,LN-HM-00301,None,0.0
COL-00302,LN-HM-00302,Hypothecation,1280000.0
COL-00303,LN-HM-00303,None,0.0
COL-00304,LN-HM-00304,None,0.0
COL-00305,LN-HM-00305,Mortgage,7580000.0
COL-00306,LN-HM-00306,Hypothecation,3820000.0
COL-00307,LN-HM-00307,None,0.0
COL-00308,LN-HM-00308,Mortgage,17930000.0
COL-00309,LN-HM-00309,None,0.0
COL-00310,LN-HM-00310,Mortgage,3650000.0
COL-00311,LN-HM-00311,Mortgage,4380000.0
COL-00312,LN-HM-00312,Mortgage,2140000.0
COL-00313,LN-HM-00313,Mortgage,4610000.0
COL-00314,LN-HM-00314,None,0.0
COL-00315,LN-HM-00315,Mortgage,1380000.0
COL-00316,LN-HM-00316,Hypothecation,470000.0
COL-00317,LN-HM-00317,Hypothecation,1150000.0
COL-00318,LN-HM-00318,Mortgage,4900000.0
COL-00319,LN-HM-00319,None,0.0
COL-00320,LN-HM-00320,Mortgage,4140000.0
COL-00321,LN-HM-00321,Mortgage,3930000.0
COL-00322,LN-HM-00322,None,0.0
COL-00323,LN-HM-00323,Mortgage,1390000.0
COL-00324,LN-HM-00324,Mortgage,4090000.0
COL-00325,LN-HM-00325,Mortgage,2730000.0
COL-00326,LN-HM-00326,Mortgage,10880000.0
COL-00327,LN-HM-00327,Hypothecation,520000.0
COL-00328,LN-HM-00328,None,0.0
COL-00329,LN-HM-00329,None,0.0
COL-00330,LN-HM-00330,Mortgage,3350000.0
COL-00331,LN-HM-00331,Hypothecation,1050000.0
COL-00332,LN-HM-00332,Hypothecation,700000.0
COL-00333,LN-HM-00333,Hypothecation,1280000.0
COL-00334,LN-HM-00334,Mortgage,2060000.0
COL-00335,LN-HM-00335,Mortgage,11820000.0
COL-00336,LN-HM-00336,Hypothecation,2040000.0
COL-00337,LN-HM-00337,None,0.0
COL-00338,LN-HM-00338,Mortgage,7490000.0
COL-00339,LN-HM-00339,Mortgage,5000000.0
COL-00340,LN-HM-00340,Mortgage,10490000.0
COL-00341,LN-HM-00341,Mortgage,4590000.0
COL-00342,LN-HM-00342,None,0.0
COL-00343,LN-HM-00343,Mortgage,2250000.0
COL-00344,LN-HM-00344,None,0.0
COL-00345,LN-HM-00345,None,0.0
COL-00346,LN-HM-00346,Mortgage,2420000.0
COL-00347,LN-HM-00347,Mortgage,2160000.0
COL-00348,LN-HM-00348,None,0.0
COL-00349,LN-HM-00349,Mortgage,9460000.0
COL-00350,LN-HM-00350,Hypothecation,1700000.0
COL-00351,LN-HM-00351,Mortgage,2030000.0
COL-00352,LN-HM-00352,Mortgage,3810000.0
COL-00353,LN-HM-00353,Mortgage,7730000.0
COL-00354,LN-HM-00354,Mortgage,3940000.0
COL-00355,LN-HM-00355,None,0.0
COL-00356,LN-HM-00356,Mortgage,2200000.0
COL-00357,LN-HM-00357,Mortgage,3270000.0
COL-00358,LN-HM-00358,None,0.0
COL-00359,LN-HM-00359,Mortgage,3750000.0
COL-00360,LN-HM-00360,Hypothecation,1130000.0
COL-00361,LN-HM-00361,Mortgage,3180000.0
COL-00362,LN-HM-00362,None,0.0
COL-00363,LN-HM-00363,Mortgage,5810000.0
COL-00364,LN-HM-00364,None,0.0
COL-00365,LN-HM-00365,Mortgage,13680000.0
COL-00366,LN-HM-00366,Mortgage,2850000.0
COL-00367,LN-HM-00367,None,0.0
COL-00368,LN-HM-00368,Hypothecation,850000.0
COL-00369,LN-HM-00369,Hypothecation,1070000.0
COL-00370,LN-HM-00370,Mortgage,2780000.0
COL-00371,LN-HM-00371,Mortgage,14430000.0
COL-00372,LN-HM-00372,Mortgage,5200000.0
COL-00373,LN-HM-00373,Hypothecation,2480000.0
COL-00374,LN-HM-00374,Hypothecation,1130000.0
COL-00375,LN-HM-00375,Mortgage,14760000.0
COL-00376,LN-HM-00376,Mortgage,1620000.0
COL-00377,LN-HM-00377,None,0.0
COL-00378,LN-HM-00378,Mortgage,1530000.0
COL-00379,LN-HM-00379,None,0.0
COL-00380,LN-HM-00380,Mortgage,7680000.0
COL-00381,LN-HM-00381,Mortgage,6660000.0
COL-00382,LN-HM-00382,None,0.0
COL-00383,LN-HM-00383,Hypothecation,1230000.0
COL-00384,LN-HM-00384,Mortgage,4380000.0
COL-00385,LN-HM-00385,Mortgage,14720000.0
COL-00386,LN-HM-00386,None,0.0
COL-00387,LN-HM-00387,None,0.0
COL-00388,LN-HM-00388,Hypothecation,1060000.0
COL-00389,LN-HM-00389,None,0.0
COL-00390,LN-HM-00390,Mortgage,4960000.0
COL-00391,LN-HM-00391,Mortgage,2130000.0
COL-00392,LN-HM-00392,None,0.0
COL-00393,LN-HM-00393,Hypothecation,3260000.0
COL-00394,LN-HM-00394,Hypothecation,2300000.0
COL-00395,LN-HM-00395,None,0.0
COL-00396,LN-HM-00396,Mortgage,9170000.0
COL-00397,LN-HM-00397,None,0.0
COL-00398,LN-HM-00398,Mortgage,4270000.0
COL-00399,LN-HM-00399,Mortgage,3170000.0
COL-00400,LN-HM-00400,Mortgage,11930000.0
COL-00401,LN-HM-00401,None,0.0
COL-00402,LN-HM-00402,Hypothecation,1660000.0
COL-00403,LN-HM-00403,Hypothecation,820000.0
COL-00404,LN-HM-00404,None,0.0
COL-00405,LN-HM-00405,None,0.0
COL-00406,LN-HM-00406,None,0.0
COL-00407,LN-HM-00407,Mortgage,7560000.0
COL-00408,LN-HM-00408,None,0.0
COL-00409,LN-HM-00409,Mortgage,1760000.0
COL-00410,LN-HM-00410,None,0.0
COL-00411,LN-HM-00411,None,0.0
COL-00412,LN-HM-00412,None,0.0
COL-00413,LN-HM-00413,Hypothecation,470000.0
COL-00414,LN-HM-00414,Mortgage,2080000.0
COL-00415,LN-HM-00415,Hypothecation,2220000.0
COL-00416,LN-HM-00416,None,0.0
COL-00417,LN-HM-00417,Mortgage,4470000.0
COL-00418,LN-HM-00418,Hypothecation,1180000.0
COL-00419,LN-HM-00419,None,0.0
COL-00420,LN-HM-00420,Mortgage,3950000.0
COL-00421,LN-HM-00421,Mortgage,1940000.0
COL-00422,LN-HM-00422,Mortgage,14220000.0
COL-00423,LN-HM-00423,Mortgage,4730000.0
COL-00424,LN-HM-00424,Mortgage,3750000.0
COL-00425,LN-HM-00425,Mortgage,3340000.0
COL-00426,LN-HM-00426,None,0.0
COL-00427,LN-HM-00427,Mortgage,4400000.0
COL-00428,LN-HM-00428,None,0.0
COL-00429,LN-HM-00429,Mortgage,3150000.0
COL-00430,LN-HM-00430,Mortgage,7400000.0
COL-00431,LN-HM-00431,None,0.0
COL-00432,LN-HM-00432,None,0.0
COL-00433,LN-HM-00433,None,0.0
COL-00434,LN-HM-00434,None,0.0
COL-00435,LN-HM-00435,Mortgage,1860000.0
COL-00436,LN-HM-00436,None,0.0
COL-00437,LN-HM-00437,Mortgage,10890000.0
COL-00438,LN-HM-00438,Hypothecation,1660000.0
COL-00439,LN-HM-00439,Mortgage,6630000.0
COL-00440,LN-HM-00440,Mortgage,4430000.0
COL-00441,LN-HM-00441,None,0.0
COL-00442,LN-HM-00442,Mortgage,2230000.0
COL-00443,LN-HM-00443,None,0.0
COL-00444,LN-HM-00444,Mortgage,4390000.0
COL-00445,LN-HM-00445,Mortgage,5150000.0
COL-00446,LN-HM-00446,None,0.0
COL-00447,LN-HM-00447,Hypothecation,620000.0
COL-00448,LN-HM-00448,Mortgage,7110000.0
COL-00449,LN-HM-00449,Mortgage,2670000.0
COL-00450,LN-HM-00450,Hypothecation,1660000.0
COL-00451,LN-HM-00451,None,0.0
COL-00452,LN-HM-00452,Mortgage,6090000.0
COL-00453,LN-HM-00453,Mortgage,3350000.0
COL-00454,LN-HM-00454,Hypothecation,660000.0
COL-00455,LN-HM-00455,Hypothecation,3510000.0
COL-00456,LN-HM-00456,Hypothecation,1340000.0
COL-00457,LN-HM-00457,Mortgage,2450000.0
COL-00458,LN-HM-00458,Hypothecation,2010000.0
COL-00459,LN-HM-00459,Hypothecation,1410000.0
COL-00460,LN-HM-00460,Hypothecation,1250000.0
COL-00461,LN-HM-00461,Mortgage,2060000.0
COL-00462,LN-HM-00462,Mortgage,4420000.0
COL-00463,LN-HM-00463,None,0.0
COL-00464,LN-HM-00464,Hypothecation,1460000.0
COL-00465,LN-HM-00465,None,0.0
COL-00466,LN-HM-00466,Mortgage,2660000.0
COL-00467,LN-HM-00467,Hypothecation,1110000.0
COL-00468,LN-HM-00468,Mortgage,1690000.0
COL-00469,LN-HM-00469,None,0.0
COL-00470,LN-HM-00470,None,0.0
COL-00471,LN-HM-00471,None,0.0
COL-00472,LN-HM-00472,Mortgage,3100000.0
COL-00473,LN-HM-00473,None,0.0
COL-00474,LN-HM-00474,Mortgage,1600000.0
COL-00475,LN-HM-00475,Mortgage,6000000.0
COL-00476,LN-HM-00476,None,0.0
COL-00477,LN-HM-00477,None,0.0
COL-00478,LN-HM-00478,None,0.0
COL-00479,LN-HM-00479,Hypothecation,820000.0
COL-00480,LN-HM-00480,Mortgage,13930000.0
COL-00481,LN-HM-00481,Mortgage,2610000.0
COL-00482,LN-HM-00482,Mortgage,3750000.0
COL-00483,LN-HM-00483,None,0.0
COL-00484,LN-HM-00484,Mortgage,3380000.0
COL-00485,LN-HM-00485,None,0.0
COL-00486,LN-HM-00486,None,0.0
COL-00487,LN-HM-00487,Mortgage,4130000.0
COL-00488,LN-HM-00488,Mortgage,3360000.0
COL-00489,LN-HM-00489,Mortgage,3360000.0
COL-00490,LN-HM-00490,Hypothecation,990000.0
COL-00491,LN-HM-00491,None,0.0
COL-00492,LN-HM-00492,Mortgage,2320000.0
COL-00493,LN-HM-00493,Mortgage,6690000.0
COL-00494,LN-HM-00494,Mortgage,8720000.0
COL-00495,LN-HM-00495,Hypothecation,800000.0
COL-00496,LN-HM-00496,Mortgage,1700000.0
COL-00497,LN-HM-00497,Mortgage,2770000.0
COL-00498,LN-HM-00498,Hypothecation,2900000.0
COL-00499,LN-HM-00499,Hypothecation,750000.0
COL-00500,LN-HM-00500,None,0.0
COL-00501,LN-HM-00501,None,0.0
COL-00502,LN-HM-00502,None,0.0
COL-00503,LN-HM-00503,Hypothecation,5550000.0
COL-00504,LN-HM-00504,Mortgage,9400000.0
COL-00505,LN-HM-00505,Hypothecation,700000.0
COL-00506,LN-HM-00506,Mortgage,1360000.0
COL-00507,LN-HM-00507,Mortgage,3550000.0
COL-00508,LN-HM-00508,None,0.0
COL-00509,LN-HM-00509,Mortgage,5530000.0
COL-00510,LN-HM-00510,None,0.0
COL-00511,LN-HM-00511,None,0.0
COL-00512,LN-HM-00512,Hypothecation,1880000.0
COL-00513,LN-HM-00513,None,0.0
COL-00514,LN-HM-00514,Mortgage,3980000.0
COL-00515,LN-HM-00515,Mortgage,6260000.0
COL-00516,LN-HM-00516,None,0.0
COL-00517,LN-HM-00517,Mortgage,2900000.0
COL-00518,LN-HM-00518,Mortgage,3860000.0
COL-00519,LN-HM-00519,Mortgage,5200000.0
COL-00520,LN-HM-00520,Mortgage,3460000.0
COL-00521,LN-HM-00521,Mortgage,7050000.0
COL-00522,LN-HM-00522,Hypothecation,1170000.0
COL-00523,LN-HM-00523,Mortgage,4900000.0
COL-00524,LN-HM-00524,None,0.0
COL-00525,LN-HM-00525,Mortgage,4340000.0
COL-00526,LN-HM-00526,Mortgage,2470000.0
COL-00527,LN-HM-00527,Mortgage,4230000.0
COL-00528,LN-HM-00528,Mortgage,1340000.0
COL-00529,LN-HM-00529,Mortgage,7120000.0
COL-00530,LN-HM-00530,None,0.0
COL-00531,LN-HM-00531,Mortgage,10090000.0
COL-00532,LN-HM-00532,Mortgage,12270000.0
COL-00533,LN-HM-00533,Mortgage,7300000.0
COL-00534,LN-HM-00534,Mortgage,1910000.0
COL-00535,LN-HM-00535,None,0.0
COL-00536,LN-HM-00536,Mortgage,2770000.0
COL-00537,LN-HM-00537,Mortgage,2990000.0
COL-00538,LN-HM-00538,Mortgage,8180000.0
COL-00539,LN-HM-00539,None,0.0
COL-00540,LN-HM-00540,None,0.0
COL-00541,LN-HM-00541,None,0.0
COL-00542,LN-HM-00542,Mortgage,2430000.0
COL-00543,LN-HM-00543,Hypothecation,1550000.0
COL-00544,LN-HM-00544,None,0.0
COL-00545,LN-HM-00545,Mortgage,2780000.0
COL-00546,LN-HM-00546,None,0.0
COL-00547,LN-HM-00547,Hypothecation,480000.0
COL-00548,LN-HM-00548,Mortgage,2560000.0
COL-00549,LN-HM-00549,Mortgage,2740000.0
COL-00550,LN-HM-00550,None,0.0
COL-00551,LN-HM-00551,None,0.0
COL-00552,LN-HM-00552,Mortgage,2460000.0
COL-00553,LN-HM-00553,Mortgage,11230000.0
COL-00554,LN-HM-00554,Mortgage,3430000.0
COL-00555,LN-HM-00555,None,0.0
COL-00556,LN-HM-00556,None,0.0
COL-00557,LN-HM-00557,None,0.0
COL-00558,LN-HM-00558,Mortgage,2500000.0
COL-00559,LN-HM-00559,None,0.0
COL-00560,LN-HM-00560,Mortgage,2300000.0
COL-00561,LN-HM-00561,None,0.0
COL-00562,LN-HM-00562,Hypothecation,2630000.0
COL-00563,LN-HM-00563,Hypothecation,1890000.0
COL-00564,LN-HM-00564,Mortgage,1900000.0
COL-00565,LN-HM-00565,None,0.0
COL-00566,LN-HM-00566,Mortgage,7810000.0
COL-00567,LN-HM-00567,Hypothecation,1800000.0
COL-00568,LN-HM-00568,Mortgage,5080000.0
COL-00569,LN-HM-00569,Mortgage,3480000.0
COL-00570,LN-HM-00570,None,0.0
COL-00571,LN-HM-00571,Mortgage,6260000.0
COL-00572,LN-HM-00572,Mortgage,4190000.0
COL-00573,LN-HM-00573,Mortgage,5110000.0
COL-00574,LN-HM-00574,None,0.0
COL-00575,LN-HM-00575,None,0.0
COL-00576,LN-HM-00576,None,0.0
COL-00577,LN-HM-00577,Mortgage,4590000.0
COL-00578,LN-HM-00578,Hypothecation,1590000.0
COL-00579,LN-HM-00579,None,0.0
COL-00580,LN-HM-00580,None,0.0
COL-00581,LN-HM-00581,Mortgage,7520000.0
COL-00582,LN-HM-00582,Hypothecation,1050000.0
COL-00583,LN-HM-00583,Mortgage,13330000.0
COL-00584,LN-HM-00584,Hypothecation,2270000.0
COL-00585,LN-HM-00585,Hypothecation,770000.0
COL-00586,LN-HM-00586,None,0.0
COL-00587,LN-HM-00587,Hypothecation,1090000.0
COL-00588,LN-HM-00588,None,0.0
COL-00589,LN-HM-00589,Mortgage,3510000.0
COL-00590,LN-HM-00590,None,0.0
COL-00591,LN-HM-00591,Mortgage,2920000.0
COL-00592,LN-HM-00592,None,0.0
COL-00593,LN-HM-00593,Mortgage,3030000.0
COL-00594,LN-HM-00594,None,0.0
COL-00595,LN-HM-00595,Mortgage,5570000.0
COL-00596,LN-HM-00596,Hypothecation,5010000.0
COL-00597,LN-HM-00597,None,0.0
COL-00598,LN-HM-00598,None,0.0
COL-00599,LN-HM-00599,None,0.0
COL-00600,LN-HM-00600,Mortgage,2760000.0
COL-00601,LN-HM-00601,Hypothecation,1880000.0
COL-00602,LN-HM-00602,Mortgage,4890000.0
COL-00603,LN-HM-00603,Mortgage,4020000.0
COL-00604,LN-HM-00604,None,0.0
COL-00605,LN-HM-00605,Mortgage,3210000.0
COL-00606,LN-HM-00606,Hypothecation,2310000.0
COL-00607,LN-HM-00607,None,0.0
COL-00608,LN-HM-00608,Mortgage,3130000.0
COL-00609,LN-HM-00609,Hypothecation,1020000.0
COL-00610,LN-HM-00610,Mortgage,2220000.0
COL-00611,LN-HM-00611,Mortgage,3030000.0
COL-00612,LN-HM-00612,Mortgage,3630000.0
COL-00613,LN-HM-00613,Mortgage,2780000.0
COL-00614,LN-HM-00614,Mortgage,1750000.0
COL-00615,LN-HM-00615,Mortgage,3030000.0
COL-00616,LN-HM-00616,Hypothecation,1970000.0
COL-00617,LN-HM-00617,None,0.0
COL-00618,LN-HM-00618,None,0.0
COL-00619,LN-HM-00619,Mortgage,13590000.0
COL-00620,LN-HM-00620,None,0.0
COL-00621,LN-HM-00621,Mortgage,1320000.0
COL-00622,LN-HM-00622,Mortgage,3920000.0
COL-00623,LN-HM-00623,Mortgage,2010000.0
COL-00624,LN-HM-00624,None,0.0
COL-00625,LN-HM-00625,None,0.0
COL-00626,LN-HM-00626,Mortgage,2070000.0
COL-00627,LN-HM-00627,Hypothecation,2110000.0
COL-00628,LN-HM-00628,None,0.0
COL-00629,LN-HM-00629,None,0.0
COL-00630,LN-HM-00630,Mortgage,6780000.0
COL-00631,LN-HM-00631,Mortgage,1420000.0
COL-00632,LN-HM-00632,Mortgage,11450000.0
COL-00633,LN-HM-00633,Mortgage,4590000.0
COL-00634,LN-HM-00634,Hypothecation,1130000.0
COL-00635,LN-HM-00635,None,0.0
COL-00636,LN-HM-00636,Hypothecation,840000.0
COL-00637,LN-HM-00637,None,0.0
COL-00638,LN-HM-00638,Mortgage,3180000.0
COL-00639,LN-HM-00639,Mortgage,6870000.0
COL-00640,LN-HM-00640,None,0.0
COL-00641,LN-HM-00641,Hypothecation,820000.0
COL-00642,LN-HM-00642,Hypothecation,1780000.0
COL-00643,LN-HM-00643,None,0.0
COL-00644,LN-HM-00644,Mortgage,1260000.0
COL-00645,LN-HM-00645,Hypothecation,2320000.0
COL-00646,LN-HM-00646,Mortgage,2730000.0
COL-00647,LN-HM-00647,None,0.0
COL-00648,LN-HM-00648,Mortgage,1480000.0
COL-00649,LN-HM-00649,None,0.0
COL-00650,LN-HM-00650,Mortgage,9630000.0
COL-00651,LN-HM-00651,None,0.0
COL-00652,LN-HM-00652,Mortgage,3560000.0
COL-00653,LN-HM-00653,Mortgage,4450000.0
COL-00654,LN-HM-00654,Mortgage,4240000.0
COL-00655,LN-HM-00655,Mortgage,5390000.0
COL-00656,LN-HM-00656,Mortgage,1900000.0
COL-00657,LN-HM-00657,None,0.0
COL-00658,LN-HM-00658,Mortgage,4980000.0
COL-00659,LN-HM-00659,None,0.0
COL-00660,LN-HM-00660,None,0.0
COL-00661,LN-HM-00661,Hypothecation,1710000.0
COL-00662,LN-HM-00662,None,0.0
COL-00663,LN-HM-00663,None,0.0
COL-00664,LN-HM-00664,None,0.0
COL-00665,LN-HM-00665,Mortgage,1920000.0
COL-00666,LN-HM-00666,Hypothecation,1980000.0
COL-00667,LN-HM-00667,None,0.0
COL-00668,LN-HM-00668,Mortgage,6760000.0
COL-00669,LN-HM-00669,None,0.0
COL-00670,LN-HM-00670,Mortgage,3320000.0
COL-00671,LN-HM-00671,Hypothecation,1130000.0
COL-00672,LN-HM-00672,Mortgage,4790000.0
COL-00673,LN-HM-00673,Mortgage,2920000.0
COL-00674,LN-HM-00674,Mortgage,1590000.0
COL-00675,LN-HM-00675,Hypothecation,1180000.0
COL-00676,LN-HM-00676,None,0.0
COL-00677,LN-HM-00677,Mortgage,2000000.0
COL-00678,LN-HM-00678,None,0.0
COL-00679,LN-HM-00679,Hypothecation,990000.0
COL-00680,LN-HM-00680,Hypothecation,1120000.0
COL-00681,LN-HM-00681,None,0.0
COL-00682,LN-HM-00682,Hypothecation,2310000.0
COL-00683,LN-HM-00683,Hypothecation,1520000.0
COL-00684,LN-HM-00684,Mortgage,8270000.0
COL-00685,LN-HM-00685,None,0.0
COL-00686,LN-HM-00686,Mortgage,8830000.0
COL-00687,LN-HM-00687,None,0.0
COL-00688,LN-HM-00688,Mortgage,4020000.0
COL-00689,LN-HM-00689,Mortgage,3150000.0
COL-00690,LN-HM-00690,None,0.0
COL-00691,LN-HM-00691,Hypothecation,1240000.0
COL-00692,LN-HM-00692,Mortgage,3740000.0
COL-00693,LN-HM-00693,Hypothecation,5650000.0
COL-00694,LN-HM-00694,None,0.0
COL-00695,LN-HM-00695,Mortgage,6120000.0
COL-00696,LN-HM-00696,Mortgage,4440000.0
COL-00697,LN-HM-00697,None,0.0
COL-00698,LN-HM-00698,Mortgage,2190000.0
COL-00699,LN-HM-00699,Mortgage,3500000.0
COL-00700,LN-HM-00700,Mortgage,3610000.0
COL-00701,LN-HM-00701,Mortgage,5580000.0
COL-00702,LN-HM-00702,None,0.0
COL-00703,LN-HM-00703,None,0.0
COL-00704,LN-HM-00704,Mortgage,1680000.0
COL-00705,LN-HM-00705,None,0.0
COL-00706,LN-HM-00706,Hypothecation,1610000.0
COL-00707,LN-HM-00707,Hypothecation,570000.0
COL-00708,LN-HM-00708,Mortgage,7560000.0
COL-00709,LN-HM-00709,Mortgage,3740000.0
COL-00710,LN-HM-00710,Mortgage,7290000.0
COL-00711,LN-HM-00711,None,0.0
COL-00712,LN-HM-00712,Mortgage,1370000.0
COL-00713,LN-HM-00713,Mortgage,3660000.0
COL-00714,LN-HM-00714,Hypothecation,1230000.0
COL-00715,LN-HM-00715,Mortgage,4040000.0
COL-00716,LN-HM-00716,Hypothecation,980000.0
COL-00717,LN-HM-00717,Mortgage,9940000.0
COL-00718,LN-HM-00718,None,0.0
COL-00719,LN-HM-00719,Hypothecation,1100000.0
COL-00720,LN-HM-00720,Mortgage,3910000.0
COL-00721,LN-HM-00721,Hypothecation,1150000.0
COL-00722,LN-HM-00722,Hypothecation,2690000.0
COL-00723,LN-HM-00723,Hypothecation,2170000.0
COL-00724,LN-HM-00724,Mortgage,11090000.0
COL-00725,LN-HM-00725,None,0.0
COL-00726,LN-HM-00726,Hypothecation,630000.0
COL-00727,LN-HM-00727,Mortgage,1470000.0
COL-00728,LN-HM-00728,Hypothecation,3520000.0
COL-00729,LN-HM-00729,Mortgage,6210000.0
COL-00730,LN-HM-00730,Hypothecation,3130000.0
COL-00731,LN-HM-00731,None,0.0
COL-00732,LN-HM-00732,Mortgage,2940000.0
COL-00733,LN-HM-00733,None,0.0
COL-00734,LN-HM-00734,Mortgage,2810000.0
COL-00735,LN-HM-00735,Mortgage,5460000.0
COL-00736,LN-HM-00736,Mortgage,15710000.0
COL-00737,LN-HM-00737,None,0.0
COL-00738,LN-HM-00738,None,0.0
COL-00739,LN-HM-00739,Mortgage,2870000.0
COL-00740,LN-HM-00740,Mortgage,1970000.0
COL-00741,LN-HM-00741,Mortgage,6140000.0
COL-00742,LN-HM-00742,None,0.0
COL-00743,LN-HM-00743,Mortgage,8100000.0
COL-00744,LN-HM-00744,None,0.0
COL-00745,LN-HM-00745,Mortgage,3980000.0
COL-00746,LN-HM-00746,None,0.0
COL-00747,LN-HM-00747,Mortgage,2010000.0
COL-00748,LN-HM-00748,Hypothecation,1230000.0
COL-00749,LN-HM-00749,None,0.0
COL-00750,LN-HM-00750,Hypothecation,410000.0
COL-00751,LN-HM-00751,Mortgage,3400000.0
COL-00752,LN-HM-00752,Hypothecation,2180000.0
COL-00753,LN-HM-00753,Hypothecation,3650000.0
COL-00754,LN-HM-00754,Mortgage,2970000.0
COL-00755,LN-HM-00755,None,0.0
COL-00756,LN-HM-00756,Mortgage,2170000.0
COL-00757,LN-HM-00757,None,0.0
COL-00758,LN-HM-00758,Hypothecation,1740000.0
COL-00759,LN-HM-00759,Mortgage,5070000.0
COL-00760,LN-HM-00760,Mortgage,1750000.0
COL-00761,LN-HM-00761,None,0.0
COL-00762,LN-HM-00762,Mortgage,1380000.0
COL-00763,LN-HM-00763,None,0.0
COL-00764,LN-HM-00764,Mortgage,5340000.0
COL-00765,LN-HM-00765,None,0.0
COL-00766,LN-HM-00766,None,0.0
COL-00767,LN-HM-00767,None,0.0
COL-00768,LN-HM-00768,Mortgage,3950000.0
COL-00769,LN-HM-00769,None,0.0
COL-00770,LN-HM-00770,Mortgage,2050000.0
COL-00771,LN-HM-00771,None,0.0
COL-00772,LN-HM-00772,Hypothecation,4410000.0
COL-00773,LN-HM-00773,None,0.0
COL-00774,LN-HM-00774,Mortgage,1970000.0
COL-00775,LN-HM-00775,None,0.0
COL-00776,LN-HM-00776,Mortgage,4040000.0
COL-00777,LN-HM-00777,Hypothecation,1860000.0
COL-00778,LN-HM-00778,Mortgage,1230000.0
COL-00779,LN-HM-00779,Hypothecation,1330000.0
COL-00780,LN-HM-00780,Mortgage,2500000.0
COL-00781,LN-HM-00781,Mortgage,5520000.0
COL-00782,LN-HM-00782,None,0.0
COL-00783,LN-HM-00783,Mortgage,4900000.0
COL-00784,LN-HM-00784,Mortgage,8020000.0
COL-00785,LN-HM-00785,None,0.0
COL-00786,LN-HM-00786,Mortgage,1440000.0
COL-00787,LN-HM-00787,Mortgage,3830000.0
COL-00788,LN-HM-00788,Mortgage,5160000.0
COL-00789,LN-HM-00789,None,0.0
COL-00790,LN-HM-00790,Mortgage,1970000.0
COL-00791,LN-HM-00791,None,0.0
COL-00792,LN-HM-00792,None,0.0
COL-00793,LN-HM-00793,None,0.0
COL-00794,LN-HM-00794,Mortgage,4670000.0
COL-00795,LN-HM-00795,Hypothecation,660000.0
COL-00796,LN-HM-00796,Mortgage,4870000.0
COL-00797,LN-HM-00797,Mortgage,4850000.0
COL-00798,LN-HM-00798,Mortgage,2000000.0
COL-00799,LN-HM-00799,Hypothecation,890000.0
COL-00800,LN-HM-00800,Hypothecation,360000.0
COL-00801,LN-HM-00801,Mortgage,7510000.0
COL-00802,LN-HM-00802,Mortgage,1620000.0
COL-00803,LN-HM-00803,Mortgage,4640000.0
COL-00804,LN-HM-00804,Mortgage,2200000.0
COL-00805,LN-HM-00805,None,0.0
COL-00806,LN-HM-00806,None,0.0
COL-00807,LN-HM-00807,Hypothecation,3000000.0
COL-00808,LN-HM-00808,Mortgage,16440000.0
COL-00809,LN-HM-00809,Hypothecation,690000.0
COL-00810,LN-HM-00810,Mortgage,2390000.0
COL-00811,LN-HM-00811,Mortgage,12590000.0
COL-00812,LN-HM-00812,Mortgage,3100000.0
COL-00813,LN-HM-00813,None,0.0
COL-00814,LN-HM-00814,Mortgage,1810000.0
COL-00815,LN-HM-00815,None,0.0
COL-00816,LN-HM-00816,Mortgage,9780000.0
COL-00817,LN-HM-00817,None,0.0
COL-00818,LN-HM-00818,Mortgage,5950000.0
COL-00819,LN-HM-00819,None,0.0
COL-00820,LN-HM-00820,None,0.0
COL-00821,LN-HM-00821,None,0.0
COL-00822,LN-HM-00822,Hypothecation,1750000.0
COL-00823,LN-HM-00823,Hypothecation,1970000.0
COL-00824,LN-HM-00824,Mortgage,7490000.0
COL-00825,LN-HM-00825,Mortgage,2690000.0
COL-00826,LN-HM-00826,None,0.0
COL-00827,LN-HM-00827,None,0.0
COL-00828,LN-HM-00828,Hypothecation,1800000.0
COL-00829,LN-HM-00829,Mortgage,12180000.0
COL-00830,LN-HM-00830,Hypothecation,440000.0
COL-00831,LN-HM-00831,None,0.0
COL-00832,LN-HM-00832,Mortgage,3600000.0
COL-00833,LN-HM-00833,Hypothecation,1180000.0
COL-00834,LN-HM-00834,None,0.0
COL-00835,LN-HM-00835,Hypothecation,690000.0
COL-00836,LN-HM-00836,Mortgage,3710000.0
COL-00837,LN-HM-00837,Mortgage,5150000.0
COL-00838,LN-HM-00838,Hypothecation,1950000.0
COL-00839,LN-HM-00839,Mortgage,4380000.0
COL-00840,LN-HM-00840,Hypothecation,1370000.0
COL-00841,LN-HM-00841,None,0.0
COL-00842,LN-HM-00842,Mortgage,14110000.0
COL-00843,LN-HM-00843,Mortgage,9090000.0
COL-00844,LN-HM-00844,None,0.0
COL-00845,LN-HM-00845,None,0.0
COL-00846,LN-HM-00846,Mortgage,5730000.0
COL-00847,LN-HM-00847,Mortgage,14230000.0
COL-00848,LN-HM-00848,Mortgage,2580000.0
COL-00849,LN-HM-00849,Hypothecation,960000.0
COL-00850,LN-HM-00850,Hypothecation,1920000.0
COL-00851,LN-HM-00851,Mortgage,4300000.0
COL-00852,LN-HM-00852,None,0.0
COL-00853,LN-HM-00853,None,0.0
COL-00854,LN-HM-00854,Mortgage,10090000.0
COL-00855,LN-HM-00855,None,0.0
COL-00856,LN-HM-00856,Mortgage,2890000.0
COL-00857,LN-HM-00857,Hypothecation,960000.0
COL-00858,LN-HM-00858,Mortgage,6130000.0
COL-00859,LN-HM-00859,Hypothecation,1120000.0
COL-00860,LN-HM-00860,Mortgage,7460000.0
COL-00861,LN-HM-00861,Hypothecation,1460000.0
COL-00862,LN-HM-00862,Mortgage,8740000.0
COL-00863,LN-HM-00863,None,0.0
COL-00864,LN-HM-00864,Mortgage,2700000.0
COL-00865,LN-HM-00865,None,0.0
COL-00866,LN-HM-00866,Hypothecation,990000.0
COL-00867,LN-HM-00867,None,0.0
COL-00868,LN-HM-00868,Mortgage,1480000.0
COL-00869,LN-HM-00869,Mortgage,3010000.0
COL-00870,LN-HM-00870,Mortgage,4650000.0
COL-00871,LN-HM-00871,None,0.0
COL-00872,LN-HM-00872,Mortgage,3740000.0
COL-00873,LN-HM-00873,Mortgage,5380000.0
COL-00874,LN-HM-00874,None,0.0
COL-00875,LN-HM-00875,Hypothecation,620000.0
COL-00876,LN-HM-00876,None,0.0
COL-00877,LN-HM-00877,Mortgage,5610000.0
COL-00878,LN-HM-00878,None,0.0
COL-00879,LN-HM-00879,Hypothecation,870000.0
COL-00880,LN-HM-00880,Hypothecation,790000.0
COL-00881,LN-HM-00881,None,0.0
COL-00882,LN-HM-00882,Mortgage,2900000.0
COL-00883,LN-HM-00883,Mortgage,2550000.0
COL-00884,LN-HM-00884,Hypothecation,3330000.0
COL-00885,LN-HM-00885,Mortgage,5330000.0
COL-00886,LN-HM-00886,Mortgage,11210000.0
COL-00887,LN-HM-00887,None,0.0
COL-00888,LN-HM-00888,None,0.0
COL-00889,LN-HM-00889,Hypothecation,640000.0
COL-00890,LN-HM-00890,Hypothecation,1340000.0
COL-00891,LN-HM-00891,None,0.0
COL-00892,LN-HM-00892,None,0.0
COL-00893,LN-HM-00893,Mortgage,3590000.0
COL-00894,LN-HM-00894,Mortgage,3930000.0
COL-00895,LN-HM-00895,Mortgage,4150000.0
COL-00896,LN-HM-00896,None,0.0
COL-00897,LN-HM-00897,Hypothecation,3820000.0
COL-00898,LN-HM-00898,Mortgage,3020000.0
COL-00899,LN-HM-00899,Hypothecation,1990000.0
COL-00900,LN-HM-00900,Mortgage,1800000.0
COL-00901,LN-HM-00901,Mortgage,2760000.0
COL-00902,LN-HM-00902,Mortgage,3220000.0
COL-00903,LN-HM-00903,None,0.0
COL-00904,LN-HM-00904,Mortgage,5670000.0
COL-00905,LN-HM-00905,None,0.0
COL-00906,LN-HM-00906,Hypothecation,1510000.0
COL-00907,LN-HM-00907,Hypothecation,520000.0
COL-00908,LN-HM-00908,Hypothecation,600000.0
COL-00909,LN-HM-00909,None,0.0
COL-00910,LN-HM-00910,Mortgage,1380000.0
COL-00911,LN-HM-00911,Mortgage,5990000.0
COL-00912,LN-HM-00912,None,0.0
COL-00913,LN-HM-00913,None,0.0
COL-00914,LN-HM-00914,Mortgage,5410000.0
COL-00915,LN-HM-00915,Mortgage,3380000.0
COL-00916,LN-HM-00916,Mortgage,6960000.0
COL-00917,LN-HM-00917,Mortgage,5380000.0
COL-00918,LN-HM-00918,None,0.0
COL-00919,LN-HM-00919,Mortgage,3880000.0
COL-00920,LN-HM-00920,None,0.0
COL-00921,LN-HM-00921,None,0.0
COL-00922,LN-HM-00922,Hypothecation,5170000.0
COL-00923,LN-HM-00923,Mortgage,4470000.0
COL-00924,LN-HM-00924,Mortgage,1700000.0
COL-00925,LN-HM-00925,Mortgage,3360000.0
COL-00926,LN-HM-00926,Hypothecation,2280000.0
COL-00927,LN-HM-00927,Mortgage,8750000.0
COL-00928,LN-HM-00928,Mortgage,1710000.0
COL-00929,LN-HM-00929,Hypothecation,520000.0
COL-00930,LN-HM-00930,None,0.0
COL-00931,LN-HM-00931,Mortgage,4140000.0
COL-00932,LN-HM-00932,Mortgage,2030000.0
COL-00933,LN-HM-00933,Mortgage,2380000.0
COL-00934,LN-HM-00934,None,0.0
COL-00935,LN-HM-00935,Hypothecation,2220000.0
COL-00936,LN-HM-00936,Hypothecation,770000.0
COL-00937,LN-HM-00937,Mortgage,3590000.0
COL-00938,LN-HM-00938,Mortgage,2970000.0
COL-00939,LN-HM-00939,Mortgage,1100000.0
COL-00940,LN-HM-00940,None,0.0
COL-00941,LN-HM-00941,Mortgage,8290000.0
COL-00942,LN-HM-00942,None,0.0
COL-00943,LN-HM-00943,None,0.0
COL-00944,LN-HM-00944,None,0.0
COL-00945,LN-HM-00945,Mortgage,5440000.0
COL-00946,LN-HM-00946,None,0.0
COL-00947,LN-HM-00947,None,0.0
COL-00948,LN-HM-00948,Hypothecation,520000.0
COL-00949,LN-HM-00949,None,0.0
COL-00950,LN-HM-00950,Mortgage,4990000.0
COL-00951,LN-HM-00951,None,0.0
COL-00952,LN-HM-00952,Mortgage,5200000.0
COL-00953,LN-HM-00953,Mortgage,4600000.0
COL-00954,LN-HM-00954,Hypothecation,1890000.0
COL-00955,LN-HM-00955,None,0.0
COL-00956,LN-HM-00956,Mortgage,1560000.0
COL-00957,LN-HM-00957,Mortgage,5760000.0
COL-00958,LN-HM-00958,Mortgage,3680000.0
COL-00959,LN-HM-00959,Hypothecation,2680000.0
COL-00960,LN-HM-00960,Mortgage,3770000.0
COL-00961,LN-HM-00961,None,0.0
COL-00962,LN-HM-00962,Hypothecation,700000.0
COL-00963,LN-HM-00963,None,0.0
COL-00964,LN-HM-00964,None,0.0
COL-00965,LN-HM-00965,Mortgage,5110000.0
COL-00966,LN-HM-00966,Mortgage,3550000.0
COL-00967,LN-HM-00967,Mortgage,3170000.0
COL-00968,LN-HM-00968,Hypothecation,1260000.0
COL-00969,LN-HM-00969,Mortgage,5140000.0
COL-00970,LN-HM-00970,None,0.0
COL-00971,LN-HM-00971,Hypothecation,920000.0
COL-00972,LN-HM-00972,Mortgage,3270000.0
COL-00973,LN-HM-00973,Hypothecation,1690000.0
COL-00974,LN-HM-00974,Hypothecation,1040000.0
COL-00975,LN-HM-00975,Mortgage,3400000.0
COL-00976,LN-HM-00976,None,0.0
COL-00977,LN-HM-00977,Mortgage,2600000.0
COL-00978,LN-HM-00978,None,0.0
COL-00979,LN-HM-00979,Hypothecation,660000.0
COL-00980,LN-HM-00980,Mortgage,3300000.0
COL-00981,LN-HM-00981,Mortgage,4400000.0
COL-00982,LN-HM-00982,None,0.0
COL-00983,LN-HM-00983,Hypothecation,1110000.0
COL-00984,LN-HM-00984,None,0.0
COL-00985,LN-HM-00985,Hypothecation,2220000.0
COL-00986,LN-HM-00986,None,0.0
COL-00987,LN-HM-00987,None,0.0
COL-00988,LN-HM-00988,Mortgage,2230000.0
COL-00989,LN-HM-00989,Mortgage,1220000.0
COL-00990,LN-HM-00990,Mortgage,8410000.0
COL-00991,LN-HM-00991,Mortgage,8280000.0
COL-00992,LN-HM-00992,Hypothecation,2770000.0
COL-00993,LN-HM-00993,Hypothecation,4060000.0
COL-00994,LN-HM-00994,Mortgage,12440000.0
COL-00995,LN-HM-00995,Mortgage,2770000.0
COL-00996,LN-HM-00996,Hypothecation,3320000.0
COL-00997,LN-HM-00997,Mortgage,3920000.0
COL-00998,LN-HM-00998,None,0.0
COL-00999,LN-HM-00999,None,0.0
COL-01000,LN-HM-01000,Mortgage,2340000.0
COL-01001,LN-HM-01001,None,0.0
COL-01002,LN-HM-01002,Mortgage,10270000.0
COL-01003,LN-HM-01003,None,0.0
COL-01004,LN-HM-01004,Mortgage,3380000.0
COL-01005,LN-HM-01005,Mortgage,2160000.0
COL-01006,LN-HM-01006,Mortgage,3770000.0
COL-01007,LN-HM-01007,None,0.0
COL-01008,LN-HM-01008,Hypothecation,3580000.0
COL-01009,LN-HM-01009,None,0.0
COL-01010,LN-HM-01010,Mortgage,6300000.0
COL-01011,LN-HM-01011,Mortgage,6540000.0
COL-01012,LN-HM-01012,None,0.0
COL-01013,LN-HM-01013,Mortgage,4190000.0
COL-01014,LN-HM-01014,Mortgage,6520000.0
COL-01015,LN-HM-01015,Hypothecation,2150000.0
COL-01016,LN-HM-01016,Mortgage,3680000.0
COL-01017,LN-HM-01017,Mortgage,20180000.0
COL-01018,LN-HM-01018,Mortgage,12450000.0
COL-01019,LN-HM-01019,Hypothecation,1720000.0
COL-01020,LN-HM-01020,Mortgage,4610000.0
COL-01021,LN-HM-01021,Mortgage,6810000.0
COL-01022,LN-HM-01022,Mortgage,4620000.0
COL-01023,LN-HM-01023,Mortgage,8550000.0
COL-01024,LN-HM-01024,None,0.0
COL-01025,LN-HM-01025,Hypothecation,1370000.0
COL-01026,LN-HM-01026,None,0.0
COL-01027,LN-HM-01027,Hypothecation,1530000.0
COL-01028,LN-HM-01028,Mortgage,1330000.0
COL-01029,LN-HM-01029,None,0.0
COL-01030,LN-HM-01030,None,0.0
COL-01031,LN-HM-01031,Mortgage,2100000.0
COL-01032,LN-HM-01032,None,0.0
COL-01033,LN-HM-01033,Hypothecation,1830000.0
COL-01034,LN-HM-01034,None,0.0
COL-01035,LN-HM-01035,None,0.0
COL-01036,LN-HM-01036,Hypothecation,1080000.0
COL-01037,LN-HM-01037,Hypothecation,3330000.0
COL-01038,LN-HM-01038,None,0.0
COL-01039,LN-HM-01039,None,0.0
COL-01040,LN-HM-01040,Hypothecation,2690000.0
COL-01041,LN-HM-01041,Mortgage,2460000.0
COL-01042,LN-HM-01042,Mortgage,2440000.0
COL-01043,LN-HM-01043,Mortgage,5640000.0
COL-01044,LN-HM-01044,Hypothecation,440000.0
COL-01045,LN-HM-01045,Mortgage,1700000.0
COL-01046,LN-HM-01046,Hypothecation,560000.0
COL-01047,LN-HM-01047,None,0.0
COL-01048,LN-HM-01048,Mortgage,10440000.0
COL-01049,LN-HM-01049,Mortgage,4300000.0
COL-01050,LN-HM-01050,Mortgage,2550000.0
COL-01051,LN-HM-01051,Mortgage,13550000.0
COL-01052,LN-HM-01052,Hypothecation,1450000.0
COL-01053,LN-HM-01053,Mortgage,16300000.0
COL-01054,LN-HM-01054,Mortgage,5190000.0
COL-01055,LN-HM-01055,Mortgage,6220000.0
COL-01056,LN-HM-01056,Mortgage,11560000.0
COL-01057,LN-HM-01057,Mortgage,3960000.0
COL-01058,LN-HM-01058,None,0.0
COL-01059,LN-HM-01059,Hypothecation,440000.0
COL-01060,LN-HM-01060,Hypothecation,2980000.0
COL-01061,LN-HM-01061,Mortgage,6590000.0
COL-01062,LN-HM-01062,Hypothecation,1180000.0
COL-01063,LN-HM-01063,Mortgage,7590000.0
COL-01064,LN-HM-01064,Hypothecation,660000.0
COL-01065,LN-HM-01065,None,0.0
COL-01066,LN-HM-01066,Hypothecation,1370000.0
COL-01067,LN-HM-01067,Mortgage,6390000.0
COL-01068,LN-HM-01068,Mortgage,4540000.0
COL-01069,LN-HM-01069,Hypothecation,2590000.0
COL-01070,LN-HM-01070,Hypothecation,2790000.0
COL-01071,LN-HM-01071,Hypothecation,510000.0
COL-01072,LN-HM-01072,None,0.0
COL-01073,LN-HM-01073,Mortgage,2110000.0
COL-01074,LN-HM-01074,Mortgage,6570000.0
COL-01075,LN-HM-01075,Mortgage,3720000.0
COL-01076,LN-HM-01076,Mortgage,2900000.0
COL-01077,LN-HM-01077,Mortgage,5030000.0
COL-01078,LN-HM-01078,Hypothecation,3200000.0
COL-01079,LN-HM-01079,Mortgage,6850000.0
COL-01080,LN-HM-01080,None,0.0
COL-01081,LN-HM-01081,Mortgage,2860000.0
COL-01082,LN-HM-01082,Mortgage,3540000.0
COL-01083,LN-HM-01083,Hypothecation,1960000.0
COL-01084,LN-HM-01084,Hypothecation,1710000.0
COL-01085,LN-HM-01085,None,0.0
COL-01086,LN-HM-01086,None,0.0
COL-01087,LN-HM-01087,None,0.0
COL-01088,LN-HM-01088,Mortgage,8620000.0
COL-01089,LN-HM-01089,None,0.0
COL-01090,LN-HM-01090,Mortgage,4640000.0
COL-01091,LN-HM-01091,None,0.0
COL-01092,LN-HM-01092,Mortgage,5470000.0
COL-01093,LN-HM-01093,Mortgage,5410000.0
COL-01094,LN-HM-01094,Mortgage,4980000.0
COL-01095,LN-HM-01095,Hypothecation,2280000.0
COL-01096,LN-HM-01096,Mortgage,1320000.0
COL-01097,LN-HM-01097,None,0.0
COL-01098,LN-HM-01098,None,0.0
COL-01099,LN-HM-01099,Mortgage,5670000.0
COL-01100,LN-HM-01100,Mortgage,4270000.0
COL-01101,LN-HM-01101,Mortgage,3830000.0
COL-01102,LN-HM-01102,None,0.0
COL-01103,LN-HM-01103,Hypothecation,1900000.0
COL-01104,LN-HM-01104,Mortgage,4020000.0
COL-01105,LN-HM-01105,Mortgage,4250000.0
COL-01106,LN-HM-01106,Hypothecation,1870000.0
COL-01107,LN-HM-01107,Mortgage,7050000.0
COL-01108,LN-HM-01108,None,0.0
COL-01109,LN-HM-01109,Mortgage,9930000.0
COL-01110,LN-HM-01110,None,0.0
COL-01111,LN-HM-01111,None,0.0
COL-01112,LN-HM-01112,Mortgage,1910000.0
COL-01113,LN-HM-01113,None,0.0
COL-01114,LN-HM-01114,Hypothecation,4840000.0
COL-01115,LN-HM-01115,Hypothecation,3700000.0
COL-01116,LN-HM-01116,Mortgage,3250000.0
COL-01117,LN-HM-01117,Hypothecation,2100000.0
COL-01118,LN-HM-01118,Hypothecation,780000.0
COL-01119,LN-HM-01119,None,0.0
COL-01120,LN-HM-01120,None,0.0
COL-01121,LN-HM-01121,Mortgage,4520000.0
COL-01122,LN-HM-01122,Hypothecation,2650000.0
COL-01123,LN-HM-01123,Mortgage,8030000.0
COL-01124,LN-HM-01124,Mortgage,8390000.0
COL-01125,LN-HM-01125,Hypothecation,2130000.0
COL-01126,LN-HM-01126,Hypothecation,1510000.0
COL-01127,LN-HM-01127,Hypothecation,3810000.0
COL-01128,LN-HM-01128,Mortgage,1820000.0
COL-01129,LN-HM-01129,None,0.0
COL-01130,LN-HM-01130,Hypothecation,740000.0
COL-01131,LN-HM-01131,None,0.0
COL-01132,LN-HM-01132,None,0.0
COL-01133,LN-HM-01133,None,0.0
COL-01134,LN-HM-01134,Mortgage,4130000.0
COL-01135,LN-HM-01135,Hypothecation,1740000.0
COL-01136,LN-HM-01136,None,0.0
COL-01137,LN-HM-01137,Mortgage,2280000.0
COL-01138,LN-HM-01138,None,0.0
COL-01139,LN-HM-01139,None,0.0
COL-01140,LN-HM-01140,Mortgage,3810000.0
COL-01141,LN-HM-01141,Mortgage,5330000.0
COL-01142,LN-HM-01142,Mortgage,4570000.0
COL-01143,LN-HM-01143,Hypothecation,1150000.0
COL-01144,LN-HM-01144,Hypothecation,3230000.0
COL-01145,LN-HM-01145,None,0.0
COL-01146,LN-HM-01146,Hypothecation,1440000.0
COL-01147,LN-HM-01147,Hypothecation,1100000.0
COL-01148,LN-HM-01148,Mortgage,16780000.0
COL-01149,LN-HM-01149,None,0.0
COL-01150,LN-HM-01150,Hypothecation,310000.0
COL-01151,LN-HM-01151,None,0.0
COL-01152,LN-HM-01152,Mortgage,8950000.0
COL-01153,LN-HM-01153,None,0.0
COL-01154,LN-HM-01154,Mortgage,9420000.0
COL-01155,LN-HM-01155,None,0.0
COL-01156,LN-HM-01156,Mortgage,1560000.0
COL-01157,LN-HM-01157,Hypothecation,1070000.0
COL-01158,LN-HM-01158,Hypothecation,890000.0
COL-01159,LN-HM-01159,None,0.0
COL-01160,LN-HM-01160,Mortgage,3570000.0
COL-01161,LN-HM-01161,None,0.0
COL-01162,LN-HM-01162,Hypothecation,580000.0
COL-01163,LN-HM-01163,None,0.0
COL-01164,LN-HM-01164,None,0.0
COL-01165,LN-HM-01165,Mortgage,8600000.0
COL-01166,LN-HM-01166,None,0.0
COL-01167,LN-HM-01167,Mortgage,6830000.0
COL-01168,LN-HM-01168,Mortgage,1570000.0
COL-01169,LN-HM-01169,Hypothecation,330000.0
COL-01170,LN-HM-01170,Hypothecation,1850000.0
COL-01171,LN-HM-01171,Hypothecation,970000.0
COL-01172,LN-HM-01172,Hypothecation,500000.0
COL-01173,LN-HM-01173,Mortgage,1790000.0
COL-01174,LN-HM-01174,Mortgage,3150000.0
COL-01175,LN-HM-01175,None,0.0
COL-01176,LN-HM-01176,Mortgage,2940000.0
COL-01177,LN-HM-01177,Hypothecation,450000.0
COL-01178,LN-HM-01178,Mortgage,1390000.0
COL-01179,LN-HM-01179,Hypothecation,570000.0
COL-01180,LN-HM-01180,Mortgage,15460000.0
COL-01181,LN-HM-01181,None,0.0
COL-01182,LN-HM-01182,None,0.0
COL-01183,LN-HM-01183,None,0.0
COL-01184,LN-HM-01184,Mortgage,3090000.0
COL-01185,LN-HM-01185,Mortgage,6250000.0
COL-01186,LN-HM-01186,None,0.0
COL-01187,LN-HM-01187,None,0.0
COL-01188,LN-HM-01188,None,0.0
COL-01189,LN-HM-01189,Mortgage,6350000.0
COL-01190,LN-HM-01190,Mortgage,1360000.0
COL-01191,LN-HM-01191,Mortgage,10840000.0
COL-01192,LN-HM-01192,Mortgage,6810000.0
COL-01193,LN-HM-01193,Mortgage,1050000.0
COL-01194,LN-HM-01194,Mortgage,1580000.0
COL-01195,LN-HM-01195,Mortgage,4010000.0
COL-01196,LN-HM-01196,Hypothecation,1630000.0
COL-01197,LN-HM-01197,Hypothecation,3010000.0
COL-01198,LN-HM-01198,None,0.0
COL-01199,LN-HM-01199,Hypothecation,6170000.0
COL-01200,LN-HM-01200,None,0.0
COL-01201,LN-HM-01201,Mortgage,3680000.0
COL-01202,LN-HM-01202,None,0.0
COL-01203,LN-HM-01203,Mortgage,4010000.0
COL-01204,LN-HM-01204,Mortgage,2870000.0
COL-01205,LN-HM-01205,Hypothecation,6580000.0
COL-01206,LN-HM-01206,Mortgage,3850000.0
COL-01207,LN-HM-01207,Hypothecation,690000.0
COL-01208,LN-HM-01208,Hypothecation,970000.0
COL-01209,LN-HM-01209,Mortgage,12810000.0
COL-01210,LN-HM-01210,Hypothecation,2080000.0
COL-01211,LN-HM-01211,Mortgage,1170000.0
COL-01212,LN-HM-01212,Hypothecation,740000.0
COL-01213,LN-HM-01213,Mortgage,3860000.0
COL-01214,LN-HM-01214,Mortgage,5280000.0
COL-01215,LN-HM-01215,Mortgage,3130000.0
COL-01216,LN-HM-01216,None,0.0
COL-01217,LN-HM-01217,Mortgage,2780000.0
COL-01218,LN-HM-01218,None,0.0
COL-01219,LN-HM-01219,Hypothecation,2040000.0
COL-01220,LN-HM-01220,None,0.0
COL-01221,LN-HM-01221,Mortgage,4750000.0
COL-01222,LN-HM-01222,Mortgage,1650000.0
COL-01223,LN-HM-01223,Mortgage,3420000.0
COL-01224,LN-HM-01224,Mortgage,3880000.0
COL-01225,LN-HM-01225,Mortgage,4990000.0
COL-01226,LN-HM-01226,Mortgage,12330000.0
COL-01227,LN-HM-01227,Hypothecation,4120000.0
COL-01228,LN-HM-01228,Mortgage,4900000.0
COL-01229,LN-HM-01229,None,0.0
COL-01230,LN-HM-01230,Hypothecation,4690000.0
COL-01231,LN-HM-01231,Mortgage,2980000.0
COL-01232,LN-HM-01232,Hypothecation,2150000.0
COL-01233,LN-HM-01233,None,0.0
COL-01234,LN-HM-01234,Mortgage,5870000.0
COL-01235,LN-HM-01235,Mortgage,3070000.0
COL-01236,LN-HM-01236,Hypothecation,710000.0
COL-01237,LN-HM-01237,Mortgage,5660000.0
COL-01238,LN-HM-01238,None,0.0
COL-01239,LN-HM-01239,Mortgage,2740000.0
COL-01240,LN-HM-01240,None,0.0
COL-01241,LN-HM-01241,Mortgage,2880000.0
COL-01242,LN-HM-01242,None,0.0
COL-01243,LN-HM-01243,Mortgage,2270000.0
COL-01244,LN-HM-01244,Mortgage,2090000.0
COL-01245,LN-HM-01245,Mortgage,3720000.0
COL-01246,LN-HM-01246,None,0.0
COL-01247,LN-HM-01247,Mortgage,6700000.0
COL-01248,LN-HM-01248,None,0.0
COL-01249,LN-HM-01249,Mortgage,2390000.0
COL-01250,LN-HM-01250,Mortgage,11010000.0
COL-01251,LN-HM-01251,None,0.0
COL-01252,LN-HM-01252,Mortgage,3730000.0
COL-01253,LN-HM-01253,Hypothecation,2370000.0
COL-01254,LN-HM-01254,Mortgage,8980000.0
COL-01255,LN-HM-01255,None,0.0
COL-01256,LN-HM-01256,None,0.0
COL-01257,LN-HM-01257,Hypothecation,1330000.0
COL-01258,LN-HM-01258,Mortgage,2610000.0
COL-01259,LN-HM-01259,Mortgage,6470000.0
COL-01260,LN-HM-01260,Mortgage,2190000.0
COL-01261,LN-HM-01261,Mortgage,3080000.0
COL-01262,LN-HM-01262,Mortgage,4560000.0
COL-01263,LN-HM-01263,None,0.0
COL-01264,LN-HM-01264,None,0.0
COL-01265,LN-HM-01265,Hypothecation,3010000.0
COL-01266,LN-HM-01266,None,0.0
COL-01267,LN-HM-01267,Hypothecation,1190000.0
COL-01268,LN-HM-01268,None,0.0
COL-01269,LN-HM-01269,Hypothecation,1100000.0
COL-01270,LN-HM-01270,Mortgage,1580000.0
COL-01271,LN-HM-01271,None,0.0
COL-01272,LN-HM-01272,Mortgage,2150000.0
COL-01273,LN-HM-01273,None,0.0
COL-01274,LN-HM-01274,Mortgage,3660000.0
COL-01275,LN-HM-01275,None,0.0
COL-01276,LN-HM-01276,Mortgage,2200000.0
COL-01277,LN-HM-01277,Mortgage,2860000.0
COL-01278,LN-HM-01278,None,0.0
COL-01279,LN-HM-01279,Mortgage,5240000.0
COL-01280,LN-HM-01280,Mortgage,5770000.0
COL-01281,LN-HM-01281,Hypothecation,1370000.0
COL-01282,LN-HM-01282,None,0.0
COL-01283,LN-HM-01283,None,0.0
COL-01284,LN-HM-01284,None,0.0
COL-01285,LN-HM-01285,Hypothecation,2010000.0
COL-01286,LN-HM-01286,Mortgage,5020000.0
COL-01287,LN-HM-01287,Mortgage,6370000.0
COL-01288,LN-HM-01288,Hypothecation,1670000.0
COL-01289,LN-HM-01289,Hypothecation,1260000.0
COL-01290,LN-HM-01290,Mortgage,4400000.0
COL-01291,LN-HM-01291,Mortgage,4460000.0
COL-01292,LN-HM-01292,None,0.0
COL-01293,LN-HM-01293,Hypothecation,380000.0
COL-01294,LN-HM-01294,Mortgage,4880000.0
COL-01295,LN-HM-01295,Hypothecation,2580000.0
COL-01296,LN-HM-01296,Mortgage,2770000.0
COL-01297,LN-HM-01297,Mortgage,5550000.0
COL-01298,LN-HM-01298,None,0.0
COL-01299,LN-HM-01299,Mortgage,4100000.0
COL-01300,LN-HM-01300,None,0.0
COL-01301,LN-HM-01301,Hypothecation,1420000.0
COL-01302,LN-HM-01302,Mortgage,3330000.0
COL-01303,LN-HM-01303,Mortgage,4120000.0
COL-01304,LN-HM-01304,Hypothecation,2400000.0
COL-01305,LN-HM-01305,Mortgage,1540000.0
COL-01306,LN-HM-01306,Mortgage,8890000.0
COL-01307,LN-HM-01307,Mortgage,2250000.0
COL-01308,LN-HM-01308,None,0.0
COL-01309,LN-HM-01309,Hypothecation,590000.0
COL-01310,LN-HM-01310,Hypothecation,3190000.0
COL-01311,LN-HM-01311,Mortgage,5080000.0
COL-01312,LN-HM-01312,Mortgage,2500000.0
COL-01313,LN-HM-01313,Mortgage,6420000.0
COL-01314,LN-HM-01314,Mortgage,10450000.0
COL-01315,LN-HM-01315,Mortgage,10550000.0
COL-01316,LN-HM-01316,Mortgage,4670000.0
COL-01317,LN-HM-01317,Hypothecation,1350000.0
COL-01318,LN-HM-01318,Hypothecation,1230000.0
COL-01319,LN-HM-01319,Mortgage,6450000.0
COL-01320,LN-HM-01320,None,0.0
COL-01321,LN-HM-01321,Hypothecation,510000.0
COL-01322,LN-HM-01322,Mortgage,3410000.0
COL-01323,LN-HM-01323,None,0.0
COL-01324,LN-HM-01324,None,0.0
COL-01325,LN-HM-01325,Hypothecation,980000.0
COL-01326,LN-HM-01326,None,0.0
COL-01327,LN-HM-01327,None,0.0
COL-01328,LN-HM-01328,Hypothecation,1360000.0
COL-01329,LN-HM-01329,None,0.0
COL-01330,LN-HM-01330,Hypothecation,4440000.0
COL-01331,LN-HM-01331,None,0.0
COL-01332,LN-HM-01332,Mortgage,5660000.0
COL-01333,LN-HM-01333,None,0.0
COL-01334,LN-HM-01334,Hypothecation,2090000.0
COL-01335,LN-HM-01335,Mortgage,3570000.0
COL-01336,LN-HM-01336,Mortgage,6030000.0
COL-01337,LN-HM-01337,None,0.0
COL-01338,LN-HM-01338,Mortgage,7860000.0
COL-01339,LN-HM-01339,Mortgage,5340000.0
COL-01340,LN-HM-01340,None,0.0
COL-01341,LN-HM-01341,None,0.0
COL-01342,LN-HM-01342,None,0.0
COL-01343,LN-HM-01343,Mortgage,2920000.0
COL-01344,LN-HM-01344,None,0.0
COL-01345,LN-HM-01345,Hypothecation,860000.0
COL-01346,LN-HM-01346,Hypothecation,1980000.0
COL-01347,LN-HM-01347,Mortgage,3420000.0
COL-01348,LN-HM-01348,None,0.0
COL-01349,LN-HM-01349,Mortgage,1590000.0
COL-01350,LN-HM-01350,None,0.0
COL-01351,LN-HM-01351,Mortgage,3400000.0
COL-01352,LN-HM-01352,Mortgage,5620000.0
COL-01353,LN-HM-01353,Mortgage,1840000.0
COL-01354,LN-HM-01354,Mortgage,1190000.0
COL-01355,LN-HM-01355,None,0.0
COL-01356,LN-HM-01356,None,0.0
COL-01357,LN-HM-01357,Mortgage,1740000.0
COL-01358,LN-HM-01358,Hypothecation,1930000.0
COL-01359,LN-HM-01359,None,0.0
COL-01360,LN-HM-01360,Hypothecation,1800000.0
COL-01361,LN-HM-01361,None,0.0
COL-01362,LN-HM-01362,Mortgage,4050000.0
COL-01363,LN-HM-01363,Mortgage,3690000.0
COL-01364,LN-HM-01364,Hypothecation,2960000.0
COL-01365,LN-HM-01365,Mortgage,18980000.0
COL-01366,LN-HM-01366,None,0.0
COL-01367,LN-HM-01367,None,0.0
COL-01368,LN-HM-01368,Hypothecation,990000.0
COL-01369,LN-HM-01369,Mortgage,5620000.0
COL-01370,LN-HM-01370,Mortgage,4050000.0
COL-01371,LN-HM-01371,Hypothecation,3150000.0
COL-01372,LN-HM-01372,None,0.0
COL-01373,LN-HM-01373,None,0.0
COL-01374,LN-HM-01374,Hypothecation,2010000.0
COL-01375,LN-HM-01375,None,0.0
COL-01376,LN-HM-01376,Mortgage,2460000.0
COL-01377,LN-HM-01377,None,0.0
COL-01378,LN-HM-01378,Hypothecation,1250000.0
COL-01379,LN-HM-01379,Mortgage,13100000.0
COL-01380,LN-HM-01380,Mortgage,1410000.0
COL-01381,LN-HM-01381,Mortgage,7230000.0
COL-01382,LN-HM-01382,Hypothecation,2170000.0
COL-01383,LN-HM-01383,Hypothecation,790000.0
COL-01384,LN-HM-01384,Mortgage,2160000.0
COL-01385,LN-HM-01385,Mortgage,3570000.0
COL-01386,LN-HM-01386,Mortgage,2080000.0
COL-01387,LN-HM-01387,Hypothecation,4280000.0
COL-01388,LN-HM-01388,Mortgage,17130000.0
COL-01389,LN-HM-01389,Mortgage,5010000.0
COL-01390,LN-HM-01390,Mortgage,2690000.0
COL-01391,LN-HM-01391,Mortgage,2030000.0
COL-01392,LN-HM-01392,None,0.0
COL-01393,LN-HM-01393,None,0.0
COL-01394,LN-HM-01394,None,0.0
COL-01395,LN-HM-01395,None,0.0
COL-01396,LN-HM-01396,None,0.0
COL-01397,LN-HM-01397,None,0.0
COL-01398,LN-HM-01398,None,0.0
COL-01399,LN-HM-01399,Hypothecation,2510000.0
COL-01400,LN-HM-01400,Hypothecation,2200000.0
COL-01401,LN-HM-01401,Mortgage,4510000.0
COL-01402,LN-HM-01402,Mortgage,2870000.0
COL-01403,LN-HM-01403,Mortgage,11140000.0
COL-01404,LN-HM-01404,Mortgage,6240000.0
COL-01405,LN-HM-01405,None,0.0
COL-01406,LN-HM-01406,None,0.0
COL-01407,LN-HM-01407,None,0.0
COL-01408,LN-HM-01408,None,0.0
COL-01409,LN-HM-01409,Mortgage,5280000.0
COL-01410,LN-HM-01410,None,0.0
COL-01411,LN-HM-01411,Mortgage,8870000.0
COL-01412,LN-HM-01412,None,0.0
COL-01413,LN-HM-01413,None,0.0
COL-01414,LN-HM-01414,None,0.0
COL-01415,LN-HM-01415,None,0.0
COL-01416,LN-HM-01416,None,0.0
COL-01417,LN-HM-01417,Mortgage,4080000.0
COL-01418,LN-HM-01418,Hypothecation,5550000.0
COL-01419,LN-HM-01419,Hypothecation,1420000.0
COL-01420,LN-HM-01420,Mortgage,2890000.0
COL-01421,LN-HM-01421,None,0.0
COL-01422,LN-HM-01422,None,0.0
COL-01423,LN-HM-01423,Mortgage,8800000.0
COL-01424,LN-HM-01424,None,0.0
COL-01425,LN-HM-01425,Hypothecation,1470000.0
COL-01426,LN-HM-01426,Hypothecation,810000.0
COL-01427,LN-HM-01427,None,0.0
COL-01428,LN-HM-01428,None,0.0
COL-01429,LN-HM-01429,Mortgage,3920000.0
COL-01430,LN-HM-01430,Mortgage,6180000.0
COL-01431,LN-HM-01431,None,0.0
COL-01432,LN-HM-01432,Mortgage,1660000.0
COL-01433,LN-HM-01433,Mortgage,2620000.0
COL-01434,LN-HM-01434,None,0.0
COL-01435,LN-HM-01435,None,0.0
COL-01436,LN-HM-01436,Mortgage,3960000.0
COL-01437,LN-HM-01437,Hypothecation,1380000.0
COL-01438,LN-HM-01438,Mortgage,3730000.0
COL-01439,LN-HM-01439,Hypothecation,3020000.0
COL-01440,LN-HM-01440,Mortgage,950000.0
COL-01441,LN-HM-01441,None,0.0
COL-01442,LN-HM-01442,Mortgage,8340000.0
COL-01443,LN-HM-01443,Mortgage,5160000.0
COL-01444,LN-HM-01444,None,0.0
COL-01445,LN-HM-01445,Mortgage,5390000.0
COL-01446,LN-HM-01446,Mortgage,2130000.0
COL-01447,LN-HM-01447,None,0.0
COL-01448,LN-HM-01448,Mortgage,6290000.0
COL-01449,LN-HM-01449,Hypothecation,2150000.0
COL-01450,LN-HM-01450,Hypothecation,2060000.0
COL-01451,LN-HM-01451,None,0.0
COL-01452,LN-HM-01452,Hypothecation,2040000.0
COL-01453,LN-HM-01453,None,0.0
COL-01454,LN-HM-01454,Mortgage,1500000.0
COL-01455,LN-HM-01455,None,0.0
COL-01456,LN-HM-01456,Hypothecation,1380000.0
COL-01457,LN-HM-01457,None,0.0
COL-01458,LN-HM-01458,Mortgage,4270000.0
COL-01459,LN-HM-01459,Hypothecation,2380000.0
COL-01460,LN-HM-01460,Mortgage,4500000.0
COL-01461,LN-HM-01461,Mortgage,7530000.0
COL-01462,LN-HM-01462,Mortgage,9340000.0
COL-01463,LN-HM-01463,None,0.0
COL-01464,LN-HM-01464,Hypothecation,1290000.0
COL-01465,LN-HM-01465,Mortgage,2390000.0
COL-01466,LN-HM-01466,Hypothecation,1120000.0
COL-01467,LN-HM-01467,Hypothecation,830000.0
COL-01468,LN-HM-01468,None,0.0
COL-01469,LN-HM-01469,Mortgage,1580000.0
COL-01470,LN-HM-01470,Mortgage,3010000.0
COL-01471,LN-HM-01471,Mortgage,14160000.0
COL-01472,LN-HM-01472,Hypothecation,430000.0
COL-01473,LN-HM-01473,Mortgage,4980000.0
COL-01474,LN-HM-01474,Mortgage,3100000.0
COL-01475,LN-HM-01475,Mortgage,4750000.0
COL-01476,LN-HM-01476,Mortgage,8770000.0
COL-01477,LN-HM-01477,None,0.0
COL-01478,LN-HM-01478,Mortgage,1220000.0
COL-01479,LN-HM-01479,Mortgage,3040000.0
COL-01480,LN-HM-01480,Mortgage,3350000.0
COL-01481,LN-HM-01481,Hypothecation,490000.0
COL-01482,LN-HM-01482,Mortgage,5180000.0
COL-01483,LN-HM-01483,Hypothecation,720000.0
COL-01484,LN-HM-01484,None,0.0
COL-01485,LN-HM-01485,None,0.0
COL-01486,LN-HM-01486,Mortgage,2430000.0
COL-01487,LN-HM-01487,Mortgage,8980000.0
COL-01488,LN-HM-01488,Mortgage,5300000.0
COL-01489,LN-HM-01489,Mortgage,5860000.0
COL-01490,LN-HM-01490,Mortgage,6920000.0
COL-01491,LN-HM-01491,None,0.0
COL-01492,LN-HM-01492,Mortgage,3720000.0
COL-01493,LN-HM-01493,Mortgage,2800000.0
COL-01494,LN-HM-01494,Hypothecation,640000.0
COL-01495,LN-HM-01495,Mortgage,3640000.0
COL-01496,LN-HM-01496,Mortgage,2540000.0
COL-01497,LN-HM-01497,Hypothecation,2540000.0
COL-01498,LN-HM-01498,Mortgage,4720000.0
COL-01499,LN-HM-01499,Mortgage,7330000.0
COL-01500,LN-HM-01500,Hypothecation,780000.0
COL-01501,LN-HM-01501,Mortgage,1570000.0
COL-01502,LN-HM-01502,Mortgage,12380000.0
COL-01503,LN-HM-01503,None,0.0
COL-01504,LN-HM-01504,Mortgage,8060000.0
COL-01505,LN-HM-01505,Mortgage,1550000.0
COL-01506,LN-HM-01506,None,0.0
COL-01507,LN-HM-01507,Mortgage,9960000.0
COL-01508,LN-HM-01508,Mortgage,1760000.0
COL-01509,LN-HM-01509,Hypothecation,3930000.0
COL-01510,LN-HM-01510,Mortgage,6060000.0
COL-01511,LN-HM-01511,Hypothecation,580000.0
COL-01512,LN-HM-01512,Hypothecation,1840000.0
COL-01513,LN-HM-01513,Mortgage,8280000.0
COL-01514,LN-HM-01514,Mortgage,3010000.0
COL-01515,LN-HM-01515,None,0.0
COL-01516,LN-HM-01516,Hypothecation,2340000.0
COL-01517,LN-HM-01517,None,0.0
COL-01518,LN-HM-01518,Mortgage,5320000.0
COL-01519,LN-HM-01519,Mortgage,4770000.0
COL-01520,LN-HM-01520,Mortgage,7350000.0
COL-01521,LN-HM-01521,Hypothecation,1290000.0
COL-01522,LN-HM-01522,Mortgage,1790000.0
COL-01523,LN-HM-01523,Mortgage,3030000.0
COL-01524,LN-HM-01524,Mortgage,7330000.0
COL-01525,LN-HM-01525,Mortgage,6250000.0
COL-01526,LN-HM-01526,Mortgage,10730000.0
COL-01527,LN-HM-01527,Mortgage,3620000.0
COL-01528,LN-HM-01528,None,0.0
COL-01529,LN-HM-01529,Hypothecation,2260000.0
COL-01530,LN-HM-01530,Mortgage,10440000.0
COL-01531,LN-HM-01531,Mortgage,5990000.0
COL-01532,LN-HM-01532,None,0.0
COL-01533,LN-HM-01533,Mortgage,7670000.0
COL-01534,LN-HM-01534,Mortgage,12230000.0
COL-01535,LN-HM-01535,Mortgage,1910000.0
COL-01536,LN-HM-01536,Mortgage,1900000.0
COL-01537,LN-HM-01537,None,0.0
COL-01538,LN-HM-01538,Mortgage,3480000.0
COL-01539,LN-HM-01539,None,0.0
COL-01540,LN-HM-01540,None,0.0
COL-01541,LN-HM-01541,Hypothecation,4070000.0
COL-01542,LN-HM-01542,Mortgage,2270000.0
COL-01543,LN-HM-01543,Mortgage,3660000.0
COL-01544,LN-HM-01544,Hypothecation,1990000.0
COL-01545,LN-HM-01545,Mortgage,1800000.0
COL-01546,LN-HM-01546,Mortgage,1690000.0
COL-01547,LN-HM-01547,Hypothecation,730000.0
COL-01548,LN-HM-01548,Mortgage,5450000.0
COL-01549,LN-HM-01549,Hypothecation,1390000.0
COL-01550,LN-HM-01550,Hypothecation,330000.0
COL-01551,LN-HM-01551,Mortgage,10590000.0
COL-01552,LN-HM-01552,Mortgage,8880000.0
COL-01553,LN-HM-01553,None,0.0
COL-01554,LN-HM-01554,None,0.0
COL-01555,LN-HM-01555,Mortgage,5300000.0
COL-01556,LN-HM-01556,Mortgage,13100000.0
COL-01557,LN-HM-01557,Mortgage,5700000.0
COL-01558,LN-HM-01558,None,0.0
COL-01559,LN-HM-01559,Hypothecation,810000.0
COL-01560,LN-HM-01560,None,0.0
COL-01561,LN-HM-01561,Hypothecation,1350000.0
COL-01562,LN-HM-01562,None,0.0
COL-01563,LN-HM-01563,Mortgage,2560000.0
COL-01564,LN-HM-01564,None,0.0
COL-01565,LN-HM-01565,Mortgage,2000000.0
COL-01566,LN-HM-01566,Mortgage,10030000.0
COL-01567,LN-HM-01567,Mortgage,3110000.0
COL-01568,LN-HM-01568,None,0.0
COL-01569,LN-HM-01569,Hypothecation,880000.0
COL-01570,LN-HM-01570,Hypothecation,1330000.0
COL-01571,LN-HM-01571,Mortgage,4340000.0
COL-01572,LN-HM-01572,Hypothecation,1870000.0
COL-01573,LN-HM-01573,None,0.0
COL-01574,LN-HM-01574,None,0.0
COL-01575,LN-HM-01575,Mortgage,3060000.0
COL-01576,LN-HM-01576,Hypothecation,910000.0
COL-01577,LN-HM-01577,Mortgage,2620000.0
COL-01578,LN-HM-01578,Mortgage,4020000.0
COL-01579,LN-HM-01579,Mortgage,16640000.0
COL-01580,LN-HM-01580,Mortgage,10470000.0
COL-01581,LN-HM-01581,Hypothecation,690000.0
COL-01582,LN-HM-01582,Mortgage,3180000.0
COL-01583,LN-HM-01583,Mortgage,2300000.0
COL-01584,LN-HM-01584,Mortgage,6680000.0
COL-01585,LN-HM-01585,None,0.0
COL-01586,LN-HM-01586,Mortgage,2550000.0
COL-01587,LN-HM-01587,Mortgage,3860000.0
COL-01588,LN-HM-01588,Mortgage,8960000.0
COL-01589,LN-HM-01589,Mortgage,1860000.0
COL-01590,LN-HM-01590,None,0.0
COL-01591,LN-HM-01591,None,0.0
COL-01592,LN-HM-01592,None,0.0
COL-01593,LN-HM-01593,Mortgage,4820000.0
COL-01594,LN-HM-01594,Hypothecation,930000.0
COL-01595,LN-HM-01595,Mortgage,1240000.0
COL-01596,LN-HM-01596,Mortgage,1910000.0
COL-01597,LN-HM-01597,Hypothecation,1070000.0
COL-01598,LN-HM-01598,Mortgage,1940000.0
COL-01599,LN-HM-01599,Mortgage,4460000.0
COL-01600,LN-HM-01600,None,0.0
COL-01601,LN-HM-01601,Mortgage,2300000.0
COL-01602,LN-HM-01602,Hypothecation,1330000.0
COL-01603,LN-HM-01603,Mortgage,2690000.0
COL-01604,LN-HM-01604,Mortgage,3650000.0
COL-01605,LN-HM-01605,None,0.0
COL-01606,LN-HM-01606,None,0.0
COL-01607,LN-HM-01607,None,0.0
COL-01608,LN-HM-01608,Mortgage,4060000.0
COL-01609,LN-HM-01609,Mortgage,2810000.0
COL-01610,LN-HM-01610,Mortgage,2740000.0
COL-01611,LN-HM-01611,Mortgage,8090000.0
COL-01612,LN-HM-01612,Mortgage,5810000.0
COL-01613,LN-HM-01613,Mortgage,1800000.0
COL-01614,LN-HM-01614,Mortgage,4690000.0
COL-01615,LN-HM-01615,Mortgage,9110000.0
COL-01616,LN-HM-01616,None,0.0
COL-01617,LN-HM-01617,Mortgage,1500000.0
COL-01618,LN-HM-01618,Hypothecation,1040000.0
COL-01619,LN-HM-01619,None,0.0
COL-01620,LN-HM-01620,Mortgage,5120000.0
COL-01621,LN-HM-01621,Mortgage,3940000.0
COL-01622,LN-HM-01622,Mortgage,2280000.0
COL-01623,LN-HM-01623,None,0.0
COL-01624,LN-HM-01624,None,0.0
COL-01625,LN-HM-01625,Mortgage,15900000.0
COL-01626,LN-HM-01626,None,0.0
COL-01627,LN-HM-01627,Mortgage,10030000.0
COL-01628,LN-HM-01628,Hypothecation,870000.0
COL-01629,LN-HM-01629,None,0.0
COL-01630,LN-HM-01630,Mortgage,1780000.0
COL-01631,LN-HM-01631,Mortgage,5550000.0
COL-01632,LN-HM-01632,None,0.0
COL-01633,LN-HM-01633,Mortgage,5580000.0
COL-01634,LN-HM-01634,Hypothecation,1240000.0
COL-01635,LN-HM-01635,Hypothecation,5760000.0
COL-01636,LN-HM-01636,Mortgage,7230000.0
COL-01637,LN-HM-01637,Hypothecation,500000.0
COL-01638,LN-HM-01638,Mortgage,4740000.0
COL-01639,LN-HM-01639,None,0.0
COL-01640,LN-HM-01640,None,0.0
COL-01641,LN-HM-01641,Hypothecation,590000.0
COL-01642,LN-HM-01642,Mortgage,6380000.0
COL-01643,LN-HM-01643,Mortgage,8460000.0
COL-01644,LN-HM-01644,Hypothecation,440000.0
COL-01645,LN-HM-01645,Mortgage,3810000.0
COL-01646,LN-HM-01646,Mortgage,4860000.0
COL-01647,LN-HM-01647,Mortgage,7100000.0
COL-01648,LN-HM-01648,None,0.0
COL-01649,LN-HM-01649,None,0.0
COL-01650,LN-HM-01650,Hypothecation,1130000.0
COL-01651,LN-HM-01651,Mortgage,7360000.0
COL-01652,LN-HM-01652,None,0.0
COL-01653,LN-HM-01653,Mortgage,3270000.0
COL-01654,LN-HM-01654,Mortgage,8230000.0
COL-01655,LN-HM-01655,Hypothecation,3910000.0
COL-01656,LN-HM-01656,Hypothecation,1110000.0
COL-01657,LN-HM-01657,Hypothecation,1520000.0
COL-01658,LN-HM-01658,Hypothecation,3650000.0
COL-01659,LN-HM-01659,Mortgage,5450000.0
COL-01660,LN-HM-01660,Mortgage,7100000.0
COL-01661,LN-HM-01661,Mortgage,4410000.0
COL-01662,LN-HM-01662,Mortgage,5390000.0
COL-01663,LN-HM-01663,None,0.0
COL-01664,LN-HM-01664,Mortgage,1490000.0
COL-01665,LN-HM-01665,None,0.0
COL-01666,LN-HM-01666,Hypothecation,2870000.0
COL-01667,LN-HM-01667,Mortgage,3290000.0
COL-01668,LN-HM-01668,Mortgage,5250000.0
COL-01669,LN-HM-01669,Mortgage,6660000.0
COL-01670,LN-HM-01670,Mortgage,6370000.0
COL-01671,LN-HM-01671,None,0.0
COL-01672,LN-HM-01672,None,0.0
COL-01673,LN-HM-01673,None,0.0
COL-01674,LN-HM-01674,Mortgage,3400000.0
COL-01675,LN-HM-01675,None,0.0
COL-01676,LN-HM-01676,Mortgage,2970000.0
COL-01677,LN-HM-01677,None,0.0
COL-01678,LN-HM-01678,None,0.0
COL-01679,LN-HM-01679,Mortgage,5850000.0
COL-01680,LN-HM-01680,Mortgage,9210000.0
COL-01681,LN-HM-01681,None,0.0
COL-01682,LN-HM-01682,Hypothecation,2310000.0
COL-01683,LN-HM-01683,Mortgage,3660000.0
COL-01684,LN-HM-01684,Mortgage,3450000.0
COL-01685,LN-HM-01685,Hypothecation,1490000.0
COL-01686,LN-HM-01686,Mortgage,7070000.0
COL-01687,LN-HM-01687,None,0.0
COL-01688,LN-HM-01688,None,0.0
COL-01689,LN-HM-01689,None,0.0
COL-01690,LN-HM-01690,Mortgage,1220000.0
COL-01691,LN-HM-01691,None,0.0
COL-01692,LN-HM-01692,Mortgage,4070000.0
COL-01693,LN-HM-01693,Mortgage,1970000.0
COL-01694,LN-HM-01694,Hypothecation,1440000.0
COL-01695,LN-HM-01695,Mortgage,2730000.0
COL-01696,LN-HM-01696,Hypothecation,870000.0
COL-01697,LN-HM-01697,Mortgage,2200000.0
COL-01698,LN-HM-01698,Mortgage,4660000.0
COL-01699,LN-HM-01699,Hypothecation,2230000.0
COL-01700,LN-HM-01700,None,0.0
COL-01701,LN-HM-01701,None,0.0
COL-01702,LN-HM-01702,None,0.0
COL-01703,LN-HM-01703,Mortgage,3630000.0
COL-01704,LN-HM-01704,Mortgage,2170000.0
COL-01705,LN-HM-01705,Mortgage,7870000.0
COL-01706,LN-HM-01706,Hypothecation,1770000.0
COL-01707,LN-HM-01707,Hypothecation,1140000.0
COL-01708,LN-HM-01708,None,0.0
COL-01709,LN-HM-01709,None,0.0
COL-01710,LN-HM-01710,Hypothecation,1770000.0
COL-01711,LN-HM-01711,Mortgage,2620000.0
COL-01712,LN-HM-01712,Hypothecation,2460000.0
COL-01713,LN-HM-01713,Hypothecation,2050000.0
COL-01714,LN-HM-01714,Hypothecation,4200000.0
COL-01715,LN-HM-01715,Hypothecation,610000.0
COL-01716,LN-HM-01716,None,0.0
COL-01717,LN-HM-01717,None,0.0
COL-01718,LN-HM-01718,None,0.0
COL-01719,LN-HM-01719,Hypothecation,1140000.0
COL-01720,LN-HM-01720,None,0.0
COL-01721,LN-HM-01721,Mortgage,10740000.0
COL-01722,LN-HM-01722,Mortgage,2120000.0
COL-01723,LN-HM-01723,Mortgage,4090000.0
COL-01724,LN-HM-01724,None,0.0
COL-01725,LN-HM-01725,Hypothecation,530000.0
COL-01726,LN-HM-01726,Mortgage,5570000.0
COL-01727,LN-HM-01727,Mortgage,4250000.0
COL-01728,LN-HM-01728,Mortgage,2710000.0
COL-01729,LN-HM-01729,None,0.0
COL-01730,LN-HM-01730,Hypothecation,1570000.0
COL-01731,LN-HM-01731,Hypothecation,3090000.0
COL-01732,LN-HM-01732,Mortgage,10500000.0
COL-01733,LN-HM-01733,None,0.0
COL-01734,LN-HM-01734,None,0.0
COL-01735,LN-HM-01735,None,0.0
COL-01736,LN-HM-01736,None,0.0
COL-01737,LN-HM-01737,Mortgage,3100000.0
COL-01738,LN-HM-01738,Mortgage,1720000.0
COL-01739,LN-HM-01739,None,0.0
COL-01740,LN-HM-01740,Hypothecation,1350000.0
COL-01741,LN-HM-01741,Mortgage,6270000.0
COL-01742,LN-HM-01742,None,0.0
COL-01743,LN-HM-01743,Hypothecation,2580000.0
COL-01744,LN-HM-01744,Hypothecation,430000.0
COL-01745,LN-HM-01745,None,0.0
COL-01746,LN-HM-01746,None,0.0
COL-01747,LN-HM-01747,Mortgage,3210000.0
COL-01748,LN-HM-01748,Mortgage,2620000.0
COL-01749,LN-HM-01749,Mortgage,2170000.0
COL-01750,LN-HM-01750,Mortgage,7140000.0
COL-01751,LN-HM-01751,Hypothecation,890000.0
COL-01752,LN-HM-01752,Mortgage,1530000.0
COL-01753,LN-HM-01753,Mortgage,6130000.0
COL-01754,LN-HM-01754,Mortgage,4970000.0
COL-01755,LN-HM-01755,Hypothecation,2070000.0
COL-01756,LN-HM-01756,Mortgage,6050000.0
COL-01757,LN-HM-01757,Mortgage,4810000.0
COL-01758,LN-HM-01758,None,0.0
COL-01759,LN-HM-01759,Mortgage,1880000.0
COL-01760,LN-HM-01760,None,0.0
COL-01761,LN-HM-01761,None,0.0
COL-01762,LN-HM-01762,Hypothecation,1150000.0
COL-01763,LN-HM-01763,Mortgage,5080000.0
COL-01764,LN-HM-01764,None,0.0
COL-01765,LN-HM-01765,Hypothecation,660000.0
COL-01766,LN-HM-01766,Mortgage,14880000.0
COL-01767,LN-HM-01767,None,0.0
COL-01768,LN-HM-01768,None,0.0
COL-01769,LN-HM-01769,Hypothecation,2020000.0
COL-01770,LN-HM-01770,Mortgage,3170000.0
COL-01771,LN-HM-01771,None,0.0
COL-01772,LN-HM-01772,None,0.0
COL-01773,LN-HM-01773,Mortgage,4190000.0
COL-01774,LN-HM-01774,Mortgage,1010000.0
COL-01775,LN-HM-01775,Mortgage,15580000.0
COL-01776,LN-HM-01776,Mortgage,2190000.0
COL-01777,LN-HM-01777,Hypothecation,2060000.0
COL-01778,LN-HM-01778,Hypothecation,620000.0
COL-01779,LN-HM-01779,None,0.0
COL-01780,LN-HM-01780,Mortgage,3730000.0
COL-01781,LN-HM-01781,Mortgage,5650000.0
COL-01782,LN-HM-01782,Mortgage,1810000.0
COL-01783,LN-HM-01783,Mortgage,13930000.0
COL-01784,LN-HM-01784,Hypothecation,1480000.0
COL-01785,LN-HM-01785,Mortgage,5030000.0
COL-01786,LN-HM-01786,Mortgage,3770000.0
COL-01787,LN-HM-01787,None,0.0
COL-01788,LN-HM-01788,Mortgage,1600000.0
COL-01789,LN-HM-01789,None,0.0
COL-01790,LN-HM-01790,Mortgage,3180000.0
COL-01791,LN-HM-01791,None,0.0
COL-01792,LN-HM-01792,Mortgage,5300000.0
COL-01793,LN-HM-01793,Mortgage,5070000.0
COL-01794,LN-HM-01794,Mortgage,5630000.0
COL-01795,LN-HM-01795,Mortgage,5750000.0
COL-01796,LN-HM-01796,None,0.0
COL-01797,LN-HM-01797,Hypothecation,1220000.0
COL-01798,LN-HM-01798,None,0.0
COL-01799,LN-HM-01799,Mortgage,6000000.0
COL-01800,LN-HM-01800,None,0.0
COL-01801,LN-HM-01801,None,0.0
COL-01802,LN-HM-01802,Hypothecation,2340000.0
COL-01803,LN-HM-01803,Hypothecation,710000.0
COL-01804,LN-HM-01804,Mortgage,7980000.0
COL-01805,LN-HM-01805,Mortgage,3310000.0
COL-01806,LN-HM-01806,None,0.0
COL-01807,LN-HM-01807,Hypothecation,2780000.0
COL-01808,LN-HM-01808,Hypothecation,730000.0
COL-01809,LN-HM-01809,None,0.0
COL-01810,LN-HM-01810,Hypothecation,2530000.0
COL-01811,LN-HM-01811,Mortgage,5080000.0
COL-01812,LN-HM-01812,Hypothecation,4220000.0
COL-01813,LN-HM-01813,Mortgage,8800000.0
COL-01814,LN-HM-01814,Mortgage,3180000.0
COL-01815,LN-HM-01815,Mortgage,4110000.0
COL-01816,LN-HM-01816,Hypothecation,2580000.0
COL-01817,LN-HM-01817,Mortgage,9860000.0
COL-01818,LN-HM-01818,Mortgage,4680000.0
COL-01819,LN-HM-01819,Mortgage,5190000.0
COL-01820,LN-HM-01820,Mortgage,7880000.0
COL-01821,LN-HM-01821,Mortgage,2920000.0
COL-01822,LN-HM-01822,None,0.0
COL-01823,LN-HM-01823,Mortgage,5780000.0
COL-01824,LN-HM-01824,None,0.0
COL-01825,LN-HM-01825,Mortgage,18150000.0
COL-01826,LN-HM-01826,Mortgage,3130000.0
COL-01827,LN-HM-01827,Hypothecation,1900000.0
COL-01828,LN-HM-01828,Mortgage,2950000.0
COL-01829,LN-HM-01829,Mortgage,6790000.0
COL-01830,LN-HM-01830,None,0.0
COL-01831,LN-HM-01831,None,0.0
COL-01832,LN-HM-01832,None,0.0
COL-01833,LN-HM-01833,Mortgage,1970000.0
COL-01834,LN-HM-01834,Mortgage,3920000.0
COL-01835,LN-HM-01835,Mortgage,8620000.0
COL-01836,LN-HM-01836,Mortgage,1720000.0
COL-01837,LN-HM-01837,None,0.0
COL-01838,LN-HM-01838,Mortgage,2950000.0
COL-01839,LN-HM-01839,None,0.0
COL-01840,LN-HM-01840,Mortgage,940000.0
COL-01841,LN-HM-01841,Mortgage,3300000.0
COL-01842,LN-HM-01842,Mortgage,2370000.0
COL-01843,LN-HM-01843,None,0.0
COL-01844,LN-HM-01844,Mortgage,1430000.0
COL-01845,LN-HM-01845,Mortgage,2320000.0
COL-01846,LN-HM-01846,None,0.0
COL-01847,LN-HM-01847,Mortgage,4670000.0
COL-01848,LN-HM-01848,Mortgage,5810000.0
COL-01849,LN-HM-01849,Mortgage,1880000.0
COL-01850,LN-HM-01850,None,0.0
COL-01851,LN-HM-01851,Hypothecation,1340000.0
COL-01852,LN-HM-01852,Mortgage,4260000.0
COL-01853,LN-HM-01853,None,0.0
COL-01854,LN-HM-01854,Hypothecation,2440000.0
COL-01855,LN-HM-01855,Mortgage,11860000.0
COL-01856,LN-HM-01856,Hypothecation,540000.0
COL-01857,LN-HM-01857,None,0.0
COL-01858,LN-HM-01858,None,0.0
COL-01859,LN-HM-01859,Mortgage,4150000.0
COL-01860,LN-HM-01860,Hypothecation,2280000.0
COL-01861,LN-HM-01861,Mortgage,6300000.0
COL-01862,LN-HM-01862,Hypothecation,1590000.0
COL-01863,LN-HM-01863,Mortgage,4380000.0
COL-01864,LN-HM-01864,None,0.0
COL-01865,LN-HM-01865,Mortgage,6320000.0
COL-01866,LN-HM-01866,None,0.0
COL-01867,LN-HM-01867,Mortgage,5970000.0
COL-01868,LN-HM-01868,Mortgage,1350000.0
COL-01869,LN-HM-01869,Mortgage,4310000.0
COL-01870,LN-HM-01870,None,0.0
COL-01871,LN-HM-01871,Mortgage,5650000.0
COL-01872,LN-HM-01872,Mortgage,5920000.0
COL-01873,LN-HM-01873,Mortgage,7780000.0
COL-01874,LN-HM-01874,Mortgage,2910000.0
COL-01875,LN-HM-01875,Hypothecation,2300000.0
COL-01876,LN-HM-01876,Hypothecation,2470000.0
COL-01877,LN-HM-01877,Mortgage,2490000.0
COL-01878,LN-HM-01878,Mortgage,1930000.0
COL-01879,LN-HM-01879,None,0.0
COL-01880,LN-HM-01880,None,0.0
COL-01881,LN-HM-01881,Mortgage,7010000.0
COL-01882,LN-HM-01882,Hypothecation,1390000.0
COL-01883,LN-HM-01883,Mortgage,6750000.0
COL-01884,LN-HM-01884,None,0.0
COL-01885,LN-HM-01885,Mortgage,4640000.0
COL-01886,LN-HM-01886,None,0.0
COL-01887,LN-HM-01887,None,0.0
COL-01888,LN-HM-01888,Mortgage,6300000.0
COL-01889,LN-HM-01889,None,0.0
COL-01890,LN-HM-01890,None,0.0
COL-01891,LN-HM-01891,Mortgage,1360000.0
COL-01892,LN-HM-01892,Mortgage,2590000.0
COL-01893,LN-HM-01893,Mortgage,8730000.0
COL-01894,LN-HM-01894,Mortgage,1950000.0
COL-01895,LN-HM-01895,None,0.0
COL-01896,LN-HM-01896,Mortgage,4760000.0
COL-01897,LN-HM-01897,Mortgage,1350000.0
COL-01898,LN-HM-01898,Mortgage,6500000.0
COL-01899,LN-HM-01899,Mortgage,4970000.0
COL-01900,LN-HM-01900,Mortgage,3200000.0
COL-01901,LN-HM-01901,None,0.0
COL-01902,LN-HM-01902,None,0.0
COL-01903,LN-HM-01903,Mortgage,4010000.0
COL-01904,LN-HM-01904,Hypothecation,660000.0
COL-01905,LN-HM-01905,None,0.0
COL-01906,LN-HM-01906,Hypothecation,860000.0
COL-01907,LN-HM-01907,Mortgage,8120000.0
COL-01908,LN-HM-01908,None,0.0
COL-01909,LN-HM-01909,None,0.0
COL-01910,LN-HM-01910,Mortgage,2330000.0
COL-01911,LN-HM-01911,Mortgage,2040000.0
COL-01912,LN-HM-01912,Mortgage,3110000.0
COL-01913,LN-HM-01913,None,0.0
COL-01914,LN-HM-01914,Mortgage,4250000.0
COL-01915,LN-HM-01915,None,0.0
COL-01916,LN-HM-01916,Mortgage,5420000.0
COL-01917,LN-HM-01917,Mortgage,4990000.0
COL-01918,LN-HM-01918,Hypothecation,2960000.0
COL-01919,LN-HM-01919,None,0.0
COL-01920,LN-HM-01920,Mortgage,2080000.0
COL-01921,LN-HM-01921,Mortgage,5930000.0
COL-01922,LN-HM-01922,Mortgage,3210000.0
COL-01923,LN-HM-01923,Mortgage,3290000.0
COL-01924,LN-HM-01924,None,0.0
COL-01925,LN-HM-01925,None,0.0
COL-01926,LN-HM-01926,Mortgage,1790000.0
COL-01927,LN-HM-01927,Hypothecation,1530000.0
COL-01928,LN-HM-01928,None,0.0
COL-01929,LN-HM-01929,None,0.0
COL-01930,LN-HM-01930,None,0.0
COL-01931,LN-HM-01931,None,0.0
COL-01932,LN-HM-01932,None,0.0
COL-01933,LN-HM-01933,Mortgage,16750000.0
COL-01934,LN-HM-01934,Hypothecation,1090000.0
COL-01935,LN-HM-01935,Mortgage,6020000.0
COL-01936,LN-HM-01936,Hypothecation,1210000.0
COL-01937,LN-HM-01937,Mortgage,16370000.0
COL-01938,LN-HM-01938,Mortgage,1490000.0
COL-01939,LN-HM-01939,Hypothecation,1430000.0
COL-01940,LN-HM-01940,Hypothecation,1510000.0
COL-01941,LN-HM-01941,None,0.0
COL-01942,LN-HM-01942,Mortgage,4400000.0
COL-01943,LN-HM-01943,Mortgage,8750000.0
COL-01944,LN-HM-01944,Hypothecation,1110000.0
COL-01945,LN-HM-01945,Mortgage,4760000.0
COL-01946,LN-HM-01946,None,0.0
COL-01947,LN-HM-01947,None,0.0
COL-01948,LN-HM-01948,Mortgage,4910000.0
COL-01949,LN-HM-01949,Mortgage,2810000.0
COL-01950,LN-HM-01950,Mortgage,16260000.0
COL-01951,LN-HM-01951,Mortgage,3460000.0
COL-01952,LN-HM-01952,None,0.0
COL-01953,LN-HM-01953,None,0.0
COL-01954,LN-HM-01954,Mortgage,1850000.0
COL-01955,LN-HM-01955,None,0.0
COL-01956,LN-HM-01956,Mortgage,3350000.0
COL-01957,LN-HM-01957,Hypothecation,4830000.0
COL-01958,LN-HM-01958,Mortgage,1960000.0
COL-01959,LN-HM-01959,Mortgage,2370000.0
COL-01960,LN-HM-01960,None,0.0
COL-01961,LN-HM-01961,None,0.0
COL-01962,LN-HM-01962,Hypothecation,790000.0
COL-01963,LN-HM-01963,None,0.0
COL-01964,LN-HM-01964,Hypothecation,980000.0
COL-01965,LN-HM-01965,None,0.0
COL-01966,LN-HM-01966,Hypothecation,1580000.0
COL-01967,LN-HM-01967,Mortgage,4670000.0
COL-01968,LN-HM-01968,Hypothecation,2150000.0
COL-01969,LN-HM-01969,Mortgage,2170000.0
COL-01970,LN-HM-01970,Mortgage,1410000.0
COL-01971,LN-HM-01971,Mortgage,4160000.0
COL-01972,LN-HM-01972,Mortgage,4850000.0
COL-01973,LN-HM-01973,Mortgage,2880000.0
COL-01974,LN-HM-01974,Hypothecation,2290000.0
COL-01975,LN-HM-01975,Hypothecation,2910000.0
COL-01976,LN-HM-01976,None,0.0
COL-01977,LN-HM-01977,Mortgage,2650000.0
COL-01978,LN-HM-01978,None,0.0
COL-01979,LN-HM-01979,Hypothecation,660000.0
COL-01980,LN-HM-01980,Mortgage,4220000.0
COL-01981,LN-HM-01981,Mortgage,3250000.0
COL-01982,LN-HM-01982,Hypothecation,1130000.0
COL-01983,LN-HM-01983,Mortgage,9130000.0
COL-01984,LN-HM-01984,None,0.0
COL-01985,LN-HM-01985,None,0.0
COL-01986,LN-HM-01986,Mortgage,4750000.0
COL-01987,LN-HM-01987,Mortgage,3290000.0
COL-01988,LN-HM-01988,Hypothecation,940000.0
COL-01989,LN-HM-01989,Hypothecation,1370000.0
COL-01990,LN-HM-01990,Mortgage,1510000.0
COL-01991,LN-HM-01991,Mortgage,6860000.0
COL-01992,LN-HM-01992,Mortgage,5900000.0
COL-01993,LN-HM-01993,Mortgage,3280000.0
COL-01994,LN-HM-01994,Mortgage,10050000.0
COL-01995,LN-HM-01995,Mortgage,5330000.0
COL-01996,LN-HM-01996,Mortgage,5010000.0
COL-01997,LN-HM-01997,None,0.0
COL-01998,LN-HM-01998,Hypothecation,2630000.0
COL-01999,LN-HM-01999,Mortgage,3600000.0
COL-02000,LN-HM-02000,None,0.0
COL-02001,LN-HM-02001,None,0.0
COL-02002,LN-HM-02002,None,0.0
COL-02003,LN-HM-02003,Mortgage,16210000.0
COL-02004,LN-HM-02004,Hypothecation,1610000.0
COL-02005,LN-HM-02005,Mortgage,4670000.0
COL-02006,LN-HM-02006,Mortgage,4690000.0
COL-02007,LN-HM-02007,None,0.0
COL-02008,LN-HM-02008,Mortgage,4970000.0
COL-02009,LN-HM-02009,Mortgage,14380000.0
COL-02010,LN-HM-02010,Mortgage,7850000.0
COL-02011,LN-HM-02011,Mortgage,8230000.0
COL-02012,LN-HM-02012,Mortgage,4560000.0
COL-02013,LN-HM-02013,None,0.0
COL-02014,LN-HM-02014,Hypothecation,5330000.0
COL-02015,LN-HM-02015,Hypothecation,530000.0
COL-02016,LN-HM-02016,Mortgage,4380000.0
COL-02017,LN-HM-02017,Mortgage,1980000.0
COL-02018,LN-HM-02018,Mortgage,1080000.0
COL-02019,LN-HM-02019,None,0.0
COL-02020,LN-HM-02020,Hypothecation,830000.0
COL-02021,LN-HM-02021,Hypothecation,3490000.0
COL-02022,LN-HM-02022,Mortgage,960000.0
COL-02023,LN-HM-02023,Mortgage,2550000.0
COL-02024,LN-HM-02024,Mortgage,1680000.0
COL-02025,LN-HM-02025,Hypothecation,1450000.0
COL-02026,LN-HM-02026,Hypothecation,3020000.0
COL-02027,LN-HM-02027,Hypothecation,6330000.0
COL-02028,LN-HM-02028,Mortgage,5690000.0
COL-02029,LN-HM-02029,None,0.0
COL-02030,LN-HM-02030,None,0.0
COL-02031,LN-HM-02031,Hypothecation,1550000.0
COL-02032,LN-HM-02032,None,0.0
COL-02033,LN-HM-02033,Mortgage,6900000.0
COL-02034,LN-HM-02034,Mortgage,13180000.0
COL-02035,LN-HM-02035,Hypothecation,580000.0
COL-02036,LN-HM-02036,Mortgage,1880000.0
COL-02037,LN-HM-02037,Mortgage,2640000.0
COL-02038,LN-HM-02038,None,0.0
COL-02039,LN-HM-02039,Hypothecation,1410000.0
COL-02040,LN-HM-02040,None,0.0
COL-02041,LN-HM-02041,Mortgage,8250000.0
COL-02042,LN-HM-02042,Mortgage,4330000.0
COL-02043,LN-HM-02043,None,0.0
COL-02044,LN-HM-02044,None,0.0
COL-02045,LN-HM-02045,Mortgage,4370000.0
COL-02046,LN-HM-02046,None,0.0
COL-02047,LN-HM-02047,Mortgage,3090000.0
COL-02048,LN-HM-02048,None,0.0
COL-02049,LN-HM-02049,None,0.0
COL-02050,LN-HM-02050,None,0.0
COL-02051,LN-HM-02051,Hypothecation,1400000.0
COL-02052,LN-HM-02052,Hypothecation,1280000.0
COL-02053,LN-HM-02053,Hypothecation,1530000.0
COL-02054,LN-HM-02054,None,0.0
COL-02055,LN-HM-02055,Mortgage,1850000.0
COL-02056,LN-HM-02056,Hypothecation,5830000.0
COL-02057,LN-HM-02057,Mortgage,1240000.0
COL-02058,LN-HM-02058,Mortgage,11730000.0
COL-02059,LN-HM-02059,Mortgage,4900000.0
COL-02060,LN-HM-02060,Mortgage,2670000.0
COL-02061,LN-HM-02061,None,0.0
COL-02062,LN-HM-02062,Mortgage,3130000.0
COL-02063,LN-HM-02063,Mortgage,2810000.0
COL-02064,LN-HM-02064,None,0.0
COL-02065,LN-HM-02065,Mortgage,10670000.0
COL-02066,LN-HM-02066,Mortgage,4060000.0
COL-02067,LN-HM-02067,None,0.0
COL-02068,LN-HM-02068,None,0.0
COL-02069,LN-HM-02069,Mortgage,2460000.0
COL-02070,LN-HM-02070,Mortgage,3200000.0
COL-02071,LN-HM-02071,Mortgage,4890000.0
COL-02072,LN-HM-02072,None,0.0
COL-02073,LN-HM-02073,Mortgage,2740000.0
COL-02074,LN-HM-02074,Mortgage,2580000.0
COL-02075,LN-HM-02075,None,0.0
COL-02076,LN-HM-02076,Mortgage,1640000.0
COL-02077,LN-HM-02077,Mortgage,6210000.0
COL-02078,LN-HM-02078,Hypothecation,780000.0
COL-02079,LN-HM-02079,None,0.0
COL-02080,LN-HM-02080,Hypothecation,2830000.0
COL-02081,LN-HM-02081,None,0.0
COL-02082,LN-HM-02082,Mortgage,7010000.0
COL-02083,LN-HM-02083,None,0.0
COL-02084,LN-HM-02084,Mortgage,1960000.0
COL-02085,LN-HM-02085,Hypothecation,2070000.0
COL-02086,LN-HM-02086,None,0.0
COL-02087,LN-HM-02087,Hypothecation,1430000.0
COL-02088,LN-HM-02088,None,0.0
COL-02089,LN-HM-02089,Mortgage,4680000.0
COL-02090,LN-HM-02090,None,0.0
COL-02091,LN-HM-02091,None,0.0
COL-02092,LN-HM-02092,Mortgage,1640000.0
COL-02093,LN-HM-02093,Hypothecation,770000.0
COL-02094,LN-HM-02094,Mortgage,2280000.0
COL-02095,LN-HM-02095,Mortgage,9460000.0
COL-02096,LN-HM-02096,Mortgage,9290000.0
COL-02097,LN-HM-02097,Mortgage,3870000.0
COL-02098,LN-HM-02098,Hypothecation,2460000.0
COL-02099,LN-HM-02099,Mortgage,2320000.0
COL-02100,LN-HM-02100,Mortgage,1300000.0
COL-02101,LN-HM-02101,Mortgage,5100000.0
COL-02102,LN-HM-02102,Mortgage,5670000.0
COL-02103,LN-HM-02103,Hypothecation,900000.0
COL-02104,LN-HM-02104,Mortgage,2500000.0
COL-02105,LN-HM-02105,Mortgage,9460000.0
COL-02106,LN-HM-02106,None,0.0
COL-02107,LN-HM-02107,Hypothecation,1230000.0
COL-02108,LN-HM-02108,Mortgage,2010000.0
COL-02109,LN-HM-02109,Mortgage,5390000.0
COL-02110,LN-HM-02110,Mortgage,6330000.0
COL-02111,LN-HM-02111,Hypothecation,550000.0
COL-02112,LN-HM-02112,Mortgage,2070000.0
COL-02113,LN-HM-02113,Hypothecation,3570000.0
COL-02114,LN-HM-02114,Mortgage,4360000.0
COL-02115,LN-HM-02115,Mortgage,4890000.0
COL-02116,LN-HM-02116,Mortgage,7400000.0
COL-02117,LN-HM-02117,Hypothecation,580000.0
COL-02118,LN-HM-02118,None,0.0
COL-02119,LN-HM-02119,Mortgage,7050000.0
COL-02120,LN-HM-02120,Hypothecation,4440000.0
COL-02121,LN-HM-02121,Mortgage,6730000.0
COL-02122,LN-HM-02122,Hypothecation,1200000.0
COL-02123,LN-HM-02123,None,0.0
COL-02124,LN-HM-02124,Hypothecation,1510000.0
COL-02125,LN-HM-02125,None,0.0
COL-02126,LN-HM-02126,None,0.0
COL-02127,LN-HM-02127,Mortgage,5570000.0
COL-02128,LN-HM-02128,None,0.0
COL-02129,LN-HM-02129,None,0.0
COL-02130,LN-HM-02130,Mortgage,6550000.0
COL-02131,LN-HM-02131,Hypothecation,1780000.0
COL-02132,LN-HM-02132,None,0.0
COL-02133,LN-HM-02133,None,0.0
COL-02134,LN-HM-02134,None,0.0
COL-02135,LN-HM-02135,None,0.0
COL-02136,LN-HM-02136,Hypothecation,2460000.0
COL-02137,LN-HM-02137,Mortgage,2140000.0
COL-02138,LN-HM-02138,Mortgage,2360000.0
COL-02139,LN-HM-02139,Mortgage,10470000.0
COL-02140,LN-HM-02140,Mortgage,4630000.0
COL-02141,LN-HM-02141,Mortgage,4140000.0
COL-02142,LN-HM-02142,None,0.0
COL-02143,LN-HM-02143,None,0.0
COL-02144,LN-HM-02144,Hypothecation,1120000.0
COL-02145,LN-HM-02145,None,0.0
COL-02146,LN-HM-02146,Mortgage,11520000.0
COL-02147,LN-HM-02147,Mortgage,3320000.0
COL-02148,LN-HM-02148,Mortgage,16750000.0
COL-02149,LN-HM-02149,None,0.0
COL-02150,LN-HM-02150,None,0.0
COL-02151,LN-HM-02151,None,0.0
COL-02152,LN-HM-02152,Mortgage,5450000.0
COL-02153,LN-HM-02153,Hypothecation,4510000.0
COL-02154,LN-HM-02154,None,0.0
COL-02155,LN-HM-02155,Hypothecation,2180000.0
COL-02156,LN-HM-02156,Mortgage,17220000.0
COL-02157,LN-HM-02157,None,0.0
COL-02158,LN-HM-02158,None,0.0
COL-02159,LN-HM-02159,None,0.0
COL-02160,LN-HM-02160,None,0.0
COL-02161,LN-HM-02161,Hypothecation,1210000.0
COL-02162,LN-HM-02162,None,0.0
COL-02163,LN-HM-02163,Mortgage,2990000.0
COL-02164,LN-HM-02164,None,0.0
COL-02165,LN-HM-02165,Hypothecation,450000.0
COL-02166,LN-HM-02166,Mortgage,1530000.0
COL-02167,LN-HM-02167,Hypothecation,1330000.0
COL-02168,LN-HM-02168,Hypothecation,1760000.0
COL-02169,LN-HM-02169,Mortgage,2150000.0
COL-02170,LN-HM-02170,Mortgage,5750000.0
COL-02171,LN-HM-02171,None,0.0
COL-02172,LN-HM-02172,Mortgage,4810000.0
COL-02173,LN-HM-02173,Mortgage,6090000.0
COL-02174,LN-HM-02174,None,0.0
COL-02175,LN-HM-02175,None,0.0
COL-02176,LN-HM-02176,None,0.0
COL-02177,LN-HM-02177,Hypothecation,1660000.0
COL-02178,LN-HM-02178,Hypothecation,5950000.0
COL-02179,LN-HM-02179,Mortgage,10320000.0
COL-02180,LN-HM-02180,Mortgage,4400000.0
COL-02181,LN-HM-02181,None,0.0
COL-02182,LN-HM-02182,Hypothecation,1070000.0
COL-02183,LN-HM-02183,Mortgage,1460000.0
COL-02184,LN-HM-02184,Mortgage,15060000.0
COL-02185,LN-HM-02185,None,0.0
COL-02186,LN-HM-02186,None,0.0
COL-02187,LN-HM-02187,Mortgage,5020000.0
COL-02188,LN-HM-02188,None,0.0
COL-02189,LN-HM-02189,None,0.0
COL-02190,LN-HM-02190,Mortgage,2360000.0
COL-02191,LN-HM-02191,None,0.0
COL-02192,LN-HM-02192,Mortgage,9350000.0
COL-02193,LN-HM-02193,Mortgage,2910000.0
COL-02194,LN-HM-02194,Mortgage,3810000.0
COL-02195,LN-HM-02195,None,0.0
COL-02196,LN-HM-02196,Mortgage,1710000.0
COL-02197,LN-HM-02197,Hypothecation,810000.0
COL-02198,LN-HM-02198,Mortgage,3590000.0
COL-02199,LN-HM-02199,Hypothecation,3200000.0
COL-02200,LN-HM-02200,Hypothecation,1410000.0
COL-02201,LN-HM-02201,Mortgage,5240000.0
COL-02202,LN-HM-02202,Mortgage,10640000.0
COL-02203,LN-HM-02203,Hypothecation,1000000.0
COL-02204,LN-HM-02204,None,0.0
COL-02205,LN-HM-02205,Mortgage,11500000.0
COL-02206,LN-HM-02206,Hypothecation,1260000.0
COL-02207,LN-HM-02207,Mortgage,2710000.0
COL-02208,LN-HM-02208,Hypothecation,1120000.0
COL-02209,LN-HM-02209,None,0.0
COL-02210,LN-HM-02210,Mortgage,2960000.0
COL-02211,LN-HM-02211,None,0.0
COL-02212,LN-HM-02212,Hypothecation,470000.0
COL-02213,LN-HM-02213,None,0.0
COL-02214,LN-HM-02214,Mortgage,3840000.0
COL-02215,LN-HM-02215,Mortgage,1600000.0
COL-02216,LN-HM-02216,Mortgage,1380000.0
COL-02217,LN-HM-02217,Mortgage,1010000.0
COL-02218,LN-HM-02218,Mortgage,2440000.0
COL-02219,LN-HM-02219,Mortgage,2210000.0
COL-02220,LN-HM-02220,None,0.0
COL-02221,LN-HM-02221,Hypothecation,2040000.0
COL-02222,LN-HM-02222,Hypothecation,2620000.0
COL-02223,LN-HM-02223,None,0.0
COL-02224,LN-HM-02224,Hypothecation,1470000.0
COL-02225,LN-HM-02225,Mortgage,10530000.0
COL-02226,LN-HM-02226,Mortgage,1670000.0
COL-02227,LN-HM-02227,None,0.0
COL-02228,LN-HM-02228,None,0.0
COL-02229,LN-HM-02229,Mortgage,1480000.0
COL-02230,LN-HM-02230,Hypothecation,880000.0
COL-02231,LN-HM-02231,Mortgage,6810000.0
COL-02232,LN-HM-02232,Mortgage,1690000.0
COL-02233,LN-HM-02233,Hypothecation,650000.0
COL-02234,LN-HM-02234,None,0.0
COL-02235,LN-HM-02235,Mortgage,4240000.0
COL-02236,LN-HM-02236,Mortgage,3160000.0
COL-02237,LN-HM-02237,None,0.0
COL-02238,LN-HM-02238,Hypothecation,920000.0
COL-02239,LN-HM-02239,Mortgage,12200000.0
COL-02240,LN-HM-02240,Hypothecation,940000.0
COL-02241,LN-HM-02241,None,0.0
COL-02242,LN-HM-02242,Mortgage,1390000.0
COL-02243,LN-HM-02243,Hypothecation,1520000.0
COL-02244,LN-HM-02244,Hypothecation,1560000.0
COL-02245,LN-HM-02245,Mortgage,9820000.0
COL-02246,LN-HM-02246,Mortgage,1600000.0
COL-02247,LN-HM-02247,Hypothecation,2060000.0
COL-02248,LN-HM-02248,Hypothecation,1480000.0
COL-02249,LN-HM-02249,Mortgage,1060000.0
COL-02250,LN-HM-02250,None,0.0
COL-02251,LN-HM-02251,Mortgage,2170000.0
COL-02252,LN-HM-02252,Hypothecation,2590000.0
COL-02253,LN-HM-02253,Mortgage,3600000.0
COL-02254,LN-HM-02254,Mortgage,6260000.0
COL-02255,LN-HM-02255,Hypothecation,550000.0
COL-02256,LN-HM-02256,None,0.0
COL-02257,LN-HM-02257,None,0.0
COL-02258,LN-HM-02258,Hypothecation,2530000.0
COL-02259,LN-HM-02259,None,0.0
COL-02260,LN-HM-02260,None,0.0
COL-02261,LN-HM-02261,Mortgage,5180000.0
COL-02262,LN-HM-02262,Hypothecation,1240000.0
COL-02263,LN-HM-02263,Mortgage,4480000.0
COL-02264,LN-HM-02264,Hypothecation,2530000.0
COL-02265,LN-HM-02265,None,0.0
COL-02266,LN-HM-02266,Mortgage,3380000.0
COL-02267,LN-HM-02267,Hypothecation,500000.0
COL-02268,LN-HM-02268,None,0.0
COL-02269,LN-HM-02269,Mortgage,5160000.0
COL-02270,LN-HM-02270,None,0.0
COL-02271,LN-HM-02271,Mortgage,8380000.0
COL-02272,LN-HM-02272,Mortgage,10050000.0
COL-02273,LN-HM-02273,Mortgage,5030000.0
COL-02274,LN-HM-02274,Mortgage,3030000.0
COL-02275,LN-HM-02275,None,0.0
COL-02276,LN-HM-02276,Mortgage,4030000.0
COL-02277,LN-HM-02277,None,0.0
COL-02278,LN-HM-02278,Mortgage,5800000.0
COL-02279,LN-HM-02279,Hypothecation,1050000.0
COL-02280,LN-HM-02280,Mortgage,4340000.0
COL-02281,LN-HM-02281,None,0.0
COL-02282,LN-HM-02282,Hypothecation,860000.0
COL-02283,LN-HM-02283,Mortgage,3300000.0
COL-02284,LN-HM-02284,Mortgage,3020000.0
COL-02285,LN-HM-02285,Mortgage,4850000.0
COL-02286,LN-HM-02286,Mortgage,4140000.0
COL-02287,LN-HM-02287,Mortgage,4600000.0
COL-02288,LN-HM-02288,None,0.0
COL-02289,LN-HM-02289,Mortgage,2930000.0
COL-02290,LN-HM-02290,Mortgage,1970000.0
COL-02291,LN-HM-02291,Hypothecation,560000.0
COL-02292,LN-HM-02292,None,0.0
COL-02293,LN-HM-02293,Mortgage,1580000.0
COL-02294,LN-HM-02294,None,0.0
COL-02295,LN-HM-02295,Mortgage,15320000.0
COL-02296,LN-HM-02296,Mortgage,2150000.0
COL-02297,LN-HM-02297,Mortgage,3750000.0
COL-02298,LN-HM-02298,Mortgage,2480000.0
COL-02299,LN-HM-02299,None,0.0
COL-02300,LN-HM-02300,Mortgage,4190000.0
COL-02301,LN-HM-02301,Mortgage,2930000.0
COL-02302,LN-HM-02302,Mortgage,1840000.0
COL-02303,LN-HM-02303,Hypothecation,970000.0
COL-02304,LN-HM-02304,Mortgage,4650000.0
COL-02305,LN-HM-02305,None,0.0
COL-02306,LN-HM-02306,Hypothecation,1640000.0
COL-02307,LN-HM-02307,Mortgage,5200000.0
COL-02308,LN-HM-02308,None,0.0
COL-02309,LN-HM-02309,Hypothecation,1550000.0
COL-02310,LN-HM-02310,Mortgage,4170000.0
COL-02311,LN-HM-02311,Mortgage,2210000.0
COL-02312,LN-HM-02312,None,0.0
COL-02313,LN-HM-02313,Hypothecation,2580000.0
COL-02314,LN-HM-02314,Mortgage,3040000.0
COL-02315,LN-HM-02315,None,0.0
COL-02316,LN-HM-02316,None,0.0
COL-02317,LN-HM-02317,None,0.0
COL-02318,LN-HM-02318,None,0.0
COL-02319,LN-HM-02319,None,0.0
COL-02320,LN-HM-02320,None,0.0
COL-02321,LN-HM-02321,Hypothecation,920000.0
COL-02322,LN-HM-02322,None,0.0
COL-02323,LN-HM-02323,Hypothecation,1030000.0
COL-02324,LN-HM-02324,Mortgage,3530000.0
COL-02325,LN-HM-02325,Hypothecation,1230000.0
COL-02326,LN-HM-02326,None,0.0
COL-02327,LN-HM-02327,None,0.0
COL-02328,LN-HM-02328,Mortgage,8170000.0
COL-02329,LN-HM-02329,None,0.0
COL-02330,LN-HM-02330,None,0.0
COL-02331,LN-HM-02331,None,0.0
COL-02332,LN-HM-02332,None,0.0
COL-02333,LN-HM-02333,Hypothecation,1660000.0
COL-02334,LN-HM-02334,Hypothecation,2730000.0
COL-02335,LN-HM-02335,Hypothecation,6060000.0
COL-02336,LN-HM-02336,Mortgage,2800000.0
COL-02337,LN-HM-02337,None,0.0
COL-02338,LN-HM-02338,Mortgage,3550000.0
COL-02339,LN-HM-02339,None,0.0
COL-02340,LN-HM-02340,Mortgage,2930000.0
COL-02341,LN-HM-02341,None,0.0
COL-02342,LN-HM-02342,Hypothecation,1250000.0
COL-02343,LN-HM-02343,Mortgage,4990000.0
COL-02344,LN-HM-02344,Hypothecation,1920000.0
COL-02345,LN-HM-02345,None,0.0
COL-02346,LN-HM-02346,None,0.0
COL-02347,LN-HM-02347,Hypothecation,710000.0
COL-02348,LN-HM-02348,None,0.0
COL-02349,LN-HM-02349,Mortgage,3670000.0
COL-02350,LN-HM-02350,Mortgage,2020000.0
COL-02351,LN-HM-02351,Mortgage,3880000.0
COL-02352,LN-HM-02352,Mortgage,2890000.0
COL-02353,LN-HM-02353,Mortgage,3250000.0
COL-02354,LN-HM-02354,Mortgage,4280000.0
COL-02355,LN-HM-02355,Mortgage,4150000.0
COL-02356,LN-HM-02356,Hypothecation,650000.0
COL-02357,LN-HM-02357,None,0.0
COL-02358,LN-HM-02358,Mortgage,4630000.0
COL-02359,LN-HM-02359,None,0.0
COL-02360,LN-HM-02360,Mortgage,5080000.0
COL-02361,LN-HM-02361,Mortgage,7220000.0
COL-02362,LN-HM-02362,Mortgage,2010000.0
COL-02363,LN-HM-02363,None,0.0
COL-02364,LN-HM-02364,None,0.0
COL-02365,LN-HM-02365,None,0.0
COL-02366,LN-HM-02366,Mortgage,2990000.0
COL-02367,LN-HM-02367,None,0.0
COL-02368,LN-HM-02368,Mortgage,3430000.0
COL-02369,LN-HM-02369,Mortgage,2290000.0
COL-02370,LN-HM-02370,None,0.0
COL-02371,LN-HM-02371,Hypothecation,2850000.0
COL-02372,LN-HM-02372,Mortgage,1650000.0
COL-02373,LN-HM-02373,Hypothecation,1760000.0
COL-02374,LN-HM-02374,None,0.0
COL-02375,LN-HM-02375,Hypothecation,3910000.0
COL-02376,LN-HM-02376,None,0.0
COL-02377,LN-HM-02377,Hypothecation,1630000.0
COL-02378,LN-HM-02378,Mortgage,4960000.0
COL-02379,LN-HM-02379,None,0.0
COL-02380,LN-HM-02380,Mortgage,5230000.0
COL-02381,LN-HM-02381,Mortgage,13290000.0
COL-02382,LN-HM-02382,Hypothecation,820000.0
COL-02383,LN-HM-02383,Mortgage,1630000.0
COL-02384,LN-HM-02384,None,0.0
COL-02385,LN-HM-02385,Hypothecation,940000.0
COL-02386,LN-HM-02386,Mortgage,5030000.0
COL-02387,LN-HM-02387,None,0.0
COL-02388,LN-HM-02388,Mortgage,7350000.0
COL-02389,LN-HM-02389,Mortgage,3060000.0
COL-02390,LN-HM-02390,Mortgage,4330000.0
COL-02391,LN-HM-02391,Mortgage,5680000.0
COL-02392,LN-HM-02392,Hypothecation,3610000.0
COL-02393,LN-HM-02393,Mortgage,4410000.0
COL-02394,LN-HM-02394,Hypothecation,3560000.0
COL-02395,LN-HM-02395,Mortgage,8280000.0
COL-02396,LN-HM-02396,Mortgage,3450000.0
COL-02397,LN-HM-02397,Hypothecation,1440000.0
COL-02398,LN-HM-02398,None,0.0
COL-02399,LN-HM-02399,Mortgage,9900000.0
COL-02400,LN-HM-02400,Hypothecation,930000.0
COL-02401,LN-HM-02401,Mortgage,2420000.0
COL-02402,LN-HM-02402,Mortgage,4610000.0
COL-02403,LN-HM-02403,Mortgage,2440000.0
COL-02404,LN-HM-02404,Mortgage,2510000.0
COL-02405,LN-HM-02405,Mortgage,8660000.0
COL-02406,LN-HM-02406,None,0.0
COL-02407,LN-HM-02407,Mortgage,2080000.0
COL-02408,LN-HM-02408,None,0.0
COL-02409,LN-HM-02409,Hypothecation,6330000.0
COL-02410,LN-HM-02410,Mortgage,5540000.0
COL-02411,LN-HM-02411,Mortgage,11440000.0
COL-02412,LN-HM-02412,Mortgage,6860000.0
COL-02413,LN-HM-02413,Hypothecation,1220000.0
COL-02414,LN-HM-02414,Hypothecation,1850000.0
COL-02415,LN-HM-02415,None,0.0
COL-02416,LN-HM-02416,None,0.0
COL-02417,LN-HM-02417,Mortgage,1600000.0
COL-02418,LN-HM-02418,Mortgage,3060000.0
COL-02419,LN-HM-02419,Hypothecation,470000.0
COL-02420,LN-HM-02420,Mortgage,2510000.0
COL-02421,LN-HM-02421,Mortgage,1350000.0
COL-02422,LN-HM-02422,Hypothecation,2000000.0
COL-02423,LN-HM-02423,Mortgage,2840000.0
COL-02424,LN-HM-02424,Mortgage,6110000.0
COL-02425,LN-HM-02425,None,0.0
COL-02426,LN-HM-02426,None,0.0
COL-02427,LN-HM-02427,Mortgage,1410000.0
COL-02428,LN-HM-02428,Mortgage,10920000.0
COL-02429,LN-HM-02429,Mortgage,5320000.0
COL-02430,LN-HM-02430,Hypothecation,1350000.0
COL-02431,LN-HM-02431,Mortgage,11300000.0
COL-02432,LN-HM-02432,None,0.0
COL-02433,LN-HM-02433,None,0.0
COL-02434,LN-HM-02434,Mortgage,6430000.0
COL-02435,LN-HM-02435,Mortgage,1670000.0
COL-02436,LN-HM-02436,Mortgage,4470000.0
COL-02437,LN-HM-02437,None,0.0
COL-02438,LN-HM-02438,Mortgage,4180000.0
COL-02439,LN-HM-02439,Hypothecation,490000.0
COL-02440,LN-HM-02440,None,0.0
COL-02441,LN-HM-02441,None,0.0
COL-02442,LN-HM-02442,Hypothecation,1060000.0
COL-02443,LN-HM-02443,None,0.0
COL-02444,LN-HM-02444,Hypothecation,3880000.0
COL-02445,LN-HM-02445,None,0.0
COL-02446,LN-HM-02446,Hypothecation,1890000.0
COL-02447,LN-HM-02447,Mortgage,4650000.0
COL-02448,LN-HM-02448,Mortgage,1350000.0
COL-02449,LN-HM-02449,Mortgage,5340000.0
COL-02450,LN-HM-02450,None,0.0
COL-02451,LN-HM-02451,None,0.0
COL-02452,LN-HM-02452,Mortgage,10390000.0
COL-02453,LN-HM-02453,Mortgage,8240000.0
COL-02454,LN-HM-02454,Mortgage,7740000.0
COL-02455,LN-HM-02455,Mortgage,5750000.0
COL-02456,LN-HM-02456,Mortgage,1880000.0
COL-02457,LN-HM-02457,Hypothecation,1240000.0
COL-02458,LN-HM-02458,Mortgage,3770000.0
COL-02459,LN-HM-02459,Mortgage,4470000.0
COL-02460,LN-HM-02460,Hypothecation,790000.0
COL-02461,LN-HM-02461,Hypothecation,730000.0
COL-02462,LN-HM-02462,None,0.0
COL-02463,LN-HM-02463,Mortgage,2730000.0
COL-02464,LN-HM-02464,Mortgage,1950000.0
COL-02465,LN-HM-02465,Mortgage,2010000.0
COL-02466,LN-HM-02466,Mortgage,4560000.0
COL-02467,LN-HM-02467,Hypothecation,490000.0
COL-02468,LN-HM-02468,None,0.0
COL-02469,LN-HM-02469,Mortgage,7990000.0
COL-02470,LN-HM-02470,None,0.0
COL-02471,LN-HM-02471,Mortgage,4320000.0
COL-02472,LN-HM-02472,Mortgage,1160000.0
COL-02473,LN-HM-02473,Mortgage,2790000.0
COL-02474,LN-HM-02474,None,0.0
COL-02475,LN-HM-02475,Mortgage,6030000.0
COL-02476,LN-HM-02476,None,0.0
COL-02477,LN-HM-02477,Mortgage,10450000.0
COL-02478,LN-HM-02478,None,0.0
COL-02479,LN-HM-02479,None,0.0
COL-02480,LN-HM-02480,Mortgage,11250000.0
COL-02481,LN-HM-02481,None,0.0
COL-02482,LN-HM-02482,None,0.0
COL-02483,LN-HM-02483,Hypothecation,1600000.0
COL-02484,LN-HM-02484,None,0.0
COL-02485,LN-HM-02485,Mortgage,1960000.0
COL-02486,LN-HM-02486,None,0.0
COL-02487,LN-HM-02487,None,0.0
COL-02488,LN-HM-02488,Mortgage,5800000.0
COL-02489,LN-HM-02489,Mortgage,5050000.0
COL-02490,LN-HM-02490,None,0.0
COL-02491,LN-HM-02491,Mortgage,13470000.0
COL-02492,LN-HM-02492,None,0.0
COL-02493,LN-HM-02493,Mortgage,2280000.0
COL-02494,LN-HM-02494,None,0.0
COL-02495,LN-HM-02495,None,0.0
COL-02496,LN-HM-02496,Hypothecation,1730000.0
COL-02497,LN-HM-02497,Mortgage,2360000.0
COL-02498,LN-HM-02498,None,0.0
COL-02499,LN-HM-02499,Hypothecation,3690000.0
COL-02500,LN-HM-02500,Mortgage,4770000.0
COL-02501,LN-HM-02501,Mortgage,5700000.0
COL-02502,LN-HM-02502,None,0.0
COL-02503,LN-HM-02503,Mortgage,5820000.0
COL-02504,LN-HM-02504,Mortgage,4070000.0
COL-02505,LN-HM-02505,Mortgage,2850000.0
COL-02506,LN-HM-02506,None,0.0
COL-02507,LN-HM-02507,Mortgage,2870000.0
COL-02508,LN-HM-02508,None,0.0
COL-02509,LN-HM-02509,Mortgage,1260000.0
COL-02510,LN-HM-02510,Mortgage,1610000.0
COL-02511,LN-HM-02511,None,0.0
COL-02512,LN-HM-02512,Mortgage,4500000.0
COL-02513,LN-HM-02513,Mortgage,1870000.0
COL-02514,LN-HM-02514,Mortgage,5200000.0
COL-02515,LN-HM-02515,Mortgage,860000.0
COL-02516,LN-HM-02516,Mortgage,8780000.0
COL-02517,LN-HM-02517,Mortgage,7590000.0
COL-02518,LN-HM-02518,Mortgage,1700000.0
COL-02519,LN-HM-02519,Hypothecation,1300000.0
COL-02520,LN-HM-02520,Mortgage,3690000.0
COL-02521,LN-HM-02521,None,0.0
COL-02522,LN-HM-02522,Mortgage,17680000.0
COL-02523,LN-HM-02523,None,0.0
COL-02524,LN-HM-02524,Mortgage,1830000.0
COL-02525,LN-HM-02525,Mortgage,4210000.0
COL-02526,LN-HM-02526,None,0.0
COL-02527,LN-HM-02527,Mortgage,5840000.0
COL-02528,LN-HM-02528,Mortgage,11470000.0
COL-02529,LN-HM-02529,Mortgage,5940000.0
COL-02530,LN-HM-02530,Mortgage,3150000.0
COL-02531,LN-HM-02531,Hypothecation,1980000.0
COL-02532,LN-HM-02532,None,0.0
COL-02533,LN-HM-02533,Mortgage,2310000.0
COL-02534,LN-HM-02534,Mortgage,2660000.0
COL-02535,LN-HM-02535,None,0.0
COL-02536,LN-HM-02536,Mortgage,6450000.0
COL-02537,LN-HM-02537,Mortgage,4310000.0
COL-02538,LN-HM-02538,Mortgage,4280000.0
COL-02539,LN-HM-02539,Hypothecation,1660000.0
COL-02540,LN-HM-02540,None,0.0
COL-02541,LN-HM-02541,Mortgage,6940000.0
COL-02542,LN-HM-02542,Hypothecation,3070000.0
COL-02543,LN-HM-02543,None,0.0
COL-02544,LN-HM-02544,Mortgage,3520000.0
COL-02545,LN-HM-02545,None,0.0
COL-02546,LN-HM-02546,None,0.0
COL-02547,LN-HM-02547,Mortgage,6550000.0
COL-02548,LN-HM-02548,Mortgage,10560000.0
COL-02549,LN-HM-02549,None,0.0
COL-02550,LN-HM-02550,Hypothecation,3660000.0
COL-02551,LN-HM-02551,Mortgage,2640000.0
COL-02552,LN-HM-02552,Mortgage,2860000.0
COL-02553,LN-HM-02553,None,0.0
COL-02554,LN-HM-02554,None,0.0
COL-02555,LN-HM-02555,None,0.0
COL-02556,LN-HM-02556,Hypothecation,2800000.0
COL-02557,LN-HM-02557,Hypothecation,1260000.0
COL-02558,LN-HM-02558,Mortgage,6470000.0
COL-02559,LN-HM-02559,None,0.0
COL-02560,LN-HM-02560,Mortgage,2760000.0
COL-02561,LN-HM-02561,Mortgage,1940000.0
COL-02562,LN-HM-02562,Hypothecation,1080000.0
COL-02563,LN-HM-02563,None,0.0
COL-02564,LN-HM-02564,Hypothecation,1810000.0
COL-02565,LN-HM-02565,None,0.0
COL-02566,LN-HM-02566,Mortgage,1570000.0
COL-02567,LN-HM-02567,Hypothecation,950000.0
COL-02568,LN-HM-02568,Mortgage,8890000.0
COL-02569,LN-HM-02569,Mortgage,1290000.0
COL-02570,LN-HM-02570,Mortgage,1810000.0
COL-02571,LN-HM-02571,Mortgage,4100000.0
COL-02572,LN-HM-02572,Hypothecation,2430000.0
COL-02573,LN-HM-02573,Mortgage,3670000.0
COL-02574,LN-HM-02574,Hypothecation,1700000.0
COL-02575,LN-HM-02575,None,0.0
COL-02576,LN-HM-02576,Mortgage,2480000.0
COL-02577,LN-HM-02577,None,0.0
COL-02578,LN-HM-02578,Mortgage,6830000.0
COL-02579,LN-HM-02579,Mortgage,2310000.0
COL-02580,LN-HM-02580,Mortgage,3020000.0
COL-02581,LN-HM-02581,None,0.0
COL-02582,LN-HM-02582,None,0.0
COL-02583,LN-HM-02583,Mortgage,2000000.0
COL-02584,LN-HM-02584,None,0.0
COL-02585,LN-HM-02585,Mortgage,7720000.0
COL-02586,LN-HM-02586,Hypothecation,1250000.0
COL-02587,LN-HM-02587,None,0.0
COL-02588,LN-HM-02588,Mortgage,1960000.0
COL-02589,LN-HM-02589,None,0.0
COL-02590,LN-HM-02590,None,0.0
COL-02591,LN-HM-02591,Mortgage,1650000.0
COL-02592,LN-HM-02592,Mortgage,6190000.0
COL-02593,LN-HM-02593,Hypothecation,760000.0
COL-02594,LN-HM-02594,Mortgage,1760000.0
COL-02595,LN-HM-02595,Hypothecation,1310000.0
COL-02596,LN-HM-02596,None,0.0
COL-02597,LN-HM-02597,Mortgage,13900000.0
COL-02598,LN-HM-02598,Mortgage,9280000.0
COL-02599,LN-HM-02599,None,0.0
COL-02600,LN-HM-02600,None,0.0
COL-02601,LN-HM-02601,Mortgage,1990000.0
COL-02602,LN-HM-02602,Mortgage,7810000.0
COL-02603,LN-HM-02603,Mortgage,8270000.0
COL-02604,LN-HM-02604,Hypothecation,3450000.0
COL-02605,LN-HM-02605,Hypothecation,2710000.0
COL-02606,LN-HM-02606,None,0.0
COL-02607,LN-HM-02607,Mortgage,4540000.0
COL-02608,LN-HM-02608,Mortgage,2980000.0
COL-02609,LN-HM-02609,Mortgage,6850000.0
COL-02610,LN-HM-02610,Mortgage,6320000.0
COL-02611,LN-HM-02611,Hypothecation,2020000.0
COL-02612,LN-HM-02612,Mortgage,4140000.0
COL-02613,LN-HM-02613,Mortgage,8990000.0
COL-02614,LN-HM-02614,Mortgage,9160000.0
COL-02615,LN-HM-02615,Mortgage,4820000.0
COL-02616,LN-HM-02616,None,0.0
COL-02617,LN-HM-02617,None,0.0
COL-02618,LN-HM-02618,None,0.0
COL-02619,LN-HM-02619,None,0.0
COL-02620,LN-HM-02620,Mortgage,4260000.0
COL-02621,LN-HM-02621,None,0.0
COL-02622,LN-HM-02622,Mortgage,11310000.0
COL-02623,LN-HM-02623,Hypothecation,860000.0
COL-02624,LN-HM-02624,Hypothecation,3820000.0
COL-02625,LN-HM-02625,None,0.0
COL-02626,LN-HM-02626,Mortgage,4270000.0
COL-02627,LN-HM-02627,None,0.0
COL-02628,LN-HM-02628,None,0.0
COL-02629,LN-HM-02629,Hypothecation,1800000.0
COL-02630,LN-HM-02630,Mortgage,2920000.0
COL-02631,LN-HM-02631,Mortgage,6580000.0
COL-02632,LN-HM-02632,Mortgage,8790000.0
COL-02633,LN-HM-02633,Hypothecation,1690000.0
COL-02634,LN-HM-02634,None,0.0
COL-02635,LN-HM-02635,None,0.0
COL-02636,LN-HM-02636,None,0.0
COL-02637,LN-HM-02637,Hypothecation,9110000.0
COL-02638,LN-HM-02638,None,0.0
COL-02639,LN-HM-02639,Mortgage,8750000.0
COL-02640,LN-HM-02640,Mortgage,7550000.0
COL-02641,LN-HM-02641,Mortgage,1540000.0
COL-02642,LN-HM-02642,Mortgage,9610000.0
COL-02643,LN-HM-02643,None,0.0
COL-02644,LN-HM-02644,None,0.0
COL-02645,LN-HM-02645,Hypothecation,1900000.0
COL-02646,LN-HM-02646,None,0.0
COL-02647,LN-HM-02647,Mortgage,7880000.0
COL-02648,LN-HM-02648,Mortgage,4230000.0
COL-02649,LN-HM-02649,Hypothecation,2520000.0
COL-02650,LN-HM-02650,Hypothecation,550000.0
COL-02651,LN-HM-02651,Mortgage,1690000.0
COL-02652,LN-HM-02652,Hypothecation,1400000.0
COL-02653,LN-HM-02653,None,0.0
COL-02654,LN-HM-02654,Hypothecation,1510000.0
COL-02655,LN-HM-02655,Hypothecation,420000.0
COL-02656,LN-HM-02656,Mortgage,1800000.0
COL-02657,LN-HM-02657,Mortgage,6190000.0
COL-02658,LN-HM-02658,None,0.0
COL-02659,LN-HM-02659,Mortgage,13270000.0
COL-02660,LN-HM-02660,Mortgage,5360000.0
COL-02661,LN-HM-02661,Mortgage,2220000.0
COL-02662,LN-HM-02662,None,0.0
COL-02663,LN-HM-02663,None,0.0
COL-02664,LN-HM-02664,Mortgage,6980000.0
COL-02665,LN-HM-02665,None,0.0
COL-02666,LN-HM-02666,Mortgage,3660000.0
COL-02667,LN-HM-02667,Mortgage,7380000.0
COL-02668,LN-HM-02668,Hypothecation,850000.0
COL-02669,LN-HM-02669,None,0.0
COL-02670,LN-HM-02670,None,0.0
COL-02671,LN-HM-02671,Hypothecation,1180000.0
COL-02672,LN-HM-02672,Mortgage,3680000.0
COL-02673,LN-HM-02673,None,0.0
COL-02674,LN-HM-02674,Hypothecation,3630000.0
COL-02675,LN-HM-02675,Mortgage,2370000.0
COL-02676,LN-HM-02676,Mortgage,2520000.0
COL-02677,LN-HM-02677,Hypothecation,3030000.0
COL-02678,LN-HM-02678,Hypothecation,2260000.0
COL-02679,LN-HM-02679,None,0.0
COL-02680,LN-HM-02680,Mortgage,2970000.0
COL-02681,LN-HM-02681,Mortgage,3240000.0
COL-02682,LN-HM-02682,Mortgage,7000000.0
COL-02683,LN-HM-02683,Mortgage,3080000.0
COL-02684,LN-HM-02684,Mortgage,4230000.0
COL-02685,LN-HM-02685,Hypothecation,1800000.0
COL-02686,LN-HM-02686,None,0.0
COL-02687,LN-HM-02687,Mortgage,6640000.0
COL-02688,LN-HM-02688,Hypothecation,2690000.0
COL-02689,LN-HM-02689,Hypothecation,1730000.0
COL-02690,LN-HM-02690,Hypothecation,1930000.0
COL-02691,LN-HM-02691,Mortgage,11000000.0
COL-02692,LN-HM-02692,None,0.0
COL-02693,LN-HM-02693,Hypothecation,1870000.0
COL-02694,LN-HM-02694,Hypothecation,950000.0
COL-02695,LN-HM-02695,None,0.0
COL-02696,LN-HM-02696,Mortgage,3510000.0
COL-02697,LN-HM-02697,Mortgage,2180000.0
COL-02698,LN-HM-02698,Hypothecation,1360000.0
COL-02699,LN-HM-02699,Mortgage,2510000.0
COL-02700,LN-HM-02700,Mortgage,2710000.0
COL-02701,LN-HM-02701,Mortgage,7300000.0
COL-02702,LN-HM-02702,Mortgage,6300000.0
COL-02703,LN-HM-02703,None,0.0
COL-02704,LN-HM-02704,Mortgage,7200000.0
COL-02705,LN-HM-02705,None,0.0
COL-02706,LN-HM-02706,Mortgage,3230000.0
COL-02707,LN-HM-02707,Mortgage,7010000.0
COL-02708,LN-HM-02708,Mortgage,7400000.0
COL-02709,LN-HM-02709,Mortgage,2890000.0
COL-02710,LN-HM-02710,Hypothecation,950000.0
COL-02711,LN-HM-02711,Mortgage,9810000.0
COL-02712,LN-HM-02712,Mortgage,5910000.0
COL-02713,LN-HM-02713,Mortgage,3470000.0
COL-02714,LN-HM-02714,Mortgage,7740000.0
COL-02715,LN-HM-02715,None,0.0
COL-02716,LN-HM-02716,Hypothecation,1110000.0
COL-02717,LN-HM-02717,Mortgage,2190000.0
COL-02718,LN-HM-02718,None,0.0
COL-02719,LN-HM-02719,None,0.0
COL-02720,LN-HM-02720,Hypothecation,3280000.0
COL-02721,LN-HM-02721,None,0.0
COL-02722,LN-HM-02722,Mortgage,4440000.0
COL-02723,LN-HM-02723,None,0.0
COL-02724,LN-HM-02724,None,0.0
COL-02725,LN-HM-02725,Mortgage,4870000.0
COL-02726,LN-HM-02726,Mortgage,7320000.0
COL-02727,LN-HM-02727,Hypothecation,1630000.0
COL-02728,LN-HM-02728,Mortgage,3670000.0
COL-02729,LN-HM-02729,Mortgage,2850000.0
COL-02730,LN-HM-02730,None,0.0
COL-02731,LN-HM-02731,None,0.0
COL-02732,LN-HM-02732,Mortgage,7770000.0
COL-02733,LN-HM-02733,Mortgage,3940000.0
COL-02734,LN-HM-02734,Hypothecation,3210000.0
COL-02735,LN-HM-02735,Mortgage,4970000.0
COL-02736,LN-HM-02736,Mortgage,1860000.0
COL-02737,LN-HM-02737,Mortgage,3540000.0
COL-02738,LN-HM-02738,Mortgage,4200000.0
COL-02739,LN-HM-02739,Hypothecation,1370000.0
COL-02740,LN-HM-02740,Mortgage,6620000.0
COL-02741,LN-HM-02741,Mortgage,4030000.0
COL-02742,LN-HM-02742,Mortgage,3510000.0
COL-02743,LN-HM-02743,Mortgage,2760000.0
COL-02744,LN-HM-02744,Mortgage,2940000.0
COL-02745,LN-HM-02745,Mortgage,3780000.0
COL-02746,LN-HM-02746,None,0.0
COL-02747,LN-HM-02747,Hypothecation,530000.0
COL-02748,LN-HM-02748,Mortgage,8700000.0
COL-02749,LN-HM-02749,Mortgage,5990000.0
COL-02750,LN-HM-02750,Mortgage,3300000.0
COL-02751,LN-HM-02751,Mortgage,5740000.0
COL-02752,LN-HM-02752,None,0.0
COL-02753,LN-HM-02753,None,0.0
COL-02754,LN-HM-02754,None,0.0
COL-02755,LN-HM-02755,Mortgage,6010000.0
COL-02756,LN-HM-02756,None,0.0
COL-02757,LN-HM-02757,None,0.0
COL-02758,LN-HM-02758,Mortgage,8200000.0
COL-02759,LN-HM-02759,Hypothecation,1860000.0
COL-02760,LN-HM-02760,Mortgage,4280000.0
COL-02761,LN-HM-02761,Mortgage,2510000.0
COL-02762,LN-HM-02762,Mortgage,2370000.0
COL-02763,LN-HM-02763,None,0.0
COL-02764,LN-HM-02764,None,0.0
COL-02765,LN-HM-02765,Mortgage,2900000.0
COL-02766,LN-HM-02766,Hypothecation,510000.0
COL-02767,LN-HM-02767,Mortgage,4660000.0
COL-02768,LN-HM-02768,Mortgage,3140000.0
COL-02769,LN-HM-02769,None,0.0
COL-02770,LN-HM-02770,None,0.0
COL-02771,LN-HM-02771,Hypothecation,940000.0
COL-02772,LN-HM-02772,None,0.0
COL-02773,LN-HM-02773,Mortgage,3720000.0
COL-02774,LN-HM-02774,Mortgage,1460000.0
COL-02775,LN-HM-02775,Mortgage,9370000.0
COL-02776,LN-HM-02776,Hypothecation,1360000.0
COL-02777,LN-HM-02777,None,0.0
COL-02778,LN-HM-02778,Mortgage,3350000.0
COL-02779,LN-HM-02779,Hypothecation,1410000.0
COL-02780,LN-HM-02780,None,0.0
COL-02781,LN-HM-02781,Hypothecation,1110000.0
COL-02782,LN-HM-02782,Mortgage,2500000.0
COL-02783,LN-HM-02783,Hypothecation,1310000.0
COL-02784,LN-HM-02784,None,0.0
COL-02785,LN-HM-02785,Hypothecation,870000.0
COL-02786,LN-HM-02786,None,0.0
COL-02787,LN-HM-02787,Mortgage,10570000.0
COL-02788,LN-HM-02788,Hypothecation,1250000.0
COL-02789,LN-HM-02789,Mortgage,4870000.0
COL-02790,LN-HM-02790,Hypothecation,1740000.0
COL-02791,LN-HM-02791,Mortgage,1860000.0
COL-02792,LN-HM-02792,Mortgage,2820000.0
COL-02793,LN-HM-02793,None,0.0
COL-02794,LN-HM-02794,Hypothecation,1590000.0
COL-02795,LN-HM-02795,Mortgage,3530000.0
COL-02796,LN-HM-02796,Hypothecation,2720000.0
COL-02797,LN-HM-02797,Hypothecation,1300000.0
COL-02798,LN-HM-02798,Mortgage,6110000.0
COL-02799,LN-HM-02799,None,0.0
COL-02800,LN-HM-02800,None,0.0
COL-02801,LN-HM-02801,None,0.0
COL-02802,LN-HM-02802,Mortgage,1510000.0
COL-02803,LN-HM-02803,Mortgage,3570000.0
COL-02804,LN-HM-02804,Mortgage,4860000.0
COL-02805,LN-HM-02805,None,0.0
COL-02806,LN-HM-02806,Mortgage,7260000.0
COL-02807,LN-HM-02807,Hypothecation,740000.0
COL-02808,LN-HM-02808,None,0.0
COL-02809,LN-HM-02809,None,0.0
COL-02810,LN-HM-02810,None,0.0
COL-02811,LN-HM-02811,Mortgage,4710000.0
COL-02812,LN-HM-02812,Mortgage,8070000.0
COL-02813,LN-HM-02813,Mortgage,5000000.0
COL-02814,LN-HM-02814,Hypothecation,1870000.0
COL-02815,LN-HM-02815,Mortgage,3100000.0
COL-02816,LN-HM-02816,None,0.0
COL-02817,LN-HM-02817,None,0.0
COL-02818,LN-HM-02818,Mortgage,1860000.0
COL-02819,LN-HM-02819,Mortgage,3850000.0
COL-02820,LN-HM-02820,Mortgage,4630000.0
COL-02821,LN-HM-02821,None,0.0
COL-02822,LN-HM-02822,Mortgage,11580000.0
COL-02823,LN-HM-02823,None,0.0
COL-02824,LN-HM-02824,Mortgage,6100000.0
COL-02825,LN-HM-02825,Mortgage,5300000.0
COL-02826,LN-HM-02826,Mortgage,2410000.0
COL-02827,LN-HM-02827,Mortgage,3710000.0
COL-02828,LN-HM-02828,Hypothecation,1240000.0
COL-02829,LN-HM-02829,None,0.0
COL-02830,LN-HM-02830,Mortgage,3060000.0
COL-02831,LN-HM-02831,Hypothecation,1500000.0
COL-02832,LN-HM-02832,None,0.0
COL-02833,LN-HM-02833,Mortgage,4040000.0
COL-02834,LN-HM-02834,Mortgage,4060000.0
COL-02835,LN-HM-02835,Hypothecation,1800000.0
COL-02836,LN-HM-02836,Hypothecation,1460000.0
COL-02837,LN-HM-02837,Hypothecation,1820000.0
COL-02838,LN-HM-02838,Hypothecation,1450000.0
COL-02839,LN-HM-02839,None,0.0
COL-02840,LN-HM-02840,Mortgage,5480000.0
COL-02841,LN-HM-02841,None,0.0
COL-02842,LN-HM-02842,Mortgage,9850000.0
COL-02843,LN-HM-02843,Mortgage,4910000.0
COL-02844,LN-HM-02844,Mortgage,3170000.0
COL-02845,LN-HM-02845,Mortgage,6850000.0
COL-02846,LN-HM-02846,Mortgage,2930000.0
COL-02847,LN-HM-02847,Mortgage,8340000.0
COL-02848,LN-HM-02848,None,0.0
COL-02849,LN-HM-02849,Hypothecation,1610000.0
COL-02850,LN-HM-02850,Mortgage,1860000.0
COL-02851,LN-HM-02851,Mortgage,2570000.0
COL-02852,LN-HM-02852,Mortgage,1130000.0
COL-02853,LN-HM-02853,Mortgage,3120000.0
COL-02854,LN-HM-02854,Mortgage,2010000.0
COL-02855,LN-HM-02855,Mortgage,3610000.0
COL-02856,LN-HM-02856,None,0.0
COL-02857,LN-HM-02857,Hypothecation,1340000.0
COL-02858,LN-HM-02858,Hypothecation,1570000.0
COL-02859,LN-HM-02859,Mortgage,6200000.0
COL-02860,LN-HM-02860,Mortgage,5410000.0
COL-02861,LN-HM-02861,Mortgage,7250000.0
COL-02862,LN-HM-02862,Hypothecation,1350000.0
COL-02863,LN-HM-02863,None,0.0
COL-02864,LN-HM-02864,None,0.0
COL-02865,LN-HM-02865,Hypothecation,1890000.0
COL-02866,LN-HM-02866,Mortgage,1700000.0
COL-02867,LN-HM-02867,Mortgage,2330000.0
COL-02868,LN-HM-02868,Mortgage,1690000.0
COL-02869,LN-HM-02869,Mortgage,1270000.0
COL-02870,LN-HM-02870,Mortgage,3880000.0
COL-02871,LN-HM-02871,None,0.0
COL-02872,LN-HM-02872,None,0.0
COL-02873,LN-HM-02873,None,0.0
COL-02874,LN-HM-02874,Mortgage,5110000.0
COL-02875,LN-HM-02875,None,0.0
COL-02876,LN-HM-02876,Mortgage,8340000.0
COL-02877,LN-HM-02877,Mortgage,2130000.0
COL-02878,LN-HM-02878,Hypothecation,960000.0
COL-02879,LN-HM-02879,Hypothecation,1830000.0
COL-02880,LN-HM-02880,Mortgage,3490000.0
COL-02881,LN-HM-02881,Mortgage,3670000.0
COL-02882,LN-HM-02882,Hypothecation,2110000.0
COL-02883,LN-HM-02883,Hypothecation,650000.0
COL-02884,LN-HM-02884,Mortgage,4160000.0
COL-02885,LN-HM-02885,Mortgage,2710000.0
COL-02886,LN-HM-02886,Mortgage,2590000.0
COL-02887,LN-HM-02887,Mortgage,3560000.0
COL-02888,LN-HM-02888,Mortgage,6060000.0
COL-02889,LN-HM-02889,Mortgage,1220000.0
COL-02890,LN-HM-02890,None,0.0
COL-02891,LN-HM-02891,None,0.0
COL-02892,LN-HM-02892,Hypothecation,1210000.0
COL-02893,LN-HM-02893,None,0.0
COL-02894,LN-HM-02894,Mortgage,2950000.0
COL-02895,LN-HM-02895,Mortgage,5760000.0
COL-02896,LN-HM-02896,Mortgage,3010000.0
COL-02897,LN-HM-02897,Hypothecation,460000.0
COL-02898,LN-HM-02898,Mortgage,3090000.0
COL-02899,LN-HM-02899,None,0.0
COL-02900,LN-HM-02900,Mortgage,7400000.0
COL-02901,LN-HM-02901,Mortgage,12830000.0
COL-02902,LN-HM-02902,Mortgage,4850000.0
COL-02903,LN-HM-02903,Mortgage,4110000.0
COL-02904,LN-HM-02904,Hypothecation,1580000.0
COL-02905,LN-HM-02905,Mortgage,2420000.0
COL-02906,LN-HM-02906,Mortgage,2610000.0
COL-02907,LN-HM-02907,None,0.0
COL-02908,LN-HM-02908,Mortgage,2090000.0
COL-02909,LN-HM-02909,None,0.0
COL-02910,LN-HM-02910,Hypothecation,1480000.0
COL-02911,LN-HM-02911,None,0.0
COL-02912,LN-HM-02912,None,0.0
COL-02913,LN-HM-02913,None,0.0
COL-02914,LN-HM-02914,Mortgage,5660000.0
COL-02915,LN-HM-02915,Mortgage,1990000.0
COL-02916,LN-HM-02916,Mortgage,4270000.0
COL-02917,LN-HM-02917,Mortgage,8630000.0
COL-02918,LN-HM-02918,Mortgage,3230000.0
COL-02919,LN-HM-02919,Mortgage,2070000.0
COL-02920,LN-HM-02920,Mortgage,13260000.0
COL-02921,LN-HM-02921,Hypothecation,2000000.0
COL-02922,LN-HM-02922,None,0.0
COL-02923,LN-HM-02923,Mortgage,3200000.0
COL-02924,LN-HM-02924,Mortgage,6920000.0
COL-02925,LN-HM-02925,Hypothecation,420000.0
COL-02926,LN-HM-02926,Mortgage,2850000.0
COL-02927,LN-HM-02927,Hypothecation,1850000.0
COL-02928,LN-HM-02928,Hypothecation,610000.0
COL-02929,LN-HM-02929,None,0.0
COL-02930,LN-HM-02930,None,0.0
COL-02931,LN-HM-02931,Mortgage,3140000.0
COL-02932,LN-HM-02932,Hypothecation,1760000.0
COL-02933,LN-HM-02933,Hypothecation,1880000.0
COL-02934,LN-HM-02934,Hypothecation,1160000.0
COL-02935,LN-HM-02935,Mortgage,2380000.0
COL-02936,LN-HM-02936,Hypothecation,900000.0
COL-02937,LN-HM-02937,Hypothecation,1740000.0
COL-02938,LN-HM-02938,Mortgage,4010000.0
COL-02939,LN-HM-02939,Mortgage,6050000.0
COL-02940,LN-HM-02940,None,0.0
COL-02941,LN-HM-02941,Mortgage,5750000.0
COL-02942,LN-HM-02942,Mortgage,7050000.0
COL-02943,LN-HM-02943,Mortgage,5450000.0
COL-02944,LN-HM-02944,Mortgage,3030000.0
COL-02945,LN-HM-02945,None,0.0
COL-02946,LN-HM-02946,Mortgage,6780000.0
COL-02947,LN-HM-02947,Mortgage,2870000.0
COL-02948,LN-HM-02948,Mortgage,5080000.0
COL-02949,LN-HM-02949,Hypothecation,820000.0
COL-02950,LN-HM-02950,None,0.0
COL-02951,LN-HM-02951,Mortgage,4660000.0
COL-02952,LN-HM-02952,None,0.0
COL-02953,LN-HM-02953,Mortgage,3950000.0
COL-02954,LN-HM-02954,Mortgage,4290000.0
COL-02955,LN-HM-02955,Mortgage,7820000.0
COL-02956,LN-HM-02956,None,0.0
COL-02957,LN-HM-02957,Mortgage,2940000.0
COL-02958,LN-HM-02958,Mortgage,9110000.0
COL-02959,LN-HM-02959,Mortgage,3460000.0
COL-02960,LN-HM-02960,None,0.0
COL-02961,LN-HM-02961,Hypothecation,1710000.0
COL-02962,LN-HM-02962,Hypothecation,1260000.0
COL-02963,LN-HM-02963,Mortgage,6980000.0
COL-02964,LN-HM-02964,Mortgage,6640000.0
COL-02965,LN-HM-02965,Hypothecation,3010000.0
COL-02966,LN-HM-02966,None,0.0
COL-02967,LN-HM-02967,Mortgage,3690000.0
COL-02968,LN-HM-02968,None,0.0
COL-02969,LN-HM-02969,None,0.0
COL-02970,LN-HM-02970,Mortgage,7410000.0
COL-02971,LN-HM-02971,Mortgage,2850000.0
COL-02972,LN-HM-02972,Hypothecation,3690000.0
COL-02973,LN-HM-02973,Hypothecation,2860000.0
COL-02974,LN-HM-02974,Mortgage,9010000.0
COL-02975,LN-HM-02975,None,0.0
COL-02976,LN-HM-02976,Mortgage,3050000.0
COL-02977,LN-HM-02977,None,0.0
COL-02978,LN-HM-02978,None,0.0
COL-02979,LN-HM-02979,Mortgage,5460000.0
COL-02980,LN-HM-02980,None,0.0
COL-02981,LN-HM-02981,None,0.0
COL-02982,LN-HM-02982,None,0.0
COL-02983,LN-HM-02983,Mortgage,4780000.0
COL-02984,LN-HM-02984,Mortgage,5690000.0
COL-02985,LN-HM-02985,Mortgage,10140000.0
COL-02986,LN-HM-02986,Mortgage,3860000.0
COL-02987,LN-HM-02987,Mortgage,2150000.0
COL-02988,LN-HM-02988,None,0.0
COL-02989,LN-HM-02989,Mortgage,2340000.0
COL-02990,LN-HM-02990,None,0.0
COL-02991,LN-HM-02991,Hypothecation,2480000.0
COL-02992,LN-HM-02992,None,0.0
COL-02993,LN-HM-02993,None,0.0
COL-02994,LN-HM-02994,None,0.0
COL-02995,LN-HM-02995,Mortgage,7290000.0
COL-02996,LN-HM-02996,Hypothecation,1330000.0
COL-02997,LN-HM-02997,None,0.0
COL-02998,LN-HM-02998,Hypothecation,3460000.0
COL-02999,LN-HM-02999,None,0.0
COL-03000,LN-HM-03000,Mortgage,1560000.0
COL-03001,LN-HM-03001,Mortgage,20150000.0
COL-03002,LN-HM-03002,Mortgage,3270000.0
COL-03003,LN-HM-03003,Mortgage,7430000.0
COL-03004,LN-HM-03004,Mortgage,17140000.0
COL-03005,LN-HM-03005,Mortgage,7300000.0
COL-03006,LN-HM-03006,Hypothecation,2130000.0
COL-03007,LN-HM-03007,Mortgage,2170000.0
COL-03008,LN-HM-03008,None,0.0
COL-03009,LN-HM-03009,None,0.0
COL-03010,LN-HM-03010,None,0.0
COL-03011,LN-HM-03011,Hypothecation,4120000.0
COL-03012,LN-HM-03012,Mortgage,2580000.0
COL-03013,LN-HM-03013,Mortgage,3950000.0
COL-03014,LN-HM-03014,Mortgage,3820000.0
COL-03015,LN-HM-03015,None,0.0
COL-03016,LN-HM-03016,Mortgage,5400000.0
COL-03017,LN-HM-03017,Mortgage,3640000.0
COL-03018,LN-HM-03018,Hypothecation,1800000.0
COL-03019,LN-HM-03019,Mortgage,25570000.0
COL-03020,LN-HM-03020,Mortgage,5690000.0
COL-03021,LN-HM-03021,Mortgage,4990000.0
COL-03022,LN-HM-03022,Mortgage,2120000.0
COL-03023,LN-HM-03023,Mortgage,1950000.0
COL-03024,LN-HM-03024,Mortgage,8350000.0
COL-03025,LN-HM-03025,Mortgage,12580000.0
COL-03026,LN-HM-03026,Hypothecation,4850000.0
COL-03027,LN-HM-03027,None,0.0
COL-03028,LN-HM-03028,Hypothecation,1670000.0
COL-03029,LN-HM-03029,Mortgage,1050000.0
COL-03030,LN-HM-03030,Hypothecation,1600000.0
COL-03031,LN-HM-03031,Mortgage,8620000.0
COL-03032,LN-HM-03032,Mortgage,2770000.0
COL-03033,LN-HM-03033,None,0.0
COL-03034,LN-HM-03034,Hypothecation,1570000.0
COL-03035,LN-HM-03035,Mortgage,2720000.0
COL-03036,LN-HM-03036,None,0.0
COL-03037,LN-HM-03037,None,0.0
COL-03038,LN-HM-03038,Hypothecation,1590000.0
COL-03039,LN-HM-03039,Mortgage,3620000.0
COL-03040,LN-HM-03040,Hypothecation,870000.0
COL-03041,LN-HM-03041,Mortgage,3160000.0
COL-03042,LN-HM-03042,None,0.0
COL-03043,LN-HM-03043,Mortgage,5580000.0
COL-03044,LN-HM-03044,None,0.0
COL-03045,LN-HM-03045,Hypothecation,1190000.0
COL-03046,LN-HM-03046,Mortgage,7270000.0
COL-03047,LN-HM-03047,Mortgage,1840000.0
COL-03048,LN-HM-03048,None,0.0
COL-03049,LN-HM-03049,Mortgage,4730000.0
COL-03050,LN-HM-03050,Mortgage,3990000.0
COL-03051,LN-HM-03051,Mortgage,2160000.0
COL-03052,LN-HM-03052,None,0.0
COL-03053,LN-HM-03053,Mortgage,3460000.0
COL-03054,LN-HM-03054,Hypothecation,4400000.0
COL-03055,LN-HM-03055,None,0.0
COL-03056,LN-HM-03056,None,0.0
COL-03057,LN-HM-03057,Mortgage,8120000.0
COL-03058,LN-HM-03058,Mortgage,1180000.0
COL-03059,LN-HM-03059,Mortgage,2400000.0
COL-03060,LN-HM-03060,Hypothecation,3340000.0
COL-03061,LN-HM-03061,Hypothecation,1110000.0
COL-03062,LN-HM-03062,Hypothecation,1060000.0
COL-03063,LN-HM-03063,Mortgage,5040000.0
COL-03064,LN-HM-03064,None,0.0
COL-03065,LN-HM-03065,None,0.0
COL-03066,LN-HM-03066,Mortgage,3120000.0
COL-03067,LN-HM-03067,Mortgage,1610000.0
COL-03068,LN-HM-03068,None,0.0
COL-03069,LN-HM-03069,Mortgage,3730000.0
COL-03070,LN-HM-03070,None,0.0
COL-03071,LN-HM-03071,Mortgage,4100000.0
COL-03072,LN-HM-03072,Mortgage,3080000.0
COL-03073,LN-HM-03073,Hypothecation,1650000.0
COL-03074,LN-HM-03074,Mortgage,3700000.0
COL-03075,LN-HM-03075,Hypothecation,1870000.0
COL-03076,LN-HM-03076,None,0.0
COL-03077,LN-HM-03077,None,0.0
COL-03078,LN-HM-03078,Mortgage,3200000.0
COL-03079,LN-HM-03079,Mortgage,12800000.0
COL-03080,LN-HM-03080,Hypothecation,2150000.0
COL-03081,LN-HM-03081,Mortgage,9400000.0
COL-03082,LN-HM-03082,None,0.0
COL-03083,LN-HM-03083,Mortgage,5380000.0
COL-03084,LN-HM-03084,Hypothecation,1000000.0
COL-03085,LN-HM-03085,Mortgage,10250000.0
COL-03086,LN-HM-03086,None,0.0
COL-03087,LN-HM-03087,None,0.0
COL-03088,LN-HM-03088,None,0.0
COL-03089,LN-HM-03089,None,0.0
COL-03090,LN-HM-03090,Mortgage,4370000.0
COL-03091,LN-HM-03091,None,0.0
COL-03092,LN-HM-03092,None,0.0
COL-03093,LN-HM-03093,None,0.0
COL-03094,LN-HM-03094,Mortgage,3150000.0
COL-03095,LN-HM-03095,Mortgage,3770000.0
COL-03096,LN-HM-03096,None,0.0
COL-03097,LN-HM-03097,None,0.0
COL-03098,LN-HM-03098,Mortgage,2900000.0
COL-03099,LN-HM-03099,Mortgage,1770000.0
COL-03100,LN-HM-03100,Mortgage,1480000.0
COL-03101,LN-HM-03101,Mortgage,5180000.0
COL-03102,LN-HM-03102,Mortgage,2040000.0
COL-03103,LN-HM-03103,Mortgage,3230000.0
COL-03104,LN-HM-03104,Mortgage,3230000.0
COL-03105,LN-HM-03105,Mortgage,9820000.0
COL-03106,LN-HM-03106,None,0.0
COL-03107,LN-HM-03107,Mortgage,8070000.0
COL-03108,LN-HM-03108,None,0.0
COL-03109,LN-HM-03109,Mortgage,1710000.0
COL-03110,LN-HM-03110,None,0.0
COL-03111,LN-HM-03111,None,0.0
COL-03112,LN-HM-03112,None,0.0
COL-03113,LN-HM-03113,Mortgage,1870000.0
COL-03114,LN-HM-03114,None,0.0
COL-03115,LN-HM-03115,None,0.0
COL-03116,LN-HM-03116,Hypothecation,820000.0
COL-03117,LN-HM-03117,Mortgage,5180000.0
COL-03118,LN-HM-03118,Mortgage,3340000.0
COL-03119,LN-HM-03119,Mortgage,4220000.0
COL-03120,LN-HM-03120,Mortgage,6710000.0
COL-03121,LN-HM-03121,Hypothecation,1820000.0
COL-03122,LN-HM-03122,Mortgage,6690000.0
COL-03123,LN-HM-03123,None,0.0
COL-03124,LN-HM-03124,None,0.0
COL-03125,LN-HM-03125,None,0.0
COL-03126,LN-HM-03126,Mortgage,2440000.0
COL-03127,LN-HM-03127,None,0.0
COL-03128,LN-HM-03128,Mortgage,6470000.0
COL-03129,LN-HM-03129,Mortgage,5410000.0
COL-03130,LN-HM-03130,Mortgage,6360000.0
COL-03131,LN-HM-03131,Mortgage,2740000.0
COL-03132,LN-HM-03132,Mortgage,11670000.0
COL-03133,LN-HM-03133,Mortgage,2410000.0
COL-03134,LN-HM-03134,Hypothecation,980000.0
COL-03135,LN-HM-03135,Mortgage,1950000.0
COL-03136,LN-HM-03136,None,0.0
COL-03137,LN-HM-03137,Hypothecation,430000.0
COL-03138,LN-HM-03138,None,0.0
COL-03139,LN-HM-03139,Mortgage,4870000.0
COL-03140,LN-HM-03140,Hypothecation,1220000.0
COL-03141,LN-HM-03141,Mortgage,2340000.0
COL-03142,LN-HM-03142,Hypothecation,850000.0
COL-03143,LN-HM-03143,Hypothecation,1610000.0
COL-03144,LN-HM-03144,Hypothecation,1330000.0
COL-03145,LN-HM-03145,Mortgage,2020000.0
COL-03146,LN-HM-03146,None,0.0
COL-03147,LN-HM-03147,Mortgage,12080000.0
COL-03148,LN-HM-03148,None,0.0
COL-03149,LN-HM-03149,Mortgage,4190000.0
COL-03150,LN-HM-03150,None,0.0
COL-03151,LN-HM-03151,Mortgage,2640000.0
COL-03152,LN-HM-03152,Hypothecation,1510000.0
COL-03153,LN-HM-03153,None,0.0
COL-03154,LN-HM-03154,Mortgage,5310000.0
COL-03155,LN-HM-03155,None,0.0
COL-03156,LN-HM-03156,Mortgage,1800000.0
COL-03157,LN-HM-03157,Mortgage,6750000.0
COL-03158,LN-HM-03158,Mortgage,2040000.0
COL-03159,LN-HM-03159,Mortgage,3480000.0
COL-03160,LN-HM-03160,Mortgage,4710000.0
COL-03161,LN-HM-03161,Mortgage,2900000.0
COL-03162,LN-HM-03162,None,0.0
COL-03163,LN-HM-03163,None,0.0
COL-03164,LN-HM-03164,None,0.0
COL-03165,LN-HM-03165,Mortgage,11440000.0
COL-03166,LN-HM-03166,Mortgage,1360000.0
COL-03167,LN-HM-03167,None,0.0
COL-03168,LN-HM-03168,None,0.0
COL-03169,LN-HM-03169,None,0.0
COL-03170,LN-HM-03170,Hypothecation,1740000.0
COL-03171,LN-HM-03171,Mortgage,6190000.0
COL-03172,LN-HM-03172,Mortgage,3910000.0
COL-03173,LN-HM-03173,None,0.0
COL-03174,LN-HM-03174,Hypothecation,2140000.0
COL-03175,LN-HM-03175,None,0.0
COL-03176,LN-HM-03176,None,0.0
COL-03177,LN-HM-03177,Mortgage,1340000.0
COL-03178,LN-HM-03178,Hypothecation,3290000.0
COL-03179,LN-HM-03179,None,0.0
COL-03180,LN-HM-03180,Mortgage,4320000.0
COL-03181,LN-HM-03181,Mortgage,2880000.0
COL-03182,LN-HM-03182,Hypothecation,840000.0
COL-03183,LN-HM-03183,None,0.0
COL-03184,LN-HM-03184,Mortgage,4030000.0
COL-03185,LN-HM-03185,None,0.0
COL-03186,LN-HM-03186,Mortgage,6720000.0
COL-03187,LN-HM-03187,Mortgage,9630000.0
COL-03188,LN-HM-03188,Mortgage,1990000.0
COL-03189,LN-HM-03189,Hypothecation,550000.0
COL-03190,LN-HM-03190,None,0.0
COL-03191,LN-HM-03191,Mortgage,3430000.0
COL-03192,LN-HM-03192,Mortgage,6550000.0
COL-03193,LN-HM-03193,None,0.0
COL-03194,LN-HM-03194,Mortgage,4810000.0
COL-03195,LN-HM-03195,None,0.0
COL-03196,LN-HM-03196,Mortgage,2050000.0
COL-03197,LN-HM-03197,Mortgage,5110000.0
COL-03198,LN-HM-03198,Hypothecation,840000.0
COL-03199,LN-HM-03199,None,0.0
COL-03200,LN-HM-03200,None,0.0
COL-03201,LN-HM-03201,Mortgage,6850000.0
COL-03202,LN-HM-03202,Hypothecation,1310000.0
COL-03203,LN-HM-03203,None,0.0
COL-03204,LN-HM-03204,Hypothecation,680000.0
COL-03205,LN-HM-03205,Mortgage,6370000.0
COL-03206,LN-HM-03206,Hypothecation,3370000.0
COL-03207,LN-HM-03207,Mortgage,6170000.0
COL-03208,LN-HM-03208,Mortgage,16510000.0
COL-03209,LN-HM-03209,None,0.0
COL-03210,LN-HM-03210,Hypothecation,2170000.0
COL-03211,LN-HM-03211,None,0.0
COL-03212,LN-HM-03212,Mortgage,1710000.0
COL-03213,LN-HM-03213,Mortgage,4930000.0
COL-03214,LN-HM-03214,None,0.0
COL-03215,LN-HM-03215,None,0.0
COL-03216,LN-HM-03216,Hypothecation,2580000.0
COL-03217,LN-HM-03217,Mortgage,3140000.0
COL-03218,LN-HM-03218,Mortgage,5270000.0
COL-03219,LN-HM-03219,Mortgage,1640000.0
COL-03220,LN-HM-03220,Hypothecation,1170000.0
COL-03221,LN-HM-03221,Mortgage,3910000.0
COL-03222,LN-HM-03222,Mortgage,7050000.0
COL-03223,LN-HM-03223,Mortgage,8950000.0
COL-03224,LN-HM-03224,None,0.0
COL-03225,LN-HM-03225,Hypothecation,1520000.0
COL-03226,LN-HM-03226,Hypothecation,1660000.0
COL-03227,LN-HM-03227,Mortgage,3380000.0
COL-03228,LN-HM-03228,Hypothecation,1090000.0
COL-03229,LN-HM-03229,Mortgage,1760000.0
COL-03230,LN-HM-03230,Mortgage,3550000.0
COL-03231,LN-HM-03231,None,0.0
COL-03232,LN-HM-03232,Mortgage,8010000.0
COL-03233,LN-HM-03233,Mortgage,14230000.0
COL-03234,LN-HM-03234,Hypothecation,1640000.0
COL-03235,LN-HM-03235,Hypothecation,410000.0
COL-03236,LN-HM-03236,Hypothecation,1130000.0
COL-03237,LN-HM-03237,Hypothecation,1780000.0
COL-03238,LN-HM-03238,Mortgage,1950000.0
COL-03239,LN-HM-03239,Mortgage,4190000.0
COL-03240,LN-HM-03240,Mortgage,7760000.0
COL-03241,LN-HM-03241,None,0.0
COL-03242,LN-HM-03242,Hypothecation,4960000.0
COL-03243,LN-HM-03243,Mortgage,1500000.0
COL-03244,LN-HM-03244,Mortgage,3810000.0
COL-03245,LN-HM-03245,Mortgage,5970000.0
COL-03246,LN-HM-03246,None,0.0
COL-03247,LN-HM-03247,None,0.0
COL-03248,LN-HM-03248,Hypothecation,950000.0
COL-03249,LN-HM-03249,None,0.0
COL-03250,LN-HM-03250,Mortgage,11980000.0
COL-03251,LN-HM-03251,None,0.0
COL-03252,LN-HM-03252,Hypothecation,960000.0
COL-03253,LN-HM-03253,None,0.0
COL-03254,LN-HM-03254,Hypothecation,7360000.0
COL-03255,LN-HM-03255,Hypothecation,2300000.0
COL-03256,LN-HM-03256,Hypothecation,1380000.0
COL-03257,LN-HM-03257,Hypothecation,890000.0
COL-03258,LN-HM-03258,None,0.0
COL-03259,LN-HM-03259,Mortgage,2750000.0
COL-03260,LN-HM-03260,Mortgage,1350000.0
COL-03261,LN-HM-03261,None,0.0
COL-03262,LN-HM-03262,Mortgage,1420000.0
COL-03263,LN-HM-03263,Mortgage,5090000.0
COL-03264,LN-HM-03264,Hypothecation,2520000.0
COL-03265,LN-HM-03265,Mortgage,1600000.0
COL-03266,LN-HM-03266,Hypothecation,690000.0
COL-03267,LN-HM-03267,Hypothecation,2040000.0
COL-03268,LN-HM-03268,Hypothecation,1000000.0
COL-03269,LN-HM-03269,Mortgage,6890000.0
COL-03270,LN-HM-03270,None,0.0
COL-03271,LN-HM-03271,None,0.0
COL-03272,LN-HM-03272,None,0.0
COL-03273,LN-HM-03273,None,0.0
COL-03274,LN-HM-03274,None,0.0
COL-03275,LN-HM-03275,Hypothecation,570000.0
COL-03276,LN-HM-03276,Hypothecation,1760000.0
COL-03277,LN-HM-03277,Hypothecation,1520000.0
COL-03278,LN-HM-03278,None,0.0
COL-03279,LN-HM-03279,None,0.0
COL-03280,LN-HM-03280,None,0.0
COL-03281,LN-HM-03281,None,0.0
COL-03282,LN-HM-03282,None,0.0
COL-03283,LN-HM-03283,Mortgage,5700000.0
COL-03284,LN-HM-03284,Mortgage,3670000.0
COL-03285,LN-HM-03285,None,0.0
COL-03286,LN-HM-03286,Mortgage,11950000.0
COL-03287,LN-HM-03287,Hypothecation,2290000.0
COL-03288,LN-HM-03288,Mortgage,2570000.0
COL-03289,LN-HM-03289,Mortgage,9600000.0
COL-03290,LN-HM-03290,Hypothecation,2430000.0
COL-03291,LN-HM-03291,Mortgage,4280000.0
COL-03292,LN-HM-03292,Hypothecation,2320000.0
COL-03293,LN-HM-03293,None,0.0
COL-03294,LN-HM-03294,None,0.0
COL-03295,LN-HM-03295,None,0.0
COL-03296,LN-HM-03296,Mortgage,3190000.0
COL-03297,LN-HM-03297,None,0.0
COL-03298,LN-HM-03298,Mortgage,4510000.0
COL-03299,LN-HM-03299,Mortgage,3770000.0
COL-03300,LN-HM-03300,Mortgage,7530000.0
COL-03301,LN-HM-03301,Mortgage,3140000.0
COL-03302,LN-HM-03302,None,0.0
COL-03303,LN-HM-03303,Mortgage,5050000.0
COL-03304,LN-HM-03304,None,0.0
COL-03305,LN-HM-03305,Hypothecation,2970000.0
COL-03306,LN-HM-03306,Mortgage,4780000.0
COL-03307,LN-HM-03307,Mortgage,8490000.0
COL-03308,LN-HM-03308,None,0.0
COL-03309,LN-HM-03309,None,0.0
COL-03310,LN-HM-03310,None,0.0
COL-03311,LN-HM-03311,None,0.0
COL-03312,LN-HM-03312,Mortgage,2480000.0
COL-03313,LN-HM-03313,Hypothecation,3580000.0
COL-03314,LN-HM-03314,Hypothecation,1620000.0
COL-03315,LN-HM-03315,None,0.0
COL-03316,LN-HM-03316,Mortgage,4110000.0
COL-03317,LN-HM-03317,None,0.0
COL-03318,LN-HM-03318,Mortgage,4540000.0
COL-03319,LN-HM-03319,Hypothecation,1490000.0
COL-03320,LN-HM-03320,Hypothecation,1210000.0
COL-03321,LN-HM-03321,Hypothecation,2410000.0
COL-03322,LN-HM-03322,None,0.0
COL-03323,LN-HM-03323,Mortgage,2260000.0
COL-03324,LN-HM-03324,None,0.0
COL-03325,LN-HM-03325,Mortgage,5960000.0
COL-03326,LN-HM-03326,Mortgage,2320000.0
COL-03327,LN-HM-03327,Mortgage,1440000.0
COL-03328,LN-HM-03328,Hypothecation,850000.0
COL-03329,LN-HM-03329,Mortgage,2920000.0
COL-03330,LN-HM-03330,Hypothecation,1490000.0
COL-03331,LN-HM-03331,None,0.0
COL-03332,LN-HM-03332,Mortgage,2210000.0
COL-03333,LN-HM-03333,None,0.0
COL-03334,LN-HM-03334,Mortgage,8640000.0
COL-03335,LN-HM-03335,Mortgage,3750000.0
COL-03336,LN-HM-03336,Mortgage,1990000.0
COL-03337,LN-HM-03337,Hypothecation,1200000.0
COL-03338,LN-HM-03338,Mortgage,5680000.0
COL-03339,LN-HM-03339,Hypothecation,1250000.0
COL-03340,LN-HM-03340,Mortgage,3090000.0
COL-03341,LN-HM-03341,Mortgage,6030000.0
COL-03342,LN-HM-03342,Mortgage,6370000.0
COL-03343,LN-HM-03343,None,0.0
COL-03344,LN-HM-03344,Hypothecation,1780000.0
COL-03345,LN-HM-03345,None,0.0
COL-03346,LN-HM-03346,None,0.0
COL-03347,LN-HM-03347,Mortgage,7830000.0
COL-03348,LN-HM-03348,Mortgage,4710000.0
COL-03349,LN-HM-03349,Mortgage,7170000.0
COL-03350,LN-HM-03350,None,0.0
COL-03351,LN-HM-03351,None,0.0
COL-03352,LN-HM-03352,Mortgage,3890000.0
COL-03353,LN-HM-03353,Mortgage,4720000.0
COL-03354,LN-HM-03354,Mortgage,4800000.0
COL-03355,LN-HM-03355,Hypothecation,1080000.0
COL-03356,LN-HM-03356,Mortgage,4680000.0
COL-03357,LN-HM-03357,None,0.0
COL-03358,LN-HM-03358,Hypothecation,2390000.0
COL-03359,LN-HM-03359,None,0.0
COL-03360,LN-HM-03360,Hypothecation,4780000.0
COL-03361,LN-HM-03361,Mortgage,3420000.0
COL-03362,LN-HM-03362,Mortgage,4100000.0
COL-03363,LN-HM-03363,Mortgage,8100000.0
COL-03364,LN-HM-03364,None,0.0
COL-03365,LN-HM-03365,Hypothecation,2250000.0
COL-03366,LN-HM-03366,Hypothecation,4310000.0
COL-03367,LN-HM-03367,None,0.0
COL-03368,LN-HM-03368,None,0.0
COL-03369,LN-HM-03369,None,0.0
COL-03370,LN-HM-03370,Hypothecation,2020000.0
COL-03371,LN-HM-03371,Hypothecation,2980000.0
COL-03372,LN-HM-03372,Mortgage,8390000.0
COL-03373,LN-HM-03373,Hypothecation,2180000.0
COL-03374,LN-HM-03374,Mortgage,3520000.0
COL-03375,LN-HM-03375,Mortgage,3630000.0
COL-03376,LN-HM-03376,None,0.0
COL-03377,LN-HM-03377,None,0.0
COL-03378,LN-HM-03378,None,0.0
COL-03379,LN-HM-03379,None,0.0
COL-03380,LN-HM-03380,None,0.0
COL-03381,LN-HM-03381,None,0.0
COL-03382,LN-HM-03382,Mortgage,6310000.0
COL-03383,LN-HM-03383,None,0.0
COL-03384,LN-HM-03384,None,0.0
COL-03385,LN-HM-03385,Mortgage,5210000.0
COL-03386,LN-HM-03386,Mortgage,5440000.0
COL-03387,LN-HM-03387,Mortgage,2520000.0
COL-03388,LN-HM-03388,Mortgage,1710000.0
COL-03389,LN-HM-03389,Mortgage,1660000.0
COL-03390,LN-HM-03390,Mortgage,2830000.0
COL-03391,LN-HM-03391,None,0.0
COL-03392,LN-HM-03392,None,0.0
COL-03393,LN-HM-03393,Hypothecation,1130000.0
COL-03394,LN-HM-03394,Hypothecation,1580000.0
COL-03395,LN-HM-03395,Mortgage,4790000.0
COL-03396,LN-HM-03396,None,0.0
COL-03397,LN-HM-03397,None,0.0
COL-03398,LN-HM-03398,Mortgage,2500000.0
COL-03399,LN-HM-03399,Mortgage,3100000.0
COL-03400,LN-HM-03400,Hypothecation,780000.0
COL-03401,LN-HM-03401,None,0.0
COL-03402,LN-HM-03402,Mortgage,4400000.0
COL-03403,LN-HM-03403,Mortgage,4060000.0
COL-03404,LN-HM-03404,None,0.0
COL-03405,LN-HM-03405,Hypothecation,3210000.0
COL-03406,LN-HM-03406,Mortgage,3880000.0
COL-03407,LN-HM-03407,Mortgage,3500000.0
COL-03408,LN-HM-03408,Mortgage,5110000.0
COL-03409,LN-HM-03409,Hypothecation,1570000.0
COL-03410,LN-HM-03410,Mortgage,7760000.0
COL-03411,LN-HM-03411,Mortgage,3610000.0
COL-03412,LN-HM-03412,None,0.0
COL-03413,LN-HM-03413,None,0.0
COL-03414,LN-HM-03414,Mortgage,2940000.0
COL-03415,LN-HM-03415,Hypothecation,420000.0
COL-03416,LN-HM-03416,None,0.0
COL-03417,LN-HM-03417,None,0.0
COL-03418,LN-HM-03418,Hypothecation,630000.0
COL-03419,LN-HM-03419,None,0.0
COL-03420,LN-HM-03420,Mortgage,4130000.0
COL-03421,LN-HM-03421,Mortgage,4550000.0
COL-03422,LN-HM-03422,None,0.0
COL-03423,LN-HM-03423,Mortgage,2850000.0
COL-03424,LN-HM-03424,Mortgage,2970000.0
COL-03425,LN-HM-03425,Mortgage,7250000.0
COL-03426,LN-HM-03426,Mortgage,2740000.0
COL-03427,LN-HM-03427,Mortgage,4090000.0
COL-03428,LN-HM-03428,Mortgage,2620000.0
COL-03429,LN-HM-03429,None,0.0
COL-03430,LN-HM-03430,Mortgage,3520000.0
COL-03431,LN-HM-03431,Mortgage,3580000.0
COL-03432,LN-HM-03432,Mortgage,2980000.0
COL-03433,LN-HM-03433,Mortgage,7970000.0
COL-03434,LN-HM-03434,Mortgage,6100000.0
COL-03435,LN-HM-03435,Hypothecation,940000.0
COL-03436,LN-HM-03436,Mortgage,3070000.0
COL-03437,LN-HM-03437,Mortgage,7890000.0
COL-03438,LN-HM-03438,Mortgage,2290000.0
COL-03439,LN-HM-03439,None,0.0
COL-03440,LN-HM-03440,Mortgage,8150000.0
COL-03441,LN-HM-03441,Mortgage,1730000.0
COL-03442,LN-HM-03442,Mortgage,2080000.0
COL-03443,LN-HM-03443,None,0.0
COL-03444,LN-HM-03444,None,0.0
COL-03445,LN-HM-03445,Hypothecation,710000.0
COL-03446,LN-HM-03446,Mortgage,7900000.0
COL-03447,LN-HM-03447,None,0.0
COL-03448,LN-HM-03448,Mortgage,4220000.0
COL-03449,LN-HM-03449,Hypothecation,5570000.0
COL-03450,LN-HM-03450,Mortgage,2010000.0
COL-03451,LN-HM-03451,Hypothecation,730000.0
COL-03452,LN-HM-03452,None,0.0
COL-03453,LN-HM-03453,Hypothecation,1070000.0
COL-03454,LN-HM-03454,None,0.0
COL-03455,LN-HM-03455,None,0.0
COL-03456,LN-HM-03456,Mortgage,3170000.0
COL-03457,LN-HM-03457,Mortgage,3510000.0
COL-03458,LN-HM-03458,Mortgage,3050000.0
COL-03459,LN-HM-03459,Mortgage,6180000.0
COL-03460,LN-HM-03460,Hypothecation,1640000.0
COL-03461,LN-HM-03461,Mortgage,2730000.0
COL-03462,LN-HM-03462,Mortgage,3140000.0
COL-03463,LN-HM-03463,Mortgage,7180000.0
COL-03464,LN-HM-03464,Mortgage,2030000.0
COL-03465,LN-HM-03465,Mortgage,2170000.0
COL-03466,LN-HM-03466,None,0.0
COL-03467,LN-HM-03467,Mortgage,3930000.0
COL-03468,LN-HM-03468,Hypothecation,1890000.0
COL-03469,LN-HM-03469,Hypothecation,2750000.0
COL-03470,LN-HM-03470,Mortgage,12010000.0
COL-03471,LN-HM-03471,Mortgage,6620000.0
COL-03472,LN-HM-03472,None,0.0
COL-03473,LN-HM-03473,None,0.0
COL-03474,LN-HM-03474,Mortgage,1570000.0
COL-03475,LN-HM-03475,Mortgage,2930000.0
COL-03476,LN-HM-03476,Mortgage,3860000.0
COL-03477,LN-HM-03477,Mortgage,1900000.0
COL-03478,LN-HM-03478,Mortgage,14210000.0
COL-03479,LN-HM-03479,Hypothecation,840000.0
COL-03480,LN-HM-03480,Mortgage,1890000.0
COL-03481,LN-HM-03481,Hypothecation,880000.0
COL-03482,LN-HM-03482,Mortgage,9540000.0
COL-03483,LN-HM-03483,None,0.0
COL-03484,LN-HM-03484,None,0.0
COL-03485,LN-HM-03485,Mortgage,4040000.0
COL-03486,LN-HM-03486,None,0.0
COL-03487,LN-HM-03487,None,0.0
COL-03488,LN-HM-03488,Mortgage,6930000.0
COL-03489,LN-HM-03489,None,0.0
COL-03490,LN-HM-03490,None,0.0
COL-03491,LN-HM-03491,Mortgage,11220000.0
COL-03492,LN-HM-03492,Mortgage,1890000.0
COL-03493,LN-HM-03493,Hypothecation,1040000.0
COL-03494,LN-HM-03494,Mortgage,4090000.0
COL-03495,LN-HM-03495,None,0.0
COL-03496,LN-HM-03496,None,0.0
COL-03497,LN-HM-03497,None,0.0
COL-03498,LN-HM-03498,Hypothecation,1660000.0
COL-03499,LN-HM-03499,Mortgage,5250000.0
COL-03500,LN-HM-03500,Hypothecation,1750000.0
COL-03501,LN-HM-03501,None,0.0
COL-03502,LN-HM-03502,Hypothecation,990000.0
COL-03503,LN-HM-03503,Mortgage,5600000.0
COL-03504,LN-HM-03504,Mortgage,3770000.0
COL-03505,LN-HM-03505,Mortgage,1110000.0
COL-03506,LN-HM-03506,Mortgage,3710000.0
COL-03507,LN-HM-03507,None,0.0
COL-03508,LN-HM-03508,Mortgage,6750000.0
COL-03509,LN-HM-03509,Hypothecation,580000.0
COL-03510,LN-HM-03510,Mortgage,4120000.0
COL-03511,LN-HM-03511,None,0.0
COL-03512,LN-HM-03512,Mortgage,1650000.0
COL-03513,LN-HM-03513,None,0.0
COL-03514,LN-HM-03514,None,0.0
COL-03515,LN-HM-03515,None,0.0
COL-03516,LN-HM-03516,None,0.0
COL-03517,LN-HM-03517,None,0.0
COL-03518,LN-HM-03518,Hypothecation,570000.0
COL-03519,LN-HM-03519,Mortgage,4290000.0
COL-03520,LN-HM-03520,Mortgage,4650000.0
COL-03521,LN-HM-03521,Mortgage,2010000.0
COL-03522,LN-HM-03522,Mortgage,7660000.0
COL-03523,LN-HM-03523,Mortgage,7810000.0
COL-03524,LN-HM-03524,None,0.0
COL-03525,LN-HM-03525,None,0.0
COL-03526,LN-HM-03526,Mortgage,1110000.0
COL-03527,LN-HM-03527,Mortgage,2790000.0
COL-03528,LN-HM-03528,None,0.0
COL-03529,LN-HM-03529,Hypothecation,950000.0
COL-03530,LN-HM-03530,None,0.0
COL-03531,LN-HM-03531,Mortgage,8750000.0
COL-03532,LN-HM-03532,Mortgage,4300000.0
COL-03533,LN-HM-03533,Hypothecation,1520000.0
COL-03534,LN-HM-03534,Hypothecation,1120000.0
COL-03535,LN-HM-03535,Hypothecation,1340000.0
COL-03536,LN-HM-03536,Mortgage,3100000.0
COL-03537,LN-HM-03537,Mortgage,2690000.0
COL-03538,LN-HM-03538,None,0.0
COL-03539,LN-HM-03539,None,0.0
COL-03540,LN-HM-03540,Hypothecation,2080000.0
COL-03541,LN-HM-03541,Mortgage,10130000.0
COL-03542,LN-HM-03542,Hypothecation,730000.0
COL-03543,LN-HM-03543,Hypothecation,3720000.0
COL-03544,LN-HM-03544,Mortgage,4650000.0
COL-03545,LN-HM-03545,Hypothecation,1460000.0
COL-03546,LN-HM-03546,Hypothecation,1800000.0
COL-03547,LN-HM-03547,Mortgage,6600000.0
COL-03548,LN-HM-03548,Mortgage,3110000.0
COL-03549,LN-HM-03549,Mortgage,6650000.0
COL-03550,LN-HM-03550,Mortgage,10220000.0
COL-03551,LN-HM-03551,Hypothecation,780000.0
COL-03552,LN-HM-03552,None,0.0
COL-03553,LN-HM-03553,Mortgage,3220000.0
COL-03554,LN-HM-03554,Mortgage,3230000.0
COL-03555,LN-HM-03555,Mortgage,3500000.0
COL-03556,LN-HM-03556,Mortgage,2140000.0
COL-03557,LN-HM-03557,Mortgage,4460000.0
COL-03558,LN-HM-03558,Mortgage,5020000.0
COL-03559,LN-HM-03559,Mortgage,4070000.0
COL-03560,LN-HM-03560,Mortgage,3170000.0
COL-03561,LN-HM-03561,None,0.0
COL-03562,LN-HM-03562,Mortgage,7850000.0
COL-03563,LN-HM-03563,Mortgage,3110000.0
COL-03564,LN-HM-03564,None,0.0
COL-03565,LN-HM-03565,None,0.0
COL-03566,LN-HM-03566,Mortgage,5140000.0
COL-03567,LN-HM-03567,Hypothecation,2830000.0
COL-03568,LN-HM-03568,None,0.0
COL-03569,LN-HM-03569,Hypothecation,2380000.0
COL-03570,LN-HM-03570,Mortgage,7020000.0
COL-03571,LN-HM-03571,Mortgage,3610000.0
COL-03572,LN-HM-03572,Mortgage,5450000.0
COL-03573,LN-HM-03573,None,0.0
COL-03574,LN-HM-03574,Hypothecation,1980000.0
COL-03575,LN-HM-03575,Mortgage,18890000.0
COL-03576,LN-HM-03576,Mortgage,1330000.0
COL-03577,LN-HM-03577,Mortgage,2390000.0
COL-03578,LN-HM-03578,Mortgage,4740000.0
COL-03579,LN-HM-03579,None,0.0
COL-03580,LN-HM-03580,Mortgage,2470000.0
COL-03581,LN-HM-03581,None,0.0
COL-03582,LN-HM-03582,None,0.0
COL-03583,LN-HM-03583,Mortgage,2420000.0
COL-03584,LN-HM-03584,Hypothecation,1000000.0
COL-03585,LN-HM-03585,Mortgage,1470000.0
COL-03586,LN-HM-03586,Hypothecation,1560000.0
COL-03587,LN-HM-03587,Hypothecation,550000.0
COL-03588,LN-HM-03588,Mortgage,2790000.0
COL-03589,LN-HM-03589,None,0.0
COL-03590,LN-HM-03590,None,0.0
COL-03591,LN-HM-03591,Hypothecation,520000.0
COL-03592,LN-HM-03592,None,0.0
COL-03593,LN-HM-03593,Hypothecation,1410000.0
COL-03594,LN-HM-03594,Mortgage,4500000.0
COL-03595,LN-HM-03595,None,0.0
COL-03596,LN-HM-03596,Hypothecation,1560000.0
COL-03597,LN-HM-03597,None,0.0
COL-03598,LN-HM-03598,Mortgage,5010000.0
COL-03599,LN-HM-03599,Hypothecation,1240000.0
COL-03600,LN-HM-03600,None,0.0
COL-03601,LN-HM-03601,None,0.0
COL-03602,LN-HM-03602,None,0.0
COL-03603,LN-HM-03603,Mortgage,3290000.0
COL-03604,LN-HM-03604,Hypothecation,610000.0
COL-03605,LN-HM-03605,None,0.0
COL-03606,LN-HM-03606,None,0.0
COL-03607,LN-HM-03607,None,0.0
COL-03608,LN-HM-03608,Mortgage,4630000.0
COL-03609,LN-HM-03609,Mortgage,8810000.0
COL-03610,LN-HM-03610,None,0.0
COL-03611,LN-HM-03611,Hypothecation,510000.0
COL-03612,LN-HM-03612,None,0.0
COL-03613,LN-HM-03613,Mortgage,18280000.0
COL-03614,LN-HM-03614,Hypothecation,1010000.0
COL-03615,LN-HM-03615,Mortgage,7360000.0
COL-03616,LN-HM-03616,Hypothecation,880000.0
COL-03617,LN-HM-03617,Mortgage,6760000.0
COL-03618,LN-HM-03618,Hypothecation,1860000.0
COL-03619,LN-HM-03619,Hypothecation,8350000.0
COL-03620,LN-HM-03620,Mortgage,4030000.0
COL-03621,LN-HM-03621,Hypothecation,1110000.0
COL-03622,LN-HM-03622,Mortgage,5420000.0
COL-03623,LN-HM-03623,Mortgage,2010000.0
COL-03624,LN-HM-03624,Hypothecation,1320000.0
COL-03625,LN-HM-03625,Mortgage,4200000.0
COL-03626,LN-HM-03626,Mortgage,2710000.0
COL-03627,LN-HM-03627,Mortgage,5620000.0
COL-03628,LN-HM-03628,Mortgage,3590000.0
COL-03629,LN-HM-03629,Mortgage,5560000.0
COL-03630,LN-HM-03630,Mortgage,12150000.0
COL-03631,LN-HM-03631,Mortgage,4870000.0
COL-03632,LN-HM-03632,None,0.0
COL-03633,LN-HM-03633,Mortgage,2010000.0
COL-03634,LN-HM-03634,Mortgage,5830000.0
COL-03635,LN-HM-03635,None,0.0
COL-03636,LN-HM-03636,None,0.0
COL-03637,LN-HM-03637,Hypothecation,3900000.0
COL-03638,LN-HM-03638,Mortgage,3360000.0
COL-03639,LN-HM-03639,Mortgage,1860000.0
COL-03640,LN-HM-03640,Mortgage,6730000.0
COL-03641,LN-HM-03641,None,0.0
COL-03642,LN-HM-03642,Mortgage,5820000.0
COL-03643,LN-HM-03643,Mortgage,3920000.0
COL-03644,LN-HM-03644,Mortgage,1620000.0
COL-03645,LN-HM-03645,None,0.0
COL-03646,LN-HM-03646,Mortgage,1620000.0
COL-03647,LN-HM-03647,Hypothecation,2070000.0
COL-03648,LN-HM-03648,Mortgage,6080000.0
COL-03649,LN-HM-03649,Mortgage,3280000.0
COL-03650,LN-HM-03650,Hypothecation,1130000.0
COL-03651,LN-HM-03651,Hypothecation,1670000.0
COL-03652,LN-HM-03652,Mortgage,2280000.0
COL-03653,LN-HM-03653,None,0.0
COL-03654,LN-HM-03654,Mortgage,15300000.0
COL-03655,LN-HM-03655,None,0.0
COL-03656,LN-HM-03656,None,0.0
COL-03657,LN-HM-03657,Hypothecation,1950000.0
COL-03658,LN-HM-03658,None,0.0
COL-03659,LN-HM-03659,Mortgage,3890000.0
COL-03660,LN-HM-03660,None,0.0
COL-03661,LN-HM-03661,Mortgage,4920000.0
COL-03662,LN-HM-03662,Mortgage,1240000.0
COL-03663,LN-HM-03663,Mortgage,3440000.0
COL-03664,LN-HM-03664,Mortgage,3670000.0
COL-03665,LN-HM-03665,Mortgage,5500000.0
COL-03666,LN-HM-03666,Mortgage,23870000.0
COL-03667,LN-HM-03667,None,0.0
COL-03668,LN-HM-03668,Mortgage,3730000.0
COL-03669,LN-HM-03669,None,0.0
COL-03670,LN-HM-03670,None,0.0
COL-03671,LN-HM-03671,Mortgage,7080000.0
COL-03672,LN-HM-03672,Hypothecation,1150000.0
COL-03673,LN-HM-03673,Mortgage,2980000.0
COL-03674,LN-HM-03674,Mortgage,16160000.0
COL-03675,LN-HM-03675,Mortgage,4930000.0
COL-03676,LN-HM-03676,Mortgage,9340000.0
COL-03677,LN-HM-03677,None,0.0
COL-03678,LN-HM-03678,Hypothecation,810000.0
COL-03679,LN-HM-03679,Mortgage,7390000.0
COL-03680,LN-HM-03680,None,0.0
COL-03681,LN-HM-03681,Mortgage,5750000.0
COL-03682,LN-HM-03682,None,0.0
COL-03683,LN-HM-03683,Mortgage,4430000.0
COL-03684,LN-HM-03684,Hypothecation,3360000.0
COL-03685,LN-HM-03685,None,0.0
COL-03686,LN-HM-03686,None,0.0
COL-03687,LN-HM-03687,None,0.0
COL-03688,LN-HM-03688,None,0.0
COL-03689,LN-HM-03689,Mortgage,3680000.0
COL-03690,LN-HM-03690,Mortgage,4880000.0
COL-03691,LN-HM-03691,Hypothecation,590000.0
COL-03692,LN-HM-03692,None,0.0
COL-03693,LN-HM-03693,Mortgage,4030000.0
COL-03694,LN-HM-03694,None,0.0
COL-03695,LN-HM-03695,None,0.0
COL-03696,LN-HM-03696,Mortgage,2350000.0
COL-03697,LN-HM-03697,Hypothecation,1110000.0
COL-03698,LN-HM-03698,Mortgage,5200000.0
COL-03699,LN-HM-03699,Mortgage,2360000.0
COL-03700,LN-HM-03700,Mortgage,4580000.0
COL-03701,LN-HM-03701,Hypothecation,3180000.0
COL-03702,LN-HM-03702,None,0.0
COL-03703,LN-HM-03703,None,0.0
COL-03704,LN-HM-03704,None,0.0
COL-03705,LN-HM-03705,None,0.0
COL-03706,LN-HM-03706,Hypothecation,1570000.0
COL-03707,LN-HM-03707,None,0.0
COL-03708,LN-HM-03708,None,0.0
COL-03709,LN-HM-03709,None,0.0
COL-03710,LN-HM-03710,Mortgage,3510000.0
COL-03711,LN-HM-03711,Hypothecation,1180000.0
COL-03712,LN-HM-03712,Hypothecation,780000.0
COL-03713,LN-HM-03713,Hypothecation,3090000.0
COL-03714,LN-HM-03714,None,0.0
COL-03715,LN-HM-03715,None,0.0
COL-03716,LN-HM-03716,Mortgage,4830000.0
COL-03717,LN-HM-03717,Mortgage,14890000.0
COL-03718,LN-HM-03718,None,0.0
COL-03719,LN-HM-03719,None,0.0
COL-03720,LN-HM-03720,Hypothecation,2840000.0
COL-03721,LN-HM-03721,Mortgage,5650000.0
COL-03722,LN-HM-03722,Mortgage,1480000.0
COL-03723,LN-HM-03723,Hypothecation,640000.0
COL-03724,LN-HM-03724,Mortgage,2990000.0
COL-03725,LN-HM-03725,Mortgage,5420000.0
COL-03726,LN-HM-03726,Mortgage,8930000.0
COL-03727,LN-HM-03727,None,0.0
COL-03728,LN-HM-03728,Mortgage,3880000.0
COL-03729,LN-HM-03729,None,0.0
COL-03730,LN-HM-03730,Hypothecation,2220000.0
COL-03731,LN-HM-03731,None,0.0
COL-03732,LN-HM-03732,Hypothecation,4950000.0
COL-03733,LN-HM-03733,Mortgage,8040000.0
COL-03734,LN-HM-03734,Hypothecation,3220000.0
COL-03735,LN-HM-03735,None,0.0
COL-03736,LN-HM-03736,Mortgage,5880000.0
COL-03737,LN-HM-03737,Mortgage,2010000.0
COL-03738,LN-HM-03738,Mortgage,4540000.0
COL-03739,LN-HM-03739,Mortgage,6740000.0
COL-03740,LN-HM-03740,None,0.0
COL-03741,LN-HM-03741,None,0.0
COL-03742,LN-HM-03742,Mortgage,8560000.0
COL-03743,LN-HM-03743,Mortgage,3460000.0
COL-03744,LN-HM-03744,Mortgage,5680000.0
COL-03745,LN-HM-03745,None,0.0
COL-03746,LN-HM-03746,Hypothecation,1270000.0
COL-03747,LN-HM-03747,Mortgage,7340000.0
COL-03748,LN-HM-03748,Mortgage,2330000.0
COL-03749,LN-HM-03749,Mortgage,5770000.0
COL-03750,LN-HM-03750,Mortgage,2580000.0
COL-03751,LN-HM-03751,Hypothecation,1300000.0
COL-03752,LN-HM-03752,Mortgage,5630000.0
COL-03753,LN-HM-03753,Mortgage,5850000.0
COL-03754,LN-HM-03754,Mortgage,7530000.0
COL-03755,LN-HM-03755,Hypothecation,3340000.0
COL-03756,LN-HM-03756,Mortgage,3390000.0
COL-03757,LN-HM-03757,Mortgage,2200000.0
COL-03758,LN-HM-03758,Mortgage,2290000.0
COL-03759,LN-HM-03759,Mortgage,1670000.0
COL-03760,LN-HM-03760,Mortgage,3980000.0
COL-03761,LN-HM-03761,Hypothecation,1020000.0
COL-03762,LN-HM-03762,None,0.0
COL-03763,LN-HM-03763,None,0.0
COL-03764,LN-HM-03764,None,0.0
COL-03765,LN-HM-03765,Hypothecation,2330000.0
COL-03766,LN-HM-03766,Mortgage,7530000.0
COL-03767,LN-HM-03767,Mortgage,1490000.0
COL-03768,LN-HM-03768,None,0.0
COL-03769,LN-HM-03769,None,0.0
COL-03770,LN-HM-03770,Hypothecation,1770000.0
COL-03771,LN-HM-03771,Hypothecation,680000.0
COL-03772,LN-HM-03772,None,0.0
COL-03773,LN-HM-03773,Mortgage,3340000.0
COL-03774,LN-HM-03774,Mortgage,6460000.0
COL-03775,LN-HM-03775,None,0.0
COL-03776,LN-HM-03776,None,0.0
COL-03777,LN-HM-03777,None,0.0
COL-03778,LN-HM-03778,None,0.0
COL-03779,LN-HM-03779,Mortgage,3840000.0
COL-03780,LN-HM-03780,Mortgage,8800000.0
COL-03781,LN-HM-03781,Mortgage,3220000.0
COL-03782,LN-HM-03782,None,0.0
COL-03783,LN-HM-03783,None,0.0
COL-03784,LN-HM-03784,None,0.0
COL-03785,LN-HM-03785,Mortgage,5310000.0
COL-03786,LN-HM-03786,None,0.0
COL-03787,LN-HM-03787,Hypothecation,1740000.0
COL-03788,LN-HM-03788,Hypothecation,1100000.0
COL-03789,LN-HM-03789,None,0.0
COL-03790,LN-HM-03790,None,0.0
COL-03791,LN-HM-03791,None,0.0
COL-03792,LN-HM-03792,Mortgage,6340000.0
COL-03793,LN-HM-03793,Mortgage,11280000.0
COL-03794,LN-HM-03794,Mortgage,9620000.0
COL-03795,LN-HM-03795,Mortgage,2470000.0
COL-03796,LN-HM-03796,Mortgage,9270000.0
COL-03797,LN-HM-03797,None,0.0
COL-03798,LN-HM-03798,Mortgage,6860000.0
COL-03799,LN-HM-03799,Mortgage,1600000.0
COL-03800,LN-HM-03800,None,0.0
COL-03801,LN-HM-03801,Mortgage,2160000.0
COL-03802,LN-HM-03802,None,0.0
COL-03803,LN-HM-03803,Mortgage,2360000.0
COL-03804,LN-HM-03804,Mortgage,7120000.0
COL-03805,LN-HM-03805,Hypothecation,1370000.0
COL-03806,LN-HM-03806,Mortgage,1060000.0
COL-03807,LN-HM-03807,Mortgage,4880000.0
COL-03808,LN-HM-03808,Hypothecation,1130000.0
COL-03809,LN-HM-03809,None,0.0
COL-03810,LN-HM-03810,Mortgage,9470000.0
COL-03811,LN-HM-03811,Mortgage,12900000.0
COL-03812,LN-HM-03812,Hypothecation,1080000.0
COL-03813,LN-HM-03813,None,0.0
COL-03814,LN-HM-03814,Hypothecation,800000.0
COL-03815,LN-HM-03815,Hypothecation,1560000.0
COL-03816,LN-HM-03816,Mortgage,2920000.0
COL-03817,LN-HM-03817,None,0.0
COL-03818,LN-HM-03818,Hypothecation,1090000.0
COL-03819,LN-HM-03819,Mortgage,6250000.0
COL-03820,LN-HM-03820,Mortgage,6830000.0
COL-03821,LN-HM-03821,None,0.0
COL-03822,LN-HM-03822,Hypothecation,720000.0
COL-03823,LN-HM-03823,None,0.0
COL-03824,LN-HM-03824,Mortgage,5190000.0
COL-03825,LN-HM-03825,Mortgage,6640000.0
COL-03826,LN-HM-03826,Hypothecation,2100000.0
COL-03827,LN-HM-03827,Mortgage,4100000.0
COL-03828,LN-HM-03828,Mortgage,4460000.0
COL-03829,LN-HM-03829,Mortgage,3210000.0
COL-03830,LN-HM-03830,Mortgage,3320000.0
COL-03831,LN-HM-03831,Mortgage,2450000.0
COL-03832,LN-HM-03832,Mortgage,9410000.0
COL-03833,LN-HM-03833,None,0.0
COL-03834,LN-HM-03834,None,0.0
COL-03835,LN-HM-03835,None,0.0
COL-03836,LN-HM-03836,Mortgage,2560000.0
COL-03837,LN-HM-03837,Mortgage,5760000.0
COL-03838,LN-HM-03838,None,0.0
COL-03839,LN-HM-03839,Mortgage,2120000.0
COL-03840,LN-HM-03840,Mortgage,4220000.0
COL-03841,LN-HM-03841,None,0.0
COL-03842,LN-HM-03842,Hypothecation,1740000.0
COL-03843,LN-HM-03843,Mortgage,2570000.0
COL-03844,LN-HM-03844,Mortgage,9170000.0
COL-03845,LN-HM-03845,Mortgage,2220000.0
COL-03846,LN-HM-03846,Mortgage,4930000.0
COL-03847,LN-HM-03847,None,0.0
COL-03848,LN-HM-03848,Mortgage,1060000.0
COL-03849,LN-HM-03849,Hypothecation,2130000.0
COL-03850,LN-HM-03850,Mortgage,6190000.0
COL-03851,LN-HM-03851,Mortgage,2630000.0
COL-03852,LN-HM-03852,Hypothecation,1210000.0
COL-03853,LN-HM-03853,Hypothecation,700000.0
COL-03854,LN-HM-03854,Mortgage,3170000.0
COL-03855,LN-HM-03855,Hypothecation,1610000.0
COL-03856,LN-HM-03856,Hypothecation,590000.0
COL-03857,LN-HM-03857,Hypothecation,890000.0
COL-03858,LN-HM-03858,Mortgage,2500000.0
COL-03859,LN-HM-03859,Mortgage,4780000.0
COL-03860,LN-HM-03860,Mortgage,3530000.0
COL-03861,LN-HM-03861,Hypothecation,690000.0
COL-03862,LN-HM-03862,None,0.0
COL-03863,LN-HM-03863,Mortgage,6000000.0
COL-03864,LN-HM-03864,Hypothecation,1620000.0
COL-03865,LN-HM-03865,Hypothecation,880000.0
COL-03866,LN-HM-03866,None,0.0
COL-03867,LN-HM-03867,Mortgage,4740000.0
COL-03868,LN-HM-03868,Hypothecation,1050000.0
COL-03869,LN-HM-03869,Mortgage,3570000.0
COL-03870,LN-HM-03870,None,0.0
COL-03871,LN-HM-03871,None,0.0
COL-03872,LN-HM-03872,Mortgage,1670000.0
COL-03873,LN-HM-03873,None,0.0
COL-03874,LN-HM-03874,None,0.0
COL-03875,LN-HM-03875,Mortgage,6120000.0
COL-03876,LN-HM-03876,None,0.0
COL-03877,LN-HM-03877,Mortgage,2830000.0
COL-03878,LN-HM-03878,None,0.0
COL-03879,LN-HM-03879,Hypothecation,4650000.0
COL-03880,LN-HM-03880,None,0.0
COL-03881,LN-HM-03881,Mortgage,2520000.0
COL-03882,LN-HM-03882,None,0.0
COL-03883,LN-HM-03883,None,0.0
COL-03884,LN-HM-03884,Mortgage,2730000.0
COL-03885,LN-HM-03885,None,0.0
COL-03886,LN-HM-03886,None,0.0
COL-03887,LN-HM-03887,Mortgage,2450000.0
COL-03888,LN-HM-03888,Mortgage,3640000.0
COL-03889,LN-HM-03889,Hypothecation,360000.0
COL-03890,LN-HM-03890,None,0.0
COL-03891,LN-HM-03891,Mortgage,5080000.0
COL-03892,LN-HM-03892,Mortgage,4230000.0
COL-03893,LN-HM-03893,Hypothecation,1010000.0
COL-03894,LN-HM-03894,None,0.0
COL-03895,LN-HM-03895,Mortgage,2660000.0
COL-03896,LN-HM-03896,Hypothecation,920000.0
COL-03897,LN-HM-03897,Mortgage,2100000.0
COL-03898,LN-HM-03898,Mortgage,4100000.0
COL-03899,LN-HM-03899,None,0.0
COL-03900,LN-HM-03900,Mortgage,2880000.0
COL-03901,LN-HM-03901,Mortgage,2200000.0
COL-03902,LN-HM-03902,None,0.0
COL-03903,LN-HM-03903,Mortgage,6390000.0
COL-03904,LN-HM-03904,None,0.0
COL-03905,LN-HM-03905,None,0.0
COL-03906,LN-HM-03906,Mortgage,3040000.0
COL-03907,LN-HM-03907,Mortgage,8720000.0
COL-03908,LN-HM-03908,Mortgage,3690000.0
COL-03909,LN-HM-03909,Hypothecation,1640000.0
COL-03910,LN-HM-03910,Mortgage,5280000.0
COL-03911,LN-HM-03911,None,0.0
COL-03912,LN-HM-03912,None,0.0
COL-03913,LN-HM-03913,None,0.0
COL-03914,LN-HM-03914,Mortgage,7990000.0
COL-03915,LN-HM-03915,Mortgage,8380000.0
COL-03916,LN-HM-03916,None,0.0
COL-03917,LN-HM-03917,None,0.0
COL-03918,LN-HM-03918,Mortgage,5290000.0
COL-03919,LN-HM-03919,Mortgage,2000000.0
COL-03920,LN-HM-03920,None,0.0
COL-03921,LN-HM-03921,None,0.0
COL-03922,LN-HM-03922,Mortgage,3210000.0
COL-03923,LN-HM-03923,Mortgage,9850000.0
COL-03924,LN-HM-03924,Hypothecation,850000.0
COL-03925,LN-HM-03925,Mortgage,2830000.0
COL-03926,LN-HM-03926,Mortgage,8140000.0
COL-03927,LN-HM-03927,None,0.0
COL-03928,LN-HM-03928,Mortgage,2480000.0
COL-03929,LN-HM-03929,Mortgage,6040000.0
COL-03930,LN-HM-03930,Hypothecation,900000.0
COL-03931,LN-HM-03931,Mortgage,7540000.0
COL-03932,LN-HM-03932,None,0.0
COL-03933,LN-HM-03933,Mortgage,2430000.0
COL-03934,LN-HM-03934,Mortgage,5270000.0
COL-03935,LN-HM-03935,Mortgage,1250000.0
COL-03936,LN-HM-03936,None,0.0
COL-03937,LN-HM-03937,Mortgage,5790000.0
COL-03938,LN-HM-03938,Mortgage,2770000.0
COL-03939,LN-HM-03939,Mortgage,3220000.0
COL-03940,LN-HM-03940,Hypothecation,1820000.0
COL-03941,LN-HM-03941,Hypothecation,1680000.0
COL-03942,LN-HM-03942,Mortgage,1970000.0
COL-03943,LN-HM-03943,None,0.0
COL-03944,LN-HM-03944,Mortgage,6530000.0
COL-03945,LN-HM-03945,Mortgage,4730000.0
COL-03946,LN-HM-03946,Mortgage,3410000.0
COL-03947,LN-HM-03947,Mortgage,9400000.0
COL-03948,LN-HM-03948,Mortgage,7520000.0
COL-03949,LN-HM-03949,Mortgage,3960000.0
COL-03950,LN-HM-03950,Mortgage,4730000.0
COL-03951,LN-HM-03951,Mortgage,2210000.0
COL-03952,LN-HM-03952,Hypothecation,1380000.0
COL-03953,LN-HM-03953,None,0.0
COL-03954,LN-HM-03954,None,0.0
COL-03955,LN-HM-03955,Hypothecation,2010000.0
COL-03956,LN-HM-03956,Hypothecation,3500000.0
COL-03957,LN-HM-03957,None,0.0
COL-03958,LN-HM-03958,Mortgage,2570000.0
COL-03959,LN-HM-03959,Mortgage,11690000.0
COL-03960,LN-HM-03960,Mortgage,6560000.0
COL-03961,LN-HM-03961,Mortgage,5520000.0
COL-03962,LN-HM-03962,Mortgage,4040000.0
COL-03963,LN-HM-03963,Mortgage,6070000.0
COL-03964,LN-HM-03964,None,0.0
COL-03965,LN-HM-03965,Mortgage,3400000.0
COL-03966,LN-HM-03966,Mortgage,8530000.0
COL-03967,LN-HM-03967,Hypothecation,1400000.0
COL-03968,LN-HM-03968,Hypothecation,490000.0
COL-03969,LN-HM-03969,None,0.0
COL-03970,LN-HM-03970,None,0.0
COL-03971,LN-HM-03971,None,0.0
COL-03972,LN-HM-03972,Hypothecation,2090000.0
COL-03973,LN-HM-03973,None,0.0
COL-03974,LN-HM-03974,None,0.0
COL-03975,LN-HM-03975,Mortgage,5400000.0
COL-03976,LN-HM-03976,Mortgage,3650000.0
COL-03977,LN-HM-03977,None,0.0
COL-03978,LN-HM-03978,Mortgage,12870000.0
COL-03979,LN-HM-03979,Mortgage,2100000.0
COL-03980,LN-HM-03980,Hypothecation,2960000.0
COL-03981,LN-HM-03981,Mortgage,2740000.0
COL-03982,LN-HM-03982,Mortgage,2830000.0
COL-03983,LN-HM-03983,None,0.0
COL-03984,LN-HM-03984,Hypothecation,3810000.0
COL-03985,LN-HM-03985,Mortgage,2510000.0
COL-03986,LN-HM-03986,Hypothecation,1620000.0
COL-03987,LN-HM-03987,Mortgage,2590000.0
COL-03988,LN-HM-03988,Mortgage,15710000.0
COL-03989,LN-HM-03989,Mortgage,3690000.0
COL-03990,LN-HM-03990,Hypothecation,420000.0
COL-03991,LN-HM-03991,Mortgage,2890000.0
COL-03992,LN-HM-03992,Mortgage,12730000.0
COL-03993,LN-HM-03993,None,0.0
COL-03994,LN-HM-03994,Hypothecation,1050000.0
COL-03995,LN-HM-03995,Hypothecation,2820000.0
COL-03996,LN-HM-03996,None,0.0
COL-03997,LN-HM-03997,Hypothecation,780000.0
COL-03998,LN-HM-03998,Mortgage,5740000.0
COL-03999,LN-HM-03999,Hypothecation,1520000.0
COL-04000,LN-HM-04000,Hypothecation,1520000.0
COL-04001,LN-HM-04001,None,0.0
COL-04002,LN-HM-04002,Mortgage,6720000.0
COL-04003,LN-HM-04003,Mortgage,4000000.0
COL-04004,LN-HM-04004,Hypothecation,770000.0
COL-04005,LN-HM-04005,Hypothecation,2370000.0
COL-04006,LN-HM-04006,Mortgage,2040000.0
COL-04007,LN-HM-04007,Mortgage,1410000.0
COL-04008,LN-HM-04008,Mortgage,3470000.0
COL-04009,LN-HM-04009,Mortgage,6680000.0
COL-04010,LN-HM-04010,Hypothecation,1190000.0
COL-04011,LN-HM-04011,Mortgage,3610000.0
COL-04012,LN-HM-04012,Mortgage,3180000.0
COL-04013,LN-HM-04013,None,0.0
COL-04014,LN-HM-04014,Hypothecation,930000.0
COL-04015,LN-HM-04015,Mortgage,5650000.0
COL-04016,LN-HM-04016,None,0.0
COL-04017,LN-HM-04017,Mortgage,3650000.0
COL-04018,LN-HM-04018,Hypothecation,1160000.0
COL-04019,LN-HM-04019,Hypothecation,1810000.0
COL-04020,LN-HM-04020,Mortgage,1500000.0
COL-04021,LN-HM-04021,None,0.0
COL-04022,LN-HM-04022,Mortgage,3920000.0
COL-04023,LN-HM-04023,None,0.0
COL-04024,LN-HM-04024,Mortgage,3200000.0
COL-04025,LN-HM-04025,None,0.0
COL-04026,LN-HM-04026,Mortgage,1900000.0
COL-04027,LN-HM-04027,None,0.0
COL-04028,LN-HM-04028,None,0.0
COL-04029,LN-HM-04029,Hypothecation,3380000.0
COL-04030,LN-HM-04030,Mortgage,5310000.0
COL-04031,LN-HM-04031,Hypothecation,880000.0
COL-04032,LN-HM-04032,Mortgage,3650000.0
COL-04033,LN-HM-04033,Mortgage,3250000.0
COL-04034,LN-HM-04034,None,0.0
COL-04035,LN-HM-04035,Mortgage,3050000.0
COL-04036,LN-HM-04036,None,0.0
COL-04037,LN-HM-04037,Mortgage,3350000.0
COL-04038,LN-HM-04038,Mortgage,10470000.0
COL-04039,LN-HM-04039,Mortgage,6350000.0
COL-04040,LN-HM-04040,Mortgage,9350000.0
COL-04041,LN-HM-04041,Hypothecation,5800000.0
COL-04042,LN-HM-04042,Mortgage,970000.0
COL-04043,LN-HM-04043,Mortgage,6040000.0
COL-04044,LN-HM-04044,Hypothecation,1170000.0
COL-04045,LN-HM-04045,None,0.0
COL-04046,LN-HM-04046,Mortgage,4540000.0
COL-04047,LN-HM-04047,Mortgage,5820000.0
COL-04048,LN-HM-04048,Hypothecation,1340000.0
COL-04049,LN-HM-04049,Hypothecation,2890000.0
COL-04050,LN-HM-04050,Mortgage,6000000.0
COL-04051,LN-HM-04051,Mortgage,3400000.0
COL-04052,LN-HM-04052,Mortgage,2620000.0
COL-04053,LN-HM-04053,None,0.0
COL-04054,LN-HM-04054,None,0.0
COL-04055,LN-HM-04055,Mortgage,11250000.0
COL-04056,LN-HM-04056,None,0.0
COL-04057,LN-HM-04057,None,0.0
COL-04058,LN-HM-04058,None,0.0
COL-04059,LN-HM-04059,None,0.0
COL-04060,LN-HM-04060,Mortgage,5010000.0
COL-04061,LN-HM-04061,Mortgage,6500000.0
COL-04062,LN-HM-04062,Hypothecation,1020000.0
COL-04063,LN-HM-04063,Mortgage,10500000.0
COL-04064,LN-HM-04064,None,0.0
COL-04065,LN-HM-04065,Mortgage,3910000.0
COL-04066,LN-HM-04066,None,0.0
COL-04067,LN-HM-04067,Mortgage,3930000.0
COL-04068,LN-HM-04068,Mortgage,1590000.0
COL-04069,LN-HM-04069,Mortgage,1850000.0
COL-04070,LN-HM-04070,Mortgage,2950000.0
COL-04071,LN-HM-04071,Mortgage,15780000.0
COL-04072,LN-HM-04072,Hypothecation,1320000.0
COL-04073,LN-HM-04073,Hypothecation,1690000.0
COL-04074,LN-HM-04074,None,0.0
COL-04075,LN-HM-04075,None,0.0
COL-04076,LN-HM-04076,Mortgage,3180000.0
COL-04077,LN-HM-04077,None,0.0
COL-04078,LN-HM-04078,Mortgage,3850000.0
COL-04079,LN-HM-04079,None,0.0
COL-04080,LN-HM-04080,None,0.0
COL-04081,LN-HM-04081,Mortgage,2290000.0
COL-04082,LN-HM-04082,Mortgage,1360000.0
COL-04083,LN-HM-04083,None,0.0
COL-04084,LN-HM-04084,Mortgage,4140000.0
COL-04085,LN-HM-04085,None,0.0
COL-04086,LN-HM-04086,None,0.0
COL-04087,LN-HM-04087,Hypothecation,1760000.0
COL-04088,LN-HM-04088,Mortgage,2180000.0
COL-04089,LN-HM-04089,Hypothecation,1110000.0
COL-04090,LN-HM-04090,None,0.0
COL-04091,LN-HM-04091,Mortgage,3790000.0
COL-04092,LN-HM-04092,Mortgage,9660000.0
COL-04093,LN-HM-04093,Mortgage,3050000.0
COL-04094,LN-HM-04094,Mortgage,7590000.0
COL-04095,LN-HM-04095,Mortgage,2130000.0
COL-04096,LN-HM-04096,Mortgage,3830000.0
COL-04097,LN-HM-04097,Mortgage,2710000.0
COL-04098,LN-HM-04098,Mortgage,1800000.0
COL-04099,LN-HM-04099,Mortgage,9810000.0
COL-04100,LN-HM-04100,Mortgage,2420000.0
COL-04101,LN-HM-04101,Hypothecation,870000.0
COL-04102,LN-HM-04102,Mortgage,8170000.0
COL-04103,LN-HM-04103,Mortgage,3650000.0
COL-04104,LN-HM-04104,Mortgage,9110000.0
COL-04105,LN-HM-04105,None,0.0
COL-04106,LN-HM-04106,Hypothecation,710000.0
COL-04107,LN-HM-04107,None,0.0
COL-04108,LN-HM-04108,None,0.0
COL-04109,LN-HM-04109,None,0.0
COL-04110,LN-HM-04110,None,0.0
COL-04111,LN-HM-04111,Mortgage,2070000.0
COL-04112,LN-HM-04112,Mortgage,12370000.0
COL-04113,LN-HM-04113,None,0.0
COL-04114,LN-HM-04114,Mortgage,3600000.0
COL-04115,LN-HM-04115,Mortgage,4200000.0
COL-04116,LN-HM-04116,None,0.0
COL-04117,LN-HM-04117,Mortgage,2420000.0
COL-04118,LN-HM-04118,None,0.0
COL-04119,LN-HM-04119,Mortgage,1060000.0
COL-04120,LN-HM-04120,Mortgage,1380000.0
COL-04121,LN-HM-04121,None,0.0
COL-04122,LN-HM-04122,Hypothecation,780000.0
COL-04123,LN-HM-04123,Mortgage,4130000.0
COL-04124,LN-HM-04124,None,0.0
COL-04125,LN-HM-04125,Mortgage,2600000.0
COL-04126,LN-HM-04126,None,0.0
COL-04127,LN-HM-04127,Hypothecation,1590000.0
COL-04128,LN-HM-04128,Hypothecation,1980000.0
COL-04129,LN-HM-04129,Mortgage,2060000.0
COL-04130,LN-HM-04130,Hypothecation,820000.0
COL-04131,LN-HM-04131,Hypothecation,2330000.0
COL-04132,LN-HM-04132,Mortgage,1640000.0
COL-04133,LN-HM-04133,None,0.0
COL-04134,LN-HM-04134,Mortgage,4020000.0
COL-04135,LN-HM-04135,Mortgage,1010000.0
COL-04136,LN-HM-04136,None,0.0
COL-04137,LN-HM-04137,Hypothecation,1240000.0
COL-04138,LN-HM-04138,Mortgage,3930000.0
COL-04139,LN-HM-04139,Mortgage,2610000.0
COL-04140,LN-HM-04140,None,0.0
COL-04141,LN-HM-04141,Hypothecation,2670000.0
COL-04142,LN-HM-04142,Mortgage,4900000.0
COL-04143,LN-HM-04143,Mortgage,2930000.0
COL-04144,LN-HM-04144,None,0.0
COL-04145,LN-HM-04145,Mortgage,7570000.0
COL-04146,LN-HM-04146,Hypothecation,820000.0
COL-04147,LN-HM-04147,Hypothecation,1080000.0
COL-04148,LN-HM-04148,Mortgage,6090000.0
COL-04149,LN-HM-04149,Mortgage,7950000.0
COL-04150,LN-HM-04150,None,0.0
COL-04151,LN-HM-04151,Mortgage,4160000.0
COL-04152,LN-HM-04152,None,0.0
COL-04153,LN-HM-04153,Mortgage,2890000.0
COL-04154,LN-HM-04154,Hypothecation,4340000.0
COL-04155,LN-HM-04155,Mortgage,2650000.0
COL-04156,LN-HM-04156,Mortgage,4740000.0
COL-04157,LN-HM-04157,Mortgage,4500000.0
COL-04158,LN-HM-04158,None,0.0
COL-04159,LN-HM-04159,Mortgage,3250000.0
COL-04160,LN-HM-04160,None,0.0
COL-04161,LN-HM-04161,None,0.0
COL-04162,LN-HM-04162,None,0.0
COL-04163,LN-HM-04163,Hypothecation,2790000.0
COL-04164,LN-HM-04164,Hypothecation,1070000.0
COL-04165,LN-HM-04165,Hypothecation,670000.0
COL-04166,LN-HM-04166,None,0.0
COL-04167,LN-HM-04167,Mortgage,2480000.0
COL-04168,LN-HM-04168,Mortgage,2030000.0
COL-04169,LN-HM-04169,Mortgage,4340000.0
COL-04170,LN-HM-04170,Mortgage,3690000.0
COL-04171,LN-HM-04171,Hypothecation,4450000.0
COL-04172,LN-HM-04172,None,0.0
COL-04173,LN-HM-04173,None,0.0
COL-04174,LN-HM-04174,Mortgage,3140000.0
COL-04175,LN-HM-04175,Mortgage,6490000.0
COL-04176,LN-HM-04176,None,0.0
COL-04177,LN-HM-04177,Hypothecation,1620000.0
COL-04178,LN-HM-04178,Hypothecation,550000.0
COL-04179,LN-HM-04179,Mortgage,3100000.0
COL-04180,LN-HM-04180,None,0.0
COL-04181,LN-HM-04181,Mortgage,15500000.0
COL-04182,LN-HM-04182,Mortgage,1100000.0
COL-04183,LN-HM-04183,Hypothecation,1380000.0
COL-04184,LN-HM-04184,None,0.0
COL-04185,LN-HM-04185,Mortgage,1240000.0
COL-04186,LN-HM-04186,None,0.0
COL-04187,LN-HM-04187,Mortgage,3480000.0
COL-04188,LN-HM-04188,Mortgage,3740000.0
COL-04189,LN-HM-04189,Mortgage,5150000.0
COL-04190,LN-HM-04190,None,0.0
COL-04191,LN-HM-04191,Mortgage,1430000.0
COL-04192,LN-HM-04192,None,0.0
COL-04193,LN-HM-04193,Mortgage,4090000.0
COL-04194,LN-HM-04194,None,0.0
COL-04195,LN-HM-04195,Hypothecation,990000.0
COL-04196,LN-HM-04196,Mortgage,11160000.0
COL-04197,LN-HM-04197,Mortgage,4750000.0
COL-04198,LN-HM-04198,Mortgage,10190000.0
COL-04199,LN-HM-04199,Mortgage,3120000.0
COL-04200,LN-HM-04200,None,0.0
COL-04201,LN-HM-04201,Mortgage,1040000.0
COL-04202,LN-HM-04202,None,0.0
COL-04203,LN-HM-04203,None,0.0
COL-04204,LN-HM-04204,None,0.0
COL-04205,LN-HM-04205,Mortgage,3290000.0
COL-04206,LN-HM-04206,Mortgage,4340000.0
COL-04207,LN-HM-04207,Mortgage,7390000.0
COL-04208,LN-HM-04208,None,0.0
COL-04209,LN-HM-04209,Mortgage,4140000.0
COL-04210,LN-HM-04210,Mortgage,9890000.0
COL-04211,LN-HM-04211,None,0.0
COL-04212,LN-HM-04212,Mortgage,3020000.0
COL-04213,LN-HM-04213,Mortgage,1610000.0
COL-04214,LN-HM-04214,Mortgage,3860000.0
COL-04215,LN-HM-04215,Hypothecation,960000.0
COL-04216,LN-HM-04216,None,0.0
COL-04217,LN-HM-04217,None,0.0
COL-04218,LN-HM-04218,Mortgage,4460000.0
COL-04219,LN-HM-04219,Mortgage,3170000.0
COL-04220,LN-HM-04220,Mortgage,3320000.0
COL-04221,LN-HM-04221,Mortgage,3630000.0
COL-04222,LN-HM-04222,Hypothecation,560000.0
COL-04223,LN-HM-04223,None,0.0
COL-04224,LN-HM-04224,Mortgage,4230000.0
COL-04225,LN-HM-04225,None,0.0
COL-04226,LN-HM-04226,None,0.0
COL-04227,LN-HM-04227,Mortgage,4790000.0
COL-04228,LN-HM-04228,None,0.0
COL-04229,LN-HM-04229,Mortgage,4940000.0
COL-04230,LN-HM-04230,Hypothecation,1450000.0
COL-04231,LN-HM-04231,Mortgage,6040000.0
COL-04232,LN-HM-04232,Mortgage,3180000.0
COL-04233,LN-HM-04233,None,0.0
COL-04234,LN-HM-04234,None,0.0
COL-04235,LN-HM-04235,None,0.0
COL-04236,LN-HM-04236,None,0.0
COL-04237,LN-HM-04237,Mortgage,5270000.0
COL-04238,LN-HM-04238,Mortgage,1400000.0
COL-04239,LN-HM-04239,Mortgage,1280000.0
COL-04240,LN-HM-04240,Mortgage,16060000.0
COL-04241,LN-HM-04241,Mortgage,11240000.0
COL-04242,LN-HM-04242,Hypothecation,1200000.0
COL-04243,LN-HM-04243,Hypothecation,1980000.0
COL-04244,LN-HM-04244,None,0.0
COL-04245,LN-HM-04245,None,0.0
COL-04246,LN-HM-04246,Mortgage,4240000.0
COL-04247,LN-HM-04247,Hypothecation,1950000.0
COL-04248,LN-HM-04248,None,0.0
COL-04249,LN-HM-04249,Hypothecation,2750000.0
COL-04250,LN-HM-04250,Mortgage,1040000.0
COL-04251,LN-HM-04251,None,0.0
COL-04252,LN-HM-04252,None,0.0
COL-04253,LN-HM-04253,Hypothecation,550000.0
COL-04254,LN-HM-04254,Mortgage,5120000.0
COL-04255,LN-HM-04255,Mortgage,12040000.0
COL-04256,LN-HM-04256,Mortgage,4800000.0
COL-04257,LN-HM-04257,Hypothecation,2780000.0
COL-04258,LN-HM-04258,Hypothecation,540000.0
COL-04259,LN-HM-04259,Hypothecation,1940000.0
COL-04260,LN-HM-04260,Mortgage,3390000.0
COL-04261,LN-HM-04261,None,0.0
COL-04262,LN-HM-04262,Hypothecation,900000.0
COL-04263,LN-HM-04263,Mortgage,2140000.0
COL-04264,LN-HM-04264,Mortgage,3040000.0
COL-04265,LN-HM-04265,Mortgage,2740000.0
COL-04266,LN-HM-04266,Hypothecation,1450000.0
COL-04267,LN-HM-04267,Mortgage,4240000.0
COL-04268,LN-HM-04268,Hypothecation,1040000.0
COL-04269,LN-HM-04269,Mortgage,2110000.0
COL-04270,LN-HM-04270,Mortgage,3350000.0
COL-04271,LN-HM-04271,Mortgage,1270000.0
COL-04272,LN-HM-04272,Hypothecation,1670000.0
COL-04273,LN-HM-04273,Mortgage,3430000.0
COL-04274,LN-HM-04274,Hypothecation,390000.0
COL-04275,LN-HM-04275,Mortgage,8430000.0
COL-04276,LN-HM-04276,Hypothecation,760000.0
COL-04277,LN-HM-04277,Mortgage,10450000.0
COL-04278,LN-HM-04278,Mortgage,3390000.0
COL-04279,LN-HM-04279,None,0.0
COL-04280,LN-HM-04280,Hypothecation,2070000.0
COL-04281,LN-HM-04281,Mortgage,4930000.0
COL-04282,LN-HM-04282,None,0.0
COL-04283,LN-HM-04283,Mortgage,15470000.0
COL-04284,LN-HM-04284,Hypothecation,2730000.0
COL-04285,LN-HM-04285,Hypothecation,1280000.0
COL-04286,LN-HM-04286,Mortgage,2760000.0
COL-04287,LN-HM-04287,Mortgage,1380000.0
COL-04288,LN-HM-04288,Mortgage,3250000.0
COL-04289,LN-HM-04289,None,0.0
COL-04290,LN-HM-04290,Mortgage,3360000.0
COL-04291,LN-HM-04291,None,0.0
COL-04292,LN-HM-04292,Hypothecation,2220000.0
COL-04293,LN-HM-04293,Mortgage,2240000.0
COL-04294,LN-HM-04294,None,0.0
COL-04295,LN-HM-04295,Mortgage,5100000.0
COL-04296,LN-HM-04296,Mortgage,4800000.0
COL-04297,LN-HM-04297,Mortgage,14880000.0
COL-04298,LN-HM-04298,Mortgage,5430000.0
COL-04299,LN-HM-04299,None,0.0
COL-04300,LN-HM-04300,Mortgage,6450000.0
COL-04301,LN-HM-04301,Mortgage,13430000.0
COL-04302,LN-HM-04302,Mortgage,3650000.0
COL-04303,LN-HM-04303,Hypothecation,2060000.0
COL-04304,LN-HM-04304,Hypothecation,1290000.0
COL-04305,LN-HM-04305,Mortgage,4960000.0
COL-04306,LN-HM-04306,Mortgage,2380000.0
COL-04307,LN-HM-04307,None,0.0
COL-04308,LN-HM-04308,Mortgage,12290000.0
COL-04309,LN-HM-04309,Mortgage,2900000.0
COL-04310,LN-HM-04310,Hypothecation,560000.0
COL-04311,LN-HM-04311,None,0.0
COL-04312,LN-HM-04312,Mortgage,6560000.0
COL-04313,LN-HM-04313,Hypothecation,3040000.0
COL-04314,LN-HM-04314,Mortgage,2020000.0
COL-04315,LN-HM-04315,None,0.0
COL-04316,LN-HM-04316,Hypothecation,3510000.0
COL-04317,LN-HM-04317,Mortgage,2060000.0
COL-04318,LN-HM-04318,Mortgage,3730000.0
COL-04319,LN-HM-04319,Mortgage,2290000.0
COL-04320,LN-HM-04320,Mortgage,12730000.0
COL-04321,LN-HM-04321,Mortgage,1220000.0
COL-04322,LN-HM-04322,None,0.0
COL-04323,LN-HM-04323,Mortgage,4620000.0
COL-04324,LN-HM-04324,None,0.0
COL-04325,LN-HM-04325,Hypothecation,800000.0
COL-04326,LN-HM-04326,Mortgage,4170000.0
COL-04327,LN-HM-04327,Mortgage,20070000.0
COL-04328,LN-HM-04328,Hypothecation,920000.0
COL-04329,LN-HM-04329,Mortgage,5090000.0
COL-04330,LN-HM-04330,Mortgage,1540000.0
COL-04331,LN-HM-04331,None,0.0
COL-04332,LN-HM-04332,None,0.0
COL-04333,LN-HM-04333,Mortgage,3400000.0
COL-04334,LN-HM-04334,Mortgage,4340000.0
COL-04335,LN-HM-04335,Mortgage,2220000.0
COL-04336,LN-HM-04336,Hypothecation,700000.0
COL-04337,LN-HM-04337,None,0.0
COL-04338,LN-HM-04338,Hypothecation,5020000.0
COL-04339,LN-HM-04339,None,0.0
COL-04340,LN-HM-04340,None,0.0
COL-04341,LN-HM-04341,Mortgage,9270000.0
COL-04342,LN-HM-04342,Mortgage,3430000.0
COL-04343,LN-HM-04343,Mortgage,1130000.0
COL-04344,LN-HM-04344,Hypothecation,1060000.0
COL-04345,LN-HM-04345,Mortgage,6900000.0
COL-04346,LN-HM-04346,Mortgage,4040000.0
COL-04347,LN-HM-04347,None,0.0
COL-04348,LN-HM-04348,Mortgage,1590000.0
COL-04349,LN-HM-04349,Mortgage,5420000.0
COL-04350,LN-HM-04350,Mortgage,5490000.0
COL-04351,LN-HM-04351,Mortgage,5240000.0
COL-04352,LN-HM-04352,Mortgage,3500000.0
COL-04353,LN-HM-04353,Mortgage,5260000.0
COL-04354,LN-HM-04354,Mortgage,7560000.0
COL-04355,LN-HM-04355,Hypothecation,1790000.0
COL-04356,LN-HM-04356,Mortgage,4620000.0
COL-04357,LN-HM-04357,Mortgage,2480000.0
COL-04358,LN-HM-04358,Mortgage,16500000.0
COL-04359,LN-HM-04359,Mortgage,4350000.0
COL-04360,LN-HM-04360,Mortgage,4140000.0
COL-04361,LN-HM-04361,Hypothecation,540000.0
COL-04362,LN-HM-04362,Mortgage,1960000.0
COL-04363,LN-HM-04363,None,0.0
COL-04364,LN-HM-04364,Mortgage,3230000.0
COL-04365,LN-HM-04365,Mortgage,4750000.0
COL-04366,LN-HM-04366,Hypothecation,1680000.0
COL-04367,LN-HM-04367,None,0.0
COL-04368,LN-HM-04368,None,0.0
COL-04369,LN-HM-04369,None,0.0
COL-04370,LN-HM-04370,Hypothecation,1440000.0
COL-04371,LN-HM-04371,Mortgage,3070000.0
COL-04372,LN-HM-04372,None,0.0
COL-04373,LN-HM-04373,Mortgage,2110000.0
COL-04374,LN-HM-04374,None,0.0
COL-04375,LN-HM-04375,Mortgage,1720000.0
COL-04376,LN-HM-04376,Mortgage,4530000.0
COL-04377,LN-HM-04377,Hypothecation,1180000.0
COL-04378,LN-HM-04378,Mortgage,6660000.0
COL-04379,LN-HM-04379,Mortgage,3940000.0
COL-04380,LN-HM-04380,None,0.0
COL-04381,LN-HM-04381,Mortgage,6270000.0
COL-04382,LN-HM-04382,Mortgage,3100000.0
COL-04383,LN-HM-04383,Mortgage,13350000.0
COL-04384,LN-HM-04384,Mortgage,3690000.0
COL-04385,LN-HM-04385,None,0.0
COL-04386,LN-HM-04386,None,0.0
COL-04387,LN-HM-04387,Hypothecation,950000.0
COL-04388,LN-HM-04388,Hypothecation,4760000.0
COL-04389,LN-HM-04389,Hypothecation,1440000.0
COL-04390,LN-HM-04390,Mortgage,3760000.0
COL-04391,LN-HM-04391,Mortgage,2950000.0
COL-04392,LN-HM-04392,None,0.0
COL-04393,LN-HM-04393,None,0.0
COL-04394,LN-HM-04394,Mortgage,3250000.0
COL-04395,LN-HM-04395,None,0.0
COL-04396,LN-HM-04396,Mortgage,2940000.0
COL-04397,LN-HM-04397,Mortgage,5010000.0
COL-04398,LN-HM-04398,None,0.0
COL-04399,LN-HM-04399,Mortgage,6590000.0
COL-04400,LN-HM-04400,Mortgage,3750000.0
COL-04401,LN-HM-04401,Mortgage,1710000.0
COL-04402,LN-HM-04402,Mortgage,5910000.0
COL-04403,LN-HM-04403,Hypothecation,860000.0
COL-04404,LN-HM-04404,Mortgage,880000.0
COL-04405,LN-HM-04405,Hypothecation,930000.0
COL-04406,LN-HM-04406,Mortgage,2620000.0
COL-04407,LN-HM-04407,None,0.0
COL-04408,LN-HM-04408,Mortgage,5440000.0
COL-04409,LN-HM-04409,Hypothecation,630000.0
COL-04410,LN-HM-04410,Mortgage,3470000.0
COL-04411,LN-HM-04411,Hypothecation,3890000.0
COL-04412,LN-HM-04412,Hypothecation,2840000.0
COL-04413,LN-HM-04413,None,0.0
COL-04414,LN-HM-04414,Hypothecation,2820000.0
COL-04415,LN-HM-04415,Mortgage,2670000.0
COL-04416,LN-HM-04416,Hypothecation,1540000.0
COL-04417,LN-HM-04417,None,0.0
COL-04418,LN-HM-04418,Mortgage,7410000.0
COL-04419,LN-HM-04419,Hypothecation,3290000.0
COL-04420,LN-HM-04420,Hypothecation,2310000.0
COL-04421,LN-HM-04421,None,0.0
COL-04422,LN-HM-04422,Mortgage,1750000.0
COL-04423,LN-HM-04423,Mortgage,13390000.0
COL-04424,LN-HM-04424,Mortgage,5560000.0
COL-04425,LN-HM-04425,None,0.0
COL-04426,LN-HM-04426,Mortgage,9050000.0
COL-04427,LN-HM-04427,None,0.0
COL-04428,LN-HM-04428,Mortgage,3320000.0
COL-04429,LN-HM-04429,Mortgage,4700000.0
COL-04430,LN-HM-04430,None,0.0
COL-04431,LN-HM-04431,None,0.0
COL-04432,LN-HM-04432,None,0.0
COL-04433,LN-HM-04433,Hypothecation,920000.0
COL-04434,LN-HM-04434,Mortgage,9900000.0
COL-04435,LN-HM-04435,Mortgage,4940000.0
COL-04436,LN-HM-04436,Hypothecation,760000.0
COL-04437,LN-HM-04437,Mortgage,2010000.0
COL-04438,LN-HM-04438,Mortgage,4260000.0
COL-04439,LN-HM-04439,Mortgage,3080000.0
COL-04440,LN-HM-04440,Mortgage,5710000.0
COL-04441,LN-HM-04441,Mortgage,4730000.0
COL-04442,LN-HM-04442,Mortgage,2150000.0
COL-04443,LN-HM-04443,Mortgage,3840000.0
COL-04444,LN-HM-04444,Mortgage,5430000.0
COL-04445,LN-HM-04445,None,0.0
COL-04446,LN-HM-04446,None,0.0
COL-04447,LN-HM-04447,Mortgage,6380000.0
COL-04448,LN-HM-04448,Mortgage,4720000.0
COL-04449,LN-HM-04449,Mortgage,14980000.0
COL-04450,LN-HM-04450,Mortgage,6470000.0
COL-04451,LN-HM-04451,None,0.0
COL-04452,LN-HM-04452,None,0.0
COL-04453,LN-HM-04453,Mortgage,3810000.0
COL-04454,LN-HM-04454,Hypothecation,820000.0
COL-04455,LN-HM-04455,Mortgage,2780000.0
COL-04456,LN-HM-04456,Mortgage,9330000.0
COL-04457,LN-HM-04457,Hypothecation,2170000.0
COL-04458,LN-HM-04458,Hypothecation,1810000.0
COL-04459,LN-HM-04459,None,0.0
COL-04460,LN-HM-04460,Mortgage,4870000.0
COL-04461,LN-HM-04461,Mortgage,4910000.0
COL-04462,LN-HM-04462,None,0.0
COL-04463,LN-HM-04463,Mortgage,3810000.0
COL-04464,LN-HM-04464,Mortgage,1500000.0
COL-04465,LN-HM-04465,None,0.0
COL-04466,LN-HM-04466,Mortgage,9030000.0
COL-04467,LN-HM-04467,None,0.0
COL-04468,LN-HM-04468,Mortgage,17480000.0
COL-04469,LN-HM-04469,Mortgage,3860000.0
COL-04470,LN-HM-04470,None,0.0
COL-04471,LN-HM-04471,None,0.0
COL-04472,LN-HM-04472,Hypothecation,2950000.0
COL-04473,LN-HM-04473,None,0.0
COL-04474,LN-HM-04474,Mortgage,6590000.0
COL-04475,LN-HM-04475,None,0.0
COL-04476,LN-HM-04476,Hypothecation,1710000.0
COL-04477,LN-HM-04477,Mortgage,4770000.0
COL-04478,LN-HM-04478,Mortgage,1570000.0
COL-04479,LN-HM-04479,Hypothecation,480000.0
COL-04480,LN-HM-04480,Hypothecation,740000.0
COL-04481,LN-HM-04481,Mortgage,5580000.0
COL-04482,LN-HM-04482,Mortgage,4110000.0
COL-04483,LN-HM-04483,Mortgage,2550000.0
COL-04484,LN-HM-04484,Mortgage,12270000.0
COL-04485,LN-HM-04485,Mortgage,9020000.0
COL-04486,LN-HM-04486,None,0.0
COL-04487,LN-HM-04487,Mortgage,2110000.0
COL-04488,LN-HM-04488,Mortgage,4940000.0
COL-04489,LN-HM-04489,None,0.0
COL-04490,LN-HM-04490,Mortgage,3020000.0
COL-04491,LN-HM-04491,Mortgage,3210000.0
COL-04492,LN-HM-04492,None,0.0
COL-04493,LN-HM-04493,Mortgage,2600000.0
COL-04494,LN-HM-04494,Hypothecation,610000.0
COL-04495,LN-HM-04495,Mortgage,7980000.0
COL-04496,LN-HM-04496,Hypothecation,1570000.0
COL-04497,LN-HM-04497,Mortgage,2130000.0
COL-04498,LN-HM-04498,Mortgage,4390000.0
COL-04499,LN-HM-04499,Hypothecation,1210000.0
COL-04500,LN-HM-04500,Mortgage,6020000.0
COL-04501,LN-HM-04501,Mortgage,5510000.0
COL-04502,LN-HM-04502,Mortgage,1150000.0
COL-04503,LN-HM-04503,None,0.0
COL-04504,LN-HM-04504,Mortgage,2800000.0
COL-04505,LN-HM-04505,Hypothecation,2640000.0
COL-04506,LN-HM-04506,Mortgage,5900000.0
COL-04507,LN-HM-04507,None,0.0
COL-04508,LN-HM-04508,Mortgage,4570000.0
COL-04509,LN-HM-04509,Mortgage,6210000.0
COL-04510,LN-HM-04510,None,0.0
COL-04511,LN-HM-04511,None,0.0
COL-04512,LN-HM-04512,Mortgage,4240000.0
COL-04513,LN-HM-04513,None,0.0
COL-04514,LN-HM-04514,Mortgage,7030000.0
COL-04515,LN-HM-04515,Hypothecation,2770000.0
COL-04516,LN-HM-04516,Mortgage,6080000.0
COL-04517,LN-HM-04517,None,0.0
COL-04518,LN-HM-04518,None,0.0
COL-04519,LN-HM-04519,Mortgage,2550000.0
COL-04520,LN-HM-04520,Mortgage,1080000.0
COL-04521,LN-HM-04521,None,0.0
COL-04522,LN-HM-04522,Hypothecation,1790000.0
COL-04523,LN-HM-04523,Mortgage,2530000.0
COL-04524,LN-HM-04524,Hypothecation,930000.0
COL-04525,LN-HM-04525,None,0.0
COL-04526,LN-HM-04526,Mortgage,8850000.0
COL-04527,LN-HM-04527,Mortgage,6950000.0
COL-04528,LN-HM-04528,Mortgage,7720000.0
COL-04529,LN-HM-04529,None,0.0
COL-04530,LN-HM-04530,Mortgage,2230000.0
COL-04531,LN-HM-04531,Mortgage,4360000.0
COL-04532,LN-HM-04532,Mortgage,3220000.0
COL-04533,LN-HM-04533,Mortgage,6290000.0
COL-04534,LN-HM-04534,None,0.0
COL-04535,LN-HM-04535,Mortgage,4100000.0
COL-04536,LN-HM-04536,Mortgage,8460000.0
COL-04537,LN-HM-04537,Mortgage,2990000.0
COL-04538,LN-HM-04538,None,0.0
COL-04539,LN-HM-04539,None,0.0
COL-04540,LN-HM-04540,Mortgage,4740000.0
COL-04541,LN-HM-04541,Mortgage,3950000.0
COL-04542,LN-HM-04542,Mortgage,12070000.0
COL-04543,LN-HM-04543,Hypothecation,1470000.0
COL-04544,LN-HM-04544,Mortgage,4620000.0
COL-04545,LN-HM-04545,None,0.0
COL-04546,LN-HM-04546,None,0.0
COL-04547,LN-HM-04547,Hypothecation,1070000.0
COL-04548,LN-HM-04548,Mortgage,5850000.0
COL-04549,LN-HM-04549,Mortgage,3560000.0
COL-04550,LN-HM-04550,Hypothecation,1410000.0
COL-04551,LN-HM-04551,None,0.0
COL-04552,LN-HM-04552,None,0.0
COL-04553,LN-HM-04553,None,0.0
COL-04554,LN-HM-04554,None,0.0
COL-04555,LN-HM-04555,Mortgage,4870000.0
COL-04556,LN-HM-04556,Hypothecation,2400000.0
COL-04557,LN-HM-04557,None,0.0
COL-04558,LN-HM-04558,Mortgage,3590000.0
COL-04559,LN-HM-04559,Mortgage,14840000.0
COL-04560,LN-HM-04560,None,0.0
COL-04561,LN-HM-04561,Hypothecation,1630000.0
COL-04562,LN-HM-04562,None,0.0
COL-04563,LN-HM-04563,Mortgage,2660000.0
COL-04564,LN-HM-04564,None,0.0
COL-04565,LN-HM-04565,Mortgage,2580000.0
COL-04566,LN-HM-04566,Mortgage,7110000.0
COL-04567,LN-HM-04567,Mortgage,5070000.0
COL-04568,LN-HM-04568,Mortgage,4860000.0
COL-04569,LN-HM-04569,None,0.0
COL-04570,LN-HM-04570,None,0.0
COL-04571,LN-HM-04571,Mortgage,5330000.0
COL-04572,LN-HM-04572,Mortgage,15840000.0
COL-04573,LN-HM-04573,Hypothecation,5700000.0
COL-04574,LN-HM-04574,Hypothecation,2940000.0
COL-04575,LN-HM-04575,Hypothecation,3140000.0
COL-04576,LN-HM-04576,None,0.0
COL-04577,LN-HM-04577,Mortgage,4070000.0
COL-04578,LN-HM-04578,Hypothecation,4780000.0
COL-04579,LN-HM-04579,None,0.0
COL-04580,LN-HM-04580,Mortgage,3000000.0
COL-04581,LN-HM-04581,Mortgage,5900000.0
COL-04582,LN-HM-04582,None,0.0
COL-04583,LN-HM-04583,Hypothecation,1060000.0
COL-04584,LN-HM-04584,None,0.0
COL-04585,LN-HM-04585,Mortgage,4260000.0
COL-04586,LN-HM-04586,Hypothecation,880000.0
COL-04587,LN-HM-04587,Mortgage,3450000.0
COL-04588,LN-HM-04588,Mortgage,1350000.0
COL-04589,LN-HM-04589,Mortgage,6110000.0
COL-04590,LN-HM-04590,Hypothecation,560000.0
COL-04591,LN-HM-04591,Mortgage,3110000.0
COL-04592,LN-HM-04592,Hypothecation,920000.0
COL-04593,LN-HM-04593,Mortgage,1920000.0
COL-04594,LN-HM-04594,Hypothecation,870000.0
COL-04595,LN-HM-04595,Mortgage,4720000.0
COL-04596,LN-HM-04596,Mortgage,3900000.0
COL-04597,LN-HM-04597,Mortgage,4700000.0
COL-04598,LN-HM-04598,Hypothecation,1050000.0
COL-04599,LN-HM-04599,Mortgage,1980000.0
COL-04600,LN-HM-04600,Mortgage,7440000.0
COL-04601,LN-HM-04601,None,0.0
COL-04602,LN-HM-04602,None,0.0
COL-04603,LN-HM-04603,Mortgage,1550000.0
COL-04604,LN-HM-04604,None,0.0
COL-04605,LN-HM-04605,Mortgage,4560000.0
COL-04606,LN-HM-04606,None,0.0
COL-04607,LN-HM-04607,Mortgage,4140000.0
COL-04608,LN-HM-04608,Hypothecation,770000.0
COL-04609,LN-HM-04609,None,0.0
COL-04610,LN-HM-04610,Mortgage,2980000.0
COL-04611,LN-HM-04611,Mortgage,5220000.0
COL-04612,LN-HM-04612,None,0.0
COL-04613,LN-HM-04613,Hypothecation,450000.0
COL-04614,LN-HM-04614,Mortgage,6280000.0
COL-04615,LN-HM-04615,Hypothecation,450000.0
COL-04616,LN-HM-04616,None,0.0
COL-04617,LN-HM-04617,None,0.0
COL-04618,LN-HM-04618,Hypothecation,670000.0
COL-04619,LN-HM-04619,None,0.0
COL-04620,LN-HM-04620,Mortgage,2360000.0
COL-04621,LN-HM-04621,Mortgage,2550000.0
COL-04622,LN-HM-04622,Hypothecation,460000.0
COL-04623,LN-HM-04623,Mortgage,4210000.0
COL-04624,LN-HM-04624,Mortgage,2350000.0
COL-04625,LN-HM-04625,None,0.0
COL-04626,LN-HM-04626,Mortgage,4160000.0
COL-04627,LN-HM-04627,Mortgage,5230000.0
COL-04628,LN-HM-04628,None,0.0
COL-04629,LN-HM-04629,None,0.0
COL-04630,LN-HM-04630,Hypothecation,1600000.0
COL-04631,LN-HM-04631,None,0.0
COL-04632,LN-HM-04632,Hypothecation,1000000.0
COL-04633,LN-HM-04633,Mortgage,3600000.0
COL-04634,LN-HM-04634,Mortgage,2460000.0
COL-04635,LN-HM-04635,Mortgage,1610000.0
COL-04636,LN-HM-04636,Mortgage,4620000.0
COL-04637,LN-HM-04637,Mortgage,3430000.0
COL-04638,LN-HM-04638,Mortgage,2990000.0
COL-04639,LN-HM-04639,Mortgage,5690000.0
COL-04640,LN-HM-04640,Mortgage,1890000.0
COL-04641,LN-HM-04641,Mortgage,2890000.0
COL-04642,LN-HM-04642,None,0.0
COL-04643,LN-HM-04643,None,0.0
COL-04644,LN-HM-04644,Mortgage,7950000.0
COL-04645,LN-HM-04645,Mortgage,2860000.0
COL-04646,LN-HM-04646,None,0.0
COL-04647,LN-HM-04647,None,0.0
COL-04648,LN-HM-04648,Mortgage,3350000.0
COL-04649,LN-HM-04649,None,0.0
COL-04650,LN-HM-04650,Mortgage,5250000.0
COL-04651,LN-HM-04651,None,0.0
COL-04652,LN-HM-04652,Hypothecation,770000.0
COL-04653,LN-HM-04653,Mortgage,7700000.0
COL-04654,LN-HM-04654,None,0.0
COL-04655,LN-HM-04655,Hypothecation,5180000.0
COL-04656,LN-HM-04656,Mortgage,9500000.0
COL-04657,LN-HM-04657,None,0.0
COL-04658,LN-HM-04658,Mortgage,2920000.0
COL-04659,LN-HM-04659,Mortgage,3980000.0
COL-04660,LN-HM-04660,Mortgage,2700000.0
COL-04661,LN-HM-04661,Mortgage,4890000.0
COL-04662,LN-HM-04662,Mortgage,3120000.0
COL-04663,LN-HM-04663,Hypothecation,910000.0
COL-04664,LN-HM-04664,Hypothecation,1120000.0
COL-04665,LN-HM-04665,Mortgage,3170000.0
COL-04666,LN-HM-04666,Mortgage,3330000.0
COL-04667,LN-HM-04667,Hypothecation,2200000.0
COL-04668,LN-HM-04668,None,0.0
COL-04669,LN-HM-04669,None,0.0
COL-04670,LN-HM-04670,Hypothecation,2120000.0
COL-04671,LN-HM-04671,Hypothecation,490000.0
COL-04672,LN-HM-04672,None,0.0
COL-04673,LN-HM-04673,Mortgage,12020000.0
COL-04674,LN-HM-04674,None,0.0
COL-04675,LN-HM-04675,Mortgage,1780000.0
COL-04676,LN-HM-04676,Mortgage,5330000.0
COL-04677,LN-HM-04677,Mortgage,2940000.0
COL-04678,LN-HM-04678,Hypothecation,560000.0
COL-04679,LN-HM-04679,Mortgage,13970000.0
COL-04680,LN-HM-04680,None,0.0
COL-04681,LN-HM-04681,Mortgage,6370000.0
COL-04682,LN-HM-04682,Mortgage,1750000.0
COL-04683,LN-HM-04683,Mortgage,2620000.0
COL-04684,LN-HM-04684,None,0.0
COL-04685,LN-HM-04685,None,0.0
COL-04686,LN-HM-04686,None,0.0
COL-04687,LN-HM-04687,None,0.0
COL-04688,LN-HM-04688,Mortgage,1580000.0
COL-04689,LN-HM-04689,Mortgage,2050000.0
COL-04690,LN-HM-04690,Mortgage,5950000.0
COL-04691,LN-HM-04691,None,0.0
COL-04692,LN-HM-04692,Hypothecation,1600000.0
COL-04693,LN-HM-04693,Mortgage,3370000.0
COL-04694,LN-HM-04694,Mortgage,2760000.0
COL-04695,LN-HM-04695,None,0.0
COL-04696,LN-HM-04696,None,0.0
COL-04697,LN-HM-04697,Mortgage,5790000.0
COL-04698,LN-HM-04698,None,0.0
COL-04699,LN-HM-04699,Hypothecation,3020000.0
COL-04700,LN-HM-04700,Hypothecation,1590000.0
COL-04701,LN-HM-04701,None,0.0
COL-04702,LN-HM-04702,Hypothecation,1090000.0
COL-04703,LN-HM-04703,Mortgage,2250000.0
COL-04704,LN-HM-04704,None,0.0
COL-04705,LN-HM-04705,Mortgage,6420000.0
COL-04706,LN-HM-04706,None,0.0
COL-04707,LN-HM-04707,None,0.0
COL-04708,LN-HM-04708,Mortgage,6270000.0
COL-04709,LN-HM-04709,Mortgage,2870000.0
COL-04710,LN-HM-04710,Mortgage,6090000.0
COL-04711,LN-HM-04711,Mortgage,3040000.0
COL-04712,LN-HM-04712,None,0.0
COL-04713,LN-HM-04713,Mortgage,3700000.0
COL-04714,LN-HM-04714,Mortgage,1740000.0
COL-04715,LN-HM-04715,None,0.0
COL-04716,LN-HM-04716,Hypothecation,1790000.0
COL-04717,LN-HM-04717,Hypothecation,2930000.0
COL-04718,LN-HM-04718,Mortgage,2940000.0
COL-04719,LN-HM-04719,Mortgage,2810000.0
COL-04720,LN-HM-04720,Mortgage,4440000.0
COL-04721,LN-HM-04721,None,0.0
COL-04722,LN-HM-04722,Mortgage,3840000.0
COL-04723,LN-HM-04723,Hypothecation,860000.0
COL-04724,LN-HM-04724,Mortgage,3030000.0
COL-04725,LN-HM-04725,None,0.0
COL-04726,LN-HM-04726,Hypothecation,1130000.0
COL-04727,LN-HM-04727,None,0.0
COL-04728,LN-HM-04728,Mortgage,4620000.0
COL-04729,LN-HM-04729,None,0.0
COL-04730,LN-HM-04730,None,0.0
COL-04731,LN-HM-04731,Mortgage,4140000.0
COL-04732,LN-HM-04732,Hypothecation,1080000.0
COL-04733,LN-HM-04733,Hypothecation,1420000.0
COL-04734,LN-HM-04734,Mortgage,3660000.0
COL-04735,LN-HM-04735,Mortgage,1660000.0
COL-04736,LN-HM-04736,Mortgage,7550000.0
COL-04737,LN-HM-04737,None,0.0
COL-04738,LN-HM-04738,Hypothecation,4310000.0
COL-04739,LN-HM-04739,Mortgage,3980000.0
COL-04740,LN-HM-04740,Hypothecation,2790000.0
COL-04741,LN-HM-04741,Mortgage,5320000.0
COL-04742,LN-HM-04742,Hypothecation,1090000.0
COL-04743,LN-HM-04743,None,0.0
COL-04744,LN-HM-04744,Hypothecation,850000.0
COL-04745,LN-HM-04745,Mortgage,8090000.0
COL-04746,LN-HM-04746,None,0.0
COL-04747,LN-HM-04747,Mortgage,13970000.0
COL-04748,LN-HM-04748,Mortgage,2580000.0
COL-04749,LN-HM-04749,None,0.0
COL-04750,LN-HM-04750,Mortgage,2980000.0
COL-04751,LN-HM-04751,Mortgage,1380000.0
COL-04752,LN-HM-04752,Hypothecation,1730000.0
COL-04753,LN-HM-04753,Mortgage,5230000.0
COL-04754,LN-HM-04754,Mortgage,9900000.0
COL-04755,LN-HM-04755,Mortgage,4520000.0
COL-04756,LN-HM-04756,Mortgage,3030000.0
COL-04757,LN-HM-04757,None,0.0
COL-04758,LN-HM-04758,None,0.0
COL-04759,LN-HM-04759,Mortgage,2910000.0
COL-04760,LN-HM-04760,Mortgage,3040000.0
COL-04761,LN-HM-04761,None,0.0
COL-04762,LN-HM-04762,Mortgage,1960000.0
COL-04763,LN-HM-04763,Mortgage,3470000.0
COL-04764,LN-HM-04764,Mortgage,8640000.0
COL-04765,LN-HM-04765,Mortgage,3110000.0
COL-04766,LN-HM-04766,Hypothecation,1380000.0
COL-04767,LN-HM-04767,Mortgage,5240000.0
COL-04768,LN-HM-04768,Mortgage,7730000.0
COL-04769,LN-HM-04769,None,0.0
COL-04770,LN-HM-04770,None,0.0
COL-04771,LN-HM-04771,None,0.0
COL-04772,LN-HM-04772,Mortgage,1660000.0
COL-04773,LN-HM-04773,None,0.0
COL-04774,LN-HM-04774,Mortgage,6110000.0
COL-04775,LN-HM-04775,Mortgage,1680000.0
COL-04776,LN-HM-04776,None,0.0
COL-04777,LN-HM-04777,None,0.0
COL-04778,LN-HM-04778,Hypothecation,1300000.0
COL-04779,LN-HM-04779,Mortgage,1190000.0
COL-04780,LN-HM-04780,Mortgage,13550000.0
COL-04781,LN-HM-04781,None,0.0
COL-04782,LN-HM-04782,Mortgage,2280000.0
COL-04783,LN-HM-04783,Mortgage,8800000.0
COL-04784,LN-HM-04784,Hypothecation,900000.0
COL-04785,LN-HM-04785,None,0.0
COL-04786,LN-HM-04786,None,0.0
COL-04787,LN-HM-04787,Hypothecation,2650000.0
COL-04788,LN-HM-04788,Hypothecation,1360000.0
COL-04789,LN-HM-04789,Mortgage,3650000.0
COL-04790,LN-HM-04790,None,0.0
COL-04791,LN-HM-04791,Mortgage,2090000.0
COL-04792,LN-HM-04792,Hypothecation,990000.0
COL-04793,LN-HM-04793,None,0.0
COL-04794,LN-HM-04794,Mortgage,3840000.0
COL-04795,LN-HM-04795,None,0.0
COL-04796,LN-HM-04796,Mortgage,8480000.0
COL-04797,LN-HM-04797,None,0.0
COL-04798,LN-HM-04798,Hypothecation,410000.0
COL-04799,LN-HM-04799,Mortgage,3630000.0
COL-04800,LN-HM-04800,Mortgage,7420000.0
COL-04801,LN-HM-04801,None,0.0
COL-04802,LN-HM-04802,Hypothecation,510000.0
COL-04803,LN-HM-04803,Mortgage,3050000.0
COL-04804,LN-HM-04804,Hypothecation,640000.0
COL-04805,LN-HM-04805,Mortgage,5330000.0
COL-04806,LN-HM-04806,Mortgage,2040000.0
COL-04807,LN-HM-04807,None,0.0
COL-04808,LN-HM-04808,None,0.0
COL-04809,LN-HM-04809,Hypothecation,500000.0
COL-04810,LN-HM-04810,Mortgage,2180000.0
COL-04811,LN-HM-04811,None,0.0
COL-04812,LN-HM-04812,Hypothecation,2470000.0
COL-04813,LN-HM-04813,None,0.0
COL-04814,LN-HM-04814,Mortgage,5280000.0
COL-04815,LN-HM-04815,Mortgage,4360000.0
COL-04816,LN-HM-04816,Hypothecation,540000.0
COL-04817,LN-HM-04817,Mortgage,5240000.0
COL-04818,LN-HM-04818,None,0.0
COL-04819,LN-HM-04819,None,0.0
COL-04820,LN-HM-04820,Mortgage,2490000.0
COL-04821,LN-HM-04821,Hypothecation,970000.0
COL-04822,LN-HM-04822,Mortgage,3570000.0
COL-04823,LN-HM-04823,Mortgage,6240000.0
COL-04824,LN-HM-04824,Mortgage,7850000.0
COL-04825,LN-HM-04825,Hypothecation,2030000.0
COL-04826,LN-HM-04826,None,0.0
COL-04827,LN-HM-04827,Mortgage,3030000.0
COL-04828,LN-HM-04828,Mortgage,11770000.0
COL-04829,LN-HM-04829,Mortgage,4010000.0
COL-04830,LN-HM-04830,Hypothecation,1580000.0
COL-04831,LN-HM-04831,Hypothecation,1170000.0
COL-04832,LN-HM-04832,Mortgage,3570000.0
COL-04833,LN-HM-04833,None,0.0
COL-04834,LN-HM-04834,None,0.0
COL-04835,LN-HM-04835,None,0.0
COL-04836,LN-HM-04836,Mortgage,1840000.0
COL-04837,LN-HM-04837,Mortgage,6030000.0
COL-04838,LN-HM-04838,None,0.0
COL-04839,LN-HM-04839,None,0.0
COL-04840,LN-HM-04840,None,0.0
COL-04841,LN-HM-04841,Mortgage,3270000.0
COL-04842,LN-HM-04842,Mortgage,10930000.0
COL-04843,LN-HM-04843,None,0.0
COL-04844,LN-HM-04844,None,0.0
COL-04845,LN-HM-04845,None,0.0
COL-04846,LN-HM-04846,None,0.0
COL-04847,LN-HM-04847,None,0.0
COL-04848,LN-HM-04848,None,0.0
COL-04849,LN-HM-04849,Mortgage,3880000.0
COL-04850,LN-HM-04850,Mortgage,3060000.0
COL-04851,LN-HM-04851,Mortgage,3340000.0
COL-04852,LN-HM-04852,Hypothecation,1470000.0
COL-04853,LN-HM-04853,None,0.0
COL-04854,LN-HM-04854,Hypothecation,760000.0
COL-04855,LN-HM-04855,None,0.0
COL-04856,LN-HM-04856,Mortgage,6130000.0
COL-04857,LN-HM-04857,None,0.0
COL-04858,LN-HM-04858,Hypothecation,2980000.0
COL-04859,LN-HM-04859,Mortgage,1470000.0
COL-04860,LN-HM-04860,None,0.0
COL-04861,LN-HM-04861,Mortgage,7950000.0
COL-04862,LN-HM-04862,Mortgage,3530000.0
COL-04863,LN-HM-04863,Mortgage,4060000.0
COL-04864,LN-HM-04864,None,0.0
COL-04865,LN-HM-04865,Mortgage,5120000.0
COL-04866,LN-HM-04866,None,0.0
COL-04867,LN-HM-04867,None,0.0
COL-04868,LN-HM-04868,Mortgage,1450000.0
COL-04869,LN-HM-04869,Mortgage,5190000.0
COL-04870,LN-HM-04870,Mortgage,6930000.0
COL-04871,LN-HM-04871,Mortgage,2070000.0
COL-04872,LN-HM-04872,None,0.0
COL-04873,LN-HM-04873,Mortgage,8920000.0
COL-04874,LN-HM-04874,Mortgage,9310000.0
COL-04875,LN-HM-04875,Mortgage,1280000.0
COL-04876,LN-HM-04876,None,0.0
COL-04877,LN-HM-04877,Mortgage,3190000.0
COL-04878,LN-HM-04878,Mortgage,5170000.0
COL-04879,LN-HM-04879,Hypothecation,1410000.0
COL-04880,LN-HM-04880,Mortgage,3930000.0
COL-04881,LN-HM-04881,None,0.0
COL-04882,LN-HM-04882,None,0.0
COL-04883,LN-HM-04883,Mortgage,4980000.0
COL-04884,LN-HM-04884,Hypothecation,3250000.0
COL-04885,LN-HM-04885,None,0.0
COL-04886,LN-HM-04886,None,0.0
COL-04887,LN-HM-04887,Hypothecation,1630000.0
COL-04888,LN-HM-04888,None,0.0
COL-04889,LN-HM-04889,Mortgage,2420000.0
COL-04890,LN-HM-04890,None,0.0
COL-04891,LN-HM-04891,Mortgage,5370000.0
COL-04892,LN-HM-04892,Hypothecation,2620000.0
COL-04893,LN-HM-04893,Mortgage,8110000.0
COL-04894,LN-HM-04894,Hypothecation,1280000.0
COL-04895,LN-HM-04895,None,0.0
COL-04896,LN-HM-04896,None,0.0
COL-04897,LN-HM-04897,None,0.0
COL-04898,LN-HM-04898,Hypothecation,5220000.0
COL-04899,LN-HM-04899,Hypothecation,1000000.0
COL-04900,LN-HM-04900,None,0.0
COL-04901,LN-HM-04901,Hypothecation,4060000.0
COL-04902,LN-HM-04902,Hypothecation,990000.0
COL-04903,LN-HM-04903,Mortgage,19340000.0
COL-04904,LN-HM-04904,Hypothecation,2280000.0
COL-04905,LN-HM-04905,Hypothecation,2350000.0
COL-04906,LN-HM-04906,Mortgage,5070000.0
COL-04907,LN-HM-04907,None,0.0
COL-04908,LN-HM-04908,None,0.0
COL-04909,LN-HM-04909,Mortgage,2210000.0
COL-04910,LN-HM-04910,None,0.0
COL-04911,LN-HM-04911,Mortgage,2350000.0
COL-04912,LN-HM-04912,Mortgage,1840000.0
COL-04913,LN-HM-04913,None,0.0
COL-04914,LN-HM-04914,Hypothecation,1990000.0
COL-04915,LN-HM-04915,Mortgage,3890000.0
COL-04916,LN-HM-04916,Mortgage,4810000.0
COL-04917,LN-HM-04917,Mortgage,7240000.0
COL-04918,LN-HM-04918,Mortgage,6140000.0
COL-04919,LN-HM-04919,Hypothecation,940000.0
COL-04920,LN-HM-04920,None,0.0
COL-04921,LN-HM-04921,Mortgage,4720000.0
COL-04922,LN-HM-04922,None,0.0
COL-04923,LN-HM-04923,Mortgage,2500000.0
COL-04924,LN-HM-04924,None,0.0
COL-04925,LN-HM-04925,None,0.0
COL-04926,LN-HM-04926,Mortgage,6010000.0
COL-04927,LN-HM-04927,Hypothecation,920000.0
COL-04928,LN-HM-04928,Mortgage,8780000.0
COL-04929,LN-HM-04929,Mortgage,1570000.0
COL-04930,LN-HM-04930,Mortgage,12800000.0
COL-04931,LN-HM-04931,Mortgage,1390000.0
COL-04932,LN-HM-04932,None,0.0
COL-04933,LN-HM-04933,Mortgage,3440000.0
COL-04934,LN-HM-04934,Mortgage,2240000.0
COL-04935,LN-HM-04935,Mortgage,3670000.0
COL-04936,LN-HM-04936,Hypothecation,750000.0
COL-04937,LN-HM-04937,Mortgage,1990000.0
COL-04938,LN-HM-04938,Mortgage,4570000.0
COL-04939,LN-HM-04939,Mortgage,5210000.0
COL-04940,LN-HM-04940,None,0.0
COL-04941,LN-HM-04941,None,0.0
COL-04942,LN-HM-04942,None,0.0
COL-04943,LN-HM-04943,None,0.0
COL-04944,LN-HM-04944,Mortgage,1460000.0
COL-04945,LN-HM-04945,None,0.0
COL-04946,LN-HM-04946,Mortgage,1670000.0
COL-04947,LN-HM-04947,Mortgage,4110000.0
COL-04948,LN-HM-04948,Hypothecation,1820000.0
COL-04949,LN-HM-04949,Mortgage,1190000.0
COL-04950,LN-HM-04950,Mortgage,4540000.0
COL-04951,LN-HM-04951,Hypothecation,680000.0
COL-04952,LN-HM-04952,Mortgage,3050000.0
COL-04953,LN-HM-04953,Mortgage,1520000.0
COL-04954,LN-HM-04954,None,0.0
COL-04955,LN-HM-04955,Hypothecation,1750000.0
COL-04956,LN-HM-04956,Hypothecation,750000.0
COL-04957,LN-HM-04957,None,0.0
COL-04958,LN-HM-04958,Mortgage,8860000.0
COL-04959,LN-HM-04959,None,0.0
COL-04960,LN-HM-04960,Mortgage,1780000.0
COL-04961,LN-HM-04961,None,0.0
COL-04962,LN-HM-04962,Mortgage,3910000.0
COL-04963,LN-HM-04963,Mortgage,9650000.0
COL-04964,LN-HM-04964,Hypothecation,2590000.0
COL-04965,LN-HM-04965,Mortgage,5660000.0
COL-04966,LN-HM-04966,None,0.0
COL-04967,LN-HM-04967,Mortgage,1960000.0
COL-04968,LN-HM-04968,Mortgage,2860000.0
COL-04969,LN-HM-04969,None,0.0
COL-04970,LN-HM-04970,None,0.0
COL-04971,LN-HM-04971,Hypothecation,2850000.0
COL-04972,LN-HM-04972,None,0.0
COL-04973,LN-HM-04973,Mortgage,2090000.0
COL-04974,LN-HM-04974,Mortgage,2830000.0
COL-04975,LN-HM-04975,None,0.0
COL-04976,LN-HM-04976,Mortgage,6590000.0
COL-04977,LN-HM-04977,Hypothecation,600000.0
COL-04978,LN-HM-04978,Hypothecation,2890000.0
COL-04979,LN-HM-04979,Mortgage,6470000.0
COL-04980,LN-HM-04980,None,0.0
COL-04981,LN-HM-04981,Mortgage,4030000.0
COL-04982,LN-HM-04982,Hypothecation,1740000.0
COL-04983,LN-HM-04983,Mortgage,3890000.0
COL-04984,LN-HM-04984,Mortgage,2980000.0
COL-04985,LN-HM-04985,Hypothecation,930000.0
COL-04986,LN-HM-04986,Mortgage,9800000.0
COL-04987,LN-HM-04987,Mortgage,1390000.0
COL-04988,LN-HM-04988,None,0.0
COL-04989,LN-HM-04989,Mortgage,1190000.0
COL-04990,LN-HM-04990,Mortgage,3570000.0
COL-04991,LN-HM-04991,None,0.0
COL-04992,LN-HM-04992,None,0.0
COL-04993,LN-HM-04993,Hypothecation,740000.0
COL-04994,LN-HM-04994,None,0.0
COL-04995,LN-HM-04995,None,0.0
COL-04996,LN-HM-04996,Mortgage,5710000.0
COL-04997,LN-HM-04997,None,0.0
COL-04998,LN-HM-04998,Hypothecation,930000.0
COL-04999,LN-HM-04999,Hypothecation,720000.0
COL-05000,LN-HM-05000,Hypothecation,3270000.0
COL-05001,LN-HM-05001,Hypothecation,800000.0
COL-05002,LN-HM-05002,Mortgage,4930000.0
COL-05003,LN-HM-05003,None,0.0
COL-05004,LN-HM-05004,Hypothecation,1040000.0
COL-05005,LN-HM-05005,Mortgage,2510000.0
COL-05006,LN-HM-05006,Hypothecation,690000.0
COL-05007,LN-HM-05007,None,0.0
COL-05008,LN-HM-05008,Hypothecation,1390000.0
COL-05009,LN-HM-05009,Hypothecation,1490000.0
COL-05010,LN-HM-05010,Hypothecation,1610000.0
COL-05011,LN-HM-05011,Mortgage,4430000.0
COL-05012,LN-HM-05012,Mortgage,9820000.0
COL-05013,LN-HM-05013,Mortgage,3620000.0
COL-05014,LN-HM-05014,Mortgage,1860000.0
COL-05015,LN-HM-05015,None,0.0
COL-05016,LN-HM-05016,None,0.0
COL-05017,LN-HM-05017,Mortgage,3710000.0
COL-05018,LN-HM-05018,None,0.0
COL-05019,LN-HM-05019,Mortgage,2890000.0
COL-05020,LN-HM-05020,Hypothecation,1380000.0
COL-05021,LN-HM-05021,Mortgage,5060000.0
COL-05022,LN-HM-05022,None,0.0
COL-05023,LN-HM-05023,None,0.0
COL-05024,LN-HM-05024,Hypothecation,1810000.0
COL-05025,LN-HM-05025,Hypothecation,1960000.0
COL-05026,LN-HM-05026,Mortgage,3960000.0
COL-05027,LN-HM-05027,Mortgage,6000000.0
COL-05028,LN-HM-05028,Mortgage,3940000.0
COL-05029,LN-HM-05029,Mortgage,2250000.0
COL-05030,LN-HM-05030,Mortgage,2370000.0
COL-05031,LN-HM-05031,None,0.0
COL-05032,LN-HM-05032,Mortgage,1000000.0
COL-05033,LN-HM-05033,Mortgage,3060000.0
COL-05034,LN-HM-05034,Mortgage,1880000.0
COL-05035,LN-HM-05035,Hypothecation,3540000.0
COL-05036,LN-HM-05036,Mortgage,10500000.0
COL-05037,LN-HM-05037,Mortgage,2020000.0
COL-05038,LN-HM-05038,Hypothecation,9300000.0
COL-05039,LN-HM-05039,Mortgage,9850000.0
COL-05040,LN-HM-05040,None,0.0
COL-05041,LN-HM-05041,None,0.0
COL-05042,LN-HM-05042,Mortgage,3350000.0
COL-05043,LN-HM-05043,Mortgage,2380000.0
COL-05044,LN-HM-05044,Mortgage,3550000.0
COL-05045,LN-HM-05045,Mortgage,3290000.0
COL-05046,LN-HM-05046,Mortgage,1640000.0
COL-05047,LN-HM-05047,Hypothecation,670000.0
COL-05048,LN-HM-05048,Hypothecation,1400000.0
COL-05049,LN-HM-05049,Mortgage,8250000.0
COL-05050,LN-HM-05050,Mortgage,3470000.0
COL-05051,LN-HM-05051,Mortgage,1430000.0
COL-05052,LN-HM-05052,None,0.0
COL-05053,LN-HM-05053,Mortgage,9030000.0
COL-05054,LN-HM-05054,None,0.0
COL-05055,LN-HM-05055,None,0.0
COL-05056,LN-HM-05056,Mortgage,4620000.0
COL-05057,LN-HM-05057,None,0.0
COL-05058,LN-HM-05058,None,0.0
COL-05059,LN-HM-05059,Mortgage,2370000.0
COL-05060,LN-HM-05060,None,0.0
COL-05061,LN-HM-05061,Mortgage,2150000.0
COL-05062,LN-HM-05062,Hypothecation,870000.0
COL-05063,LN-HM-05063,Mortgage,1960000.0
COL-05064,LN-HM-05064,Hypothecation,4950000.0
COL-05065,LN-HM-05065,Hypothecation,1870000.0
COL-05066,LN-HM-05066,None,0.0
COL-05067,LN-HM-05067,Mortgage,4410000.0
COL-05068,LN-HM-05068,Mortgage,5560000.0
COL-05069,LN-HM-05069,Mortgage,3560000.0
COL-05070,LN-HM-05070,None,0.0
COL-05071,LN-HM-05071,None,0.0
COL-05072,LN-HM-05072,None,0.0
COL-05073,LN-HM-05073,None,0.0
COL-05074,LN-HM-05074,Mortgage,1990000.0
COL-05075,LN-HM-05075,Mortgage,1500000.0
COL-05076,LN-HM-05076,None,0.0
COL-05077,LN-HM-05077,Mortgage,2280000.0
COL-05078,LN-HM-05078,Mortgage,7210000.0
COL-05079,LN-HM-05079,Mortgage,10390000.0
COL-05080,LN-HM-05080,Hypothecation,2240000.0
COL-05081,LN-HM-05081,Mortgage,3190000.0
COL-05082,LN-HM-05082,Mortgage,3040000.0
COL-05083,LN-HM-05083,Hypothecation,380000.0
COL-05084,LN-HM-05084,Mortgage,6080000.0
COL-05085,LN-HM-05085,Hypothecation,1300000.0
COL-05086,LN-HM-05086,None,0.0
COL-05087,LN-HM-05087,Mortgage,2050000.0
COL-05088,LN-HM-05088,Mortgage,1650000.0
COL-05089,LN-HM-05089,Hypothecation,1590000.0
COL-05090,LN-HM-05090,None,0.0
COL-05091,LN-HM-05091,None,0.0
COL-05092,LN-HM-05092,Mortgage,3930000.0
COL-05093,LN-HM-05093,Hypothecation,1090000.0
COL-05094,LN-HM-05094,Hypothecation,1370000.0
COL-05095,LN-HM-05095,Mortgage,3160000.0
COL-05096,LN-HM-05096,None,0.0
COL-05097,LN-HM-05097,None,0.0
COL-05098,LN-HM-05098,Hypothecation,890000.0
COL-05099,LN-HM-05099,Mortgage,4070000.0
COL-05100,LN-HM-05100,Mortgage,10410000.0
COL-05101,LN-HM-05101,Hypothecation,2390000.0
COL-05102,LN-HM-05102,Mortgage,4750000.0
COL-05103,LN-HM-05103,Hypothecation,2120000.0
COL-05104,LN-HM-05104,None,0.0
COL-05105,LN-HM-05105,Mortgage,5310000.0
COL-05106,LN-HM-05106,Mortgage,4410000.0
COL-05107,LN-HM-05107,Mortgage,5510000.0
COL-05108,LN-HM-05108,Mortgage,7230000.0
COL-05109,LN-HM-05109,Mortgage,3270000.0
COL-05110,LN-HM-05110,None,0.0
COL-05111,LN-HM-05111,None,0.0
COL-05112,LN-HM-05112,None,0.0
COL-05113,LN-HM-05113,Mortgage,6020000.0
COL-05114,LN-HM-05114,Mortgage,9090000.0
COL-05115,LN-HM-05115,None,0.0
COL-05116,LN-HM-05116,Mortgage,2620000.0
COL-05117,LN-HM-05117,Hypothecation,1280000.0
COL-05118,LN-HM-05118,Mortgage,2770000.0
COL-05119,LN-HM-05119,Mortgage,12330000.0
COL-05120,LN-HM-05120,None,0.0
COL-05121,LN-HM-05121,None,0.0
COL-05122,LN-HM-05122,Mortgage,3020000.0
COL-05123,LN-HM-05123,Mortgage,8260000.0
COL-05124,LN-HM-05124,None,0.0
COL-05125,LN-HM-05125,Mortgage,19130000.0
COL-05126,LN-HM-05126,Hypothecation,500000.0
COL-05127,LN-HM-05127,None,0.0
COL-05128,LN-HM-05128,None,0.0
COL-05129,LN-HM-05129,Mortgage,2080000.0
COL-05130,LN-HM-05130,Mortgage,6240000.0
COL-05131,LN-HM-05131,Mortgage,2160000.0
COL-05132,LN-HM-05132,None,0.0
COL-05133,LN-HM-05133,Mortgage,2260000.0
COL-05134,LN-HM-05134,Mortgage,6940000.0
COL-05135,LN-HM-05135,None,0.0
COL-05136,LN-HM-05136,Mortgage,5450000.0
COL-05137,LN-HM-05137,Hypothecation,1590000.0
COL-05138,LN-HM-05138,Mortgage,1640000.0
COL-05139,LN-HM-05139,Mortgage,5310000.0
COL-05140,LN-HM-05140,Mortgage,4960000.0
COL-05141,LN-HM-05141,None,0.0
COL-05142,LN-HM-05142,None,0.0
COL-05143,LN-HM-05143,Mortgage,2560000.0
COL-05144,LN-HM-05144,None,0.0
COL-05145,LN-HM-05145,None,0.0
COL-05146,LN-HM-05146,Hypothecation,1840000.0
COL-05147,LN-HM-05147,None,0.0
COL-05148,LN-HM-05148,Mortgage,7200000.0
COL-05149,LN-HM-05149,Mortgage,4800000.0
COL-05150,LN-HM-05150,Mortgage,3320000.0
COL-05151,LN-HM-05151,Mortgage,6330000.0
COL-05152,LN-HM-05152,None,0.0
COL-05153,LN-HM-05153,Mortgage,7050000.0
COL-05154,LN-HM-05154,None,0.0
COL-05155,LN-HM-05155,None,0.0
COL-05156,LN-HM-05156,Mortgage,5800000.0
COL-05157,LN-HM-05157,Mortgage,2680000.0
COL-05158,LN-HM-05158,None,0.0
COL-05159,LN-HM-05159,Mortgage,5350000.0
COL-05160,LN-HM-05160,None,0.0
COL-05161,LN-HM-05161,Mortgage,2950000.0
COL-05162,LN-HM-05162,Mortgage,1800000.0
COL-05163,LN-HM-05163,None,0.0
COL-05164,LN-HM-05164,Mortgage,12970000.0
COL-05165,LN-HM-05165,None,0.0
COL-05166,LN-HM-05166,Mortgage,1260000.0
COL-05167,LN-HM-05167,Hypothecation,2420000.0
COL-05168,LN-HM-05168,None,0.0
COL-05169,LN-HM-05169,Mortgage,7010000.0
COL-05170,LN-HM-05170,None,0.0
COL-05171,LN-HM-05171,Mortgage,2880000.0
COL-05172,LN-HM-05172,Mortgage,1400000.0
COL-05173,LN-HM-05173,Mortgage,2810000.0
COL-05174,LN-HM-05174,None,0.0
COL-05175,LN-HM-05175,Mortgage,2180000.0
COL-05176,LN-HM-05176,Mortgage,2920000.0
COL-05177,LN-HM-05177,Mortgage,4680000.0
COL-05178,LN-HM-05178,Mortgage,2250000.0
COL-05179,LN-HM-05179,None,0.0
COL-05180,LN-HM-05180,None,0.0
COL-05181,LN-HM-05181,Mortgage,1130000.0
COL-05182,LN-HM-05182,None,0.0
COL-05183,LN-HM-05183,None,0.0
COL-05184,LN-HM-05184,Mortgage,7190000.0
COL-05185,LN-HM-05185,None,0.0
COL-05186,LN-HM-05186,None,0.0
COL-05187,LN-HM-05187,Hypothecation,1240000.0
COL-05188,LN-HM-05188,None,0.0
COL-05189,LN-HM-05189,Mortgage,6150000.0
COL-05190,LN-HM-05190,Mortgage,2450000.0
COL-05191,LN-HM-05191,Hypothecation,4760000.0
COL-05192,LN-HM-05192,Mortgage,5150000.0
COL-05193,LN-HM-05193,Mortgage,980000.0
COL-05194,LN-HM-05194,Mortgage,2090000.0
COL-05195,LN-HM-05195,Mortgage,5260000.0
COL-05196,LN-HM-05196,None,0.0
COL-05197,LN-HM-05197,Mortgage,4440000.0
COL-05198,LN-HM-05198,Hypothecation,750000.0
COL-05199,LN-HM-05199,Mortgage,7740000.0
COL-05200,LN-HM-05200,None,0.0
COL-05201,LN-HM-05201,Mortgage,2000000.0
COL-05202,LN-HM-05202,Mortgage,6990000.0
COL-05203,LN-HM-05203,Mortgage,9260000.0
COL-05204,LN-HM-05204,None,0.0
COL-05205,LN-HM-05205,Mortgage,2470000.0
COL-05206,LN-HM-05206,Mortgage,7370000.0
COL-05207,LN-HM-05207,Hypothecation,1910000.0
COL-05208,LN-HM-05208,Hypothecation,6120000.0
COL-05209,LN-HM-05209,None,0.0
COL-05210,LN-HM-05210,Mortgage,14110000.0
COL-05211,LN-HM-05211,None,0.0
COL-05212,LN-HM-05212,Mortgage,5850000.0
COL-05213,LN-HM-05213,Mortgage,2460000.0
COL-05214,LN-HM-05214,Mortgage,3460000.0
COL-05215,LN-HM-05215,None,0.0
COL-05216,LN-HM-05216,Mortgage,4490000.0
COL-05217,LN-HM-05217,Mortgage,1130000.0
COL-05218,LN-HM-05218,Hypothecation,680000.0
COL-05219,LN-HM-05219,Mortgage,8750000.0
COL-05220,LN-HM-05220,None,0.0
COL-05221,LN-HM-05221,Mortgage,4020000.0
COL-05222,LN-HM-05222,None,0.0
COL-05223,LN-HM-05223,Mortgage,7380000.0
COL-05224,LN-HM-05224,Hypothecation,5670000.0
COL-05225,LN-HM-05225,None,0.0
COL-05226,LN-HM-05226,Mortgage,5620000.0
COL-05227,LN-HM-05227,Mortgage,2270000.0
COL-05228,LN-HM-05228,Hypothecation,4310000.0
COL-05229,LN-HM-05229,None,0.0
COL-05230,LN-HM-05230,None,0.0
COL-05231,LN-HM-05231,None,0.0
COL-05232,LN-HM-05232,None,0.0
COL-05233,LN-HM-05233,Hypothecation,1290000.0
COL-05234,LN-HM-05234,None,0.0
COL-05235,LN-HM-05235,None,0.0
COL-05236,LN-HM-05236,Mortgage,3680000.0
COL-05237,LN-HM-05237,Hypothecation,1800000.0
COL-05238,LN-HM-05238,None,0.0
COL-05239,LN-HM-05239,Mortgage,3250000.0
COL-05240,LN-HM-05240,Mortgage,4330000.0
COL-05241,LN-HM-05241,Hypothecation,830000.0
COL-05242,LN-HM-05242,Hypothecation,4860000.0
COL-05243,LN-HM-05243,Mortgage,7170000.0
COL-05244,LN-HM-05244,None,0.0
COL-05245,LN-HM-05245,Mortgage,2600000.0
COL-05246,LN-HM-05246,Mortgage,2160000.0
COL-05247,LN-HM-05247,Hypothecation,1620000.0
COL-05248,LN-HM-05248,Hypothecation,520000.0
COL-05249,LN-HM-05249,Mortgage,2850000.0
COL-05250,LN-HM-05250,None,0.0
COL-05251,LN-HM-05251,Mortgage,4100000.0
COL-05252,LN-HM-05252,Mortgage,13230000.0
COL-05253,LN-HM-05253,None,0.0
COL-05254,LN-HM-05254,Mortgage,2340000.0
COL-05255,LN-HM-05255,None,0.0
COL-05256,LN-HM-05256,Hypothecation,4570000.0
COL-05257,LN-HM-05257,None,0.0
COL-05258,LN-HM-05258,Mortgage,10600000.0
COL-05259,LN-HM-05259,Mortgage,5910000.0
COL-05260,LN-HM-05260,None,0.0
COL-05261,LN-HM-05261,Mortgage,4670000.0
COL-05262,LN-HM-05262,Mortgage,1410000.0
COL-05263,LN-HM-05263,Mortgage,1560000.0
COL-05264,LN-HM-05264,Mortgage,4050000.0
COL-05265,LN-HM-05265,Mortgage,2480000.0
COL-05266,LN-HM-05266,Hypothecation,4690000.0
COL-05267,LN-HM-05267,Hypothecation,640000.0
COL-05268,LN-HM-05268,Mortgage,4670000.0
COL-05269,LN-HM-05269,Mortgage,7690000.0
COL-05270,LN-HM-05270,None,0.0
COL-05271,LN-HM-05271,None,0.0
COL-05272,LN-HM-05272,Mortgage,3300000.0
COL-05273,LN-HM-05273,Mortgage,6770000.0
COL-05274,LN-HM-05274,Hypothecation,2380000.0
COL-05275,LN-HM-05275,Hypothecation,4310000.0
COL-05276,LN-HM-05276,Mortgage,4370000.0
COL-05277,LN-HM-05277,Mortgage,2530000.0
COL-05278,LN-HM-05278,Mortgage,2530000.0
COL-05279,LN-HM-05279,Hypothecation,690000.0
COL-05280,LN-HM-05280,None,0.0
COL-05281,LN-HM-05281,Mortgage,4630000.0
COL-05282,LN-HM-05282,Mortgage,2490000.0
COL-05283,LN-HM-05283,None,0.0
COL-05284,LN-HM-05284,Hypothecation,760000.0
COL-05285,LN-HM-05285,Mortgage,4670000.0
COL-05286,LN-HM-05286,None,0.0
COL-05287,LN-HM-05287,Mortgage,5070000.0
COL-05288,LN-HM-05288,Mortgage,6260000.0
COL-05289,LN-HM-05289,Mortgage,2860000.0
COL-05290,LN-HM-05290,Mortgage,3630000.0
COL-05291,LN-HM-05291,Hypothecation,1120000.0
COL-05292,LN-HM-05292,Hypothecation,2810000.0
COL-05293,LN-HM-05293,Mortgage,8280000.0
COL-05294,LN-HM-05294,None,0.0
COL-05295,LN-HM-05295,Hypothecation,1010000.0
COL-05296,LN-HM-05296,None,0.0
COL-05297,LN-HM-05297,None,0.0
COL-05298,LN-HM-05298,Mortgage,1880000.0
COL-05299,LN-HM-05299,Mortgage,3670000.0
COL-05300,LN-HM-05300,Mortgage,7100000.0
COL-05301,LN-HM-05301,Hypothecation,580000.0
COL-05302,LN-HM-05302,Mortgage,1720000.0
COL-05303,LN-HM-05303,Hypothecation,880000.0
COL-05304,LN-HM-05304,None,0.0
COL-05305,LN-HM-05305,Hypothecation,1780000.0
COL-05306,LN-HM-05306,Hypothecation,1070000.0
COL-05307,LN-HM-05307,Hypothecation,4090000.0
COL-05308,LN-HM-05308,Hypothecation,720000.0
COL-05309,LN-HM-05309,None,0.0
COL-05310,LN-HM-05310,Hypothecation,3020000.0
COL-05311,LN-HM-05311,None,0.0
COL-05312,LN-HM-05312,Mortgage,2890000.0
COL-05313,LN-HM-05313,None,0.0
COL-05314,LN-HM-05314,Hypothecation,1320000.0
COL-05315,LN-HM-05315,Mortgage,6130000.0
COL-05316,LN-HM-05316,Mortgage,2940000.0
COL-05317,LN-HM-05317,None,0.0
COL-05318,LN-HM-05318,Mortgage,2510000.0
COL-05319,LN-HM-05319,Mortgage,8640000.0
COL-05320,LN-HM-05320,Mortgage,2870000.0
COL-05321,LN-HM-05321,None,0.0
COL-05322,LN-HM-05322,None,0.0
COL-05323,LN-HM-05323,Hypothecation,550000.0
COL-05324,LN-HM-05324,Mortgage,1240000.0
COL-05325,LN-HM-05325,None,0.0
COL-05326,LN-HM-05326,Mortgage,2380000.0
COL-05327,LN-HM-05327,Mortgage,11050000.0
COL-05328,LN-HM-05328,None,0.0
COL-05329,LN-HM-05329,Mortgage,4160000.0
COL-05330,LN-HM-05330,Hypothecation,720000.0
COL-05331,LN-HM-05331,Hypothecation,660000.0
COL-05332,LN-HM-05332,Hypothecation,2420000.0
COL-05333,LN-HM-05333,None,0.0
COL-05334,LN-HM-05334,Mortgage,5210000.0
COL-05335,LN-HM-05335,Hypothecation,510000.0
COL-05336,LN-HM-05336,Mortgage,2530000.0
COL-05337,LN-HM-05337,Mortgage,4000000.0
COL-05338,LN-HM-05338,Mortgage,2540000.0
COL-05339,LN-HM-05339,Hypothecation,470000.0
COL-05340,LN-HM-05340,None,0.0
COL-05341,LN-HM-05341,Mortgage,3040000.0
COL-05342,LN-HM-05342,Mortgage,1410000.0
COL-05343,LN-HM-05343,Mortgage,3290000.0
COL-05344,LN-HM-05344,None,0.0
COL-05345,LN-HM-05345,None,0.0
COL-05346,LN-HM-05346,Hypothecation,710000.0
COL-05347,LN-HM-05347,Hypothecation,770000.0
COL-05348,LN-HM-05348,Mortgage,1310000.0
COL-05349,LN-HM-05349,Mortgage,3420000.0
COL-05350,LN-HM-05350,Hypothecation,760000.0
COL-05351,LN-HM-05351,None,0.0
COL-05352,LN-HM-05352,Mortgage,3110000.0
COL-05353,LN-HM-05353,Mortgage,7400000.0
COL-05354,LN-HM-05354,Mortgage,8140000.0
COL-05355,LN-HM-05355,None,0.0
COL-05356,LN-HM-05356,Mortgage,4680000.0
COL-05357,LN-HM-05357,None,0.0
COL-05358,LN-HM-05358,Mortgage,3280000.0
COL-05359,LN-HM-05359,Hypothecation,1500000.0
COL-05360,LN-HM-05360,Mortgage,3420000.0
COL-05361,LN-HM-05361,Hypothecation,1010000.0
COL-05362,LN-HM-05362,Mortgage,7010000.0
COL-05363,LN-HM-05363,Mortgage,6120000.0
COL-05364,LN-HM-05364,Hypothecation,2160000.0
COL-05365,LN-HM-05365,Mortgage,3780000.0
COL-05366,LN-HM-05366,Mortgage,2590000.0
COL-05367,LN-HM-05367,Mortgage,5950000.0
COL-05368,LN-HM-05368,Mortgage,2090000.0
COL-05369,LN-HM-05369,None,0.0
COL-05370,LN-HM-05370,Mortgage,7490000.0
COL-05371,LN-HM-05371,None,0.0
COL-05372,LN-HM-05372,Hypothecation,1870000.0
COL-05373,LN-HM-05373,Mortgage,4180000.0
COL-05374,LN-HM-05374,Mortgage,1740000.0
COL-05375,LN-HM-05375,Mortgage,2640000.0
COL-05376,LN-HM-05376,Mortgage,1590000.0
COL-05377,LN-HM-05377,Mortgage,3800000.0
COL-05378,LN-HM-05378,None,0.0
COL-05379,LN-HM-05379,Hypothecation,1880000.0
COL-05380,LN-HM-05380,None,0.0
COL-05381,LN-HM-05381,None,0.0
COL-05382,LN-HM-05382,None,0.0
COL-05383,LN-HM-05383,Hypothecation,1060000.0
COL-05384,LN-HM-05384,Mortgage,8970000.0
COL-05385,LN-HM-05385,Mortgage,5460000.0
COL-05386,LN-HM-05386,Mortgage,2050000.0
COL-05387,LN-HM-05387,None,0.0
COL-05388,LN-HM-05388,Hypothecation,1490000.0
COL-05389,LN-HM-05389,None,0.0
COL-05390,LN-HM-05390,Hypothecation,1090000.0
COL-05391,LN-HM-05391,Mortgage,3710000.0
COL-05392,LN-HM-05392,Mortgage,1640000.0
COL-05393,LN-HM-05393,Mortgage,9790000.0
COL-05394,LN-HM-05394,Mortgage,3150000.0
COL-05395,LN-HM-05395,Mortgage,6360000.0
COL-05396,LN-HM-05396,Mortgage,5130000.0
COL-05397,LN-HM-05397,Mortgage,6810000.0
COL-05398,LN-HM-05398,Mortgage,12380000.0
COL-05399,LN-HM-05399,Hypothecation,1300000.0
COL-05400,LN-HM-05400,Mortgage,10820000.0
COL-05401,LN-HM-05401,None,0.0
COL-05402,LN-HM-05402,None,0.0
COL-05403,LN-HM-05403,Mortgage,5340000.0
COL-05404,LN-HM-05404,Mortgage,1960000.0
COL-05405,LN-HM-05405,Mortgage,3220000.0
COL-05406,LN-HM-05406,Mortgage,2770000.0
COL-05407,LN-HM-05407,Mortgage,5360000.0
COL-05408,LN-HM-05408,Mortgage,4370000.0
COL-05409,LN-HM-05409,Mortgage,4650000.0
COL-05410,LN-HM-05410,None,0.0
COL-05411,LN-HM-05411,None,0.0
COL-05412,LN-HM-05412,Mortgage,1860000.0
COL-05413,LN-HM-05413,Mortgage,12670000.0
COL-05414,LN-HM-05414,Hypothecation,530000.0
COL-05415,LN-HM-05415,None,0.0
COL-05416,LN-HM-05416,Hypothecation,1220000.0
COL-05417,LN-HM-05417,Mortgage,1530000.0
COL-05418,LN-HM-05418,Mortgage,3390000.0
COL-05419,LN-HM-05419,None,0.0
COL-05420,LN-HM-05420,Mortgage,4270000.0
COL-05421,LN-HM-05421,Mortgage,13660000.0
COL-05422,LN-HM-05422,Mortgage,1250000.0
COL-05423,LN-HM-05423,Mortgage,3730000.0
COL-05424,LN-HM-05424,Mortgage,4750000.0
COL-05425,LN-HM-05425,Mortgage,5830000.0
COL-05426,LN-HM-05426,Mortgage,1760000.0
COL-05427,LN-HM-05427,Hypothecation,880000.0
COL-05428,LN-HM-05428,None,0.0
COL-05429,LN-HM-05429,Hypothecation,980000.0
COL-05430,LN-HM-05430,None,0.0
COL-05431,LN-HM-05431,Hypothecation,5590000.0
COL-05432,LN-HM-05432,Mortgage,5950000.0
COL-05433,LN-HM-05433,Mortgage,3570000.0
COL-05434,LN-HM-05434,Mortgage,8350000.0
COL-05435,LN-HM-05435,Mortgage,2580000.0
COL-05436,LN-HM-05436,Mortgage,2150000.0
COL-05437,LN-HM-05437,Mortgage,3600000.0
COL-05438,LN-HM-05438,Mortgage,4010000.0
COL-05439,LN-HM-05439,Mortgage,6380000.0
COL-05440,LN-HM-05440,Mortgage,4880000.0
COL-05441,LN-HM-05441,Hypothecation,2500000.0
COL-05442,LN-HM-05442,None,0.0
COL-05443,LN-HM-05443,None,0.0
COL-05444,LN-HM-05444,Hypothecation,2500000.0
COL-05445,LN-HM-05445,None,0.0
COL-05446,LN-HM-05446,Mortgage,7440000.0
COL-05447,LN-HM-05447,None,0.0
COL-05448,LN-HM-05448,None,0.0
COL-05449,LN-HM-05449,None,0.0
COL-05450,LN-HM-05450,Hypothecation,910000.0
COL-05451,LN-HM-05451,Mortgage,4630000.0
COL-05452,LN-HM-05452,None,0.0
COL-05453,LN-HM-05453,Mortgage,3280000.0
COL-05454,LN-HM-05454,None,0.0
COL-05455,LN-HM-05455,Mortgage,6020000.0
COL-05456,LN-HM-05456,None,0.0
COL-05457,LN-HM-05457,Mortgage,6690000.0
COL-05458,LN-HM-05458,Mortgage,2830000.0
COL-05459,LN-HM-05459,Mortgage,13940000.0
COL-05460,LN-HM-05460,None,0.0
COL-05461,LN-HM-05461,Mortgage,3340000.0
COL-05462,LN-HM-05462,Mortgage,6650000.0
COL-05463,LN-HM-05463,None,0.0
COL-05464,LN-HM-05464,Hypothecation,1060000.0
COL-05465,LN-HM-05465,None,0.0
COL-05466,LN-HM-05466,Hypothecation,810000.0
COL-05467,LN-HM-05467,Mortgage,5050000.0
COL-05468,LN-HM-05468,Hypothecation,1530000.0
COL-05469,LN-HM-05469,None,0.0
COL-05470,LN-HM-05470,Mortgage,7400000.0
COL-05471,LN-HM-05471,Hypothecation,580000.0
COL-05472,LN-HM-05472,Mortgage,7530000.0
COL-05473,LN-HM-05473,Mortgage,3360000.0
COL-05474,LN-HM-05474,Hypothecation,1400000.0
COL-05475,LN-HM-05475,Mortgage,5210000.0
COL-05476,LN-HM-05476,None,0.0
COL-05477,LN-HM-05477,Hypothecation,1200000.0
COL-05478,LN-HM-05478,None,0.0
COL-05479,LN-HM-05479,None,0.0
COL-05480,LN-HM-05480,Mortgage,3730000.0
COL-05481,LN-HM-05481,Mortgage,4810000.0
COL-05482,LN-HM-05482,None,0.0
COL-05483,LN-HM-05483,Hypothecation,690000.0
COL-05484,LN-HM-05484,Hypothecation,1470000.0
COL-05485,LN-HM-05485,Mortgage,3490000.0
COL-05486,LN-HM-05486,None,0.0
COL-05487,LN-HM-05487,Mortgage,1460000.0
COL-05488,LN-HM-05488,None,0.0
COL-05489,LN-HM-05489,Mortgage,8270000.0
COL-05490,LN-HM-05490,Hypothecation,1120000.0
COL-05491,LN-HM-05491,None,0.0
COL-05492,LN-HM-05492,Mortgage,2610000.0
COL-05493,LN-HM-05493,Hypothecation,420000.0
COL-05494,LN-HM-05494,Mortgage,3410000.0
COL-05495,LN-HM-05495,Mortgage,5670000.0
COL-05496,LN-HM-05496,Mortgage,4030000.0
COL-05497,LN-HM-05497,Mortgage,4860000.0
COL-05498,LN-HM-05498,Mortgage,3510000.0
COL-05499,LN-HM-05499,Hypothecation,1240000.0
COL-05500,LN-HM-05500,None,0.0
COL-05501,LN-HM-05501,Mortgage,1750000.0
COL-05502,LN-HM-05502,Mortgage,7690000.0
COL-05503,LN-HM-05503,Mortgage,2600000.0
COL-05504,LN-HM-05504,Mortgage,7150000.0
COL-05505,LN-HM-05505,Mortgage,1820000.0
COL-05506,LN-HM-05506,None,0.0
COL-05507,LN-HM-05507,None,0.0
COL-05508,LN-HM-05508,Hypothecation,1110000.0
COL-05509,LN-HM-05509,Mortgage,1580000.0
COL-05510,LN-HM-05510,Mortgage,1320000.0
COL-05511,LN-HM-05511,Mortgage,7170000.0
COL-05512,LN-HM-05512,Hypothecation,2230000.0
COL-05513,LN-HM-05513,Mortgage,3600000.0
COL-05514,LN-HM-05514,Mortgage,2950000.0
COL-05515,LN-HM-05515,Mortgage,7370000.0
COL-05516,LN-HM-05516,Hypothecation,1230000.0
COL-05517,LN-HM-05517,Mortgage,4130000.0
COL-05518,LN-HM-05518,Hypothecation,1140000.0
COL-05519,LN-HM-05519,Mortgage,2970000.0
COL-05520,LN-HM-05520,Hypothecation,4480000.0
COL-05521,LN-HM-05521,None,0.0
COL-05522,LN-HM-05522,Mortgage,960000.0
COL-05523,LN-HM-05523,Mortgage,1140000.0
COL-05524,LN-HM-05524,Hypothecation,2260000.0
COL-05525,LN-HM-05525,Mortgage,2770000.0
COL-05526,LN-HM-05526,Mortgage,1270000.0
COL-05527,LN-HM-05527,Mortgage,5080000.0
COL-05528,LN-HM-05528,None,0.0
COL-05529,LN-HM-05529,None,0.0
COL-05530,LN-HM-05530,Hypothecation,2870000.0
COL-05531,LN-HM-05531,None,0.0
COL-05532,LN-HM-05532,Mortgage,1540000.0
COL-05533,LN-HM-05533,Hypothecation,350000.0
COL-05534,LN-HM-05534,Hypothecation,2460000.0
COL-05535,LN-HM-05535,Mortgage,6940000.0
COL-05536,LN-HM-05536,Mortgage,1680000.0
COL-05537,LN-HM-05537,Mortgage,2280000.0
COL-05538,LN-HM-05538,Mortgage,4950000.0
COL-05539,LN-HM-05539,Mortgage,11350000.0
COL-05540,LN-HM-05540,Mortgage,3600000.0
COL-05541,LN-HM-05541,Mortgage,5010000.0
COL-05542,LN-HM-05542,None,0.0
COL-05543,LN-HM-05543,None,0.0
COL-05544,LN-HM-05544,Mortgage,2630000.0
COL-05545,LN-HM-05545,Mortgage,9110000.0
COL-05546,LN-HM-05546,Mortgage,3200000.0
COL-05547,LN-HM-05547,None,0.0
COL-05548,LN-HM-05548,None,0.0
COL-05549,LN-HM-05549,None,0.0
COL-05550,LN-HM-05550,Mortgage,15430000.0
COL-05551,LN-HM-05551,Mortgage,10300000.0
COL-05552,LN-HM-05552,Mortgage,14550000.0
COL-05553,LN-HM-05553,Mortgage,6600000.0
COL-05554,LN-HM-05554,Mortgage,3660000.0
COL-05555,LN-HM-05555,Mortgage,3910000.0
COL-05556,LN-HM-05556,Hypothecation,2410000.0
COL-05557,LN-HM-05557,None,0.0
COL-05558,LN-HM-05558,None,0.0
COL-05559,LN-HM-05559,Mortgage,2440000.0
COL-05560,LN-HM-05560,Mortgage,3650000.0
COL-05561,LN-HM-05561,None,0.0
COL-05562,LN-HM-05562,Mortgage,7300000.0
COL-05563,LN-HM-05563,None,0.0
COL-05564,LN-HM-05564,Mortgage,6840000.0
COL-05565,LN-HM-05565,Hypothecation,950000.0
COL-05566,LN-HM-05566,None,0.0
COL-05567,LN-HM-05567,Mortgage,3670000.0
COL-05568,LN-HM-05568,Hypothecation,2780000.0
COL-05569,LN-HM-05569,Mortgage,8020000.0
COL-05570,LN-HM-05570,None,0.0
COL-05571,LN-HM-05571,None,0.0
COL-05572,LN-HM-05572,Mortgage,2210000.0
COL-05573,LN-HM-05573,Mortgage,5060000.0
COL-05574,LN-HM-05574,None,0.0
COL-05575,LN-HM-05575,Mortgage,2430000.0
COL-05576,LN-HM-05576,Mortgage,1560000.0
COL-05577,LN-HM-05577,None,0.0
COL-05578,LN-HM-05578,Mortgage,7270000.0
COL-05579,LN-HM-05579,None,0.0
COL-05580,LN-HM-05580,Hypothecation,840000.0
COL-05581,LN-HM-05581,Hypothecation,1140000.0
COL-05582,LN-HM-05582,Mortgage,3010000.0
COL-05583,LN-HM-05583,Mortgage,2310000.0
COL-05584,LN-HM-05584,Hypothecation,840000.0
COL-05585,LN-HM-05585,Mortgage,8840000.0
COL-05586,LN-HM-05586,Mortgage,1660000.0
COL-05587,LN-HM-05587,Hypothecation,2820000.0
COL-05588,LN-HM-05588,Mortgage,4260000.0
COL-05589,LN-HM-05589,Mortgage,9620000.0
COL-05590,LN-HM-05590,Mortgage,3690000.0
COL-05591,LN-HM-05591,Mortgage,3490000.0
COL-05592,LN-HM-05592,Mortgage,1710000.0
COL-05593,LN-HM-05593,Mortgage,4110000.0
COL-05594,LN-HM-05594,Mortgage,3600000.0
COL-05595,LN-HM-05595,None,0.0
COL-05596,LN-HM-05596,Hypothecation,820000.0
COL-05597,LN-HM-05597,Hypothecation,770000.0
COL-05598,LN-HM-05598,None,0.0
COL-05599,LN-HM-05599,Mortgage,5190000.0
COL-05600,LN-HM-05600,None,0.0
COL-05601,LN-HM-05601,Mortgage,7470000.0
COL-05602,LN-HM-05602,Mortgage,6290000.0
COL-05603,LN-HM-05603,Mortgage,2970000.0
COL-05604,LN-HM-05604,Mortgage,1280000.0
COL-05605,LN-HM-05605,Mortgage,1840000.0
COL-05606,LN-HM-05606,Mortgage,6540000.0
COL-05607,LN-HM-05607,Mortgage,8240000.0
COL-05608,LN-HM-05608,Mortgage,10280000.0
COL-05609,LN-HM-05609,Hypothecation,1900000.0
COL-05610,LN-HM-05610,Mortgage,9660000.0
COL-05611,LN-HM-05611,None,0.0
COL-05612,LN-HM-05612,None,0.0
COL-05613,LN-HM-05613,Hypothecation,960000.0
COL-05614,LN-HM-05614,Mortgage,10330000.0
COL-05615,LN-HM-05615,Hypothecation,680000.0
COL-05616,LN-HM-05616,Hypothecation,1000000.0
COL-05617,LN-HM-05617,Mortgage,3910000.0
COL-05618,LN-HM-05618,Mortgage,3400000.0
COL-05619,LN-HM-05619,Hypothecation,790000.0
COL-05620,LN-HM-05620,Mortgage,4090000.0
COL-05621,LN-HM-05621,Mortgage,3340000.0
COL-05622,LN-HM-05622,None,0.0
COL-05623,LN-HM-05623,None,0.0
COL-05624,LN-HM-05624,Mortgage,11170000.0
COL-05625,LN-HM-05625,None,0.0
COL-05626,LN-HM-05626,None,0.0
COL-05627,LN-HM-05627,Mortgage,11950000.0
COL-05628,LN-HM-05628,Mortgage,6350000.0
COL-05629,LN-HM-05629,None,0.0
COL-05630,LN-HM-05630,None,0.0
COL-05631,LN-HM-05631,Mortgage,6360000.0
COL-05632,LN-HM-05632,Mortgage,2670000.0
COL-05633,LN-HM-05633,None,0.0
COL-05634,LN-HM-05634,Mortgage,23530000.0
COL-05635,LN-HM-05635,Hypothecation,1200000.0
COL-05636,LN-HM-05636,Mortgage,4000000.0
COL-05637,LN-HM-05637,None,0.0
COL-05638,LN-HM-05638,Mortgage,1870000.0
COL-05639,LN-HM-05639,None,0.0
COL-05640,LN-HM-05640,Mortgage,10470000.0
COL-05641,LN-HM-05641,Mortgage,5650000.0
COL-05642,LN-HM-05642,None,0.0
COL-05643,LN-HM-05643,Hypothecation,1060000.0
COL-05644,LN-HM-05644,None,0.0
COL-05645,LN-HM-05645,None,0.0
COL-05646,LN-HM-05646,Mortgage,10710000.0
COL-05647,LN-HM-05647,Mortgage,3500000.0
COL-05648,LN-HM-05648,Mortgage,5800000.0
COL-05649,LN-HM-05649,Mortgage,2720000.0
COL-05650,LN-HM-05650,None,0.0
COL-05651,LN-HM-05651,Mortgage,4400000.0
COL-05652,LN-HM-05652,Mortgage,4350000.0
COL-05653,LN-HM-05653,Mortgage,6170000.0
COL-05654,LN-HM-05654,Mortgage,4150000.0
COL-05655,LN-HM-05655,None,0.0
COL-05656,LN-HM-05656,Mortgage,1960000.0
COL-05657,LN-HM-05657,Mortgage,2740000.0
COL-05658,LN-HM-05658,Hypothecation,1030000.0
COL-05659,LN-HM-05659,Mortgage,1640000.0
COL-05660,LN-HM-05660,None,0.0
COL-05661,LN-HM-05661,Hypothecation,1430000.0
COL-05662,LN-HM-05662,None,0.0
COL-05663,LN-HM-05663,None,0.0
COL-05664,LN-HM-05664,Mortgage,4180000.0
COL-05665,LN-HM-05665,Mortgage,4020000.0
COL-05666,LN-HM-05666,Mortgage,3130000.0
COL-05667,LN-HM-05667,None,0.0
COL-05668,LN-HM-05668,Hypothecation,780000.0
COL-05669,LN-HM-05669,None,0.0
COL-05670,LN-HM-05670,Mortgage,2770000.0
COL-05671,LN-HM-05671,Hypothecation,1160000.0
COL-05672,LN-HM-05672,Mortgage,4450000.0
COL-05673,LN-HM-05673,Mortgage,1450000.0
COL-05674,LN-HM-05674,None,0.0
COL-05675,LN-HM-05675,Mortgage,4640000.0
COL-05676,LN-HM-05676,None,0.0
COL-05677,LN-HM-05677,None,0.0
COL-05678,LN-HM-05678,Mortgage,2910000.0
COL-05679,LN-HM-05679,Mortgage,2620000.0
COL-05680,LN-HM-05680,Hypothecation,2890000.0
COL-05681,LN-HM-05681,Hypothecation,1100000.0
COL-05682,LN-HM-05682,Mortgage,3530000.0
COL-05683,LN-HM-05683,Mortgage,6530000.0
COL-05684,LN-HM-05684,Hypothecation,870000.0
COL-05685,LN-HM-05685,Mortgage,5010000.0
COL-05686,LN-HM-05686,None,0.0
COL-05687,LN-HM-05687,None,0.0
COL-05688,LN-HM-05688,Mortgage,5550000.0
COL-05689,LN-HM-05689,Mortgage,2780000.0
COL-05690,LN-HM-05690,Mortgage,1700000.0
COL-05691,LN-HM-05691,Mortgage,6290000.0
COL-05692,LN-HM-05692,Hypothecation,4880000.0
COL-05693,LN-HM-05693,Hypothecation,2130000.0
COL-05694,LN-HM-05694,Mortgage,2680000.0
COL-05695,LN-HM-05695,None,0.0
COL-05696,LN-HM-05696,Hypothecation,880000.0
COL-05697,LN-HM-05697,None,0.0
COL-05698,LN-HM-05698,Mortgage,8200000.0
COL-05699,LN-HM-05699,Hypothecation,900000.0
COL-05700,LN-HM-05700,None,0.0
COL-05701,LN-HM-05701,Hypothecation,1490000.0
COL-05702,LN-HM-05702,Hypothecation,4100000.0
COL-05703,LN-HM-05703,Mortgage,3840000.0
COL-05704,LN-HM-05704,Hypothecation,1040000.0
COL-05705,LN-HM-05705,Hypothecation,610000.0
COL-05706,LN-HM-05706,Hypothecation,620000.0
COL-05707,LN-HM-05707,Hypothecation,1960000.0
COL-05708,LN-HM-05708,None,0.0
COL-05709,LN-HM-05709,Mortgage,4190000.0
COL-05710,LN-HM-05710,Mortgage,1220000.0
COL-05711,LN-HM-05711,Hypothecation,890000.0
COL-05712,LN-HM-05712,Mortgage,6100000.0
COL-05713,LN-HM-05713,Mortgage,5130000.0
COL-05714,LN-HM-05714,Mortgage,3420000.0
COL-05715,LN-HM-05715,Hypothecation,660000.0
COL-05716,LN-HM-05716,None,0.0
COL-05717,LN-HM-05717,Hypothecation,830000.0
COL-05718,LN-HM-05718,Mortgage,5820000.0
COL-05719,LN-HM-05719,Hypothecation,920000.0
COL-05720,LN-HM-05720,Hypothecation,3050000.0
COL-05721,LN-HM-05721,Mortgage,6190000.0
COL-05722,LN-HM-05722,Hypothecation,1220000.0
COL-05723,LN-HM-05723,None,0.0
COL-05724,LN-HM-05724,Mortgage,3970000.0
COL-05725,LN-HM-05725,Mortgage,1090000.0
COL-05726,LN-HM-05726,Mortgage,7040000.0
COL-05727,LN-HM-05727,Mortgage,5290000.0
COL-05728,LN-HM-05728,None,0.0
COL-05729,LN-HM-05729,Mortgage,2110000.0
COL-05730,LN-HM-05730,Mortgage,4360000.0
COL-05731,LN-HM-05731,None,0.0
COL-05732,LN-HM-05732,Mortgage,3270000.0
COL-05733,LN-HM-05733,Mortgage,3790000.0
COL-05734,LN-HM-05734,Mortgage,4180000.0
COL-05735,LN-HM-05735,Hypothecation,810000.0
COL-05736,LN-HM-05736,Mortgage,3360000.0
COL-05737,LN-HM-05737,Hypothecation,860000.0
COL-05738,LN-HM-05738,Mortgage,6180000.0
COL-05739,LN-HM-05739,Hypothecation,920000.0
COL-05740,LN-HM-05740,Hypothecation,2400000.0
COL-05741,LN-HM-05741,None,0.0
COL-05742,LN-HM-05742,None,0.0
COL-05743,LN-HM-05743,Mortgage,1550000.0
COL-05744,LN-HM-05744,None,0.0
COL-05745,LN-HM-05745,Mortgage,8480000.0
COL-05746,LN-HM-05746,Hypothecation,2420000.0
COL-05747,LN-HM-05747,Mortgage,5750000.0
COL-05748,LN-HM-05748,None,0.0
COL-05749,LN-HM-05749,Mortgage,2850000.0
COL-05750,LN-HM-05750,None,0.0
COL-05751,LN-HM-05751,Mortgage,6080000.0
COL-05752,LN-HM-05752,Mortgage,4460000.0
COL-05753,LN-HM-05753,Mortgage,6460000.0
COL-05754,LN-HM-05754,None,0.0
COL-05755,LN-HM-05755,Mortgage,7910000.0
COL-05756,LN-HM-05756,Hypothecation,410000.0
COL-05757,LN-HM-05757,Hypothecation,1080000.0
COL-05758,LN-HM-05758,Hypothecation,1000000.0
COL-05759,LN-HM-05759,None,0.0
COL-05760,LN-HM-05760,Hypothecation,980000.0
COL-05761,LN-HM-05761,Mortgage,2200000.0
COL-05762,LN-HM-05762,Mortgage,2280000.0
COL-05763,LN-HM-05763,Hypothecation,1150000.0
COL-05764,LN-HM-05764,Mortgage,1580000.0
COL-05765,LN-HM-05765,Mortgage,3990000.0
COL-05766,LN-HM-05766,Mortgage,8490000.0
COL-05767,LN-HM-05767,None,0.0
COL-05768,LN-HM-05768,Mortgage,9410000.0
COL-05769,LN-HM-05769,None,0.0
COL-05770,LN-HM-05770,Mortgage,5520000.0
COL-05771,LN-HM-05771,None,0.0
COL-05772,LN-HM-05772,None,0.0
COL-05773,LN-HM-05773,Mortgage,3160000.0
COL-05774,LN-HM-05774,Mortgage,6910000.0
COL-05775,LN-HM-05775,Hypothecation,1400000.0
COL-05776,LN-HM-05776,Mortgage,8790000.0
COL-05777,LN-HM-05777,Hypothecation,1800000.0
COL-05778,LN-HM-05778,None,0.0
COL-05779,LN-HM-05779,None,0.0
COL-05780,LN-HM-05780,Hypothecation,1540000.0
COL-05781,LN-HM-05781,Mortgage,2070000.0
COL-05782,LN-HM-05782,Mortgage,5810000.0
COL-05783,LN-HM-05783,Hypothecation,1770000.0
COL-05784,LN-HM-05784,None,0.0
COL-05785,LN-HM-05785,Mortgage,9660000.0
COL-05786,LN-HM-05786,Mortgage,2520000.0
COL-05787,LN-HM-05787,Mortgage,3670000.0
COL-05788,LN-HM-05788,Mortgage,2370000.0
COL-05789,LN-HM-05789,None,0.0
COL-05790,LN-HM-05790,Mortgage,2440000.0
COL-05791,LN-HM-05791,None,0.0
COL-05792,LN-HM-05792,None,0.0
COL-05793,LN-HM-05793,Hypothecation,1420000.0
COL-05794,LN-HM-05794,Hypothecation,780000.0
COL-05795,LN-HM-05795,None,0.0
COL-05796,LN-HM-05796,None,0.0
COL-05797,LN-HM-05797,Mortgage,3730000.0
COL-05798,LN-HM-05798,None,0.0
COL-05799,LN-HM-05799,Mortgage,2690000.0
COL-05800,LN-HM-05800,None,0.0
COL-05801,LN-HM-05801,Mortgage,1590000.0
COL-05802,LN-HM-05802,Mortgage,8050000.0
COL-05803,LN-HM-05803,Mortgage,3210000.0
COL-05804,LN-HM-05804,None,0.0
COL-05805,LN-HM-05805,Mortgage,3530000.0
COL-05806,LN-HM-05806,Mortgage,1260000.0
COL-05807,LN-HM-05807,Hypothecation,450000.0
COL-05808,LN-HM-05808,Mortgage,2620000.0
COL-05809,LN-HM-05809,Mortgage,6000000.0
COL-05810,LN-HM-05810,None,0.0
COL-05811,LN-HM-05811,None,0.0
COL-05812,LN-HM-05812,Mortgage,3500000.0
COL-05813,LN-HM-05813,Mortgage,1380000.0
COL-05814,LN-HM-05814,None,0.0
COL-05815,LN-HM-05815,Hypothecation,1800000.0
COL-05816,LN-HM-05816,Mortgage,2410000.0
COL-05817,LN-HM-05817,Hypothecation,1420000.0
COL-05818,LN-HM-05818,Mortgage,28070000.0
COL-05819,LN-HM-05819,None,0.0
COL-05820,LN-HM-05820,None,0.0
COL-05821,LN-HM-05821,Hypothecation,740000.0
COL-05822,LN-HM-05822,Mortgage,4610000.0
COL-05823,LN-HM-05823,None,0.0
COL-05824,LN-HM-05824,None,0.0
COL-05825,LN-HM-05825,None,0.0
COL-05826,LN-HM-05826,Hypothecation,900000.0
COL-05827,LN-HM-05827,Mortgage,3990000.0
COL-05828,LN-HM-05828,Hypothecation,1790000.0
COL-05829,LN-HM-05829,None,0.0
COL-05830,LN-HM-05830,Hypothecation,840000.0
COL-05831,LN-HM-05831,Mortgage,3890000.0
COL-05832,LN-HM-05832,None,0.0
COL-05833,LN-HM-05833,Mortgage,2370000.0
COL-05834,LN-HM-05834,Mortgage,3940000.0
COL-05835,LN-HM-05835,Mortgage,5880000.0
COL-05836,LN-HM-05836,Mortgage,5320000.0
COL-05837,LN-HM-05837,None,0.0
COL-05838,LN-HM-05838,Mortgage,7620000.0
COL-05839,LN-HM-05839,Mortgage,1960000.0
COL-05840,LN-HM-05840,Mortgage,1090000.0
COL-05841,LN-HM-05841,Hypothecation,1820000.0
COL-05842,LN-HM-05842,Mortgage,3030000.0
COL-05843,LN-HM-05843,Mortgage,4800000.0
COL-05844,LN-HM-05844,Mortgage,2470000.0
COL-05845,LN-HM-05845,None,0.0
COL-05846,LN-HM-05846,None,0.0
COL-05847,LN-HM-05847,None,0.0
COL-05848,LN-HM-05848,Mortgage,5270000.0
COL-05849,LN-HM-05849,None,0.0
COL-05850,LN-HM-05850,None,0.0
COL-05851,LN-HM-05851,None,0.0
COL-05852,LN-HM-05852,None,0.0
COL-05853,LN-HM-05853,Hypothecation,940000.0
COL-05854,LN-HM-05854,None,0.0
COL-05855,LN-HM-05855,None,0.0
COL-05856,LN-HM-05856,None,0.0
COL-05857,LN-HM-05857,Mortgage,1980000.0
COL-05858,LN-HM-05858,None,0.0
COL-05859,LN-HM-05859,Mortgage,5210000.0
COL-05860,LN-HM-05860,Hypothecation,2530000.0
COL-05861,LN-HM-05861,Hypothecation,2530000.0
COL-05862,LN-HM-05862,Mortgage,2550000.0
COL-05863,LN-HM-05863,None,0.0
COL-05864,LN-HM-05864,None,0.0
COL-05865,LN-HM-05865,None,0.0
COL-05866,LN-HM-05866,None,0.0
COL-05867,LN-HM-05867,None,0.0
COL-05868,LN-HM-05868,None,0.0
COL-05869,LN-HM-05869,None,0.0
COL-05870,LN-HM-05870,Hypothecation,850000.0
COL-05871,LN-HM-05871,None,0.0
COL-05872,LN-HM-05872,None,0.0
COL-05873,LN-HM-05873,Mortgage,3490000.0
COL-05874,LN-HM-05874,Mortgage,1520000.0
COL-05875,LN-HM-05875,Hypothecation,890000.0
COL-05876,LN-HM-05876,None,0.0
COL-05877,LN-HM-05877,Mortgage,9420000.0
COL-05878,LN-HM-05878,Mortgage,3400000.0
COL-05879,LN-HM-05879,Mortgage,1640000.0
COL-05880,LN-HM-05880,Mortgage,2200000.0
COL-05881,LN-HM-05881,Mortgage,6660000.0
COL-05882,LN-HM-05882,Mortgage,3880000.0
COL-05883,LN-HM-05883,None,0.0
COL-05884,LN-HM-05884,Mortgage,5430000.0
COL-05885,LN-HM-05885,None,0.0
COL-05886,LN-HM-05886,Mortgage,7920000.0
COL-05887,LN-HM-05887,None,0.0
COL-05888,LN-HM-05888,Hypothecation,610000.0
COL-05889,LN-HM-05889,Hypothecation,5490000.0
COL-05890,LN-HM-05890,None,0.0
COL-05891,LN-HM-05891,Hypothecation,470000.0
COL-05892,LN-HM-05892,Mortgage,7320000.0
COL-05893,LN-HM-05893,None,0.0
COL-05894,LN-HM-05894,None,0.0
COL-05895,LN-HM-05895,Mortgage,3740000.0
COL-05896,LN-HM-05896,None,0.0
COL-05897,LN-HM-05897,Mortgage,4770000.0
COL-05898,LN-HM-05898,None,0.0
COL-05899,LN-HM-05899,Mortgage,3130000.0
COL-05900,LN-HM-05900,Hypothecation,1290000.0
COL-05901,LN-HM-05901,None,0.0
COL-05902,LN-HM-05902,None,0.0
COL-05903,LN-HM-05903,Mortgage,4270000.0
COL-05904,LN-HM-05904,None,0.0
COL-05905,LN-HM-05905,Hypothecation,1700000.0
COL-05906,LN-HM-05906,None,0.0
COL-05907,LN-HM-05907,Mortgage,15000000.0
COL-05908,LN-HM-05908,None,0.0
COL-05909,LN-HM-05909,Hypothecation,880000.0
COL-05910,LN-HM-05910,Mortgage,2500000.0
COL-05911,LN-HM-05911,Mortgage,980000.0
COL-05912,LN-HM-05912,Mortgage,5660000.0
COL-05913,LN-HM-05913,None,0.0
COL-05914,LN-HM-05914,Hypothecation,470000.0
COL-05915,LN-HM-05915,Mortgage,4170000.0
COL-05916,LN-HM-05916,Mortgage,3990000.0
COL-05917,LN-HM-05917,Mortgage,3990000.0
COL-05918,LN-HM-05918,Mortgage,4090000.0
COL-05919,LN-HM-05919,Mortgage,1090000.0
COL-05920,LN-HM-05920,None,0.0
COL-05921,LN-HM-05921,Mortgage,6190000.0
COL-05922,LN-HM-05922,Mortgage,6930000.0
COL-05923,LN-HM-05923,Mortgage,3680000.0
COL-05924,LN-HM-05924,Mortgage,4530000.0
COL-05925,LN-HM-05925,None,0.0
COL-05926,LN-HM-05926,Mortgage,3540000.0
COL-05927,LN-HM-05927,Mortgage,1400000.0
COL-05928,LN-HM-05928,Mortgage,4110000.0
COL-05929,LN-HM-05929,Mortgage,1360000.0
COL-05930,LN-HM-05930,None,0.0
COL-05931,LN-HM-05931,Mortgage,3760000.0
COL-05932,LN-HM-05932,None,0.0
COL-05933,LN-HM-05933,None,0.0
COL-05934,LN-HM-05934,Hypothecation,3490000.0
COL-05935,LN-HM-05935,None,0.0
COL-05936,LN-HM-05936,Mortgage,14110000.0
COL-05937,LN-HM-05937,Mortgage,3010000.0
COL-05938,LN-HM-05938,Mortgage,3670000.0
COL-05939,LN-HM-05939,Hypothecation,1320000.0
COL-05940,LN-HM-05940,Mortgage,11200000.0
COL-05941,LN-HM-05941,None,0.0
COL-05942,LN-HM-05942,Hypothecation,1130000.0
COL-05943,LN-HM-05943,Hypothecation,720000.0
COL-05944,LN-HM-05944,Hypothecation,1410000.0
COL-05945,LN-HM-05945,Hypothecation,1950000.0
COL-05946,LN-HM-05946,None,0.0
COL-05947,LN-HM-05947,Hypothecation,1580000.0
COL-05948,LN-HM-05948,Mortgage,7360000.0
COL-05949,LN-HM-05949,Mortgage,8360000.0
COL-05950,LN-HM-05950,None,0.0
COL-05951,LN-HM-05951,None,0.0
COL-05952,LN-HM-05952,None,0.0
COL-05953,LN-HM-05953,None,0.0
COL-05954,LN-HM-05954,Mortgage,15870000.0
COL-05955,LN-HM-05955,None,0.0
COL-05956,LN-HM-05956,Mortgage,3840000.0
COL-05957,LN-HM-05957,None,0.0
COL-05958,LN-HM-05958,None,0.0
COL-05959,LN-HM-05959,None,0.0
COL-05960,LN-HM-05960,Mortgage,4670000.0
COL-05961,LN-HM-05961,None,0.0
COL-05962,LN-HM-05962,None,0.0
COL-05963,LN-HM-05963,None,0.0
COL-05964,LN-HM-05964,Hypothecation,1160000.0
COL-05965,LN-HM-05965,None,0.0
COL-05966,LN-HM-05966,Hypothecation,1330000.0
COL-05967,LN-HM-05967,Mortgage,2080000.0
COL-05968,LN-HM-05968,Hypothecation,510000.0
COL-05969,LN-HM-05969,Hypothecation,2190000.0
COL-05970,LN-HM-05970,Hypothecation,1140000.0
COL-05971,LN-HM-05971,None,0.0
COL-05972,LN-HM-05972,Mortgage,2130000.0
COL-05973,LN-HM-05973,Mortgage,6420000.0
COL-05974,LN-HM-05974,Mortgage,3730000.0
COL-05975,LN-HM-05975,Hypothecation,830000.0
COL-05976,LN-HM-05976,Mortgage,1980000.0
COL-05977,LN-HM-05977,Mortgage,5410000.0
COL-05978,LN-HM-05978,Mortgage,1710000.0
COL-05979,LN-HM-05979,Mortgage,3000000.0
COL-05980,LN-HM-05980,Hypothecation,1200000.0
COL-05981,LN-HM-05981,Hypothecation,1060000.0
COL-05982,LN-HM-05982,Mortgage,6940000.0
COL-05983,LN-HM-05983,Hypothecation,510000.0
COL-05984,LN-HM-05984,Mortgage,2850000.0
COL-05985,LN-HM-05985,None,0.0
COL-05986,LN-HM-05986,None,0.0
COL-05987,LN-HM-05987,None,0.0
COL-05988,LN-HM-05988,Mortgage,7690000.0
COL-05989,LN-HM-05989,Hypothecation,780000.0
COL-05990,LN-HM-05990,None,0.0
COL-05991,LN-HM-05991,Mortgage,5170000.0
COL-05992,LN-HM-05992,Mortgage,6130000.0
COL-05993,LN-HM-05993,None,0.0
COL-05994,LN-HM-05994,Hypothecation,910000.0
COL-05995,LN-HM-05995,Mortgage,4920000.0
COL-05996,LN-HM-05996,None,0.0
COL-05997,LN-HM-05997,Hypothecation,840000.0
COL-05998,LN-HM-05998,Mortgage,5960000.0
COL-05999,LN-HM-05999,Mortgage,10120000.0
COL-06000,LN-HM-06000,Hypothecation,1870000.0
COL-06001,LN-HM-06001,None,0.0
COL-06002,LN-HM-06002,Hypothecation,3700000.0
COL-06003,LN-HM-06003,None,0.0
COL-06004,LN-HM-06004,Mortgage,5840000.0
COL-06005,LN-HM-06005,Mortgage,2850000.0
COL-06006,LN-HM-06006,Mortgage,2020000.0
COL-06007,LN-HM-06007,Hypothecation,1040000.0
COL-06008,LN-HM-06008,Hypothecation,3180000.0
COL-06009,LN-HM-06009,None,0.0
COL-06010,LN-HM-06010,Mortgage,3870000.0
COL-06011,LN-HM-06011,None,0.0
COL-06012,LN-HM-06012,Mortgage,1720000.0
COL-06013,LN-HM-06013,None,0.0
COL-06014,LN-HM-06014,Mortgage,6010000.0
COL-06015,LN-HM-06015,None,0.0
COL-06016,LN-HM-06016,None,0.0
COL-06017,LN-HM-06017,None,0.0
COL-06018,LN-HM-06018,None,0.0
COL-06019,LN-HM-06019,Mortgage,2000000.0
COL-06020,LN-HM-06020,None,0.0
COL-06021,LN-HM-06021,Mortgage,6140000.0
COL-06022,LN-HM-06022,Mortgage,2670000.0
COL-06023,LN-HM-06023,Mortgage,5950000.0
COL-06024,LN-HM-06024,None,0.0
COL-06025,LN-HM-06025,Hypothecation,550000.0
COL-06026,LN-HM-06026,Hypothecation,1220000.0
COL-06027,LN-HM-06027,Mortgage,1660000.0
COL-06028,LN-HM-06028,Mortgage,4250000.0
COL-06029,LN-HM-06029,Mortgage,3430000.0
COL-06030,LN-HM-06030,Mortgage,2660000.0
COL-06031,LN-HM-06031,Mortgage,4540000.0
COL-06032,LN-HM-06032,Hypothecation,840000.0
COL-06033,LN-HM-06033,None,0.0
COL-06034,LN-HM-06034,Hypothecation,980000.0
COL-06035,LN-HM-06035,Hypothecation,400000.0
COL-06036,LN-HM-06036,None,0.0
COL-06037,LN-HM-06037,Mortgage,7750000.0
COL-06038,LN-HM-06038,Mortgage,810000.0
COL-06039,LN-HM-06039,Mortgage,2130000.0
COL-06040,LN-HM-06040,Hypothecation,1910000.0
COL-06041,LN-HM-06041,Hypothecation,2140000.0
COL-06042,LN-HM-06042,Mortgage,2650000.0
COL-06043,LN-HM-06043,Mortgage,15760000.0
COL-06044,LN-HM-06044,Mortgage,2090000.0
COL-06045,LN-HM-06045,None,0.0
COL-06046,LN-HM-06046,None,0.0
COL-06047,LN-HM-06047,Mortgage,5460000.0
COL-06048,LN-HM-06048,Mortgage,17110000.0
COL-06049,LN-HM-06049,Mortgage,18820000.0
COL-06050,LN-HM-06050,Mortgage,5140000.0
COL-06051,LN-HM-06051,Hypothecation,1250000.0
COL-06052,LN-HM-06052,Hypothecation,1760000.0
COL-06053,LN-HM-06053,Hypothecation,3040000.0
COL-06054,LN-HM-06054,Mortgage,4330000.0
COL-06055,LN-HM-06055,Mortgage,4690000.0
COL-06056,LN-HM-06056,Hypothecation,1640000.0
COL-06057,LN-HM-06057,None,0.0
COL-06058,LN-HM-06058,Mortgage,7240000.0
COL-06059,LN-HM-06059,None,0.0
COL-06060,LN-HM-06060,None,0.0
COL-06061,LN-HM-06061,None,0.0
COL-06062,LN-HM-06062,Mortgage,2470000.0
COL-06063,LN-HM-06063,Mortgage,8940000.0
COL-06064,LN-HM-06064,Mortgage,3570000.0
COL-06065,LN-HM-06065,Hypothecation,2720000.0
COL-06066,LN-HM-06066,None,0.0
COL-06067,LN-HM-06067,Hypothecation,1450000.0
COL-06068,LN-HM-06068,Hypothecation,1130000.0
COL-06069,LN-HM-06069,None,0.0
COL-06070,LN-HM-06070,Hypothecation,2080000.0
COL-06071,LN-HM-06071,None,0.0
COL-06072,LN-HM-06072,Hypothecation,1000000.0
COL-06073,LN-HM-06073,Mortgage,2220000.0
COL-06074,LN-HM-06074,Mortgage,5420000.0
COL-06075,LN-HM-06075,None,0.0
COL-06076,LN-HM-06076,Hypothecation,2010000.0
COL-06077,LN-HM-06077,Mortgage,10440000.0
COL-06078,LN-HM-06078,Mortgage,6990000.0
COL-06079,LN-HM-06079,None,0.0
COL-06080,LN-HM-06080,None,0.0
COL-06081,LN-HM-06081,None,0.0
COL-06082,LN-HM-06082,None,0.0
COL-06083,LN-HM-06083,None,0.0
COL-06084,LN-HM-06084,Mortgage,6420000.0
COL-06085,LN-HM-06085,Hypothecation,1140000.0
COL-06086,LN-HM-06086,None,0.0
COL-06087,LN-HM-06087,None,0.0
COL-06088,LN-HM-06088,Hypothecation,960000.0
COL-06089,LN-HM-06089,Mortgage,3730000.0
COL-06090,LN-HM-06090,Mortgage,8230000.0
COL-06091,LN-HM-06091,None,0.0
COL-06092,LN-HM-06092,Mortgage,4060000.0
COL-06093,LN-HM-06093,Mortgage,2640000.0
COL-06094,LN-HM-06094,None,0.0
COL-06095,LN-HM-06095,Mortgage,3430000.0
COL-06096,LN-HM-06096,Mortgage,3000000.0
COL-06097,LN-HM-06097,None,0.0
COL-06098,LN-HM-06098,Mortgage,8290000.0
COL-06099,LN-HM-06099,Hypothecation,3370000.0
COL-06100,LN-HM-06100,Mortgage,4420000.0
COL-06101,LN-HM-06101,None,0.0
COL-06102,LN-HM-06102,None,0.0
COL-06103,LN-HM-06103,Mortgage,7210000.0
COL-06104,LN-HM-06104,None,0.0
COL-06105,LN-HM-06105,Mortgage,10280000.0
COL-06106,LN-HM-06106,Mortgage,3840000.0
COL-06107,LN-HM-06107,Mortgage,2120000.0
COL-06108,LN-HM-06108,Mortgage,2880000.0
COL-06109,LN-HM-06109,Mortgage,9470000.0
COL-06110,LN-HM-06110,Mortgage,5050000.0
COL-06111,LN-HM-06111,Mortgage,2670000.0
COL-06112,LN-HM-06112,None,0.0
COL-06113,LN-HM-06113,Mortgage,8960000.0
COL-06114,LN-HM-06114,None,0.0
COL-06115,LN-HM-06115,None,0.0
COL-06116,LN-HM-06116,Mortgage,4010000.0
COL-06117,LN-HM-06117,Hypothecation,2730000.0
COL-06118,LN-HM-06118,Mortgage,6830000.0
COL-06119,LN-HM-06119,None,0.0
COL-06120,LN-HM-06120,Mortgage,6310000.0
COL-06121,LN-HM-06121,Mortgage,4480000.0
COL-06122,LN-HM-06122,Mortgage,14560000.0
COL-06123,LN-HM-06123,Mortgage,3300000.0
COL-06124,LN-HM-06124,Mortgage,5500000.0
COL-06125,LN-HM-06125,None,0.0
COL-06126,LN-HM-06126,Mortgage,2640000.0
COL-06127,LN-HM-06127,Hypothecation,2540000.0
COL-06128,LN-HM-06128,Hypothecation,1860000.0
COL-06129,LN-HM-06129,None,0.0
COL-06130,LN-HM-06130,None,0.0
COL-06131,LN-HM-06131,Hypothecation,7730000.0
COL-06132,LN-HM-06132,Mortgage,2790000.0
COL-06133,LN-HM-06133,Mortgage,6990000.0
COL-06134,LN-HM-06134,None,0.0
COL-06135,LN-HM-06135,None,0.0
COL-06136,LN-HM-06136,Mortgage,5280000.0
COL-06137,LN-HM-06137,None,0.0
COL-06138,LN-HM-06138,Mortgage,4060000.0
COL-06139,LN-HM-06139,Mortgage,10920000.0
COL-06140,LN-HM-06140,Mortgage,1660000.0
COL-06141,LN-HM-06141,Mortgage,3750000.0
COL-06142,LN-HM-06142,None,0.0
COL-06143,LN-HM-06143,Mortgage,1960000.0
COL-06144,LN-HM-06144,Mortgage,5250000.0
COL-06145,LN-HM-06145,None,0.0
COL-06146,LN-HM-06146,Mortgage,2750000.0
COL-06147,LN-HM-06147,Hypothecation,610000.0
COL-06148,LN-HM-06148,None,0.0
COL-06149,LN-HM-06149,Mortgage,1420000.0
COL-06150,LN-HM-06150,None,0.0
COL-06151,LN-HM-06151,None,0.0
COL-06152,LN-HM-06152,None,0.0
COL-06153,LN-HM-06153,Mortgage,1720000.0
COL-06154,LN-HM-06154,Mortgage,8660000.0
COL-06155,LN-HM-06155,Mortgage,2700000.0
COL-06156,LN-HM-06156,Hypothecation,2460000.0
COL-06157,LN-HM-06157,Hypothecation,1510000.0
COL-06158,LN-HM-06158,Hypothecation,760000.0
COL-06159,LN-HM-06159,None,0.0
COL-06160,LN-HM-06160,Hypothecation,3100000.0
COL-06161,LN-HM-06161,Mortgage,4840000.0
COL-06162,LN-HM-06162,None,0.0
COL-06163,LN-HM-06163,Mortgage,1220000.0
COL-06164,LN-HM-06164,None,0.0
COL-06165,LN-HM-06165,Mortgage,16730000.0
COL-06166,LN-HM-06166,Hypothecation,1920000.0
COL-06167,LN-HM-06167,Hypothecation,1520000.0
COL-06168,LN-HM-06168,Mortgage,1540000.0
COL-06169,LN-HM-06169,Mortgage,860000.0
COL-06170,LN-HM-06170,None,0.0
COL-06171,LN-HM-06171,None,0.0
COL-06172,LN-HM-06172,None,0.0
COL-06173,LN-HM-06173,Mortgage,4440000.0
COL-06174,LN-HM-06174,Mortgage,5670000.0
COL-06175,LN-HM-06175,Mortgage,1760000.0
COL-06176,LN-HM-06176,Hypothecation,1760000.0
COL-06177,LN-HM-06177,Mortgage,2390000.0
COL-06178,LN-HM-06178,None,0.0
COL-06179,LN-HM-06179,None,0.0
COL-06180,LN-HM-06180,Mortgage,3650000.0
COL-06181,LN-HM-06181,Hypothecation,2560000.0
COL-06182,LN-HM-06182,None,0.0
COL-06183,LN-HM-06183,Mortgage,3750000.0
COL-06184,LN-HM-06184,Mortgage,11980000.0
COL-06185,LN-HM-06185,Mortgage,2290000.0
COL-06186,LN-HM-06186,Mortgage,4140000.0
COL-06187,LN-HM-06187,Hypothecation,630000.0
COL-06188,LN-HM-06188,None,0.0
COL-06189,LN-HM-06189,None,0.0
COL-06190,LN-HM-06190,Mortgage,6830000.0
COL-06191,LN-HM-06191,Mortgage,2570000.0
COL-06192,LN-HM-06192,Mortgage,4290000.0
COL-06193,LN-HM-06193,Hypothecation,3060000.0
COL-06194,LN-HM-06194,Mortgage,10370000.0
COL-06195,LN-HM-06195,Mortgage,4520000.0
COL-06196,LN-HM-06196,None,0.0
COL-06197,LN-HM-06197,None,0.0
COL-06198,LN-HM-06198,Mortgage,1840000.0
COL-06199,LN-HM-06199,Mortgage,4360000.0
COL-06200,LN-HM-06200,None,0.0
COL-06201,LN-HM-06201,Mortgage,4330000.0
COL-06202,LN-HM-06202,Mortgage,4400000.0
COL-06203,LN-HM-06203,None,0.0
COL-06204,LN-HM-06204,Mortgage,1020000.0
COL-06205,LN-HM-06205,Mortgage,3970000.0
COL-06206,LN-HM-06206,Hypothecation,710000.0
COL-06207,LN-HM-06207,Mortgage,10400000.0
COL-06208,LN-HM-06208,Hypothecation,730000.0
COL-06209,LN-HM-06209,Mortgage,3250000.0
COL-06210,LN-HM-06210,None,0.0
COL-06211,LN-HM-06211,None,0.0
COL-06212,LN-HM-06212,Hypothecation,5390000.0
COL-06213,LN-HM-06213,Mortgage,16780000.0
COL-06214,LN-HM-06214,Mortgage,2800000.0
COL-06215,LN-HM-06215,Mortgage,1710000.0
COL-06216,LN-HM-06216,None,0.0
COL-06217,LN-HM-06217,None,0.0
COL-06218,LN-HM-06218,None,0.0
COL-06219,LN-HM-06219,Hypothecation,1780000.0
COL-06220,LN-HM-06220,None,0.0
COL-06221,LN-HM-06221,Mortgage,20040000.0
COL-06222,LN-HM-06222,Mortgage,3630000.0
COL-06223,LN-HM-06223,None,0.0
COL-06224,LN-HM-06224,Mortgage,2570000.0
COL-06225,LN-HM-06225,None,0.0
COL-06226,LN-HM-06226,Mortgage,3660000.0
COL-06227,LN-HM-06227,None,0.0
COL-06228,LN-HM-06228,Hypothecation,1060000.0
COL-06229,LN-HM-06229,Mortgage,2250000.0
COL-06230,LN-HM-06230,Mortgage,5370000.0
COL-06231,LN-HM-06231,None,0.0
COL-06232,LN-HM-06232,Mortgage,3770000.0
COL-06233,LN-HM-06233,Mortgage,4430000.0
COL-06234,LN-HM-06234,Mortgage,9620000.0
COL-06235,LN-HM-06235,Hypothecation,1810000.0
COL-06236,LN-HM-06236,Mortgage,2030000.0
COL-06237,LN-HM-06237,Hypothecation,3310000.0
COL-06238,LN-HM-06238,Hypothecation,1890000.0
COL-06239,LN-HM-06239,Mortgage,5180000.0
COL-06240,LN-HM-06240,Mortgage,8670000.0
COL-06241,LN-HM-06241,Mortgage,8460000.0
COL-06242,LN-HM-06242,None,0.0
COL-06243,LN-HM-06243,None,0.0
COL-06244,LN-HM-06244,Mortgage,3950000.0
COL-06245,LN-HM-06245,Hypothecation,2690000.0
COL-06246,LN-HM-06246,None,0.0
COL-06247,LN-HM-06247,Hypothecation,2170000.0
COL-06248,LN-HM-06248,Mortgage,3670000.0
COL-06249,LN-HM-06249,Mortgage,7020000.0
COL-06250,LN-HM-06250,None,0.0
COL-06251,LN-HM-06251,Mortgage,4650000.0
COL-06252,LN-HM-06252,Mortgage,4600000.0
COL-06253,LN-HM-06253,Hypothecation,3410000.0
COL-06254,LN-HM-06254,None,0.0
COL-06255,LN-HM-06255,None,0.0
COL-06256,LN-HM-06256,Hypothecation,1810000.0
COL-06257,LN-HM-06257,Mortgage,7900000.0
COL-06258,LN-HM-06258,Hypothecation,2640000.0
COL-06259,LN-HM-06259,Mortgage,840000.0
COL-06260,LN-HM-06260,Mortgage,2350000.0
COL-06261,LN-HM-06261,None,0.0
COL-06262,LN-HM-06262,Mortgage,1350000.0
COL-06263,LN-HM-06263,None,0.0
COL-06264,LN-HM-06264,None,0.0
COL-06265,LN-HM-06265,Mortgage,1710000.0
COL-06266,LN-HM-06266,Mortgage,5140000.0
COL-06267,LN-HM-06267,Mortgage,16210000.0
COL-06268,LN-HM-06268,Mortgage,2100000.0
COL-06269,LN-HM-06269,None,0.0
COL-06270,LN-HM-06270,Hypothecation,1470000.0
COL-06271,LN-HM-06271,Hypothecation,1480000.0
COL-06272,LN-HM-06272,Hypothecation,610000.0
COL-06273,LN-HM-06273,None,0.0
COL-06274,LN-HM-06274,Mortgage,2360000.0
COL-06275,LN-HM-06275,Mortgage,4680000.0
COL-06276,LN-HM-06276,Hypothecation,2400000.0
COL-06277,LN-HM-06277,Mortgage,3040000.0
COL-06278,LN-HM-06278,None,0.0
COL-06279,LN-HM-06279,Mortgage,2580000.0
COL-06280,LN-HM-06280,Hypothecation,1510000.0
COL-06281,LN-HM-06281,None,0.0
COL-06282,LN-HM-06282,Hypothecation,2990000.0
COL-06283,LN-HM-06283,None,0.0
COL-06284,LN-HM-06284,Mortgage,2370000.0
COL-06285,LN-HM-06285,Hypothecation,2780000.0
COL-06286,LN-HM-06286,Mortgage,2290000.0
COL-06287,LN-HM-06287,Mortgage,4640000.0
COL-06288,LN-HM-06288,None,0.0
COL-06289,LN-HM-06289,Hypothecation,3580000.0
COL-06290,LN-HM-06290,Mortgage,2470000.0
COL-06291,LN-HM-06291,Hypothecation,690000.0
COL-06292,LN-HM-06292,None,0.0
COL-06293,LN-HM-06293,Mortgage,6120000.0
COL-06294,LN-HM-06294,Hypothecation,2990000.0
COL-06295,LN-HM-06295,None,0.0
COL-06296,LN-HM-06296,Hypothecation,1060000.0
COL-06297,LN-HM-06297,Mortgage,3650000.0
COL-06298,LN-HM-06298,None,0.0
COL-06299,LN-HM-06299,None,0.0
COL-06300,LN-HM-06300,Mortgage,3130000.0
COL-06301,LN-HM-06301,None,0.0
COL-06302,LN-HM-06302,None,0.0
COL-06303,LN-HM-06303,Mortgage,14120000.0
COL-06304,LN-HM-06304,Hypothecation,1450000.0
COL-06305,LN-HM-06305,Hypothecation,4520000.0
COL-06306,LN-HM-06306,None,0.0
COL-06307,LN-HM-06307,Mortgage,4380000.0
COL-06308,LN-HM-06308,Hypothecation,960000.0
COL-06309,LN-HM-06309,Mortgage,17710000.0
COL-06310,LN-HM-06310,None,0.0
COL-06311,LN-HM-06311,Mortgage,3710000.0
COL-06312,LN-HM-06312,Mortgage,6310000.0
COL-06313,LN-HM-06313,None,0.0
COL-06314,LN-HM-06314,Mortgage,8840000.0
COL-06315,LN-HM-06315,Mortgage,830000.0
COL-06316,LN-HM-06316,Mortgage,8300000.0
COL-06317,LN-HM-06317,Mortgage,2130000.0
COL-06318,LN-HM-06318,None,0.0
COL-06319,LN-HM-06319,None,0.0
COL-06320,LN-HM-06320,Mortgage,3620000.0
COL-06321,LN-HM-06321,Mortgage,4820000.0
COL-06322,LN-HM-06322,Mortgage,1830000.0
COL-06323,LN-HM-06323,Mortgage,2230000.0
COL-06324,LN-HM-06324,Mortgage,3240000.0
COL-06325,LN-HM-06325,Mortgage,4970000.0
COL-06326,LN-HM-06326,Mortgage,9840000.0
COL-06327,LN-HM-06327,Mortgage,4870000.0
COL-06328,LN-HM-06328,None,0.0
COL-06329,LN-HM-06329,Mortgage,5800000.0
COL-06330,LN-HM-06330,Hypothecation,1020000.0
COL-06331,LN-HM-06331,Mortgage,9400000.0
COL-06332,LN-HM-06332,None,0.0
COL-06333,LN-HM-06333,None,0.0
COL-06334,LN-HM-06334,Hypothecation,910000.0
COL-06335,LN-HM-06335,Mortgage,5670000.0
COL-06336,LN-HM-06336,Mortgage,7500000.0
COL-06337,LN-HM-06337,None,0.0
COL-06338,LN-HM-06338,Mortgage,3800000.0
COL-06339,LN-HM-06339,Mortgage,4470000.0
COL-06340,LN-HM-06340,Hypothecation,1640000.0
COL-06341,LN-HM-06341,Mortgage,9950000.0
COL-06342,LN-HM-06342,Mortgage,7190000.0
COL-06343,LN-HM-06343,None,0.0
COL-06344,LN-HM-06344,Mortgage,2730000.0
COL-06345,LN-HM-06345,None,0.0
COL-06346,LN-HM-06346,Hypothecation,920000.0
COL-06347,LN-HM-06347,Mortgage,1780000.0
COL-06348,LN-HM-06348,Hypothecation,820000.0
COL-06349,LN-HM-06349,Mortgage,1560000.0
COL-06350,LN-HM-06350,Hypothecation,1520000.0
COL-06351,LN-HM-06351,Mortgage,2410000.0
COL-06352,LN-HM-06352,Hypothecation,960000.0
COL-06353,LN-HM-06353,None,0.0
COL-06354,LN-HM-06354,Mortgage,2870000.0
COL-06355,LN-HM-06355,Mortgage,980000.0
COL-06356,LN-HM-06356,Mortgage,7410000.0
COL-06357,LN-HM-06357,None,0.0
COL-06358,LN-HM-06358,Mortgage,3700000.0
COL-06359,LN-HM-06359,Hypothecation,3760000.0
COL-06360,LN-HM-06360,Mortgage,3190000.0
COL-06361,LN-HM-06361,Hypothecation,1380000.0
COL-06362,LN-HM-06362,Hypothecation,1310000.0
COL-06363,LN-HM-06363,None,0.0
COL-06364,LN-HM-06364,Mortgage,2860000.0
COL-06365,LN-HM-06365,Mortgage,4100000.0
COL-06366,LN-HM-06366,Mortgage,1870000.0
COL-06367,LN-HM-06367,Mortgage,7240000.0
COL-06368,LN-HM-06368,Mortgage,5500000.0
COL-06369,LN-HM-06369,None,0.0
COL-06370,LN-HM-06370,Hypothecation,5880000.0
COL-06371,LN-HM-06371,Mortgage,1850000.0
COL-06372,LN-HM-06372,Mortgage,7350000.0
COL-06373,LN-HM-06373,None,0.0
COL-06374,LN-HM-06374,Mortgage,10800000.0
COL-06375,LN-HM-06375,None,0.0
COL-06376,LN-HM-06376,Mortgage,5280000.0
COL-06377,LN-HM-06377,None,0.0
COL-06378,LN-HM-06378,Mortgage,6190000.0
COL-06379,LN-HM-06379,Hypothecation,1460000.0
COL-06380,LN-HM-06380,Mortgage,3090000.0
COL-06381,LN-HM-06381,Hypothecation,1170000.0
COL-06382,LN-HM-06382,Mortgage,4890000.0
COL-06383,LN-HM-06383,None,0.0
COL-06384,LN-HM-06384,Mortgage,8260000.0
COL-06385,LN-HM-06385,Mortgage,5010000.0
COL-06386,LN-HM-06386,Mortgage,4410000.0
COL-06387,LN-HM-06387,Mortgage,6390000.0
COL-06388,LN-HM-06388,Hypothecation,620000.0
COL-06389,LN-HM-06389,Hypothecation,1820000.0
COL-06390,LN-HM-06390,Mortgage,1580000.0
COL-06391,LN-HM-06391,None,0.0
COL-06392,LN-HM-06392,Hypothecation,800000.0
COL-06393,LN-HM-06393,Mortgage,2650000.0
COL-06394,LN-HM-06394,Mortgage,4500000.0
COL-06395,LN-HM-06395,Mortgage,4030000.0
COL-06396,LN-HM-06396,None,0.0
COL-06397,LN-HM-06397,Hypothecation,2720000.0
COL-06398,LN-HM-06398,Mortgage,3020000.0
COL-06399,LN-HM-06399,None,0.0
COL-06400,LN-HM-06400,None,0.0
COL-06401,LN-HM-06401,Mortgage,2170000.0
COL-06402,LN-HM-06402,Hypothecation,2060000.0
COL-06403,LN-HM-06403,Mortgage,5930000.0
COL-06404,LN-HM-06404,Mortgage,3150000.0
COL-06405,LN-HM-06405,Mortgage,9180000.0
COL-06406,LN-HM-06406,Mortgage,1330000.0
COL-06407,LN-HM-06407,Mortgage,7330000.0
COL-06408,LN-HM-06408,None,0.0
COL-06409,LN-HM-06409,Hypothecation,600000.0
COL-06410,LN-HM-06410,Mortgage,3210000.0
COL-06411,LN-HM-06411,None,0.0
COL-06412,LN-HM-06412,Mortgage,3840000.0
COL-06413,LN-HM-06413,Hypothecation,1710000.0
COL-06414,LN-HM-06414,Mortgage,4370000.0
COL-06415,LN-HM-06415,Mortgage,5880000.0
COL-06416,LN-HM-06416,None,0.0
COL-06417,LN-HM-06417,None,0.0
COL-06418,LN-HM-06418,Hypothecation,1080000.0
COL-06419,LN-HM-06419,Hypothecation,920000.0
COL-06420,LN-HM-06420,None,0.0
COL-06421,LN-HM-06421,None,0.0
COL-06422,LN-HM-06422,None,0.0
COL-06423,LN-HM-06423,Mortgage,2150000.0
COL-06424,LN-HM-06424,Hypothecation,1960000.0
COL-06425,LN-HM-06425,Mortgage,8570000.0
COL-06426,LN-HM-06426,Hypothecation,1470000.0
COL-06427,LN-HM-06427,Mortgage,1450000.0
COL-06428,LN-HM-06428,None,0.0
COL-06429,LN-HM-06429,None,0.0
COL-06430,LN-HM-06430,None,0.0
COL-06431,LN-HM-06431,Hypothecation,980000.0
COL-06432,LN-HM-06432,Mortgage,14940000.0
COL-06433,LN-HM-06433,Mortgage,5150000.0
COL-06434,LN-HM-06434,Mortgage,2800000.0
COL-06435,LN-HM-06435,Mortgage,2280000.0
COL-06436,LN-HM-06436,Mortgage,2900000.0
COL-06437,LN-HM-06437,Mortgage,6500000.0
COL-06438,LN-HM-06438,Mortgage,2910000.0
COL-06439,LN-HM-06439,Mortgage,10930000.0
COL-06440,LN-HM-06440,Mortgage,5740000.0
COL-06441,LN-HM-06441,Mortgage,2600000.0
COL-06442,LN-HM-06442,Hypothecation,520000.0
COL-06443,LN-HM-06443,Mortgage,3440000.0
COL-06444,LN-HM-06444,Mortgage,6410000.0
COL-06445,LN-HM-06445,Mortgage,14220000.0
COL-06446,LN-HM-06446,Mortgage,4900000.0
COL-06447,LN-HM-06447,Hypothecation,3810000.0
COL-06448,LN-HM-06448,Mortgage,1780000.0
COL-06449,LN-HM-06449,Mortgage,2720000.0
COL-06450,LN-HM-06450,None,0.0
COL-06451,LN-HM-06451,Mortgage,4280000.0
COL-06452,LN-HM-06452,Mortgage,2680000.0
COL-06453,LN-HM-06453,None,0.0
COL-06454,LN-HM-06454,None,0.0
COL-06455,LN-HM-06455,Mortgage,14950000.0
COL-06456,LN-HM-06456,Mortgage,3910000.0
COL-06457,LN-HM-06457,None,0.0
COL-06458,LN-HM-06458,Hypothecation,450000.0
COL-06459,LN-HM-06459,None,0.0
COL-06460,LN-HM-06460,Mortgage,2100000.0
COL-06461,LN-HM-06461,None,0.0
COL-06462,LN-HM-06462,None,0.0
COL-06463,LN-HM-06463,Mortgage,7840000.0
COL-06464,LN-HM-06464,None,0.0
COL-06465,LN-HM-06465,None,0.0
COL-06466,LN-HM-06466,Mortgage,2410000.0
COL-06467,LN-HM-06467,Mortgage,2890000.0
COL-06468,LN-HM-06468,Mortgage,2920000.0
COL-06469,LN-HM-06469,None,0.0
COL-06470,LN-HM-06470,Mortgage,5040000.0
COL-06471,LN-HM-06471,Hypothecation,3090000.0
COL-06472,LN-HM-06472,Mortgage,4440000.0
COL-06473,LN-HM-06473,Mortgage,5460000.0
COL-06474,LN-HM-06474,Mortgage,10630000.0
COL-06475,LN-HM-06475,Mortgage,9500000.0
COL-06476,LN-HM-06476,Mortgage,4970000.0
COL-06477,LN-HM-06477,None,0.0
COL-06478,LN-HM-06478,Hypothecation,3790000.0
COL-06479,LN-HM-06479,Mortgage,2260000.0
COL-06480,LN-HM-06480,Hypothecation,1010000.0
COL-06481,LN-HM-06481,Mortgage,9080000.0
COL-06482,LN-HM-06482,Hypothecation,880000.0
COL-06483,LN-HM-06483,None,0.0
COL-06484,LN-HM-06484,Mortgage,6190000.0
COL-06485,LN-HM-06485,None,0.0
COL-06486,LN-HM-06486,None,0.0
COL-06487,LN-HM-06487,Mortgage,13780000.0
COL-06488,LN-HM-06488,None,0.0
COL-06489,LN-HM-06489,None,0.0
COL-06490,LN-HM-06490,Mortgage,2870000.0
COL-06491,LN-HM-06491,None,0.0
COL-06492,LN-HM-06492,None,0.0
COL-06493,LN-HM-06493,Mortgage,2960000.0
COL-06494,LN-HM-06494,None,0.0
COL-06495,LN-HM-06495,Mortgage,3360000.0
COL-06496,LN-HM-06496,None,0.0
COL-06497,LN-HM-06497,None,0.0
COL-06498,LN-HM-06498,None,0.0
COL-06499,LN-HM-06499,None,0.0
COL-06500,LN-HM-06500,None,0.0
COL-06501,LN-HM-06501,None,0.0
COL-06502,LN-HM-06502,Hypothecation,1780000.0
COL-06503,LN-HM-06503,None,0.0
COL-06504,LN-HM-06504,Mortgage,5170000.0
COL-06505,LN-HM-06505,Mortgage,7760000.0
COL-06506,LN-HM-06506,None,0.0
COL-06507,LN-HM-06507,Hypothecation,1190000.0
COL-06508,LN-HM-06508,Mortgage,8490000.0
COL-06509,LN-HM-06509,None,0.0
COL-06510,LN-HM-06510,Hypothecation,1520000.0
COL-06511,LN-HM-06511,None,0.0
COL-06512,LN-HM-06512,Mortgage,4420000.0
COL-06513,LN-HM-06513,Mortgage,13360000.0
COL-06514,LN-HM-06514,Mortgage,1210000.0
COL-06515,LN-HM-06515,Mortgage,900000.0
COL-06516,LN-HM-06516,Hypothecation,2230000.0
COL-06517,LN-HM-06517,Mortgage,4480000.0
COL-06518,LN-HM-06518,Mortgage,6370000.0
COL-06519,LN-HM-06519,Mortgage,4160000.0
COL-06520,LN-HM-06520,Mortgage,1620000.0
COL-06521,LN-HM-06521,None,0.0
COL-06522,LN-HM-06522,Hypothecation,3340000.0
COL-06523,LN-HM-06523,Hypothecation,950000.0
COL-06524,LN-HM-06524,Hypothecation,1040000.0
COL-06525,LN-HM-06525,Hypothecation,580000.0
COL-06526,LN-HM-06526,None,0.0
COL-06527,LN-HM-06527,None,0.0
COL-06528,LN-HM-06528,None,0.0
COL-06529,LN-HM-06529,Mortgage,7400000.0
COL-06530,LN-HM-06530,Mortgage,2740000.0
COL-06531,LN-HM-06531,Mortgage,1170000.0
COL-06532,LN-HM-06532,None,0.0
COL-06533,LN-HM-06533,Mortgage,3210000.0
COL-06534,LN-HM-06534,Mortgage,2020000.0
COL-06535,LN-HM-06535,Hypothecation,1190000.0
COL-06536,LN-HM-06536,Mortgage,3570000.0
COL-06537,LN-HM-06537,Mortgage,2130000.0
COL-06538,LN-HM-06538,Mortgage,2250000.0
COL-06539,LN-HM-06539,Mortgage,10540000.0
COL-06540,LN-HM-06540,Mortgage,6130000.0
COL-06541,LN-HM-06541,None,0.0
COL-06542,LN-HM-06542,None,0.0
COL-06543,LN-HM-06543,None,0.0
COL-06544,LN-HM-06544,Mortgage,7080000.0
COL-06545,LN-HM-06545,Hypothecation,700000.0
COL-06546,LN-HM-06546,Mortgage,1340000.0
COL-06547,LN-HM-06547,None,0.0
COL-06548,LN-HM-06548,Mortgage,12950000.0
COL-06549,LN-HM-06549,Mortgage,3370000.0
COL-06550,LN-HM-06550,None,0.0
COL-06551,LN-HM-06551,Hypothecation,1930000.0
COL-06552,LN-HM-06552,None,0.0
COL-06553,LN-HM-06553,Mortgage,2310000.0
COL-06554,LN-HM-06554,None,0.0
COL-06555,LN-HM-06555,Mortgage,1500000.0
COL-06556,LN-HM-06556,None,0.0
COL-06557,LN-HM-06557,Mortgage,1900000.0
COL-06558,LN-HM-06558,Mortgage,2930000.0
COL-06559,LN-HM-06559,None,0.0
COL-06560,LN-HM-06560,None,0.0
COL-06561,LN-HM-06561,Mortgage,2480000.0
COL-06562,LN-HM-06562,Mortgage,5630000.0
COL-06563,LN-HM-06563,None,0.0
COL-06564,LN-HM-06564,Hypothecation,1540000.0
COL-06565,LN-HM-06565,Mortgage,1930000.0
COL-06566,LN-HM-06566,Mortgage,1420000.0
COL-06567,LN-HM-06567,Hypothecation,2030000.0
COL-06568,LN-HM-06568,Mortgage,2830000.0
COL-06569,LN-HM-06569,None,0.0
COL-06570,LN-HM-06570,Mortgage,6280000.0
COL-06571,LN-HM-06571,Mortgage,8960000.0
COL-06572,LN-HM-06572,None,0.0
COL-06573,LN-HM-06573,Mortgage,1700000.0
COL-06574,LN-HM-06574,Mortgage,3670000.0
COL-06575,LN-HM-06575,Mortgage,1700000.0
COL-06576,LN-HM-06576,Mortgage,1430000.0
COL-06577,LN-HM-06577,Mortgage,7380000.0
COL-06578,LN-HM-06578,Mortgage,2140000.0
COL-06579,LN-HM-06579,Hypothecation,480000.0
COL-06580,LN-HM-06580,None,0.0
COL-06581,LN-HM-06581,Mortgage,7820000.0
COL-06582,LN-HM-06582,None,0.0
COL-06583,LN-HM-06583,Mortgage,1940000.0
COL-06584,LN-HM-06584,Mortgage,1990000.0
COL-06585,LN-HM-06585,None,0.0
COL-06586,LN-HM-06586,None,0.0
COL-06587,LN-HM-06587,Mortgage,6230000.0
COL-06588,LN-HM-06588,Mortgage,3410000.0
COL-06589,LN-HM-06589,Hypothecation,930000.0
COL-06590,LN-HM-06590,Hypothecation,5490000.0
COL-06591,LN-HM-06591,Mortgage,6030000.0
COL-06592,LN-HM-06592,None,0.0
COL-06593,LN-HM-06593,Hypothecation,570000.0
COL-06594,LN-HM-06594,None,0.0
COL-06595,LN-HM-06595,Mortgage,1380000.0
COL-06596,LN-HM-06596,Hypothecation,700000.0
COL-06597,LN-HM-06597,Hypothecation,980000.0
COL-06598,LN-HM-06598,None,0.0
COL-06599,LN-HM-06599,None,0.0
COL-06600,LN-HM-06600,Mortgage,2340000.0
COL-06601,LN-HM-06601,None,0.0
COL-06602,LN-HM-06602,Mortgage,3070000.0
COL-06603,LN-HM-06603,Mortgage,3340000.0
COL-06604,LN-HM-06604,None,0.0
COL-06605,LN-HM-06605,Mortgage,4110000.0
COL-06606,LN-HM-06606,Mortgage,2810000.0
COL-06607,LN-HM-06607,Mortgage,2340000.0
COL-06608,LN-HM-06608,Mortgage,2750000.0
COL-06609,LN-HM-06609,Mortgage,4010000.0
COL-06610,LN-HM-06610,Hypothecation,1650000.0
COL-06611,LN-HM-06611,Mortgage,1430000.0
COL-06612,LN-HM-06612,Mortgage,4090000.0
COL-06613,LN-HM-06613,Mortgage,3200000.0
COL-06614,LN-HM-06614,Mortgage,10060000.0
COL-06615,LN-HM-06615,Mortgage,6550000.0
COL-06616,LN-HM-06616,None,0.0
COL-06617,LN-HM-06617,Mortgage,2060000.0
COL-06618,LN-HM-06618,Mortgage,5260000.0
COL-06619,LN-HM-06619,None,0.0
COL-06620,LN-HM-06620,Hypothecation,2220000.0
COL-06621,LN-HM-06621,Hypothecation,1910000.0
COL-06622,LN-HM-06622,Hypothecation,1900000.0
COL-06623,LN-HM-06623,Mortgage,3090000.0
COL-06624,LN-HM-06624,Hypothecation,2850000.0
COL-06625,LN-HM-06625,None,0.0
COL-06626,LN-HM-06626,Hypothecation,330000.0
COL-06627,LN-HM-06627,Hypothecation,1450000.0
COL-06628,LN-HM-06628,None,0.0
COL-06629,LN-HM-06629,Mortgage,1900000.0
COL-06630,LN-HM-06630,Hypothecation,2220000.0
COL-06631,LN-HM-06631,None,0.0
COL-06632,LN-HM-06632,None,0.0
COL-06633,LN-HM-06633,None,0.0
COL-06634,LN-HM-06634,None,0.0
COL-06635,LN-HM-06635,None,0.0
COL-06636,LN-HM-06636,Mortgage,8610000.0
COL-06637,LN-HM-06637,None,0.0
COL-06638,LN-HM-06638,Hypothecation,1750000.0
COL-06639,LN-HM-06639,None,0.0
COL-06640,LN-HM-06640,Mortgage,4990000.0
COL-06641,LN-HM-06641,None,0.0
COL-06642,LN-HM-06642,Hypothecation,2610000.0
COL-06643,LN-HM-06643,Hypothecation,1750000.0
COL-06644,LN-HM-06644,Mortgage,3830000.0
COL-06645,LN-HM-06645,None,0.0
COL-06646,LN-HM-06646,Mortgage,3600000.0
COL-06647,LN-HM-06647,None,0.0
COL-06648,LN-HM-06648,Mortgage,5650000.0
COL-06649,LN-HM-06649,Mortgage,5750000.0
COL-06650,LN-HM-06650,Mortgage,3220000.0
COL-06651,LN-HM-06651,Mortgage,1760000.0
COL-06652,LN-HM-06652,Hypothecation,1170000.0
COL-06653,LN-HM-06653,Hypothecation,2000000.0
COL-06654,LN-HM-06654,Hypothecation,3380000.0
COL-06655,LN-HM-06655,Mortgage,4240000.0
COL-06656,LN-HM-06656,Mortgage,7390000.0
COL-06657,LN-HM-06657,Mortgage,3290000.0
COL-06658,LN-HM-06658,None,0.0
COL-06659,LN-HM-06659,Mortgage,5210000.0
COL-06660,LN-HM-06660,None,0.0
COL-06661,LN-HM-06661,Hypothecation,890000.0
COL-06662,LN-HM-06662,Hypothecation,1040000.0
COL-06663,LN-HM-06663,Mortgage,1280000.0
COL-06664,LN-HM-06664,Mortgage,6570000.0
COL-06665,LN-HM-06665,Mortgage,4990000.0
COL-06666,LN-HM-06666,Mortgage,2500000.0
COL-06667,LN-HM-06667,None,0.0
COL-06668,LN-HM-06668,Mortgage,3980000.0
COL-06669,LN-HM-06669,None,0.0
COL-06670,LN-HM-06670,Mortgage,6570000.0
COL-06671,LN-HM-06671,Hypothecation,4800000.0
COL-06672,LN-HM-06672,None,0.0
COL-06673,LN-HM-06673,Mortgage,2320000.0
COL-06674,LN-HM-06674,Mortgage,2970000.0
COL-06675,LN-HM-06675,Hypothecation,1950000.0
COL-06676,LN-HM-06676,Hypothecation,630000.0
COL-06677,LN-HM-06677,Mortgage,3370000.0
COL-06678,LN-HM-06678,None,0.0
COL-06679,LN-HM-06679,None,0.0
COL-06680,LN-HM-06680,Hypothecation,2410000.0
COL-06681,LN-HM-06681,Hypothecation,710000.0
COL-06682,LN-HM-06682,Mortgage,6880000.0
COL-06683,LN-HM-06683,Hypothecation,660000.0
COL-06684,LN-HM-06684,Mortgage,4520000.0
COL-06685,LN-HM-06685,Hypothecation,900000.0
COL-06686,LN-HM-06686,Hypothecation,1200000.0
COL-06687,LN-HM-06687,Mortgage,2350000.0
COL-06688,LN-HM-06688,None,0.0
COL-06689,LN-HM-06689,Mortgage,4030000.0
COL-06690,LN-HM-06690,Mortgage,5160000.0
COL-06691,LN-HM-06691,None,0.0
COL-06692,LN-HM-06692,None,0.0
COL-06693,LN-HM-06693,Mortgage,3210000.0
COL-06694,LN-HM-06694,None,0.0
COL-06695,LN-HM-06695,Mortgage,4320000.0
COL-06696,LN-HM-06696,None,0.0
COL-06697,LN-HM-06697,None,0.0
COL-06698,LN-HM-06698,Mortgage,3590000.0
COL-06699,LN-HM-06699,Mortgage,5750000.0
COL-06700,LN-HM-06700,Mortgage,5290000.0
COL-06701,LN-HM-06701,Hypothecation,2910000.0
COL-06702,LN-HM-06702,None,0.0
COL-06703,LN-HM-06703,Mortgage,6530000.0
COL-06704,LN-HM-06704,Mortgage,5480000.0
COL-06705,LN-HM-06705,None,0.0
COL-06706,LN-HM-06706,None,0.0
COL-06707,LN-HM-06707,Mortgage,17620000.0
COL-06708,LN-HM-06708,None,0.0
COL-06709,LN-HM-06709,None,0.0
COL-06710,LN-HM-06710,None,0.0
COL-06711,LN-HM-06711,Mortgage,9220000.0
COL-06712,LN-HM-06712,Mortgage,4700000.0
COL-06713,LN-HM-06713,Hypothecation,2860000.0
COL-06714,LN-HM-06714,Mortgage,11290000.0
COL-06715,LN-HM-06715,Mortgage,5040000.0
COL-06716,LN-HM-06716,Mortgage,5120000.0
COL-06717,LN-HM-06717,Hypothecation,720000.0
COL-06718,LN-HM-06718,Hypothecation,1520000.0
COL-06719,LN-HM-06719,Mortgage,2770000.0
COL-06720,LN-HM-06720,None,0.0
COL-06721,LN-HM-06721,Hypothecation,720000.0
COL-06722,LN-HM-06722,Hypothecation,910000.0
COL-06723,LN-HM-06723,None,0.0
COL-06724,LN-HM-06724,Hypothecation,1640000.0
COL-06725,LN-HM-06725,None,0.0
COL-06726,LN-HM-06726,Mortgage,2180000.0
COL-06727,LN-HM-06727,None,0.0
COL-06728,LN-HM-06728,None,0.0
COL-06729,LN-HM-06729,None,0.0
COL-06730,LN-HM-06730,Mortgage,7060000.0
COL-06731,LN-HM-06731,Mortgage,3010000.0
COL-06732,LN-HM-06732,Mortgage,4780000.0
COL-06733,LN-HM-06733,Hypothecation,1070000.0
COL-06734,LN-HM-06734,None,0.0
COL-06735,LN-HM-06735,Mortgage,10880000.0
COL-06736,LN-HM-06736,None,0.0
COL-06737,LN-HM-06737,Mortgage,2800000.0
COL-06738,LN-HM-06738,Hypothecation,870000.0
COL-06739,LN-HM-06739,None,0.0
COL-06740,LN-HM-06740,Mortgage,5220000.0
COL-06741,LN-HM-06741,None,0.0
COL-06742,LN-HM-06742,Hypothecation,1270000.0
COL-06743,LN-HM-06743,None,0.0
COL-06744,LN-HM-06744,Mortgage,6000000.0
COL-06745,LN-HM-06745,Hypothecation,1490000.0
COL-06746,LN-HM-06746,Mortgage,6500000.0
COL-06747,LN-HM-06747,Mortgage,15540000.0
COL-06748,LN-HM-06748,Mortgage,3910000.0
COL-06749,LN-HM-06749,Mortgage,6580000.0
COL-06750,LN-HM-06750,None,0.0
COL-06751,LN-HM-06751,Mortgage,5270000.0
COL-06752,LN-HM-06752,None,0.0
COL-06753,LN-HM-06753,Mortgage,890000.0
COL-06754,LN-HM-06754,Mortgage,1740000.0
COL-06755,LN-HM-06755,None,0.0
COL-06756,LN-HM-06756,Mortgage,2900000.0
COL-06757,LN-HM-06757,Mortgage,4260000.0
COL-06758,LN-HM-06758,Mortgage,11650000.0
COL-06759,LN-HM-06759,Hypothecation,1230000.0
COL-06760,LN-HM-06760,Mortgage,8730000.0
COL-06761,LN-HM-06761,Hypothecation,1670000.0
COL-06762,LN-HM-06762,Mortgage,7840000.0
COL-06763,LN-HM-06763,Mortgage,6530000.0
COL-06764,LN-HM-06764,Mortgage,9940000.0
COL-06765,LN-HM-06765,None,0.0
COL-06766,LN-HM-06766,Mortgage,1750000.0
COL-06767,LN-HM-06767,None,0.0
COL-06768,LN-HM-06768,Mortgage,4980000.0
COL-06769,LN-HM-06769,Hypothecation,710000.0
COL-06770,LN-HM-06770,None,0.0
COL-06771,LN-HM-06771,None,0.0
COL-06772,LN-HM-06772,Mortgage,9250000.0
COL-06773,LN-HM-06773,None,0.0
COL-06774,LN-HM-06774,Mortgage,2150000.0
COL-06775,LN-HM-06775,Mortgage,2280000.0
COL-06776,LN-HM-06776,Mortgage,1220000.0
COL-06777,LN-HM-06777,Mortgage,3500000.0
COL-06778,LN-HM-06778,Mortgage,2050000.0
COL-06779,LN-HM-06779,Mortgage,9940000.0
COL-06780,LN-HM-06780,Mortgage,1850000.0
COL-06781,LN-HM-06781,Mortgage,3370000.0
COL-06782,LN-HM-06782,Mortgage,5090000.0
COL-06783,LN-HM-06783,Mortgage,4420000.0
COL-06784,LN-HM-06784,Mortgage,9470000.0
COL-06785,LN-HM-06785,Mortgage,1320000.0
COL-06786,LN-HM-06786,Mortgage,4050000.0
COL-06787,LN-HM-06787,Mortgage,1350000.0
COL-06788,LN-HM-06788,Mortgage,6580000.0
COL-06789,LN-HM-06789,Mortgage,2920000.0
COL-06790,LN-HM-06790,Mortgage,6020000.0
COL-06791,LN-HM-06791,Mortgage,4170000.0
COL-06792,LN-HM-06792,None,0.0
COL-06793,LN-HM-06793,Mortgage,4420000.0
COL-06794,LN-HM-06794,Mortgage,2170000.0
COL-06795,LN-HM-06795,None,0.0
COL-06796,LN-HM-06796,Mortgage,2850000.0
COL-06797,LN-HM-06797,Mortgage,8060000.0
COL-06798,LN-HM-06798,Hypothecation,970000.0
COL-06799,LN-HM-06799,None,0.0
COL-06800,LN-HM-06800,Mortgage,16910000.0
COL-06801,LN-HM-06801,Mortgage,10130000.0
COL-06802,LN-HM-06802,None,0.0
COL-06803,LN-HM-06803,None,0.0
COL-06804,LN-HM-06804,None,0.0
COL-06805,LN-HM-06805,None,0.0
COL-06806,LN-HM-06806,Mortgage,7590000.0
COL-06807,LN-HM-06807,Hypothecation,1190000.0
COL-06808,LN-HM-06808,Mortgage,1450000.0
COL-06809,LN-HM-06809,Mortgage,2360000.0
COL-06810,LN-HM-06810,Mortgage,5180000.0
COL-06811,LN-HM-06811,Hypothecation,950000.0
COL-06812,LN-HM-06812,None,0.0
COL-06813,LN-HM-06813,Mortgage,2790000.0
COL-06814,LN-HM-06814,Hypothecation,420000.0
COL-06815,LN-HM-06815,Mortgage,1890000.0
COL-06816,LN-HM-06816,Hypothecation,900000.0
COL-06817,LN-HM-06817,Mortgage,4260000.0
COL-06818,LN-HM-06818,None,0.0
COL-06819,LN-HM-06819,Mortgage,4870000.0
COL-06820,LN-HM-06820,Hypothecation,2190000.0
COL-06821,LN-HM-06821,Mortgage,2450000.0
COL-06822,LN-HM-06822,Mortgage,1910000.0
COL-06823,LN-HM-06823,Mortgage,3780000.0
COL-06824,LN-HM-06824,Mortgage,2390000.0
COL-06825,LN-HM-06825,Mortgage,1530000.0
COL-06826,LN-HM-06826,Mortgage,5900000.0
COL-06827,LN-HM-06827,Mortgage,2280000.0
COL-06828,LN-HM-06828,Mortgage,8780000.0
COL-06829,LN-HM-06829,None,0.0
COL-06830,LN-HM-06830,Mortgage,3730000.0
COL-06831,LN-HM-06831,Hypothecation,1390000.0
COL-06832,LN-HM-06832,None,0.0
COL-06833,LN-HM-06833,Mortgage,4070000.0
COL-06834,LN-HM-06834,Mortgage,2040000.0
COL-06835,LN-HM-06835,None,0.0
COL-06836,LN-HM-06836,Hypothecation,3670000.0
COL-06837,LN-HM-06837,None,0.0
COL-06838,LN-HM-06838,Mortgage,1170000.0
COL-06839,LN-HM-06839,Mortgage,6990000.0
COL-06840,LN-HM-06840,Mortgage,6270000.0
COL-06841,LN-HM-06841,None,0.0
COL-06842,LN-HM-06842,Mortgage,3790000.0
COL-06843,LN-HM-06843,Hypothecation,930000.0
COL-06844,LN-HM-06844,Mortgage,2510000.0
COL-06845,LN-HM-06845,None,0.0
COL-06846,LN-HM-06846,Hypothecation,1000000.0
COL-06847,LN-HM-06847,Mortgage,5450000.0
COL-06848,LN-HM-06848,Mortgage,5970000.0
COL-06849,LN-HM-06849,Mortgage,18530000.0
COL-06850,LN-HM-06850,Hypothecation,2630000.0
COL-06851,LN-HM-06851,Mortgage,4760000.0
COL-06852,LN-HM-06852,None,0.0
COL-06853,LN-HM-06853,None,0.0
COL-06854,LN-HM-06854,Mortgage,16370000.0
COL-06855,LN-HM-06855,None,0.0
COL-06856,LN-HM-06856,Mortgage,11490000.0
COL-06857,LN-HM-06857,Mortgage,4090000.0
COL-06858,LN-HM-06858,Mortgage,3330000.0
COL-06859,LN-HM-06859,None,0.0
COL-06860,LN-HM-06860,Mortgage,8120000.0
COL-06861,LN-HM-06861,Mortgage,2380000.0
COL-06862,LN-HM-06862,None,0.0
COL-06863,LN-HM-06863,Mortgage,1820000.0
COL-06864,LN-HM-06864,Mortgage,8000000.0
COL-06865,LN-HM-06865,None,0.0
COL-06866,LN-HM-06866,None,0.0
COL-06867,LN-HM-06867,None,0.0
COL-06868,LN-HM-06868,Hypothecation,1720000.0
COL-06869,LN-HM-06869,Hypothecation,1210000.0
COL-06870,LN-HM-06870,Mortgage,2630000.0
COL-06871,LN-HM-06871,Mortgage,1990000.0
COL-06872,LN-HM-06872,Mortgage,3700000.0
COL-06873,LN-HM-06873,Mortgage,2380000.0
COL-06874,LN-HM-06874,None,0.0
COL-06875,LN-HM-06875,Hypothecation,1180000.0
COL-06876,LN-HM-06876,Mortgage,2500000.0
COL-06877,LN-HM-06877,Mortgage,7900000.0
COL-06878,LN-HM-06878,Mortgage,1930000.0
COL-06879,LN-HM-06879,None,0.0
COL-06880,LN-HM-06880,Mortgage,4940000.0
COL-06881,LN-HM-06881,None,0.0
COL-06882,LN-HM-06882,None,0.0
COL-06883,LN-HM-06883,Mortgage,1950000.0
COL-06884,LN-HM-06884,Hypothecation,1870000.0
COL-06885,LN-HM-06885,Hypothecation,890000.0
COL-06886,LN-HM-06886,Mortgage,2720000.0
COL-06887,LN-HM-06887,Hypothecation,2210000.0
COL-06888,LN-HM-06888,Mortgage,5210000.0
COL-06889,LN-HM-06889,Mortgage,2870000.0
COL-06890,LN-HM-06890,Mortgage,2390000.0
COL-06891,LN-HM-06891,Mortgage,2400000.0
COL-06892,LN-HM-06892,Mortgage,1590000.0
COL-06893,LN-HM-06893,Mortgage,4030000.0
COL-06894,LN-HM-06894,Mortgage,4630000.0
COL-06895,LN-HM-06895,Hypothecation,560000.0
COL-06896,LN-HM-06896,Hypothecation,2100000.0
COL-06897,LN-HM-06897,Hypothecation,1000000.0
COL-06898,LN-HM-06898,Mortgage,7820000.0
COL-06899,LN-HM-06899,Hypothecation,1100000.0
COL-06900,LN-HM-06900,Mortgage,2320000.0
COL-06901,LN-HM-06901,Hypothecation,1900000.0
COL-06902,LN-HM-06902,None,0.0
COL-06903,LN-HM-06903,None,0.0
COL-06904,LN-HM-06904,Mortgage,1120000.0
COL-06905,LN-HM-06905,Mortgage,4960000.0
COL-06906,LN-HM-06906,Hypothecation,990000.0
COL-06907,LN-HM-06907,Mortgage,4680000.0
COL-06908,LN-HM-06908,Mortgage,4290000.0
COL-06909,LN-HM-06909,Hypothecation,2770000.0
COL-06910,LN-HM-06910,None,0.0
COL-06911,LN-HM-06911,Mortgage,10830000.0
COL-06912,LN-HM-06912,Hypothecation,2370000.0
COL-06913,LN-HM-06913,Hypothecation,1180000.0
COL-06914,LN-HM-06914,None,0.0
COL-06915,LN-HM-06915,None,0.0
COL-06916,LN-HM-06916,Mortgage,2950000.0
COL-06917,LN-HM-06917,Hypothecation,1580000.0
COL-06918,LN-HM-06918,Mortgage,4120000.0
COL-06919,LN-HM-06919,Mortgage,3340000.0
COL-06920,LN-HM-06920,None,0.0
COL-06921,LN-HM-06921,Mortgage,3130000.0
COL-06922,LN-HM-06922,Mortgage,7340000.0
COL-06923,LN-HM-06923,Hypothecation,2570000.0
COL-06924,LN-HM-06924,Mortgage,1770000.0
COL-06925,LN-HM-06925,None,0.0
COL-06926,LN-HM-06926,Mortgage,2430000.0
COL-06927,LN-HM-06927,Mortgage,2300000.0
COL-06928,LN-HM-06928,None,0.0
COL-06929,LN-HM-06929,None,0.0
COL-06930,LN-HM-06930,Mortgage,2410000.0
COL-06931,LN-HM-06931,Mortgage,5400000.0
COL-06932,LN-HM-06932,Mortgage,3630000.0
COL-06933,LN-HM-06933,Hypothecation,1310000.0
COL-06934,LN-HM-06934,None,0.0
COL-06935,LN-HM-06935,Mortgage,4790000.0
COL-06936,LN-HM-06936,Mortgage,1980000.0
COL-06937,LN-HM-06937,Mortgage,2080000.0
COL-06938,LN-HM-06938,Mortgage,2210000.0
COL-06939,LN-HM-06939,Mortgage,1980000.0
COL-06940,LN-HM-06940,Hypothecation,750000.0
COL-06941,LN-HM-06941,Mortgage,2420000.0
COL-06942,LN-HM-06942,Mortgage,850000.0
COL-06943,LN-HM-06943,Hypothecation,430000.0
COL-06944,LN-HM-06944,Mortgage,1900000.0
COL-06945,LN-HM-06945,None,0.0
COL-06946,LN-HM-06946,Mortgage,9920000.0
COL-06947,LN-HM-06947,Mortgage,3900000.0
COL-06948,LN-HM-06948,Mortgage,2000000.0
COL-06949,LN-HM-06949,None,0.0
COL-06950,LN-HM-06950,Mortgage,1590000.0
COL-06951,LN-HM-06951,Mortgage,6180000.0
COL-06952,LN-HM-06952,Hypothecation,2490000.0
COL-06953,LN-HM-06953,None,0.0
COL-06954,LN-HM-06954,None,0.0
COL-06955,LN-HM-06955,Mortgage,1390000.0
COL-06956,LN-HM-06956,Mortgage,1540000.0
COL-06957,LN-HM-06957,Mortgage,7090000.0
COL-06958,LN-HM-06958,Mortgage,3690000.0
COL-06959,LN-HM-06959,None,0.0
COL-06960,LN-HM-06960,Mortgage,9520000.0
COL-06961,LN-HM-06961,Hypothecation,1300000.0
COL-06962,LN-HM-06962,Mortgage,4030000.0
COL-06963,LN-HM-06963,Mortgage,14790000.0
COL-06964,LN-HM-06964,Mortgage,6650000.0
COL-06965,LN-HM-06965,Mortgage,5350000.0
COL-06966,LN-HM-06966,Hypothecation,1340000.0
COL-06967,LN-HM-06967,Mortgage,3500000.0
COL-06968,LN-HM-06968,Mortgage,5350000.0
COL-06969,LN-HM-06969,None,0.0
COL-06970,LN-HM-06970,Mortgage,4400000.0
COL-06971,LN-HM-06971,None,0.0
COL-06972,LN-HM-06972,Mortgage,8620000.0
COL-06973,LN-HM-06973,None,0.0
COL-06974,LN-HM-06974,None,0.0
COL-06975,LN-HM-06975,Mortgage,1440000.0
COL-06976,LN-HM-06976,Mortgage,13360000.0
COL-06977,LN-HM-06977,Hypothecation,2170000.0
COL-06978,LN-HM-06978,None,0.0
COL-06979,LN-HM-06979,None,0.0
COL-06980,LN-HM-06980,Mortgage,3520000.0
COL-06981,LN-HM-06981,None,0.0
COL-06982,LN-HM-06982,None,0.0
COL-06983,LN-HM-06983,None,0.0
COL-06984,LN-HM-06984,Mortgage,2550000.0
COL-06985,LN-HM-06985,Hypothecation,430000.0
COL-06986,LN-HM-06986,None,0.0
COL-06987,LN-HM-06987,None,0.0
COL-06988,LN-HM-06988,Mortgage,2290000.0
COL-06989,LN-HM-06989,Mortgage,12760000.0
COL-06990,LN-HM-06990,Mortgage,6270000.0
COL-06991,LN-HM-06991,Mortgage,3660000.0
COL-06992,LN-HM-06992,Mortgage,1870000.0
COL-06993,LN-HM-06993,Mortgage,7840000.0
COL-06994,LN-HM-06994,None,0.0
COL-06995,LN-HM-06995,Mortgage,2660000.0
COL-06996,LN-HM-06996,Mortgage,1740000.0
COL-06997,LN-HM-06997,None,0.0
COL-06998,LN-HM-06998,None,0.0
COL-06999,LN-HM-06999,Mortgage,3730000.0
COL-07000,LN-HM-07000,Mortgage,2060000.0
COL-07001,LN-HM-07001,None,0.0
COL-07002,LN-HM-07002,None,0.0
COL-07003,LN-HM-07003,Mortgage,2060000.0
COL-07004,LN-HM-07004,Mortgage,6650000.0
COL-07005,LN-HM-07005,Hypothecation,2010000.0
COL-07006,LN-HM-07006,Mortgage,7530000.0
COL-07007,LN-HM-07007,Hypothecation,1270000.0
COL-07008,LN-HM-07008,Hypothecation,880000.0
COL-07009,LN-HM-07009,Mortgage,3930000.0
COL-07010,LN-HM-07010,Mortgage,12910000.0
COL-07011,LN-HM-07011,Mortgage,1900000.0
COL-07012,LN-HM-07012,None,0.0
COL-07013,LN-HM-07013,Mortgage,3430000.0
COL-07014,LN-HM-07014,None,0.0
COL-07015,LN-HM-07015,None,0.0
COL-07016,LN-HM-07016,None,0.0
COL-07017,LN-HM-07017,None,0.0
COL-07018,LN-HM-07018,Hypothecation,1240000.0
COL-07019,LN-HM-07019,None,0.0
COL-07020,LN-HM-07020,Mortgage,960000.0
COL-07021,LN-HM-07021,Mortgage,3120000.0
COL-07022,LN-HM-07022,Hypothecation,620000.0
COL-07023,LN-HM-07023,Hypothecation,400000.0
COL-07024,LN-HM-07024,Mortgage,5570000.0
COL-07025,LN-HM-07025,Mortgage,3780000.0
COL-07026,LN-HM-07026,Mortgage,3320000.0
COL-07027,LN-HM-07027,Hypothecation,950000.0
COL-07028,LN-HM-07028,Mortgage,4310000.0
COL-07029,LN-HM-07029,Hypothecation,2670000.0
COL-07030,LN-HM-07030,Mortgage,6460000.0
COL-07031,LN-HM-07031,Mortgage,6140000.0
COL-07032,LN-HM-07032,Mortgage,19810000.0
COL-07033,LN-HM-07033,Hypothecation,1120000.0
COL-07034,LN-HM-07034,Mortgage,1350000.0
COL-07035,LN-HM-07035,Hypothecation,2350000.0
COL-07036,LN-HM-07036,None,0.0
COL-07037,LN-HM-07037,Mortgage,3980000.0
COL-07038,LN-HM-07038,None,0.0
COL-07039,LN-HM-07039,Mortgage,2960000.0
COL-07040,LN-HM-07040,Hypothecation,2690000.0
COL-07041,LN-HM-07041,None,0.0
COL-07042,LN-HM-07042,Mortgage,3550000.0
COL-07043,LN-HM-07043,Mortgage,14430000.0
COL-07044,LN-HM-07044,Mortgage,13540000.0
COL-07045,LN-HM-07045,Mortgage,1890000.0
COL-07046,LN-HM-07046,Mortgage,5470000.0
COL-07047,LN-HM-07047,Mortgage,7560000.0
COL-07048,LN-HM-07048,Mortgage,1580000.0
COL-07049,LN-HM-07049,None,0.0
COL-07050,LN-HM-07050,Mortgage,2010000.0
COL-07051,LN-HM-07051,None,0.0
COL-07052,LN-HM-07052,Mortgage,5950000.0
COL-07053,LN-HM-07053,Mortgage,3550000.0
COL-07054,LN-HM-07054,Hypothecation,680000.0
COL-07055,LN-HM-07055,Mortgage,3930000.0
COL-07056,LN-HM-07056,Hypothecation,1150000.0
COL-07057,LN-HM-07057,Hypothecation,1440000.0
COL-07058,LN-HM-07058,None,0.0
COL-07059,LN-HM-07059,None,0.0
COL-07060,LN-HM-07060,Hypothecation,2210000.0
COL-07061,LN-HM-07061,Mortgage,3120000.0
COL-07062,LN-HM-07062,Mortgage,4970000.0
COL-07063,LN-HM-07063,None,0.0
COL-07064,LN-HM-07064,Mortgage,1640000.0
COL-07065,LN-HM-07065,Mortgage,8690000.0
COL-07066,LN-HM-07066,None,0.0
COL-07067,LN-HM-07067,Hypothecation,720000.0
COL-07068,LN-HM-07068,Hypothecation,1180000.0
COL-07069,LN-HM-07069,Mortgage,3910000.0
COL-07070,LN-HM-07070,Mortgage,3130000.0
COL-07071,LN-HM-07071,None,0.0
COL-07072,LN-HM-07072,None,0.0
COL-07073,LN-HM-07073,Hypothecation,1580000.0
COL-07074,LN-HM-07074,None,0.0
COL-07075,LN-HM-07075,None,0.0
COL-07076,LN-HM-07076,Mortgage,3090000.0
COL-07077,LN-HM-07077,None,0.0
COL-07078,LN-HM-07078,Mortgage,6550000.0
COL-07079,LN-HM-07079,None,0.0
COL-07080,LN-HM-07080,None,0.0
COL-07081,LN-HM-07081,Mortgage,4490000.0
COL-07082,LN-HM-07082,Hypothecation,2620000.0
COL-07083,LN-HM-07083,None,0.0
COL-07084,LN-HM-07084,None,0.0
COL-07085,LN-HM-07085,Mortgage,7430000.0
COL-07086,LN-HM-07086,None,0.0
COL-07087,LN-HM-07087,None,0.0
COL-07088,LN-HM-07088,Mortgage,18560000.0
COL-07089,LN-HM-07089,None,0.0
COL-07090,LN-HM-07090,None,0.0
COL-07091,LN-HM-07091,Mortgage,6940000.0
COL-07092,LN-HM-07092,None,0.0
COL-07093,LN-HM-07093,Hypothecation,1290000.0
COL-07094,LN-HM-07094,None,0.0
COL-07095,LN-HM-07095,Mortgage,5260000.0
COL-07096,LN-HM-07096,Mortgage,2860000.0
COL-07097,LN-HM-07097,Mortgage,3700000.0
COL-07098,LN-HM-07098,None,0.0
COL-07099,LN-HM-07099,None,0.0
COL-07100,LN-HM-07100,None,0.0
COL-07101,LN-HM-07101,None,0.0
COL-07102,LN-HM-07102,None,0.0
COL-07103,LN-HM-07103,Mortgage,5560000.0
COL-07104,LN-HM-07104,Mortgage,4290000.0
COL-07105,LN-HM-07105,Mortgage,2560000.0
COL-07106,LN-HM-07106,Mortgage,1980000.0
COL-07107,LN-HM-07107,Hypothecation,1390000.0
COL-07108,LN-HM-07108,Hypothecation,1860000.0
COL-07109,LN-HM-07109,Hypothecation,850000.0
COL-07110,LN-HM-07110,Mortgage,3020000.0
COL-07111,LN-HM-07111,Hypothecation,830000.0
COL-07112,LN-HM-07112,Mortgage,1300000.0
COL-07113,LN-HM-07113,Mortgage,2600000.0
COL-07114,LN-HM-07114,Mortgage,4790000.0
COL-07115,LN-HM-07115,Hypothecation,670000.0
COL-07116,LN-HM-07116,Mortgage,9210000.0
COL-07117,LN-HM-07117,None,0.0
COL-07118,LN-HM-07118,Mortgage,2340000.0
COL-07119,LN-HM-07119,Hypothecation,1160000.0
COL-07120,LN-HM-07120,None,0.0
COL-07121,LN-HM-07121,Mortgage,5180000.0
COL-07122,LN-HM-07122,None,0.0
COL-07123,LN-HM-07123,None,0.0
COL-07124,LN-HM-07124,Hypothecation,1350000.0
COL-07125,LN-HM-07125,None,0.0
COL-07126,LN-HM-07126,None,0.0
COL-07127,LN-HM-07127,Mortgage,3760000.0
COL-07128,LN-HM-07128,Hypothecation,650000.0
COL-07129,LN-HM-07129,Hypothecation,1200000.0
COL-07130,LN-HM-07130,None,0.0
COL-07131,LN-HM-07131,Mortgage,3290000.0
COL-07132,LN-HM-07132,None,0.0
COL-07133,LN-HM-07133,None,0.0
COL-07134,LN-HM-07134,Mortgage,2360000.0
COL-07135,LN-HM-07135,Mortgage,10690000.0
COL-07136,LN-HM-07136,Mortgage,2980000.0
COL-07137,LN-HM-07137,Hypothecation,1890000.0
COL-07138,LN-HM-07138,Hypothecation,480000.0
COL-07139,LN-HM-07139,None,0.0
COL-07140,LN-HM-07140,Mortgage,1080000.0
COL-07141,LN-HM-07141,None,0.0
COL-07142,LN-HM-07142,Mortgage,3850000.0
COL-07143,LN-HM-07143,Hypothecation,2400000.0
COL-07144,LN-HM-07144,None,0.0
COL-07145,LN-HM-07145,Hypothecation,1750000.0
COL-07146,LN-HM-07146,None,0.0
COL-07147,LN-HM-07147,None,0.0
COL-07148,LN-HM-07148,None,0.0
COL-07149,LN-HM-07149,Mortgage,1840000.0
COL-07150,LN-HM-07150,None,0.0
COL-07151,LN-HM-07151,Mortgage,6920000.0
COL-07152,LN-HM-07152,None,0.0
COL-07153,LN-HM-07153,Hypothecation,2470000.0
COL-07154,LN-HM-07154,Mortgage,5560000.0
COL-07155,LN-HM-07155,Mortgage,1930000.0
COL-07156,LN-HM-07156,Mortgage,3110000.0
COL-07157,LN-HM-07157,Mortgage,2710000.0
COL-07158,LN-HM-07158,Hypothecation,1930000.0
COL-07159,LN-HM-07159,Mortgage,7240000.0
COL-07160,LN-HM-07160,Mortgage,3690000.0
COL-07161,LN-HM-07161,Mortgage,5150000.0
COL-07162,LN-HM-07162,Hypothecation,2730000.0
COL-07163,LN-HM-07163,None,0.0
COL-07164,LN-HM-07164,None,0.0
COL-07165,LN-HM-07165,None,0.0
COL-07166,LN-HM-07166,Mortgage,3440000.0
COL-07167,LN-HM-07167,None,0.0
COL-07168,LN-HM-07168,None,0.0
COL-07169,LN-HM-07169,Mortgage,4330000.0
COL-07170,LN-HM-07170,Mortgage,2890000.0
COL-07171,LN-HM-07171,Mortgage,6670000.0
COL-07172,LN-HM-07172,Hypothecation,390000.0
COL-07173,LN-HM-07173,Mortgage,8720000.0
COL-07174,LN-HM-07174,None,0.0
COL-07175,LN-HM-07175,Mortgage,4600000.0
COL-07176,LN-HM-07176,None,0.0
COL-07177,LN-HM-07177,None,0.0
COL-07178,LN-HM-07178,None,0.0
COL-07179,LN-HM-07179,Hypothecation,2110000.0
COL-07180,LN-HM-07180,Mortgage,9210000.0
COL-07181,LN-HM-07181,Mortgage,8630000.0
COL-07182,LN-HM-07182,Mortgage,3090000.0
COL-07183,LN-HM-07183,None,0.0
COL-07184,LN-HM-07184,None,0.0
COL-07185,LN-HM-07185,Hypothecation,740000.0
COL-07186,LN-HM-07186,None,0.0
COL-07187,LN-HM-07187,Mortgage,4200000.0
COL-07188,LN-HM-07188,Hypothecation,1930000.0
COL-07189,LN-HM-07189,None,0.0
COL-07190,LN-HM-07190,None,0.0
COL-07191,LN-HM-07191,None,0.0
COL-07192,LN-HM-07192,Mortgage,6020000.0
COL-07193,LN-HM-07193,Hypothecation,1480000.0
COL-07194,LN-HM-07194,Mortgage,2040000.0
COL-07195,LN-HM-07195,Mortgage,16650000.0
COL-07196,LN-HM-07196,None,0.0
COL-07197,LN-HM-07197,None,0.0
COL-07198,LN-HM-07198,None,0.0
COL-07199,LN-HM-07199,Hypothecation,6950000.0
COL-07200,LN-HM-07200,Mortgage,5690000.0
COL-07201,LN-HM-07201,Hypothecation,1290000.0
COL-07202,LN-HM-07202,None,0.0
COL-07203,LN-HM-07203,Mortgage,1650000.0
COL-07204,LN-HM-07204,Mortgage,4310000.0
COL-07205,LN-HM-07205,Mortgage,4670000.0
COL-07206,LN-HM-07206,Mortgage,1900000.0
COL-07207,LN-HM-07207,None,0.0
COL-07208,LN-HM-07208,Mortgage,2730000.0
COL-07209,LN-HM-07209,Mortgage,1760000.0
COL-07210,LN-HM-07210,Mortgage,7100000.0
COL-07211,LN-HM-07211,Mortgage,3250000.0
COL-07212,LN-HM-07212,Hypothecation,3430000.0
COL-07213,LN-HM-07213,None,0.0
COL-07214,LN-HM-07214,Hypothecation,2840000.0
COL-07215,LN-HM-07215,Mortgage,19620000.0
COL-07216,LN-HM-07216,Hypothecation,700000.0
COL-07217,LN-HM-07217,None,0.0
COL-07218,LN-HM-07218,Hypothecation,910000.0
COL-07219,LN-HM-07219,None,0.0
COL-07220,LN-HM-07220,Mortgage,2400000.0
COL-07221,LN-HM-07221,Mortgage,2160000.0
COL-07222,LN-HM-07222,Mortgage,10360000.0
COL-07223,LN-HM-07223,None,0.0
COL-07224,LN-HM-07224,None,0.0
COL-07225,LN-HM-07225,Mortgage,2060000.0
COL-07226,LN-HM-07226,Mortgage,6620000.0
COL-07227,LN-HM-07227,Hypothecation,610000.0
COL-07228,LN-HM-07228,None,0.0
COL-07229,LN-HM-07229,None,0.0
COL-07230,LN-HM-07230,Mortgage,4940000.0
COL-07231,LN-HM-07231,Mortgage,3860000.0
COL-07232,LN-HM-07232,Mortgage,1480000.0
COL-07233,LN-HM-07233,Hypothecation,2260000.0
COL-07234,LN-HM-07234,None,0.0
COL-07235,LN-HM-07235,Mortgage,4440000.0
COL-07236,LN-HM-07236,None,0.0
COL-07237,LN-HM-07237,Mortgage,4840000.0
COL-07238,LN-HM-07238,Mortgage,1660000.0
COL-07239,LN-HM-07239,Mortgage,4630000.0
COL-07240,LN-HM-07240,Mortgage,2950000.0
COL-07241,LN-HM-07241,Mortgage,3360000.0
COL-07242,LN-HM-07242,None,0.0
COL-07243,LN-HM-07243,Mortgage,2140000.0
COL-07244,LN-HM-07244,Hypothecation,1150000.0
COL-07245,LN-HM-07245,Hypothecation,1640000.0
COL-07246,LN-HM-07246,Mortgage,12360000.0
COL-07247,LN-HM-07247,None,0.0
COL-07248,LN-HM-07248,None,0.0
COL-07249,LN-HM-07249,Mortgage,3010000.0
COL-07250,LN-HM-07250,Mortgage,7100000.0
COL-07251,LN-HM-07251,Mortgage,2780000.0
COL-07252,LN-HM-07252,Hypothecation,1620000.0
COL-07253,LN-HM-07253,Mortgage,4000000.0
COL-07254,LN-HM-07254,None,0.0
COL-07255,LN-HM-07255,Mortgage,6410000.0
COL-07256,LN-HM-07256,Mortgage,3440000.0
COL-07257,LN-HM-07257,Mortgage,7130000.0
COL-07258,LN-HM-07258,None,0.0
COL-07259,LN-HM-07259,None,0.0
COL-07260,LN-HM-07260,Mortgage,5450000.0
COL-07261,LN-HM-07261,Mortgage,18680000.0
COL-07262,LN-HM-07262,Hypothecation,1880000.0
COL-07263,LN-HM-07263,None,0.0
COL-07264,LN-HM-07264,Hypothecation,1380000.0
COL-07265,LN-HM-07265,Hypothecation,1960000.0
COL-07266,LN-HM-07266,Mortgage,12840000.0
COL-07267,LN-HM-07267,Hypothecation,990000.0
COL-07268,LN-HM-07268,Hypothecation,1010000.0
COL-07269,LN-HM-07269,Mortgage,7020000.0
COL-07270,LN-HM-07270,None,0.0
COL-07271,LN-HM-07271,Mortgage,5570000.0
COL-07272,LN-HM-07272,None,0.0
COL-07273,LN-HM-07273,None,0.0
COL-07274,LN-HM-07274,Hypothecation,1450000.0
COL-07275,LN-HM-07275,None,0.0
COL-07276,LN-HM-07276,Mortgage,1960000.0
COL-07277,LN-HM-07277,Hypothecation,2290000.0
COL-07278,LN-HM-07278,Mortgage,1470000.0
COL-07279,LN-HM-07279,None,0.0
COL-07280,LN-HM-07280,Mortgage,3990000.0
COL-07281,LN-HM-07281,Mortgage,1050000.0
COL-07282,LN-HM-07282,Mortgage,14000000.0
COL-07283,LN-HM-07283,Mortgage,1580000.0
COL-07284,LN-HM-07284,Hypothecation,1870000.0
COL-07285,LN-HM-07285,None,0.0
COL-07286,LN-HM-07286,Hypothecation,930000.0
COL-07287,LN-HM-07287,Mortgage,4680000.0
COL-07288,LN-HM-07288,Mortgage,3720000.0
COL-07289,LN-HM-07289,None,0.0
COL-07290,LN-HM-07290,Mortgage,2110000.0
COL-07291,LN-HM-07291,Mortgage,2060000.0
COL-07292,LN-HM-07292,Mortgage,7170000.0
COL-07293,LN-HM-07293,Hypothecation,1400000.0
COL-07294,LN-HM-07294,Mortgage,2890000.0
COL-07295,LN-HM-07295,None,0.0
COL-07296,LN-HM-07296,Hypothecation,4340000.0
COL-07297,LN-HM-07297,Mortgage,3970000.0
COL-07298,LN-HM-07298,Mortgage,1980000.0
COL-07299,LN-HM-07299,Mortgage,3750000.0
COL-07300,LN-HM-07300,Mortgage,2460000.0
COL-07301,LN-HM-07301,None,0.0
COL-07302,LN-HM-07302,Hypothecation,1850000.0
COL-07303,LN-HM-07303,Mortgage,6140000.0
COL-07304,LN-HM-07304,Mortgage,2070000.0
COL-07305,LN-HM-07305,Hypothecation,850000.0
COL-07306,LN-HM-07306,Mortgage,5260000.0
COL-07307,LN-HM-07307,Hypothecation,1930000.0
COL-07308,LN-HM-07308,None,0.0
COL-07309,LN-HM-07309,Mortgage,3350000.0
COL-07310,LN-HM-07310,Mortgage,12560000.0
COL-07311,LN-HM-07311,Mortgage,2250000.0
COL-07312,LN-HM-07312,None,0.0
COL-07313,LN-HM-07313,Hypothecation,9240000.0
COL-07314,LN-HM-07314,Mortgage,3090000.0
COL-07315,LN-HM-07315,Mortgage,1980000.0
COL-07316,LN-HM-07316,None,0.0
COL-07317,LN-HM-07317,Mortgage,6990000.0
COL-07318,LN-HM-07318,None,0.0
COL-07319,LN-HM-07319,None,0.0
COL-07320,LN-HM-07320,Mortgage,5280000.0
COL-07321,LN-HM-07321,Hypothecation,1160000.0
COL-07322,LN-HM-07322,Mortgage,6360000.0
COL-07323,LN-HM-07323,Hypothecation,890000.0
COL-07324,LN-HM-07324,Mortgage,6320000.0
COL-07325,LN-HM-07325,None,0.0
COL-07326,LN-HM-07326,None,0.0
COL-07327,LN-HM-07327,Mortgage,7250000.0
COL-07328,LN-HM-07328,Mortgage,6030000.0
COL-07329,LN-HM-07329,None,0.0
COL-07330,LN-HM-07330,Mortgage,1760000.0
COL-07331,LN-HM-07331,Mortgage,2720000.0
COL-07332,LN-HM-07332,Mortgage,3190000.0
COL-07333,LN-HM-07333,Mortgage,2790000.0
COL-07334,LN-HM-07334,Mortgage,2690000.0
COL-07335,LN-HM-07335,Mortgage,8810000.0
COL-07336,LN-HM-07336,Mortgage,12170000.0
COL-07337,LN-HM-07337,Mortgage,6340000.0
COL-07338,LN-HM-07338,None,0.0
COL-07339,LN-HM-07339,Mortgage,11670000.0
COL-07340,LN-HM-07340,Hypothecation,4760000.0
COL-07341,LN-HM-07341,None,0.0
COL-07342,LN-HM-07342,Mortgage,8050000.0
COL-07343,LN-HM-07343,Hypothecation,2110000.0
COL-07344,LN-HM-07344,Mortgage,2680000.0
COL-07345,LN-HM-07345,Hypothecation,1140000.0
COL-07346,LN-HM-07346,Mortgage,8900000.0
COL-07347,LN-HM-07347,None,0.0
COL-07348,LN-HM-07348,None,0.0
COL-07349,LN-HM-07349,Mortgage,3790000.0
COL-07350,LN-HM-07350,Mortgage,3350000.0
COL-07351,LN-HM-07351,Mortgage,1190000.0
COL-07352,LN-HM-07352,None,0.0
COL-07353,LN-HM-07353,Mortgage,3720000.0
COL-07354,LN-HM-07354,None,0.0
COL-07355,LN-HM-07355,Hypothecation,1390000.0
COL-07356,LN-HM-07356,Mortgage,5100000.0
COL-07357,LN-HM-07357,Mortgage,2150000.0
COL-07358,LN-HM-07358,None,0.0
COL-07359,LN-HM-07359,None,0.0
COL-07360,LN-HM-07360,None,0.0
COL-07361,LN-HM-07361,None,0.0
COL-07362,LN-HM-07362,Mortgage,4820000.0
COL-07363,LN-HM-07363,Mortgage,3540000.0
COL-07364,LN-HM-07364,Hypothecation,2190000.0
COL-07365,LN-HM-07365,None,0.0
COL-07366,LN-HM-07366,Mortgage,7540000.0
COL-07367,LN-HM-07367,Mortgage,2450000.0
COL-07368,LN-HM-07368,Mortgage,4330000.0
COL-07369,LN-HM-07369,Mortgage,8420000.0
COL-07370,LN-HM-07370,Hypothecation,940000.0
COL-07371,LN-HM-07371,Hypothecation,620000.0
COL-07372,LN-HM-07372,Hypothecation,1010000.0
COL-07373,LN-HM-07373,Mortgage,2800000.0
COL-07374,LN-HM-07374,Hypothecation,700000.0
COL-07375,LN-HM-07375,Mortgage,6220000.0
COL-07376,LN-HM-07376,Hypothecation,1430000.0
COL-07377,LN-HM-07377,Hypothecation,1530000.0
COL-07378,LN-HM-07378,Mortgage,1630000.0
COL-07379,LN-HM-07379,Mortgage,4100000.0
COL-07380,LN-HM-07380,Mortgage,1780000.0
COL-07381,LN-HM-07381,Mortgage,1690000.0
COL-07382,LN-HM-07382,None,0.0
COL-07383,LN-HM-07383,Mortgage,8140000.0
COL-07384,LN-HM-07384,Mortgage,6390000.0
COL-07385,LN-HM-07385,Hypothecation,1450000.0
COL-07386,LN-HM-07386,Mortgage,3750000.0
COL-07387,LN-HM-07387,Mortgage,5260000.0
COL-07388,LN-HM-07388,Hypothecation,2940000.0
COL-07389,LN-HM-07389,Mortgage,2820000.0
COL-07390,LN-HM-07390,Mortgage,3220000.0
COL-07391,LN-HM-07391,None,0.0
COL-07392,LN-HM-07392,Hypothecation,1120000.0
COL-07393,LN-HM-07393,Mortgage,11630000.0
COL-07394,LN-HM-07394,Mortgage,5290000.0
COL-07395,LN-HM-07395,Hypothecation,2700000.0
COL-07396,LN-HM-07396,Mortgage,1450000.0
COL-07397,LN-HM-07397,Hypothecation,1890000.0
COL-07398,LN-HM-07398,Mortgage,2810000.0
COL-07399,LN-HM-07399,Mortgage,6710000.0
COL-07400,LN-HM-07400,Hypothecation,880000.0
COL-07401,LN-HM-07401,Mortgage,6010000.0
COL-07402,LN-HM-07402,Hypothecation,770000.0
COL-07403,LN-HM-07403,None,0.0
COL-07404,LN-HM-07404,None,0.0
COL-07405,LN-HM-07405,Hypothecation,1440000.0
COL-07406,LN-HM-07406,None,0.0
COL-07407,LN-HM-07407,None,0.0
COL-07408,LN-HM-07408,Mortgage,1870000.0
COL-07409,LN-HM-07409,Hypothecation,1920000.0
COL-07410,LN-HM-07410,Mortgage,4850000.0
COL-07411,LN-HM-07411,Hypothecation,1060000.0
COL-07412,LN-HM-07412,None,0.0
COL-07413,LN-HM-07413,Mortgage,5100000.0
COL-07414,LN-HM-07414,None,0.0
COL-07415,LN-HM-07415,Hypothecation,1400000.0
COL-07416,LN-HM-07416,Mortgage,15040000.0
COL-07417,LN-HM-07417,None,0.0
COL-07418,LN-HM-07418,Mortgage,1630000.0
COL-07419,LN-HM-07419,Mortgage,4880000.0
COL-07420,LN-HM-07420,Mortgage,3820000.0
COL-07421,LN-HM-07421,None,0.0
COL-07422,LN-HM-07422,Mortgage,2710000.0
COL-07423,LN-HM-07423,Hypothecation,1160000.0
COL-07424,LN-HM-07424,Mortgage,2920000.0
COL-07425,LN-HM-07425,Mortgage,8000000.0
COL-07426,LN-HM-07426,None,0.0
COL-07427,LN-HM-07427,Mortgage,3810000.0
COL-07428,LN-HM-07428,Hypothecation,1340000.0
COL-07429,LN-HM-07429,Mortgage,4370000.0
COL-07430,LN-HM-07430,Mortgage,1400000.0
COL-07431,LN-HM-07431,None,0.0
COL-07432,LN-HM-07432,None,0.0
COL-07433,LN-HM-07433,Mortgage,3910000.0
COL-07434,LN-HM-07434,None,0.0
COL-07435,LN-HM-07435,Mortgage,1690000.0
COL-07436,LN-HM-07436,None,0.0
COL-07437,LN-HM-07437,None,0.0
COL-07438,LN-HM-07438,None,0.0
COL-07439,LN-HM-07439,None,0.0
COL-07440,LN-HM-07440,Hypothecation,3270000.0
COL-07441,LN-HM-07441,None,0.0
COL-07442,LN-HM-07442,Mortgage,2500000.0
COL-07443,LN-HM-07443,Hypothecation,1090000.0
COL-07444,LN-HM-07444,Mortgage,4060000.0
COL-07445,LN-HM-07445,Mortgage,3900000.0
COL-07446,LN-HM-07446,Mortgage,7410000.0
COL-07447,LN-HM-07447,Mortgage,4180000.0
COL-07448,LN-HM-07448,None,0.0
COL-07449,LN-HM-07449,Mortgage,1390000.0
COL-07450,LN-HM-07450,Mortgage,7170000.0
COL-07451,LN-HM-07451,Mortgage,7860000.0
COL-07452,LN-HM-07452,None,0.0
COL-07453,LN-HM-07453,Mortgage,2300000.0
COL-07454,LN-HM-07454,None,0.0
COL-07455,LN-HM-07455,Mortgage,3070000.0
COL-07456,LN-HM-07456,None,0.0
COL-07457,LN-HM-07457,Mortgage,4050000.0
COL-07458,LN-HM-07458,Hypothecation,2230000.0
COL-07459,LN-HM-07459,Hypothecation,710000.0
COL-07460,LN-HM-07460,Mortgage,2840000.0
COL-07461,LN-HM-07461,Mortgage,3120000.0
COL-07462,LN-HM-07462,None,0.0
COL-07463,LN-HM-07463,None,0.0
COL-07464,LN-HM-07464,Mortgage,4390000.0
COL-07465,LN-HM-07465,Mortgage,2930000.0
COL-07466,LN-HM-07466,Mortgage,5200000.0
COL-07467,LN-HM-07467,Mortgage,1900000.0
COL-07468,LN-HM-07468,Mortgage,4910000.0
COL-07469,LN-HM-07469,Mortgage,6880000.0
COL-07470,LN-HM-07470,None,0.0
COL-07471,LN-HM-07471,None,0.0
COL-07472,LN-HM-07472,Hypothecation,1390000.0
COL-07473,LN-HM-07473,Mortgage,2600000.0
COL-07474,LN-HM-07474,Mortgage,5870000.0
COL-07475,LN-HM-07475,None,0.0
COL-07476,LN-HM-07476,Hypothecation,2750000.0
COL-07477,LN-HM-07477,Hypothecation,2050000.0
COL-07478,LN-HM-07478,Mortgage,2780000.0
COL-07479,LN-HM-07479,Mortgage,3250000.0
COL-07480,LN-HM-07480,Mortgage,3580000.0
COL-07481,LN-HM-07481,Mortgage,9670000.0
COL-07482,LN-HM-07482,Mortgage,2710000.0
COL-07483,LN-HM-07483,Mortgage,6030000.0
COL-07484,LN-HM-07484,Mortgage,7720000.0
COL-07485,LN-HM-07485,None,0.0
COL-07486,LN-HM-07486,Mortgage,1190000.0
COL-07487,LN-HM-07487,Hypothecation,740000.0
COL-07488,LN-HM-07488,None,0.0
COL-07489,LN-HM-07489,Mortgage,9220000.0
COL-07490,LN-HM-07490,None,0.0
COL-07491,LN-HM-07491,None,0.0
COL-07492,LN-HM-07492,None,0.0
COL-07493,LN-HM-07493,None,0.0
COL-07494,LN-HM-07494,Mortgage,6650000.0
COL-07495,LN-HM-07495,None,0.0
COL-07496,LN-HM-07496,Hypothecation,870000.0
COL-07497,LN-HM-07497,Mortgage,5950000.0
COL-07498,LN-HM-07498,Hypothecation,510000.0
COL-07499,LN-HM-07499,Mortgage,2790000.0
COL-07500,LN-HM-07500,Hypothecation,1520000.0
COL-07501,LN-HM-07501,Mortgage,6810000.0
COL-07502,LN-HM-07502,Mortgage,3010000.0
COL-07503,LN-HM-07503,Hypothecation,4010000.0
COL-07504,LN-HM-07504,Mortgage,2650000.0
COL-07505,LN-HM-07505,None,0.0
COL-07506,LN-HM-07506,Mortgage,5200000.0
COL-07507,LN-HM-07507,Mortgage,5950000.0
COL-07508,LN-HM-07508,Mortgage,10300000.0
COL-07509,LN-HM-07509,None,0.0
COL-07510,LN-HM-07510,Hypothecation,980000.0
COL-07511,LN-HM-07511,Mortgage,3490000.0
COL-07512,LN-HM-07512,Mortgage,5660000.0
COL-07513,LN-HM-07513,Mortgage,2750000.0
COL-07514,LN-HM-07514,None,0.0
COL-07515,LN-HM-07515,Mortgage,3560000.0
COL-07516,LN-HM-07516,Mortgage,8240000.0
COL-07517,LN-HM-07517,Mortgage,2760000.0
COL-07518,LN-HM-07518,None,0.0
COL-07519,LN-HM-07519,None,0.0
COL-07520,LN-HM-07520,Mortgage,2700000.0
COL-07521,LN-HM-07521,Mortgage,1290000.0
COL-07522,LN-HM-07522,None,0.0
COL-07523,LN-HM-07523,Mortgage,1710000.0
COL-07524,LN-HM-07524,Hypothecation,840000.0
COL-07525,LN-HM-07525,Mortgage,4970000.0
COL-07526,LN-HM-07526,Hypothecation,1000000.0
COL-07527,LN-HM-07527,Mortgage,12180000.0
COL-07528,LN-HM-07528,Mortgage,3420000.0
COL-07529,LN-HM-07529,Mortgage,4530000.0
COL-07530,LN-HM-07530,Hypothecation,1160000.0
COL-07531,LN-HM-07531,None,0.0
COL-07532,LN-HM-07532,Mortgage,2340000.0
COL-07533,LN-HM-07533,Hypothecation,350000.0
COL-07534,LN-HM-07534,Mortgage,1520000.0
COL-07535,LN-HM-07535,Mortgage,9400000.0
COL-07536,LN-HM-07536,Mortgage,1970000.0
COL-07537,LN-HM-07537,None,0.0
COL-07538,LN-HM-07538,Mortgage,2380000.0
COL-07539,LN-HM-07539,None,0.0
COL-07540,LN-HM-07540,Mortgage,10850000.0
COL-07541,LN-HM-07541,None,0.0
COL-07542,LN-HM-07542,Mortgage,1900000.0
COL-07543,LN-HM-07543,Mortgage,3410000.0
COL-07544,LN-HM-07544,Hypothecation,760000.0
COL-07545,LN-HM-07545,Mortgage,6890000.0
COL-07546,LN-HM-07546,None,0.0
COL-07547,LN-HM-07547,None,0.0
COL-07548,LN-HM-07548,None,0.0
COL-07549,LN-HM-07549,Mortgage,17530000.0
COL-07550,LN-HM-07550,None,0.0
COL-07551,LN-HM-07551,Mortgage,3370000.0
COL-07552,LN-HM-07552,None,0.0
COL-07553,LN-HM-07553,None,0.0
COL-07554,LN-HM-07554,Mortgage,3700000.0
COL-07555,LN-HM-07555,Mortgage,5060000.0
COL-07556,LN-HM-07556,None,0.0
COL-07557,LN-HM-07557,Mortgage,2830000.0
COL-07558,LN-HM-07558,Mortgage,2960000.0
COL-07559,LN-HM-07559,None,0.0
COL-07560,LN-HM-07560,None,0.0
COL-07561,LN-HM-07561,Mortgage,8430000.0
COL-07562,LN-HM-07562,Mortgage,10590000.0
COL-07563,LN-HM-07563,None,0.0
COL-07564,LN-HM-07564,Mortgage,1390000.0
COL-07565,LN-HM-07565,Hypothecation,370000.0
COL-07566,LN-HM-07566,Mortgage,4040000.0
COL-07567,LN-HM-07567,Mortgage,6730000.0
COL-07568,LN-HM-07568,Mortgage,6950000.0
COL-07569,LN-HM-07569,Mortgage,14280000.0
COL-07570,LN-HM-07570,None,0.0
COL-07571,LN-HM-07571,Mortgage,4490000.0
COL-07572,LN-HM-07572,None,0.0
COL-07573,LN-HM-07573,None,0.0
COL-07574,LN-HM-07574,None,0.0
COL-07575,LN-HM-07575,None,0.0
COL-07576,LN-HM-07576,Hypothecation,1290000.0
COL-07577,LN-HM-07577,Mortgage,13030000.0
COL-07578,LN-HM-07578,Hypothecation,6480000.0
COL-07579,LN-HM-07579,None,0.0
COL-07580,LN-HM-07580,Mortgage,5550000.0
COL-07581,LN-HM-07581,Mortgage,4430000.0
COL-07582,LN-HM-07582,Hypothecation,2200000.0
COL-07583,LN-HM-07583,Hypothecation,1720000.0
COL-07584,LN-HM-07584,Hypothecation,1810000.0
COL-07585,LN-HM-07585,None,0.0
COL-07586,LN-HM-07586,Mortgage,1020000.0
COL-07587,LN-HM-07587,None,0.0
COL-07588,LN-HM-07588,Mortgage,1850000.0
COL-07589,LN-HM-07589,None,0.0
COL-07590,LN-HM-07590,Hypothecation,1420000.0
COL-07591,LN-HM-07591,None,0.0
COL-07592,LN-HM-07592,Mortgage,2940000.0
COL-07593,LN-HM-07593,Mortgage,1500000.0
COL-07594,LN-HM-07594,Hypothecation,660000.0
COL-07595,LN-HM-07595,Mortgage,3880000.0
COL-07596,LN-HM-07596,Mortgage,5160000.0
COL-07597,LN-HM-07597,None,0.0
COL-07598,LN-HM-07598,None,0.0
COL-07599,LN-HM-07599,None,0.0
COL-07600,LN-HM-07600,Mortgage,12270000.0
COL-07601,LN-HM-07601,Mortgage,1410000.0
COL-07602,LN-HM-07602,Mortgage,5540000.0
COL-07603,LN-HM-07603,Hypothecation,1170000.0
COL-07604,LN-HM-07604,None,0.0
COL-07605,LN-HM-07605,None,0.0
COL-07606,LN-HM-07606,Mortgage,2730000.0
COL-07607,LN-HM-07607,Mortgage,5600000.0
COL-07608,LN-HM-07608,None,0.0
COL-07609,LN-HM-07609,Mortgage,5610000.0
COL-07610,LN-HM-07610,None,0.0
COL-07611,LN-HM-07611,Mortgage,14670000.0
COL-07612,LN-HM-07612,Hypothecation,1030000.0
COL-07613,LN-HM-07613,Mortgage,5170000.0
COL-07614,LN-HM-07614,Mortgage,7310000.0
COL-07615,LN-HM-07615,Hypothecation,520000.0
COL-07616,LN-HM-07616,None,0.0
COL-07617,LN-HM-07617,Hypothecation,4600000.0
COL-07618,LN-HM-07618,Mortgage,6970000.0
COL-07619,LN-HM-07619,None,0.0
COL-07620,LN-HM-07620,Mortgage,11390000.0
COL-07621,LN-HM-07621,Mortgage,3610000.0
COL-07622,LN-HM-07622,None,0.0
COL-07623,LN-HM-07623,None,0.0
COL-07624,LN-HM-07624,None,0.0
COL-07625,LN-HM-07625,None,0.0
COL-07626,LN-HM-07626,Hypothecation,1170000.0
COL-07627,LN-HM-07627,Mortgage,2860000.0
COL-07628,LN-HM-07628,Hypothecation,1650000.0
COL-07629,LN-HM-07629,Hypothecation,3760000.0
COL-07630,LN-HM-07630,Mortgage,4800000.0
COL-07631,LN-HM-07631,Hypothecation,2330000.0
COL-07632,LN-HM-07632,None,0.0
COL-07633,LN-HM-07633,None,0.0
COL-07634,LN-HM-07634,None,0.0
COL-07635,LN-HM-07635,None,0.0
COL-07636,LN-HM-07636,None,0.0
COL-07637,LN-HM-07637,Mortgage,5360000.0
COL-07638,LN-HM-07638,Mortgage,5440000.0
COL-07639,LN-HM-07639,Mortgage,2550000.0
COL-07640,LN-HM-07640,Mortgage,7280000.0
COL-07641,LN-HM-07641,None,0.0
COL-07642,LN-HM-07642,Mortgage,6890000.0
COL-07643,LN-HM-07643,None,0.0
COL-07644,LN-HM-07644,Mortgage,3560000.0
COL-07645,LN-HM-07645,Mortgage,6800000.0
COL-07646,LN-HM-07646,Mortgage,8110000.0
COL-07647,LN-HM-07647,Mortgage,3360000.0
COL-07648,LN-HM-07648,None,0.0
COL-07649,LN-HM-07649,Mortgage,11440000.0
COL-07650,LN-HM-07650,Mortgage,5570000.0
COL-07651,LN-HM-07651,Mortgage,6090000.0
COL-07652,LN-HM-07652,None,0.0
COL-07653,LN-HM-07653,None,0.0
COL-07654,LN-HM-07654,None,0.0
COL-07655,LN-HM-07655,Hypothecation,780000.0
COL-07656,LN-HM-07656,Mortgage,4390000.0
COL-07657,LN-HM-07657,Mortgage,1400000.0
COL-07658,LN-HM-07658,Mortgage,3600000.0
COL-07659,LN-HM-07659,Hypothecation,1900000.0
COL-07660,LN-HM-07660,None,0.0
COL-07661,LN-HM-07661,Mortgage,6610000.0
COL-07662,LN-HM-07662,Mortgage,2300000.0
COL-07663,LN-HM-07663,Hypothecation,1200000.0
COL-07664,LN-HM-07664,Mortgage,2430000.0
COL-07665,LN-HM-07665,None,0.0
COL-07666,LN-HM-07666,Hypothecation,1540000.0
COL-07667,LN-HM-07667,Mortgage,5540000.0
COL-07668,LN-HM-07668,Mortgage,3340000.0
COL-07669,LN-HM-07669,Hypothecation,9280000.0
COL-07670,LN-HM-07670,Mortgage,2620000.0
COL-07671,LN-HM-07671,Mortgage,2500000.0
COL-07672,LN-HM-07672,Mortgage,1360000.0
COL-07673,LN-HM-07673,Hypothecation,2590000.0
COL-07674,LN-HM-07674,Mortgage,9610000.0
COL-07675,LN-HM-07675,None,0.0
COL-07676,LN-HM-07676,Mortgage,3390000.0
COL-07677,LN-HM-07677,None,0.0
COL-07678,LN-HM-07678,Hypothecation,1240000.0
COL-07679,LN-HM-07679,Mortgage,1760000.0
COL-07680,LN-HM-07680,None,0.0
COL-07681,LN-HM-07681,Hypothecation,3250000.0
COL-07682,LN-HM-07682,Mortgage,1160000.0
COL-07683,LN-HM-07683,None,0.0
COL-07684,LN-HM-07684,Mortgage,12100000.0
COL-07685,LN-HM-07685,Hypothecation,600000.0
COL-07686,LN-HM-07686,Mortgage,1440000.0
COL-07687,LN-HM-07687,None,0.0
COL-07688,LN-HM-07688,Mortgage,8230000.0
COL-07689,LN-HM-07689,Mortgage,5420000.0
COL-07690,LN-HM-07690,Mortgage,5480000.0
COL-07691,LN-HM-07691,None,0.0
COL-07692,LN-HM-07692,Hypothecation,640000.0
COL-07693,LN-HM-07693,None,0.0
COL-07694,LN-HM-07694,Mortgage,4320000.0
COL-07695,LN-HM-07695,Mortgage,1660000.0
COL-07696,LN-HM-07696,Mortgage,2230000.0
COL-07697,LN-HM-07697,None,0.0
COL-07698,LN-HM-07698,Mortgage,4720000.0
COL-07699,LN-HM-07699,Hypothecation,930000.0
COL-07700,LN-HM-07700,Mortgage,7250000.0
COL-07701,LN-HM-07701,Mortgage,6390000.0
COL-07702,LN-HM-07702,Mortgage,2440000.0
COL-07703,LN-HM-07703,None,0.0
COL-07704,LN-HM-07704,None,0.0
COL-07705,LN-HM-07705,None,0.0
COL-07706,LN-HM-07706,Hypothecation,1950000.0
COL-07707,LN-HM-07707,Hypothecation,680000.0
COL-07708,LN-HM-07708,Mortgage,5360000.0
COL-07709,LN-HM-07709,None,0.0
COL-07710,LN-HM-07710,None,0.0
COL-07711,LN-HM-07711,Hypothecation,420000.0
COL-07712,LN-HM-07712,None,0.0
COL-07713,LN-HM-07713,Mortgage,5060000.0
COL-07714,LN-HM-07714,Mortgage,8780000.0
COL-07715,LN-HM-07715,Mortgage,9600000.0
COL-07716,LN-HM-07716,None,0.0
COL-07717,LN-HM-07717,Mortgage,4480000.0
COL-07718,LN-HM-07718,Mortgage,3690000.0
COL-07719,LN-HM-07719,Mortgage,17370000.0
COL-07720,LN-HM-07720,None,0.0
COL-07721,LN-HM-07721,Mortgage,4020000.0
COL-07722,LN-HM-07722,Hypothecation,1410000.0
COL-07723,LN-HM-07723,None,0.0
COL-07724,LN-HM-07724,None,0.0
COL-07725,LN-HM-07725,None,0.0
COL-07726,LN-HM-07726,None,0.0
COL-07727,LN-HM-07727,Hypothecation,1010000.0
COL-07728,LN-HM-07728,None,0.0
COL-07729,LN-HM-07729,Mortgage,5920000.0
COL-07730,LN-HM-07730,Mortgage,3290000.0
COL-07731,LN-HM-07731,Mortgage,6540000.0
COL-07732,LN-HM-07732,Hypothecation,1570000.0
COL-07733,LN-HM-07733,None,0.0
COL-07734,LN-HM-07734,Mortgage,1040000.0
COL-07735,LN-HM-07735,Mortgage,2000000.0
COL-07736,LN-HM-07736,Hypothecation,1680000.0
COL-07737,LN-HM-07737,Hypothecation,1680000.0
COL-07738,LN-HM-07738,Hypothecation,1030000.0
COL-07739,LN-HM-07739,Mortgage,6090000.0
COL-07740,LN-HM-07740,Hypothecation,690000.0
COL-07741,LN-HM-07741,Mortgage,4200000.0
COL-07742,LN-HM-07742,Mortgage,5550000.0
COL-07743,LN-HM-07743,None,0.0
COL-07744,LN-HM-07744,None,0.0
COL-07745,LN-HM-07745,None,0.0
COL-07746,LN-HM-07746,Hypothecation,2100000.0
COL-07747,LN-HM-07747,None,0.0
COL-07748,LN-HM-07748,Mortgage,8290000.0
COL-07749,LN-HM-07749,Mortgage,4550000.0
COL-07750,LN-HM-07750,Mortgage,11060000.0
COL-07751,LN-HM-07751,Mortgage,1970000.0
COL-07752,LN-HM-07752,Hypothecation,1850000.0
COL-07753,LN-HM-07753,None,0.0
COL-07754,LN-HM-07754,Mortgage,3540000.0
COL-07755,LN-HM-07755,None,0.0
COL-07756,LN-HM-07756,Mortgage,1920000.0
COL-07757,LN-HM-07757,Hypothecation,1090000.0
COL-07758,LN-HM-07758,Mortgage,13970000.0
COL-07759,LN-HM-07759,Mortgage,26290000.0
COL-07760,LN-HM-07760,Hypothecation,2200000.0
COL-07761,LN-HM-07761,None,0.0
COL-07762,LN-HM-07762,Mortgage,4380000.0
COL-07763,LN-HM-07763,Hypothecation,2050000.0
COL-07764,LN-HM-07764,None,0.0
COL-07765,LN-HM-07765,Mortgage,9990000.0
COL-07766,LN-HM-07766,Mortgage,10500000.0
COL-07767,LN-HM-07767,Mortgage,2390000.0
COL-07768,LN-HM-07768,Mortgage,20640000.0
COL-07769,LN-HM-07769,Mortgage,4160000.0
COL-07770,LN-HM-07770,Mortgage,5690000.0
COL-07771,LN-HM-07771,Hypothecation,1330000.0
COL-07772,LN-HM-07772,Mortgage,4630000.0
COL-07773,LN-HM-07773,None,0.0
COL-07774,LN-HM-07774,None,0.0
COL-07775,LN-HM-07775,Hypothecation,2400000.0
COL-07776,LN-HM-07776,Hypothecation,1130000.0
COL-07777,LN-HM-07777,Mortgage,970000.0
COL-07778,LN-HM-07778,Mortgage,1400000.0
COL-07779,LN-HM-07779,Mortgage,3320000.0
COL-07780,LN-HM-07780,Mortgage,4880000.0
COL-07781,LN-HM-07781,None,0.0
COL-07782,LN-HM-07782,None,0.0
COL-07783,LN-HM-07783,Hypothecation,1680000.0
COL-07784,LN-HM-07784,Mortgage,4530000.0
COL-07785,LN-HM-07785,None,0.0
COL-07786,LN-HM-07786,Mortgage,910000.0
COL-07787,LN-HM-07787,Mortgage,2340000.0
COL-07788,LN-HM-07788,None,0.0
COL-07789,LN-HM-07789,Mortgage,3120000.0
COL-07790,LN-HM-07790,None,0.0
COL-07791,LN-HM-07791,None,0.0
COL-07792,LN-HM-07792,Mortgage,1970000.0
COL-07793,LN-HM-07793,Mortgage,2440000.0
COL-07794,LN-HM-07794,Mortgage,5280000.0
COL-07795,LN-HM-07795,Mortgage,6180000.0
COL-07796,LN-HM-07796,Mortgage,2880000.0
COL-07797,LN-HM-07797,None,0.0
COL-07798,LN-HM-07798,None,0.0
COL-07799,LN-HM-07799,None,0.0
COL-07800,LN-HM-07800,None,0.0
COL-07801,LN-HM-07801,Hypothecation,1590000.0
COL-07802,LN-HM-07802,Mortgage,2680000.0
COL-07803,LN-HM-07803,Hypothecation,1690000.0
COL-07804,LN-HM-07804,None,0.0
COL-07805,LN-HM-07805,Mortgage,6410000.0
COL-07806,LN-HM-07806,Mortgage,5640000.0
COL-07807,LN-HM-07807,Mortgage,5980000.0
COL-07808,LN-HM-07808,None,0.0
COL-07809,LN-HM-07809,Mortgage,3820000.0
COL-07810,LN-HM-07810,None,0.0
COL-07811,LN-HM-07811,Mortgage,6840000.0
COL-07812,LN-HM-07812,None,0.0
COL-07813,LN-HM-07813,None,0.0
COL-07814,LN-HM-07814,None,0.0
COL-07815,LN-HM-07815,Hypothecation,2290000.0
COL-07816,LN-HM-07816,None,0.0
COL-07817,LN-HM-07817,Hypothecation,570000.0
COL-07818,LN-HM-07818,None,0.0
COL-07819,LN-HM-07819,None,0.0
COL-07820,LN-HM-07820,Hypothecation,680000.0
COL-07821,LN-HM-07821,Hypothecation,800000.0
COL-07822,LN-HM-07822,Mortgage,5180000.0
COL-07823,LN-HM-07823,Mortgage,1720000.0
COL-07824,LN-HM-07824,None,0.0
COL-07825,LN-HM-07825,Mortgage,4420000.0
COL-07826,LN-HM-07826,None,0.0
COL-07827,LN-HM-07827,Hypothecation,1410000.0
COL-07828,LN-HM-07828,Mortgage,6260000.0
COL-07829,LN-HM-07829,None,0.0
COL-07830,LN-HM-07830,Hypothecation,1380000.0
COL-07831,LN-HM-07831,Mortgage,7920000.0
COL-07832,LN-HM-07832,None,0.0
COL-07833,LN-HM-07833,Hypothecation,1250000.0
COL-07834,LN-HM-07834,None,0.0
COL-07835,LN-HM-07835,Mortgage,4440000.0
COL-07836,LN-HM-07836,None,0.0
COL-07837,LN-HM-07837,Hypothecation,2360000.0
COL-07838,LN-HM-07838,Hypothecation,1810000.0
COL-07839,LN-HM-07839,Mortgage,3080000.0
COL-07840,LN-HM-07840,Mortgage,3090000.0
COL-07841,LN-HM-07841,Mortgage,1870000.0
COL-07842,LN-HM-07842,Mortgage,2760000.0
COL-07843,LN-HM-07843,None,0.0
COL-07844,LN-HM-07844,Mortgage,5390000.0
COL-07845,LN-HM-07845,Mortgage,2850000.0
COL-07846,LN-HM-07846,None,0.0
COL-07847,LN-HM-07847,None,0.0
COL-07848,LN-HM-07848,Hypothecation,1010000.0
COL-07849,LN-HM-07849,Mortgage,12190000.0
COL-07850,LN-HM-07850,None,0.0
COL-07851,LN-HM-07851,Mortgage,10970000.0
COL-07852,LN-HM-07852,Hypothecation,1010000.0
COL-07853,LN-HM-07853,Mortgage,2990000.0
COL-07854,LN-HM-07854,Hypothecation,1720000.0
COL-07855,LN-HM-07855,Hypothecation,390000.0
COL-07856,LN-HM-07856,Mortgage,4660000.0
COL-07857,LN-HM-07857,Mortgage,1950000.0
COL-07858,LN-HM-07858,Mortgage,960000.0
COL-07859,LN-HM-07859,Hypothecation,1250000.0
COL-07860,LN-HM-07860,Mortgage,5770000.0
COL-07861,LN-HM-07861,None,0.0
COL-07862,LN-HM-07862,Mortgage,3940000.0
COL-07863,LN-HM-07863,Mortgage,1250000.0
COL-07864,LN-HM-07864,Mortgage,4850000.0
COL-07865,LN-HM-07865,None,0.0
COL-07866,LN-HM-07866,None,0.0
COL-07867,LN-HM-07867,Hypothecation,900000.0
COL-07868,LN-HM-07868,Mortgage,6370000.0
COL-07869,LN-HM-07869,Hypothecation,1510000.0
COL-07870,LN-HM-07870,None,0.0
COL-07871,LN-HM-07871,Mortgage,4820000.0
COL-07872,LN-HM-07872,Mortgage,2080000.0
COL-07873,LN-HM-07873,None,0.0
COL-07874,LN-HM-07874,Mortgage,1340000.0
COL-07875,LN-HM-07875,Hypothecation,1530000.0
COL-07876,LN-HM-07876,Mortgage,2890000.0
COL-07877,LN-HM-07877,Mortgage,3910000.0
COL-07878,LN-HM-07878,None,0.0
COL-07879,LN-HM-07879,None,0.0
COL-07880,LN-HM-07880,Mortgage,4630000.0
COL-07881,LN-HM-07881,None,0.0
COL-07882,LN-HM-07882,None,0.0
COL-07883,LN-HM-07883,Mortgage,1980000.0
COL-07884,LN-HM-07884,Mortgage,6120000.0
COL-07885,LN-HM-07885,Mortgage,2700000.0
COL-07886,LN-HM-07886,None,0.0
COL-07887,LN-HM-07887,None,0.0
COL-07888,LN-HM-07888,None,0.0
COL-07889,LN-HM-07889,Mortgage,5850000.0
COL-07890,LN-HM-07890,None,0.0
COL-07891,LN-HM-07891,Hypothecation,1680000.0
COL-07892,LN-HM-07892,Mortgage,2990000.0
COL-07893,LN-HM-07893,Mortgage,3450000.0
COL-07894,LN-HM-07894,None,0.0
COL-07895,LN-HM-07895,None,0.0
COL-07896,LN-HM-07896,None,0.0
COL-07897,LN-HM-07897,Mortgage,13410000.0
COL-07898,LN-HM-07898,None,0.0
COL-07899,LN-HM-07899,None,0.0
COL-07900,LN-HM-07900,Mortgage,7350000.0
COL-07901,LN-HM-07901,Mortgage,2960000.0
COL-07902,LN-HM-07902,Mortgage,4390000.0
COL-07903,LN-HM-07903,Mortgage,6860000.0
COL-07904,LN-HM-07904,Mortgage,9420000.0
COL-07905,LN-HM-07905,Mortgage,2610000.0
COL-07906,LN-HM-07906,Mortgage,1900000.0
COL-07907,LN-HM-07907,Hypothecation,1160000.0
COL-07908,LN-HM-07908,Mortgage,6830000.0
COL-07909,LN-HM-07909,Mortgage,2310000.0
COL-07910,LN-HM-07910,Mortgage,5940000.0
COL-07911,LN-HM-07911,Mortgage,1750000.0
COL-07912,LN-HM-07912,Hypothecation,2890000.0
COL-07913,LN-HM-07913,Mortgage,3490000.0
COL-07914,LN-HM-07914,Mortgage,4470000.0
COL-07915,LN-HM-07915,None,0.0
COL-07916,LN-HM-07916,Mortgage,5470000.0
COL-07917,LN-HM-07917,None,0.0
COL-07918,LN-HM-07918,None,0.0
COL-07919,LN-HM-07919,Hypothecation,1490000.0
COL-07920,LN-HM-07920,Mortgage,10860000.0
COL-07921,LN-HM-07921,Mortgage,1590000.0
COL-07922,LN-HM-07922,Mortgage,4530000.0
COL-07923,LN-HM-07923,None,0.0
COL-07924,LN-HM-07924,None,0.0
COL-07925,LN-HM-07925,Mortgage,5690000.0
COL-07926,LN-HM-07926,Mortgage,4990000.0
COL-07927,LN-HM-07927,Hypothecation,2100000.0
COL-07928,LN-HM-07928,Mortgage,2540000.0
COL-07929,LN-HM-07929,Mortgage,21770000.0
COL-07930,LN-HM-07930,None,0.0
COL-07931,LN-HM-07931,Mortgage,7070000.0
COL-07932,LN-HM-07932,None,0.0
COL-07933,LN-HM-07933,None,0.0
COL-07934,LN-HM-07934,Hypothecation,1200000.0
COL-07935,LN-HM-07935,Hypothecation,1590000.0
COL-07936,LN-HM-07936,Mortgage,4370000.0
COL-07937,LN-HM-07937,Mortgage,1390000.0
COL-07938,LN-HM-07938,Hypothecation,770000.0
COL-07939,LN-HM-07939,None,0.0
COL-07940,LN-HM-07940,Hypothecation,4850000.0
COL-07941,LN-HM-07941,Mortgage,4940000.0
COL-07942,LN-HM-07942,None,0.0
COL-07943,LN-HM-07943,Mortgage,5760000.0
COL-07944,LN-HM-07944,Mortgage,4450000.0
COL-07945,LN-HM-07945,Mortgage,4840000.0
COL-07946,LN-HM-07946,Mortgage,7070000.0
COL-07947,LN-HM-07947,Hypothecation,4360000.0
COL-07948,LN-HM-07948,None,0.0
COL-07949,LN-HM-07949,Mortgage,2560000.0
COL-07950,LN-HM-07950,Mortgage,9820000.0
COL-07951,LN-HM-07951,Hypothecation,800000.0
COL-07952,LN-HM-07952,Hypothecation,2200000.0
COL-07953,LN-HM-07953,Mortgage,6980000.0
COL-07954,LN-HM-07954,None,0.0
COL-07955,LN-HM-07955,Mortgage,2050000.0
COL-07956,LN-HM-07956,Mortgage,3560000.0
COL-07957,LN-HM-07957,Mortgage,3950000.0
COL-07958,LN-HM-07958,None,0.0
COL-07959,LN-HM-07959,Mortgage,2520000.0
COL-07960,LN-HM-07960,Mortgage,1320000.0
COL-07961,LN-HM-07961,Hypothecation,2440000.0
COL-07962,LN-HM-07962,None,0.0
COL-07963,LN-HM-07963,None,0.0
COL-07964,LN-HM-07964,Mortgage,4330000.0
COL-07965,LN-HM-07965,Mortgage,4310000.0
COL-07966,LN-HM-07966,Mortgage,3250000.0
COL-07967,LN-HM-07967,Mortgage,5820000.0
COL-07968,LN-HM-07968,Mortgage,1960000.0
COL-07969,LN-HM-07969,Hypothecation,1920000.0
COL-07970,LN-HM-07970,Mortgage,2590000.0
COL-07971,LN-HM-07971,Hypothecation,3100000.0
COL-07972,LN-HM-07972,Mortgage,5350000.0
COL-07973,LN-HM-07973,None,0.0
COL-07974,LN-HM-07974,Mortgage,1860000.0
COL-07975,LN-HM-07975,None,0.0
COL-07976,LN-HM-07976,Mortgage,7280000.0
COL-07977,LN-HM-07977,Mortgage,14870000.0
COL-07978,LN-HM-07978,None,0.0
COL-07979,LN-HM-07979,Mortgage,3840000.0
COL-07980,LN-HM-07980,Mortgage,4370000.0
COL-07981,LN-HM-07981,None,0.0
COL-07982,LN-HM-07982,Mortgage,5790000.0
COL-07983,LN-HM-07983,None,0.0
COL-07984,LN-HM-07984,Mortgage,2130000.0
COL-07985,LN-HM-07985,Hypothecation,1540000.0
COL-07986,LN-HM-07986,None,0.0
COL-07987,LN-HM-07987,Mortgage,8660000.0
COL-07988,LN-HM-07988,Mortgage,2090000.0
COL-07989,LN-HM-07989,None,0.0
COL-07990,LN-HM-07990,Mortgage,8780000.0
COL-07991,LN-HM-07991,None,0.0
COL-07992,LN-HM-07992,None,0.0
COL-07993,LN-HM-07993,None,0.0
COL-07994,LN-HM-07994,Hypothecation,2130000.0
COL-07995,LN-HM-07995,Mortgage,3560000.0
COL-07996,LN-HM-07996,Mortgage,5140000.0
COL-07997,LN-HM-07997,Mortgage,3270000.0
COL-07998,LN-HM-07998,Mortgage,4760000.0
COL-07999,LN-HM-07999,Mortgage,7700000.0
COL-08000,LN-HM-08000,Hypothecation,620000.0
COL-08001,LN-HM-08001,Hypothecation,1870000.0
COL-08002,LN-HM-08002,Mortgage,9600000.0
COL-08003,LN-HM-08003,Hypothecation,3070000.0
COL-08004,LN-HM-08004,Mortgage,8930000.0
COL-08005,LN-HM-08005,None,0.0
COL-08006,LN-HM-08006,Hypothecation,2300000.0
COL-08007,LN-HM-08007,Mortgage,6380000.0
COL-08008,LN-HM-08008,None,0.0
COL-08009,LN-HM-08009,None,0.0
COL-08010,LN-HM-08010,Mortgage,4630000.0
COL-08011,LN-HM-08011,None,0.0
COL-08012,LN-HM-08012,None,0.0
COL-08013,LN-HM-08013,Mortgage,6340000.0
COL-08014,LN-HM-08014,None,0.0
COL-08015,LN-HM-08015,None,0.0
COL-08016,LN-HM-08016,Hypothecation,630000.0
COL-08017,LN-HM-08017,Hypothecation,1420000.0
COL-08018,LN-HM-08018,Mortgage,1730000.0
COL-08019,LN-HM-08019,Mortgage,1260000.0
COL-08020,LN-HM-08020,None,0.0
COL-08021,LN-HM-08021,Hypothecation,1070000.0
COL-08022,LN-HM-08022,Mortgage,4910000.0
COL-08023,LN-HM-08023,Mortgage,6650000.0
COL-08024,LN-HM-08024,Mortgage,1420000.0
COL-08025,LN-HM-08025,Mortgage,1790000.0
COL-08026,LN-HM-08026,None,0.0
COL-08027,LN-HM-08027,None,0.0
COL-08028,LN-HM-08028,Hypothecation,1030000.0
COL-08029,LN-HM-08029,Hypothecation,1010000.0
COL-08030,LN-HM-08030,Hypothecation,1100000.0
COL-08031,LN-HM-08031,None,0.0
COL-08032,LN-HM-08032,Hypothecation,3230000.0
COL-08033,LN-HM-08033,Hypothecation,8960000.0
COL-08034,LN-HM-08034,Mortgage,3570000.0
COL-08035,LN-HM-08035,Mortgage,8970000.0
COL-08036,LN-HM-08036,None,0.0
COL-08037,LN-HM-08037,None,0.0
COL-08038,LN-HM-08038,Mortgage,1000000.0
COL-08039,LN-HM-08039,Mortgage,3990000.0
COL-08040,LN-HM-08040,Hypothecation,920000.0
COL-08041,LN-HM-08041,None,0.0
COL-08042,LN-HM-08042,None,0.0
COL-08043,LN-HM-08043,None,0.0
COL-08044,LN-HM-08044,Mortgage,16970000.0
COL-08045,LN-HM-08045,Hypothecation,2750000.0
COL-08046,LN-HM-08046,Mortgage,890000.0
COL-08047,LN-HM-08047,None,0.0
COL-08048,LN-HM-08048,Mortgage,4280000.0
COL-08049,LN-HM-08049,Mortgage,9800000.0
COL-08050,LN-HM-08050,None,0.0
COL-08051,LN-HM-08051,Mortgage,2980000.0
COL-08052,LN-HM-08052,Mortgage,4690000.0
COL-08053,LN-HM-08053,None,0.0
COL-08054,LN-HM-08054,Mortgage,1650000.0
COL-08055,LN-HM-08055,None,0.0
COL-08056,LN-HM-08056,Mortgage,6900000.0
COL-08057,LN-HM-08057,Mortgage,2930000.0
COL-08058,LN-HM-08058,None,0.0
COL-08059,LN-HM-08059,Mortgage,2560000.0
COL-08060,LN-HM-08060,Mortgage,3090000.0
COL-08061,LN-HM-08061,Mortgage,7440000.0
COL-08062,LN-HM-08062,Hypothecation,540000.0
COL-08063,LN-HM-08063,None,0.0
COL-08064,LN-HM-08064,Hypothecation,1220000.0
COL-08065,LN-HM-08065,Mortgage,3160000.0
COL-08066,LN-HM-08066,Mortgage,2270000.0
COL-08067,LN-HM-08067,Hypothecation,1500000.0
COL-08068,LN-HM-08068,None,0.0
COL-08069,LN-HM-08069,Hypothecation,500000.0
COL-08070,LN-HM-08070,Mortgage,2090000.0
COL-08071,LN-HM-08071,None,0.0
COL-08072,LN-HM-08072,Hypothecation,650000.0
COL-08073,LN-HM-08073,Mortgage,1690000.0
COL-08074,LN-HM-08074,None,0.0
COL-08075,LN-HM-08075,None,0.0
COL-08076,LN-HM-08076,Mortgage,19760000.0
COL-08077,LN-HM-08077,Mortgage,4150000.0
COL-08078,LN-HM-08078,Mortgage,3680000.0
COL-08079,LN-HM-08079,None,0.0
COL-08080,LN-HM-08080,Mortgage,3010000.0
COL-08081,LN-HM-08081,None,0.0
COL-08082,LN-HM-08082,Mortgage,2480000.0
COL-08083,LN-HM-08083,Mortgage,3410000.0
COL-08084,LN-HM-08084,None,0.0
COL-08085,LN-HM-08085,Mortgage,11560000.0
COL-08086,LN-HM-08086,Mortgage,3390000.0
COL-08087,LN-HM-08087,Mortgage,2320000.0
COL-08088,LN-HM-08088,Hypothecation,2620000.0
COL-08089,LN-HM-08089,Mortgage,2310000.0
COL-08090,LN-HM-08090,None,0.0
COL-08091,LN-HM-08091,None,0.0
COL-08092,LN-HM-08092,None,0.0
COL-08093,LN-HM-08093,Hypothecation,1590000.0
COL-08094,LN-HM-08094,Hypothecation,1010000.0
COL-08095,LN-HM-08095,None,0.0
COL-08096,LN-HM-08096,None,0.0
COL-08097,LN-HM-08097,None,0.0
COL-08098,LN-HM-08098,Mortgage,7280000.0
COL-08099,LN-HM-08099,None,0.0
COL-08100,LN-HM-08100,Mortgage,5510000.0
COL-08101,LN-HM-08101,Mortgage,12650000.0
COL-08102,LN-HM-08102,Mortgage,2580000.0
COL-08103,LN-HM-08103,Mortgage,3620000.0
COL-08104,LN-HM-08104,Mortgage,6340000.0
COL-08105,LN-HM-08105,Mortgage,3130000.0
COL-08106,LN-HM-08106,Mortgage,6540000.0
COL-08107,LN-HM-08107,Mortgage,3140000.0
COL-08108,LN-HM-08108,None,0.0
COL-08109,LN-HM-08109,Mortgage,4090000.0
COL-08110,LN-HM-08110,Mortgage,6750000.0
COL-08111,LN-HM-08111,None,0.0
COL-08112,LN-HM-08112,Mortgage,3990000.0
COL-08113,LN-HM-08113,Mortgage,3080000.0
COL-08114,LN-HM-08114,Mortgage,2690000.0
COL-08115,LN-HM-08115,Mortgage,5420000.0
COL-08116,LN-HM-08116,Mortgage,4360000.0
COL-08117,LN-HM-08117,Hypothecation,1200000.0
COL-08118,LN-HM-08118,None,0.0
COL-08119,LN-HM-08119,Mortgage,1790000.0
COL-08120,LN-HM-08120,Mortgage,9910000.0
COL-08121,LN-HM-08121,Hypothecation,7210000.0
COL-08122,LN-HM-08122,None,0.0
COL-08123,LN-HM-08123,None,0.0
COL-08124,LN-HM-08124,Mortgage,6790000.0
COL-08125,LN-HM-08125,Hypothecation,1260000.0
COL-08126,LN-HM-08126,Hypothecation,500000.0
COL-08127,LN-HM-08127,None,0.0
COL-08128,LN-HM-08128,None,0.0
COL-08129,LN-HM-08129,Mortgage,6390000.0
COL-08130,LN-HM-08130,Mortgage,2920000.0
COL-08131,LN-HM-08131,Mortgage,1850000.0
COL-08132,LN-HM-08132,Mortgage,1380000.0
COL-08133,LN-HM-08133,None,0.0
COL-08134,LN-HM-08134,Mortgage,7670000.0
COL-08135,LN-HM-08135,Mortgage,4740000.0
COL-08136,LN-HM-08136,Mortgage,3630000.0
COL-08137,LN-HM-08137,Mortgage,4070000.0
COL-08138,LN-HM-08138,None,0.0
COL-08139,LN-HM-08139,Mortgage,3310000.0
COL-08140,LN-HM-08140,None,0.0
COL-08141,LN-HM-08141,Mortgage,1440000.0
COL-08142,LN-HM-08142,Hypothecation,1040000.0
COL-08143,LN-HM-08143,Mortgage,3710000.0
COL-08144,LN-HM-08144,None,0.0
COL-08145,LN-HM-08145,Mortgage,8480000.0
COL-08146,LN-HM-08146,None,0.0
COL-08147,LN-HM-08147,Mortgage,10050000.0
COL-08148,LN-HM-08148,Mortgage,1430000.0
COL-08149,LN-HM-08149,Mortgage,2460000.0
COL-08150,LN-HM-08150,Hypothecation,620000.0
COL-08151,LN-HM-08151,Hypothecation,850000.0
COL-08152,LN-HM-08152,Hypothecation,1810000.0
COL-08153,LN-HM-08153,Mortgage,5780000.0
COL-08154,LN-HM-08154,Mortgage,4640000.0
COL-08155,LN-HM-08155,Mortgage,2130000.0
COL-08156,LN-HM-08156,Hypothecation,1320000.0
COL-08157,LN-HM-08157,Hypothecation,1950000.0
COL-08158,LN-HM-08158,Hypothecation,2930000.0
COL-08159,LN-HM-08159,Hypothecation,1770000.0
COL-08160,LN-HM-08160,Mortgage,4250000.0
COL-08161,LN-HM-08161,Mortgage,16110000.0
COL-08162,LN-HM-08162,None,0.0
COL-08163,LN-HM-08163,Hypothecation,800000.0
COL-08164,LN-HM-08164,Mortgage,2520000.0
COL-08165,LN-HM-08165,Mortgage,12110000.0
COL-08166,LN-HM-08166,Mortgage,12120000.0
COL-08167,LN-HM-08167,Mortgage,13500000.0
COL-08168,LN-HM-08168,None,0.0
COL-08169,LN-HM-08169,None,0.0
COL-08170,LN-HM-08170,Mortgage,4300000.0
COL-08171,LN-HM-08171,Hypothecation,1320000.0
COL-08172,LN-HM-08172,None,0.0
COL-08173,LN-HM-08173,Mortgage,2650000.0
COL-08174,LN-HM-08174,Mortgage,2910000.0
COL-08175,LN-HM-08175,Hypothecation,2490000.0
COL-08176,LN-HM-08176,Mortgage,2550000.0
COL-08177,LN-HM-08177,Hypothecation,1340000.0
COL-08178,LN-HM-08178,None,0.0
COL-08179,LN-HM-08179,Hypothecation,3610000.0
COL-08180,LN-HM-08180,None,0.0
COL-08181,LN-HM-08181,None,0.0
COL-08182,LN-HM-08182,None,0.0
COL-08183,LN-HM-08183,Mortgage,4850000.0
COL-08184,LN-HM-08184,Mortgage,4420000.0
COL-08185,LN-HM-08185,Hypothecation,2310000.0
COL-08186,LN-HM-08186,Mortgage,8420000.0
COL-08187,LN-HM-08187,None,0.0
COL-08188,LN-HM-08188,Hypothecation,2840000.0
COL-08189,LN-HM-08189,Mortgage,5460000.0
COL-08190,LN-HM-08190,Mortgage,8140000.0
COL-08191,LN-HM-08191,Mortgage,2820000.0
COL-08192,LN-HM-08192,Mortgage,4030000.0
COL-08193,LN-HM-08193,Mortgage,10290000.0
COL-08194,LN-HM-08194,Mortgage,2540000.0
COL-08195,LN-HM-08195,Mortgage,4410000.0
COL-08196,LN-HM-08196,Mortgage,8140000.0
COL-08197,LN-HM-08197,Mortgage,7280000.0
COL-08198,LN-HM-08198,Hypothecation,1470000.0
COL-08199,LN-HM-08199,Mortgage,13860000.0
COL-08200,LN-HM-08200,None,0.0
COL-08201,LN-HM-08201,None,0.0
COL-08202,LN-HM-08202,None,0.0
COL-08203,LN-HM-08203,Mortgage,11920000.0
COL-08204,LN-HM-08204,Hypothecation,1560000.0
COL-08205,LN-HM-08205,Mortgage,5450000.0
COL-08206,LN-HM-08206,Mortgage,9460000.0
COL-08207,LN-HM-08207,Mortgage,4540000.0
COL-08208,LN-HM-08208,None,0.0
COL-08209,LN-HM-08209,Mortgage,9260000.0
COL-08210,LN-HM-08210,None,0.0
COL-08211,LN-HM-08211,Mortgage,7250000.0
COL-08212,LN-HM-08212,Hypothecation,1130000.0
COL-08213,LN-HM-08213,Hypothecation,580000.0
COL-08214,LN-HM-08214,Hypothecation,940000.0
COL-08215,LN-HM-08215,Mortgage,3480000.0
COL-08216,LN-HM-08216,None,0.0
COL-08217,LN-HM-08217,None,0.0
COL-08218,LN-HM-08218,None,0.0
COL-08219,LN-HM-08219,Mortgage,3710000.0
COL-08220,LN-HM-08220,Mortgage,2190000.0
COL-08221,LN-HM-08221,None,0.0
COL-08222,LN-HM-08222,Hypothecation,2120000.0
COL-08223,LN-HM-08223,Mortgage,3150000.0
COL-08224,LN-HM-08224,None,0.0
COL-08225,LN-HM-08225,Mortgage,5990000.0
COL-08226,LN-HM-08226,Hypothecation,1950000.0
COL-08227,LN-HM-08227,None,0.0
COL-08228,LN-HM-08228,Mortgage,12680000.0
COL-08229,LN-HM-08229,Mortgage,5640000.0
COL-08230,LN-HM-08230,None,0.0
COL-08231,LN-HM-08231,Mortgage,4150000.0
COL-08232,LN-HM-08232,None,0.0
COL-08233,LN-HM-08233,Mortgage,7600000.0
COL-08234,LN-HM-08234,Mortgage,4610000.0
COL-08235,LN-HM-08235,None,0.0
COL-08236,LN-HM-08236,None,0.0
COL-08237,LN-HM-08237,Mortgage,5630000.0
COL-08238,LN-HM-08238,None,0.0
COL-08239,LN-HM-08239,Mortgage,7080000.0
COL-08240,LN-HM-08240,None,0.0
COL-08241,LN-HM-08241,Mortgage,5400000.0
COL-08242,LN-HM-08242,Mortgage,2870000.0
COL-08243,LN-HM-08243,Mortgage,4180000.0
COL-08244,LN-HM-08244,Hypothecation,930000.0
COL-08245,LN-HM-08245,Hypothecation,2590000.0
COL-08246,LN-HM-08246,Hypothecation,620000.0
COL-08247,LN-HM-08247,Mortgage,4000000.0
COL-08248,LN-HM-08248,Hypothecation,890000.0
COL-08249,LN-HM-08249,Mortgage,4240000.0
COL-08250,LN-HM-08250,None,0.0
COL-08251,LN-HM-08251,Hypothecation,840000.0
COL-08252,LN-HM-08252,Hypothecation,5890000.0
COL-08253,LN-HM-08253,None,0.0
COL-08254,LN-HM-08254,None,0.0
COL-08255,LN-HM-08255,Mortgage,3700000.0
COL-08256,LN-HM-08256,Mortgage,5330000.0
COL-08257,LN-HM-08257,Mortgage,3470000.0
COL-08258,LN-HM-08258,Mortgage,7370000.0
COL-08259,LN-HM-08259,Mortgage,1570000.0
COL-08260,LN-HM-08260,Mortgage,7640000.0
COL-08261,LN-HM-08261,Hypothecation,1090000.0
COL-08262,LN-HM-08262,Hypothecation,2210000.0
COL-08263,LN-HM-08263,None,0.0
COL-08264,LN-HM-08264,Mortgage,6260000.0
COL-08265,LN-HM-08265,Hypothecation,640000.0
COL-08266,LN-HM-08266,Hypothecation,3300000.0
COL-08267,LN-HM-08267,None,0.0
COL-08268,LN-HM-08268,Mortgage,2020000.0
COL-08269,LN-HM-08269,Hypothecation,1080000.0
COL-08270,LN-HM-08270,None,0.0
COL-08271,LN-HM-08271,Mortgage,3010000.0
COL-08272,LN-HM-08272,Mortgage,1350000.0
COL-08273,LN-HM-08273,None,0.0
COL-08274,LN-HM-08274,None,0.0
COL-08275,LN-HM-08275,Hypothecation,2290000.0
COL-08276,LN-HM-08276,Mortgage,10080000.0
COL-08277,LN-HM-08277,Mortgage,6340000.0
COL-08278,LN-HM-08278,None,0.0
COL-08279,LN-HM-08279,None,0.0
COL-08280,LN-HM-08280,Mortgage,7990000.0
COL-08281,LN-HM-08281,None,0.0
COL-08282,LN-HM-08282,None,0.0
COL-08283,LN-HM-08283,Mortgage,2000000.0
COL-08284,LN-HM-08284,Mortgage,5810000.0
COL-08285,LN-HM-08285,Mortgage,2850000.0
COL-08286,LN-HM-08286,Mortgage,5500000.0
COL-08287,LN-HM-08287,None,0.0
COL-08288,LN-HM-08288,None,0.0
COL-08289,LN-HM-08289,None,0.0
COL-08290,LN-HM-08290,Mortgage,2560000.0
COL-08291,LN-HM-08291,Mortgage,2390000.0
COL-08292,LN-HM-08292,Mortgage,6260000.0
COL-08293,LN-HM-08293,Mortgage,5270000.0
COL-08294,LN-HM-08294,Mortgage,1440000.0
COL-08295,LN-HM-08295,Mortgage,5590000.0
COL-08296,LN-HM-08296,Hypothecation,880000.0
COL-08297,LN-HM-08297,Mortgage,2160000.0
COL-08298,LN-HM-08298,Hypothecation,580000.0
COL-08299,LN-HM-08299,Mortgage,1940000.0
COL-08300,LN-HM-08300,None,0.0
COL-08301,LN-HM-08301,None,0.0
COL-08302,LN-HM-08302,Hypothecation,1420000.0
COL-08303,LN-HM-08303,None,0.0
COL-08304,LN-HM-08304,Mortgage,6900000.0
COL-08305,LN-HM-08305,None,0.0
COL-08306,LN-HM-08306,Mortgage,1690000.0
COL-08307,LN-HM-08307,Mortgage,8560000.0
COL-08308,LN-HM-08308,None,0.0
COL-08309,LN-HM-08309,Mortgage,1750000.0
COL-08310,LN-HM-08310,Mortgage,9210000.0
COL-08311,LN-HM-08311,Mortgage,3160000.0
COL-08312,LN-HM-08312,Hypothecation,760000.0
COL-08313,LN-HM-08313,Mortgage,3330000.0
COL-08314,LN-HM-08314,Hypothecation,2530000.0
COL-08315,LN-HM-08315,Mortgage,6820000.0
COL-08316,LN-HM-08316,Mortgage,4080000.0
COL-08317,LN-HM-08317,None,0.0
COL-08318,LN-HM-08318,Mortgage,1690000.0
COL-08319,LN-HM-08319,Mortgage,3530000.0
COL-08320,LN-HM-08320,Hypothecation,3310000.0
COL-08321,LN-HM-08321,None,0.0
COL-08322,LN-HM-08322,Mortgage,8440000.0
COL-08323,LN-HM-08323,None,0.0
COL-08324,LN-HM-08324,Mortgage,5310000.0
COL-08325,LN-HM-08325,Hypothecation,660000.0
COL-08326,LN-HM-08326,Mortgage,3290000.0
COL-08327,LN-HM-08327,Mortgage,8070000.0
COL-08328,LN-HM-08328,None,0.0
COL-08329,LN-HM-08329,Hypothecation,2100000.0
COL-08330,LN-HM-08330,Mortgage,2970000.0
COL-08331,LN-HM-08331,None,0.0
COL-08332,LN-HM-08332,Mortgage,2730000.0
COL-08333,LN-HM-08333,Mortgage,5210000.0
COL-08334,LN-HM-08334,Mortgage,1990000.0
COL-08335,LN-HM-08335,Mortgage,3510000.0
COL-08336,LN-HM-08336,None,0.0
COL-08337,LN-HM-08337,Mortgage,3900000.0
COL-08338,LN-HM-08338,Mortgage,6580000.0
COL-08339,LN-HM-08339,None,0.0
COL-08340,LN-HM-08340,Mortgage,1020000.0
COL-08341,LN-HM-08341,Mortgage,2500000.0
COL-08342,LN-HM-08342,Mortgage,1130000.0
COL-08343,LN-HM-08343,Mortgage,5550000.0
COL-08344,LN-HM-08344,Hypothecation,1040000.0
COL-08345,LN-HM-08345,Hypothecation,1200000.0
COL-08346,LN-HM-08346,Mortgage,2870000.0
COL-08347,LN-HM-08347,Mortgage,4780000.0
COL-08348,LN-HM-08348,Mortgage,1350000.0
COL-08349,LN-HM-08349,None,0.0
COL-08350,LN-HM-08350,Mortgage,4980000.0
COL-08351,LN-HM-08351,None,0.0
COL-08352,LN-HM-08352,Mortgage,2460000.0
COL-08353,LN-HM-08353,Mortgage,4940000.0
COL-08354,LN-HM-08354,Hypothecation,440000.0
COL-08355,LN-HM-08355,Mortgage,5730000.0
COL-08356,LN-HM-08356,None,0.0
COL-08357,LN-HM-08357,Hypothecation,1410000.0
COL-08358,LN-HM-08358,Hypothecation,2910000.0
COL-08359,LN-HM-08359,Mortgage,21890000.0
COL-08360,LN-HM-08360,Mortgage,1680000.0
COL-08361,LN-HM-08361,Mortgage,3150000.0
COL-08362,LN-HM-08362,None,0.0
COL-08363,LN-HM-08363,Mortgage,6840000.0
COL-08364,LN-HM-08364,Mortgage,4050000.0
COL-08365,LN-HM-08365,None,0.0
COL-08366,LN-HM-08366,Hypothecation,1150000.0
COL-08367,LN-HM-08367,None,0.0
COL-08368,LN-HM-08368,Mortgage,4710000.0
COL-08369,LN-HM-08369,None,0.0
COL-08370,LN-HM-08370,None,0.0
COL-08371,LN-HM-08371,None,0.0
COL-08372,LN-HM-08372,Mortgage,9480000.0
COL-08373,LN-HM-08373,Mortgage,3950000.0
COL-08374,LN-HM-08374,None,0.0
COL-08375,LN-HM-08375,None,0.0
COL-08376,LN-HM-08376,Mortgage,4030000.0
COL-08377,LN-HM-08377,Mortgage,5330000.0
COL-08378,LN-HM-08378,None,0.0
COL-08379,LN-HM-08379,Mortgage,6400000.0
COL-08380,LN-HM-08380,None,0.0
COL-08381,LN-HM-08381,None,0.0
COL-08382,LN-HM-08382,Mortgage,6070000.0
COL-08383,LN-HM-08383,None,0.0
COL-08384,LN-HM-08384,Mortgage,2670000.0
COL-08385,LN-HM-08385,Mortgage,7320000.0
COL-08386,LN-HM-08386,Hypothecation,2190000.0
COL-08387,LN-HM-08387,Mortgage,7530000.0
COL-08388,LN-HM-08388,Mortgage,3360000.0
COL-08389,LN-HM-08389,Mortgage,3680000.0
COL-08390,LN-HM-08390,Mortgage,3770000.0
COL-08391,LN-HM-08391,Mortgage,1780000.0
COL-08392,LN-HM-08392,Mortgage,1860000.0
COL-08393,LN-HM-08393,Hypothecation,1240000.0
COL-08394,LN-HM-08394,Mortgage,1260000.0
COL-08395,LN-HM-08395,Mortgage,4550000.0
COL-08396,LN-HM-08396,Mortgage,2820000.0
COL-08397,LN-HM-08397,Mortgage,5130000.0
COL-08398,LN-HM-08398,Hypothecation,1970000.0
COL-08399,LN-HM-08399,Hypothecation,640000.0
COL-08400,LN-HM-08400,Hypothecation,1420000.0
COL-08401,LN-HM-08401,None,0.0
COL-08402,LN-HM-08402,None,0.0
COL-08403,LN-HM-08403,Mortgage,3370000.0
COL-08404,LN-HM-08404,None,0.0
COL-08405,LN-HM-08405,Hypothecation,830000.0
COL-08406,LN-HM-08406,Mortgage,3170000.0
COL-08407,LN-HM-08407,Mortgage,5330000.0
COL-08408,LN-HM-08408,Hypothecation,1340000.0
COL-08409,LN-HM-08409,Mortgage,2560000.0
COL-08410,LN-HM-08410,Mortgage,2530000.0
COL-08411,LN-HM-08411,Mortgage,3640000.0
COL-08412,LN-HM-08412,Mortgage,9780000.0
COL-08413,LN-HM-08413,Mortgage,3280000.0
COL-08414,LN-HM-08414,None,0.0
COL-08415,LN-HM-08415,Hypothecation,1130000.0
COL-08416,LN-HM-08416,Mortgage,3950000.0
COL-08417,LN-HM-08417,None,0.0
COL-08418,LN-HM-08418,Mortgage,8450000.0
COL-08419,LN-HM-08419,Mortgage,5530000.0
COL-08420,LN-HM-08420,Mortgage,4270000.0
COL-08421,LN-HM-08421,None,0.0
COL-08422,LN-HM-08422,Mortgage,3110000.0
COL-08423,LN-HM-08423,Hypothecation,2050000.0
COL-08424,LN-HM-08424,Mortgage,7340000.0
COL-08425,LN-HM-08425,None,0.0
COL-08426,LN-HM-08426,Mortgage,8720000.0
COL-08427,LN-HM-08427,Mortgage,6440000.0
COL-08428,LN-HM-08428,Mortgage,2230000.0
COL-08429,LN-HM-08429,None,0.0
COL-08430,LN-HM-08430,Mortgage,2610000.0
COL-08431,LN-HM-08431,Mortgage,1670000.0
COL-08432,LN-HM-08432,Mortgage,3120000.0
COL-08433,LN-HM-08433,None,0.0
COL-08434,LN-HM-08434,Hypothecation,2540000.0
COL-08435,LN-HM-08435,Mortgage,6000000.0
COL-08436,LN-HM-08436,Mortgage,8280000.0
COL-08437,LN-HM-08437,Mortgage,4770000.0
COL-08438,LN-HM-08438,Mortgage,2720000.0
COL-08439,LN-HM-08439,None,0.0
COL-08440,LN-HM-08440,Mortgage,1450000.0
COL-08441,LN-HM-08441,None,0.0
COL-08442,LN-HM-08442,Hypothecation,2510000.0
COL-08443,LN-HM-08443,None,0.0
COL-08444,LN-HM-08444,Mortgage,6260000.0
COL-08445,LN-HM-08445,Hypothecation,1570000.0
COL-08446,LN-HM-08446,Hypothecation,2160000.0
COL-08447,LN-HM-08447,Mortgage,1570000.0
COL-08448,LN-HM-08448,Hypothecation,3530000.0
COL-08449,LN-HM-08449,None,0.0
COL-08450,LN-HM-08450,None,0.0
COL-08451,LN-HM-08451,Mortgage,9590000.0
COL-08452,LN-HM-08452,Hypothecation,1320000.0
COL-08453,LN-HM-08453,None,0.0
COL-08454,LN-HM-08454,Mortgage,9930000.0
COL-08455,LN-HM-08455,Mortgage,5450000.0
COL-08456,LN-HM-08456,Mortgage,3030000.0
COL-08457,LN-HM-08457,None,0.0
COL-08458,LN-HM-08458,Hypothecation,2850000.0
COL-08459,LN-HM-08459,Mortgage,2160000.0
COL-08460,LN-HM-08460,None,0.0
COL-08461,LN-HM-08461,None,0.0
COL-08462,LN-HM-08462,Hypothecation,830000.0
COL-08463,LN-HM-08463,None,0.0
COL-08464,LN-HM-08464,None,0.0
COL-08465,LN-HM-08465,Mortgage,1150000.0
COL-08466,LN-HM-08466,Hypothecation,1020000.0
COL-08467,LN-HM-08467,Mortgage,2130000.0
COL-08468,LN-HM-08468,Mortgage,5200000.0
COL-08469,LN-HM-08469,Mortgage,13090000.0
COL-08470,LN-HM-08470,Mortgage,5180000.0
COL-08471,LN-HM-08471,None,0.0
COL-08472,LN-HM-08472,Hypothecation,2740000.0
COL-08473,LN-HM-08473,Mortgage,3910000.0
COL-08474,LN-HM-08474,Mortgage,3740000.0
COL-08475,LN-HM-08475,Mortgage,3640000.0
COL-08476,LN-HM-08476,Mortgage,4730000.0
COL-08477,LN-HM-08477,Mortgage,4200000.0
COL-08478,LN-HM-08478,Hypothecation,600000.0
COL-08479,LN-HM-08479,Mortgage,4320000.0
COL-08480,LN-HM-08480,Hypothecation,1460000.0
COL-08481,LN-HM-08481,Mortgage,4900000.0
COL-08482,LN-HM-08482,Mortgage,1000000.0
COL-08483,LN-HM-08483,Mortgage,4140000.0
COL-08484,LN-HM-08484,Mortgage,6020000.0
COL-08485,LN-HM-08485,None,0.0
COL-08486,LN-HM-08486,Mortgage,1450000.0
COL-08487,LN-HM-08487,Mortgage,1400000.0
COL-08488,LN-HM-08488,None,0.0
COL-08489,LN-HM-08489,Mortgage,3820000.0
COL-08490,LN-HM-08490,Hypothecation,910000.0
COL-08491,LN-HM-08491,None,0.0
COL-08492,LN-HM-08492,Mortgage,2060000.0
COL-08493,LN-HM-08493,Mortgage,1740000.0
COL-08494,LN-HM-08494,Hypothecation,360000.0
COL-08495,LN-HM-08495,Mortgage,1500000.0
COL-08496,LN-HM-08496,None,0.0
COL-08497,LN-HM-08497,None,0.0
COL-08498,LN-HM-08498,Hypothecation,1570000.0
COL-08499,LN-HM-08499,Mortgage,6070000.0
COL-08500,LN-HM-08500,None,0.0
COL-08501,LN-HM-08501,None,0.0
COL-08502,LN-HM-08502,None,0.0
COL-08503,LN-HM-08503,Mortgage,5740000.0
COL-08504,LN-HM-08504,Hypothecation,2410000.0
COL-08505,LN-HM-08505,None,0.0
COL-08506,LN-HM-08506,Mortgage,1810000.0
COL-08507,LN-HM-08507,Mortgage,4060000.0
COL-08508,LN-HM-08508,None,0.0
COL-08509,LN-HM-08509,Mortgage,8510000.0
COL-08510,LN-HM-08510,Hypothecation,1570000.0
COL-08511,LN-HM-08511,Mortgage,4660000.0
COL-08512,LN-HM-08512,None,0.0
COL-08513,LN-HM-08513,Mortgage,2840000.0
COL-08514,LN-HM-08514,Hypothecation,1350000.0
COL-08515,LN-HM-08515,Mortgage,19790000.0
COL-08516,LN-HM-08516,Mortgage,3710000.0
COL-08517,LN-HM-08517,Hypothecation,2020000.0
COL-08518,LN-HM-08518,None,0.0
COL-08519,LN-HM-08519,Mortgage,3280000.0
COL-08520,LN-HM-08520,Mortgage,5560000.0
COL-08521,LN-HM-08521,None,0.0
COL-08522,LN-HM-08522,Mortgage,11170000.0
COL-08523,LN-HM-08523,Mortgage,12730000.0
COL-08524,LN-HM-08524,Mortgage,6040000.0
COL-08525,LN-HM-08525,Mortgage,6570000.0
COL-08526,LN-HM-08526,Mortgage,3250000.0
COL-08527,LN-HM-08527,Mortgage,12170000.0
COL-08528,LN-HM-08528,Mortgage,2080000.0
COL-08529,LN-HM-08529,Mortgage,5820000.0
COL-08530,LN-HM-08530,Mortgage,2370000.0
COL-08531,LN-HM-08531,Hypothecation,1700000.0
COL-08532,LN-HM-08532,Mortgage,13480000.0
COL-08533,LN-HM-08533,Mortgage,6090000.0
COL-08534,LN-HM-08534,Hypothecation,2040000.0
COL-08535,LN-HM-08535,Mortgage,4160000.0
COL-08536,LN-HM-08536,Mortgage,4890000.0
COL-08537,LN-HM-08537,Mortgage,4550000.0
COL-08538,LN-HM-08538,Hypothecation,3180000.0
COL-08539,LN-HM-08539,Mortgage,7110000.0
COL-08540,LN-HM-08540,None,0.0
COL-08541,LN-HM-08541,Hypothecation,1580000.0
COL-08542,LN-HM-08542,Mortgage,15650000.0
COL-08543,LN-HM-08543,None,0.0
COL-08544,LN-HM-08544,None,0.0
COL-08545,LN-HM-08545,Hypothecation,900000.0
COL-08546,LN-HM-08546,None,0.0
COL-08547,LN-HM-08547,Hypothecation,1080000.0
COL-08548,LN-HM-08548,Mortgage,4430000.0
COL-08549,LN-HM-08549,None,0.0
COL-08550,LN-HM-08550,Mortgage,2410000.0
COL-08551,LN-HM-08551,Mortgage,1300000.0
COL-08552,LN-HM-08552,Mortgage,5460000.0
COL-08553,LN-HM-08553,Hypothecation,1030000.0
COL-08554,LN-HM-08554,Mortgage,2600000.0
COL-08555,LN-HM-08555,Mortgage,960000.0
COL-08556,LN-HM-08556,Mortgage,2460000.0
COL-08557,LN-HM-08557,Mortgage,4630000.0
COL-08558,LN-HM-08558,Hypothecation,970000.0
COL-08559,LN-HM-08559,None,0.0
COL-08560,LN-HM-08560,Mortgage,2610000.0
COL-08561,LN-HM-08561,Hypothecation,970000.0
COL-08562,LN-HM-08562,Mortgage,3450000.0
COL-08563,LN-HM-08563,Mortgage,3710000.0
COL-08564,LN-HM-08564,Hypothecation,1790000.0
COL-08565,LN-HM-08565,None,0.0
COL-08566,LN-HM-08566,Mortgage,5530000.0
COL-08567,LN-HM-08567,Mortgage,10550000.0
COL-08568,LN-HM-08568,Hypothecation,530000.0
COL-08569,LN-HM-08569,None,0.0
COL-08570,LN-HM-08570,Mortgage,7870000.0
COL-08571,LN-HM-08571,Mortgage,4000000.0
COL-08572,LN-HM-08572,Mortgage,5060000.0
COL-08573,LN-HM-08573,Mortgage,12970000.0
COL-08574,LN-HM-08574,Mortgage,16200000.0
COL-08575,LN-HM-08575,None,0.0
COL-08576,LN-HM-08576,Mortgage,6570000.0
COL-08577,LN-HM-08577,Mortgage,4090000.0
COL-08578,LN-HM-08578,None,0.0
COL-08579,LN-HM-08579,Hypothecation,590000.0
COL-08580,LN-HM-08580,None,0.0
COL-08581,LN-HM-08581,Hypothecation,1800000.0
COL-08582,LN-HM-08582,Hypothecation,1810000.0
COL-08583,LN-HM-08583,Mortgage,6560000.0
COL-08584,LN-HM-08584,None,0.0
COL-08585,LN-HM-08585,Mortgage,5050000.0
COL-08586,LN-HM-08586,Mortgage,5900000.0
COL-08587,LN-HM-08587,Mortgage,5390000.0
COL-08588,LN-HM-08588,None,0.0
COL-08589,LN-HM-08589,None,0.0
COL-08590,LN-HM-08590,None,0.0
COL-08591,LN-HM-08591,Hypothecation,1320000.0
COL-08592,LN-HM-08592,Mortgage,5920000.0
COL-08593,LN-HM-08593,None,0.0
COL-08594,LN-HM-08594,None,0.0
COL-08595,LN-HM-08595,Hypothecation,920000.0
COL-08596,LN-HM-08596,None,0.0
COL-08597,LN-HM-08597,None,0.0
COL-08598,LN-HM-08598,Mortgage,10260000.0
COL-08599,LN-HM-08599,Mortgage,1490000.0
COL-08600,LN-HM-08600,Hypothecation,1300000.0
COL-08601,LN-HM-08601,Mortgage,5020000.0
COL-08602,LN-HM-08602,None,0.0
COL-08603,LN-HM-08603,None,0.0
COL-08604,LN-HM-08604,Hypothecation,4500000.0
COL-08605,LN-HM-08605,None,0.0
COL-08606,LN-HM-08606,Mortgage,4920000.0
COL-08607,LN-HM-08607,Mortgage,5240000.0
COL-08608,LN-HM-08608,Hypothecation,3270000.0
COL-08609,LN-HM-08609,None,0.0
COL-08610,LN-HM-08610,None,0.0
COL-08611,LN-HM-08611,Mortgage,3860000.0
COL-08612,LN-HM-08612,Mortgage,6280000.0
COL-08613,LN-HM-08613,Mortgage,8920000.0
COL-08614,LN-HM-08614,Mortgage,5630000.0
COL-08615,LN-HM-08615,Mortgage,5230000.0
COL-08616,LN-HM-08616,Mortgage,4440000.0
COL-08617,LN-HM-08617,Mortgage,10780000.0
COL-08618,LN-HM-08618,None,0.0
COL-08619,LN-HM-08619,None,0.0
COL-08620,LN-HM-08620,Mortgage,4140000.0
COL-08621,LN-HM-08621,Mortgage,2870000.0
COL-08622,LN-HM-08622,None,0.0
COL-08623,LN-HM-08623,Mortgage,11050000.0
COL-08624,LN-HM-08624,Mortgage,3100000.0
COL-08625,LN-HM-08625,None,0.0
COL-08626,LN-HM-08626,Mortgage,3890000.0
COL-08627,LN-HM-08627,Mortgage,4220000.0
COL-08628,LN-HM-08628,Mortgage,2620000.0
COL-08629,LN-HM-08629,Hypothecation,1000000.0
COL-08630,LN-HM-08630,Mortgage,2900000.0
COL-08631,LN-HM-08631,Hypothecation,770000.0
COL-08632,LN-HM-08632,Mortgage,2800000.0
COL-08633,LN-HM-08633,Mortgage,5740000.0
COL-08634,LN-HM-08634,Hypothecation,400000.0
COL-08635,LN-HM-08635,Hypothecation,670000.0
COL-08636,LN-HM-08636,Hypothecation,1750000.0
COL-08637,LN-HM-08637,Mortgage,10600000.0
COL-08638,LN-HM-08638,Hypothecation,1200000.0
COL-08639,LN-HM-08639,Mortgage,3750000.0
COL-08640,LN-HM-08640,Mortgage,3530000.0
COL-08641,LN-HM-08641,Mortgage,1990000.0
COL-08642,LN-HM-08642,Mortgage,3910000.0
COL-08643,LN-HM-08643,Mortgage,4550000.0
COL-08644,LN-HM-08644,Mortgage,7340000.0
COL-08645,LN-HM-08645,None,0.0
COL-08646,LN-HM-08646,None,0.0
COL-08647,LN-HM-08647,Mortgage,1660000.0
COL-08648,LN-HM-08648,Mortgage,8390000.0
COL-08649,LN-HM-08649,Mortgage,2120000.0
COL-08650,LN-HM-08650,None,0.0
COL-08651,LN-HM-08651,Hypothecation,1390000.0
COL-08652,LN-HM-08652,None,0.0
COL-08653,LN-HM-08653,Mortgage,12230000.0
COL-08654,LN-HM-08654,Hypothecation,3920000.0
COL-08655,LN-HM-08655,None,0.0
COL-08656,LN-HM-08656,Hypothecation,510000.0
COL-08657,LN-HM-08657,Mortgage,3580000.0
COL-08658,LN-HM-08658,Mortgage,2350000.0
COL-08659,LN-HM-08659,Hypothecation,610000.0
COL-08660,LN-HM-08660,Hypothecation,1520000.0
COL-08661,LN-HM-08661,None,0.0
COL-08662,LN-HM-08662,Mortgage,1570000.0
COL-08663,LN-HM-08663,None,0.0
COL-08664,LN-HM-08664,Mortgage,9560000.0
COL-08665,LN-HM-08665,Mortgage,3800000.0
COL-08666,LN-HM-08666,None,0.0
COL-08667,LN-HM-08667,None,0.0
COL-08668,LN-HM-08668,Hypothecation,1190000.0
COL-08669,LN-HM-08669,None,0.0
COL-08670,LN-HM-08670,Hypothecation,1660000.0
COL-08671,LN-HM-08671,Mortgage,7550000.0
COL-08672,LN-HM-08672,Mortgage,2230000.0
COL-08673,LN-HM-08673,Hypothecation,860000.0
COL-08674,LN-HM-08674,Mortgage,11490000.0
COL-08675,LN-HM-08675,Mortgage,6190000.0
COL-08676,LN-HM-08676,Mortgage,4780000.0
COL-08677,LN-HM-08677,None,0.0
COL-08678,LN-HM-08678,Hypothecation,530000.0
COL-08679,LN-HM-08679,Mortgage,2580000.0
COL-08680,LN-HM-08680,Mortgage,1250000.0
COL-08681,LN-HM-08681,Hypothecation,2200000.0
COL-08682,LN-HM-08682,Mortgage,2740000.0
COL-08683,LN-HM-08683,None,0.0
COL-08684,LN-HM-08684,Mortgage,2950000.0
COL-08685,LN-HM-08685,Mortgage,20770000.0
COL-08686,LN-HM-08686,Mortgage,3330000.0
COL-08687,LN-HM-08687,None,0.0
COL-08688,LN-HM-08688,None,0.0
COL-08689,LN-HM-08689,None,0.0
COL-08690,LN-HM-08690,None,0.0
COL-08691,LN-HM-08691,None,0.0
COL-08692,LN-HM-08692,Mortgage,3350000.0
COL-08693,LN-HM-08693,None,0.0
COL-08694,LN-HM-08694,None,0.0
COL-08695,LN-HM-08695,Mortgage,4010000.0
COL-08696,LN-HM-08696,Mortgage,5330000.0
COL-08697,LN-HM-08697,None,0.0
COL-08698,LN-HM-08698,Mortgage,2710000.0
COL-08699,LN-HM-08699,Hypothecation,730000.0
COL-08700,LN-HM-08700,None,0.0
COL-08701,LN-HM-08701,Mortgage,1670000.0
COL-08702,LN-HM-08702,Mortgage,5450000.0
COL-08703,LN-HM-08703,Hypothecation,820000.0
COL-08704,LN-HM-08704,Hypothecation,3450000.0
COL-08705,LN-HM-08705,Mortgage,2070000.0
COL-08706,LN-HM-08706,Hypothecation,1410000.0
COL-08707,LN-HM-08707,Hypothecation,4120000.0
COL-08708,LN-HM-08708,Mortgage,5100000.0
COL-08709,LN-HM-08709,Mortgage,5320000.0
COL-08710,LN-HM-08710,Mortgage,5950000.0
COL-08711,LN-HM-08711,Mortgage,2840000.0
COL-08712,LN-HM-08712,None,0.0
COL-08713,LN-HM-08713,Mortgage,3480000.0
COL-08714,LN-HM-08714,None,0.0
COL-08715,LN-HM-08715,Hypothecation,1860000.0
COL-08716,LN-HM-08716,None,0.0
COL-08717,LN-HM-08717,Mortgage,4450000.0
COL-08718,LN-HM-08718,None,0.0
COL-08719,LN-HM-08719,None,0.0
COL-08720,LN-HM-08720,None,0.0
COL-08721,LN-HM-08721,Hypothecation,1750000.0
COL-08722,LN-HM-08722,Mortgage,7260000.0
COL-08723,LN-HM-08723,Mortgage,2160000.0
COL-08724,LN-HM-08724,Hypothecation,1440000.0
COL-08725,LN-HM-08725,Mortgage,1980000.0
COL-08726,LN-HM-08726,Mortgage,7160000.0
COL-08727,LN-HM-08727,Mortgage,2670000.0
COL-08728,LN-HM-08728,Mortgage,2750000.0
COL-08729,LN-HM-08729,Mortgage,3200000.0
COL-08730,LN-HM-08730,Mortgage,4220000.0
COL-08731,LN-HM-08731,Mortgage,8000000.0
COL-08732,LN-HM-08732,Mortgage,2740000.0
COL-08733,LN-HM-08733,None,0.0
COL-08734,LN-HM-08734,Mortgage,10850000.0
COL-08735,LN-HM-08735,None,0.0
COL-08736,LN-HM-08736,Mortgage,4270000.0
COL-08737,LN-HM-08737,Mortgage,1300000.0
COL-08738,LN-HM-08738,Hypothecation,690000.0
COL-08739,LN-HM-08739,Mortgage,3100000.0
COL-08740,LN-HM-08740,None,0.0
COL-08741,LN-HM-08741,None,0.0
COL-08742,LN-HM-08742,None,0.0
COL-08743,LN-HM-08743,Mortgage,910000.0
COL-08744,LN-HM-08744,Hypothecation,710000.0
COL-08745,LN-HM-08745,Mortgage,4330000.0
COL-08746,LN-HM-08746,Mortgage,2900000.0
COL-08747,LN-HM-08747,None,0.0
COL-08748,LN-HM-08748,Mortgage,6550000.0
COL-08749,LN-HM-08749,Mortgage,2880000.0
COL-08750,LN-HM-08750,None,0.0
COL-08751,LN-HM-08751,Hypothecation,1090000.0
COL-08752,LN-HM-08752,Mortgage,2550000.0
COL-08753,LN-HM-08753,Hypothecation,3110000.0
COL-08754,LN-HM-08754,None,0.0
COL-08755,LN-HM-08755,Mortgage,4130000.0
COL-08756,LN-HM-08756,None,0.0
COL-08757,LN-HM-08757,Mortgage,2510000.0
COL-08758,LN-HM-08758,Hypothecation,1510000.0
COL-08759,LN-HM-08759,Mortgage,5250000.0
COL-08760,LN-HM-08760,Hypothecation,6210000.0
COL-08761,LN-HM-08761,Mortgage,2380000.0
COL-08762,LN-HM-08762,Mortgage,2290000.0
COL-08763,LN-HM-08763,Hypothecation,500000.0
COL-08764,LN-HM-08764,Hypothecation,1150000.0
COL-08765,LN-HM-08765,Mortgage,970000.0
COL-08766,LN-HM-08766,Mortgage,8960000.0
COL-08767,LN-HM-08767,Mortgage,7600000.0
COL-08768,LN-HM-08768,None,0.0
COL-08769,LN-HM-08769,Mortgage,2440000.0
COL-08770,LN-HM-08770,Mortgage,1570000.0
COL-08771,LN-HM-08771,None,0.0
COL-08772,LN-HM-08772,Hypothecation,2980000.0
COL-08773,LN-HM-08773,Hypothecation,700000.0
COL-08774,LN-HM-08774,Hypothecation,3800000.0
COL-08775,LN-HM-08775,Mortgage,7570000.0
COL-08776,LN-HM-08776,None,0.0
COL-08777,LN-HM-08777,None,0.0
COL-08778,LN-HM-08778,Mortgage,2600000.0
COL-08779,LN-HM-08779,Mortgage,11070000.0
COL-08780,LN-HM-08780,Mortgage,2180000.0
COL-08781,LN-HM-08781,None,0.0
COL-08782,LN-HM-08782,None,0.0
COL-08783,LN-HM-08783,Mortgage,7800000.0
COL-08784,LN-HM-08784,None,0.0
COL-08785,LN-HM-08785,Mortgage,3200000.0
COL-08786,LN-HM-08786,Mortgage,3200000.0
COL-08787,LN-HM-08787,None,0.0
COL-08788,LN-HM-08788,Mortgage,9040000.0
COL-08789,LN-HM-08789,None,0.0
COL-08790,LN-HM-08790,Hypothecation,1330000.0
COL-08791,LN-HM-08791,None,0.0
COL-08792,LN-HM-08792,Hypothecation,1840000.0
COL-08793,LN-HM-08793,Mortgage,9360000.0
COL-08794,LN-HM-08794,None,0.0
COL-08795,LN-HM-08795,Mortgage,5850000.0
COL-08796,LN-HM-08796,Hypothecation,1000000.0
COL-08797,LN-HM-08797,Mortgage,3250000.0
COL-08798,LN-HM-08798,Mortgage,6410000.0
COL-08799,LN-HM-08799,Mortgage,3940000.0
COL-08800,LN-HM-08800,Hypothecation,1320000.0
COL-08801,LN-HM-08801,Mortgage,21840000.0
COL-08802,LN-HM-08802,None,0.0
COL-08803,LN-HM-08803,None,0.0
COL-08804,LN-HM-08804,Hypothecation,2340000.0
COL-08805,LN-HM-08805,None,0.0
COL-08806,LN-HM-08806,Mortgage,1750000.0
COL-08807,LN-HM-08807,None,0.0
COL-08808,LN-HM-08808,None,0.0
COL-08809,LN-HM-08809,None,0.0
COL-08810,LN-HM-08810,Mortgage,1830000.0
COL-08811,LN-HM-08811,Hypothecation,2670000.0
COL-08812,LN-HM-08812,Mortgage,2650000.0
COL-08813,LN-HM-08813,Hypothecation,2710000.0
COL-08814,LN-HM-08814,None,0.0
COL-08815,LN-HM-08815,Hypothecation,2410000.0
COL-08816,LN-HM-08816,None,0.0
COL-08817,LN-HM-08817,None,0.0
COL-08818,LN-HM-08818,Hypothecation,1270000.0
COL-08819,LN-HM-08819,Mortgage,6190000.0
COL-08820,LN-HM-08820,Hypothecation,1880000.0
COL-08821,LN-HM-08821,None,0.0
COL-08822,LN-HM-08822,None,0.0
COL-08823,LN-HM-08823,None,0.0
COL-08824,LN-HM-08824,Hypothecation,500000.0
COL-08825,LN-HM-08825,Mortgage,3830000.0
COL-08826,LN-HM-08826,Hypothecation,920000.0
COL-08827,LN-HM-08827,Mortgage,1780000.0
COL-08828,LN-HM-08828,Hypothecation,1710000.0
COL-08829,LN-HM-08829,None,0.0
COL-08830,LN-HM-08830,Mortgage,3100000.0
COL-08831,LN-HM-08831,Mortgage,6190000.0
COL-08832,LN-HM-08832,Mortgage,2890000.0
COL-08833,LN-HM-08833,Mortgage,2760000.0
COL-08834,LN-HM-08834,None,0.0
COL-08835,LN-HM-08835,None,0.0
COL-08836,LN-HM-08836,Mortgage,4490000.0
COL-08837,LN-HM-08837,Mortgage,5680000.0
COL-08838,LN-HM-08838,Hypothecation,2330000.0
COL-08839,LN-HM-08839,Mortgage,2790000.0
COL-08840,LN-HM-08840,Hypothecation,530000.0
COL-08841,LN-HM-08841,Mortgage,1600000.0
COL-08842,LN-HM-08842,None,0.0
COL-08843,LN-HM-08843,None,0.0
COL-08844,LN-HM-08844,Mortgage,11560000.0
COL-08845,LN-HM-08845,Mortgage,2200000.0
COL-08846,LN-HM-08846,Mortgage,7740000.0
COL-08847,LN-HM-08847,Mortgage,16760000.0
COL-08848,LN-HM-08848,Mortgage,4370000.0
COL-08849,LN-HM-08849,None,0.0
COL-08850,LN-HM-08850,Hypothecation,5000000.0
COL-08851,LN-HM-08851,None,0.0
COL-08852,LN-HM-08852,Mortgage,3590000.0
COL-08853,LN-HM-08853,Hypothecation,2450000.0
COL-08854,LN-HM-08854,Mortgage,9420000.0
COL-08855,LN-HM-08855,None,0.0
COL-08856,LN-HM-08856,Hypothecation,600000.0
COL-08857,LN-HM-08857,None,0.0
COL-08858,LN-HM-08858,Mortgage,9450000.0
COL-08859,LN-HM-08859,None,0.0
COL-08860,LN-HM-08860,None,0.0
COL-08861,LN-HM-08861,Mortgage,4550000.0
COL-08862,LN-HM-08862,None,0.0
COL-08863,LN-HM-08863,None,0.0
COL-08864,LN-HM-08864,Mortgage,9070000.0
COL-08865,LN-HM-08865,Mortgage,3260000.0
COL-08866,LN-HM-08866,Hypothecation,780000.0
COL-08867,LN-HM-08867,None,0.0
COL-08868,LN-HM-08868,Mortgage,3400000.0
COL-08869,LN-HM-08869,None,0.0
COL-08870,LN-HM-08870,None,0.0
COL-08871,LN-HM-08871,Hypothecation,920000.0
COL-08872,LN-HM-08872,Hypothecation,1130000.0
COL-08873,LN-HM-08873,None,0.0
COL-08874,LN-HM-08874,Mortgage,8300000.0
COL-08875,LN-HM-08875,None,0.0
COL-08876,LN-HM-08876,Mortgage,3740000.0
COL-08877,LN-HM-08877,None,0.0
COL-08878,LN-HM-08878,Mortgage,4750000.0
COL-08879,LN-HM-08879,Mortgage,4870000.0
COL-08880,LN-HM-08880,Hypothecation,2070000.0
COL-08881,LN-HM-08881,None,0.0
COL-08882,LN-HM-08882,Mortgage,4140000.0
COL-08883,LN-HM-08883,Mortgage,1680000.0
COL-08884,LN-HM-08884,Mortgage,7270000.0
COL-08885,LN-HM-08885,Hypothecation,1300000.0
COL-08886,LN-HM-08886,Mortgage,7100000.0
COL-08887,LN-HM-08887,Hypothecation,1200000.0
COL-08888,LN-HM-08888,Hypothecation,2200000.0
COL-08889,LN-HM-08889,Mortgage,7190000.0
COL-08890,LN-HM-08890,Mortgage,3410000.0
COL-08891,LN-HM-08891,Mortgage,2310000.0
COL-08892,LN-HM-08892,None,0.0
COL-08893,LN-HM-08893,Mortgage,4610000.0
COL-08894,LN-HM-08894,None,0.0
COL-08895,LN-HM-08895,Hypothecation,1160000.0
COL-08896,LN-HM-08896,Mortgage,3740000.0
COL-08897,LN-HM-08897,None,0.0
COL-08898,LN-HM-08898,Hypothecation,2190000.0
COL-08899,LN-HM-08899,Mortgage,2210000.0
COL-08900,LN-HM-08900,None,0.0
COL-08901,LN-HM-08901,Mortgage,2680000.0
COL-08902,LN-HM-08902,Mortgage,5870000.0
COL-08903,LN-HM-08903,Mortgage,4960000.0
COL-08904,LN-HM-08904,Hypothecation,1040000.0
COL-08905,LN-HM-08905,None,0.0
COL-08906,LN-HM-08906,Mortgage,4400000.0
COL-08907,LN-HM-08907,Mortgage,6330000.0
COL-08908,LN-HM-08908,Mortgage,5020000.0
COL-08909,LN-HM-08909,None,0.0
COL-08910,LN-HM-08910,Hypothecation,1260000.0
COL-08911,LN-HM-08911,Mortgage,2870000.0
COL-08912,LN-HM-08912,Mortgage,7230000.0
COL-08913,LN-HM-08913,None,0.0
COL-08914,LN-HM-08914,Mortgage,13680000.0
COL-08915,LN-HM-08915,Hypothecation,1320000.0
COL-08916,LN-HM-08916,Hypothecation,1420000.0
COL-08917,LN-HM-08917,None,0.0
COL-08918,LN-HM-08918,Hypothecation,1930000.0
COL-08919,LN-HM-08919,Mortgage,2270000.0
COL-08920,LN-HM-08920,Mortgage,12940000.0
COL-08921,LN-HM-08921,Mortgage,4750000.0
COL-08922,LN-HM-08922,Mortgage,8210000.0
COL-08923,LN-HM-08923,Hypothecation,880000.0
COL-08924,LN-HM-08924,None,0.0
COL-08925,LN-HM-08925,Mortgage,1950000.0
COL-08926,LN-HM-08926,Mortgage,7050000.0
COL-08927,LN-HM-08927,None,0.0
COL-08928,LN-HM-08928,Mortgage,4890000.0
COL-08929,LN-HM-08929,Hypothecation,960000.0
COL-08930,LN-HM-08930,Hypothecation,650000.0
COL-08931,LN-HM-08931,Mortgage,1750000.0
COL-08932,LN-HM-08932,None,0.0
COL-08933,LN-HM-08933,Hypothecation,1000000.0
COL-08934,LN-HM-08934,None,0.0
COL-08935,LN-HM-08935,Mortgage,3750000.0
COL-08936,LN-HM-08936,Mortgage,7630000.0
COL-08937,LN-HM-08937,Mortgage,5810000.0
COL-08938,LN-HM-08938,None,0.0
COL-08939,LN-HM-08939,Mortgage,5380000.0
COL-08940,LN-HM-08940,None,0.0
COL-08941,LN-HM-08941,Mortgage,1610000.0
COL-08942,LN-HM-08942,Mortgage,4860000.0
COL-08943,LN-HM-08943,None,0.0
COL-08944,LN-HM-08944,Mortgage,7750000.0
COL-08945,LN-HM-08945,None,0.0
COL-08946,LN-HM-08946,Mortgage,1620000.0
COL-08947,LN-HM-08947,Mortgage,7550000.0
COL-08948,LN-HM-08948,Mortgage,1990000.0
COL-08949,LN-HM-08949,None,0.0
COL-08950,LN-HM-08950,Mortgage,7590000.0
COL-08951,LN-HM-08951,None,0.0
COL-08952,LN-HM-08952,Mortgage,6690000.0
COL-08953,LN-HM-08953,None,0.0
COL-08954,LN-HM-08954,None,0.0
COL-08955,LN-HM-08955,Hypothecation,1320000.0
COL-08956,LN-HM-08956,None,0.0
COL-08957,LN-HM-08957,Mortgage,3700000.0
COL-08958,LN-HM-08958,Mortgage,14590000.0
COL-08959,LN-HM-08959,Mortgage,9410000.0
COL-08960,LN-HM-08960,Mortgage,1370000.0
COL-08961,LN-HM-08961,Mortgage,7150000.0
COL-08962,LN-HM-08962,Hypothecation,880000.0
COL-08963,LN-HM-08963,None,0.0
COL-08964,LN-HM-08964,Mortgage,1350000.0
COL-08965,LN-HM-08965,None,0.0
COL-08966,LN-HM-08966,Mortgage,1750000.0
COL-08967,LN-HM-08967,Hypothecation,1040000.0
COL-08968,LN-HM-08968,Mortgage,3700000.0
COL-08969,LN-HM-08969,None,0.0
COL-08970,LN-HM-08970,Mortgage,2080000.0
COL-08971,LN-HM-08971,None,0.0
COL-08972,LN-HM-08972,None,0.0
COL-08973,LN-HM-08973,Mortgage,4810000.0
COL-08974,LN-HM-08974,Mortgage,15390000.0
COL-08975,LN-HM-08975,None,0.0
COL-08976,LN-HM-08976,Mortgage,3290000.0
COL-08977,LN-HM-08977,None,0.0
COL-08978,LN-HM-08978,Hypothecation,670000.0
COL-08979,LN-HM-08979,Mortgage,2010000.0
COL-08980,LN-HM-08980,Mortgage,1380000.0
COL-08981,LN-HM-08981,None,0.0
COL-08982,LN-HM-08982,Hypothecation,2140000.0
COL-08983,LN-HM-08983,Mortgage,6170000.0
COL-08984,LN-HM-08984,Mortgage,5530000.0
COL-08985,LN-HM-08985,Mortgage,7300000.0
COL-08986,LN-HM-08986,Mortgage,2600000.0
COL-08987,LN-HM-08987,None,0.0
COL-08988,LN-HM-08988,Mortgage,4480000.0
COL-08989,LN-HM-08989,None,0.0
COL-08990,LN-HM-08990,Mortgage,6900000.0
COL-08991,LN-HM-08991,Mortgage,4720000.0
COL-08992,LN-HM-08992,Hypothecation,3800000.0
COL-08993,LN-HM-08993,Mortgage,13920000.0
COL-08994,LN-HM-08994,Hypothecation,1580000.0
COL-08995,LN-HM-08995,None,0.0
COL-08996,LN-HM-08996,Mortgage,3650000.0
COL-08997,LN-HM-08997,Hypothecation,500000.0
COL-08998,LN-HM-08998,Mortgage,8870000.0
COL-08999,LN-HM-08999,None,0.0
COL-09000,LN-HM-09000,Mortgage,1500000.0
COL-09001,LN-HM-09001,None,0.0
COL-09002,LN-HM-09002,Mortgage,4100000.0
COL-09003,LN-HM-09003,Mortgage,4640000.0
COL-09004,LN-HM-09004,None,0.0
COL-09005,LN-HM-09005,Hypothecation,910000.0
COL-09006,LN-HM-09006,Mortgage,3250000.0
COL-09007,LN-HM-09007,Mortgage,4770000.0
COL-09008,LN-HM-09008,Mortgage,2970000.0
COL-09009,LN-HM-09009,Hypothecation,770000.0
COL-09010,LN-HM-09010,None,0.0
COL-09011,LN-HM-09011,None,0.0
COL-09012,LN-HM-09012,None,0.0
COL-09013,LN-HM-09013,None,0.0
COL-09014,LN-HM-09014,None,0.0
COL-09015,LN-HM-09015,None,0.0
COL-09016,LN-HM-09016,Mortgage,1010000.0
COL-09017,LN-HM-09017,Mortgage,4100000.0
COL-09018,LN-HM-09018,None,0.0
COL-09019,LN-HM-09019,Mortgage,2300000.0
COL-09020,LN-HM-09020,Mortgage,4240000.0
COL-09021,LN-HM-09021,Mortgage,3860000.0
COL-09022,LN-HM-09022,None,0.0
COL-09023,LN-HM-09023,Mortgage,4530000.0
COL-09024,LN-HM-09024,None,0.0
COL-09025,LN-HM-09025,None,0.0
COL-09026,LN-HM-09026,Mortgage,30180000.0
COL-09027,LN-HM-09027,None,0.0
COL-09028,LN-HM-09028,Mortgage,15930000.0
COL-09029,LN-HM-09029,Hypothecation,930000.0
COL-09030,LN-HM-09030,Mortgage,6490000.0
COL-09031,LN-HM-09031,Mortgage,2810000.0
COL-09032,LN-HM-09032,Hypothecation,980000.0
COL-09033,LN-HM-09033,Hypothecation,1360000.0
COL-09034,LN-HM-09034,Mortgage,2240000.0
COL-09035,LN-HM-09035,Hypothecation,700000.0
COL-09036,LN-HM-09036,Hypothecation,1920000.0
COL-09037,LN-HM-09037,Hypothecation,820000.0
COL-09038,LN-HM-09038,Mortgage,5080000.0
COL-09039,LN-HM-09039,Mortgage,2650000.0
COL-09040,LN-HM-09040,Mortgage,3900000.0
COL-09041,LN-HM-09041,Mortgage,3420000.0
COL-09042,LN-HM-09042,Mortgage,10620000.0
COL-09043,LN-HM-09043,Hypothecation,810000.0
COL-09044,LN-HM-09044,Mortgage,3310000.0
COL-09045,LN-HM-09045,Mortgage,12080000.0
COL-09046,LN-HM-09046,None,0.0
COL-09047,LN-HM-09047,Mortgage,3000000.0
COL-09048,LN-HM-09048,Mortgage,2130000.0
COL-09049,LN-HM-09049,Hypothecation,1740000.0
COL-09050,LN-HM-09050,Mortgage,1900000.0
COL-09051,LN-HM-09051,Hypothecation,2780000.0
COL-09052,LN-HM-09052,None,0.0
COL-09053,LN-HM-09053,Hypothecation,2620000.0
COL-09054,LN-HM-09054,Mortgage,7600000.0
COL-09055,LN-HM-09055,Hypothecation,750000.0
COL-09056,LN-HM-09056,None,0.0
COL-09057,LN-HM-09057,Mortgage,2710000.0
COL-09058,LN-HM-09058,None,0.0
COL-09059,LN-HM-09059,Mortgage,7090000.0
COL-09060,LN-HM-09060,None,0.0
COL-09061,LN-HM-09061,Mortgage,3570000.0
COL-09062,LN-HM-09062,Mortgage,2800000.0
COL-09063,LN-HM-09063,Hypothecation,720000.0
COL-09064,LN-HM-09064,Mortgage,8170000.0
COL-09065,LN-HM-09065,Hypothecation,1260000.0
COL-09066,LN-HM-09066,None,0.0
COL-09067,LN-HM-09067,Mortgage,4280000.0
COL-09068,LN-HM-09068,Mortgage,11990000.0
COL-09069,LN-HM-09069,None,0.0
COL-09070,LN-HM-09070,Hypothecation,1290000.0
COL-09071,LN-HM-09071,None,0.0
COL-09072,LN-HM-09072,Mortgage,2690000.0
COL-09073,LN-HM-09073,Mortgage,1910000.0
COL-09074,LN-HM-09074,Mortgage,8360000.0
COL-09075,LN-HM-09075,Hypothecation,3240000.0
COL-09076,LN-HM-09076,None,0.0
COL-09077,LN-HM-09077,Hypothecation,1840000.0
COL-09078,LN-HM-09078,Hypothecation,1300000.0
COL-09079,LN-HM-09079,Mortgage,1860000.0
COL-09080,LN-HM-09080,Mortgage,4890000.0
COL-09081,LN-HM-09081,Mortgage,4020000.0
COL-09082,LN-HM-09082,Mortgage,2520000.0
COL-09083,LN-HM-09083,Mortgage,5380000.0
COL-09084,LN-HM-09084,Hypothecation,550000.0
COL-09085,LN-HM-09085,Mortgage,5990000.0
COL-09086,LN-HM-09086,Hypothecation,850000.0
COL-09087,LN-HM-09087,Mortgage,4100000.0
COL-09088,LN-HM-09088,None,0.0
COL-09089,LN-HM-09089,Mortgage,2400000.0
COL-09090,LN-HM-09090,Hypothecation,2990000.0
COL-09091,LN-HM-09091,Mortgage,1170000.0
COL-09092,LN-HM-09092,Mortgage,8200000.0
COL-09093,LN-HM-09093,Mortgage,4330000.0
COL-09094,LN-HM-09094,None,0.0
COL-09095,LN-HM-09095,Mortgage,5760000.0
COL-09096,LN-HM-09096,None,0.0
COL-09097,LN-HM-09097,Mortgage,4910000.0
COL-09098,LN-HM-09098,Mortgage,3630000.0
COL-09099,LN-HM-09099,None,0.0
COL-09100,LN-HM-09100,Mortgage,3270000.0
COL-09101,LN-HM-09101,Mortgage,8840000.0
COL-09102,LN-HM-09102,Mortgage,6140000.0
COL-09103,LN-HM-09103,Mortgage,2750000.0
COL-09104,LN-HM-09104,Mortgage,4500000.0
COL-09105,LN-HM-09105,Mortgage,4690000.0
COL-09106,LN-HM-09106,Hypothecation,580000.0
COL-09107,LN-HM-09107,None,0.0
COL-09108,LN-HM-09108,Hypothecation,780000.0
COL-09109,LN-HM-09109,Mortgage,1880000.0
COL-09110,LN-HM-09110,None,0.0
COL-09111,LN-HM-09111,None,0.0
COL-09112,LN-HM-09112,Mortgage,1990000.0
COL-09113,LN-HM-09113,Hypothecation,1350000.0
COL-09114,LN-HM-09114,Hypothecation,1560000.0
COL-09115,LN-HM-09115,Mortgage,3250000.0
COL-09116,LN-HM-09116,Hypothecation,2340000.0
COL-09117,LN-HM-09117,Mortgage,8070000.0
COL-09118,LN-HM-09118,Mortgage,4000000.0
COL-09119,LN-HM-09119,Mortgage,12690000.0
COL-09120,LN-HM-09120,Hypothecation,5360000.0
COL-09121,LN-HM-09121,Hypothecation,1140000.0
COL-09122,LN-HM-09122,Hypothecation,890000.0
COL-09123,LN-HM-09123,Mortgage,2770000.0
COL-09124,LN-HM-09124,Mortgage,5480000.0
COL-09125,LN-HM-09125,Mortgage,11120000.0
COL-09126,LN-HM-09126,Mortgage,2320000.0
COL-09127,LN-HM-09127,Mortgage,4060000.0
COL-09128,LN-HM-09128,None,0.0
COL-09129,LN-HM-09129,Mortgage,3350000.0
COL-09130,LN-HM-09130,Mortgage,2450000.0
COL-09131,LN-HM-09131,Mortgage,1910000.0
COL-09132,LN-HM-09132,Mortgage,8810000.0
COL-09133,LN-HM-09133,Mortgage,8560000.0
COL-09134,LN-HM-09134,Mortgage,3620000.0
COL-09135,LN-HM-09135,Mortgage,7840000.0
COL-09136,LN-HM-09136,Mortgage,2340000.0
COL-09137,LN-HM-09137,None,0.0
COL-09138,LN-HM-09138,None,0.0
COL-09139,LN-HM-09139,Mortgage,11710000.0
COL-09140,LN-HM-09140,Hypothecation,1010000.0
COL-09141,LN-HM-09141,Mortgage,6370000.0
COL-09142,LN-HM-09142,Mortgage,4490000.0
COL-09143,LN-HM-09143,None,0.0
COL-09144,LN-HM-09144,None,0.0
COL-09145,LN-HM-09145,None,0.0
COL-09146,LN-HM-09146,Hypothecation,2290000.0
COL-09147,LN-HM-09147,None,0.0
COL-09148,LN-HM-09148,Hypothecation,630000.0
COL-09149,LN-HM-09149,Mortgage,3980000.0
COL-09150,LN-HM-09150,Hypothecation,3500000.0
COL-09151,LN-HM-09151,None,0.0
COL-09152,LN-HM-09152,None,0.0
COL-09153,LN-HM-09153,None,0.0
COL-09154,LN-HM-09154,Hypothecation,390000.0
COL-09155,LN-HM-09155,Mortgage,1810000.0
COL-09156,LN-HM-09156,None,0.0
COL-09157,LN-HM-09157,Hypothecation,1240000.0
COL-09158,LN-HM-09158,Mortgage,8870000.0
COL-09159,LN-HM-09159,Mortgage,9600000.0
COL-09160,LN-HM-09160,Hypothecation,640000.0
COL-09161,LN-HM-09161,Hypothecation,3040000.0
COL-09162,LN-HM-09162,None,0.0
COL-09163,LN-HM-09163,Mortgage,7470000.0
COL-09164,LN-HM-09164,None,0.0
COL-09165,LN-HM-09165,None,0.0
COL-09166,LN-HM-09166,Mortgage,5470000.0
COL-09167,LN-HM-09167,Hypothecation,1320000.0
COL-09168,LN-HM-09168,None,0.0
COL-09169,LN-HM-09169,Mortgage,3990000.0
COL-09170,LN-HM-09170,Mortgage,3880000.0
COL-09171,LN-HM-09171,Mortgage,2940000.0
COL-09172,LN-HM-09172,Hypothecation,2450000.0
COL-09173,LN-HM-09173,Hypothecation,760000.0
COL-09174,LN-HM-09174,Mortgage,3440000.0
COL-09175,LN-HM-09175,Mortgage,4460000.0
COL-09176,LN-HM-09176,Mortgage,3210000.0
COL-09177,LN-HM-09177,None,0.0
COL-09178,LN-HM-09178,None,0.0
COL-09179,LN-HM-09179,Mortgage,12030000.0
COL-09180,LN-HM-09180,Mortgage,7860000.0
COL-09181,LN-HM-09181,None,0.0
COL-09182,LN-HM-09182,None,0.0
COL-09183,LN-HM-09183,Mortgage,2670000.0
COL-09184,LN-HM-09184,Hypothecation,1700000.0
COL-09185,LN-HM-09185,Mortgage,5460000.0
COL-09186,LN-HM-09186,None,0.0
COL-09187,LN-HM-09187,None,0.0
COL-09188,LN-HM-09188,None,0.0
COL-09189,LN-HM-09189,Mortgage,3220000.0
COL-09190,LN-HM-09190,Mortgage,7470000.0
COL-09191,LN-HM-09191,Hypothecation,1170000.0
COL-09192,LN-HM-09192,Mortgage,3400000.0
COL-09193,LN-HM-09193,None,0.0
COL-09194,LN-HM-09194,Mortgage,5030000.0
COL-09195,LN-HM-09195,Hypothecation,2080000.0
COL-09196,LN-HM-09196,Hypothecation,2480000.0
COL-09197,LN-HM-09197,None,0.0
COL-09198,LN-HM-09198,Hypothecation,580000.0
COL-09199,LN-HM-09199,None,0.0
COL-09200,LN-HM-09200,None,0.0
COL-09201,LN-HM-09201,None,0.0
COL-09202,LN-HM-09202,Mortgage,3650000.0
COL-09203,LN-HM-09203,Mortgage,9920000.0
COL-09204,LN-HM-09204,None,0.0
COL-09205,LN-HM-09205,Mortgage,3520000.0
COL-09206,LN-HM-09206,None,0.0
COL-09207,LN-HM-09207,None,0.0
COL-09208,LN-HM-09208,Mortgage,3770000.0
COL-09209,LN-HM-09209,Mortgage,1620000.0
COL-09210,LN-HM-09210,None,0.0
COL-09211,LN-HM-09211,Mortgage,8080000.0
COL-09212,LN-HM-09212,Mortgage,7890000.0
COL-09213,LN-HM-09213,None,0.0
COL-09214,LN-HM-09214,Mortgage,3120000.0
COL-09215,LN-HM-09215,Mortgage,6530000.0
COL-09216,LN-HM-09216,Mortgage,1820000.0
COL-09217,LN-HM-09217,Mortgage,1970000.0
COL-09218,LN-HM-09218,None,0.0
COL-09219,LN-HM-09219,None,0.0
COL-09220,LN-HM-09220,Mortgage,3300000.0
COL-09221,LN-HM-09221,Hypothecation,760000.0
COL-09222,LN-HM-09222,Hypothecation,690000.0
COL-09223,LN-HM-09223,Mortgage,1540000.0
COL-09224,LN-HM-09224,None,0.0
COL-09225,LN-HM-09225,Mortgage,11860000.0
COL-09226,LN-HM-09226,None,0.0
COL-09227,LN-HM-09227,Mortgage,1730000.0
COL-09228,LN-HM-09228,Mortgage,1450000.0
COL-09229,LN-HM-09229,Mortgage,2400000.0
COL-09230,LN-HM-09230,Mortgage,1160000.0
COL-09231,LN-HM-09231,Mortgage,13630000.0
COL-09232,LN-HM-09232,Mortgage,3270000.0
COL-09233,LN-HM-09233,Mortgage,5190000.0
COL-09234,LN-HM-09234,Hypothecation,890000.0
COL-09235,LN-HM-09235,Mortgage,1950000.0
COL-09236,LN-HM-09236,None,0.0
COL-09237,LN-HM-09237,Mortgage,6540000.0
COL-09238,LN-HM-09238,Mortgage,3560000.0
COL-09239,LN-HM-09239,Mortgage,16690000.0
COL-09240,LN-HM-09240,Hypothecation,1090000.0
COL-09241,LN-HM-09241,Hypothecation,1390000.0
COL-09242,LN-HM-09242,None,0.0
COL-09243,LN-HM-09243,Mortgage,3520000.0
COL-09244,LN-HM-09244,Hypothecation,3440000.0
COL-09245,LN-HM-09245,None,0.0
COL-09246,LN-HM-09246,None,0.0
COL-09247,LN-HM-09247,Mortgage,1500000.0
COL-09248,LN-HM-09248,Hypothecation,2720000.0
COL-09249,LN-HM-09249,Mortgage,2490000.0
COL-09250,LN-HM-09250,Hypothecation,2320000.0
COL-09251,LN-HM-09251,Mortgage,10460000.0
COL-09252,LN-HM-09252,Mortgage,4190000.0
COL-09253,LN-HM-09253,None,0.0
COL-09254,LN-HM-09254,Mortgage,4880000.0
COL-09255,LN-HM-09255,Mortgage,5450000.0
COL-09256,LN-HM-09256,Hypothecation,1120000.0
COL-09257,LN-HM-09257,Mortgage,1520000.0
COL-09258,LN-HM-09258,None,0.0
COL-09259,LN-HM-09259,Mortgage,4710000.0
COL-09260,LN-HM-09260,None,0.0
COL-09261,LN-HM-09261,None,0.0
COL-09262,LN-HM-09262,Mortgage,2100000.0
COL-09263,LN-HM-09263,None,0.0
COL-09264,LN-HM-09264,Mortgage,3780000.0
COL-09265,LN-HM-09265,Mortgage,4740000.0
COL-09266,LN-HM-09266,Mortgage,3390000.0
COL-09267,LN-HM-09267,Hypothecation,650000.0
COL-09268,LN-HM-09268,Mortgage,5080000.0
COL-09269,LN-HM-09269,Mortgage,4040000.0
COL-09270,LN-HM-09270,Hypothecation,1080000.0
COL-09271,LN-HM-09271,Hypothecation,1820000.0
COL-09272,LN-HM-09272,Hypothecation,1690000.0
COL-09273,LN-HM-09273,Hypothecation,1240000.0
COL-09274,LN-HM-09274,Mortgage,2200000.0
COL-09275,LN-HM-09275,Mortgage,3300000.0
COL-09276,LN-HM-09276,None,0.0
COL-09277,LN-HM-09277,Hypothecation,1330000.0
COL-09278,LN-HM-09278,None,0.0
COL-09279,LN-HM-09279,Mortgage,2870000.0
COL-09280,LN-HM-09280,Mortgage,2710000.0
COL-09281,LN-HM-09281,Mortgage,1480000.0
COL-09282,LN-HM-09282,Mortgage,1860000.0
COL-09283,LN-HM-09283,Hypothecation,4230000.0
COL-09284,LN-HM-09284,Mortgage,4130000.0
COL-09285,LN-HM-09285,None,0.0
COL-09286,LN-HM-09286,None,0.0
COL-09287,LN-HM-09287,Hypothecation,1410000.0
COL-09288,LN-HM-09288,Mortgage,970000.0
COL-09289,LN-HM-09289,Mortgage,3940000.0
COL-09290,LN-HM-09290,None,0.0
COL-09291,LN-HM-09291,Mortgage,4960000.0
COL-09292,LN-HM-09292,None,0.0
COL-09293,LN-HM-09293,Mortgage,2020000.0
COL-09294,LN-HM-09294,Mortgage,6150000.0
COL-09295,LN-HM-09295,Mortgage,18850000.0
COL-09296,LN-HM-09296,Mortgage,5760000.0
COL-09297,LN-HM-09297,None,0.0
COL-09298,LN-HM-09298,Mortgage,1720000.0
COL-09299,LN-HM-09299,Mortgage,4110000.0
COL-09300,LN-HM-09300,Mortgage,2700000.0
COL-09301,LN-HM-09301,None,0.0
COL-09302,LN-HM-09302,Hypothecation,1470000.0
COL-09303,LN-HM-09303,Mortgage,3440000.0
COL-09304,LN-HM-09304,Hypothecation,360000.0
COL-09305,LN-HM-09305,None,0.0
COL-09306,LN-HM-09306,Hypothecation,670000.0
COL-09307,LN-HM-09307,Mortgage,3150000.0
COL-09308,LN-HM-09308,Hypothecation,1620000.0
COL-09309,LN-HM-09309,None,0.0
COL-09310,LN-HM-09310,Mortgage,6240000.0
COL-09311,LN-HM-09311,Mortgage,3850000.0
COL-09312,LN-HM-09312,Mortgage,9250000.0
COL-09313,LN-HM-09313,None,0.0
COL-09314,LN-HM-09314,None,0.0
COL-09315,LN-HM-09315,None,0.0
COL-09316,LN-HM-09316,Mortgage,4400000.0
COL-09317,LN-HM-09317,Mortgage,14190000.0
COL-09318,LN-HM-09318,Mortgage,2240000.0
COL-09319,LN-HM-09319,None,0.0
COL-09320,LN-HM-09320,None,0.0
COL-09321,LN-HM-09321,None,0.0
COL-09322,LN-HM-09322,Mortgage,5520000.0
COL-09323,LN-HM-09323,None,0.0
COL-09324,LN-HM-09324,None,0.0
COL-09325,LN-HM-09325,None,0.0
COL-09326,LN-HM-09326,None,0.0
COL-09327,LN-HM-09327,Mortgage,4370000.0
COL-09328,LN-HM-09328,Mortgage,9400000.0
COL-09329,LN-HM-09329,Mortgage,2810000.0
COL-09330,LN-HM-09330,Mortgage,6730000.0
COL-09331,LN-HM-09331,None,0.0
COL-09332,LN-HM-09332,None,0.0
COL-09333,LN-HM-09333,Mortgage,3950000.0
COL-09334,LN-HM-09334,None,0.0
COL-09335,LN-HM-09335,Mortgage,4500000.0
COL-09336,LN-HM-09336,Mortgage,4470000.0
COL-09337,LN-HM-09337,Mortgage,2400000.0
COL-09338,LN-HM-09338,None,0.0
COL-09339,LN-HM-09339,None,0.0
COL-09340,LN-HM-09340,None,0.0
COL-09341,LN-HM-09341,Hypothecation,1590000.0
COL-09342,LN-HM-09342,Mortgage,4880000.0
COL-09343,LN-HM-09343,None,0.0
COL-09344,LN-HM-09344,Hypothecation,560000.0
COL-09345,LN-HM-09345,Mortgage,3110000.0
COL-09346,LN-HM-09346,Mortgage,1880000.0
COL-09347,LN-HM-09347,Hypothecation,740000.0
COL-09348,LN-HM-09348,Hypothecation,2010000.0
COL-09349,LN-HM-09349,Mortgage,3960000.0
COL-09350,LN-HM-09350,Hypothecation,4050000.0
COL-09351,LN-HM-09351,None,0.0
COL-09352,LN-HM-09352,Hypothecation,1480000.0
COL-09353,LN-HM-09353,Hypothecation,330000.0
COL-09354,LN-HM-09354,Mortgage,6540000.0
COL-09355,LN-HM-09355,Mortgage,3720000.0
COL-09356,LN-HM-09356,None,0.0
COL-09357,LN-HM-09357,None,0.0
COL-09358,LN-HM-09358,Hypothecation,1630000.0
COL-09359,LN-HM-09359,Mortgage,7020000.0
COL-09360,LN-HM-09360,Hypothecation,4910000.0
COL-09361,LN-HM-09361,Mortgage,6690000.0
COL-09362,LN-HM-09362,Hypothecation,510000.0
COL-09363,LN-HM-09363,None,0.0
COL-09364,LN-HM-09364,Mortgage,3630000.0
COL-09365,LN-HM-09365,Hypothecation,3590000.0
COL-09366,LN-HM-09366,None,0.0
COL-09367,LN-HM-09367,Mortgage,6190000.0
COL-09368,LN-HM-09368,Mortgage,1890000.0
COL-09369,LN-HM-09369,Hypothecation,1280000.0
COL-09370,LN-HM-09370,None,0.0
COL-09371,LN-HM-09371,Hypothecation,3870000.0
COL-09372,LN-HM-09372,Hypothecation,2080000.0
COL-09373,LN-HM-09373,Mortgage,3860000.0
COL-09374,LN-HM-09374,Mortgage,2230000.0
COL-09375,LN-HM-09375,Mortgage,1540000.0
COL-09376,LN-HM-09376,None,0.0
COL-09377,LN-HM-09377,None,0.0
COL-09378,LN-HM-09378,Mortgage,1470000.0
COL-09379,LN-HM-09379,Mortgage,6770000.0
COL-09380,LN-HM-09380,Mortgage,8610000.0
COL-09381,LN-HM-09381,None,0.0
COL-09382,LN-HM-09382,Mortgage,12210000.0
COL-09383,LN-HM-09383,Mortgage,5480000.0
COL-09384,LN-HM-09384,Mortgage,5160000.0
COL-09385,LN-HM-09385,None,0.0
COL-09386,LN-HM-09386,Mortgage,12880000.0
COL-09387,LN-HM-09387,Mortgage,6620000.0
COL-09388,LN-HM-09388,None,0.0
COL-09389,LN-HM-09389,Mortgage,7320000.0
COL-09390,LN-HM-09390,Mortgage,5100000.0
COL-09391,LN-HM-09391,None,0.0
COL-09392,LN-HM-09392,Mortgage,5720000.0
COL-09393,LN-HM-09393,Hypothecation,1770000.0
COL-09394,LN-HM-09394,Mortgage,7610000.0
COL-09395,LN-HM-09395,Hypothecation,1780000.0
COL-09396,LN-HM-09396,Mortgage,2560000.0
COL-09397,LN-HM-09397,Hypothecation,990000.0
COL-09398,LN-HM-09398,None,0.0
COL-09399,LN-HM-09399,None,0.0
COL-09400,LN-HM-09400,Mortgage,10400000.0
COL-09401,LN-HM-09401,None,0.0
COL-09402,LN-HM-09402,Mortgage,5650000.0
COL-09403,LN-HM-09403,None,0.0
COL-09404,LN-HM-09404,None,0.0
COL-09405,LN-HM-09405,Mortgage,4060000.0
COL-09406,LN-HM-09406,Hypothecation,2220000.0
COL-09407,LN-HM-09407,None,0.0
COL-09408,LN-HM-09408,Mortgage,2550000.0
COL-09409,LN-HM-09409,Mortgage,3090000.0
COL-09410,LN-HM-09410,Mortgage,3910000.0
COL-09411,LN-HM-09411,Mortgage,5800000.0
COL-09412,LN-HM-09412,Hypothecation,3320000.0
COL-09413,LN-HM-09413,Mortgage,4720000.0
COL-09414,LN-HM-09414,Mortgage,2240000.0
COL-09415,LN-HM-09415,Hypothecation,980000.0
COL-09416,LN-HM-09416,Mortgage,5820000.0
COL-09417,LN-HM-09417,None,0.0
COL-09418,LN-HM-09418,Mortgage,2090000.0
COL-09419,LN-HM-09419,Mortgage,9190000.0
COL-09420,LN-HM-09420,Hypothecation,310000.0
COL-09421,LN-HM-09421,Mortgage,6960000.0
COL-09422,LN-HM-09422,Mortgage,1040000.0
COL-09423,LN-HM-09423,Mortgage,4570000.0
COL-09424,LN-HM-09424,Mortgage,2630000.0
COL-09425,LN-HM-09425,Mortgage,9320000.0
COL-09426,LN-HM-09426,Hypothecation,720000.0
COL-09427,LN-HM-09427,Hypothecation,3460000.0
COL-09428,LN-HM-09428,None,0.0
COL-09429,LN-HM-09429,Hypothecation,2550000.0
COL-09430,LN-HM-09430,Mortgage,3090000.0
COL-09431,LN-HM-09431,Mortgage,5750000.0
COL-09432,LN-HM-09432,Mortgage,5780000.0
COL-09433,LN-HM-09433,Mortgage,2290000.0
COL-09434,LN-HM-09434,Hypothecation,3660000.0
COL-09435,LN-HM-09435,Hypothecation,2520000.0
COL-09436,LN-HM-09436,Mortgage,6180000.0
COL-09437,LN-HM-09437,Mortgage,4560000.0
COL-09438,LN-HM-09438,Hypothecation,2100000.0
COL-09439,LN-HM-09439,Mortgage,6870000.0
COL-09440,LN-HM-09440,Hypothecation,1150000.0
COL-09441,LN-HM-09441,Mortgage,5400000.0
COL-09442,LN-HM-09442,Hypothecation,2020000.0
COL-09443,LN-HM-09443,Mortgage,3550000.0
COL-09444,LN-HM-09444,Mortgage,7850000.0
COL-09445,LN-HM-09445,None,0.0
COL-09446,LN-HM-09446,Hypothecation,1610000.0
COL-09447,LN-HM-09447,Mortgage,7410000.0
COL-09448,LN-HM-09448,None,0.0
COL-09449,LN-HM-09449,Hypothecation,2660000.0
COL-09450,LN-HM-09450,Mortgage,5750000.0
COL-09451,LN-HM-09451,Mortgage,8320000.0
COL-09452,LN-HM-09452,None,0.0
COL-09453,LN-HM-09453,None,0.0
COL-09454,LN-HM-09454,Mortgage,3630000.0
COL-09455,LN-HM-09455,Mortgage,3290000.0
COL-09456,LN-HM-09456,Mortgage,4070000.0
COL-09457,LN-HM-09457,Mortgage,1300000.0
COL-09458,LN-HM-09458,None,0.0
COL-09459,LN-HM-09459,Mortgage,4930000.0
COL-09460,LN-HM-09460,None,0.0
COL-09461,LN-HM-09461,None,0.0
COL-09462,LN-HM-09462,Mortgage,6570000.0
COL-09463,LN-HM-09463,Hypothecation,1420000.0
COL-09464,LN-HM-09464,None,0.0
COL-09465,LN-HM-09465,Hypothecation,1320000.0
COL-09466,LN-HM-09466,Mortgage,1750000.0
COL-09467,LN-HM-09467,Mortgage,4510000.0
COL-09468,LN-HM-09468,Hypothecation,1160000.0
COL-09469,LN-HM-09469,None,0.0
COL-09470,LN-HM-09470,Mortgage,5290000.0
COL-09471,LN-HM-09471,Hypothecation,810000.0
COL-09472,LN-HM-09472,Mortgage,3770000.0
COL-09473,LN-HM-09473,Mortgage,9480000.0
COL-09474,LN-HM-09474,Mortgage,5060000.0
COL-09475,LN-HM-09475,None,0.0
COL-09476,LN-HM-09476,Mortgage,2750000.0
COL-09477,LN-HM-09477,Mortgage,2900000.0
COL-09478,LN-HM-09478,Mortgage,5730000.0
COL-09479,LN-HM-09479,Mortgage,5870000.0
COL-09480,LN-HM-09480,Mortgage,6780000.0
COL-09481,LN-HM-09481,Mortgage,3830000.0
COL-09482,LN-HM-09482,None,0.0
COL-09483,LN-HM-09483,Mortgage,2860000.0
COL-09484,LN-HM-09484,None,0.0
COL-09485,LN-HM-09485,Mortgage,8820000.0
COL-09486,LN-HM-09486,Mortgage,3820000.0
COL-09487,LN-HM-09487,None,0.0
COL-09488,LN-HM-09488,Mortgage,5520000.0
COL-09489,LN-HM-09489,Mortgage,2890000.0
COL-09490,LN-HM-09490,None,0.0
COL-09491,LN-HM-09491,Mortgage,2920000.0
COL-09492,LN-HM-09492,Mortgage,6780000.0
COL-09493,LN-HM-09493,Hypothecation,850000.0
COL-09494,LN-HM-09494,None,0.0
COL-09495,LN-HM-09495,Hypothecation,1480000.0
COL-09496,LN-HM-09496,Mortgage,4700000.0
COL-09497,LN-HM-09497,Mortgage,4270000.0
COL-09498,LN-HM-09498,Mortgage,2650000.0
COL-09499,LN-HM-09499,Mortgage,1640000.0
COL-09500,LN-HM-09500,None,0.0
COL-09501,LN-HM-09501,Mortgage,8050000.0
COL-09502,LN-HM-09502,Hypothecation,2010000.0
COL-09503,LN-HM-09503,None,0.0
COL-09504,LN-HM-09504,Mortgage,2490000.0
COL-09505,LN-HM-09505,None,0.0
COL-09506,LN-HM-09506,Mortgage,2870000.0
COL-09507,LN-HM-09507,None,0.0
COL-09508,LN-HM-09508,None,0.0
COL-09509,LN-HM-09509,None,0.0
COL-09510,LN-HM-09510,Mortgage,14740000.0
COL-09511,LN-HM-09511,Mortgage,2170000.0
COL-09512,LN-HM-09512,Hypothecation,4650000.0
COL-09513,LN-HM-09513,Mortgage,3560000.0
COL-09514,LN-HM-09514,Mortgage,2890000.0
COL-09515,LN-HM-09515,None,0.0
COL-09516,LN-HM-09516,Mortgage,3620000.0
COL-09517,LN-HM-09517,None,0.0
COL-09518,LN-HM-09518,None,0.0
COL-09519,LN-HM-09519,Mortgage,4380000.0
COL-09520,LN-HM-09520,Mortgage,2690000.0
COL-09521,LN-HM-09521,None,0.0
COL-09522,LN-HM-09522,Mortgage,8990000.0
COL-09523,LN-HM-09523,Mortgage,1790000.0
COL-09524,LN-HM-09524,None,0.0
COL-09525,LN-HM-09525,Mortgage,6960000.0
COL-09526,LN-HM-09526,Mortgage,3460000.0
COL-09527,LN-HM-09527,Mortgage,3430000.0
COL-09528,LN-HM-09528,Mortgage,4050000.0
COL-09529,LN-HM-09529,Hypothecation,2570000.0
COL-09530,LN-HM-09530,Mortgage,18820000.0
COL-09531,LN-HM-09531,None,0.0
COL-09532,LN-HM-09532,Mortgage,1860000.0
COL-09533,LN-HM-09533,Hypothecation,1270000.0
COL-09534,LN-HM-09534,Mortgage,3930000.0
COL-09535,LN-HM-09535,Mortgage,8490000.0
COL-09536,LN-HM-09536,Mortgage,4140000.0
COL-09537,LN-HM-09537,Hypothecation,790000.0
COL-09538,LN-HM-09538,Mortgage,5090000.0
COL-09539,LN-HM-09539,None,0.0
COL-09540,LN-HM-09540,Hypothecation,1910000.0
COL-09541,LN-HM-09541,None,0.0
COL-09542,LN-HM-09542,None,0.0
COL-09543,LN-HM-09543,None,0.0
COL-09544,LN-HM-09544,Hypothecation,2980000.0
COL-09545,LN-HM-09545,None,0.0
COL-09546,LN-HM-09546,None,0.0
COL-09547,LN-HM-09547,Mortgage,2690000.0
COL-09548,LN-HM-09548,Hypothecation,1680000.0
COL-09549,LN-HM-09549,None,0.0
COL-09550,LN-HM-09550,None,0.0
COL-09551,LN-HM-09551,None,0.0
COL-09552,LN-HM-09552,Hypothecation,760000.0
COL-09553,LN-HM-09553,Hypothecation,550000.0
COL-09554,LN-HM-09554,Mortgage,3220000.0
COL-09555,LN-HM-09555,Mortgage,6060000.0
COL-09556,LN-HM-09556,Mortgage,8770000.0
COL-09557,LN-HM-09557,None,0.0
COL-09558,LN-HM-09558,Mortgage,2220000.0
COL-09559,LN-HM-09559,Mortgage,1630000.0
COL-09560,LN-HM-09560,None,0.0
COL-09561,LN-HM-09561,None,0.0
COL-09562,LN-HM-09562,None,0.0
COL-09563,LN-HM-09563,Mortgage,2600000.0
COL-09564,LN-HM-09564,None,0.0
COL-09565,LN-HM-09565,Hypothecation,1890000.0
COL-09566,LN-HM-09566,Hypothecation,5320000.0
COL-09567,LN-HM-09567,Mortgage,3620000.0
COL-09568,LN-HM-09568,Mortgage,3510000.0
COL-09569,LN-HM-09569,Mortgage,3870000.0
COL-09570,LN-HM-09570,Hypothecation,780000.0
COL-09571,LN-HM-09571,Hypothecation,610000.0
COL-09572,LN-HM-09572,Mortgage,9670000.0
COL-09573,LN-HM-09573,None,0.0
COL-09574,LN-HM-09574,None,0.0
COL-09575,LN-HM-09575,Mortgage,1790000.0
COL-09576,LN-HM-09576,Mortgage,2640000.0
COL-09577,LN-HM-09577,None,0.0
COL-09578,LN-HM-09578,Hypothecation,850000.0
COL-09579,LN-HM-09579,Mortgage,2320000.0
COL-09580,LN-HM-09580,None,0.0
COL-09581,LN-HM-09581,Mortgage,2870000.0
COL-09582,LN-HM-09582,Mortgage,5680000.0
COL-09583,LN-HM-09583,Hypothecation,3660000.0
COL-09584,LN-HM-09584,None,0.0
COL-09585,LN-HM-09585,Hypothecation,600000.0
COL-09586,LN-HM-09586,Hypothecation,670000.0
COL-09587,LN-HM-09587,None,0.0
COL-09588,LN-HM-09588,Mortgage,4870000.0
COL-09589,LN-HM-09589,Mortgage,1790000.0
COL-09590,LN-HM-09590,Hypothecation,870000.0
COL-09591,LN-HM-09591,Mortgage,5550000.0
COL-09592,LN-HM-09592,Mortgage,5240000.0
COL-09593,LN-HM-09593,None,0.0
COL-09594,LN-HM-09594,None,0.0
COL-09595,LN-HM-09595,Mortgage,1450000.0
COL-09596,LN-HM-09596,Mortgage,3540000.0
COL-09597,LN-HM-09597,Mortgage,3660000.0
COL-09598,LN-HM-09598,Hypothecation,1880000.0
COL-09599,LN-HM-09599,Hypothecation,3090000.0
COL-09600,LN-HM-09600,Mortgage,2630000.0
COL-09601,LN-HM-09601,Mortgage,3500000.0
COL-09602,LN-HM-09602,Hypothecation,440000.0
COL-09603,LN-HM-09603,Mortgage,9190000.0
COL-09604,LN-HM-09604,Mortgage,1970000.0
COL-09605,LN-HM-09605,None,0.0
COL-09606,LN-HM-09606,Mortgage,1080000.0
COL-09607,LN-HM-09607,None,0.0
COL-09608,LN-HM-09608,None,0.0
COL-09609,LN-HM-09609,Hypothecation,3470000.0
COL-09610,LN-HM-09610,None,0.0
COL-09611,LN-HM-09611,None,0.0
COL-09612,LN-HM-09612,None,0.0
COL-09613,LN-HM-09613,None,0.0
COL-09614,LN-HM-09614,Mortgage,6120000.0
COL-09615,LN-HM-09615,Mortgage,20900000.0
COL-09616,LN-HM-09616,None,0.0
COL-09617,LN-HM-09617,None,0.0
COL-09618,LN-HM-09618,Mortgage,5290000.0
COL-09619,LN-HM-09619,Mortgage,8540000.0
COL-09620,LN-HM-09620,None,0.0
COL-09621,LN-HM-09621,Hypothecation,2570000.0
COL-09622,LN-HM-09622,None,0.0
COL-09623,LN-HM-09623,None,0.0
COL-09624,LN-HM-09624,Mortgage,2020000.0
COL-09625,LN-HM-09625,Mortgage,4700000.0
COL-09626,LN-HM-09626,Mortgage,6170000.0
COL-09627,LN-HM-09627,Mortgage,2360000.0
COL-09628,LN-HM-09628,Hypothecation,1250000.0
COL-09629,LN-HM-09629,Hypothecation,4180000.0
COL-09630,LN-HM-09630,None,0.0
COL-09631,LN-HM-09631,None,0.0
COL-09632,LN-HM-09632,None,0.0
COL-09633,LN-HM-09633,Hypothecation,550000.0
COL-09634,LN-HM-09634,None,0.0
COL-09635,LN-HM-09635,Mortgage,1730000.0
COL-09636,LN-HM-09636,Mortgage,4860000.0
COL-09637,LN-HM-09637,None,0.0
COL-09638,LN-HM-09638,Mortgage,1820000.0
COL-09639,LN-HM-09639,Mortgage,8360000.0
COL-09640,LN-HM-09640,Mortgage,7840000.0
COL-09641,LN-HM-09641,Hypothecation,380000.0
COL-09642,LN-HM-09642,Mortgage,3740000.0
COL-09643,LN-HM-09643,Mortgage,2420000.0
COL-09644,LN-HM-09644,Hypothecation,2200000.0
COL-09645,LN-HM-09645,Mortgage,7490000.0
COL-09646,LN-HM-09646,Hypothecation,2190000.0
COL-09647,LN-HM-09647,Hypothecation,660000.0
COL-09648,LN-HM-09648,Mortgage,4330000.0
COL-09649,LN-HM-09649,Hypothecation,490000.0
COL-09650,LN-HM-09650,None,0.0
COL-09651,LN-HM-09651,Hypothecation,1420000.0
COL-09652,LN-HM-09652,Mortgage,5330000.0
COL-09653,LN-HM-09653,Mortgage,6640000.0
COL-09654,LN-HM-09654,Mortgage,2690000.0
COL-09655,LN-HM-09655,Hypothecation,1020000.0
COL-09656,LN-HM-09656,Mortgage,4790000.0
COL-09657,LN-HM-09657,Mortgage,1790000.0
COL-09658,LN-HM-09658,Mortgage,1970000.0
COL-09659,LN-HM-09659,None,0.0
COL-09660,LN-HM-09660,Hypothecation,1150000.0
COL-09661,LN-HM-09661,None,0.0
COL-09662,LN-HM-09662,None,0.0
COL-09663,LN-HM-09663,None,0.0
COL-09664,LN-HM-09664,Mortgage,5550000.0
COL-09665,LN-HM-09665,None,0.0
COL-09666,LN-HM-09666,Mortgage,7180000.0
COL-09667,LN-HM-09667,None,0.0
COL-09668,LN-HM-09668,None,0.0
COL-09669,LN-HM-09669,Mortgage,5950000.0
COL-09670,LN-HM-09670,Mortgage,5000000.0
COL-09671,LN-HM-09671,None,0.0
COL-09672,LN-HM-09672,Mortgage,3150000.0
COL-09673,LN-HM-09673,None,0.0
COL-09674,LN-HM-09674,None,0.0
COL-09675,LN-HM-09675,None,0.0
COL-09676,LN-HM-09676,Mortgage,9290000.0
COL-09677,LN-HM-09677,Hypothecation,1070000.0
COL-09678,LN-HM-09678,Mortgage,5110000.0
COL-09679,LN-HM-09679,Mortgage,2870000.0
COL-09680,LN-HM-09680,Mortgage,5450000.0
COL-09681,LN-HM-09681,None,0.0
COL-09682,LN-HM-09682,None,0.0
COL-09683,LN-HM-09683,Hypothecation,460000.0
COL-09684,LN-HM-09684,None,0.0
COL-09685,LN-HM-09685,Mortgage,7260000.0
COL-09686,LN-HM-09686,Mortgage,1530000.0
COL-09687,LN-HM-09687,None,0.0
COL-09688,LN-HM-09688,Mortgage,2350000.0
COL-09689,LN-HM-09689,None,0.0
COL-09690,LN-HM-09690,Hypothecation,2680000.0
COL-09691,LN-HM-09691,None,0.0
COL-09692,LN-HM-09692,Hypothecation,1690000.0
COL-09693,LN-HM-09693,Hypothecation,2670000.0
COL-09694,LN-HM-09694,Hypothecation,2140000.0
COL-09695,LN-HM-09695,None,0.0
COL-09696,LN-HM-09696,None,0.0
COL-09697,LN-HM-09697,None,0.0
COL-09698,LN-HM-09698,Mortgage,3820000.0
COL-09699,LN-HM-09699,Hypothecation,370000.0
COL-09700,LN-HM-09700,Mortgage,1350000.0
COL-09701,LN-HM-09701,Mortgage,4950000.0
COL-09702,LN-HM-09702,Mortgage,3930000.0
COL-09703,LN-HM-09703,Mortgage,12010000.0
COL-09704,LN-HM-09704,None,0.0
COL-09705,LN-HM-09705,Hypothecation,1630000.0
COL-09706,LN-HM-09706,Mortgage,1960000.0
COL-09707,LN-HM-09707,Mortgage,2110000.0
COL-09708,LN-HM-09708,None,0.0
COL-09709,LN-HM-09709,Mortgage,2740000.0
COL-09710,LN-HM-09710,None,0.0
COL-09711,LN-HM-09711,Mortgage,3230000.0
COL-09712,LN-HM-09712,Mortgage,3200000.0
COL-09713,LN-HM-09713,Mortgage,3480000.0
COL-09714,LN-HM-09714,None,0.0
COL-09715,LN-HM-09715,Mortgage,1590000.0
COL-09716,LN-HM-09716,Hypothecation,2410000.0
COL-09717,LN-HM-09717,Mortgage,9780000.0
COL-09718,LN-HM-09718,None,0.0
COL-09719,LN-HM-09719,None,0.0
COL-09720,LN-HM-09720,Mortgage,4180000.0
COL-09721,LN-HM-09721,Hypothecation,3670000.0
COL-09722,LN-HM-09722,Mortgage,1800000.0
COL-09723,LN-HM-09723,None,0.0
COL-09724,LN-HM-09724,Mortgage,4050000.0
COL-09725,LN-HM-09725,Mortgage,3870000.0
COL-09726,LN-HM-09726,Hypothecation,1870000.0
COL-09727,LN-HM-09727,None,0.0
COL-09728,LN-HM-09728,Hypothecation,2500000.0
COL-09729,LN-HM-09729,Mortgage,4390000.0
COL-09730,LN-HM-09730,None,0.0
COL-09731,LN-HM-09731,Hypothecation,3120000.0
COL-09732,LN-HM-09732,None,0.0
COL-09733,LN-HM-09733,None,0.0
COL-09734,LN-HM-09734,Mortgage,5420000.0
COL-09735,LN-HM-09735,None,0.0
COL-09736,LN-HM-09736,Mortgage,3460000.0
COL-09737,LN-HM-09737,Hypothecation,1110000.0
COL-09738,LN-HM-09738,None,0.0
COL-09739,LN-HM-09739,Mortgage,2890000.0
COL-09740,LN-HM-09740,Hypothecation,1950000.0
COL-09741,LN-HM-09741,None,0.0
COL-09742,LN-HM-09742,None,0.0
COL-09743,LN-HM-09743,Mortgage,5530000.0
COL-09744,LN-HM-09744,Mortgage,3400000.0
COL-09745,LN-HM-09745,Mortgage,7250000.0
COL-09746,LN-HM-09746,Mortgage,15500000.0
COL-09747,LN-HM-09747,Mortgage,10070000.0
COL-09748,LN-HM-09748,Mortgage,5450000.0
COL-09749,LN-HM-09749,Mortgage,5290000.0
COL-09750,LN-HM-09750,Mortgage,5400000.0
COL-09751,LN-HM-09751,Mortgage,8180000.0
COL-09752,LN-HM-09752,Mortgage,4560000.0
COL-09753,LN-HM-09753,Mortgage,2410000.0
COL-09754,LN-HM-09754,Hypothecation,700000.0
COL-09755,LN-HM-09755,None,0.0
COL-09756,LN-HM-09756,Hypothecation,760000.0
COL-09757,LN-HM-09757,Hypothecation,6070000.0
COL-09758,LN-HM-09758,Mortgage,2820000.0
COL-09759,LN-HM-09759,Mortgage,7640000.0
COL-09760,LN-HM-09760,Mortgage,3960000.0
COL-09761,LN-HM-09761,Hypothecation,1260000.0
COL-09762,LN-HM-09762,Hypothecation,670000.0
COL-09763,LN-HM-09763,None,0.0
COL-09764,LN-HM-09764,Mortgage,8930000.0
COL-09765,LN-HM-09765,None,0.0
COL-09766,LN-HM-09766,Hypothecation,2620000.0
COL-09767,LN-HM-09767,Mortgage,3110000.0
COL-09768,LN-HM-09768,Mortgage,6030000.0
COL-09769,LN-HM-09769,None,0.0
COL-09770,LN-HM-09770,None,0.0
COL-09771,LN-HM-09771,None,0.0
COL-09772,LN-HM-09772,None,0.0
COL-09773,LN-HM-09773,Mortgage,7160000.0
COL-09774,LN-HM-09774,Hypothecation,1180000.0
COL-09775,LN-HM-09775,None,0.0
COL-09776,LN-HM-09776,Hypothecation,620000.0
COL-09777,LN-HM-09777,None,0.0
COL-09778,LN-HM-09778,Hypothecation,1210000.0
COL-09779,LN-HM-09779,Hypothecation,3510000.0
COL-09780,LN-HM-09780,None,0.0
COL-09781,LN-HM-09781,None,0.0
COL-09782,LN-HM-09782,Mortgage,1470000.0
COL-09783,LN-HM-09783,Mortgage,2200000.0
COL-09784,LN-HM-09784,None,0.0
COL-09785,LN-HM-09785,Mortgage,2980000.0
COL-09786,LN-HM-09786,Mortgage,1010000.0
COL-09787,LN-HM-09787,Hypothecation,490000.0
COL-09788,LN-HM-09788,Mortgage,4170000.0
COL-09789,LN-HM-09789,Hypothecation,2790000.0
COL-09790,LN-HM-09790,Hypothecation,500000.0
COL-09791,LN-HM-09791,Mortgage,3900000.0
COL-09792,LN-HM-09792,Mortgage,10100000.0
COL-09793,LN-HM-09793,Hypothecation,3240000.0
COL-09794,LN-HM-09794,None,0.0
COL-09795,LN-HM-09795,None,0.0
COL-09796,LN-HM-09796,None,0.0
COL-09797,LN-HM-09797,Mortgage,5110000.0
COL-09798,LN-HM-09798,None,0.0
COL-09799,LN-HM-09799,Mortgage,5630000.0
COL-09800,LN-HM-09800,Mortgage,2950000.0
COL-09801,LN-HM-09801,Mortgage,2790000.0
COL-09802,LN-HM-09802,Mortgage,2380000.0
COL-09803,LN-HM-09803,Mortgage,4990000.0
COL-09804,LN-HM-09804,Mortgage,17030000.0
COL-09805,LN-HM-09805,Mortgage,24560000.0
COL-09806,LN-HM-09806,None,0.0
COL-09807,LN-HM-09807,Mortgage,7290000.0
COL-09808,LN-HM-09808,Hypothecation,780000.0
COL-09809,LN-HM-09809,Mortgage,5010000.0
COL-09810,LN-HM-09810,Mortgage,2140000.0
COL-09811,LN-HM-09811,Mortgage,3890000.0
COL-09812,LN-HM-09812,Hypothecation,6750000.0
COL-09813,LN-HM-09813,Hypothecation,1420000.0
COL-09814,LN-HM-09814,Mortgage,3960000.0
COL-09815,LN-HM-09815,Mortgage,2360000.0
COL-09816,LN-HM-09816,Mortgage,3240000.0
COL-09817,LN-HM-09817,Mortgage,2090000.0
COL-09818,LN-HM-09818,Mortgage,5080000.0
COL-09819,LN-HM-09819,Mortgage,4130000.0
COL-09820,LN-HM-09820,Mortgage,5090000.0
COL-09821,LN-HM-09821,Mortgage,4520000.0
COL-09822,LN-HM-09822,Mortgage,2400000.0
COL-09823,LN-HM-09823,Hypothecation,700000.0
COL-09824,LN-HM-09824,Mortgage,4270000.0
COL-09825,LN-HM-09825,Hypothecation,870000.0
COL-09826,LN-HM-09826,Hypothecation,810000.0
COL-09827,LN-HM-09827,None,0.0
COL-09828,LN-HM-09828,Mortgage,11470000.0
COL-09829,LN-HM-09829,Hypothecation,4010000.0
COL-09830,LN-HM-09830,Hypothecation,1640000.0
COL-09831,LN-HM-09831,Mortgage,2590000.0
COL-09832,LN-HM-09832,Mortgage,4280000.0
COL-09833,LN-HM-09833,Mortgage,9140000.0
COL-09834,LN-HM-09834,None,0.0
COL-09835,LN-HM-09835,None,0.0
COL-09836,LN-HM-09836,Mortgage,2070000.0
COL-09837,LN-HM-09837,None,0.0
COL-09838,LN-HM-09838,None,0.0
COL-09839,LN-HM-09839,Mortgage,5250000.0
COL-09840,LN-HM-09840,Mortgage,8190000.0
COL-09841,LN-HM-09841,Mortgage,1380000.0
COL-09842,LN-HM-09842,Mortgage,17180000.0
COL-09843,LN-HM-09843,Mortgage,4110000.0
COL-09844,LN-HM-09844,None,0.0
COL-09845,LN-HM-09845,None,0.0
COL-09846,LN-HM-09846,Mortgage,3920000.0
COL-09847,LN-HM-09847,Mortgage,2610000.0
COL-09848,LN-HM-09848,Mortgage,3700000.0
COL-09849,LN-HM-09849,Mortgage,2680000.0
COL-09850,LN-HM-09850,Hypothecation,1160000.0
COL-09851,LN-HM-09851,Hypothecation,550000.0
COL-09852,LN-HM-09852,None,0.0
COL-09853,LN-HM-09853,None,0.0
COL-09854,LN-HM-09854,None,0.0
COL-09855,LN-HM-09855,Mortgage,5280000.0
COL-09856,LN-HM-09856,Mortgage,3930000.0
COL-09857,LN-HM-09857,None,0.0
COL-09858,LN-HM-09858,Mortgage,1270000.0
COL-09859,LN-HM-09859,None,0.0
COL-09860,LN-HM-09860,None,0.0
COL-09861,LN-HM-09861,Mortgage,6590000.0
COL-09862,LN-HM-09862,Mortgage,7900000.0
COL-09863,LN-HM-09863,None,0.0
COL-09864,LN-HM-09864,None,0.0
COL-09865,LN-HM-09865,Hypothecation,1870000.0
COL-09866,LN-HM-09866,Hypothecation,1440000.0
COL-09867,LN-HM-09867,Mortgage,3610000.0
COL-09868,LN-HM-09868,None,0.0
COL-09869,LN-HM-09869,None,0.0
COL-09870,LN-HM-09870,Mortgage,4680000.0
COL-09871,LN-HM-09871,Hypothecation,1320000.0
COL-09872,LN-HM-09872,Mortgage,4230000.0
COL-09873,LN-HM-09873,Mortgage,1440000.0
COL-09874,LN-HM-09874,Mortgage,3410000.0
COL-09875,LN-HM-09875,Mortgage,2290000.0
COL-09876,LN-HM-09876,Hypothecation,1990000.0
COL-09877,LN-HM-09877,Mortgage,1380000.0
COL-09878,LN-HM-09878,Hypothecation,920000.0
COL-09879,LN-HM-09879,Mortgage,4950000.0
COL-09880,LN-HM-09880,None,0.0
COL-09881,LN-HM-09881,None,0.0
COL-09882,LN-HM-09882,None,0.0
COL-09883,LN-HM-09883,Hypothecation,1100000.0
COL-09884,LN-HM-09884,Mortgage,6850000.0
COL-09885,LN-HM-09885,Mortgage,2250000.0
COL-09886,LN-HM-09886,Mortgage,5560000.0
COL-09887,LN-HM-09887,None,0.0
COL-09888,LN-HM-09888,Mortgage,2120000.0
COL-09889,LN-HM-09889,Mortgage,3020000.0
COL-09890,LN-HM-09890,None,0.0
COL-09891,LN-HM-09891,Mortgage,15050000.0
COL-09892,LN-HM-09892,Mortgage,6280000.0
COL-09893,LN-HM-09893,Mortgage,3830000.0
COL-09894,LN-HM-09894,Mortgage,8030000.0
COL-09895,LN-HM-09895,Mortgage,5090000.0
COL-09896,LN-HM-09896,Mortgage,5520000.0
COL-09897,LN-HM-09897,None,0.0
COL-09898,LN-HM-09898,Hypothecation,920000.0
COL-09899,LN-HM-09899,None,0.0
COL-09900,LN-HM-09900,Mortgage,3060000.0
COL-09901,LN-HM-09901,Mortgage,2160000.0
COL-09902,LN-HM-09902,None,0.0
COL-09903,LN-HM-09903,Mortgage,3950000.0
COL-09904,LN-HM-09904,Mortgage,13950000.0
COL-09905,LN-HM-09905,Mortgage,4830000.0
COL-09906,LN-HM-09906,Mortgage,6960000.0
COL-09907,LN-HM-09907,Hypothecation,780000.0
COL-09908,LN-HM-09908,Hypothecation,1760000.0
COL-09909,LN-HM-09909,Mortgage,4470000.0
COL-09910,LN-HM-09910,Mortgage,5330000.0
COL-09911,LN-HM-09911,Hypothecation,1170000.0
COL-09912,LN-HM-09912,None,0.0
COL-09913,LN-HM-09913,None,0.0
COL-09914,LN-HM-09914,Hypothecation,1490000.0
COL-09915,LN-HM-09915,Mortgage,5100000.0
COL-09916,LN-HM-09916,Mortgage,1220000.0
COL-09917,LN-HM-09917,None,0.0
COL-09918,LN-HM-09918,None,0.0
COL-09919,LN-HM-09919,Mortgage,1790000.0
COL-09920,LN-HM-09920,Mortgage,1850000.0
COL-09921,LN-HM-09921,Mortgage,4750000.0
COL-09922,LN-HM-09922,Hypothecation,2970000.0
COL-09923,LN-HM-09923,Mortgage,7140000.0
COL-09924,LN-HM-09924,Mortgage,2490000.0
COL-09925,LN-HM-09925,Hypothecation,940000.0
COL-09926,LN-HM-09926,Mortgage,9380000.0
COL-09927,LN-HM-09927,None,0.0
COL-09928,LN-HM-09928,Mortgage,1740000.0
COL-09929,LN-HM-09929,None,0.0
COL-09930,LN-HM-09930,None,0.0
COL-09931,LN-HM-09931,None,0.0
COL-09932,LN-HM-09932,Hypothecation,1530000.0
COL-09933,LN-HM-09933,Hypothecation,1690000.0
COL-09934,LN-HM-09934,None,0.0
COL-09935,LN-HM-09935,None,0.0
COL-09936,LN-HM-09936,Mortgage,2180000.0
COL-09937,LN-HM-09937,Mortgage,4540000.0
COL-09938,LN-HM-09938,Mortgage,3920000.0
COL-09939,LN-HM-09939,Hypothecation,990000.0
COL-09940,LN-HM-09940,Hypothecation,900000.0
COL-09941,LN-HM-09941,Mortgage,1780000.0
COL-09942,LN-HM-09942,None,0.0
COL-09943,LN-HM-09943,Hypothecation,680000.0
COL-09944,LN-HM-09944,None,0.0
COL-09945,LN-HM-09945,Mortgage,1740000.0
COL-09946,LN-HM-09946,None,0.0
COL-09947,LN-HM-09947,Mortgage,6700000.0
COL-09948,LN-HM-09948,Mortgage,1950000.0
COL-09949,LN-HM-09949,Mortgage,7080000.0
COL-09950,LN-HM-09950,Mortgage,5240000.0
COL-09951,LN-HM-09951,None,0.0
COL-09952,LN-HM-09952,Mortgage,2170000.0
COL-09953,LN-HM-09953,Mortgage,2190000.0
COL-09954,LN-HM-09954,Mortgage,3960000.0
COL-09955,LN-HM-09955,Mortgage,4150000.0
COL-09956,LN-HM-09956,Hypothecation,450000.0
COL-09957,LN-HM-09957,Mortgage,3840000.0
COL-09958,LN-HM-09958,Mortgage,5560000.0
COL-09959,LN-HM-09959,None,0.0
COL-09960,LN-HM-09960,Hypothecation,2430000.0
COL-09961,LN-HM-09961,None,0.0
COL-09962,LN-HM-09962,Mortgage,4570000.0
COL-09963,LN-HM-09963,Mortgage,3090000.0
COL-09964,LN-HM-09964,Mortgage,4640000.0
COL-09965,LN-HM-09965,Hypothecation,1320000.0
COL-09966,LN-HM-09966,None,0.0
COL-09967,LN-HM-09967,None,0.0
COL-09968,LN-HM-09968,Mortgage,5530000.0
COL-09969,LN-HM-09969,None,0.0
COL-09970,LN-HM-09970,None,0.0
COL-09971,LN-HM-09971,Mortgage,5880000.0
COL-09972,LN-HM-09972,Mortgage,12650000.0
COL-09973,LN-HM-09973,None,0.0
COL-09974,LN-HM-09974,Hypothecation,650000.0
COL-09975,LN-HM-09975,Hypothecation,1760000.0
COL-09976,LN-HM-09976,Mortgage,6400000.0
COL-09977,LN-HM-09977,None,0.0
COL-09978,LN-HM-09978,Hypothecation,870000.0
COL-09979,LN-HM-09979,None,0.0
COL-09980,LN-HM-09980,Mortgage,6580000.0
COL-09981,LN-HM-09981,Mortgage,1960000.0
COL-09982,LN-HM-09982,None,0.0
COL-09983,LN-HM-09983,None,0.0
COL-09984,LN-HM-09984,None,0.0
COL-09985,LN-HM-09985,Mortgage,4760000.0
COL-09986,LN-HM-09986,None,0.0
COL-09987,LN-HM-09987,Hypothecation,2760000.0
COL-09988,LN-HM-09988,Mortgage,2060000.0
COL-09989,LN-HM-09989,None,0.0
COL-09990,LN-HM-09990,None,0.0
COL-09991,LN-HM-09991,Mortgage,12320000.0
COL-09992,LN-HM-09992,Mortgage,16880000.0
COL-09993,LN-HM-09993,Hypothecation,1940000.0
COL-09994,LN-HM-09994,Mortgage,6310000.0
COL-09995,LN-HM-09995,Mortgage,6480000.0
COL-09996,LN-HM-09996,Mortgage,2560000.0
COL-09997,LN-HM-09997,None,0.0
COL-09998,LN-HM-09998,Mortgage,12270000.0
COL-09999,LN-HM-09999,Mortgage,4260000.0
COL-10000,LN-HM-10000,Hypothecation,4780000.0
