CUSTOMER_ID,AGE,GENDER,MARITAL_STATUS,CATEGORY,OCCUPATION,GROSS_MONTHLY_INC,MONTHLY_DEDUCTIONS,NET_MONTHLY_INC,AVG_CREDIT_BAL_6M
RET-00001,42,M,Married,GEN,Salaried,105000.0,17000.0,88000.0,158000.0
RET-00002,36,M,Married,OBC,Self-Employed Professional,104000.0,7000.0,97000.0,247000.0
RET-00003,44,M,Unmarried,GEN,Salaried,88000.0,11000.0,77000.0,182000.0
RET-00004,53,M,Unmarried,OBC,Salaried,138000.0,24000.0,114000.0,171000.0
RET-00005,35,M,Married,OBC,Salaried,118000.0,19000.0,99000.0,245000.0
RET-00006,35,M,Married,GEN,Self-Employed Professional,113000.0,8000.0,105000.0,93000.0
RET-00007,53,M,Married,GEN,Salaried,166000.0,19000.0,147000.0,148000.0
RET-00008,45,F,Married,SC,Self-Employed Professional,74000.0,6000.0,68000.0,139000.0
RET-00009,33,M,Married,GEN,Salaried,76000.0,9000.0,67000.0,153000.0
RET-00010,43,F,Married,GEN,Salaried,120000.0,24000.0,96000.0,203000.0
RET-00011,33,F,Unmarried,Minority,Salaried,66000.0,12000.0,54000.0,96000.0
RET-00012,33,M,Unmarried,OBC,Salaried,98000.0,19000.0,79000.0,67000.0
RET-00013,40,F,Unmarried,OBC,Salaried,52000.0,6000.0,46000.0,66000.0
RET-00014,21,F,Married,SC,Salaried,25000.0,4000.0,21000.0,42000.0
RET-00015,21,M,Unmarried,GEN,Self-Employed Professional,105000.0,12000.0,93000.0,99000.0
RET-00016,32,M,Married,GEN,Self-Employed Non-Professional,29000.0,4000.0,25000.0,52000.0
RET-00017,27,M,Married,SC,Self-Employed Professional,48000.0,6000.0,42000.0,46000.0
RET-00018,41,F,Unmarried,SC,Salaried,120000.0,14000.0,106000.0,79000.0
RET-00019,28,M,Married,GEN,Salaried,120000.0,28000.0,92000.0,121000.0
RET-00020,23,M,Married,GEN,Salaried,148000.0,26000.0,122000.0,144000.0
RET-00021,52,M,Married,GEN,Salaried,25000.0,6000.0,19000.0,48000.0
RET-00022,35,M,Married,SC,Salaried,87000.0,14000.0,73000.0,125000.0
RET-00023,38,M,Unmarried,GEN,Salaried,63000.0,9000.0,54000.0,36000.0
RET-00024,23,F,Unmarried,Minority,Salaried,132000.0,19000.0,113000.0,287000.0
RET-00025,32,M,Unmarried,Minority,Salaried,177000.0,29000.0,148000.0,173000.0
RET-00026,39,F,Unmarried,SC,Salaried,33000.0,6000.0,27000.0,52000.0
RET-00027,26,F,Unmarried,OBC,Salaried,74000.0,16000.0,58000.0,108000.0
RET-00028,41,M,Unmarried,GEN,Salaried,121000.0,17000.0,104000.0,305000.0
RET-00029,31,M,Married,GEN,Self-Employed Professional,60000.0,8000.0,52000.0,59000.0
RET-00030,35,F,Unmarried,OBC,Salaried,208000.0,27000.0,181000.0,156000.0
RET-00031,31,F,Married,GEN,Salaried,57000.0,14000.0,43000.0,49000.0
RET-00032,56,M,Unmarried,GEN,Salaried,61000.0,8000.0,53000.0,103000.0
RET-00033,37,M,Married,OBC,Salaried,38000.0,6000.0,32000.0,33000.0
RET-00034,27,M,Unmarried,GEN,Self-Employed Non-Professional,80000.0,6000.0,74000.0,100000.0
RET-00035,46,F,Unmarried,SC,Salaried,25000.0,5000.0,20000.0,43000.0
RET-00036,25,F,Unmarried,GEN,Salaried,63000.0,14000.0,49000.0,39000.0
RET-00037,40,M,Unmarried,GEN,Self-Employed Professional,157000.0,11000.0,146000.0,418000.0
RET-00038,21,F,Married,GEN,Salaried,32000.0,4000.0,28000.0,51000.0
RET-00039,24,M,Married,Minority,Self-Employed Non-Professional,28000.0,2000.0,26000.0,44000.0
RET-00040,39,F,Married,SC,Self-Employed Non-Professional,143000.0,20000.0,123000.0,173000.0
RET-00041,45,M,Married,GEN,Salaried,155000.0,24000.0,131000.0,146000.0
RET-00042,39,M,Married,GEN,Salaried,32000.0,5000.0,27000.0,46000.0
RET-00043,36,M,Married,Minority,Self-Employed Professional,207000.0,21000.0,186000.0,319000.0
RET-00044,34,M,Married,GEN,Self-Employed Non-Professional,95000.0,5000.0,90000.0,58000.0
RET-00045,23,M,Unmarried,GEN,Self-Employed Non-Professional,137000.0,9000.0,128000.0,335000.0
RET-00046,30,M,Unmarried,GEN,Salaried,45000.0,10000.0,35000.0,89000.0
RET-00047,33,M,Married,OBC,Salaried,179000.0,19000.0,160000.0,259000.0
RET-00048,48,M,Married,GEN,Self-Employed Professional,62000.0,3000.0,59000.0,79000.0
RET-00049,41,M,Married,GEN,Salaried,61000.0,13000.0,48000.0,84000.0
RET-00050,21,F,Married,OBC,Salaried,98000.0,19000.0,79000.0,83000.0
RET-00051,41,F,Married,GEN,Self-Employed Professional,58000.0,7000.0,51000.0,26000.0
RET-00052,34,M,Married,OBC,Salaried,29000.0,6000.0,23000.0,32000.0
RET-00053,31,M,Married,OBC,Self-Employed Non-Professional,79000.0,12000.0,67000.0,37000.0
RET-00054,44,M,Married,GEN,Self-Employed Non-Professional,60000.0,5000.0,55000.0,33000.0
RET-00055,48,F,Married,GEN,Salaried,46000.0,7000.0,39000.0,22000.0
RET-00056,47,F,Married,OBC,Self-Employed Professional,154000.0,12000.0,142000.0,383000.0
RET-00057,29,M,Unmarried,GEN,Self-Employed Professional,307000.0,34000.0,273000.0,235000.0
RET-00058,34,F,Unmarried,GEN,Salaried,42000.0,9000.0,33000.0,37000.0
RET-00059,41,F,Married,OBC,Salaried,82000.0,12000.0,70000.0,121000.0
RET-00060,47,F,Married,OBC,Salaried,58000.0,7000.0,51000.0,93000.0
RET-00061,33,M,Married,GEN,Self-Employed Non-Professional,289000.0,34000.0,255000.0,205000.0
RET-00062,36,M,Married,GEN,Salaried,98000.0,16000.0,82000.0,227000.0
RET-00063,26,M,Married,GEN,Salaried,128000.0,17000.0,111000.0,120000.0
RET-00064,26,M,Married,OBC,Salaried,149000.0,19000.0,130000.0,371000.0
RET-00065,46,M,Married,OBC,Salaried,79000.0,18000.0,61000.0,70000.0
RET-00066,51,M,Married,SC,Salaried,65000.0,14000.0,51000.0,26000.0
RET-00067,37,M,Unmarried,OBC,Salaried,182000.0,35000.0,147000.0,431000.0
RET-00068,48,M,Married,ST,Salaried,117000.0,21000.0,96000.0,164000.0
RET-00069,41,M,Married,GEN,Salaried,44000.0,11000.0,33000.0,89000.0
RET-00070,31,M,Married,GEN,Self-Employed Professional,47000.0,4000.0,43000.0,100000.0
RET-00071,41,F,Married,SC,Self-Employed Professional,58000.0,7000.0,51000.0,48000.0
RET-00072,53,F,Unmarried,GEN,Salaried,147000.0,15000.0,132000.0,345000.0
RET-00073,37,M,Unmarried,GEN,Self-Employed Professional,177000.0,24000.0,153000.0,96000.0
RET-00074,53,M,Married,GEN,Salaried,266000.0,42000.0,224000.0,396000.0
RET-00075,21,M,Unmarried,Minority,Salaried,48000.0,12000.0,36000.0,41000.0
RET-00076,46,M,Married,GEN,Salaried,80000.0,12000.0,68000.0,95000.0
RET-00077,38,F,Married,GEN,Salaried,58000.0,13000.0,45000.0,108000.0
RET-00078,35,M,Married,OBC,Salaried,66000.0,14000.0,52000.0,115000.0
RET-00079,38,M,Unmarried,GEN,Salaried,128000.0,16000.0,112000.0,179000.0
RET-00080,21,F,Married,Minority,Salaried,71000.0,17000.0,54000.0,33000.0
RET-00081,35,M,Married,GEN,Salaried,161000.0,31000.0,130000.0,78000.0
RET-00082,41,M,Married,OBC,Salaried,54000.0,10000.0,44000.0,99000.0
RET-00083,52,M,Unmarried,GEN,Self-Employed Non-Professional,114000.0,15000.0,99000.0,284000.0
RET-00084,32,M,Unmarried,SC,Salaried,56000.0,11000.0,45000.0,118000.0
RET-00085,29,M,Unmarried,ST,Self-Employed Non-Professional,25000.0,3000.0,22000.0,18000.0
RET-00086,32,M,Unmarried,SC,Salaried,40000.0,5000.0,35000.0,28000.0
RET-00087,47,M,Unmarried,SC,Salaried,79000.0,9000.0,70000.0,142000.0
RET-00088,41,F,Unmarried,GEN,Self-Employed Non-Professional,232000.0,33000.0,199000.0,427000.0
RET-00089,32,M,Unmarried,Minority,Self-Employed Non-Professional,56000.0,5000.0,51000.0,104000.0
RET-00090,43,F,Unmarried,OBC,Salaried,66000.0,14000.0,52000.0,141000.0
RET-00091,38,M,Married,ST,Salaried,98000.0,11000.0,87000.0,94000.0
RET-00092,47,M,Married,OBC,Salaried,51000.0,11000.0,40000.0,37000.0
RET-00093,30,M,Unmarried,GEN,Self-Employed Non-Professional,55000.0,5000.0,50000.0,139000.0
RET-00094,34,M,Unmarried,OBC,Salaried,76000.0,8000.0,68000.0,157000.0
RET-00095,34,M,Unmarried,GEN,Self-Employed Professional,56000.0,6000.0,50000.0,114000.0
RET-00096,23,M,Unmarried,OBC,Self-Employed Professional,25000.0,2000.0,23000.0,31000.0
RET-00097,40,F,Unmarried,GEN,Salaried,50000.0,10000.0,40000.0,83000.0
RET-00098,40,M,Married,GEN,Self-Employed Professional,106000.0,13000.0,93000.0,215000.0
RET-00099,38,M,Married,Minority,Self-Employed Professional,108000.0,8000.0,100000.0,200000.0
RET-00100,35,F,Married,Minority,Salaried,163000.0,24000.0,139000.0,325000.0
RET-00101,23,M,Married,ST,Salaried,155000.0,34000.0,121000.0,239000.0
RET-00102,33,M,Married,SC,Self-Employed Non-Professional,43000.0,4000.0,39000.0,115000.0
RET-00103,34,F,Married,OBC,Salaried,47000.0,9000.0,38000.0,66000.0
RET-00104,29,M,Married,OBC,Self-Employed Professional,48000.0,4000.0,44000.0,23000.0
RET-00105,36,M,Unmarried,GEN,Salaried,67000.0,12000.0,55000.0,50000.0
RET-00106,42,M,Married,Minority,Salaried,50000.0,12000.0,38000.0,111000.0
RET-00107,56,M,Unmarried,ST,Self-Employed Non-Professional,66000.0,3000.0,63000.0,105000.0
RET-00108,39,M,Unmarried,OBC,Salaried,43000.0,11000.0,32000.0,26000.0
RET-00109,40,M,Married,Minority,Salaried,117000.0,24000.0,93000.0,83000.0
RET-00110,37,F,Married,OBC,Self-Employed Professional,41000.0,5000.0,36000.0,21000.0
RET-00111,21,F,Unmarried,GEN,Self-Employed Professional,40000.0,2000.0,38000.0,41000.0
RET-00112,37,M,Unmarried,Minority,Salaried,100000.0,23000.0,77000.0,228000.0
RET-00113,38,M,Married,GEN,Self-Employed Non-Professional,113000.0,13000.0,100000.0,132000.0
RET-00114,62,F,Married,OBC,Salaried,64000.0,14000.0,50000.0,56000.0
RET-00115,36,M,Married,GEN,Self-Employed Professional,123000.0,17000.0,106000.0,230000.0
RET-00116,41,M,Married,OBC,Salaried,118000.0,28000.0,90000.0,197000.0
RET-00117,37,M,Married,OBC,Salaried,229000.0,47000.0,182000.0,531000.0
RET-00118,26,F,Married,OBC,Self-Employed Non-Professional,114000.0,8000.0,106000.0,246000.0
RET-00119,49,M,Married,OBC,Self-Employed Professional,204000.0,28000.0,176000.0,136000.0
RET-00120,45,F,Unmarried,GEN,Self-Employed Professional,76000.0,4000.0,72000.0,213000.0
RET-00121,45,M,Unmarried,OBC,Salaried,169000.0,25000.0,144000.0,342000.0
RET-00122,28,M,Unmarried,Minority,Self-Employed Non-Professional,172000.0,21000.0,151000.0,173000.0
RET-00123,52,M,Unmarried,GEN,Salaried,67000.0,12000.0,55000.0,63000.0
RET-00124,23,M,Unmarried,GEN,Salaried,48000.0,8000.0,40000.0,116000.0
RET-00125,43,F,Married,GEN,Self-Employed Non-Professional,54000.0,6000.0,48000.0,47000.0
RET-00126,59,F,Married,Minority,Salaried,94000.0,13000.0,81000.0,87000.0
RET-00127,28,M,Unmarried,OBC,Salaried,37000.0,7000.0,30000.0,42000.0
RET-00128,32,F,Unmarried,Minority,Self-Employed Non-Professional,56000.0,7000.0,49000.0,108000.0
RET-00129,38,F,Married,OBC,Self-Employed Non-Professional,150000.0,11000.0,139000.0,219000.0
RET-00130,32,M,Married,GEN,Self-Employed Professional,109000.0,13000.0,96000.0,123000.0
RET-00131,22,M,Unmarried,SC,Salaried,25000.0,5000.0,20000.0,23000.0
RET-00132,38,M,Married,GEN,Salaried,33000.0,4000.0,29000.0,24000.0
RET-00133,27,M,Married,GEN,Salaried,267000.0,32000.0,235000.0,438000.0
RET-00134,42,M,Unmarried,GEN,Salaried,148000.0,19000.0,129000.0,153000.0
RET-00135,28,M,Married,GEN,Salaried,52000.0,12000.0,40000.0,53000.0
RET-00136,53,M,Unmarried,GEN,Salaried,30000.0,6000.0,24000.0,12000.0
RET-00137,30,F,Unmarried,GEN,Salaried,35000.0,6000.0,29000.0,53000.0
RET-00138,34,F,Married,GEN,Salaried,99000.0,21000.0,78000.0,175000.0
RET-00139,46,M,Married,GEN,Self-Employed Professional,239000.0,27000.0,212000.0,598000.0
RET-00140,25,M,Married,SC,Salaried,230000.0,23000.0,207000.0,206000.0
RET-00141,40,M,Married,GEN,Self-Employed Non-Professional,28000.0,4000.0,24000.0,67000.0
RET-00142,51,M,Unmarried,GEN,Salaried,61000.0,8000.0,53000.0,74000.0
RET-00143,21,M,Married,GEN,Salaried,44000.0,6000.0,38000.0,95000.0
RET-00144,39,M,Married,OBC,Salaried,79000.0,19000.0,60000.0,165000.0
RET-00145,40,M,Married,OBC,Salaried,33000.0,6000.0,27000.0,78000.0
RET-00146,45,M,Married,ST,Salaried,53000.0,10000.0,43000.0,56000.0
RET-00147,25,M,Married,SC,Self-Employed Professional,43000.0,5000.0,38000.0,44000.0
RET-00148,24,M,Unmarried,GEN,Salaried,100000.0,16000.0,84000.0,134000.0
RET-00149,43,F,Married,GEN,Self-Employed Non-Professional,54000.0,5000.0,49000.0,92000.0
RET-00150,40,F,Married,GEN,Self-Employed Professional,59000.0,5000.0,54000.0,120000.0
RET-00151,40,M,Married,Minority,Salaried,99000.0,21000.0,78000.0,174000.0
RET-00152,41,M,Unmarried,OBC,Salaried,196000.0,26000.0,170000.0,135000.0
RET-00153,31,M,Married,GEN,Self-Employed Professional,260000.0,35000.0,225000.0,457000.0
RET-00154,40,M,Unmarried,GEN,Self-Employed Professional,96000.0,14000.0,82000.0,75000.0
RET-00155,40,M,Married,GEN,Self-Employed Non-Professional,69000.0,4000.0,65000.0,148000.0
RET-00156,30,M,Unmarried,GEN,Self-Employed Professional,161000.0,8000.0,153000.0,450000.0
RET-00157,56,F,Married,SC,Salaried,147000.0,16000.0,131000.0,318000.0
RET-00158,42,M,Unmarried,OBC,Salaried,124000.0,29000.0,95000.0,212000.0
RET-00159,26,F,Married,OBC,Self-Employed Professional,28000.0,2000.0,26000.0,18000.0
RET-00160,44,M,Unmarried,GEN,Salaried,151000.0,36000.0,115000.0,111000.0
RET-00161,28,M,Married,GEN,Salaried,91000.0,12000.0,79000.0,110000.0
RET-00162,45,M,Unmarried,OBC,Self-Employed Professional,43000.0,4000.0,39000.0,111000.0
RET-00163,49,M,Unmarried,OBC,Salaried,49000.0,12000.0,37000.0,49000.0
RET-00164,29,M,Married,GEN,Salaried,104000.0,12000.0,92000.0,233000.0
RET-00165,47,M,Married,OBC,Self-Employed Professional,25000.0,3000.0,22000.0,17000.0
RET-00166,42,M,Unmarried,SC,Salaried,68000.0,12000.0,56000.0,121000.0
RET-00167,46,M,Married,GEN,Self-Employed Professional,49000.0,5000.0,44000.0,108000.0
RET-00168,56,M,Unmarried,OBC,Self-Employed Professional,46000.0,6000.0,40000.0,74000.0
RET-00169,35,F,Married,GEN,Salaried,56000.0,7000.0,49000.0,118000.0
RET-00170,30,M,Married,OBC,Salaried,30000.0,6000.0,24000.0,55000.0
RET-00171,29,M,Unmarried,GEN,Self-Employed Professional,138000.0,11000.0,127000.0,215000.0
RET-00172,29,M,Married,OBC,Salaried,25000.0,4000.0,21000.0,56000.0
RET-00173,37,F,Unmarried,GEN,Salaried,81000.0,11000.0,70000.0,95000.0
RET-00174,41,M,Unmarried,GEN,Self-Employed Non-Professional,44000.0,5000.0,39000.0,61000.0
RET-00175,40,M,Married,OBC,Self-Employed Professional,240000.0,28000.0,212000.0,392000.0
RET-00176,46,M,Unmarried,OBC,Salaried,74000.0,17000.0,57000.0,47000.0
RET-00177,38,M,Unmarried,ST,Salaried,25000.0,5000.0,20000.0,36000.0
RET-00178,52,M,Married,OBC,Self-Employed Non-Professional,102000.0,7000.0,95000.0,124000.0
RET-00179,35,F,Unmarried,OBC,Self-Employed Professional,38000.0,3000.0,35000.0,40000.0
RET-00180,65,F,Married,OBC,Salaried,132000.0,23000.0,109000.0,212000.0
RET-00181,44,M,Married,GEN,Self-Employed Professional,106000.0,7000.0,99000.0,131000.0
RET-00182,29,M,Married,GEN,Salaried,177000.0,41000.0,136000.0,359000.0
RET-00183,27,M,Unmarried,GEN,Salaried,82000.0,17000.0,65000.0,99000.0
RET-00184,42,M,Married,GEN,Salaried,120000.0,14000.0,106000.0,162000.0
RET-00185,35,F,Married,GEN,Salaried,75000.0,16000.0,59000.0,174000.0
RET-00186,45,M,Married,Minority,Self-Employed Professional,51000.0,6000.0,45000.0,61000.0
RET-00187,42,M,Married,SC,Salaried,139000.0,32000.0,107000.0,89000.0
RET-00188,37,M,Unmarried,Minority,Self-Employed Professional,35000.0,4000.0,31000.0,83000.0
RET-00189,29,F,Unmarried,Minority,Salaried,72000.0,16000.0,56000.0,156000.0
RET-00190,22,M,Married,GEN,Salaried,52000.0,5000.0,47000.0,50000.0
RET-00191,33,M,Married,GEN,Salaried,121000.0,30000.0,91000.0,246000.0
RET-00192,46,M,Married,OBC,Salaried,41000.0,8000.0,33000.0,57000.0
RET-00193,40,M,Married,ST,Salaried,57000.0,13000.0,44000.0,27000.0
RET-00194,25,F,Married,GEN,Salaried,75000.0,14000.0,61000.0,114000.0
RET-00195,39,M,Married,OBC,Self-Employed Professional,179000.0,16000.0,163000.0,427000.0
RET-00196,41,M,Married,GEN,Self-Employed Professional,53000.0,6000.0,47000.0,70000.0
RET-00197,29,M,Married,GEN,Self-Employed Professional,57000.0,6000.0,51000.0,96000.0
RET-00198,39,F,Married,GEN,Self-Employed Professional,33000.0,3000.0,30000.0,26000.0
RET-00199,38,M,Unmarried,GEN,Self-Employed Non-Professional,41000.0,5000.0,36000.0,94000.0
RET-00200,26,M,Married,ST,Salaried,94000.0,17000.0,77000.0,59000.0
RET-00201,41,M,Unmarried,GEN,Self-Employed Non-Professional,75000.0,9000.0,66000.0,49000.0
RET-00202,43,M,Married,Minority,Salaried,75000.0,12000.0,63000.0,179000.0
RET-00203,48,F,Married,GEN,Self-Employed Professional,208000.0,29000.0,179000.0,480000.0
RET-00204,48,F,Married,Minority,Self-Employed Professional,27000.0,4000.0,23000.0,45000.0
RET-00205,24,M,Unmarried,OBC,Salaried,294000.0,68000.0,226000.0,173000.0
RET-00206,28,M,Unmarried,OBC,Self-Employed Non-Professional,148000.0,14000.0,134000.0,250000.0
RET-00207,43,F,Unmarried,GEN,Salaried,60000.0,9000.0,51000.0,143000.0
RET-00208,43,M,Unmarried,OBC,Salaried,92000.0,18000.0,74000.0,150000.0
RET-00209,43,M,Married,ST,Salaried,49000.0,9000.0,40000.0,40000.0
RET-00210,65,M,Unmarried,GEN,Salaried,89000.0,10000.0,79000.0,218000.0
RET-00211,43,M,Unmarried,GEN,Self-Employed Professional,266000.0,37000.0,229000.0,610000.0
RET-00212,49,M,Unmarried,GEN,Salaried,50000.0,9000.0,41000.0,77000.0
RET-00213,47,F,Unmarried,GEN,Self-Employed Non-Professional,64000.0,5000.0,59000.0,155000.0
RET-00214,44,F,Unmarried,GEN,Self-Employed Professional,46000.0,7000.0,39000.0,25000.0
RET-00215,34,M,Married,OBC,Salaried,51000.0,9000.0,42000.0,69000.0
RET-00216,45,M,Unmarried,GEN,Salaried,57000.0,8000.0,49000.0,46000.0
RET-00217,30,M,Unmarried,OBC,Salaried,38000.0,6000.0,32000.0,83000.0
RET-00218,35,M,Unmarried,ST,Self-Employed Non-Professional,62000.0,5000.0,57000.0,167000.0
RET-00219,33,M,Married,OBC,Self-Employed Professional,76000.0,8000.0,68000.0,192000.0
RET-00220,38,M,Married,GEN,Salaried,57000.0,13000.0,44000.0,77000.0
RET-00221,61,F,Unmarried,OBC,Salaried,25000.0,6000.0,19000.0,34000.0
RET-00222,21,F,Unmarried,GEN,Salaried,67000.0,16000.0,51000.0,141000.0
RET-00223,44,M,Unmarried,GEN,Salaried,71000.0,10000.0,61000.0,141000.0
RET-00224,21,M,Married,GEN,Self-Employed Professional,228000.0,25000.0,203000.0,139000.0
RET-00225,33,M,Unmarried,Minority,Self-Employed Professional,74000.0,7000.0,67000.0,55000.0
RET-00226,48,F,Married,OBC,Salaried,128000.0,29000.0,99000.0,285000.0
RET-00227,38,M,Unmarried,GEN,Self-Employed Non-Professional,57000.0,5000.0,52000.0,74000.0
RET-00228,27,M,Married,GEN,Salaried,159000.0,22000.0,137000.0,133000.0
RET-00229,30,M,Unmarried,GEN,Salaried,41000.0,7000.0,34000.0,80000.0
RET-00230,44,F,Married,Minority,Self-Employed Professional,99000.0,6000.0,93000.0,251000.0
RET-00231,30,F,Married,Minority,Salaried,121000.0,27000.0,94000.0,96000.0
RET-00232,40,M,Married,GEN,Salaried,111000.0,21000.0,90000.0,102000.0
RET-00233,38,F,Married,GEN,Salaried,268000.0,53000.0,215000.0,591000.0
RET-00234,31,M,Unmarried,OBC,Salaried,52000.0,7000.0,45000.0,24000.0
RET-00235,59,M,Unmarried,GEN,Salaried,171000.0,31000.0,140000.0,388000.0
RET-00236,44,F,Unmarried,GEN,Self-Employed Professional,146000.0,9000.0,137000.0,82000.0
RET-00237,21,F,Married,OBC,Salaried,75000.0,14000.0,61000.0,45000.0
RET-00238,39,M,Unmarried,GEN,Salaried,220000.0,50000.0,170000.0,451000.0
RET-00239,31,M,Married,OBC,Salaried,67000.0,14000.0,53000.0,59000.0
RET-00240,46,F,Unmarried,GEN,Salaried,74000.0,13000.0,61000.0,65000.0
RET-00241,30,F,Unmarried,OBC,Salaried,73000.0,17000.0,56000.0,146000.0
RET-00242,36,F,Married,OBC,Self-Employed Non-Professional,34000.0,4000.0,30000.0,56000.0
RET-00243,43,M,Married,OBC,Self-Employed Non-Professional,115000.0,15000.0,100000.0,138000.0
RET-00244,46,F,Married,OBC,Salaried,105000.0,21000.0,84000.0,192000.0
RET-00245,25,F,Unmarried,GEN,Self-Employed Non-Professional,69000.0,10000.0,59000.0,149000.0
RET-00246,34,M,Married,GEN,Salaried,211000.0,33000.0,178000.0,473000.0
RET-00247,33,F,Unmarried,GEN,Salaried,56000.0,7000.0,49000.0,39000.0
RET-00248,31,M,Married,GEN,Self-Employed Professional,26000.0,2000.0,24000.0,47000.0
RET-00249,55,M,Unmarried,GEN,Self-Employed Professional,229000.0,12000.0,217000.0,476000.0
RET-00250,42,M,Unmarried,OBC,Salaried,134000.0,16000.0,118000.0,93000.0
RET-00251,25,M,Married,GEN,Salaried,106000.0,13000.0,93000.0,188000.0
RET-00252,47,M,Unmarried,GEN,Salaried,60000.0,12000.0,48000.0,28000.0
RET-00253,59,F,Unmarried,SC,Salaried,90000.0,11000.0,79000.0,107000.0
RET-00254,48,M,Unmarried,OBC,Salaried,34000.0,8000.0,26000.0,24000.0
RET-00255,22,M,Married,GEN,Self-Employed Professional,64000.0,9000.0,55000.0,105000.0
RET-00256,33,F,Married,GEN,Salaried,43000.0,7000.0,36000.0,35000.0
RET-00257,50,M,Married,GEN,Salaried,86000.0,16000.0,70000.0,173000.0
RET-00258,30,M,Married,GEN,Salaried,127000.0,13000.0,114000.0,92000.0
RET-00259,42,M,Married,ST,Self-Employed Non-Professional,39000.0,5000.0,34000.0,81000.0
RET-00260,45,M,Married,GEN,Salaried,113000.0,16000.0,97000.0,72000.0
RET-00261,28,M,Unmarried,OBC,Salaried,82000.0,9000.0,73000.0,117000.0
RET-00262,37,F,Married,Minority,Salaried,110000.0,24000.0,86000.0,193000.0
RET-00263,21,M,Unmarried,OBC,Self-Employed Professional,63000.0,9000.0,54000.0,49000.0
RET-00264,27,F,Married,GEN,Salaried,112000.0,21000.0,91000.0,217000.0
RET-00265,35,M,Unmarried,OBC,Salaried,48000.0,11000.0,37000.0,107000.0
RET-00266,25,M,Unmarried,SC,Salaried,27000.0,6000.0,21000.0,30000.0
RET-00267,54,M,Married,OBC,Salaried,31000.0,5000.0,26000.0,13000.0
RET-00268,23,F,Unmarried,ST,Salaried,54000.0,12000.0,42000.0,71000.0
RET-00269,33,M,Married,OBC,Salaried,28000.0,4000.0,24000.0,66000.0
RET-00270,39,M,Unmarried,SC,Salaried,185000.0,32000.0,153000.0,331000.0
RET-00271,52,M,Married,Minority,Self-Employed Professional,70000.0,8000.0,62000.0,140000.0
RET-00272,23,M,Married,OBC,Salaried,127000.0,14000.0,113000.0,280000.0
RET-00273,49,M,Married,OBC,Self-Employed Professional,117000.0,14000.0,103000.0,285000.0
RET-00274,38,M,Married,OBC,Salaried,73000.0,14000.0,59000.0,48000.0
RET-00275,28,M,Married,SC,Self-Employed Non-Professional,500000.0,56000.0,444000.0,877000.0
RET-00276,42,F,Married,SC,Self-Employed Non-Professional,424000.0,37000.0,387000.0,1054000.0
RET-00277,39,M,Married,GEN,Self-Employed Professional,169000.0,20000.0,149000.0,364000.0
RET-00278,31,M,Unmarried,OBC,Self-Employed Non-Professional,42000.0,3000.0,39000.0,44000.0
RET-00279,38,M,Married,SC,Salaried,173000.0,35000.0,138000.0,371000.0
RET-00280,34,M,Married,OBC,Self-Employed Professional,26000.0,3000.0,23000.0,28000.0
RET-00281,39,F,Married,OBC,Salaried,169000.0,20000.0,149000.0,228000.0
RET-00282,44,M,Unmarried,GEN,Self-Employed Professional,25000.0,4000.0,21000.0,20000.0
RET-00283,53,M,Married,GEN,Salaried,60000.0,7000.0,53000.0,144000.0
RET-00284,25,F,Married,SC,Salaried,151000.0,32000.0,119000.0,87000.0
RET-00285,59,M,Married,Minority,Self-Employed Non-Professional,92000.0,12000.0,80000.0,239000.0
RET-00286,21,M,Married,GEN,Salaried,30000.0,3000.0,27000.0,36000.0
RET-00287,36,M,Married,OBC,Self-Employed Professional,81000.0,5000.0,76000.0,173000.0
RET-00288,43,F,Married,SC,Self-Employed Professional,92000.0,7000.0,85000.0,70000.0
RET-00289,40,F,Married,SC,Salaried,83000.0,14000.0,69000.0,119000.0
RET-00290,31,F,Married,OBC,Salaried,57000.0,10000.0,47000.0,28000.0
RET-00291,35,M,Married,GEN,Salaried,122000.0,25000.0,97000.0,262000.0
RET-00292,33,F,Married,OBC,Self-Employed Non-Professional,145000.0,15000.0,130000.0,210000.0
RET-00293,32,M,Married,SC,Self-Employed Non-Professional,67000.0,4000.0,63000.0,148000.0
RET-00294,46,M,Unmarried,OBC,Self-Employed Professional,182000.0,16000.0,166000.0,454000.0
RET-00295,41,F,Married,SC,Self-Employed Non-Professional,67000.0,6000.0,61000.0,41000.0
RET-00296,31,M,Unmarried,GEN,Salaried,55000.0,13000.0,42000.0,75000.0
RET-00297,46,M,Married,Minority,Salaried,165000.0,20000.0,145000.0,141000.0
RET-00298,41,M,Married,SC,Salaried,161000.0,35000.0,126000.0,85000.0
RET-00299,46,M,Unmarried,OBC,Salaried,50000.0,9000.0,41000.0,84000.0
RET-00300,44,F,Married,Minority,Salaried,46000.0,10000.0,36000.0,28000.0
RET-00301,29,M,Married,Minority,Salaried,211000.0,37000.0,174000.0,301000.0
RET-00302,32,M,Married,SC,Self-Employed Professional,69000.0,8000.0,61000.0,61000.0
RET-00303,45,M,Married,OBC,Salaried,73000.0,11000.0,62000.0,62000.0
RET-00304,44,F,Unmarried,OBC,Salaried,63000.0,12000.0,51000.0,92000.0
RET-00305,37,F,Married,GEN,Salaried,162000.0,31000.0,131000.0,247000.0
RET-00306,39,M,Married,GEN,Self-Employed Professional,265000.0,39000.0,226000.0,115000.0
RET-00307,50,F,Unmarried,OBC,Salaried,76000.0,15000.0,61000.0,107000.0
RET-00308,32,F,Unmarried,OBC,Salaried,312000.0,45000.0,267000.0,581000.0
RET-00309,43,M,Unmarried,GEN,Self-Employed Professional,52000.0,5000.0,47000.0,103000.0
RET-00310,35,M,Married,Minority,Salaried,62000.0,14000.0,48000.0,126000.0
RET-00311,35,M,Unmarried,OBC,Salaried,110000.0,26000.0,84000.0,230000.0
RET-00312,48,F,Unmarried,OBC,Self-Employed Professional,45000.0,3000.0,42000.0,86000.0
RET-00313,46,M,Unmarried,GEN,Salaried,109000.0,19000.0,90000.0,153000.0
RET-00314,46,M,Unmarried,GEN,Salaried,54000.0,12000.0,42000.0,42000.0
RET-00315,51,M,Unmarried,ST,Salaried,29000.0,4000.0,25000.0,20000.0
RET-00316,38,F,Married,GEN,Salaried,26000.0,4000.0,22000.0,45000.0
RET-00317,44,M,Married,OBC,Salaried,60000.0,11000.0,49000.0,140000.0
RET-00318,34,F,Unmarried,OBC,Salaried,94000.0,10000.0,84000.0,100000.0
RET-00319,41,F,Married,OBC,Self-Employed Non-Professional,32000.0,2000.0,30000.0,22000.0
RET-00320,36,M,Married,OBC,Salaried,81000.0,10000.0,71000.0,111000.0
RET-00321,38,M,Married,GEN,Salaried,82000.0,12000.0,70000.0,35000.0
RET-00322,43,M,Unmarried,GEN,Salaried,66000.0,11000.0,55000.0,104000.0
RET-00323,29,F,Married,OBC,Self-Employed Non-Professional,42000.0,2000.0,40000.0,25000.0
RET-00324,58,M,Unmarried,SC,Self-Employed Professional,84000.0,9000.0,75000.0,212000.0
RET-00325,27,M,Married,GEN,Salaried,67000.0,10000.0,57000.0,152000.0
RET-00326,25,M,Married,GEN,Salaried,132000.0,19000.0,113000.0,89000.0
RET-00327,49,M,Married,GEN,Salaried,34000.0,3000.0,31000.0,27000.0
RET-00328,45,F,Married,OBC,Salaried,78000.0,16000.0,62000.0,179000.0
RET-00329,44,M,Unmarried,GEN,Salaried,34000.0,5000.0,29000.0,73000.0
RET-00330,44,F,Unmarried,GEN,Salaried,63000.0,8000.0,55000.0,157000.0
RET-00331,37,M,Unmarried,OBC,Salaried,38000.0,8000.0,30000.0,40000.0
RET-00332,29,M,Married,GEN,Salaried,42000.0,4000.0,38000.0,30000.0
RET-00333,38,F,Married,OBC,Salaried,73000.0,17000.0,56000.0,114000.0
RET-00334,31,M,Married,GEN,Salaried,52000.0,11000.0,41000.0,120000.0
RET-00335,47,F,Married,Minority,Salaried,176000.0,22000.0,154000.0,127000.0
RET-00336,36,M,Married,GEN,Self-Employed Non-Professional,148000.0,12000.0,136000.0,346000.0
RET-00337,29,M,Unmarried,GEN,Self-Employed Professional,119000.0,12000.0,107000.0,150000.0
RET-00338,34,M,Married,Minority,Self-Employed Non-Professional,117000.0,11000.0,106000.0,84000.0
RET-00339,42,F,Married,GEN,Salaried,79000.0,15000.0,64000.0,105000.0
RET-00340,32,F,Unmarried,OBC,Salaried,160000.0,32000.0,128000.0,220000.0
RET-00341,29,M,Married,GEN,Self-Employed Professional,61000.0,7000.0,54000.0,28000.0
RET-00342,40,M,Unmarried,GEN,Salaried,261000.0,33000.0,228000.0,384000.0
RET-00343,40,M,Unmarried,OBC,Salaried,42000.0,5000.0,37000.0,78000.0
RET-00344,32,M,Married,Minority,Salaried,37000.0,8000.0,29000.0,70000.0
RET-00345,33,F,Married,GEN,Salaried,32000.0,7000.0,25000.0,19000.0
RET-00346,40,M,Unmarried,OBC,Self-Employed Professional,35000.0,4000.0,31000.0,83000.0
RET-00347,23,F,Married,OBC,Self-Employed Professional,28000.0,3000.0,25000.0,23000.0
RET-00348,23,M,Married,GEN,Self-Employed Non-Professional,83000.0,6000.0,77000.0,165000.0
RET-00349,30,F,Unmarried,OBC,Self-Employed Non-Professional,122000.0,8000.0,114000.0,215000.0
RET-00350,35,M,Married,GEN,Salaried,75000.0,12000.0,63000.0,170000.0
RET-00351,41,M,Married,GEN,Salaried,32000.0,5000.0,27000.0,16000.0
RET-00352,52,F,Unmarried,GEN,Salaried,55000.0,6000.0,49000.0,48000.0
RET-00353,46,M,Unmarried,ST,Salaried,121000.0,21000.0,100000.0,80000.0
RET-00354,36,F,Married,GEN,Salaried,60000.0,8000.0,52000.0,69000.0
RET-00355,37,F,Married,OBC,Salaried,45000.0,5000.0,40000.0,54000.0
RET-00356,27,M,Married,GEN,Salaried,29000.0,6000.0,23000.0,17000.0
RET-00357,37,M,Married,GEN,Self-Employed Professional,57000.0,8000.0,49000.0,88000.0
RET-00358,35,M,Unmarried,OBC,Salaried,48000.0,11000.0,37000.0,29000.0
RET-00359,41,M,Unmarried,SC,Salaried,69000.0,17000.0,52000.0,36000.0
RET-00360,29,M,Unmarried,GEN,Salaried,97000.0,22000.0,75000.0,44000.0
RET-00361,43,M,Married,GEN,Self-Employed Non-Professional,62000.0,6000.0,56000.0,158000.0
RET-00362,53,M,Married,Minority,Self-Employed Professional,82000.0,10000.0,72000.0,107000.0
RET-00363,36,M,Married,GEN,Salaried,97000.0,11000.0,86000.0,104000.0
RET-00364,42,M,Married,OBC,Self-Employed Non-Professional,35000.0,2000.0,33000.0,56000.0
RET-00365,44,M,Married,OBC,Salaried,227000.0,27000.0,200000.0,179000.0
RET-00366,33,M,Married,OBC,Self-Employed Non-Professional,47000.0,2000.0,45000.0,68000.0
RET-00367,40,M,Married,Minority,Salaried,100000.0,21000.0,79000.0,77000.0
RET-00368,38,M,Unmarried,OBC,Salaried,37000.0,5000.0,32000.0,40000.0
RET-00369,38,M,Unmarried,GEN,Salaried,78000.0,15000.0,63000.0,177000.0
RET-00370,30,M,Married,GEN,Salaried,80000.0,8000.0,72000.0,63000.0
RET-00371,38,M,Married,GEN,Self-Employed Non-Professional,198000.0,20000.0,178000.0,300000.0
RET-00372,42,F,Unmarried,GEN,Self-Employed Professional,64000.0,8000.0,56000.0,121000.0
RET-00373,52,M,Unmarried,Minority,Salaried,159000.0,40000.0,119000.0,333000.0
RET-00374,47,M,Married,GEN,Salaried,87000.0,21000.0,66000.0,185000.0
RET-00375,59,F,Unmarried,OBC,Salaried,222000.0,27000.0,195000.0,218000.0
RET-00376,30,F,Unmarried,OBC,Salaried,25000.0,6000.0,19000.0,54000.0
RET-00377,46,M,Married,SC,Self-Employed Non-Professional,98000.0,6000.0,92000.0,122000.0
RET-00378,39,M,Married,OBC,Salaried,25000.0,5000.0,20000.0,55000.0
RET-00379,59,M,Married,OBC,Salaried,71000.0,13000.0,58000.0,43000.0
RET-00380,29,M,Married,GEN,Self-Employed Non-Professional,135000.0,17000.0,118000.0,118000.0
RET-00381,29,F,Married,OBC,Salaried,174000.0,26000.0,148000.0,103000.0
RET-00382,32,M,Unmarried,GEN,Salaried,114000.0,13000.0,101000.0,126000.0
RET-00383,21,F,Unmarried,Minority,Salaried,61000.0,10000.0,51000.0,137000.0
RET-00384,32,M,Married,GEN,Salaried,101000.0,18000.0,83000.0,75000.0
RET-00385,30,F,Married,GEN,Salaried,331000.0,61000.0,270000.0,287000.0
RET-00386,39,M,Unmarried,GEN,Salaried,77000.0,17000.0,60000.0,62000.0
RET-00387,41,M,Married,SC,Self-Employed Professional,130000.0,18000.0,112000.0,133000.0
RET-00388,56,M,Married,OBC,Self-Employed Professional,57000.0,6000.0,51000.0,28000.0
RET-00389,47,M,Unmarried,GEN,Self-Employed Professional,139000.0,20000.0,119000.0,186000.0
RET-00390,32,M,Married,GEN,Self-Employed Non-Professional,126000.0,12000.0,114000.0,335000.0
RET-00391,29,F,Married,GEN,Salaried,51000.0,8000.0,43000.0,70000.0
RET-00392,42,M,Married,GEN,Salaried,117000.0,22000.0,95000.0,241000.0
RET-00393,24,F,Married,OBC,Self-Employed Professional,120000.0,12000.0,108000.0,208000.0
RET-00394,56,M,Married,GEN,Salaried,114000.0,20000.0,94000.0,50000.0
RET-00395,49,M,Married,OBC,Salaried,71000.0,11000.0,60000.0,118000.0
RET-00396,33,F,Married,GEN,Salaried,153000.0,32000.0,121000.0,347000.0
RET-00397,21,M,Married,Minority,Self-Employed Professional,42000.0,4000.0,38000.0,72000.0
RET-00398,51,M,Married,GEN,Salaried,74000.0,12000.0,62000.0,113000.0
RET-00399,36,M,Married,OBC,Salaried,78000.0,15000.0,63000.0,137000.0
RET-00400,50,M,Married,OBC,Salaried,148000.0,36000.0,112000.0,300000.0
RET-00401,22,F,Unmarried,GEN,Self-Employed Professional,41000.0,2000.0,39000.0,75000.0
RET-00402,32,M,Married,GEN,Salaried,85000.0,10000.0,75000.0,114000.0
RET-00403,38,M,Unmarried,GEN,Salaried,54000.0,8000.0,46000.0,27000.0
RET-00404,38,F,Married,GEN,Self-Employed Professional,78000.0,6000.0,72000.0,56000.0
RET-00405,33,M,Married,GEN,Self-Employed Professional,93000.0,11000.0,82000.0,174000.0
RET-00406,44,M,Unmarried,GEN,Salaried,34000.0,6000.0,28000.0,57000.0
RET-00407,27,F,Married,GEN,Salaried,156000.0,31000.0,125000.0,137000.0
RET-00408,36,M,Unmarried,GEN,Salaried,95000.0,21000.0,74000.0,170000.0
RET-00409,39,F,Married,GEN,Self-Employed Non-Professional,44000.0,5000.0,39000.0,47000.0
RET-00410,43,M,Married,GEN,Salaried,60000.0,13000.0,47000.0,59000.0
RET-00411,45,F,Unmarried,GEN,Salaried,179000.0,38000.0,141000.0,92000.0
RET-00412,26,F,Married,OBC,Salaried,94000.0,21000.0,73000.0,137000.0
RET-00413,22,M,Married,OBC,Self-Employed Professional,41000.0,4000.0,37000.0,45000.0
RET-00414,50,M,Unmarried,Minority,Self-Employed Professional,46000.0,3000.0,43000.0,110000.0
RET-00415,41,M,Unmarried,GEN,Salaried,106000.0,17000.0,89000.0,223000.0
RET-00416,30,F,Married,GEN,Salaried,114000.0,16000.0,98000.0,80000.0
RET-00417,53,M,Married,GEN,Self-Employed Non-Professional,91000.0,5000.0,86000.0,77000.0
RET-00418,39,M,Married,OBC,Self-Employed Professional,61000.0,3000.0,58000.0,76000.0
RET-00419,49,M,Married,OBC,Self-Employed Non-Professional,119000.0,9000.0,110000.0,215000.0
RET-00420,38,F,Married,GEN,Self-Employed Non-Professional,61000.0,7000.0,54000.0,73000.0
RET-00421,58,M,Unmarried,SC,Salaried,44000.0,6000.0,38000.0,52000.0
RET-00422,55,M,Married,OBC,Salaried,189000.0,36000.0,153000.0,130000.0
RET-00423,35,M,Unmarried,Minority,Self-Employed Professional,98000.0,6000.0,92000.0,123000.0
RET-00424,47,M,Married,GEN,Salaried,46000.0,9000.0,37000.0,62000.0
RET-00425,44,M,Married,GEN,Salaried,79000.0,8000.0,71000.0,210000.0
RET-00426,51,M,Unmarried,GEN,Salaried,74000.0,12000.0,62000.0,161000.0
RET-00427,28,F,Married,GEN,Self-Employed Non-Professional,59000.0,7000.0,52000.0,129000.0
RET-00428,44,F,Married,Minority,Salaried,84000.0,21000.0,63000.0,120000.0
RET-00429,48,M,Married,GEN,Salaried,42000.0,10000.0,32000.0,45000.0
RET-00430,21,M,Unmarried,OBC,Self-Employed Professional,124000.0,18000.0,106000.0,280000.0
RET-00431,26,M,Married,GEN,Self-Employed Non-Professional,73000.0,4000.0,69000.0,94000.0
RET-00432,21,M,Married,GEN,Self-Employed Non-Professional,28000.0,4000.0,24000.0,48000.0
RET-00433,35,M,Unmarried,GEN,Salaried,64000.0,10000.0,54000.0,62000.0
RET-00434,45,M,Married,GEN,Salaried,51000.0,10000.0,41000.0,100000.0
RET-00435,53,M,Unmarried,OBC,Salaried,25000.0,3000.0,22000.0,39000.0
RET-00436,38,F,Married,Minority,Self-Employed Non-Professional,67000.0,7000.0,60000.0,164000.0
RET-00437,54,F,Married,OBC,Salaried,136000.0,32000.0,104000.0,200000.0
RET-00438,24,M,Unmarried,OBC,Self-Employed Professional,69000.0,10000.0,59000.0,54000.0
RET-00439,21,M,Unmarried,GEN,Salaried,112000.0,25000.0,87000.0,259000.0
RET-00440,37,F,Unmarried,SC,Salaried,74000.0,13000.0,61000.0,107000.0
RET-00441,41,F,Unmarried,GEN,Salaried,56000.0,7000.0,49000.0,55000.0
RET-00442,37,M,Married,Minority,Self-Employed Non-Professional,47000.0,6000.0,41000.0,54000.0
RET-00443,21,M,Married,OBC,Self-Employed Non-Professional,34000.0,4000.0,30000.0,24000.0
RET-00444,37,M,Married,GEN,Self-Employed Non-Professional,127000.0,7000.0,120000.0,82000.0
RET-00445,24,M,Unmarried,GEN,Salaried,113000.0,15000.0,98000.0,159000.0
RET-00446,44,M,Unmarried,Minority,Self-Employed Professional,62000.0,9000.0,53000.0,153000.0
RET-00447,41,M,Unmarried,GEN,Self-Employed Non-Professional,25000.0,3000.0,22000.0,18000.0
RET-00448,28,M,Married,GEN,Salaried,97000.0,11000.0,86000.0,237000.0
RET-00449,32,M,Married,GEN,Self-Employed Non-Professional,42000.0,3000.0,39000.0,97000.0
RET-00450,27,M,Married,OBC,Salaried,80000.0,10000.0,70000.0,176000.0
RET-00451,37,F,Unmarried,GEN,Self-Employed Non-Professional,29000.0,3000.0,26000.0,59000.0
RET-00452,47,M,Married,SC,Self-Employed Professional,77000.0,8000.0,69000.0,137000.0
RET-00453,28,M,Unmarried,Minority,Salaried,68000.0,11000.0,57000.0,46000.0
RET-00454,43,M,Married,Minority,Salaried,25000.0,4000.0,21000.0,41000.0
RET-00455,32,M,Married,GEN,Salaried,193000.0,40000.0,153000.0,211000.0
RET-00456,30,M,Married,OBC,Salaried,60000.0,13000.0,47000.0,36000.0
RET-00457,36,M,Married,GEN,Salaried,63000.0,12000.0,51000.0,128000.0
RET-00458,27,M,Married,OBC,Self-Employed Professional,101000.0,13000.0,88000.0,164000.0
RET-00459,32,M,Married,SC,Salaried,71000.0,7000.0,64000.0,151000.0
RET-00460,26,M,Married,OBC,Salaried,91000.0,16000.0,75000.0,127000.0
RET-00461,57,F,Married,ST,Self-Employed Non-Professional,37000.0,4000.0,33000.0,62000.0
RET-00462,38,M,Unmarried,SC,Salaried,67000.0,9000.0,58000.0,132000.0
RET-00463,31,M,Unmarried,GEN,Self-Employed Non-Professional,25000.0,4000.0,21000.0,23000.0
RET-00464,40,M,Married,OBC,Salaried,63000.0,11000.0,52000.0,136000.0
RET-00465,36,M,Married,GEN,Self-Employed Non-Professional,174000.0,16000.0,158000.0,245000.0
RET-00466,35,M,Married,GEN,Salaried,30000.0,4000.0,26000.0,59000.0
RET-00467,44,M,Unmarried,GEN,Self-Employed Professional,59000.0,9000.0,50000.0,66000.0
RET-00468,45,F,Married,Minority,Self-Employed Professional,25000.0,2000.0,23000.0,52000.0
RET-00469,32,F,Married,GEN,Self-Employed Non-Professional,73000.0,10000.0,63000.0,38000.0
RET-00470,32,M,Unmarried,OBC,Salaried,97000.0,17000.0,80000.0,226000.0
RET-00471,35,F,Married,OBC,Salaried,92000.0,23000.0,69000.0,170000.0
RET-00472,21,M,Unmarried,SC,Self-Employed Non-Professional,51000.0,3000.0,48000.0,104000.0
RET-00473,22,F,Married,OBC,Salaried,25000.0,6000.0,19000.0,25000.0
RET-00474,51,M,Married,GEN,Salaried,35000.0,4000.0,31000.0,81000.0
RET-00475,54,M,Married,OBC,Salaried,155000.0,30000.0,125000.0,302000.0
RET-00476,35,M,Unmarried,OBC,Salaried,124000.0,17000.0,107000.0,175000.0
RET-00477,43,M,Unmarried,OBC,Salaried,69000.0,11000.0,58000.0,58000.0
RET-00478,41,F,Married,GEN,Salaried,81000.0,16000.0,65000.0,61000.0
RET-00479,65,F,Married,GEN,Salaried,39000.0,7000.0,32000.0,55000.0
RET-00480,49,M,Married,Minority,Salaried,159000.0,28000.0,131000.0,322000.0
RET-00481,36,F,Unmarried,GEN,Salaried,48000.0,11000.0,37000.0,85000.0
RET-00482,28,F,Married,GEN,Self-Employed Professional,95000.0,10000.0,85000.0,147000.0
RET-00483,21,M,Unmarried,GEN,Self-Employed Non-Professional,33000.0,3000.0,30000.0,30000.0
RET-00484,40,M,Married,GEN,Salaried,66000.0,16000.0,50000.0,55000.0
RET-00485,30,M,Married,GEN,Self-Employed Non-Professional,155000.0,21000.0,134000.0,86000.0
RET-00486,23,M,Married,OBC,Self-Employed Non-Professional,41000.0,4000.0,37000.0,35000.0
RET-00487,31,M,Unmarried,Minority,Self-Employed Professional,115000.0,8000.0,107000.0,57000.0
RET-00488,27,M,Unmarried,GEN,Self-Employed Non-Professional,38000.0,6000.0,32000.0,70000.0
RET-00489,54,M,Married,GEN,Salaried,43000.0,7000.0,36000.0,71000.0
RET-00490,46,M,Married,OBC,Self-Employed Non-Professional,73000.0,10000.0,63000.0,187000.0
RET-00491,37,F,Married,GEN,Self-Employed Professional,131000.0,7000.0,124000.0,298000.0
RET-00492,52,M,Married,Minority,Salaried,61000.0,14000.0,47000.0,52000.0
RET-00493,38,M,Unmarried,GEN,Self-Employed Professional,106000.0,13000.0,93000.0,211000.0
RET-00494,29,M,Married,GEN,Salaried,145000.0,25000.0,120000.0,64000.0
RET-00495,53,M,Unmarried,OBC,Salaried,46000.0,7000.0,39000.0,116000.0
RET-00496,43,M,Unmarried,SC,Salaried,29000.0,3000.0,26000.0,53000.0
RET-00497,27,M,Unmarried,OBC,Self-Employed Professional,59000.0,3000.0,56000.0,45000.0
RET-00498,36,M,Unmarried,GEN,Self-Employed Professional,157000.0,9000.0,148000.0,258000.0
RET-00499,29,M,Married,GEN,Salaried,45000.0,10000.0,35000.0,100000.0
RET-00500,24,M,Unmarried,Minority,Salaried,134000.0,24000.0,110000.0,289000.0
RET-00501,47,M,Married,SC,Salaried,62000.0,8000.0,54000.0,67000.0
RET-00502,57,M,Married,GEN,Salaried,210000.0,22000.0,188000.0,280000.0
RET-00503,24,M,Unmarried,SC,Self-Employed Non-Professional,281000.0,38000.0,243000.0,640000.0
RET-00504,43,M,Married,OBC,Self-Employed Non-Professional,136000.0,9000.0,127000.0,349000.0
RET-00505,31,M,Unmarried,OBC,Self-Employed Professional,27000.0,4000.0,23000.0,64000.0
RET-00506,33,F,Unmarried,GEN,Self-Employed Non-Professional,25000.0,2000.0,23000.0,66000.0
RET-00507,32,M,Unmarried,SC,Self-Employed Non-Professional,76000.0,11000.0,65000.0,114000.0
RET-00508,29,F,Married,GEN,Salaried,126000.0,23000.0,103000.0,273000.0
RET-00509,38,F,Unmarried,OBC,Salaried,99000.0,15000.0,84000.0,115000.0
RET-00510,29,M,Married,GEN,Salaried,47000.0,7000.0,40000.0,104000.0
RET-00511,40,M,Unmarried,SC,Salaried,30000.0,4000.0,26000.0,36000.0
RET-00512,37,M,Married,GEN,Self-Employed Professional,128000.0,12000.0,116000.0,234000.0
RET-00513,35,M,Married,GEN,Salaried,223000.0,47000.0,176000.0,294000.0
RET-00514,28,M,Married,GEN,Self-Employed Non-Professional,49000.0,6000.0,43000.0,117000.0
RET-00515,32,M,Married,GEN,Salaried,120000.0,28000.0,92000.0,61000.0
RET-00516,45,M,Married,GEN,Self-Employed Professional,349000.0,37000.0,312000.0,896000.0
RET-00517,43,M,Married,GEN,Salaried,65000.0,15000.0,50000.0,83000.0
RET-00518,28,F,Married,Minority,Salaried,66000.0,14000.0,52000.0,89000.0
RET-00519,38,M,Unmarried,OBC,Self-Employed Professional,102000.0,9000.0,93000.0,239000.0
RET-00520,45,F,Married,OBC,Self-Employed Non-Professional,62000.0,9000.0,53000.0,115000.0
RET-00521,21,F,Married,GEN,Self-Employed Non-Professional,163000.0,13000.0,150000.0,433000.0
RET-00522,43,F,Married,GEN,Self-Employed Professional,57000.0,5000.0,52000.0,97000.0
RET-00523,31,F,Unmarried,GEN,Salaried,72000.0,9000.0,63000.0,119000.0
RET-00524,43,M,Married,SC,Salaried,31000.0,7000.0,24000.0,70000.0
RET-00525,30,M,Married,GEN,Self-Employed Non-Professional,63000.0,6000.0,57000.0,161000.0
RET-00526,21,M,Married,SC,Salaried,40000.0,9000.0,31000.0,32000.0
RET-00527,21,M,Married,GEN,Self-Employed Professional,90000.0,8000.0,82000.0,104000.0
RET-00528,38,F,Married,Minority,Salaried,27000.0,3000.0,24000.0,50000.0
RET-00529,40,F,Married,GEN,Salaried,132000.0,15000.0,117000.0,333000.0
RET-00530,28,M,Unmarried,GEN,Salaried,43000.0,9000.0,34000.0,65000.0
RET-00531,44,M,Married,OBC,Self-Employed Non-Professional,213000.0,28000.0,185000.0,431000.0
RET-00532,21,M,Married,Minority,Self-Employed Non-Professional,166000.0,21000.0,145000.0,107000.0
RET-00533,37,M,Married,OBC,Self-Employed Non-Professional,101000.0,11000.0,90000.0,163000.0
RET-00534,25,M,Married,GEN,Salaried,29000.0,5000.0,24000.0,21000.0
RET-00535,31,M,Unmarried,OBC,Salaried,50000.0,10000.0,40000.0,46000.0
RET-00536,38,F,Married,Minority,Self-Employed Non-Professional,43000.0,6000.0,37000.0,34000.0
RET-00537,29,M,Unmarried,GEN,Salaried,46000.0,5000.0,41000.0,38000.0
RET-00538,34,F,Unmarried,GEN,Salaried,188000.0,37000.0,151000.0,450000.0
RET-00539,48,M,Married,SC,Salaried,67000.0,15000.0,52000.0,65000.0
RET-00540,32,F,Unmarried,ST,Salaried,49000.0,6000.0,43000.0,82000.0
RET-00541,46,M,Married,OBC,Salaried,47000.0,11000.0,36000.0,20000.0
RET-00542,26,F,Unmarried,Minority,Self-Employed Non-Professional,53000.0,7000.0,46000.0,116000.0
RET-00543,43,M,Married,GEN,Self-Employed Non-Professional,101000.0,15000.0,86000.0,189000.0
RET-00544,52,M,Married,OBC,Salaried,28000.0,5000.0,23000.0,25000.0
RET-00545,21,M,Married,OBC,Salaried,78000.0,11000.0,67000.0,40000.0
RET-00546,30,F,Married,OBC,Self-Employed Professional,94000.0,9000.0,85000.0,101000.0
RET-00547,43,M,Married,SC,Salaried,26000.0,5000.0,21000.0,44000.0
RET-00548,35,M,Married,Minority,Self-Employed Non-Professional,31000.0,4000.0,27000.0,15000.0
RET-00549,41,M,Married,GEN,Salaried,71000.0,17000.0,54000.0,37000.0
RET-00550,31,M,Married,GEN,Salaried,174000.0,40000.0,134000.0,204000.0
RET-00551,38,F,Married,GEN,Self-Employed Professional,150000.0,13000.0,137000.0,129000.0
RET-00552,36,M,Married,OBC,Self-Employed Professional,51000.0,4000.0,47000.0,98000.0
RET-00553,49,M,Married,GEN,Salaried,170000.0,27000.0,143000.0,134000.0
RET-00554,40,F,Married,SC,Salaried,60000.0,8000.0,52000.0,155000.0
RET-00555,41,F,Married,GEN,Salaried,60000.0,8000.0,52000.0,83000.0
RET-00556,33,F,Married,GEN,Salaried,77000.0,9000.0,68000.0,59000.0
RET-00557,33,M,Married,OBC,Salaried,121000.0,25000.0,96000.0,66000.0
RET-00558,33,M,Unmarried,OBC,Self-Employed Non-Professional,51000.0,5000.0,46000.0,71000.0
RET-00559,41,M,Married,GEN,Salaried,58000.0,8000.0,50000.0,126000.0
RET-00560,33,F,Married,OBC,Salaried,35000.0,8000.0,27000.0,43000.0
RET-00561,40,M,Married,GEN,Self-Employed Professional,90000.0,7000.0,83000.0,71000.0
RET-00562,58,M,Married,GEN,Salaried,128000.0,14000.0,114000.0,196000.0
RET-00563,46,M,Married,GEN,Self-Employed Non-Professional,133000.0,20000.0,113000.0,152000.0
RET-00564,34,M,Married,OBC,Self-Employed Professional,32000.0,3000.0,29000.0,51000.0
RET-00565,50,F,Married,GEN,Salaried,58000.0,8000.0,50000.0,74000.0
RET-00566,33,M,Married,Minority,Self-Employed Non-Professional,154000.0,11000.0,143000.0,303000.0
RET-00567,21,M,Unmarried,OBC,Salaried,84000.0,18000.0,66000.0,166000.0
RET-00568,27,F,Married,GEN,Self-Employed Professional,75000.0,6000.0,69000.0,187000.0
RET-00569,21,M,Married,GEN,Self-Employed Non-Professional,74000.0,8000.0,66000.0,155000.0
RET-00570,34,M,Unmarried,GEN,Self-Employed Non-Professional,101000.0,12000.0,89000.0,123000.0
RET-00571,38,F,Married,OBC,Salaried,87000.0,20000.0,67000.0,109000.0
RET-00572,54,F,Unmarried,OBC,Salaried,52000.0,8000.0,44000.0,93000.0
RET-00573,41,M,Unmarried,SC,Salaried,124000.0,22000.0,102000.0,107000.0
RET-00574,35,M,Married,GEN,Self-Employed Professional,36000.0,2000.0,34000.0,77000.0
RET-00575,46,M,Married,GEN,Self-Employed Non-Professional,162000.0,21000.0,141000.0,300000.0
RET-00576,21,F,Unmarried,GEN,Salaried,43000.0,10000.0,33000.0,71000.0
RET-00577,40,F,Unmarried,GEN,Salaried,102000.0,14000.0,88000.0,117000.0
RET-00578,45,M,Unmarried,GEN,Self-Employed Non-Professional,66000.0,10000.0,56000.0,112000.0
RET-00579,23,M,Married,Minority,Salaried,55000.0,6000.0,49000.0,49000.0
RET-00580,49,M,Married,OBC,Salaried,165000.0,32000.0,133000.0,130000.0
RET-00581,41,M,Unmarried,SC,Salaried,114000.0,17000.0,97000.0,235000.0
RET-00582,33,M,Married,GEN,Salaried,71000.0,15000.0,56000.0,81000.0
RET-00583,44,F,Unmarried,GEN,Self-Employed Non-Professional,208000.0,28000.0,180000.0,335000.0
RET-00584,60,M,Married,GEN,Self-Employed Non-Professional,132000.0,13000.0,119000.0,147000.0
RET-00585,39,M,Unmarried,GEN,Salaried,45000.0,9000.0,36000.0,39000.0
RET-00586,40,M,Married,OBC,Self-Employed Non-Professional,25000.0,2000.0,23000.0,56000.0
RET-00587,33,M,Married,GEN,Salaried,78000.0,16000.0,62000.0,154000.0
RET-00588,29,M,Unmarried,ST,Self-Employed Non-Professional,168000.0,15000.0,153000.0,396000.0
RET-00589,46,M,Married,Minority,Salaried,105000.0,23000.0,82000.0,216000.0
RET-00590,29,M,Married,GEN,Self-Employed Non-Professional,188000.0,22000.0,166000.0,254000.0
RET-00591,38,M,Married,OBC,Salaried,51000.0,10000.0,41000.0,103000.0
RET-00592,33,M,Unmarried,OBC,Salaried,68000.0,14000.0,54000.0,74000.0
RET-00593,42,F,Unmarried,GEN,Self-Employed Non-Professional,69000.0,5000.0,64000.0,40000.0
RET-00594,41,M,Married,Minority,Salaried,85000.0,21000.0,64000.0,142000.0
RET-00595,48,M,Married,GEN,Self-Employed Non-Professional,116000.0,17000.0,99000.0,99000.0
RET-00596,32,F,Married,OBC,Salaried,195000.0,22000.0,173000.0,282000.0
RET-00597,35,M,Unmarried,GEN,Salaried,221000.0,32000.0,189000.0,172000.0
RET-00598,28,F,Married,GEN,Self-Employed Non-Professional,199000.0,10000.0,189000.0,280000.0
RET-00599,33,M,Married,GEN,Salaried,109000.0,16000.0,93000.0,252000.0
RET-00600,41,F,Married,ST,Salaried,60000.0,7000.0,53000.0,108000.0
RET-00601,45,F,Married,GEN,Salaried,84000.0,14000.0,70000.0,61000.0
RET-00602,28,F,Unmarried,GEN,Salaried,108000.0,23000.0,85000.0,197000.0
RET-00603,46,M,Married,GEN,Salaried,79000.0,9000.0,70000.0,183000.0
RET-00604,51,M,Married,GEN,Salaried,42000.0,8000.0,34000.0,31000.0
RET-00605,42,M,Married,OBC,Self-Employed Professional,55000.0,4000.0,51000.0,120000.0
RET-00606,56,M,Unmarried,SC,Self-Employed Professional,123000.0,11000.0,112000.0,210000.0
RET-00607,30,F,Married,ST,Self-Employed Non-Professional,63000.0,8000.0,55000.0,111000.0
RET-00608,25,M,Married,OBC,Self-Employed Professional,74000.0,11000.0,63000.0,179000.0
RET-00609,21,M,Married,Minority,Salaried,70000.0,15000.0,55000.0,33000.0
RET-00610,52,M,Unmarried,OBC,Salaried,43000.0,8000.0,35000.0,73000.0
RET-00611,44,M,Married,Minority,Salaried,66000.0,10000.0,56000.0,39000.0
RET-00612,37,F,Married,GEN,Salaried,56000.0,8000.0,48000.0,119000.0
RET-00613,40,F,Married,GEN,Salaried,48000.0,10000.0,38000.0,104000.0
RET-00614,26,M,Married,Minority,Self-Employed Non-Professional,39000.0,3000.0,36000.0,26000.0
RET-00615,62,M,Unmarried,OBC,Self-Employed Non-Professional,69000.0,8000.0,61000.0,34000.0
RET-00616,39,M,Married,ST,Self-Employed Professional,106000.0,11000.0,95000.0,274000.0
RET-00617,39,M,Unmarried,GEN,Salaried,143000.0,19000.0,124000.0,349000.0
RET-00618,45,F,Married,ST,Salaried,32000.0,6000.0,26000.0,73000.0
RET-00619,42,F,Married,OBC,Self-Employed Professional,192000.0,10000.0,182000.0,519000.0
RET-00620,40,M,Married,GEN,Self-Employed Non-Professional,87000.0,6000.0,81000.0,142000.0
RET-00621,30,M,Unmarried,GEN,Self-Employed Professional,37000.0,5000.0,32000.0,94000.0
RET-00622,42,M,Married,GEN,Salaried,57000.0,11000.0,46000.0,126000.0
RET-00623,56,M,Unmarried,Minority,Self-Employed Professional,25000.0,2000.0,23000.0,17000.0
RET-00624,51,M,Married,OBC,Self-Employed Professional,28000.0,3000.0,25000.0,63000.0
RET-00625,53,M,Married,Minority,Salaried,205000.0,50000.0,155000.0,354000.0
RET-00626,32,M,Unmarried,GEN,Salaried,48000.0,5000.0,43000.0,36000.0
RET-00627,28,M,Unmarried,Minority,Self-Employed Professional,101000.0,7000.0,94000.0,220000.0
RET-00628,36,M,Married,GEN,Salaried,68000.0,11000.0,57000.0,98000.0
RET-00629,38,F,Married,GEN,Self-Employed Non-Professional,74000.0,4000.0,70000.0,184000.0
RET-00630,48,F,Married,GEN,Salaried,91000.0,17000.0,74000.0,188000.0
RET-00631,21,M,Married,Minority,Salaried,25000.0,3000.0,22000.0,63000.0
RET-00632,53,M,Married,GEN,Salaried,161000.0,27000.0,134000.0,92000.0
RET-00633,36,M,Married,GEN,Salaried,69000.0,10000.0,59000.0,134000.0
RET-00634,33,M,Married,GEN,Salaried,54000.0,7000.0,47000.0,68000.0
RET-00635,27,M,Married,GEN,Self-Employed Non-Professional,97000.0,12000.0,85000.0,207000.0
RET-00636,21,F,Unmarried,ST,Self-Employed Professional,47000.0,6000.0,41000.0,82000.0
RET-00637,46,M,Unmarried,OBC,Self-Employed Non-Professional,83000.0,6000.0,77000.0,134000.0
RET-00638,38,M,Married,OBC,Salaried,66000.0,8000.0,58000.0,30000.0
RET-00639,25,M,Unmarried,Minority,Salaried,112000.0,20000.0,92000.0,186000.0
RET-00640,25,F,Married,OBC,Salaried,64000.0,15000.0,49000.0,76000.0
RET-00641,34,F,Married,SC,Salaried,39000.0,6000.0,33000.0,44000.0
RET-00642,54,M,Married,GEN,Salaried,91000.0,16000.0,75000.0,223000.0
RET-00643,35,M,Married,Minority,Self-Employed Professional,62000.0,5000.0,57000.0,128000.0
RET-00644,22,M,Unmarried,GEN,Salaried,25000.0,3000.0,22000.0,41000.0
RET-00645,35,M,Married,OBC,Salaried,82000.0,17000.0,65000.0,174000.0
RET-00646,35,M,Married,OBC,Salaried,53000.0,8000.0,45000.0,48000.0
RET-00647,21,M,Married,GEN,Salaried,90000.0,21000.0,69000.0,141000.0
RET-00648,37,M,Unmarried,GEN,Self-Employed Non-Professional,44000.0,6000.0,38000.0,101000.0
RET-00649,35,M,Unmarried,GEN,Self-Employed Non-Professional,35000.0,4000.0,31000.0,25000.0
RET-00650,44,M,Unmarried,GEN,Salaried,148000.0,32000.0,116000.0,126000.0
RET-00651,56,F,Married,OBC,Self-Employed Non-Professional,121000.0,13000.0,108000.0,76000.0
RET-00652,49,M,Married,Minority,Salaried,73000.0,16000.0,57000.0,170000.0
RET-00653,35,M,Married,OBC,Salaried,95000.0,23000.0,72000.0,141000.0
RET-00654,26,M,Married,OBC,Salaried,119000.0,14000.0,105000.0,181000.0
RET-00655,63,M,Married,GEN,Self-Employed Professional,73000.0,8000.0,65000.0,87000.0
RET-00656,38,M,Unmarried,GEN,Salaried,35000.0,5000.0,30000.0,49000.0
RET-00657,38,M,Married,OBC,Salaried,88000.0,9000.0,79000.0,193000.0
RET-00658,37,M,Married,Minority,Salaried,133000.0,16000.0,117000.0,327000.0
RET-00659,39,M,Unmarried,ST,Salaried,104000.0,24000.0,80000.0,61000.0
RET-00660,36,M,Unmarried,GEN,Self-Employed Professional,76000.0,10000.0,66000.0,82000.0
RET-00661,32,M,Married,OBC,Self-Employed Non-Professional,103000.0,15000.0,88000.0,86000.0
RET-00662,32,F,Married,OBC,Self-Employed Professional,64000.0,6000.0,58000.0,92000.0
RET-00663,37,M,Married,OBC,Self-Employed Non-Professional,137000.0,18000.0,119000.0,217000.0
RET-00664,32,M,Unmarried,OBC,Self-Employed Professional,164000.0,17000.0,147000.0,339000.0
RET-00665,30,M,Unmarried,SC,Salaried,34000.0,4000.0,30000.0,81000.0
RET-00666,39,F,Married,GEN,Salaried,143000.0,22000.0,121000.0,224000.0
RET-00667,35,M,Unmarried,Minority,Salaried,280000.0,70000.0,210000.0,362000.0
RET-00668,53,F,Unmarried,GEN,Salaried,100000.0,19000.0,81000.0,157000.0
RET-00669,21,F,Married,GEN,Salaried,132000.0,20000.0,112000.0,305000.0
RET-00670,48,M,Unmarried,Minority,Self-Employed Professional,50000.0,4000.0,46000.0,98000.0
RET-00671,50,M,Married,GEN,Salaried,54000.0,9000.0,45000.0,111000.0
RET-00672,21,M,Married,GEN,Self-Employed Professional,64000.0,3000.0,61000.0,140000.0
RET-00673,34,F,Married,GEN,Salaried,57000.0,7000.0,50000.0,140000.0
RET-00674,34,M,Married,OBC,Salaried,33000.0,3000.0,30000.0,76000.0
RET-00675,23,M,Unmarried,GEN,Salaried,66000.0,9000.0,57000.0,77000.0
RET-00676,30,M,Unmarried,GEN,Salaried,121000.0,26000.0,95000.0,250000.0
RET-00677,26,M,Unmarried,GEN,Salaried,34000.0,4000.0,30000.0,50000.0
RET-00678,55,M,Married,SC,Salaried,81000.0,15000.0,66000.0,173000.0
RET-00679,47,M,Married,GEN,Salaried,80000.0,16000.0,64000.0,177000.0
RET-00680,50,M,Married,OBC,Salaried,61000.0,11000.0,50000.0,111000.0
RET-00681,45,M,Married,GEN,Self-Employed Professional,99000.0,6000.0,93000.0,214000.0
RET-00682,26,M,Married,OBC,Salaried,93000.0,14000.0,79000.0,67000.0
RET-00683,32,F,Married,GEN,Self-Employed Professional,58000.0,7000.0,51000.0,67000.0
RET-00684,42,M,Married,OBC,Salaried,138000.0,21000.0,117000.0,222000.0
RET-00685,25,F,Married,OBC,Salaried,102000.0,19000.0,83000.0,42000.0
RET-00686,45,M,Married,GEN,Self-Employed Non-Professional,188000.0,27000.0,161000.0,422000.0
RET-00687,35,M,Married,SC,Self-Employed Non-Professional,70000.0,7000.0,63000.0,90000.0
RET-00688,34,F,Unmarried,ST,Self-Employed Professional,60000.0,8000.0,52000.0,120000.0
RET-00689,45,M,Married,GEN,Salaried,65000.0,8000.0,57000.0,138000.0
RET-00690,42,F,Married,OBC,Salaried,148000.0,25000.0,123000.0,230000.0
RET-00691,34,F,Unmarried,OBC,Self-Employed Professional,67000.0,6000.0,61000.0,151000.0
RET-00692,49,M,Unmarried,GEN,Salaried,69000.0,14000.0,55000.0,121000.0
RET-00693,27,M,Unmarried,GEN,Self-Employed Non-Professional,237000.0,14000.0,223000.0,312000.0
RET-00694,44,M,Married,Minority,Salaried,33000.0,7000.0,26000.0,66000.0
RET-00695,43,M,Married,OBC,Salaried,91000.0,19000.0,72000.0,150000.0
RET-00696,34,M,Unmarried,Minority,Salaried,70000.0,11000.0,59000.0,53000.0
RET-00697,41,M,Unmarried,OBC,Self-Employed Professional,63000.0,8000.0,55000.0,134000.0
RET-00698,25,M,Married,GEN,Salaried,41000.0,5000.0,36000.0,79000.0
RET-00699,47,M,Married,GEN,Self-Employed Non-Professional,49000.0,5000.0,44000.0,53000.0
RET-00700,36,F,Married,OBC,Salaried,57000.0,12000.0,45000.0,117000.0
RET-00701,32,F,Married,OBC,Self-Employed Non-Professional,98000.0,13000.0,85000.0,122000.0
RET-00702,48,M,Married,GEN,Salaried,122000.0,18000.0,104000.0,196000.0
RET-00703,30,F,Married,OBC,Self-Employed Professional,25000.0,4000.0,21000.0,29000.0
RET-00704,23,M,Unmarried,SC,Salaried,36000.0,4000.0,32000.0,74000.0
RET-00705,22,M,Married,SC,Self-Employed Professional,102000.0,13000.0,89000.0,174000.0
RET-00706,44,M,Unmarried,GEN,Salaried,107000.0,16000.0,91000.0,152000.0
RET-00707,25,M,Married,GEN,Salaried,30000.0,7000.0,23000.0,13000.0
RET-00708,55,M,Married,Minority,Salaried,124000.0,14000.0,110000.0,222000.0
RET-00709,21,F,Married,ST,Self-Employed Professional,73000.0,4000.0,69000.0,142000.0
RET-00710,54,F,Unmarried,GEN,Salaried,114000.0,19000.0,95000.0,91000.0
RET-00711,40,M,Married,SC,Salaried,44000.0,7000.0,37000.0,49000.0
RET-00712,37,F,Married,GEN,Salaried,32000.0,4000.0,28000.0,76000.0
RET-00713,32,M,Unmarried,GEN,Salaried,61000.0,9000.0,52000.0,97000.0
RET-00714,41,M,Married,GEN,Self-Employed Professional,62000.0,6000.0,56000.0,89000.0
RET-00715,37,F,Unmarried,GEN,Salaried,60000.0,11000.0,49000.0,139000.0
RET-00716,49,M,Unmarried,ST,Salaried,58000.0,7000.0,51000.0,129000.0
RET-00717,39,M,Unmarried,OBC,Salaried,202000.0,22000.0,180000.0,134000.0
RET-00718,39,M,Married,GEN,Salaried,26000.0,3000.0,23000.0,61000.0
RET-00719,34,M,Married,SC,Salaried,44000.0,7000.0,37000.0,32000.0
RET-00720,37,M,Unmarried,SC,Salaried,57000.0,13000.0,44000.0,41000.0
RET-00721,41,M,Married,GEN,Salaried,74000.0,17000.0,57000.0,39000.0
RET-00722,21,M,Married,OBC,Salaried,112000.0,17000.0,95000.0,162000.0
RET-00723,24,M,Unmarried,OBC,Self-Employed Non-Professional,123000.0,18000.0,105000.0,222000.0
RET-00724,45,M,Married,OBC,Salaried,140000.0,30000.0,110000.0,262000.0
RET-00725,39,M,Unmarried,OBC,Self-Employed Non-Professional,98000.0,8000.0,90000.0,51000.0
RET-00726,36,F,Unmarried,GEN,Salaried,26000.0,4000.0,22000.0,21000.0
RET-00727,38,M,Unmarried,GEN,Self-Employed Professional,27000.0,2000.0,25000.0,51000.0
RET-00728,41,M,Married,SC,Salaried,146000.0,21000.0,125000.0,227000.0
RET-00729,32,M,Married,ST,Salaried,140000.0,21000.0,119000.0,75000.0
RET-00730,30,M,Married,GEN,Self-Employed Professional,107000.0,6000.0,101000.0,287000.0
RET-00731,39,M,Married,GEN,Self-Employed Professional,45000.0,6000.0,39000.0,93000.0
RET-00732,28,M,Married,ST,Salaried,60000.0,8000.0,52000.0,73000.0
RET-00733,42,F,Married,GEN,Salaried,58000.0,7000.0,51000.0,94000.0
RET-00734,21,M,Married,GEN,Salaried,40000.0,7000.0,33000.0,47000.0
RET-00735,48,M,Married,GEN,Self-Employed Non-Professional,85000.0,10000.0,75000.0,123000.0
RET-00736,42,M,Unmarried,GEN,Self-Employed Non-Professional,267000.0,22000.0,245000.0,488000.0
RET-00737,40,M,Married,GEN,Salaried,54000.0,12000.0,42000.0,63000.0
RET-00738,47,M,Married,OBC,Self-Employed Professional,159000.0,16000.0,143000.0,293000.0
RET-00739,54,M,Unmarried,GEN,Salaried,43000.0,7000.0,36000.0,60000.0
RET-00740,48,F,Unmarried,Minority,Self-Employed Professional,29000.0,3000.0,26000.0,56000.0
RET-00741,21,M,Married,Minority,Salaried,132000.0,22000.0,110000.0,127000.0
RET-00742,25,F,Married,Minority,Salaried,64000.0,8000.0,56000.0,52000.0
RET-00743,31,M,Married,ST,Salaried,157000.0,25000.0,132000.0,70000.0
RET-00744,38,M,Married,OBC,Self-Employed Non-Professional,177000.0,20000.0,157000.0,315000.0
RET-00745,43,M,Unmarried,GEN,Self-Employed Non-Professional,62000.0,6000.0,56000.0,165000.0
RET-00746,30,M,Unmarried,GEN,Self-Employed Professional,164000.0,22000.0,142000.0,220000.0
RET-00747,39,F,Married,GEN,Salaried,43000.0,9000.0,34000.0,35000.0
RET-00748,30,M,Unmarried,GEN,Salaried,43000.0,6000.0,37000.0,20000.0
RET-00749,31,M,Unmarried,OBC,Salaried,139000.0,20000.0,119000.0,212000.0
RET-00750,23,F,Unmarried,Minority,Self-Employed Non-Professional,29000.0,4000.0,25000.0,75000.0
RET-00751,28,F,Married,GEN,Self-Employed Non-Professional,73000.0,8000.0,65000.0,192000.0
RET-00752,24,F,Married,OBC,Salaried,155000.0,32000.0,123000.0,93000.0
RET-00753,28,F,Married,OBC,Self-Employed Professional,161000.0,22000.0,139000.0,353000.0
RET-00754,48,M,Married,GEN,Self-Employed Professional,56000.0,5000.0,51000.0,48000.0
RET-00755,28,F,Married,Minority,Salaried,134000.0,21000.0,113000.0,285000.0
RET-00756,64,M,Unmarried,OBC,Salaried,37000.0,5000.0,32000.0,84000.0
RET-00757,42,F,Unmarried,GEN,Salaried,49000.0,10000.0,39000.0,20000.0
RET-00758,39,F,Unmarried,Minority,Self-Employed Professional,84000.0,6000.0,78000.0,85000.0
RET-00759,29,M,Married,OBC,Self-Employed Non-Professional,92000.0,12000.0,80000.0,51000.0
RET-00760,45,F,Married,GEN,Self-Employed Non-Professional,39000.0,4000.0,35000.0,61000.0
RET-00761,32,M,Married,OBC,Self-Employed Professional,224000.0,25000.0,199000.0,113000.0
RET-00762,39,M,Married,OBC,Salaried,25000.0,3000.0,22000.0,45000.0
RET-00763,63,M,Unmarried,GEN,Self-Employed Professional,76000.0,8000.0,68000.0,129000.0
RET-00764,37,F,Married,ST,Self-Employed Non-Professional,82000.0,5000.0,77000.0,112000.0
RET-00765,49,M,Unmarried,Minority,Self-Employed Professional,26000.0,4000.0,22000.0,36000.0
RET-00766,30,M,Married,OBC,Salaried,162000.0,27000.0,135000.0,402000.0
RET-00767,37,M,Married,OBC,Self-Employed Non-Professional,47000.0,7000.0,40000.0,37000.0
RET-00768,55,F,Unmarried,ST,Self-Employed Non-Professional,78000.0,4000.0,74000.0,172000.0
RET-00769,31,M,Married,GEN,Self-Employed Non-Professional,89000.0,9000.0,80000.0,169000.0
RET-00770,56,F,Married,Minority,Self-Employed Non-Professional,31000.0,4000.0,27000.0,58000.0
RET-00771,45,F,Married,OBC,Salaried,38000.0,5000.0,33000.0,45000.0
RET-00772,32,M,Unmarried,GEN,Self-Employed Non-Professional,187000.0,24000.0,163000.0,170000.0
RET-00773,44,M,Unmarried,OBC,Salaried,70000.0,10000.0,60000.0,128000.0
RET-00774,47,F,Unmarried,OBC,Salaried,25000.0,3000.0,22000.0,61000.0
RET-00775,44,F,Unmarried,GEN,Self-Employed Professional,61000.0,5000.0,56000.0,165000.0
RET-00776,22,F,Unmarried,SC,Salaried,72000.0,16000.0,56000.0,95000.0
RET-00777,30,M,Unmarried,OBC,Salaried,83000.0,16000.0,67000.0,105000.0
RET-00778,35,F,Married,SC,Self-Employed Non-Professional,25000.0,4000.0,21000.0,29000.0
RET-00779,37,M,Married,GEN,Salaried,72000.0,15000.0,57000.0,144000.0
RET-00780,44,M,Married,OBC,Self-Employed Non-Professional,44000.0,5000.0,39000.0,44000.0
RET-00781,39,F,Unmarried,SC,Salaried,84000.0,16000.0,68000.0,121000.0
RET-00782,24,M,Married,Minority,Salaried,99000.0,15000.0,84000.0,114000.0
RET-00783,41,F,Married,ST,Salaried,93000.0,17000.0,76000.0,204000.0
RET-00784,44,M,Unmarried,ST,Self-Employed Professional,170000.0,22000.0,148000.0,179000.0
RET-00785,43,F,Married,GEN,Salaried,272000.0,31000.0,241000.0,534000.0
RET-00786,48,M,Unmarried,SC,Self-Employed Non-Professional,37000.0,4000.0,33000.0,65000.0
RET-00787,46,M,Unmarried,GEN,Self-Employed Professional,58000.0,8000.0,50000.0,66000.0
RET-00788,42,F,Married,GEN,Self-Employed Professional,114000.0,16000.0,98000.0,111000.0
RET-00789,37,M,Unmarried,GEN,Salaried,68000.0,9000.0,59000.0,148000.0
RET-00790,21,M,Unmarried,ST,Salaried,25000.0,5000.0,20000.0,36000.0
RET-00791,42,F,Married,GEN,Self-Employed Non-Professional,65000.0,8000.0,57000.0,116000.0
RET-00792,40,M,Unmarried,GEN,Salaried,153000.0,31000.0,122000.0,354000.0
RET-00793,40,F,Unmarried,GEN,Salaried,32000.0,5000.0,27000.0,40000.0
RET-00794,25,M,Married,OBC,Salaried,83000.0,10000.0,73000.0,185000.0
RET-00795,27,M,Married,ST,Self-Employed Non-Professional,25000.0,3000.0,22000.0,46000.0
RET-00796,48,F,Married,GEN,Salaried,123000.0,14000.0,109000.0,216000.0
RET-00797,37,M,Married,OBC,Salaried,85000.0,18000.0,67000.0,43000.0
RET-00798,44,M,Married,GEN,Self-Employed Professional,52000.0,6000.0,46000.0,128000.0
RET-00799,38,M,Unmarried,GEN,Self-Employed Non-Professional,57000.0,8000.0,49000.0,53000.0
RET-00800,38,F,Married,GEN,Salaried,30000.0,3000.0,27000.0,45000.0
RET-00801,47,M,Unmarried,GEN,Salaried,134000.0,24000.0,110000.0,262000.0
RET-00802,32,M,Married,OBC,Salaried,45000.0,6000.0,39000.0,70000.0
RET-00803,38,M,Married,GEN,Salaried,99000.0,23000.0,76000.0,39000.0
RET-00804,33,M,Married,SC,Salaried,41000.0,7000.0,34000.0,98000.0
RET-00805,33,M,Unmarried,Minority,Salaried,273000.0,28000.0,245000.0,135000.0
RET-00806,34,M,Married,GEN,Salaried,186000.0,36000.0,150000.0,109000.0
RET-00807,40,M,Married,GEN,Salaried,254000.0,42000.0,212000.0,225000.0
RET-00808,33,M,Unmarried,SC,Salaried,272000.0,62000.0,210000.0,419000.0
RET-00809,50,M,Married,GEN,Self-Employed Non-Professional,50000.0,7000.0,43000.0,126000.0
RET-00810,29,M,Married,GEN,Salaried,43000.0,7000.0,36000.0,101000.0
RET-00811,36,M,Married,GEN,Salaried,247000.0,42000.0,205000.0,436000.0
RET-00812,33,F,Unmarried,Minority,Salaried,67000.0,15000.0,52000.0,122000.0
RET-00813,52,M,Married,OBC,Salaried,121000.0,23000.0,98000.0,223000.0
RET-00814,39,M,Married,GEN,Self-Employed Professional,50000.0,4000.0,46000.0,102000.0
RET-00815,48,M,Married,GEN,Self-Employed Non-Professional,51000.0,3000.0,48000.0,121000.0
RET-00816,23,M,Unmarried,GEN,Salaried,120000.0,29000.0,91000.0,123000.0
RET-00817,40,F,Married,GEN,Self-Employed Non-Professional,25000.0,2000.0,23000.0,24000.0
RET-00818,46,F,Married,GEN,Self-Employed Professional,117000.0,11000.0,106000.0,145000.0
RET-00819,38,M,Married,SC,Salaried,100000.0,15000.0,85000.0,53000.0
RET-00820,48,M,Married,GEN,Salaried,53000.0,7000.0,46000.0,134000.0
RET-00821,32,M,Unmarried,GEN,Self-Employed Professional,74000.0,7000.0,67000.0,157000.0
RET-00822,52,M,Married,GEN,Self-Employed Non-Professional,82000.0,10000.0,72000.0,74000.0
RET-00823,60,F,Unmarried,GEN,Salaried,84000.0,19000.0,65000.0,74000.0
RET-00824,34,M,Unmarried,Minority,Salaried,111000.0,22000.0,89000.0,265000.0
RET-00825,33,M,Unmarried,GEN,Self-Employed Non-Professional,45000.0,4000.0,41000.0,99000.0
RET-00826,52,M,Married,GEN,Salaried,369000.0,55000.0,314000.0,491000.0
RET-00827,53,F,Unmarried,GEN,Self-Employed Professional,65000.0,7000.0,58000.0,59000.0
RET-00828,32,M,Married,GEN,Salaried,68000.0,9000.0,59000.0,35000.0
RET-00829,33,F,Unmarried,Minority,Salaried,235000.0,45000.0,190000.0,413000.0
RET-00830,35,M,Married,GEN,Salaried,25000.0,5000.0,20000.0,49000.0
RET-00831,24,M,Unmarried,GEN,Self-Employed Professional,233000.0,29000.0,204000.0,157000.0
RET-00832,28,F,Married,GEN,Salaried,77000.0,18000.0,59000.0,30000.0
RET-00833,27,M,Unmarried,SC,Self-Employed Professional,53000.0,7000.0,46000.0,64000.0
RET-00834,30,M,Unmarried,OBC,Salaried,37000.0,9000.0,28000.0,61000.0
RET-00835,37,M,Unmarried,OBC,Salaried,34000.0,6000.0,28000.0,79000.0
RET-00836,40,M,Unmarried,GEN,Salaried,60000.0,7000.0,53000.0,143000.0
RET-00837,53,M,Married,Minority,Self-Employed Professional,86000.0,12000.0,74000.0,164000.0
RET-00838,28,F,Married,GEN,Self-Employed Non-Professional,106000.0,7000.0,99000.0,251000.0
RET-00839,47,M,Unmarried,OBC,Salaried,86000.0,19000.0,67000.0,93000.0
RET-00840,35,F,Unmarried,OBC,Salaried,54000.0,11000.0,43000.0,48000.0
RET-00841,37,M,Married,OBC,Self-Employed Non-Professional,163000.0,12000.0,151000.0,122000.0
RET-00842,44,M,Married,GEN,Salaried,364000.0,86000.0,278000.0,265000.0
RET-00843,26,M,Married,GEN,Salaried,179000.0,21000.0,158000.0,459000.0
RET-00844,41,F,Married,GEN,Salaried,59000.0,7000.0,52000.0,147000.0
RET-00845,39,F,Married,GEN,Self-Employed Non-Professional,99000.0,13000.0,86000.0,53000.0
RET-00846,42,F,Married,OBC,Self-Employed Non-Professional,103000.0,6000.0,97000.0,162000.0
RET-00847,40,M,Married,GEN,Salaried,191000.0,35000.0,156000.0,224000.0
RET-00848,62,M,Married,OBC,Salaried,60000.0,8000.0,52000.0,111000.0
RET-00849,31,M,Married,ST,Self-Employed Non-Professional,41000.0,4000.0,37000.0,49000.0
RET-00850,32,F,Married,GEN,Salaried,144000.0,24000.0,120000.0,144000.0
RET-00851,31,M,Married,GEN,Salaried,93000.0,21000.0,72000.0,182000.0
RET-00852,32,M,Unmarried,ST,Salaried,38000.0,8000.0,30000.0,86000.0
RET-00853,31,M,Married,OBC,Salaried,112000.0,26000.0,86000.0,87000.0
RET-00854,49,M,Unmarried,GEN,Self-Employed Professional,220000.0,23000.0,197000.0,214000.0
RET-00855,52,M,Unmarried,GEN,Salaried,48000.0,5000.0,43000.0,67000.0
RET-00856,32,F,Married,OBC,Salaried,43000.0,9000.0,34000.0,77000.0
RET-00857,29,M,Married,OBC,Salaried,74000.0,13000.0,61000.0,56000.0
RET-00858,42,F,Married,OBC,Self-Employed Professional,110000.0,10000.0,100000.0,167000.0
RET-00859,32,F,Married,OBC,Self-Employed Professional,70000.0,4000.0,66000.0,172000.0
RET-00860,44,M,Married,SC,Salaried,144000.0,25000.0,119000.0,129000.0
RET-00861,40,M,Married,GEN,Self-Employed Non-Professional,86000.0,10000.0,76000.0,47000.0
RET-00862,22,M,Married,OBC,Salaried,134000.0,32000.0,102000.0,282000.0
RET-00863,53,F,Married,Minority,Self-Employed Professional,47000.0,6000.0,41000.0,101000.0
RET-00864,55,M,Unmarried,GEN,Salaried,35000.0,7000.0,28000.0,63000.0
RET-00865,31,M,Married,SC,Salaried,60000.0,8000.0,52000.0,37000.0
RET-00866,34,M,Unmarried,GEN,Salaried,33000.0,5000.0,28000.0,77000.0
RET-00867,40,M,Married,GEN,Salaried,93000.0,21000.0,72000.0,91000.0
RET-00868,41,M,Married,Minority,Self-Employed Non-Professional,25000.0,3000.0,22000.0,23000.0
RET-00869,44,M,Married,GEN,Self-Employed Professional,56000.0,5000.0,51000.0,88000.0
RET-00870,58,F,Unmarried,GEN,Self-Employed Professional,62000.0,6000.0,56000.0,157000.0
RET-00871,36,F,Married,GEN,Salaried,39000.0,7000.0,32000.0,96000.0
RET-00872,30,M,Married,GEN,Self-Employed Non-Professional,61000.0,7000.0,54000.0,110000.0
RET-00873,24,M,Unmarried,OBC,Salaried,73000.0,9000.0,64000.0,185000.0
RET-00874,30,F,Unmarried,GEN,Self-Employed Professional,157000.0,11000.0,146000.0,238000.0
RET-00875,37,M,Married,GEN,Self-Employed Non-Professional,39000.0,2000.0,37000.0,21000.0
RET-00876,55,F,Unmarried,GEN,Salaried,91000.0,12000.0,79000.0,94000.0
RET-00877,32,M,Unmarried,OBC,Self-Employed Professional,102000.0,14000.0,88000.0,110000.0
RET-00878,40,M,Married,OBC,Salaried,72000.0,14000.0,58000.0,142000.0
RET-00879,37,M,Married,OBC,Salaried,54000.0,8000.0,46000.0,37000.0
RET-00880,49,M,Unmarried,OBC,Self-Employed Professional,37000.0,3000.0,34000.0,32000.0
RET-00881,63,F,Unmarried,GEN,Salaried,228000.0,30000.0,198000.0,403000.0
RET-00882,32,M,Married,SC,Salaried,76000.0,17000.0,59000.0,49000.0
RET-00883,33,M,Unmarried,GEN,Salaried,61000.0,6000.0,55000.0,96000.0
RET-00884,48,M,Married,GEN,Salaried,261000.0,48000.0,213000.0,125000.0
RET-00885,44,F,Married,OBC,Salaried,84000.0,12000.0,72000.0,156000.0
RET-00886,56,M,Married,GEN,Self-Employed Professional,336000.0,46000.0,290000.0,804000.0
RET-00887,43,F,Married,GEN,Salaried,31000.0,5000.0,26000.0,70000.0
RET-00888,34,M,Unmarried,GEN,Self-Employed Non-Professional,63000.0,8000.0,55000.0,38000.0
RET-00889,43,M,Married,OBC,Self-Employed Professional,32000.0,4000.0,28000.0,55000.0
RET-00890,49,F,Married,GEN,Salaried,68000.0,10000.0,58000.0,44000.0
RET-00891,46,M,Married,Minority,Self-Employed Non-Professional,68000.0,8000.0,60000.0,38000.0
RET-00892,43,M,Married,GEN,Salaried,56000.0,12000.0,44000.0,89000.0
RET-00893,48,M,Unmarried,OBC,Salaried,76000.0,9000.0,67000.0,129000.0
RET-00894,49,M,Unmarried,ST,Salaried,57000.0,7000.0,50000.0,37000.0
RET-00895,51,M,Married,OBC,Salaried,68000.0,15000.0,53000.0,74000.0
RET-00896,44,M,Unmarried,OBC,Self-Employed Non-Professional,46000.0,4000.0,42000.0,54000.0
RET-00897,36,M,Married,OBC,Salaried,174000.0,30000.0,144000.0,195000.0
RET-00898,39,M,Unmarried,GEN,Self-Employed Non-Professional,38000.0,5000.0,33000.0,44000.0
RET-00899,50,M,Unmarried,SC,Self-Employed Professional,83000.0,12000.0,71000.0,182000.0
RET-00900,29,M,Married,GEN,Salaried,36000.0,4000.0,32000.0,44000.0
RET-00901,41,F,Unmarried,ST,Self-Employed Non-Professional,44000.0,4000.0,40000.0,53000.0
RET-00902,34,F,Married,OBC,Self-Employed Non-Professional,47000.0,3000.0,44000.0,25000.0
RET-00903,38,M,Married,SC,Self-Employed Non-Professional,68000.0,5000.0,63000.0,156000.0
RET-00904,50,M,Married,GEN,Salaried,81000.0,17000.0,64000.0,138000.0
RET-00905,39,F,Unmarried,ST,Salaried,38000.0,4000.0,34000.0,46000.0
RET-00906,38,M,Married,GEN,Salaried,57000.0,11000.0,46000.0,75000.0
RET-00907,24,M,Unmarried,OBC,Self-Employed Professional,40000.0,5000.0,35000.0,87000.0
RET-00908,45,F,Unmarried,GEN,Salaried,39000.0,5000.0,34000.0,46000.0
RET-00909,44,M,Married,OBC,Self-Employed Professional,144000.0,20000.0,124000.0,209000.0
RET-00910,59,M,Married,OBC,Self-Employed Professional,32000.0,3000.0,29000.0,16000.0
RET-00911,34,F,Married,GEN,Salaried,76000.0,15000.0,61000.0,171000.0
RET-00912,40,M,Married,OBC,Salaried,203000.0,31000.0,172000.0,246000.0
RET-00913,40,M,Married,GEN,Self-Employed Non-Professional,151000.0,13000.0,138000.0,171000.0
RET-00914,53,M,Unmarried,OBC,Salaried,94000.0,17000.0,77000.0,156000.0
RET-00915,37,M,Unmarried,OBC,Salaried,72000.0,11000.0,61000.0,111000.0
RET-00916,40,F,Married,GEN,Salaried,114000.0,13000.0,101000.0,152000.0
RET-00917,44,M,Married,OBC,Salaried,91000.0,12000.0,79000.0,222000.0
RET-00918,39,M,Married,OBC,Salaried,172000.0,33000.0,139000.0,196000.0
RET-00919,33,F,Married,GEN,Salaried,67000.0,8000.0,59000.0,177000.0
RET-00920,39,M,Unmarried,Minority,Salaried,133000.0,15000.0,118000.0,292000.0
RET-00921,48,M,Unmarried,OBC,Salaried,60000.0,14000.0,46000.0,127000.0
RET-00922,27,M,Married,GEN,Salaried,228000.0,26000.0,202000.0,244000.0
RET-00923,39,M,Married,GEN,Salaried,66000.0,10000.0,56000.0,38000.0
RET-00924,30,M,Unmarried,OBC,Self-Employed Non-Professional,28000.0,4000.0,24000.0,37000.0
RET-00925,49,F,Married,GEN,Salaried,77000.0,19000.0,58000.0,74000.0
RET-00926,22,F,Married,GEN,Salaried,116000.0,20000.0,96000.0,63000.0
RET-00927,32,M,Married,GEN,Self-Employed Non-Professional,194000.0,17000.0,177000.0,120000.0
RET-00928,41,M,Married,OBC,Salaried,40000.0,9000.0,31000.0,29000.0
RET-00929,53,M,Married,OBC,Salaried,26000.0,6000.0,20000.0,29000.0
RET-00930,37,M,Married,GEN,Self-Employed Non-Professional,99000.0,11000.0,88000.0,250000.0
RET-00931,32,M,Married,OBC,Salaried,97000.0,20000.0,77000.0,165000.0
RET-00932,56,F,Married,Minority,Self-Employed Non-Professional,31000.0,2000.0,29000.0,43000.0
RET-00933,23,M,Married,Minority,Self-Employed Non-Professional,60000.0,6000.0,54000.0,135000.0
RET-00934,21,M,Married,ST,Salaried,62000.0,10000.0,52000.0,100000.0
RET-00935,42,M,Married,SC,Salaried,120000.0,25000.0,95000.0,147000.0
RET-00936,32,M,Unmarried,GEN,Salaried,57000.0,11000.0,46000.0,40000.0
RET-00937,27,M,Married,GEN,Salaried,56000.0,12000.0,44000.0,124000.0
RET-00938,45,M,Married,GEN,Self-Employed Non-Professional,78000.0,10000.0,68000.0,140000.0
RET-00939,40,M,Unmarried,OBC,Salaried,32000.0,5000.0,27000.0,43000.0
RET-00940,32,M,Married,ST,Salaried,229000.0,38000.0,191000.0,305000.0
RET-00941,25,M,Unmarried,GEN,Salaried,128000.0,32000.0,96000.0,232000.0
RET-00942,46,M,Married,GEN,Salaried,48000.0,5000.0,43000.0,41000.0
RET-00943,44,M,Married,OBC,Salaried,37000.0,8000.0,29000.0,45000.0
RET-00944,37,F,Married,GEN,Salaried,39000.0,4000.0,35000.0,23000.0
RET-00945,56,M,Married,GEN,Self-Employed Professional,104000.0,12000.0,92000.0,64000.0
RET-00946,27,M,Married,GEN,Salaried,40000.0,6000.0,34000.0,62000.0
RET-00947,22,M,Married,Minority,Salaried,63000.0,13000.0,50000.0,73000.0
RET-00948,31,F,Unmarried,GEN,Salaried,27000.0,5000.0,22000.0,51000.0
RET-00949,37,M,Married,OBC,Salaried,101000.0,20000.0,81000.0,240000.0
RET-00950,40,M,Married,GEN,Salaried,103000.0,22000.0,81000.0,215000.0
RET-00951,35,M,Married,OBC,Salaried,65000.0,9000.0,56000.0,90000.0
RET-00952,41,M,Unmarried,GEN,Salaried,82000.0,16000.0,66000.0,95000.0
RET-00953,25,M,Unmarried,GEN,Salaried,118000.0,23000.0,95000.0,186000.0
RET-00954,52,M,Unmarried,GEN,Salaried,81000.0,16000.0,65000.0,47000.0
RET-00955,37,F,Married,GEN,Self-Employed Professional,117000.0,9000.0,108000.0,321000.0
RET-00956,49,M,Married,OBC,Salaried,36000.0,5000.0,31000.0,92000.0
RET-00957,41,M,Married,GEN,Self-Employed Professional,92000.0,8000.0,84000.0,236000.0
RET-00958,42,M,Unmarried,ST,Salaried,82000.0,20000.0,62000.0,134000.0
RET-00959,43,M,Unmarried,GEN,Self-Employed Non-Professional,150000.0,22000.0,128000.0,225000.0
RET-00960,42,M,Unmarried,GEN,Salaried,74000.0,12000.0,62000.0,141000.0
RET-00961,44,F,Married,ST,Salaried,69000.0,12000.0,57000.0,73000.0
RET-00962,51,F,Married,GEN,Self-Employed Non-Professional,52000.0,5000.0,47000.0,124000.0
RET-00963,39,M,Married,GEN,Self-Employed Professional,179000.0,19000.0,160000.0,134000.0
RET-00964,45,M,Married,GEN,Self-Employed Non-Professional,25000.0,3000.0,22000.0,55000.0
RET-00965,37,M,Married,SC,Salaried,99000.0,18000.0,81000.0,216000.0
RET-00966,52,M,Married,SC,Salaried,72000.0,13000.0,59000.0,55000.0
RET-00967,31,M,Unmarried,GEN,Salaried,66000.0,16000.0,50000.0,85000.0
RET-00968,56,F,Married,OBC,Self-Employed Professional,60000.0,5000.0,55000.0,150000.0
RET-00969,37,F,Unmarried,OBC,Self-Employed Non-Professional,71000.0,8000.0,63000.0,183000.0
RET-00970,23,M,Married,Minority,Salaried,97000.0,14000.0,83000.0,210000.0
RET-00971,39,M,Married,GEN,Self-Employed Professional,45000.0,5000.0,40000.0,114000.0
RET-00972,31,M,Married,SC,Salaried,79000.0,18000.0,61000.0,173000.0
RET-00973,46,M,Married,GEN,Salaried,90000.0,21000.0,69000.0,204000.0
RET-00974,31,M,Married,GEN,Salaried,41000.0,7000.0,34000.0,52000.0
RET-00975,33,M,Married,GEN,Salaried,99000.0,11000.0,88000.0,107000.0
RET-00976,21,M,Married,OBC,Salaried,91000.0,17000.0,74000.0,154000.0
RET-00977,33,M,Unmarried,OBC,Salaried,45000.0,7000.0,38000.0,37000.0
RET-00978,21,M,Unmarried,OBC,Salaried,36000.0,4000.0,32000.0,61000.0
RET-00979,22,F,Unmarried,OBC,Salaried,45000.0,11000.0,34000.0,66000.0
RET-00980,45,M,Married,OBC,Self-Employed Professional,79000.0,9000.0,70000.0,176000.0
RET-00981,45,M,Married,SC,Salaried,70000.0,14000.0,56000.0,79000.0
RET-00982,42,M,Married,GEN,Salaried,169000.0,28000.0,141000.0,283000.0
RET-00983,28,M,Unmarried,GEN,Salaried,59000.0,13000.0,46000.0,127000.0
RET-00984,37,M,Married,GEN,Self-Employed Non-Professional,43000.0,4000.0,39000.0,61000.0
RET-00985,37,M,Married,GEN,Salaried,108000.0,13000.0,95000.0,183000.0
RET-00986,26,M,Married,OBC,Self-Employed Non-Professional,41000.0,5000.0,36000.0,89000.0
RET-00987,53,M,Married,OBC,Salaried,46000.0,6000.0,40000.0,45000.0
RET-00988,46,F,Unmarried,OBC,Salaried,46000.0,10000.0,36000.0,27000.0
RET-00989,35,M,Married,GEN,Salaried,25000.0,5000.0,20000.0,44000.0
RET-00990,38,M,Married,OBC,Salaried,103000.0,16000.0,87000.0,124000.0
RET-00991,40,M,Unmarried,GEN,Salaried,129000.0,19000.0,110000.0,160000.0
RET-00992,21,M,Married,Minority,Salaried,127000.0,15000.0,112000.0,316000.0
RET-00993,35,F,Married,GEN,Salaried,227000.0,30000.0,197000.0,299000.0
RET-00994,31,M,Married,OBC,Salaried,181000.0,37000.0,144000.0,415000.0
RET-00995,27,M,Unmarried,SC,Self-Employed Professional,60000.0,7000.0,53000.0,41000.0
RET-00996,35,M,Unmarried,Minority,Self-Employed Non-Professional,142000.0,10000.0,132000.0,179000.0
RET-00997,55,M,Married,GEN,Salaried,69000.0,16000.0,53000.0,118000.0
RET-00998,44,F,Unmarried,GEN,Salaried,57000.0,10000.0,47000.0,38000.0
RET-00999,32,M,Married,GEN,Salaried,46000.0,10000.0,36000.0,53000.0
RET-01000,43,M,Married,GEN,Salaried,62000.0,13000.0,49000.0,129000.0
RET-01001,51,F,Married,OBC,Self-Employed Professional,89000.0,5000.0,84000.0,202000.0
RET-01002,47,F,Unmarried,Minority,Self-Employed Professional,189000.0,22000.0,167000.0,201000.0
RET-01003,38,M,Married,GEN,Salaried,113000.0,23000.0,90000.0,125000.0
RET-01004,31,M,Unmarried,OBC,Salaried,46000.0,10000.0,36000.0,63000.0
RET-01005,44,M,Unmarried,ST,Salaried,39000.0,8000.0,31000.0,72000.0
RET-01006,41,M,Unmarried,GEN,Self-Employed Non-Professional,103000.0,10000.0,93000.0,82000.0
RET-01007,46,F,Married,GEN,Salaried,126000.0,18000.0,108000.0,196000.0
RET-01008,44,M,Married,ST,Self-Employed Non-Professional,153000.0,9000.0,144000.0,98000.0
RET-01009,48,M,Married,Minority,Self-Employed Non-Professional,62000.0,9000.0,53000.0,79000.0
RET-01010,32,F,Married,OBC,Self-Employed Non-Professional,97000.0,6000.0,91000.0,89000.0
RET-01011,51,M,Unmarried,GEN,Salaried,122000.0,30000.0,92000.0,117000.0
RET-01012,39,M,Married,GEN,Salaried,33000.0,7000.0,26000.0,35000.0
RET-01013,58,F,Unmarried,OBC,Salaried,86000.0,20000.0,66000.0,160000.0
RET-01014,31,F,Unmarried,GEN,Self-Employed Non-Professional,126000.0,7000.0,119000.0,138000.0
RET-01015,55,F,Married,GEN,Salaried,99000.0,22000.0,77000.0,166000.0
RET-01016,39,M,Married,SC,Self-Employed Professional,70000.0,10000.0,60000.0,110000.0
RET-01017,31,F,Married,SC,Self-Employed Non-Professional,350000.0,27000.0,323000.0,811000.0
RET-01018,33,M,Married,SC,Self-Employed Non-Professional,233000.0,12000.0,221000.0,288000.0
RET-01019,34,M,Married,GEN,Salaried,74000.0,18000.0,56000.0,167000.0
RET-01020,42,F,Married,GEN,Salaried,65000.0,15000.0,50000.0,62000.0
RET-01021,43,M,Married,SC,Salaried,111000.0,18000.0,93000.0,181000.0
RET-01022,32,F,Unmarried,OBC,Salaried,71000.0,8000.0,63000.0,131000.0
RET-01023,37,M,Married,SC,Self-Employed Non-Professional,157000.0,11000.0,146000.0,269000.0
RET-01024,59,M,Married,Minority,Self-Employed Non-Professional,34000.0,3000.0,31000.0,82000.0
RET-01025,55,F,Married,ST,Salaried,63000.0,14000.0,49000.0,38000.0
RET-01026,42,M,Unmarried,OBC,Salaried,110000.0,17000.0,93000.0,185000.0
RET-01027,38,M,Unmarried,GEN,Salaried,134000.0,14000.0,120000.0,212000.0
RET-01028,39,M,Married,OBC,Salaried,30000.0,3000.0,27000.0,42000.0
RET-01029,44,F,Unmarried,OBC,Salaried,41000.0,8000.0,33000.0,45000.0
RET-01030,27,M,Unmarried,GEN,Salaried,27000.0,3000.0,24000.0,21000.0
RET-01031,35,M,Unmarried,SC,Self-Employed Non-Professional,43000.0,2000.0,41000.0,87000.0
RET-01032,21,M,Married,GEN,Self-Employed Non-Professional,34000.0,5000.0,29000.0,23000.0
RET-01033,41,F,Unmarried,SC,Salaried,101000.0,19000.0,82000.0,211000.0
RET-01034,44,F,Married,GEN,Self-Employed Professional,84000.0,11000.0,73000.0,118000.0
RET-01035,33,F,Unmarried,GEN,Salaried,67000.0,9000.0,58000.0,117000.0
RET-01036,53,M,Married,ST,Self-Employed Professional,74000.0,11000.0,63000.0,44000.0
RET-01037,25,M,Unmarried,GEN,Salaried,150000.0,31000.0,119000.0,87000.0
RET-01038,23,M,Unmarried,OBC,Salaried,39000.0,9000.0,30000.0,33000.0
RET-01039,40,M,Married,GEN,Salaried,25000.0,4000.0,21000.0,51000.0
RET-01040,48,M,Unmarried,ST,Salaried,112000.0,22000.0,90000.0,154000.0
RET-01041,54,F,Married,SC,Self-Employed Non-Professional,58000.0,5000.0,53000.0,68000.0
RET-01042,33,F,Married,Minority,Self-Employed Non-Professional,40000.0,5000.0,35000.0,92000.0
RET-01043,48,M,Married,ST,Self-Employed Professional,102000.0,12000.0,90000.0,88000.0
RET-01044,37,M,Unmarried,OBC,Self-Employed Professional,25000.0,3000.0,22000.0,25000.0
RET-01045,36,F,Married,GEN,Salaried,44000.0,11000.0,33000.0,81000.0
RET-01046,46,M,Married,GEN,Salaried,25000.0,5000.0,20000.0,11000.0
RET-01047,44,M,Unmarried,GEN,Self-Employed Professional,85000.0,5000.0,80000.0,84000.0
RET-01048,22,M,Unmarried,OBC,Salaried,188000.0,22000.0,166000.0,299000.0
RET-01049,52,M,Unmarried,SC,Salaried,52000.0,7000.0,45000.0,125000.0
RET-01050,51,F,Married,GEN,Self-Employed Professional,45000.0,6000.0,39000.0,45000.0
RET-01051,31,M,Married,GEN,Salaried,213000.0,22000.0,191000.0,197000.0
RET-01052,41,M,Married,GEN,Salaried,107000.0,12000.0,95000.0,279000.0
RET-01053,42,M,Married,GEN,Salaried,305000.0,44000.0,261000.0,473000.0
RET-01054,40,F,Married,OBC,Salaried,81000.0,9000.0,72000.0,47000.0
RET-01055,32,M,Married,OBC,Self-Employed Professional,84000.0,8000.0,76000.0,91000.0
RET-01056,31,M,Unmarried,OBC,Self-Employed Professional,174000.0,22000.0,152000.0,279000.0
RET-01057,37,F,Married,GEN,Salaried,67000.0,11000.0,56000.0,38000.0
RET-01058,49,F,Married,Minority,Self-Employed Non-Professional,85000.0,9000.0,76000.0,170000.0
RET-01059,43,F,Married,GEN,Self-Employed Non-Professional,25000.0,3000.0,22000.0,40000.0
RET-01060,34,F,Married,GEN,Salaried,207000.0,49000.0,158000.0,359000.0
RET-01061,45,M,Married,OBC,Self-Employed Professional,92000.0,5000.0,87000.0,118000.0
RET-01062,21,M,Married,GEN,Salaried,69000.0,9000.0,60000.0,93000.0
RET-01063,49,M,Unmarried,GEN,Self-Employed Professional,126000.0,15000.0,111000.0,313000.0
RET-01064,21,M,Married,GEN,Self-Employed Non-Professional,36000.0,5000.0,31000.0,32000.0
RET-01065,34,F,Married,OBC,Salaried,53000.0,10000.0,43000.0,26000.0
RET-01066,26,F,Unmarried,ST,Self-Employed Professional,102000.0,13000.0,89000.0,263000.0
RET-01067,25,F,Unmarried,OBC,Self-Employed Non-Professional,75000.0,11000.0,64000.0,33000.0
RET-01068,49,M,Unmarried,OBC,Salaried,96000.0,18000.0,78000.0,212000.0
RET-01069,33,F,Unmarried,GEN,Salaried,85000.0,15000.0,70000.0,180000.0
RET-01070,41,F,Unmarried,GEN,Salaried,107000.0,24000.0,83000.0,143000.0
RET-01071,37,M,Married,GEN,Salaried,33000.0,4000.0,29000.0,66000.0
RET-01072,42,F,Unmarried,ST,Salaried,157000.0,21000.0,136000.0,104000.0
RET-01073,38,M,Married,GEN,Salaried,55000.0,10000.0,45000.0,108000.0
RET-01074,25,M,Married,Minority,Salaried,76000.0,18000.0,58000.0,143000.0
RET-01075,47,M,Married,GEN,Salaried,51000.0,6000.0,45000.0,28000.0
RET-01076,33,M,Married,OBC,Self-Employed Professional,62000.0,8000.0,54000.0,94000.0
RET-01077,22,M,Married,Minority,Self-Employed Non-Professional,84000.0,5000.0,79000.0,227000.0
RET-01078,33,M,Married,GEN,Self-Employed Non-Professional,114000.0,17000.0,97000.0,279000.0
RET-01079,53,F,Married,OBC,Salaried,126000.0,20000.0,106000.0,314000.0
RET-01080,46,M,Unmarried,GEN,Self-Employed Professional,95000.0,13000.0,82000.0,176000.0
RET-01081,34,F,Unmarried,GEN,Self-Employed Non-Professional,51000.0,7000.0,44000.0,38000.0
RET-01082,34,M,Married,GEN,Self-Employed Non-Professional,91000.0,10000.0,81000.0,124000.0
RET-01083,34,M,Unmarried,SC,Self-Employed Non-Professional,84000.0,5000.0,79000.0,183000.0
RET-01084,58,M,Married,GEN,Self-Employed Professional,76000.0,9000.0,67000.0,81000.0
RET-01085,41,M,Unmarried,GEN,Salaried,101000.0,15000.0,86000.0,217000.0
RET-01086,42,M,Married,Minority,Salaried,34000.0,7000.0,27000.0,72000.0
RET-01087,48,M,Married,GEN,Salaried,25000.0,3000.0,22000.0,53000.0
RET-01088,40,M,Married,GEN,Salaried,149000.0,18000.0,131000.0,178000.0
RET-01089,35,M,Married,Minority,Self-Employed Non-Professional,68000.0,7000.0,61000.0,144000.0
RET-01090,36,F,Married,GEN,Salaried,94000.0,23000.0,71000.0,48000.0
RET-01091,37,M,Married,GEN,Self-Employed Non-Professional,43000.0,5000.0,38000.0,51000.0
RET-01092,37,M,Married,SC,Self-Employed Professional,156000.0,22000.0,134000.0,323000.0
RET-01093,45,M,Married,GEN,Salaried,90000.0,12000.0,78000.0,194000.0
RET-01094,38,M,Married,GEN,Salaried,66000.0,7000.0,59000.0,77000.0
RET-01095,45,M,Unmarried,GEN,Salaried,87000.0,20000.0,67000.0,194000.0
RET-01096,37,F,Married,OBC,Self-Employed Professional,26000.0,2000.0,24000.0,28000.0
RET-01097,38,F,Married,GEN,Self-Employed Non-Professional,91000.0,7000.0,84000.0,181000.0
RET-01098,21,M,Unmarried,GEN,Self-Employed Non-Professional,178000.0,26000.0,152000.0,410000.0
RET-01099,47,M,Unmarried,GEN,Salaried,88000.0,16000.0,72000.0,135000.0
RET-01100,41,M,Married,GEN,Salaried,82000.0,17000.0,65000.0,100000.0
RET-01101,47,F,Unmarried,OBC,Salaried,60000.0,10000.0,50000.0,51000.0
RET-01102,21,M,Married,GEN,Salaried,140000.0,18000.0,122000.0,121000.0
RET-01103,58,M,Married,OBC,Self-Employed Non-Professional,153000.0,8000.0,145000.0,130000.0
RET-01104,36,F,Married,OBC,Salaried,56000.0,8000.0,48000.0,77000.0
RET-01105,49,F,Married,GEN,Salaried,91000.0,13000.0,78000.0,146000.0
RET-01106,27,F,Married,GEN,Salaried,84000.0,17000.0,67000.0,174000.0
RET-01107,44,F,Unmarried,GEN,Salaried,93000.0,11000.0,82000.0,86000.0
RET-01108,27,F,Married,GEN,Self-Employed Professional,46000.0,5000.0,41000.0,98000.0
RET-01109,31,M,Unmarried,OBC,Salaried,145000.0,26000.0,119000.0,266000.0
RET-01110,57,M,Married,OBC,Salaried,103000.0,21000.0,82000.0,171000.0
RET-01111,36,F,Married,GEN,Self-Employed Professional,150000.0,13000.0,137000.0,185000.0
RET-01112,40,M,Married,OBC,Salaried,37000.0,9000.0,28000.0,36000.0
RET-01113,46,F,Unmarried,Minority,Self-Employed Professional,39000.0,4000.0,35000.0,84000.0
RET-01114,42,M,Married,GEN,Self-Employed Non-Professional,252000.0,30000.0,222000.0,263000.0
RET-01115,39,M,Unmarried,GEN,Self-Employed Professional,146000.0,10000.0,136000.0,180000.0
RET-01116,41,M,Unmarried,OBC,Salaried,45000.0,9000.0,36000.0,105000.0
RET-01117,62,M,Married,GEN,Self-Employed Professional,123000.0,7000.0,116000.0,348000.0
RET-01118,37,M,Unmarried,SC,Self-Employed Non-Professional,55000.0,7000.0,48000.0,24000.0
RET-01119,40,F,Unmarried,Minority,Salaried,26000.0,5000.0,21000.0,47000.0
RET-01120,48,M,Married,GEN,Self-Employed Professional,25000.0,2000.0,23000.0,42000.0
RET-01121,49,F,Married,SC,Salaried,72000.0,11000.0,61000.0,101000.0
RET-01122,49,M,Married,GEN,Self-Employed Non-Professional,187000.0,25000.0,162000.0,193000.0
RET-01123,44,M,Married,GEN,Salaried,182000.0,43000.0,139000.0,246000.0
RET-01124,26,M,Married,GEN,Self-Employed Non-Professional,156000.0,10000.0,146000.0,240000.0
RET-01125,54,M,Married,GEN,Salaried,120000.0,19000.0,101000.0,152000.0
RET-01126,26,F,Unmarried,OBC,Salaried,88000.0,17000.0,71000.0,186000.0
RET-01127,41,F,Married,GEN,Salaried,146000.0,19000.0,127000.0,149000.0
RET-01128,30,F,Unmarried,OBC,Salaried,25000.0,6000.0,19000.0,38000.0
RET-01129,37,F,Married,GEN,Salaried,132000.0,26000.0,106000.0,282000.0
RET-01130,41,M,Married,GEN,Salaried,37000.0,6000.0,31000.0,91000.0
RET-01131,41,F,Unmarried,GEN,Salaried,42000.0,9000.0,33000.0,66000.0
RET-01132,42,F,Married,GEN,Salaried,111000.0,16000.0,95000.0,171000.0
RET-01133,54,F,Married,GEN,Salaried,128000.0,28000.0,100000.0,260000.0
RET-01134,42,M,Married,OBC,Salaried,51000.0,6000.0,45000.0,44000.0
RET-01135,35,F,Married,GEN,Salaried,108000.0,18000.0,90000.0,187000.0
RET-01136,47,M,Married,OBC,Salaried,103000.0,14000.0,89000.0,59000.0
RET-01137,49,F,Married,GEN,Salaried,61000.0,14000.0,47000.0,101000.0
RET-01138,25,M,Unmarried,OBC,Salaried,80000.0,17000.0,63000.0,157000.0
RET-01139,43,M,Married,OBC,Salaried,255000.0,58000.0,197000.0,130000.0
RET-01140,45,M,Married,GEN,Salaried,62000.0,12000.0,50000.0,131000.0
RET-01141,35,M,Married,OBC,Salaried,63000.0,14000.0,49000.0,40000.0
RET-01142,51,M,Married,GEN,Salaried,80000.0,13000.0,67000.0,63000.0
RET-01143,36,F,Married,SC,Salaried,66000.0,13000.0,53000.0,137000.0
RET-01144,39,M,Married,OBC,Salaried,118000.0,12000.0,106000.0,86000.0
RET-01145,36,M,Married,OBC,Salaried,177000.0,41000.0,136000.0,297000.0
RET-01146,38,M,Unmarried,ST,Self-Employed Non-Professional,63000.0,8000.0,55000.0,68000.0
RET-01147,27,M,Married,SC,Self-Employed Professional,44000.0,6000.0,38000.0,43000.0
RET-01148,23,M,Unmarried,OBC,Self-Employed Non-Professional,239000.0,14000.0,225000.0,478000.0
RET-01149,53,M,Married,GEN,Salaried,79000.0,11000.0,68000.0,52000.0
RET-01150,29,M,Married,OBC,Salaried,26000.0,4000.0,22000.0,43000.0
RET-01151,28,M,Unmarried,GEN,Self-Employed Non-Professional,224000.0,12000.0,212000.0,596000.0
RET-01152,21,M,Unmarried,OBC,Salaried,144000.0,18000.0,126000.0,331000.0
RET-01153,31,M,Married,OBC,Salaried,191000.0,22000.0,169000.0,444000.0
RET-01154,24,M,Unmarried,OBC,Salaried,173000.0,18000.0,155000.0,195000.0
RET-01155,54,F,Unmarried,OBC,Salaried,358000.0,52000.0,306000.0,689000.0
RET-01156,48,M,Unmarried,OBC,Salaried,39000.0,4000.0,35000.0,86000.0
RET-01157,31,M,Married,GEN,Self-Employed Professional,45000.0,5000.0,40000.0,110000.0
RET-01158,60,M,Unmarried,GEN,Self-Employed Non-Professional,54000.0,5000.0,49000.0,57000.0
RET-01159,47,M,Unmarried,OBC,Salaried,54000.0,7000.0,47000.0,113000.0
RET-01160,34,M,Unmarried,GEN,Self-Employed Non-Professional,79000.0,9000.0,70000.0,76000.0
RET-01161,21,M,Unmarried,SC,Salaried,55000.0,6000.0,49000.0,28000.0
RET-01162,60,M,Unmarried,GEN,Salaried,36000.0,8000.0,28000.0,48000.0
RET-01163,24,M,Married,GEN,Self-Employed Professional,43000.0,6000.0,37000.0,89000.0
RET-01164,21,M,Married,OBC,Salaried,61000.0,6000.0,55000.0,57000.0
RET-01165,48,M,Married,OBC,Salaried,145000.0,21000.0,124000.0,77000.0
RET-01166,62,F,Married,GEN,Salaried,52000.0,11000.0,41000.0,59000.0
RET-01167,51,M,Married,GEN,Salaried,119000.0,15000.0,104000.0,105000.0
RET-01168,43,M,Married,GEN,Salaried,33000.0,8000.0,25000.0,36000.0
RET-01169,43,F,Married,GEN,Self-Employed Non-Professional,25000.0,2000.0,23000.0,64000.0
RET-01170,46,F,Unmarried,GEN,Self-Employed Professional,68000.0,6000.0,62000.0,146000.0
RET-01171,45,M,Unmarried,OBC,Salaried,51000.0,6000.0,45000.0,64000.0
RET-01172,40,F,Married,ST,Salaried,43000.0,7000.0,36000.0,47000.0
RET-01173,39,M,Unmarried,GEN,Self-Employed Non-Professional,40000.0,6000.0,34000.0,95000.0
RET-01174,37,M,Married,GEN,Self-Employed Professional,48000.0,5000.0,43000.0,117000.0
RET-01175,30,M,Unmarried,OBC,Salaried,40000.0,10000.0,30000.0,60000.0
RET-01176,35,M,Unmarried,ST,Salaried,43000.0,5000.0,38000.0,53000.0
RET-01177,21,M,Married,GEN,Salaried,32000.0,5000.0,27000.0,67000.0
RET-01178,37,M,Married,GEN,Salaried,25000.0,6000.0,19000.0,41000.0
RET-01179,28,M,Married,GEN,Self-Employed Professional,25000.0,2000.0,23000.0,44000.0
RET-01180,26,M,Unmarried,GEN,Salaried,320000.0,55000.0,265000.0,622000.0
RET-01181,39,M,Unmarried,OBC,Self-Employed Non-Professional,70000.0,5000.0,65000.0,54000.0
RET-01182,51,M,Married,Minority,Salaried,183000.0,25000.0,158000.0,446000.0
RET-01183,47,M,Married,OBC,Salaried,66000.0,14000.0,52000.0,152000.0
RET-01184,22,M,Married,Minority,Salaried,67000.0,8000.0,59000.0,82000.0
RET-01185,28,F,Married,GEN,Salaried,88000.0,17000.0,71000.0,204000.0
RET-01186,47,M,Unmarried,ST,Salaried,107000.0,16000.0,91000.0,227000.0
RET-01187,28,M,Married,GEN,Salaried,35000.0,7000.0,28000.0,80000.0
RET-01188,35,F,Unmarried,GEN,Self-Employed Non-Professional,58000.0,6000.0,52000.0,145000.0
RET-01189,43,M,Unmarried,OBC,Salaried,88000.0,13000.0,75000.0,75000.0
RET-01190,28,F,Unmarried,GEN,Salaried,25000.0,5000.0,20000.0,23000.0
RET-01191,39,M,Married,GEN,Salaried,159000.0,19000.0,140000.0,161000.0
RET-01192,24,M,Married,OBC,Salaried,138000.0,31000.0,107000.0,79000.0
RET-01193,31,M,Married,GEN,Salaried,25000.0,5000.0,20000.0,30000.0
RET-01194,41,M,Unmarried,OBC,Salaried,43000.0,8000.0,35000.0,49000.0
RET-01195,22,M,Married,GEN,Salaried,78000.0,12000.0,66000.0,90000.0
RET-01196,42,F,Married,SC,Self-Employed Non-Professional,121000.0,7000.0,114000.0,156000.0
RET-01197,37,F,Unmarried,GEN,Salaried,183000.0,36000.0,147000.0,96000.0
RET-01198,43,M,Married,OBC,Self-Employed Professional,50000.0,5000.0,45000.0,43000.0
RET-01199,40,F,Married,GEN,Salaried,297000.0,66000.0,231000.0,286000.0
RET-01200,51,M,Married,SC,Salaried,71000.0,14000.0,57000.0,155000.0
RET-01201,39,M,Married,OBC,Salaried,64000.0,8000.0,56000.0,158000.0
RET-01202,33,M,Married,GEN,Salaried,102000.0,12000.0,90000.0,109000.0
RET-01203,39,F,Married,GEN,Salaried,88000.0,21000.0,67000.0,150000.0
RET-01204,43,M,Unmarried,GEN,Salaried,85000.0,12000.0,73000.0,192000.0
RET-01205,38,M,Unmarried,OBC,Self-Employed Non-Professional,242000.0,12000.0,230000.0,406000.0
RET-01206,38,F,Married,OBC,Self-Employed Professional,85000.0,7000.0,78000.0,186000.0
RET-01207,30,M,Unmarried,GEN,Salaried,41000.0,8000.0,33000.0,97000.0
RET-01208,31,M,Married,OBC,Salaried,44000.0,6000.0,38000.0,34000.0
RET-01209,23,M,Married,ST,Salaried,177000.0,21000.0,156000.0,105000.0
RET-01210,55,M,Unmarried,GEN,Salaried,110000.0,24000.0,86000.0,181000.0
RET-01211,25,M,Unmarried,GEN,Self-Employed Professional,29000.0,3000.0,26000.0,46000.0
RET-01212,31,F,Married,OBC,Self-Employed Non-Professional,28000.0,1000.0,27000.0,34000.0
RET-01213,30,M,Married,OBC,Salaried,74000.0,8000.0,66000.0,184000.0
RET-01214,46,M,Unmarried,GEN,Salaried,106000.0,15000.0,91000.0,238000.0
RET-01215,35,M,Married,GEN,Salaried,49000.0,8000.0,41000.0,48000.0
RET-01216,50,M,Unmarried,GEN,Self-Employed Professional,27000.0,2000.0,25000.0,61000.0
RET-01217,31,M,Married,OBC,Salaried,37000.0,8000.0,29000.0,75000.0
RET-01218,40,F,Unmarried,OBC,Self-Employed Non-Professional,196000.0,23000.0,173000.0,227000.0
RET-01219,29,M,Married,GEN,Self-Employed Professional,99000.0,12000.0,87000.0,65000.0
RET-01220,59,M,Married,GEN,Self-Employed Non-Professional,133000.0,10000.0,123000.0,323000.0
RET-01221,26,M,Married,GEN,Salaried,147000.0,27000.0,120000.0,89000.0
RET-01222,41,M,Married,SC,Salaried,50000.0,5000.0,45000.0,76000.0
RET-01223,44,F,Unmarried,GEN,Self-Employed Professional,58000.0,3000.0,55000.0,54000.0
RET-01224,42,F,Married,OBC,Self-Employed Professional,66000.0,7000.0,59000.0,166000.0
RET-01225,36,M,Unmarried,SC,Salaried,94000.0,18000.0,76000.0,58000.0
RET-01226,36,F,Married,SC,Self-Employed Non-Professional,141000.0,11000.0,130000.0,103000.0
RET-01227,38,M,Married,OBC,Self-Employed Non-Professional,225000.0,27000.0,198000.0,446000.0
RET-01228,36,M,Married,GEN,Salaried,119000.0,16000.0,103000.0,104000.0
RET-01229,47,M,Married,SC,Salaried,120000.0,14000.0,106000.0,88000.0
RET-01230,60,M,Unmarried,OBC,Salaried,232000.0,48000.0,184000.0,169000.0
RET-01231,32,F,Married,OBC,Self-Employed Non-Professional,65000.0,9000.0,56000.0,111000.0
RET-01232,24,M,Unmarried,GEN,Self-Employed Professional,149000.0,16000.0,133000.0,141000.0
RET-01233,37,M,Unmarried,GEN,Salaried,103000.0,19000.0,84000.0,121000.0
RET-01234,63,F,Unmarried,OBC,Salaried,106000.0,16000.0,90000.0,236000.0
RET-01235,29,M,Married,Minority,Salaried,64000.0,14000.0,50000.0,47000.0
RET-01236,54,F,Married,SC,Salaried,32000.0,8000.0,24000.0,62000.0
RET-01237,54,M,Married,SC,Salaried,90000.0,15000.0,75000.0,183000.0
RET-01238,32,M,Married,OBC,Self-Employed Professional,90000.0,6000.0,84000.0,217000.0
RET-01239,43,F,Married,GEN,Self-Employed Professional,52000.0,7000.0,45000.0,62000.0
RET-01240,54,M,Married,OBC,Salaried,69000.0,14000.0,55000.0,92000.0
RET-01241,34,F,Married,OBC,Self-Employed Professional,43000.0,4000.0,39000.0,88000.0
RET-01242,35,M,Unmarried,OBC,Salaried,43000.0,11000.0,32000.0,19000.0
RET-01243,32,F,Unmarried,Minority,Salaried,55000.0,10000.0,45000.0,97000.0
RET-01244,27,M,Unmarried,GEN,Self-Employed Professional,33000.0,4000.0,29000.0,23000.0
RET-01245,31,M,Married,GEN,Salaried,52000.0,10000.0,42000.0,51000.0
RET-01246,25,F,Married,Minority,Salaried,112000.0,28000.0,84000.0,212000.0
RET-01247,38,M,Married,GEN,Salaried,175000.0,36000.0,139000.0,290000.0
RET-01248,30,F,Married,OBC,Salaried,254000.0,30000.0,224000.0,460000.0
RET-01249,40,F,Married,ST,Self-Employed Non-Professional,58000.0,6000.0,52000.0,55000.0
RET-01250,22,F,Married,GEN,Salaried,150000.0,22000.0,128000.0,278000.0
RET-01251,41,F,Married,SC,Salaried,89000.0,20000.0,69000.0,57000.0
RET-01252,46,M,Unmarried,GEN,Self-Employed Non-Professional,63000.0,8000.0,55000.0,160000.0
RET-01253,21,M,Unmarried,SC,Salaried,93000.0,21000.0,72000.0,81000.0
RET-01254,41,M,Married,GEN,Salaried,142000.0,18000.0,124000.0,318000.0
RET-01255,50,M,Married,OBC,Salaried,54000.0,13000.0,41000.0,115000.0
RET-01256,25,M,Unmarried,OBC,Self-Employed Non-Professional,53000.0,6000.0,47000.0,44000.0
RET-01257,54,M,Married,GEN,Self-Employed Professional,57000.0,6000.0,51000.0,27000.0
RET-01258,42,M,Married,OBC,Salaried,50000.0,5000.0,45000.0,121000.0
RET-01259,30,M,Married,Minority,Self-Employed Professional,150000.0,11000.0,139000.0,335000.0
RET-01260,37,M,Married,OBC,Salaried,46000.0,11000.0,35000.0,31000.0
RET-01261,43,F,Married,Minority,Salaried,51000.0,6000.0,45000.0,116000.0
RET-01262,38,M,Unmarried,GEN,Self-Employed Professional,88000.0,12000.0,76000.0,192000.0
RET-01263,43,M,Married,OBC,Salaried,84000.0,20000.0,64000.0,106000.0
RET-01264,28,F,Married,GEN,Self-Employed Professional,57000.0,8000.0,49000.0,140000.0
RET-01265,39,M,Married,Minority,Salaried,201000.0,32000.0,169000.0,330000.0
RET-01266,23,F,Unmarried,GEN,Salaried,50000.0,6000.0,44000.0,71000.0
RET-01267,36,M,Married,GEN,Salaried,66000.0,14000.0,52000.0,28000.0
RET-01268,28,M,Married,GEN,Salaried,25000.0,4000.0,21000.0,61000.0
RET-01269,30,M,Married,GEN,Salaried,61000.0,9000.0,52000.0,43000.0
RET-01270,50,F,Married,Minority,Salaried,33000.0,5000.0,28000.0,35000.0
RET-01271,48,M,Married,GEN,Self-Employed Professional,42000.0,3000.0,39000.0,91000.0
RET-01272,44,F,Married,Minority,Salaried,25000.0,5000.0,20000.0,10000.0
RET-01273,27,M,Unmarried,GEN,Salaried,43000.0,10000.0,33000.0,61000.0
RET-01274,34,M,Unmarried,ST,Salaried,70000.0,15000.0,55000.0,49000.0
RET-01275,50,M,Married,OBC,Salaried,63000.0,14000.0,49000.0,27000.0
RET-01276,39,M,Married,GEN,Self-Employed Non-Professional,57000.0,8000.0,49000.0,103000.0
RET-01277,61,M,Married,GEN,Salaried,60000.0,13000.0,47000.0,94000.0
RET-01278,41,F,Unmarried,GEN,Self-Employed Non-Professional,54000.0,3000.0,51000.0,119000.0
RET-01279,39,M,Married,GEN,Self-Employed Professional,72000.0,6000.0,66000.0,135000.0
RET-01280,34,M,Unmarried,GEN,Salaried,68000.0,12000.0,56000.0,90000.0
RET-01281,39,M,Unmarried,GEN,Self-Employed Non-Professional,86000.0,5000.0,81000.0,137000.0
RET-01282,36,F,Unmarried,GEN,Self-Employed Professional,65000.0,8000.0,57000.0,60000.0
RET-01283,45,F,Unmarried,OBC,Self-Employed Non-Professional,56000.0,6000.0,50000.0,35000.0
RET-01284,47,F,Unmarried,GEN,Salaried,117000.0,25000.0,92000.0,244000.0
RET-01285,30,F,Married,OBC,Salaried,105000.0,25000.0,80000.0,178000.0
RET-01286,24,F,Married,Minority,Salaried,72000.0,10000.0,62000.0,50000.0
RET-01287,21,F,Married,GEN,Salaried,150000.0,29000.0,121000.0,140000.0
RET-01288,43,F,Married,GEN,Self-Employed Non-Professional,77000.0,7000.0,70000.0,186000.0
RET-01289,26,M,Married,GEN,Self-Employed Professional,66000.0,5000.0,61000.0,177000.0
RET-01290,21,M,Married,GEN,Self-Employed Professional,70000.0,7000.0,63000.0,156000.0
RET-01291,41,M,Unmarried,OBC,Self-Employed Non-Professional,81000.0,12000.0,69000.0,133000.0
RET-01292,62,M,Married,GEN,Self-Employed Non-Professional,42000.0,3000.0,39000.0,104000.0
RET-01293,37,M,Married,GEN,Salaried,25000.0,6000.0,19000.0,39000.0
RET-01294,46,M,Married,GEN,Self-Employed Professional,87000.0,13000.0,74000.0,166000.0
RET-01295,38,F,Married,SC,Salaried,121000.0,25000.0,96000.0,246000.0
RET-01296,37,M,Married,OBC,Salaried,40000.0,8000.0,32000.0,44000.0
RET-01297,47,F,Unmarried,Minority,Self-Employed Non-Professional,139000.0,13000.0,126000.0,310000.0
RET-01298,35,F,Married,Minority,Self-Employed Non-Professional,27000.0,2000.0,25000.0,25000.0
RET-01299,40,F,Married,GEN,Self-Employed Professional,52000.0,6000.0,46000.0,45000.0
RET-01300,41,F,Married,GEN,Salaried,204000.0,45000.0,159000.0,402000.0
RET-01301,31,F,Unmarried,GEN,Self-Employed Professional,91000.0,7000.0,84000.0,160000.0
RET-01302,47,M,Married,OBC,Salaried,61000.0,10000.0,51000.0,78000.0
RET-01303,36,M,Unmarried,OBC,Salaried,85000.0,13000.0,72000.0,130000.0
RET-01304,30,M,Married,GEN,Salaried,150000.0,36000.0,114000.0,336000.0
RET-01305,43,F,Married,GEN,Salaried,31000.0,7000.0,24000.0,66000.0
RET-01306,29,F,Unmarried,GEN,Salaried,161000.0,33000.0,128000.0,226000.0
RET-01307,38,F,Married,ST,Self-Employed Professional,55000.0,7000.0,48000.0,90000.0
RET-01308,37,M,Unmarried,Minority,Salaried,112000.0,17000.0,95000.0,193000.0
RET-01309,48,M,Married,GEN,Self-Employed Professional,51000.0,3000.0,48000.0,119000.0
RET-01310,42,M,Unmarried,GEN,Salaried,201000.0,41000.0,160000.0,430000.0
RET-01311,37,M,Married,GEN,Salaried,72000.0,18000.0,54000.0,47000.0
RET-01312,46,M,Unmarried,ST,Salaried,33000.0,5000.0,28000.0,58000.0
RET-01313,51,M,Married,Minority,Self-Employed Professional,97000.0,14000.0,83000.0,89000.0
RET-01314,43,F,Married,GEN,Self-Employed Professional,160000.0,22000.0,138000.0,284000.0
RET-01315,38,M,Unmarried,GEN,Salaried,149000.0,17000.0,132000.0,123000.0
RET-01316,24,M,Unmarried,GEN,Salaried,77000.0,14000.0,63000.0,159000.0
RET-01317,27,F,Married,OBC,Self-Employed Professional,119000.0,13000.0,106000.0,228000.0
RET-01318,34,M,Married,OBC,Salaried,57000.0,6000.0,51000.0,136000.0
RET-01319,31,M,Married,OBC,Salaried,104000.0,25000.0,79000.0,226000.0
RET-01320,36,M,Married,Minority,Salaried,91000.0,22000.0,69000.0,196000.0
RET-01321,38,M,Married,GEN,Salaried,25000.0,4000.0,21000.0,18000.0
RET-01322,43,M,Married,SC,Salaried,40000.0,9000.0,31000.0,45000.0
RET-01323,37,M,Married,GEN,Salaried,83000.0,19000.0,64000.0,109000.0
RET-01324,42,M,Married,GEN,Salaried,81000.0,14000.0,67000.0,166000.0
RET-01325,38,M,Married,OBC,Salaried,72000.0,10000.0,62000.0,33000.0
RET-01326,21,M,Unmarried,Minority,Salaried,77000.0,9000.0,68000.0,191000.0
RET-01327,28,F,Married,OBC,Self-Employed Non-Professional,151000.0,14000.0,137000.0,208000.0
RET-01328,36,M,Unmarried,SC,Salaried,90000.0,20000.0,70000.0,145000.0
RET-01329,25,F,Married,SC,Salaried,25000.0,4000.0,21000.0,62000.0
RET-01330,43,M,Married,GEN,Salaried,235000.0,48000.0,187000.0,506000.0
RET-01331,53,M,Married,SC,Salaried,25000.0,5000.0,20000.0,28000.0
RET-01332,50,F,Married,SC,Self-Employed Professional,130000.0,12000.0,118000.0,202000.0
RET-01333,35,M,Unmarried,OBC,Salaried,29000.0,3000.0,26000.0,63000.0
RET-01334,52,M,Married,OBC,Self-Employed Non-Professional,172000.0,11000.0,161000.0,380000.0
RET-01335,39,M,Married,SC,Self-Employed Professional,62000.0,7000.0,55000.0,124000.0
RET-01336,34,M,Unmarried,SC,Self-Employed Non-Professional,92000.0,8000.0,84000.0,44000.0
RET-01337,31,F,Unmarried,GEN,Salaried,25000.0,3000.0,22000.0,22000.0
RET-01338,34,F,Married,SC,Salaried,113000.0,14000.0,99000.0,104000.0
RET-01339,34,M,Married,SC,Salaried,94000.0,20000.0,74000.0,83000.0
RET-01340,39,M,Married,GEN,Self-Employed Professional,106000.0,7000.0,99000.0,73000.0
RET-01341,39,M,Married,OBC,Salaried,129000.0,25000.0,104000.0,262000.0
RET-01342,38,F,Married,GEN,Self-Employed Professional,81000.0,4000.0,77000.0,104000.0
RET-01343,42,F,Married,GEN,Salaried,64000.0,13000.0,51000.0,124000.0
RET-01344,49,F,Unmarried,OBC,Salaried,45000.0,5000.0,40000.0,113000.0
RET-01345,47,M,Married,Minority,Salaried,56000.0,13000.0,43000.0,55000.0
RET-01346,23,F,Married,GEN,Salaried,151000.0,16000.0,135000.0,221000.0
RET-01347,21,M,Unmarried,SC,Salaried,44000.0,4000.0,40000.0,29000.0
RET-01348,47,M,Married,OBC,Salaried,25000.0,3000.0,22000.0,27000.0
RET-01349,24,F,Married,ST,Salaried,40000.0,10000.0,30000.0,56000.0
RET-01350,35,M,Unmarried,SC,Self-Employed Professional,105000.0,11000.0,94000.0,89000.0
RET-01351,26,F,Married,ST,Salaried,61000.0,14000.0,47000.0,87000.0
RET-01352,21,M,Married,SC,Salaried,105000.0,13000.0,92000.0,118000.0
RET-01353,43,F,Married,SC,Salaried,25000.0,3000.0,22000.0,65000.0
RET-01354,45,M,Married,GEN,Self-Employed Non-Professional,25000.0,4000.0,21000.0,30000.0
RET-01355,32,M,Unmarried,GEN,Salaried,86000.0,20000.0,66000.0,39000.0
RET-01356,21,M,Married,GEN,Self-Employed Non-Professional,134000.0,19000.0,115000.0,193000.0
RET-01357,32,M,Married,OBC,Salaried,26000.0,4000.0,22000.0,29000.0
RET-01358,41,M,Married,GEN,Self-Employed Non-Professional,100000.0,14000.0,86000.0,123000.0
RET-01359,23,M,Unmarried,GEN,Salaried,149000.0,17000.0,132000.0,188000.0
RET-01360,39,M,Married,ST,Salaried,73000.0,11000.0,62000.0,168000.0
RET-01361,37,M,Married,OBC,Self-Employed Professional,126000.0,7000.0,119000.0,208000.0
RET-01362,43,M,Unmarried,ST,Self-Employed Non-Professional,82000.0,11000.0,71000.0,80000.0
RET-01363,39,M,Unmarried,GEN,Self-Employed Non-Professional,62000.0,5000.0,57000.0,141000.0
RET-01364,28,F,Married,GEN,Salaried,120000.0,22000.0,98000.0,158000.0
RET-01365,49,F,Married,GEN,Salaried,230000.0,57000.0,173000.0,149000.0
RET-01366,36,M,Married,GEN,Salaried,52000.0,10000.0,42000.0,126000.0
RET-01367,37,M,Married,GEN,Salaried,69000.0,11000.0,58000.0,33000.0
RET-01368,28,F,Unmarried,GEN,Salaried,40000.0,9000.0,31000.0,70000.0
RET-01369,33,M,Married,GEN,Salaried,80000.0,12000.0,68000.0,178000.0
RET-01370,29,M,Married,OBC,Salaried,67000.0,12000.0,55000.0,76000.0
RET-01371,36,M,Married,GEN,Self-Employed Non-Professional,147000.0,19000.0,128000.0,114000.0
RET-01372,55,M,Unmarried,GEN,Salaried,171000.0,25000.0,146000.0,232000.0
RET-01373,24,M,Married,OBC,Salaried,117000.0,21000.0,96000.0,164000.0
RET-01374,21,M,Married,OBC,Salaried,137000.0,28000.0,109000.0,327000.0
RET-01375,52,M,Unmarried,SC,Salaried,48000.0,6000.0,42000.0,23000.0
RET-01376,35,M,Married,GEN,Salaried,41000.0,9000.0,32000.0,68000.0
RET-01377,31,M,Married,Minority,Salaried,95000.0,22000.0,73000.0,183000.0
RET-01378,48,M,Married,Minority,Self-Employed Non-Professional,74000.0,9000.0,65000.0,133000.0
RET-01379,31,M,Married,OBC,Salaried,243000.0,52000.0,191000.0,396000.0
RET-01380,56,M,Married,GEN,Salaried,25000.0,3000.0,22000.0,59000.0
RET-01381,44,F,Married,GEN,Salaried,106000.0,19000.0,87000.0,166000.0
RET-01382,33,M,Married,OBC,Salaried,105000.0,23000.0,82000.0,222000.0
RET-01383,59,M,Married,OBC,Salaried,46000.0,7000.0,39000.0,40000.0
RET-01384,31,M,Married,Minority,Salaried,41000.0,4000.0,37000.0,66000.0
RET-01385,45,M,Married,OBC,Salaried,60000.0,11000.0,49000.0,29000.0
RET-01386,40,M,Married,Minority,Self-Employed Professional,27000.0,2000.0,25000.0,63000.0
RET-01387,51,M,Married,ST,Self-Employed Professional,175000.0,14000.0,161000.0,393000.0
RET-01388,53,F,Unmarried,Minority,Salaried,370000.0,39000.0,331000.0,612000.0
RET-01389,38,M,Married,GEN,Self-Employed Professional,60000.0,5000.0,55000.0,82000.0
RET-01390,30,F,Married,GEN,Salaried,50000.0,7000.0,43000.0,61000.0
RET-01391,42,M,Unmarried,SC,Salaried,33000.0,5000.0,28000.0,28000.0
RET-01392,31,F,Married,SC,Salaried,38000.0,4000.0,34000.0,53000.0
RET-01393,58,F,Unmarried,GEN,Salaried,51000.0,6000.0,45000.0,57000.0
RET-01394,39,F,Unmarried,SC,Salaried,151000.0,29000.0,122000.0,237000.0
RET-01395,34,M,Unmarried,OBC,Self-Employed Professional,497000.0,40000.0,457000.0,1127000.0
RET-01396,39,M,Unmarried,GEN,Self-Employed Professional,47000.0,2000.0,45000.0,101000.0
RET-01397,24,F,Married,OBC,Self-Employed Non-Professional,43000.0,3000.0,40000.0,71000.0
RET-01398,28,F,Unmarried,Minority,Salaried,36000.0,6000.0,30000.0,86000.0
RET-01399,50,F,Married,OBC,Salaried,96000.0,20000.0,76000.0,75000.0
RET-01400,31,M,Married,SC,Salaried,90000.0,21000.0,69000.0,145000.0
RET-01401,27,F,Unmarried,GEN,Self-Employed Non-Professional,78000.0,5000.0,73000.0,53000.0
RET-01402,43,M,Married,OBC,Self-Employed Professional,56000.0,6000.0,50000.0,109000.0
RET-01403,49,M,Unmarried,Minority,Self-Employed Non-Professional,165000.0,15000.0,150000.0,347000.0
RET-01404,45,M,Married,GEN,Salaried,116000.0,19000.0,97000.0,238000.0
RET-01405,47,M,Married,GEN,Salaried,113000.0,26000.0,87000.0,188000.0
RET-01406,30,F,Married,OBC,Salaried,91000.0,12000.0,79000.0,64000.0
RET-01407,23,M,Married,Minority,Self-Employed Non-Professional,65000.0,6000.0,59000.0,36000.0
RET-01408,53,M,Married,GEN,Self-Employed Non-Professional,48000.0,4000.0,44000.0,101000.0
RET-01409,34,M,Married,GEN,Salaried,100000.0,11000.0,89000.0,222000.0
RET-01410,35,M,Married,GEN,Salaried,94000.0,22000.0,72000.0,42000.0
RET-01411,51,M,Unmarried,GEN,Self-Employed Professional,103000.0,15000.0,88000.0,77000.0
RET-01412,43,M,Married,OBC,Salaried,29000.0,5000.0,24000.0,59000.0
RET-01413,42,M,Unmarried,Minority,Self-Employed Non-Professional,90000.0,6000.0,84000.0,245000.0
RET-01414,59,F,Married,GEN,Salaried,61000.0,7000.0,54000.0,97000.0
RET-01415,31,F,Married,OBC,Salaried,43000.0,8000.0,35000.0,31000.0
RET-01416,47,M,Married,ST,Self-Employed Professional,113000.0,9000.0,104000.0,136000.0
RET-01417,38,M,Unmarried,GEN,Self-Employed Professional,81000.0,6000.0,75000.0,184000.0
RET-01418,40,M,Married,OBC,Salaried,300000.0,46000.0,254000.0,472000.0
RET-01419,53,F,Married,SC,Self-Employed Non-Professional,98000.0,9000.0,89000.0,57000.0
RET-01420,43,M,Unmarried,GEN,Self-Employed Non-Professional,61000.0,5000.0,56000.0,71000.0
RET-01421,43,M,Married,GEN,Salaried,69000.0,13000.0,56000.0,133000.0
RET-01422,48,M,Unmarried,OBC,Salaried,36000.0,6000.0,30000.0,39000.0
RET-01423,34,F,Married,GEN,Salaried,153000.0,24000.0,129000.0,204000.0
RET-01424,29,M,Married,GEN,Salaried,88000.0,19000.0,69000.0,191000.0
RET-01425,27,M,Married,Minority,Self-Employed Non-Professional,89000.0,12000.0,77000.0,228000.0
RET-01426,21,F,Married,OBC,Salaried,39000.0,7000.0,32000.0,77000.0
RET-01427,58,M,Unmarried,ST,Salaried,117000.0,27000.0,90000.0,99000.0
RET-01428,26,F,Unmarried,GEN,Self-Employed Non-Professional,42000.0,3000.0,39000.0,43000.0
RET-01429,35,M,Married,Minority,Salaried,52000.0,7000.0,45000.0,57000.0
RET-01430,35,F,Unmarried,SC,Self-Employed Professional,79000.0,10000.0,69000.0,62000.0
RET-01431,41,M,Married,SC,Salaried,52000.0,11000.0,41000.0,39000.0
RET-01432,46,F,Married,GEN,Self-Employed Non-Professional,45000.0,6000.0,39000.0,44000.0
RET-01433,46,M,Married,GEN,Self-Employed Professional,71000.0,9000.0,62000.0,133000.0
RET-01434,32,F,Married,OBC,Self-Employed Non-Professional,134000.0,7000.0,127000.0,258000.0
RET-01435,36,M,Married,SC,Self-Employed Non-Professional,125000.0,8000.0,117000.0,158000.0
RET-01436,40,M,Married,SC,Salaried,112000.0,22000.0,90000.0,89000.0
RET-01437,35,F,Married,GEN,Salaried,98000.0,12000.0,86000.0,177000.0
RET-01438,54,M,Unmarried,Minority,Self-Employed Professional,55000.0,6000.0,49000.0,41000.0
RET-01439,42,M,Unmarried,Minority,Self-Employed Non-Professional,143000.0,12000.0,131000.0,113000.0
RET-01440,45,M,Married,OBC,Salaried,26000.0,4000.0,22000.0,32000.0
RET-01441,44,F,Married,GEN,Self-Employed Non-Professional,95000.0,8000.0,87000.0,167000.0
RET-01442,49,M,Married,SC,Salaried,121000.0,19000.0,102000.0,237000.0
RET-01443,39,F,Unmarried,OBC,Self-Employed Non-Professional,69000.0,4000.0,65000.0,144000.0
RET-01444,25,M,Married,SC,Salaried,47000.0,5000.0,42000.0,61000.0
RET-01445,41,M,Married,SC,Salaried,72000.0,7000.0,65000.0,139000.0
RET-01446,31,M,Unmarried,GEN,Salaried,46000.0,5000.0,41000.0,42000.0
RET-01447,32,M,Married,OBC,Salaried,100000.0,24000.0,76000.0,132000.0
RET-01448,43,M,Married,GEN,Salaried,129000.0,27000.0,102000.0,208000.0
RET-01449,50,M,Married,Minority,Salaried,96000.0,23000.0,73000.0,172000.0
RET-01450,38,M,Married,GEN,Salaried,92000.0,11000.0,81000.0,57000.0
RET-01451,41,F,Unmarried,GEN,Self-Employed Professional,115000.0,7000.0,108000.0,81000.0
RET-01452,55,M,Married,ST,Salaried,124000.0,14000.0,110000.0,75000.0
RET-01453,40,M,Married,GEN,Salaried,46000.0,5000.0,41000.0,77000.0
RET-01454,64,M,Married,OBC,Self-Employed Non-Professional,29000.0,3000.0,26000.0,50000.0
RET-01455,43,M,Married,GEN,Self-Employed Professional,86000.0,12000.0,74000.0,39000.0
RET-01456,21,M,Married,OBC,Salaried,127000.0,14000.0,113000.0,242000.0
RET-01457,45,M,Married,OBC,Self-Employed Non-Professional,28000.0,4000.0,24000.0,58000.0
RET-01458,41,F,Married,GEN,Self-Employed Non-Professional,76000.0,8000.0,68000.0,54000.0
RET-01459,50,M,Married,Minority,Self-Employed Non-Professional,144000.0,19000.0,125000.0,168000.0
RET-01460,44,M,Married,GEN,Self-Employed Non-Professional,68000.0,6000.0,62000.0,163000.0
RET-01461,36,M,Married,GEN,Self-Employed Professional,182000.0,11000.0,171000.0,379000.0
RET-01462,25,M,Unmarried,GEN,Salaried,163000.0,30000.0,133000.0,168000.0
RET-01463,35,M,Married,OBC,Self-Employed Professional,66000.0,7000.0,59000.0,139000.0
RET-01464,29,M,Unmarried,GEN,Self-Employed Professional,59000.0,8000.0,51000.0,139000.0
RET-01465,32,M,Married,GEN,Salaried,59000.0,9000.0,50000.0,64000.0
RET-01466,43,M,Unmarried,Minority,Salaried,79000.0,13000.0,66000.0,146000.0
RET-01467,54,F,Married,GEN,Salaried,36000.0,6000.0,30000.0,22000.0
RET-01468,41,M,Married,GEN,Self-Employed Professional,32000.0,4000.0,28000.0,18000.0
RET-01469,26,M,Married,GEN,Salaried,25000.0,3000.0,22000.0,43000.0
RET-01470,42,M,Married,GEN,Salaried,72000.0,16000.0,56000.0,97000.0
RET-01471,49,M,Unmarried,GEN,Self-Employed Non-Professional,249000.0,14000.0,235000.0,593000.0
RET-01472,31,M,Married,GEN,Salaried,25000.0,5000.0,20000.0,49000.0
RET-01473,36,M,Married,GEN,Self-Employed Non-Professional,65000.0,5000.0,60000.0,73000.0
RET-01474,38,F,Unmarried,GEN,Salaried,64000.0,15000.0,49000.0,87000.0
RET-01475,30,M,Married,GEN,Salaried,67000.0,11000.0,56000.0,134000.0
RET-01476,44,M,Married,OBC,Salaried,155000.0,21000.0,134000.0,158000.0
RET-01477,36,M,Married,OBC,Salaried,43000.0,8000.0,35000.0,49000.0
RET-01478,42,M,Married,GEN,Salaried,25000.0,3000.0,22000.0,14000.0
RET-01479,29,M,Unmarried,Minority,Self-Employed Non-Professional,53000.0,4000.0,49000.0,40000.0
RET-01480,33,M,Married,SC,Self-Employed Professional,49000.0,3000.0,46000.0,93000.0
RET-01481,45,M,Married,Minority,Self-Employed Non-Professional,25000.0,4000.0,21000.0,37000.0
RET-01482,34,M,Married,GEN,Salaried,85000.0,14000.0,71000.0,65000.0
RET-01483,55,M,Married,OBC,Salaried,36000.0,7000.0,29000.0,15000.0
RET-01484,34,F,Married,GEN,Salaried,70000.0,8000.0,62000.0,57000.0
RET-01485,40,M,Married,SC,Salaried,59000.0,12000.0,47000.0,112000.0
RET-01486,47,M,Married,GEN,Self-Employed Professional,38000.0,4000.0,34000.0,25000.0
RET-01487,23,F,Unmarried,GEN,Salaried,125000.0,22000.0,103000.0,155000.0
RET-01488,21,F,Married,GEN,Self-Employed Non-Professional,62000.0,6000.0,56000.0,61000.0
RET-01489,22,F,Married,OBC,Self-Employed Professional,76000.0,5000.0,71000.0,133000.0
RET-01490,50,M,Married,OBC,Self-Employed Non-Professional,104000.0,13000.0,91000.0,162000.0
RET-01491,32,F,Unmarried,GEN,Self-Employed Professional,87000.0,5000.0,82000.0,243000.0
RET-01492,63,M,Married,GEN,Salaried,80000.0,13000.0,67000.0,163000.0
RET-01493,32,M,Unmarried,Minority,Self-Employed Professional,45000.0,6000.0,39000.0,111000.0
RET-01494,39,M,Unmarried,ST,Salaried,38000.0,5000.0,33000.0,64000.0
RET-01495,53,F,Unmarried,OBC,Salaried,80000.0,16000.0,64000.0,150000.0
RET-01496,58,M,Married,OBC,Salaried,41000.0,8000.0,33000.0,90000.0
RET-01497,58,M,Married,GEN,Salaried,118000.0,29000.0,89000.0,54000.0
RET-01498,50,M,Married,GEN,Salaried,68000.0,11000.0,57000.0,159000.0
RET-01499,48,M,Unmarried,GEN,Salaried,108000.0,27000.0,81000.0,83000.0
RET-01500,43,F,Unmarried,GEN,Salaried,40000.0,5000.0,35000.0,79000.0
RET-01501,45,M,Unmarried,OBC,Self-Employed Non-Professional,37000.0,4000.0,33000.0,80000.0
RET-01502,32,M,Married,GEN,Salaried,200000.0,50000.0,150000.0,116000.0
RET-01503,29,F,Married,GEN,Salaried,67000.0,13000.0,54000.0,156000.0
RET-01504,37,M,Married,GEN,Salaried,126000.0,21000.0,105000.0,296000.0
RET-01505,36,M,Married,GEN,Self-Employed Professional,31000.0,3000.0,28000.0,60000.0
RET-01506,33,F,Married,SC,Salaried,62000.0,14000.0,48000.0,43000.0
RET-01507,44,F,Married,GEN,Salaried,160000.0,39000.0,121000.0,232000.0
RET-01508,47,F,Unmarried,GEN,Salaried,29000.0,5000.0,24000.0,33000.0
RET-01509,38,M,Married,OBC,Self-Employed Non-Professional,286000.0,26000.0,260000.0,735000.0
RET-01510,52,M,Unmarried,GEN,Salaried,83000.0,20000.0,63000.0,96000.0
RET-01511,26,M,Unmarried,GEN,Salaried,45000.0,6000.0,39000.0,87000.0
RET-01512,36,M,Married,OBC,Salaried,90000.0,16000.0,74000.0,155000.0
RET-01513,30,M,Married,GEN,Self-Employed Professional,142000.0,8000.0,134000.0,158000.0
RET-01514,21,M,Married,OBC,Salaried,45000.0,7000.0,38000.0,70000.0
RET-01515,37,F,Married,SC,Self-Employed Non-Professional,49000.0,5000.0,44000.0,67000.0
RET-01516,36,M,Married,GEN,Salaried,85000.0,17000.0,68000.0,98000.0
RET-01517,53,M,Married,GEN,Salaried,97000.0,12000.0,85000.0,226000.0
RET-01518,44,M,Unmarried,Minority,Salaried,65000.0,14000.0,51000.0,43000.0
RET-01519,27,M,Married,GEN,Self-Employed Professional,93000.0,10000.0,83000.0,127000.0
RET-01520,56,F,Unmarried,Minority,Salaried,122000.0,21000.0,101000.0,52000.0
RET-01521,50,M,Unmarried,GEN,Salaried,81000.0,16000.0,65000.0,75000.0
RET-01522,43,M,Married,OBC,Self-Employed Non-Professional,48000.0,6000.0,42000.0,86000.0
RET-01523,35,M,Married,OBC,Salaried,72000.0,11000.0,61000.0,44000.0
RET-01524,28,M,Unmarried,ST,Salaried,210000.0,38000.0,172000.0,203000.0
RET-01525,34,M,Married,GEN,Salaried,89000.0,14000.0,75000.0,203000.0
RET-01526,48,F,Married,GEN,Self-Employed Non-Professional,154000.0,11000.0,143000.0,319000.0
RET-01527,56,M,Unmarried,GEN,Self-Employed Professional,54000.0,4000.0,50000.0,34000.0
RET-01528,53,M,Married,Minority,Self-Employed Professional,86000.0,7000.0,79000.0,235000.0
RET-01529,33,M,Unmarried,GEN,Salaried,118000.0,19000.0,99000.0,283000.0
RET-01530,26,F,Married,Minority,Salaried,180000.0,20000.0,160000.0,137000.0
RET-01531,39,F,Married,GEN,Salaried,153000.0,33000.0,120000.0,337000.0
RET-01532,21,M,Unmarried,GEN,Salaried,37000.0,4000.0,33000.0,62000.0
RET-01533,41,M,Unmarried,GEN,Salaried,146000.0,28000.0,118000.0,333000.0
RET-01534,36,F,Married,OBC,Self-Employed Non-Professional,201000.0,12000.0,189000.0,552000.0
RET-01535,33,F,Unmarried,SC,Salaried,52000.0,7000.0,45000.0,101000.0
RET-01536,22,F,Unmarried,GEN,Self-Employed Professional,43000.0,6000.0,37000.0,45000.0
RET-01537,43,F,Married,Minority,Salaried,72000.0,8000.0,64000.0,180000.0
RET-01538,32,M,Married,GEN,Self-Employed Professional,81000.0,5000.0,76000.0,147000.0
RET-01539,26,M,Married,OBC,Salaried,59000.0,13000.0,46000.0,62000.0
RET-01540,21,F,Married,OBC,Salaried,36000.0,5000.0,31000.0,51000.0
RET-01541,37,F,Married,GEN,Salaried,177000.0,27000.0,150000.0,227000.0
RET-01542,55,M,Married,GEN,Self-Employed Non-Professional,44000.0,5000.0,39000.0,111000.0
RET-01543,54,M,Married,GEN,Self-Employed Non-Professional,54000.0,4000.0,50000.0,127000.0
RET-01544,33,F,Unmarried,GEN,Salaried,78000.0,11000.0,67000.0,39000.0
RET-01545,31,M,Unmarried,Minority,Salaried,30000.0,3000.0,27000.0,14000.0
RET-01546,42,F,Married,Minority,Salaried,29000.0,6000.0,23000.0,15000.0
RET-01547,28,M,Unmarried,OBC,Salaried,56000.0,13000.0,43000.0,87000.0
RET-01548,41,M,Married,OBC,Self-Employed Professional,120000.0,14000.0,106000.0,269000.0
RET-01549,45,M,Married,GEN,Salaried,82000.0,9000.0,73000.0,130000.0
RET-01550,50,M,Married,GEN,Salaried,25000.0,3000.0,22000.0,40000.0
RET-01551,36,M,Unmarried,SC,Self-Employed Professional,168000.0,22000.0,146000.0,161000.0
RET-01552,35,M,Unmarried,OBC,Salaried,118000.0,17000.0,101000.0,166000.0
RET-01553,29,F,Unmarried,OBC,Self-Employed Professional,82000.0,9000.0,73000.0,83000.0
RET-01554,29,F,Unmarried,SC,Salaried,81000.0,14000.0,67000.0,79000.0
RET-01555,35,M,Married,GEN,Self-Employed Non-Professional,110000.0,14000.0,96000.0,142000.0
RET-01556,41,M,Unmarried,GEN,Salaried,295000.0,32000.0,263000.0,163000.0
RET-01557,47,M,Married,SC,Salaried,124000.0,25000.0,99000.0,286000.0
RET-01558,29,M,Married,GEN,Self-Employed Non-Professional,87000.0,12000.0,75000.0,209000.0
RET-01559,52,M,Unmarried,SC,Salaried,35000.0,8000.0,27000.0,67000.0
RET-01560,35,M,Unmarried,GEN,Self-Employed Non-Professional,81000.0,5000.0,76000.0,146000.0
RET-01561,37,M,Married,GEN,Self-Employed Professional,116000.0,9000.0,107000.0,271000.0
RET-01562,30,M,Married,GEN,Self-Employed Non-Professional,68000.0,8000.0,60000.0,176000.0
RET-01563,21,M,Married,OBC,Salaried,53000.0,11000.0,42000.0,51000.0
RET-01564,46,F,Married,OBC,Salaried,102000.0,14000.0,88000.0,124000.0
RET-01565,45,M,Married,GEN,Self-Employed Non-Professional,40000.0,5000.0,35000.0,81000.0
RET-01566,35,F,Married,GEN,Self-Employed Non-Professional,123000.0,17000.0,106000.0,223000.0
RET-01567,38,F,Married,OBC,Self-Employed Professional,56000.0,6000.0,50000.0,128000.0
RET-01568,43,F,Unmarried,GEN,Salaried,25000.0,6000.0,19000.0,26000.0
RET-01569,22,F,Unmarried,GEN,Self-Employed Non-Professional,56000.0,7000.0,49000.0,63000.0
RET-01570,32,M,Married,GEN,Salaried,71000.0,9000.0,62000.0,122000.0
RET-01571,45,M,Unmarried,GEN,Self-Employed Professional,102000.0,10000.0,92000.0,80000.0
RET-01572,25,M,Married,OBC,Salaried,95000.0,18000.0,77000.0,46000.0
RET-01573,40,F,Married,GEN,Salaried,34000.0,7000.0,27000.0,30000.0
RET-01574,24,F,Married,GEN,Salaried,79000.0,18000.0,61000.0,55000.0
RET-01575,42,F,Married,GEN,Self-Employed Non-Professional,53000.0,5000.0,48000.0,25000.0
RET-01576,37,M,Married,GEN,Self-Employed Professional,59000.0,4000.0,55000.0,134000.0
RET-01577,21,F,Married,Minority,Self-Employed Non-Professional,40000.0,5000.0,35000.0,65000.0
RET-01578,49,M,Married,GEN,Salaried,71000.0,13000.0,58000.0,126000.0
RET-01579,30,M,Married,OBC,Salaried,479000.0,97000.0,382000.0,347000.0
RET-01580,29,F,Unmarried,GEN,Salaried,223000.0,36000.0,187000.0,214000.0
RET-01581,40,M,Married,SC,Salaried,40000.0,8000.0,32000.0,21000.0
RET-01582,49,F,Unmarried,Minority,Salaried,76000.0,14000.0,62000.0,186000.0
RET-01583,27,M,Married,GEN,Salaried,61000.0,9000.0,52000.0,39000.0
RET-01584,38,F,Unmarried,SC,Salaried,80000.0,12000.0,68000.0,49000.0
RET-01585,42,M,Married,GEN,Salaried,127000.0,25000.0,102000.0,208000.0
RET-01586,44,F,Unmarried,GEN,Salaried,68000.0,17000.0,51000.0,68000.0
RET-01587,39,F,Unmarried,GEN,Self-Employed Non-Professional,48000.0,3000.0,45000.0,122000.0
RET-01588,34,F,Married,GEN,Self-Employed Professional,146000.0,8000.0,138000.0,356000.0
RET-01589,29,M,Unmarried,GEN,Self-Employed Non-Professional,35000.0,3000.0,32000.0,85000.0
RET-01590,38,F,Married,GEN,Self-Employed Non-Professional,82000.0,8000.0,74000.0,173000.0
RET-01591,27,M,Unmarried,GEN,Salaried,30000.0,7000.0,23000.0,19000.0
RET-01592,21,M,Married,OBC,Self-Employed Professional,40000.0,6000.0,34000.0,22000.0
RET-01593,42,M,Married,GEN,Self-Employed Professional,114000.0,14000.0,100000.0,66000.0
RET-01594,47,F,Married,GEN,Salaried,49000.0,11000.0,38000.0,95000.0
RET-01595,21,M,Married,GEN,Self-Employed Non-Professional,25000.0,3000.0,22000.0,47000.0
RET-01596,27,F,Married,GEN,Salaried,47000.0,5000.0,42000.0,124000.0
RET-01597,44,F,Unmarried,GEN,Salaried,44000.0,7000.0,37000.0,78000.0
RET-01598,58,M,Married,GEN,Self-Employed Professional,34000.0,5000.0,29000.0,33000.0
RET-01599,38,F,Unmarried,OBC,Self-Employed Professional,102000.0,12000.0,90000.0,65000.0
RET-01600,30,M,Married,GEN,Salaried,29000.0,6000.0,23000.0,33000.0
RET-01601,36,F,Married,ST,Salaried,51000.0,6000.0,45000.0,45000.0
RET-01602,51,M,Married,GEN,Salaried,79000.0,12000.0,67000.0,139000.0
RET-01603,31,M,Unmarried,GEN,Salaried,60000.0,7000.0,53000.0,39000.0
RET-01604,30,M,Married,GEN,Self-Employed Non-Professional,57000.0,3000.0,54000.0,131000.0
RET-01605,33,M,Married,Minority,Self-Employed Non-Professional,47000.0,4000.0,43000.0,96000.0
RET-01606,28,M,Married,OBC,Self-Employed Professional,35000.0,5000.0,30000.0,70000.0
RET-01607,39,M,Married,GEN,Salaried,50000.0,9000.0,41000.0,119000.0
RET-01608,54,M,Unmarried,GEN,Salaried,109000.0,12000.0,97000.0,206000.0
RET-01609,41,M,Married,GEN,Salaried,56000.0,8000.0,48000.0,119000.0
RET-01610,35,M,Married,GEN,Salaried,81000.0,10000.0,71000.0,51000.0
RET-01611,35,F,Married,OBC,Salaried,143000.0,34000.0,109000.0,311000.0
RET-01612,22,M,Married,OBC,Salaried,105000.0,16000.0,89000.0,93000.0
RET-01613,46,F,Married,GEN,Salaried,34000.0,6000.0,28000.0,49000.0
RET-01614,37,M,Married,GEN,Salaried,96000.0,17000.0,79000.0,229000.0
RET-01615,36,M,Married,SC,Salaried,137000.0,27000.0,110000.0,104000.0
RET-01616,65,M,Married,OBC,Salaried,52000.0,7000.0,45000.0,26000.0
RET-01617,40,M,Married,SC,Self-Employed Professional,28000.0,4000.0,24000.0,30000.0
RET-01618,30,M,Married,GEN,Salaried,56000.0,6000.0,50000.0,45000.0
RET-01619,33,M,Married,OBC,Self-Employed Professional,82000.0,9000.0,73000.0,158000.0
RET-01620,49,F,Married,GEN,Self-Employed Professional,104000.0,9000.0,95000.0,114000.0
RET-01621,39,F,Married,GEN,Self-Employed Non-Professional,54000.0,7000.0,47000.0,31000.0
RET-01622,23,M,Married,OBC,Salaried,25000.0,4000.0,21000.0,57000.0
RET-01623,47,F,Unmarried,SC,Salaried,34000.0,4000.0,30000.0,19000.0
RET-01624,31,M,Married,GEN,Salaried,91000.0,18000.0,73000.0,86000.0
RET-01625,56,M,Married,SC,Self-Employed Non-Professional,241000.0,28000.0,213000.0,234000.0
RET-01626,48,M,Married,OBC,Self-Employed Professional,72000.0,10000.0,62000.0,35000.0
RET-01627,33,F,Married,GEN,Salaried,161000.0,21000.0,140000.0,128000.0
RET-01628,50,F,Unmarried,ST,Salaried,39000.0,6000.0,33000.0,84000.0
RET-01629,38,F,Married,OBC,Salaried,50000.0,7000.0,43000.0,26000.0
RET-01630,46,M,Married,OBC,Salaried,25000.0,3000.0,22000.0,12000.0
RET-01631,42,M,Unmarried,GEN,Self-Employed Professional,91000.0,12000.0,79000.0,165000.0
RET-01632,29,F,Unmarried,GEN,Salaried,43000.0,10000.0,33000.0,24000.0
RET-01633,31,M,Unmarried,SC,Salaried,105000.0,22000.0,83000.0,119000.0
RET-01634,48,M,Married,GEN,Salaried,54000.0,13000.0,41000.0,21000.0
RET-01635,34,M,Unmarried,GEN,Salaried,246000.0,41000.0,205000.0,288000.0
RET-01636,33,M,Married,ST,Salaried,214000.0,50000.0,164000.0,212000.0
RET-01637,28,M,Married,SC,Salaried,25000.0,6000.0,19000.0,39000.0
RET-01638,42,M,Married,GEN,Salaried,104000.0,24000.0,80000.0,140000.0
RET-01639,58,M,Married,GEN,Self-Employed Professional,47000.0,7000.0,40000.0,88000.0
RET-01640,27,M,Married,OBC,Salaried,108000.0,21000.0,87000.0,247000.0
RET-01641,38,M,Unmarried,GEN,Salaried,33000.0,6000.0,27000.0,67000.0
RET-01642,52,M,Married,GEN,Self-Employed Non-Professional,174000.0,16000.0,158000.0,448000.0
RET-01643,37,M,Unmarried,GEN,Salaried,136000.0,24000.0,112000.0,71000.0
RET-01644,42,M,Married,OBC,Salaried,31000.0,7000.0,24000.0,71000.0
RET-01645,27,M,Married,GEN,Salaried,66000.0,16000.0,50000.0,65000.0
RET-01646,42,M,Married,OBC,Salaried,81000.0,18000.0,63000.0,75000.0
RET-01647,36,F,Married,OBC,Salaried,113000.0,26000.0,87000.0,131000.0
RET-01648,47,F,Married,GEN,Salaried,73000.0,13000.0,60000.0,147000.0
RET-01649,49,M,Married,GEN,Salaried,117000.0,24000.0,93000.0,268000.0
RET-01650,63,M,Married,GEN,Self-Employed Professional,70000.0,7000.0,63000.0,119000.0
RET-01651,43,F,Married,GEN,Salaried,106000.0,16000.0,90000.0,80000.0
RET-01652,41,M,Unmarried,GEN,Self-Employed Non-Professional,32000.0,3000.0,29000.0,30000.0
RET-01653,39,M,Married,OBC,Self-Employed Non-Professional,72000.0,4000.0,68000.0,103000.0
RET-01654,34,M,Married,GEN,Self-Employed Professional,146000.0,14000.0,132000.0,187000.0
RET-01655,41,M,Married,OBC,Self-Employed Professional,171000.0,16000.0,155000.0,170000.0
RET-01656,35,M,Married,OBC,Salaried,81000.0,12000.0,69000.0,181000.0
RET-01657,39,F,Unmarried,GEN,Salaried,69000.0,11000.0,58000.0,70000.0
RET-01658,51,F,Unmarried,GEN,Self-Employed Non-Professional,166000.0,10000.0,156000.0,309000.0
RET-01659,27,M,Unmarried,SC,Salaried,69000.0,11000.0,58000.0,98000.0
RET-01660,49,M,Married,SC,Salaried,145000.0,15000.0,130000.0,365000.0
RET-01661,51,M,Unmarried,Minority,Salaried,69000.0,11000.0,58000.0,120000.0
RET-01662,36,M,Married,GEN,Salaried,75000.0,12000.0,63000.0,84000.0
RET-01663,21,M,Married,Minority,Salaried,38000.0,5000.0,33000.0,69000.0
RET-01664,31,M,Married,GEN,Salaried,35000.0,5000.0,30000.0,39000.0
RET-01665,50,M,Unmarried,GEN,Self-Employed Professional,132000.0,7000.0,125000.0,91000.0
RET-01666,37,M,Married,GEN,Salaried,206000.0,47000.0,159000.0,272000.0
RET-01667,28,M,Married,GEN,Self-Employed Professional,78000.0,9000.0,69000.0,183000.0
RET-01668,32,F,Unmarried,OBC,Salaried,66000.0,14000.0,52000.0,144000.0
RET-01669,46,M,Married,GEN,Salaried,135000.0,17000.0,118000.0,219000.0
RET-01670,43,F,Married,ST,Salaried,90000.0,19000.0,71000.0,160000.0
RET-01671,35,M,Married,OBC,Self-Employed Professional,25000.0,3000.0,22000.0,45000.0
RET-01672,34,M,Married,Minority,Self-Employed Non-Professional,133000.0,9000.0,124000.0,313000.0
RET-01673,34,M,Unmarried,GEN,Salaried,33000.0,6000.0,27000.0,20000.0
RET-01674,28,M,Married,OBC,Salaried,73000.0,10000.0,63000.0,95000.0
RET-01675,54,M,Unmarried,GEN,Self-Employed Non-Professional,56000.0,5000.0,51000.0,58000.0
RET-01676,34,F,Married,OBC,Self-Employed Professional,50000.0,5000.0,45000.0,23000.0
RET-01677,50,F,Unmarried,OBC,Salaried,75000.0,16000.0,59000.0,152000.0
RET-01678,53,M,Married,GEN,Salaried,125000.0,14000.0,111000.0,93000.0
RET-01679,47,M,Unmarried,GEN,Self-Employed Non-Professional,75000.0,10000.0,65000.0,85000.0
RET-01680,33,M,Married,OBC,Salaried,170000.0,24000.0,146000.0,389000.0
RET-01681,42,M,Unmarried,OBC,Salaried,184000.0,42000.0,142000.0,327000.0
RET-01682,37,M,Married,GEN,Salaried,183000.0,44000.0,139000.0,267000.0
RET-01683,28,M,Married,GEN,Self-Employed Professional,71000.0,4000.0,67000.0,85000.0
RET-01684,41,M,Married,GEN,Salaried,55000.0,11000.0,44000.0,79000.0
RET-01685,26,M,Unmarried,OBC,Self-Employed Non-Professional,72000.0,5000.0,67000.0,43000.0
RET-01686,49,M,Married,GEN,Self-Employed Professional,144000.0,8000.0,136000.0,315000.0
RET-01687,33,M,Married,OBC,Salaried,139000.0,16000.0,123000.0,134000.0
RET-01688,40,M,Unmarried,OBC,Salaried,25000.0,3000.0,22000.0,37000.0
RET-01689,40,F,Unmarried,OBC,Self-Employed Non-Professional,88000.0,11000.0,77000.0,57000.0
RET-01690,35,M,Married,ST,Salaried,25000.0,5000.0,20000.0,46000.0
RET-01691,43,F,Married,GEN,Salaried,72000.0,10000.0,62000.0,170000.0
RET-01692,33,F,Married,GEN,Self-Employed Non-Professional,53000.0,6000.0,47000.0,77000.0
RET-01693,46,F,Unmarried,GEN,Self-Employed Non-Professional,44000.0,5000.0,39000.0,28000.0
RET-01694,24,F,Unmarried,GEN,Salaried,122000.0,20000.0,102000.0,292000.0
RET-01695,39,M,Unmarried,GEN,Salaried,50000.0,9000.0,41000.0,66000.0
RET-01696,57,F,Married,SC,Salaried,73000.0,9000.0,64000.0,45000.0
RET-01697,27,M,Married,SC,Self-Employed Non-Professional,42000.0,3000.0,39000.0,38000.0
RET-01698,31,M,Married,GEN,Self-Employed Non-Professional,76000.0,7000.0,69000.0,55000.0
RET-01699,43,F,Married,GEN,Salaried,130000.0,30000.0,100000.0,99000.0
RET-01700,39,F,Unmarried,GEN,Self-Employed Professional,43000.0,4000.0,39000.0,35000.0
RET-01701,41,F,Married,ST,Self-Employed Professional,107000.0,7000.0,100000.0,281000.0
RET-01702,42,F,Married,ST,Salaried,76000.0,11000.0,65000.0,66000.0
RET-01703,44,F,Unmarried,GEN,Self-Employed Professional,75000.0,5000.0,70000.0,112000.0
RET-01704,49,F,Married,OBC,Salaried,59000.0,10000.0,49000.0,114000.0
RET-01705,42,F,Married,GEN,Self-Employed Professional,116000.0,10000.0,106000.0,232000.0
RET-01706,35,M,Unmarried,GEN,Salaried,109000.0,18000.0,91000.0,263000.0
RET-01707,44,F,Unmarried,GEN,Self-Employed Professional,68000.0,4000.0,64000.0,187000.0
RET-01708,56,F,Unmarried,OBC,Salaried,83000.0,12000.0,71000.0,137000.0
RET-01709,36,F,Married,GEN,Salaried,114000.0,16000.0,98000.0,233000.0
RET-01710,28,M,Married,GEN,Salaried,101000.0,25000.0,76000.0,111000.0
RET-01711,49,M,Married,GEN,Self-Employed Professional,61000.0,3000.0,58000.0,91000.0
RET-01712,36,M,Unmarried,GEN,Salaried,147000.0,33000.0,114000.0,87000.0
RET-01713,21,F,Married,OBC,Self-Employed Professional,123000.0,14000.0,109000.0,238000.0
RET-01714,46,M,Unmarried,GEN,Salaried,260000.0,26000.0,234000.0,275000.0
RET-01715,32,M,Married,ST,Self-Employed Professional,29000.0,2000.0,27000.0,19000.0
RET-01716,37,M,Married,GEN,Salaried,111000.0,25000.0,86000.0,64000.0
RET-01717,41,F,Unmarried,GEN,Salaried,146000.0,28000.0,118000.0,272000.0
RET-01718,39,F,Unmarried,GEN,Salaried,134000.0,26000.0,108000.0,116000.0
RET-01719,45,F,Married,GEN,Salaried,63000.0,8000.0,55000.0,133000.0
RET-01720,33,M,Unmarried,GEN,Self-Employed Professional,32000.0,4000.0,28000.0,77000.0
RET-01721,43,M,Unmarried,GEN,Self-Employed Professional,184000.0,22000.0,162000.0,219000.0
RET-01722,35,M,Unmarried,ST,Salaried,55000.0,6000.0,49000.0,122000.0
RET-01723,45,M,Unmarried,OBC,Self-Employed Professional,61000.0,3000.0,58000.0,91000.0
RET-01724,44,F,Unmarried,ST,Salaried,253000.0,28000.0,225000.0,547000.0
RET-01725,28,M,Unmarried,GEN,Salaried,34000.0,6000.0,28000.0,35000.0
RET-01726,48,M,Married,GEN,Salaried,120000.0,25000.0,95000.0,269000.0
RET-01727,32,M,Married,GEN,Salaried,47000.0,7000.0,40000.0,119000.0
RET-01728,46,M,Married,OBC,Self-Employed Professional,46000.0,3000.0,43000.0,63000.0
RET-01729,41,F,Married,Minority,Self-Employed Non-Professional,81000.0,11000.0,70000.0,70000.0
RET-01730,56,M,Married,SC,Salaried,110000.0,19000.0,91000.0,201000.0
RET-01731,35,F,Married,GEN,Salaried,129000.0,22000.0,107000.0,210000.0
RET-01732,34,M,Unmarried,GEN,Self-Employed Non-Professional,140000.0,18000.0,122000.0,363000.0
RET-01733,37,M,Unmarried,GEN,Salaried,48000.0,5000.0,43000.0,109000.0
RET-01734,34,M,Married,GEN,Salaried,37000.0,6000.0,31000.0,80000.0
RET-01735,45,M,Married,GEN,Salaried,60000.0,15000.0,45000.0,104000.0
RET-01736,21,F,Unmarried,GEN,Self-Employed Professional,90000.0,9000.0,81000.0,112000.0
RET-01737,27,M,Unmarried,GEN,Self-Employed Professional,65000.0,6000.0,59000.0,168000.0
RET-01738,27,M,Unmarried,GEN,Self-Employed Professional,25000.0,2000.0,23000.0,38000.0
RET-01739,47,M,Unmarried,GEN,Salaried,25000.0,4000.0,21000.0,31000.0
RET-01740,55,M,Unmarried,SC,Self-Employed Professional,63000.0,4000.0,59000.0,58000.0
RET-01741,36,F,Married,GEN,Salaried,122000.0,26000.0,96000.0,121000.0
RET-01742,36,M,Married,GEN,Self-Employed Non-Professional,42000.0,5000.0,37000.0,19000.0
RET-01743,38,M,Unmarried,OBC,Salaried,114000.0,26000.0,88000.0,189000.0
RET-01744,49,F,Married,OBC,Salaried,30000.0,5000.0,25000.0,50000.0
RET-01745,28,M,Unmarried,GEN,Self-Employed Non-Professional,85000.0,11000.0,74000.0,112000.0
RET-01746,40,M,Married,ST,Self-Employed Non-Professional,86000.0,10000.0,76000.0,222000.0
RET-01747,47,M,Unmarried,GEN,Self-Employed Professional,97000.0,6000.0,91000.0,203000.0
RET-01748,43,M,Married,GEN,Salaried,40000.0,5000.0,35000.0,39000.0
RET-01749,39,F,Married,GEN,Self-Employed Non-Professional,29000.0,3000.0,26000.0,38000.0
RET-01750,48,M,Married,GEN,Self-Employed Professional,113000.0,8000.0,105000.0,188000.0
RET-01751,21,F,Unmarried,OBC,Self-Employed Professional,29000.0,3000.0,26000.0,48000.0
RET-01752,44,M,Married,GEN,Self-Employed Non-Professional,46000.0,4000.0,42000.0,50000.0
RET-01753,31,F,Unmarried,GEN,Salaried,169000.0,18000.0,151000.0,170000.0
RET-01754,21,M,Unmarried,Minority,Salaried,81000.0,17000.0,64000.0,80000.0
RET-01755,43,M,Unmarried,GEN,Self-Employed Professional,91000.0,5000.0,86000.0,250000.0
RET-01756,51,M,Unmarried,OBC,Salaried,106000.0,16000.0,90000.0,126000.0
RET-01757,36,M,Married,GEN,Salaried,104000.0,18000.0,86000.0,123000.0
RET-01758,47,F,Married,GEN,Salaried,72000.0,12000.0,60000.0,138000.0
RET-01759,54,F,Married,GEN,Self-Employed Professional,43000.0,6000.0,37000.0,34000.0
RET-01760,51,M,Unmarried,SC,Salaried,366000.0,83000.0,283000.0,597000.0
RET-01761,54,M,Unmarried,OBC,Salaried,61000.0,10000.0,51000.0,110000.0
RET-01762,45,M,Married,GEN,Salaried,89000.0,13000.0,76000.0,50000.0
RET-01763,38,F,Married,GEN,Salaried,95000.0,11000.0,84000.0,82000.0
RET-01764,21,F,Married,Minority,Salaried,53000.0,11000.0,42000.0,70000.0
RET-01765,35,M,Married,ST,Salaried,57000.0,6000.0,51000.0,132000.0
RET-01766,29,F,Married,OBC,Self-Employed Non-Professional,179000.0,17000.0,162000.0,378000.0
RET-01767,59,F,Married,GEN,Salaried,47000.0,10000.0,37000.0,99000.0
RET-01768,36,M,Married,SC,Self-Employed Professional,94000.0,13000.0,81000.0,213000.0
RET-01769,39,F,Married,GEN,Self-Employed Professional,125000.0,12000.0,113000.0,201000.0
RET-01770,43,M,Married,OBC,Salaried,64000.0,16000.0,48000.0,99000.0
RET-01771,38,M,Married,GEN,Salaried,69000.0,15000.0,54000.0,151000.0
RET-01772,54,M,Married,OBC,Self-Employed Non-Professional,130000.0,8000.0,122000.0,287000.0
RET-01773,31,M,Married,GEN,Salaried,67000.0,14000.0,53000.0,74000.0
RET-01774,39,M,Married,OBC,Salaried,25000.0,4000.0,21000.0,29000.0
RET-01775,30,M,Married,OBC,Salaried,180000.0,30000.0,150000.0,212000.0
RET-01776,24,F,Married,SC,Salaried,41000.0,9000.0,32000.0,56000.0
RET-01777,31,M,Married,OBC,Salaried,83000.0,9000.0,74000.0,104000.0
RET-01778,37,M,Unmarried,ST,Salaried,33000.0,7000.0,26000.0,25000.0
RET-01779,33,F,Married,ST,Salaried,54000.0,9000.0,45000.0,89000.0
RET-01780,31,M,Married,GEN,Self-Employed Professional,56000.0,4000.0,52000.0,139000.0
RET-01781,23,M,Married,GEN,Self-Employed Non-Professional,81000.0,6000.0,75000.0,130000.0
RET-01782,37,F,Married,OBC,Salaried,43000.0,8000.0,35000.0,37000.0
RET-01783,22,F,Unmarried,ST,Salaried,240000.0,48000.0,192000.0,486000.0
RET-01784,45,M,Married,GEN,Self-Employed Professional,74000.0,11000.0,63000.0,151000.0
RET-01785,38,M,Married,OBC,Salaried,124000.0,23000.0,101000.0,227000.0
RET-01786,23,F,Married,GEN,Salaried,73000.0,12000.0,61000.0,133000.0
RET-01787,34,M,Married,GEN,Self-Employed Non-Professional,133000.0,8000.0,125000.0,307000.0
RET-01788,30,M,Married,OBC,Self-Employed Non-Professional,25000.0,4000.0,21000.0,54000.0
RET-01789,41,M,Married,OBC,Salaried,48000.0,8000.0,40000.0,110000.0
RET-01790,51,M,Married,OBC,Salaried,53000.0,10000.0,43000.0,87000.0
RET-01791,21,F,Married,ST,Salaried,53000.0,9000.0,44000.0,65000.0
RET-01792,39,F,Unmarried,GEN,Salaried,100000.0,24000.0,76000.0,55000.0
RET-01793,36,F,Unmarried,GEN,Salaried,104000.0,15000.0,89000.0,205000.0
RET-01794,44,F,Married,ST,Salaried,70000.0,7000.0,63000.0,54000.0
RET-01795,40,M,Married,OBC,Salaried,71000.0,14000.0,57000.0,152000.0
RET-01796,30,M,Married,GEN,Salaried,316000.0,60000.0,256000.0,388000.0
RET-01797,34,F,Married,OBC,Salaried,89000.0,21000.0,68000.0,183000.0
RET-01798,30,M,Unmarried,ST,Self-Employed Non-Professional,25000.0,3000.0,22000.0,40000.0
RET-01799,48,M,Married,OBC,Self-Employed Non-Professional,116000.0,9000.0,107000.0,175000.0
RET-01800,38,F,Married,SC,Self-Employed Professional,102000.0,8000.0,94000.0,132000.0
RET-01801,57,M,Married,GEN,Salaried,147000.0,25000.0,122000.0,80000.0
RET-01802,37,M,Unmarried,GEN,Salaried,105000.0,23000.0,82000.0,43000.0
RET-01803,30,F,Married,ST,Self-Employed Professional,42000.0,4000.0,38000.0,67000.0
RET-01804,22,F,Unmarried,OBC,Self-Employed Professional,125000.0,9000.0,116000.0,319000.0
RET-01805,21,M,Unmarried,GEN,Self-Employed Professional,78000.0,5000.0,73000.0,143000.0
RET-01806,22,F,Married,OBC,Salaried,137000.0,27000.0,110000.0,292000.0
RET-01807,40,M,Unmarried,OBC,Self-Employed Professional,185000.0,22000.0,163000.0,489000.0
RET-01808,43,M,Married,GEN,Self-Employed Non-Professional,68000.0,5000.0,63000.0,60000.0
RET-01809,22,F,Unmarried,OBC,Salaried,124000.0,29000.0,95000.0,204000.0
RET-01810,46,F,Unmarried,GEN,Salaried,136000.0,18000.0,118000.0,182000.0
RET-01811,33,M,Married,GEN,Salaried,80000.0,13000.0,67000.0,68000.0
RET-01812,39,M,Married,OBC,Self-Employed Professional,237000.0,26000.0,211000.0,233000.0
RET-01813,54,M,Unmarried,GEN,Salaried,137000.0,29000.0,108000.0,120000.0
RET-01814,46,M,Married,GEN,Self-Employed Non-Professional,51000.0,4000.0,47000.0,109000.0
RET-01815,35,M,Married,ST,Salaried,85000.0,10000.0,75000.0,104000.0
RET-01816,29,M,Married,OBC,Self-Employed Non-Professional,123000.0,15000.0,108000.0,123000.0
RET-01817,21,M,Unmarried,GEN,Salaried,231000.0,55000.0,176000.0,478000.0
RET-01818,30,M,Unmarried,GEN,Salaried,106000.0,16000.0,90000.0,53000.0
RET-01819,35,M,Married,GEN,Self-Employed Non-Professional,87000.0,6000.0,81000.0,189000.0
RET-01820,28,F,Unmarried,OBC,Self-Employed Non-Professional,156000.0,12000.0,144000.0,418000.0
RET-01821,36,M,Married,GEN,Self-Employed Non-Professional,64000.0,9000.0,55000.0,114000.0
RET-01822,38,M,Unmarried,GEN,Salaried,40000.0,6000.0,34000.0,64000.0
RET-01823,35,F,Married,GEN,Salaried,112000.0,22000.0,90000.0,59000.0
RET-01824,31,F,Married,GEN,Salaried,58000.0,12000.0,46000.0,81000.0
RET-01825,39,M,Married,GEN,Salaried,373000.0,73000.0,300000.0,421000.0
RET-01826,42,M,Married,GEN,Salaried,85000.0,13000.0,72000.0,176000.0
RET-01827,27,F,Married,Minority,Salaried,112000.0,18000.0,94000.0,238000.0
RET-01828,52,M,Unmarried,Minority,Self-Employed Non-Professional,50000.0,7000.0,43000.0,40000.0
RET-01829,37,F,Married,GEN,Salaried,156000.0,31000.0,125000.0,226000.0
RET-01830,38,M,Unmarried,SC,Self-Employed Professional,72000.0,9000.0,63000.0,167000.0
RET-01831,45,M,Married,OBC,Self-Employed Professional,68000.0,8000.0,60000.0,124000.0
RET-01832,40,M,Unmarried,GEN,Salaried,69000.0,10000.0,59000.0,100000.0
RET-01833,47,F,Married,GEN,Self-Employed Non-Professional,34000.0,5000.0,29000.0,80000.0
RET-01834,40,F,Unmarried,GEN,Salaried,63000.0,12000.0,51000.0,149000.0
RET-01835,31,M,Unmarried,OBC,Self-Employed Non-Professional,101000.0,7000.0,94000.0,102000.0
RET-01836,41,M,Unmarried,OBC,Self-Employed Non-Professional,29000.0,3000.0,26000.0,25000.0
RET-01837,26,M,Unmarried,Minority,Self-Employed Non-Professional,135000.0,20000.0,115000.0,306000.0
RET-01838,39,M,Married,SC,Self-Employed Professional,62000.0,5000.0,57000.0,63000.0
RET-01839,37,F,Married,ST,Salaried,85000.0,14000.0,71000.0,186000.0
RET-01840,35,M,Unmarried,ST,Salaried,25000.0,4000.0,21000.0,26000.0
RET-01841,36,F,Unmarried,SC,Salaried,84000.0,18000.0,66000.0,36000.0
RET-01842,21,M,Married,GEN,Salaried,39000.0,5000.0,34000.0,53000.0
RET-01843,32,F,Married,GEN,Self-Employed Non-Professional,59000.0,4000.0,55000.0,33000.0
RET-01844,38,F,Unmarried,OBC,Self-Employed Professional,29000.0,4000.0,25000.0,25000.0
RET-01845,39,M,Married,OBC,Salaried,43000.0,5000.0,38000.0,65000.0
RET-01846,27,M,Married,GEN,Salaried,66000.0,7000.0,59000.0,35000.0
RET-01847,50,M,Married,SC,Salaried,62000.0,8000.0,54000.0,31000.0
RET-01848,29,M,Married,Minority,Salaried,124000.0,27000.0,97000.0,86000.0
RET-01849,47,M,Married,OBC,Salaried,25000.0,4000.0,21000.0,35000.0
RET-01850,42,M,Unmarried,GEN,Self-Employed Professional,71000.0,5000.0,66000.0,194000.0
RET-01851,31,F,Unmarried,SC,Self-Employed Professional,69000.0,7000.0,62000.0,45000.0
RET-01852,55,M,Unmarried,GEN,Salaried,56000.0,6000.0,50000.0,103000.0
RET-01853,26,F,Unmarried,GEN,Salaried,42000.0,10000.0,32000.0,56000.0
RET-01854,47,F,Married,SC,Self-Employed Professional,142000.0,9000.0,133000.0,87000.0
RET-01855,48,F,Unmarried,OBC,Salaried,250000.0,28000.0,222000.0,130000.0
RET-01856,31,M,Unmarried,GEN,Self-Employed Non-Professional,26000.0,2000.0,24000.0,25000.0
RET-01857,51,M,Unmarried,ST,Salaried,42000.0,9000.0,33000.0,73000.0
RET-01858,35,M,Unmarried,GEN,Salaried,40000.0,10000.0,30000.0,87000.0
RET-01859,40,M,Married,OBC,Self-Employed Non-Professional,62000.0,4000.0,58000.0,110000.0
RET-01860,40,M,Married,OBC,Salaried,155000.0,18000.0,137000.0,84000.0
RET-01861,36,F,Married,GEN,Salaried,100000.0,19000.0,81000.0,93000.0
RET-01862,46,M,Unmarried,GEN,Self-Employed Professional,67000.0,7000.0,60000.0,171000.0
RET-01863,45,M,Married,Minority,Self-Employed Professional,74000.0,10000.0,64000.0,34000.0
RET-01864,21,F,Unmarried,GEN,Salaried,60000.0,11000.0,49000.0,98000.0
RET-01865,51,M,Married,GEN,Salaried,114000.0,16000.0,98000.0,93000.0
RET-01866,21,M,Unmarried,GEN,Salaried,123000.0,25000.0,98000.0,65000.0
RET-01867,48,F,Married,GEN,Self-Employed Professional,104000.0,12000.0,92000.0,105000.0
RET-01868,49,M,Married,ST,Salaried,25000.0,5000.0,20000.0,57000.0
RET-01869,27,M,Married,GEN,Self-Employed Professional,74000.0,7000.0,67000.0,161000.0
RET-01870,33,M,Married,OBC,Self-Employed Professional,65000.0,8000.0,57000.0,53000.0
RET-01871,26,F,Married,GEN,Salaried,133000.0,24000.0,109000.0,72000.0
RET-01872,35,M,Unmarried,SC,Salaried,84000.0,10000.0,74000.0,128000.0
RET-01873,34,M,Married,OBC,Salaried,102000.0,11000.0,91000.0,57000.0
RET-01874,45,M,Unmarried,GEN,Salaried,54000.0,12000.0,42000.0,63000.0
RET-01875,51,M,Married,Minority,Self-Employed Professional,128000.0,8000.0,120000.0,300000.0
RET-01876,51,M,Unmarried,GEN,Self-Employed Professional,153000.0,9000.0,144000.0,252000.0
RET-01877,32,M,Married,OBC,Salaried,28000.0,7000.0,21000.0,58000.0
RET-01878,35,M,Unmarried,Minority,Self-Employed Non-Professional,34000.0,3000.0,31000.0,77000.0
RET-01879,21,M,Married,OBC,Salaried,116000.0,19000.0,97000.0,183000.0
RET-01880,29,M,Unmarried,OBC,Salaried,66000.0,11000.0,55000.0,136000.0
RET-01881,47,M,Unmarried,GEN,Salaried,136000.0,23000.0,113000.0,83000.0
RET-01882,54,M,Married,GEN,Salaried,85000.0,15000.0,70000.0,70000.0
RET-01883,25,M,Married,GEN,Salaried,111000.0,24000.0,87000.0,196000.0
RET-01884,32,M,Unmarried,Minority,Self-Employed Non-Professional,47000.0,7000.0,40000.0,21000.0
RET-01885,37,F,Married,Minority,Salaried,90000.0,15000.0,75000.0,38000.0
RET-01886,40,F,Married,GEN,Self-Employed Non-Professional,90000.0,10000.0,80000.0,116000.0
RET-01887,29,M,Married,GEN,Salaried,48000.0,6000.0,42000.0,112000.0
RET-01888,42,M,Married,GEN,Self-Employed Professional,133000.0,13000.0,120000.0,354000.0
RET-01889,33,M,Married,GEN,Self-Employed Non-Professional,25000.0,2000.0,23000.0,49000.0
RET-01890,37,M,Married,GEN,Salaried,83000.0,16000.0,67000.0,193000.0
RET-01891,43,M,Unmarried,OBC,Salaried,34000.0,4000.0,30000.0,79000.0
RET-01892,38,M,Married,ST,Salaried,40000.0,4000.0,36000.0,36000.0
RET-01893,33,F,Married,OBC,Self-Employed Non-Professional,132000.0,7000.0,125000.0,189000.0
RET-01894,36,M,Unmarried,OBC,Self-Employed Professional,38000.0,3000.0,35000.0,72000.0
RET-01895,37,M,Married,SC,Self-Employed Professional,37000.0,5000.0,32000.0,28000.0
RET-01896,34,F,Unmarried,OBC,Self-Employed Professional,104000.0,12000.0,92000.0,118000.0
RET-01897,35,M,Unmarried,GEN,Salaried,38000.0,9000.0,29000.0,69000.0
RET-01898,53,M,Married,GEN,Salaried,135000.0,31000.0,104000.0,142000.0
RET-01899,43,F,Married,GEN,Salaried,108000.0,14000.0,94000.0,265000.0
RET-01900,35,F,Unmarried,OBC,Salaried,46000.0,6000.0,40000.0,61000.0
RET-01901,44,F,Unmarried,Minority,Self-Employed Non-Professional,132000.0,15000.0,117000.0,123000.0
RET-01902,34,M,Married,OBC,Self-Employed Professional,25000.0,2000.0,23000.0,24000.0
RET-01903,49,M,Married,Minority,Self-Employed Non-Professional,97000.0,6000.0,91000.0,202000.0
RET-01904,41,F,Married,GEN,Salaried,35000.0,4000.0,31000.0,44000.0
RET-01905,36,M,Married,SC,Salaried,53000.0,10000.0,43000.0,47000.0
RET-01906,42,F,Married,ST,Self-Employed Non-Professional,56000.0,4000.0,52000.0,116000.0
RET-01907,22,M,Married,OBC,Salaried,158000.0,31000.0,127000.0,197000.0
RET-01908,26,M,Unmarried,Minority,Salaried,54000.0,10000.0,44000.0,115000.0
RET-01909,26,F,Married,OBC,Salaried,70000.0,16000.0,54000.0,101000.0
RET-01910,39,M,Unmarried,GEN,Salaried,56000.0,11000.0,45000.0,132000.0
RET-01911,55,M,Married,GEN,Self-Employed Non-Professional,41000.0,3000.0,38000.0,55000.0
RET-01912,60,M,Married,OBC,Salaried,39000.0,8000.0,31000.0,37000.0
RET-01913,44,M,Married,Minority,Self-Employed Non-Professional,88000.0,10000.0,78000.0,165000.0
RET-01914,43,M,Married,GEN,Self-Employed Non-Professional,72000.0,8000.0,64000.0,145000.0
RET-01915,21,M,Married,OBC,Salaried,116000.0,12000.0,104000.0,56000.0
RET-01916,32,M,Unmarried,SC,Self-Employed Professional,63000.0,9000.0,54000.0,117000.0
RET-01917,30,F,Married,GEN,Salaried,64000.0,8000.0,56000.0,53000.0
RET-01918,31,M,Unmarried,GEN,Salaried,116000.0,15000.0,101000.0,293000.0
RET-01919,36,F,Married,GEN,Self-Employed Non-Professional,58000.0,4000.0,54000.0,105000.0
RET-01920,33,M,Married,GEN,Salaried,31000.0,5000.0,26000.0,21000.0
RET-01921,21,M,Married,GEN,Salaried,122000.0,18000.0,104000.0,66000.0
RET-01922,45,M,Unmarried,GEN,Salaried,49000.0,5000.0,44000.0,119000.0
RET-01923,27,F,Married,GEN,Salaried,76000.0,14000.0,62000.0,163000.0
RET-01924,40,F,Married,OBC,Salaried,50000.0,10000.0,40000.0,63000.0
RET-01925,58,F,Unmarried,OBC,Salaried,41000.0,9000.0,32000.0,23000.0
RET-01926,28,M,Unmarried,OBC,Salaried,25000.0,4000.0,21000.0,31000.0
RET-01927,21,M,Married,OBC,Self-Employed Non-Professional,90000.0,9000.0,81000.0,195000.0
RET-01928,35,F,Unmarried,Minority,Salaried,25000.0,3000.0,22000.0,47000.0
RET-01929,49,F,Married,ST,Salaried,159000.0,22000.0,137000.0,365000.0
RET-01930,57,F,Unmarried,Minority,Salaried,136000.0,16000.0,120000.0,285000.0
RET-01931,25,M,Married,GEN,Self-Employed Professional,42000.0,3000.0,39000.0,52000.0
RET-01932,42,F,Married,ST,Salaried,190000.0,22000.0,168000.0,227000.0
RET-01933,33,M,Married,SC,Self-Employed Non-Professional,252000.0,16000.0,236000.0,500000.0
RET-01934,36,M,Married,GEN,Self-Employed Professional,62000.0,7000.0,55000.0,70000.0
RET-01935,64,M,Married,GEN,Salaried,94000.0,13000.0,81000.0,216000.0
RET-01936,22,M,Unmarried,OBC,Salaried,79000.0,19000.0,60000.0,79000.0
RET-01937,40,F,Unmarried,GEN,Salaried,181000.0,42000.0,139000.0,239000.0
RET-01938,42,F,Married,GEN,Self-Employed Professional,32000.0,5000.0,27000.0,16000.0
RET-01939,48,F,Married,OBC,Salaried,64000.0,10000.0,54000.0,43000.0
RET-01940,38,M,Married,OBC,Self-Employed Professional,127000.0,13000.0,114000.0,95000.0
RET-01941,41,M,Married,Minority,Self-Employed Non-Professional,119000.0,15000.0,104000.0,141000.0
RET-01942,34,F,Unmarried,OBC,Self-Employed Professional,71000.0,8000.0,63000.0,50000.0
RET-01943,40,M,Married,OBC,Self-Employed Professional,169000.0,24000.0,145000.0,238000.0
RET-01944,34,F,Married,GEN,Self-Employed Professional,84000.0,8000.0,76000.0,89000.0
RET-01945,44,M,Married,OBC,Salaried,78000.0,16000.0,62000.0,73000.0
RET-01946,34,M,Married,GEN,Salaried,111000.0,15000.0,96000.0,155000.0
RET-01947,41,M,Married,ST,Salaried,71000.0,14000.0,57000.0,150000.0
RET-01948,37,F,Married,GEN,Salaried,75000.0,14000.0,61000.0,147000.0
RET-01949,49,M,Married,GEN,Self-Employed Non-Professional,46000.0,4000.0,42000.0,114000.0
RET-01950,37,M,Married,GEN,Salaried,425000.0,93000.0,332000.0,988000.0
RET-01951,21,F,Married,SC,Self-Employed Professional,55000.0,4000.0,51000.0,27000.0
RET-01952,50,M,Married,Minority,Self-Employed Professional,113000.0,15000.0,98000.0,219000.0
RET-01953,28,F,Married,GEN,Self-Employed Professional,230000.0,32000.0,198000.0,158000.0
RET-01954,31,M,Unmarried,GEN,Salaried,33000.0,8000.0,25000.0,71000.0
RET-01955,32,M,Married,OBC,Salaried,106000.0,21000.0,85000.0,91000.0
RET-01956,51,F,Unmarried,ST,Salaried,74000.0,9000.0,65000.0,89000.0
RET-01957,21,M,Married,GEN,Self-Employed Non-Professional,215000.0,24000.0,191000.0,563000.0
RET-01958,65,M,Married,GEN,Salaried,42000.0,8000.0,34000.0,91000.0
RET-01959,48,M,Married,GEN,Salaried,47000.0,11000.0,36000.0,22000.0
RET-01960,40,M,Married,OBC,Salaried,71000.0,17000.0,54000.0,33000.0
RET-01961,37,M,Unmarried,GEN,Salaried,54000.0,8000.0,46000.0,117000.0
RET-01962,40,M,Married,GEN,Salaried,56000.0,13000.0,43000.0,29000.0
RET-01963,43,F,Married,GEN,Self-Employed Non-Professional,247000.0,26000.0,221000.0,581000.0
RET-01964,44,F,Unmarried,OBC,Self-Employed Professional,79000.0,8000.0,71000.0,200000.0
RET-01965,43,M,Married,Minority,Self-Employed Non-Professional,46000.0,6000.0,40000.0,22000.0
RET-01966,38,M,Married,Minority,Salaried,58000.0,12000.0,46000.0,48000.0
RET-01967,36,M,Married,OBC,Salaried,93000.0,18000.0,75000.0,42000.0
RET-01968,36,M,Married,SC,Self-Employed Professional,90000.0,12000.0,78000.0,53000.0
RET-01969,36,M,Married,GEN,Self-Employed Non-Professional,52000.0,6000.0,46000.0,84000.0
RET-01970,49,M,Married,OBC,Salaried,28000.0,4000.0,24000.0,56000.0
RET-01971,43,M,Unmarried,GEN,Self-Employed Non-Professional,71000.0,6000.0,65000.0,110000.0
RET-01972,21,M,Unmarried,OBC,Self-Employed Non-Professional,70000.0,9000.0,61000.0,89000.0
RET-01973,44,M,Married,Minority,Salaried,50000.0,6000.0,44000.0,45000.0
RET-01974,39,F,Married,ST,Salaried,158000.0,20000.0,138000.0,151000.0
RET-01975,37,F,Married,OBC,Salaried,103000.0,20000.0,83000.0,162000.0
RET-01976,34,M,Married,SC,Self-Employed Non-Professional,79000.0,10000.0,69000.0,182000.0
RET-01977,49,F,Married,Minority,Salaried,59000.0,10000.0,49000.0,74000.0
RET-01978,47,M,Unmarried,GEN,Self-Employed Professional,207000.0,23000.0,184000.0,524000.0
RET-01979,30,F,Unmarried,SC,Self-Employed Professional,37000.0,6000.0,31000.0,20000.0
RET-01980,42,M,Married,GEN,Salaried,54000.0,10000.0,44000.0,113000.0
RET-01981,28,F,Married,ST,Salaried,56000.0,10000.0,46000.0,62000.0
RET-01982,24,M,Married,GEN,Salaried,87000.0,9000.0,78000.0,208000.0
RET-01983,31,M,Married,GEN,Self-Employed Non-Professional,109000.0,7000.0,102000.0,285000.0
RET-01984,46,M,Married,OBC,Self-Employed Professional,33000.0,2000.0,31000.0,70000.0
RET-01985,47,M,Married,GEN,Self-Employed Non-Professional,48000.0,5000.0,43000.0,60000.0
RET-01986,43,M,Married,GEN,Salaried,96000.0,15000.0,81000.0,133000.0
RET-01987,45,M,Married,OBC,Salaried,49000.0,9000.0,40000.0,75000.0
RET-01988,43,F,Married,SC,Self-Employed Non-Professional,57000.0,4000.0,53000.0,88000.0
RET-01989,31,M,Unmarried,GEN,Salaried,81000.0,10000.0,71000.0,176000.0
RET-01990,42,M,Married,SC,Salaried,41000.0,9000.0,32000.0,78000.0
RET-01991,46,M,Married,SC,Salaried,86000.0,9000.0,77000.0,41000.0
RET-01992,45,F,Married,OBC,Salaried,106000.0,25000.0,81000.0,71000.0
RET-01993,49,F,Married,OBC,Salaried,75000.0,10000.0,65000.0,92000.0
RET-01994,45,F,Unmarried,GEN,Salaried,172000.0,38000.0,134000.0,292000.0
RET-01995,41,M,Married,GEN,Self-Employed Professional,113000.0,16000.0,97000.0,104000.0
RET-01996,48,M,Unmarried,GEN,Salaried,71000.0,11000.0,60000.0,78000.0
RET-01997,37,M,Married,GEN,Self-Employed Non-Professional,60000.0,6000.0,54000.0,89000.0
RET-01998,29,M,Married,GEN,Salaried,210000.0,42000.0,168000.0,332000.0
RET-01999,36,M,Married,GEN,Salaried,49000.0,10000.0,39000.0,107000.0
RET-02000,30,M,Unmarried,OBC,Salaried,62000.0,9000.0,53000.0,133000.0
RET-02001,31,M,Married,OBC,Self-Employed Non-Professional,57000.0,7000.0,50000.0,70000.0
RET-02002,36,M,Unmarried,Minority,Self-Employed Non-Professional,93000.0,13000.0,80000.0,194000.0
RET-02003,30,M,Married,GEN,Salaried,283000.0,52000.0,231000.0,596000.0
RET-02004,34,F,Married,GEN,Salaried,85000.0,15000.0,70000.0,126000.0
RET-02005,21,M,Married,OBC,Salaried,60000.0,8000.0,52000.0,64000.0
RET-02006,40,F,Married,GEN,Self-Employed Non-Professional,82000.0,11000.0,71000.0,203000.0
RET-02007,38,M,Married,SC,Self-Employed Professional,33000.0,5000.0,28000.0,81000.0
RET-02008,29,M,Married,OBC,Self-Employed Non-Professional,65000.0,8000.0,57000.0,61000.0
RET-02009,44,M,Married,GEN,Salaried,203000.0,33000.0,170000.0,419000.0
RET-02010,47,F,Unmarried,GEN,Salaried,109000.0,19000.0,90000.0,54000.0
RET-02011,21,M,Unmarried,GEN,Self-Employed Professional,153000.0,23000.0,130000.0,66000.0
RET-02012,30,F,Unmarried,GEN,Self-Employed Non-Professional,134000.0,9000.0,125000.0,172000.0
RET-02013,30,M,Married,GEN,Salaried,48000.0,10000.0,38000.0,63000.0
RET-02014,28,M,Unmarried,GEN,Salaried,230000.0,53000.0,177000.0,330000.0
RET-02015,46,F,Unmarried,OBC,Self-Employed Non-Professional,25000.0,1000.0,24000.0,35000.0
RET-02016,36,M,Married,GEN,Salaried,89000.0,21000.0,68000.0,56000.0
RET-02017,35,F,Married,SC,Salaried,25000.0,6000.0,19000.0,26000.0
RET-02018,21,M,Married,GEN,Salaried,26000.0,5000.0,21000.0,54000.0
RET-02019,44,M,Married,GEN,Salaried,128000.0,18000.0,110000.0,147000.0
RET-02020,25,F,Unmarried,GEN,Salaried,48000.0,6000.0,42000.0,83000.0
RET-02021,38,F,Unmarried,GEN,Self-Employed Professional,154000.0,15000.0,139000.0,306000.0
RET-02022,40,M,Unmarried,GEN,Salaried,25000.0,4000.0,21000.0,49000.0
RET-02023,51,F,Married,GEN,Salaried,69000.0,14000.0,55000.0,95000.0
RET-02024,24,M,Married,GEN,Self-Employed Professional,35000.0,3000.0,32000.0,26000.0
RET-02025,21,F,Married,GEN,Self-Employed Non-Professional,60000.0,8000.0,52000.0,143000.0
RET-02026,39,M,Married,SC,Self-Employed Professional,185000.0,22000.0,163000.0,188000.0
RET-02027,56,M,Unmarried,SC,Self-Employed Non-Professional,214000.0,14000.0,200000.0,269000.0
RET-02028,50,M,Married,GEN,Self-Employed Non-Professional,99000.0,7000.0,92000.0,224000.0
RET-02029,40,M,Unmarried,GEN,Self-Employed Non-Professional,28000.0,2000.0,26000.0,63000.0
RET-02030,33,M,Married,OBC,Self-Employed Non-Professional,35000.0,3000.0,32000.0,88000.0
RET-02031,46,M,Unmarried,SC,Self-Employed Professional,81000.0,9000.0,72000.0,42000.0
RET-02032,28,M,Married,Minority,Self-Employed Professional,45000.0,6000.0,39000.0,105000.0
RET-02033,42,F,Unmarried,GEN,Self-Employed Professional,109000.0,12000.0,97000.0,241000.0
RET-02034,43,M,Unmarried,GEN,Self-Employed Non-Professional,200000.0,25000.0,175000.0,317000.0
RET-02035,48,M,Unmarried,OBC,Self-Employed Professional,41000.0,3000.0,38000.0,34000.0
RET-02036,65,M,Unmarried,SC,Self-Employed Professional,43000.0,4000.0,39000.0,73000.0
RET-02037,41,F,Unmarried,GEN,Salaried,36000.0,4000.0,32000.0,32000.0
RET-02038,32,M,Married,OBC,Self-Employed Non-Professional,63000.0,8000.0,55000.0,160000.0
RET-02039,37,M,Unmarried,GEN,Salaried,75000.0,13000.0,62000.0,141000.0
RET-02040,21,M,Unmarried,GEN,Salaried,74000.0,11000.0,63000.0,125000.0
RET-02041,31,M,Married,GEN,Self-Employed Professional,125000.0,9000.0,116000.0,294000.0
RET-02042,33,M,Unmarried,GEN,Salaried,93000.0,18000.0,75000.0,137000.0
RET-02043,32,M,Married,OBC,Salaried,71000.0,8000.0,63000.0,41000.0
RET-02044,39,M,Married,OBC,Salaried,75000.0,14000.0,61000.0,70000.0
RET-02045,29,M,Married,SC,Salaried,77000.0,12000.0,65000.0,192000.0
RET-02046,49,M,Married,GEN,Salaried,71000.0,17000.0,54000.0,142000.0
RET-02047,38,M,Married,GEN,Salaried,49000.0,8000.0,41000.0,116000.0
RET-02048,37,M,Married,GEN,Self-Employed Non-Professional,36000.0,4000.0,32000.0,24000.0
RET-02049,34,F,Married,GEN,Salaried,80000.0,8000.0,72000.0,81000.0
RET-02050,39,F,Unmarried,OBC,Self-Employed Professional,54000.0,7000.0,47000.0,31000.0
RET-02051,46,M,Married,GEN,Self-Employed Non-Professional,100000.0,14000.0,86000.0,220000.0
RET-02052,29,M,Married,OBC,Salaried,76000.0,18000.0,58000.0,54000.0
RET-02053,31,M,Married,OBC,Self-Employed Professional,74000.0,10000.0,64000.0,98000.0
RET-02054,34,M,Married,GEN,Salaried,132000.0,30000.0,102000.0,120000.0
RET-02055,24,M,Married,OBC,Self-Employed Professional,31000.0,4000.0,27000.0,76000.0
RET-02056,29,M,Married,GEN,Salaried,211000.0,25000.0,186000.0,376000.0
RET-02057,33,F,Unmarried,SC,Self-Employed Non-Professional,25000.0,2000.0,23000.0,57000.0
RET-02058,46,F,Married,OBC,Salaried,175000.0,34000.0,141000.0,283000.0
RET-02059,40,M,Unmarried,GEN,Salaried,82000.0,19000.0,63000.0,128000.0
RET-02060,39,M,Unmarried,GEN,Salaried,53000.0,9000.0,44000.0,64000.0
RET-02061,46,F,Unmarried,OBC,Self-Employed Professional,30000.0,2000.0,28000.0,31000.0
RET-02062,36,F,Married,GEN,Salaried,51000.0,10000.0,41000.0,56000.0
RET-02063,41,F,Married,SC,Salaried,66000.0,9000.0,57000.0,71000.0
RET-02064,36,M,Married,GEN,Salaried,82000.0,15000.0,67000.0,149000.0
RET-02065,40,M,Married,OBC,Salaried,174000.0,20000.0,154000.0,240000.0
RET-02066,32,M,Married,Minority,Self-Employed Professional,76000.0,10000.0,66000.0,124000.0
RET-02067,21,M,Unmarried,OBC,Salaried,89000.0,20000.0,69000.0,167000.0
RET-02068,36,M,Married,GEN,Self-Employed Professional,90000.0,12000.0,78000.0,91000.0
RET-02069,52,M,Married,GEN,Salaried,60000.0,6000.0,54000.0,84000.0
RET-02070,47,F,Married,GEN,Salaried,65000.0,9000.0,56000.0,101000.0
RET-02071,47,F,Unmarried,OBC,Salaried,69000.0,8000.0,61000.0,39000.0
RET-02072,50,M,Unmarried,GEN,Self-Employed Non-Professional,106000.0,9000.0,97000.0,85000.0
RET-02073,38,F,Married,GEN,Self-Employed Professional,42000.0,6000.0,36000.0,24000.0
RET-02074,39,M,Married,Minority,Salaried,54000.0,12000.0,42000.0,100000.0
RET-02075,31,F,Married,GEN,Self-Employed Professional,91000.0,8000.0,83000.0,104000.0
RET-02076,34,M,Unmarried,OBC,Self-Employed Non-Professional,38000.0,3000.0,35000.0,54000.0
RET-02077,44,M,Unmarried,OBC,Salaried,78000.0,16000.0,62000.0,135000.0
RET-02078,50,M,Married,OBC,Salaried,53000.0,11000.0,42000.0,122000.0
RET-02079,36,M,Married,GEN,Salaried,99000.0,16000.0,83000.0,210000.0
RET-02080,33,M,Unmarried,GEN,Salaried,167000.0,21000.0,146000.0,94000.0
RET-02081,38,M,Married,Minority,Salaried,53000.0,6000.0,47000.0,59000.0
RET-02082,44,F,Unmarried,GEN,Self-Employed Professional,115000.0,15000.0,100000.0,62000.0
RET-02083,23,M,Married,OBC,Salaried,82000.0,11000.0,71000.0,46000.0
RET-02084,21,M,Married,OBC,Salaried,58000.0,11000.0,47000.0,38000.0
RET-02085,32,M,Married,GEN,Salaried,73000.0,17000.0,56000.0,73000.0
RET-02086,25,M,Married,SC,Salaried,159000.0,30000.0,129000.0,139000.0
RET-02087,32,M,Unmarried,OBC,Salaried,66000.0,16000.0,50000.0,69000.0
RET-02088,36,F,Unmarried,OBC,Self-Employed Professional,160000.0,19000.0,141000.0,360000.0
RET-02089,33,M,Married,SC,Salaried,68000.0,10000.0,58000.0,145000.0
RET-02090,52,M,Married,ST,Self-Employed Non-Professional,31000.0,2000.0,29000.0,40000.0
RET-02091,41,F,Married,GEN,Salaried,67000.0,10000.0,57000.0,123000.0
RET-02092,41,M,Unmarried,SC,Self-Employed Professional,30000.0,2000.0,28000.0,40000.0
RET-02093,44,M,Married,GEN,Salaried,60000.0,10000.0,50000.0,73000.0
RET-02094,26,F,Married,OBC,Self-Employed Professional,59000.0,8000.0,51000.0,112000.0
RET-02095,48,M,Married,GEN,Self-Employed Non-Professional,218000.0,15000.0,203000.0,297000.0
RET-02096,37,M,Married,GEN,Salaried,192000.0,20000.0,172000.0,322000.0
RET-02097,44,F,Unmarried,GEN,Self-Employed Professional,77000.0,11000.0,66000.0,52000.0
RET-02098,27,M,Unmarried,GEN,Salaried,151000.0,17000.0,134000.0,248000.0
RET-02099,22,M,Married,GEN,Salaried,58000.0,12000.0,46000.0,108000.0
RET-02100,46,F,Unmarried,OBC,Self-Employed Non-Professional,31000.0,3000.0,28000.0,76000.0
RET-02101,41,M,Married,GEN,Salaried,100000.0,20000.0,80000.0,69000.0
RET-02102,28,M,Unmarried,OBC,Salaried,91000.0,18000.0,73000.0,111000.0
RET-02103,29,F,Married,GEN,Salaried,42000.0,9000.0,33000.0,57000.0
RET-02104,49,F,Married,GEN,Salaried,43000.0,10000.0,33000.0,91000.0
RET-02105,26,M,Married,GEN,Self-Employed Non-Professional,129000.0,15000.0,114000.0,130000.0
RET-02106,54,M,Married,GEN,Salaried,27000.0,3000.0,24000.0,22000.0
RET-02107,28,F,Married,GEN,Salaried,102000.0,11000.0,91000.0,78000.0
RET-02108,44,F,Unmarried,Minority,Salaried,61000.0,7000.0,54000.0,48000.0
RET-02109,34,M,Unmarried,GEN,Salaried,102000.0,16000.0,86000.0,230000.0
RET-02110,44,M,Married,OBC,Salaried,132000.0,32000.0,100000.0,205000.0
RET-02111,32,M,Unmarried,GEN,Salaried,43000.0,7000.0,36000.0,56000.0
RET-02112,36,F,Married,ST,Salaried,37000.0,6000.0,31000.0,83000.0
RET-02113,38,F,Married,GEN,Self-Employed Non-Professional,176000.0,26000.0,150000.0,187000.0
RET-02114,27,F,Married,Minority,Salaried,71000.0,17000.0,54000.0,152000.0
RET-02115,45,F,Unmarried,GEN,Salaried,89000.0,22000.0,67000.0,161000.0
RET-02116,32,M,Married,GEN,Self-Employed Non-Professional,126000.0,15000.0,111000.0,61000.0
RET-02117,35,M,Married,OBC,Self-Employed Professional,41000.0,4000.0,37000.0,61000.0
RET-02118,28,F,Married,OBC,Self-Employed Non-Professional,126000.0,8000.0,118000.0,308000.0
RET-02119,21,F,Married,GEN,Self-Employed Professional,107000.0,15000.0,92000.0,137000.0
RET-02120,36,M,Unmarried,GEN,Salaried,177000.0,23000.0,154000.0,457000.0
RET-02121,62,M,Married,SC,Self-Employed Professional,175000.0,14000.0,161000.0,421000.0
RET-02122,45,F,Married,GEN,Salaried,76000.0,18000.0,58000.0,138000.0
RET-02123,37,M,Married,GEN,Self-Employed Professional,115000.0,12000.0,103000.0,86000.0
RET-02124,35,M,Married,OBC,Salaried,75000.0,13000.0,62000.0,48000.0
RET-02125,38,M,Unmarried,OBC,Self-Employed Non-Professional,80000.0,8000.0,72000.0,151000.0
RET-02126,43,M,Married,GEN,Self-Employed Professional,37000.0,4000.0,33000.0,71000.0
RET-02127,26,M,Unmarried,OBC,Salaried,64000.0,11000.0,53000.0,46000.0
RET-02128,49,F,Married,GEN,Salaried,25000.0,6000.0,19000.0,50000.0
RET-02129,45,M,Unmarried,GEN,Salaried,67000.0,15000.0,52000.0,140000.0
RET-02130,45,M,Unmarried,GEN,Self-Employed Professional,161000.0,21000.0,140000.0,216000.0
RET-02131,42,M,Unmarried,Minority,Salaried,117000.0,17000.0,100000.0,202000.0
RET-02132,38,F,Unmarried,GEN,Salaried,78000.0,16000.0,62000.0,110000.0
RET-02133,44,F,Married,GEN,Self-Employed Non-Professional,65000.0,6000.0,59000.0,35000.0
RET-02134,43,F,Unmarried,OBC,Self-Employed Non-Professional,53000.0,8000.0,45000.0,33000.0
RET-02135,34,F,Unmarried,GEN,Self-Employed Non-Professional,42000.0,2000.0,40000.0,98000.0
RET-02136,32,M,Unmarried,OBC,Salaried,120000.0,25000.0,95000.0,163000.0
RET-02137,39,M,Married,Minority,Self-Employed Professional,29000.0,2000.0,27000.0,55000.0
RET-02138,53,M,Unmarried,Minority,Self-Employed Non-Professional,29000.0,4000.0,25000.0,51000.0
RET-02139,25,M,Married,GEN,Salaried,126000.0,17000.0,109000.0,158000.0
RET-02140,23,F,Married,OBC,Salaried,83000.0,19000.0,64000.0,37000.0
RET-02141,39,M,Married,Minority,Self-Employed Non-Professional,75000.0,11000.0,64000.0,158000.0
RET-02142,38,F,Unmarried,GEN,Self-Employed Non-Professional,83000.0,12000.0,71000.0,119000.0
RET-02143,39,M,Married,GEN,Self-Employed Professional,244000.0,20000.0,224000.0,190000.0
RET-02144,40,M,Married,GEN,Salaried,76000.0,8000.0,68000.0,38000.0
RET-02145,35,M,Married,GEN,Salaried,87000.0,19000.0,68000.0,37000.0
RET-02146,52,M,Married,Minority,Self-Employed Professional,251000.0,17000.0,234000.0,137000.0
RET-02147,21,M,Unmarried,OBC,Salaried,70000.0,17000.0,53000.0,47000.0
RET-02148,29,M,Unmarried,GEN,Self-Employed Professional,206000.0,30000.0,176000.0,190000.0
RET-02149,36,M,Married,SC,Salaried,25000.0,3000.0,22000.0,25000.0
RET-02150,21,M,Married,GEN,Salaried,36000.0,5000.0,31000.0,64000.0
RET-02151,36,M,Married,ST,Salaried,49000.0,8000.0,41000.0,45000.0
RET-02152,54,M,Married,GEN,Salaried,104000.0,20000.0,84000.0,184000.0
RET-02153,38,M,Married,GEN,Self-Employed Professional,212000.0,23000.0,189000.0,484000.0
RET-02154,40,M,Married,GEN,Salaried,51000.0,9000.0,42000.0,61000.0
RET-02155,25,M,Married,OBC,Self-Employed Professional,132000.0,9000.0,123000.0,282000.0
RET-02156,31,M,Married,GEN,Self-Employed Professional,280000.0,28000.0,252000.0,192000.0
RET-02157,34,M,Unmarried,GEN,Salaried,187000.0,27000.0,160000.0,211000.0
RET-02158,34,M,Married,Minority,Self-Employed Non-Professional,57000.0,7000.0,50000.0,110000.0
RET-02159,50,M,Married,Minority,Self-Employed Professional,123000.0,9000.0,114000.0,323000.0
RET-02160,43,M,Married,OBC,Self-Employed Professional,90000.0,8000.0,82000.0,167000.0
RET-02161,26,M,Unmarried,ST,Self-Employed Non-Professional,49000.0,4000.0,45000.0,63000.0
RET-02162,40,F,Married,Minority,Salaried,95000.0,19000.0,76000.0,98000.0
RET-02163,42,M,Married,OBC,Salaried,55000.0,9000.0,46000.0,68000.0
RET-02164,49,M,Married,OBC,Salaried,79000.0,15000.0,64000.0,136000.0
RET-02165,53,F,Unmarried,ST,Salaried,32000.0,5000.0,27000.0,36000.0
RET-02166,27,M,Unmarried,OBC,Salaried,25000.0,3000.0,22000.0,37000.0
RET-02167,29,F,Unmarried,GEN,Self-Employed Professional,62000.0,4000.0,58000.0,139000.0
RET-02168,25,M,Married,GEN,Salaried,89000.0,15000.0,74000.0,81000.0
RET-02169,35,M,Unmarried,GEN,Salaried,37000.0,6000.0,31000.0,71000.0
RET-02170,42,F,Unmarried,Minority,Salaried,100000.0,21000.0,79000.0,190000.0
RET-02171,47,M,Married,OBC,Salaried,75000.0,18000.0,57000.0,152000.0
RET-02172,37,M,Unmarried,ST,Self-Employed Professional,108000.0,10000.0,98000.0,55000.0
RET-02173,34,M,Married,SC,Self-Employed Professional,129000.0,10000.0,119000.0,93000.0
RET-02174,39,M,Married,GEN,Salaried,164000.0,17000.0,147000.0,424000.0
RET-02175,29,M,Unmarried,OBC,Salaried,105000.0,11000.0,94000.0,77000.0
RET-02176,58,M,Married,GEN,Salaried,61000.0,15000.0,46000.0,79000.0
RET-02177,21,F,Married,GEN,Self-Employed Professional,82000.0,10000.0,72000.0,66000.0
RET-02178,39,F,Married,SC,Self-Employed Non-Professional,296000.0,33000.0,263000.0,665000.0
RET-02179,58,M,Unmarried,OBC,Salaried,132000.0,20000.0,112000.0,83000.0
RET-02180,38,F,Married,SC,Self-Employed Non-Professional,76000.0,5000.0,71000.0,51000.0
RET-02181,36,M,Married,GEN,Self-Employed Non-Professional,67000.0,8000.0,59000.0,104000.0
RET-02182,34,M,Married,OBC,Salaried,51000.0,10000.0,41000.0,45000.0
RET-02183,36,F,Unmarried,GEN,Self-Employed Non-Professional,36000.0,4000.0,32000.0,69000.0
RET-02184,51,F,Unmarried,OBC,Salaried,204000.0,47000.0,157000.0,347000.0
RET-02185,21,F,Married,GEN,Self-Employed Non-Professional,97000.0,12000.0,85000.0,167000.0
RET-02186,53,M,Married,OBC,Salaried,34000.0,4000.0,30000.0,78000.0
RET-02187,23,M,Married,GEN,Salaried,68000.0,10000.0,58000.0,130000.0
RET-02188,35,F,Married,GEN,Self-Employed Non-Professional,157000.0,14000.0,143000.0,139000.0
RET-02189,33,M,Unmarried,OBC,Salaried,56000.0,7000.0,49000.0,34000.0
RET-02190,43,M,Married,OBC,Self-Employed Non-Professional,45000.0,3000.0,42000.0,100000.0
RET-02191,22,M,Married,OBC,Salaried,91000.0,14000.0,77000.0,181000.0
RET-02192,42,F,Married,OBC,Self-Employed Professional,109000.0,6000.0,103000.0,270000.0
RET-02193,58,M,Married,Minority,Salaried,56000.0,8000.0,48000.0,48000.0
RET-02194,24,M,Married,Minority,Self-Employed Non-Professional,51000.0,4000.0,47000.0,50000.0
RET-02195,39,M,Married,GEN,Salaried,96000.0,22000.0,74000.0,144000.0
RET-02196,31,M,Unmarried,GEN,Salaried,37000.0,5000.0,32000.0,28000.0
RET-02197,42,F,Married,OBC,Self-Employed Professional,53000.0,5000.0,48000.0,60000.0
RET-02198,38,M,Married,GEN,Self-Employed Non-Professional,68000.0,5000.0,63000.0,159000.0
RET-02199,31,M,Married,GEN,Salaried,114000.0,28000.0,86000.0,115000.0
RET-02200,42,M,Unmarried,GEN,Salaried,57000.0,11000.0,46000.0,24000.0
RET-02201,56,M,Married,GEN,Salaried,103000.0,14000.0,89000.0,189000.0
RET-02202,36,M,Unmarried,OBC,Salaried,147000.0,20000.0,127000.0,121000.0
RET-02203,45,M,Unmarried,GEN,Self-Employed Non-Professional,54000.0,8000.0,46000.0,46000.0
RET-02204,25,M,Unmarried,GEN,Salaried,500000.0,124000.0,376000.0,204000.0
RET-02205,28,M,Married,ST,Self-Employed Professional,171000.0,15000.0,156000.0,303000.0
RET-02206,42,F,Married,ST,Salaried,86000.0,19000.0,67000.0,128000.0
RET-02207,52,F,Married,ST,Salaried,66000.0,8000.0,58000.0,43000.0
RET-02208,41,M,Married,GEN,Salaried,52000.0,8000.0,44000.0,28000.0
RET-02209,34,M,Unmarried,GEN,Self-Employed Non-Professional,198000.0,23000.0,175000.0,302000.0
RET-02210,37,F,Married,GEN,Salaried,83000.0,12000.0,71000.0,174000.0
RET-02211,25,M,Married,GEN,Salaried,31000.0,6000.0,25000.0,72000.0
RET-02212,44,M,Married,GEN,Salaried,26000.0,4000.0,22000.0,15000.0
RET-02213,46,F,Unmarried,ST,Self-Employed Professional,78000.0,6000.0,72000.0,163000.0
RET-02214,33,M,Married,Minority,Salaried,79000.0,14000.0,65000.0,64000.0
RET-02215,33,M,Married,SC,Self-Employed Non-Professional,42000.0,6000.0,36000.0,21000.0
RET-02216,40,M,Married,OBC,Self-Employed Professional,29000.0,3000.0,26000.0,35000.0
RET-02217,33,M,Unmarried,OBC,Salaried,25000.0,4000.0,21000.0,41000.0
RET-02218,37,F,Married,SC,Salaried,46000.0,11000.0,35000.0,70000.0
RET-02219,58,M,Married,Minority,Salaried,59000.0,7000.0,52000.0,32000.0
RET-02220,35,M,Married,OBC,Self-Employed Non-Professional,111000.0,7000.0,104000.0,293000.0
RET-02221,34,F,Unmarried,GEN,Salaried,68000.0,10000.0,58000.0,37000.0
RET-02222,31,F,Married,GEN,Salaried,138000.0,22000.0,116000.0,121000.0
RET-02223,45,M,Unmarried,OBC,Salaried,105000.0,16000.0,89000.0,141000.0
RET-02224,36,M,Unmarried,GEN,Self-Employed Professional,100000.0,9000.0,91000.0,261000.0
RET-02225,31,M,Married,Minority,Self-Employed Professional,132000.0,14000.0,118000.0,351000.0
RET-02226,51,F,Married,OBC,Self-Employed Non-Professional,32000.0,3000.0,29000.0,15000.0
RET-02227,52,M,Married,OBC,Salaried,53000.0,12000.0,41000.0,44000.0
RET-02228,31,M,Married,GEN,Salaried,309000.0,72000.0,237000.0,416000.0
RET-02229,21,M,Married,GEN,Salaried,25000.0,3000.0,22000.0,49000.0
RET-02230,48,M,Married,GEN,Self-Employed Non-Professional,61000.0,4000.0,57000.0,122000.0
RET-02231,31,M,Married,OBC,Self-Employed Non-Professional,97000.0,9000.0,88000.0,99000.0
RET-02232,45,M,Married,GEN,Self-Employed Non-Professional,25000.0,2000.0,23000.0,23000.0
RET-02233,21,M,Unmarried,Minority,Salaried,47000.0,9000.0,38000.0,20000.0
RET-02234,46,M,Unmarried,OBC,Salaried,242000.0,35000.0,207000.0,540000.0
RET-02235,25,M,Married,OBC,Salaried,81000.0,16000.0,65000.0,94000.0
RET-02236,45,M,Married,Minority,Salaried,52000.0,9000.0,43000.0,114000.0
RET-02237,38,F,Unmarried,Minority,Salaried,83000.0,16000.0,67000.0,88000.0
RET-02238,28,F,Unmarried,GEN,Salaried,52000.0,9000.0,43000.0,103000.0
RET-02239,33,M,Unmarried,SC,Salaried,204000.0,44000.0,160000.0,108000.0
RET-02240,44,M,Married,GEN,Salaried,40000.0,4000.0,36000.0,91000.0
RET-02241,39,M,Married,GEN,Salaried,53000.0,8000.0,45000.0,123000.0
RET-02242,43,M,Married,GEN,Salaried,30000.0,6000.0,24000.0,28000.0
RET-02243,57,M,Married,OBC,Self-Employed Professional,61000.0,8000.0,53000.0,45000.0
RET-02244,22,M,Married,GEN,Salaried,66000.0,8000.0,58000.0,57000.0
RET-02245,54,F,Married,OBC,Self-Employed Professional,150000.0,17000.0,133000.0,355000.0
RET-02246,39,M,Married,OBC,Salaried,40000.0,4000.0,36000.0,44000.0
RET-02247,29,M,Unmarried,OBC,Self-Employed Non-Professional,98000.0,12000.0,86000.0,93000.0
RET-02248,24,M,Married,GEN,Salaried,77000.0,12000.0,65000.0,192000.0
RET-02249,36,F,Married,SC,Salaried,25000.0,5000.0,20000.0,44000.0
RET-02250,47,M,Unmarried,OBC,Self-Employed Professional,47000.0,7000.0,40000.0,103000.0
RET-02251,36,F,Unmarried,GEN,Self-Employed Non-Professional,46000.0,6000.0,40000.0,95000.0
RET-02252,53,M,Married,Minority,Salaried,201000.0,46000.0,155000.0,222000.0
RET-02253,23,F,Unmarried,GEN,Salaried,101000.0,20000.0,81000.0,215000.0
RET-02254,37,F,Married,OBC,Self-Employed Non-Professional,80000.0,9000.0,71000.0,140000.0
RET-02255,25,F,Married,OBC,Salaried,25000.0,4000.0,21000.0,45000.0
RET-02256,41,M,Unmarried,GEN,Salaried,25000.0,5000.0,20000.0,26000.0
RET-02257,46,M,Married,GEN,Self-Employed Non-Professional,113000.0,15000.0,98000.0,289000.0
RET-02258,33,M,Married,SC,Self-Employed Non-Professional,117000.0,7000.0,110000.0,290000.0
RET-02259,21,F,Married,GEN,Salaried,47000.0,5000.0,42000.0,37000.0
RET-02260,39,M,Married,GEN,Self-Employed Non-Professional,74000.0,11000.0,63000.0,64000.0
RET-02261,42,M,Married,OBC,Salaried,71000.0,8000.0,63000.0,149000.0
RET-02262,42,M,Married,OBC,Salaried,81000.0,13000.0,68000.0,38000.0
RET-02263,50,M,Married,OBC,Self-Employed Professional,59000.0,5000.0,54000.0,72000.0
RET-02264,27,M,Unmarried,ST,Salaried,119000.0,17000.0,102000.0,187000.0
RET-02265,44,M,Married,GEN,Salaried,142000.0,15000.0,127000.0,129000.0
RET-02266,49,M,Married,OBC,Self-Employed Non-Professional,41000.0,4000.0,37000.0,99000.0
RET-02267,21,M,Married,OBC,Salaried,36000.0,5000.0,31000.0,84000.0
RET-02268,41,F,Unmarried,GEN,Self-Employed Professional,45000.0,7000.0,38000.0,110000.0
RET-02269,32,F,Unmarried,Minority,Salaried,75000.0,8000.0,67000.0,58000.0
RET-02270,37,F,Unmarried,ST,Salaried,91000.0,13000.0,78000.0,54000.0
RET-02271,41,M,Married,GEN,Self-Employed Professional,117000.0,10000.0,107000.0,202000.0
RET-02272,33,F,Married,OBC,Self-Employed Professional,131000.0,18000.0,113000.0,280000.0
RET-02273,31,M,Married,OBC,Self-Employed Non-Professional,91000.0,6000.0,85000.0,104000.0
RET-02274,38,M,Married,GEN,Self-Employed Non-Professional,84000.0,6000.0,78000.0,86000.0
RET-02275,27,M,Married,ST,Salaried,197000.0,41000.0,156000.0,280000.0
RET-02276,27,M,Unmarried,OBC,Salaried,73000.0,13000.0,60000.0,102000.0
RET-02277,44,M,Married,OBC,Salaried,104000.0,23000.0,81000.0,138000.0
RET-02278,26,F,Unmarried,GEN,Salaried,89000.0,19000.0,70000.0,106000.0
RET-02279,44,M,Married,GEN,Salaried,66000.0,16000.0,50000.0,116000.0
RET-02280,42,M,Unmarried,GEN,Salaried,66000.0,8000.0,58000.0,118000.0
RET-02281,21,M,Married,OBC,Self-Employed Professional,162000.0,11000.0,151000.0,260000.0
RET-02282,31,M,Unmarried,OBC,Salaried,69000.0,9000.0,60000.0,138000.0
RET-02283,49,M,Married,GEN,Self-Employed Non-Professional,59000.0,6000.0,53000.0,61000.0
RET-02284,28,M,Unmarried,GEN,Salaried,47000.0,9000.0,38000.0,104000.0
RET-02285,33,F,Married,GEN,Salaried,94000.0,12000.0,82000.0,120000.0
RET-02286,42,M,Married,OBC,Self-Employed Professional,54000.0,5000.0,49000.0,65000.0
RET-02287,45,M,Married,OBC,Self-Employed Professional,89000.0,7000.0,82000.0,152000.0
RET-02288,35,F,Married,GEN,Salaried,81000.0,16000.0,65000.0,76000.0
RET-02289,32,F,Unmarried,GEN,Salaried,57000.0,7000.0,50000.0,59000.0
RET-02290,52,F,Unmarried,GEN,Salaried,32000.0,8000.0,24000.0,17000.0
RET-02291,55,M,Married,GEN,Self-Employed Non-Professional,39000.0,3000.0,36000.0,77000.0
RET-02292,47,M,Unmarried,SC,Self-Employed Non-Professional,43000.0,2000.0,41000.0,114000.0
RET-02293,38,M,Married,GEN,Salaried,40000.0,6000.0,34000.0,75000.0
RET-02294,29,F,Married,GEN,Salaried,96000.0,14000.0,82000.0,157000.0
RET-02295,29,F,Married,OBC,Salaried,262000.0,44000.0,218000.0,497000.0
RET-02296,43,M,Unmarried,Minority,Salaried,54000.0,11000.0,43000.0,125000.0
RET-02297,42,M,Married,Minority,Salaried,58000.0,7000.0,51000.0,68000.0
RET-02298,52,F,Unmarried,Minority,Salaried,51000.0,7000.0,44000.0,69000.0
RET-02299,44,M,Married,OBC,Salaried,122000.0,30000.0,92000.0,112000.0
RET-02300,22,M,Married,OBC,Salaried,94000.0,22000.0,72000.0,39000.0
RET-02301,48,M,Married,SC,Salaried,72000.0,9000.0,63000.0,86000.0
RET-02302,28,M,Married,ST,Salaried,35000.0,7000.0,28000.0,19000.0
RET-02303,34,F,Married,Minority,Self-Employed Non-Professional,41000.0,4000.0,37000.0,98000.0
RET-02304,40,M,Married,GEN,Self-Employed Non-Professional,81000.0,4000.0,77000.0,176000.0
RET-02305,57,M,Unmarried,GEN,Salaried,84000.0,13000.0,71000.0,89000.0
RET-02306,65,M,Married,GEN,Salaried,72000.0,11000.0,61000.0,81000.0
RET-02307,44,M,Unmarried,OBC,Salaried,109000.0,21000.0,88000.0,169000.0
RET-02308,36,M,Married,SC,Salaried,35000.0,5000.0,30000.0,75000.0
RET-02309,43,M,Married,ST,Salaried,88000.0,14000.0,74000.0,170000.0
RET-02310,46,M,Married,GEN,Self-Employed Professional,85000.0,4000.0,81000.0,46000.0
RET-02311,34,M,Married,GEN,Salaried,41000.0,9000.0,32000.0,79000.0
RET-02312,55,F,Married,Minority,Salaried,51000.0,8000.0,43000.0,116000.0
RET-02313,40,M,Married,GEN,Self-Employed Professional,111000.0,13000.0,98000.0,71000.0
RET-02314,42,M,Married,GEN,Salaried,37000.0,7000.0,30000.0,73000.0
RET-02315,44,F,Unmarried,OBC,Salaried,321000.0,71000.0,250000.0,282000.0
RET-02316,42,M,Married,GEN,Self-Employed Professional,102000.0,11000.0,91000.0,85000.0
RET-02317,46,F,Married,GEN,Salaried,71000.0,13000.0,58000.0,108000.0
RET-02318,31,M,Unmarried,GEN,Self-Employed Professional,63000.0,8000.0,55000.0,103000.0
RET-02319,32,F,Unmarried,GEN,Self-Employed Non-Professional,117000.0,16000.0,101000.0,169000.0
RET-02320,26,F,Married,OBC,Self-Employed Non-Professional,57000.0,4000.0,53000.0,146000.0
RET-02321,42,M,Unmarried,GEN,Salaried,59000.0,13000.0,46000.0,51000.0
RET-02322,45,F,Unmarried,GEN,Salaried,175000.0,19000.0,156000.0,313000.0
RET-02323,42,F,Married,GEN,Salaried,55000.0,10000.0,45000.0,69000.0
RET-02324,54,M,Married,SC,Self-Employed Non-Professional,79000.0,11000.0,68000.0,183000.0
RET-02325,37,M,Unmarried,GEN,Self-Employed Non-Professional,46000.0,6000.0,40000.0,33000.0
RET-02326,44,M,Married,GEN,Salaried,85000.0,9000.0,76000.0,54000.0
RET-02327,27,F,Married,GEN,Self-Employed Non-Professional,104000.0,11000.0,93000.0,277000.0
RET-02328,34,M,Married,GEN,Salaried,201000.0,21000.0,180000.0,350000.0
RET-02329,44,M,Unmarried,GEN,Salaried,42000.0,5000.0,37000.0,103000.0
RET-02330,46,M,Unmarried,OBC,Salaried,31000.0,6000.0,25000.0,38000.0
RET-02331,35,M,Married,Minority,Salaried,62000.0,15000.0,47000.0,95000.0
RET-02332,37,M,Unmarried,Minority,Self-Employed Non-Professional,51000.0,7000.0,44000.0,98000.0
RET-02333,22,M,Married,OBC,Salaried,72000.0,13000.0,59000.0,175000.0
RET-02334,34,F,Married,GEN,Self-Employed Non-Professional,100000.0,6000.0,94000.0,73000.0
RET-02335,46,M,Married,OBC,Self-Employed Non-Professional,285000.0,40000.0,245000.0,199000.0
RET-02336,43,M,Unmarried,GEN,Self-Employed Non-Professional,56000.0,8000.0,48000.0,87000.0
RET-02337,43,M,Married,OBC,Salaried,25000.0,4000.0,21000.0,13000.0
RET-02338,38,M,Married,GEN,Self-Employed Professional,63000.0,5000.0,58000.0,134000.0
RET-02339,38,M,Married,SC,Salaried,90000.0,21000.0,69000.0,205000.0
RET-02340,31,M,Married,Minority,Self-Employed Professional,41000.0,6000.0,35000.0,89000.0
RET-02341,44,M,Married,GEN,Salaried,84000.0,18000.0,66000.0,77000.0
RET-02342,42,M,Married,GEN,Self-Employed Professional,79000.0,5000.0,74000.0,185000.0
RET-02343,42,M,Unmarried,OBC,Self-Employed Professional,85000.0,11000.0,74000.0,153000.0
RET-02344,32,M,Married,GEN,Self-Employed Professional,118000.0,8000.0,110000.0,88000.0
RET-02345,21,F,Unmarried,Minority,Self-Employed Non-Professional,70000.0,10000.0,60000.0,115000.0
RET-02346,48,M,Married,GEN,Salaried,102000.0,15000.0,87000.0,239000.0
RET-02347,33,F,Married,GEN,Salaried,25000.0,6000.0,19000.0,23000.0
RET-02348,29,F,Married,SC,Salaried,41000.0,6000.0,35000.0,75000.0
RET-02349,44,M,Unmarried,GEN,Salaried,60000.0,11000.0,49000.0,30000.0
RET-02350,34,F,Married,GEN,Salaried,40000.0,8000.0,32000.0,83000.0
RET-02351,48,M,Unmarried,OBC,Salaried,73000.0,12000.0,61000.0,62000.0
RET-02352,44,M,Unmarried,OBC,Self-Employed Non-Professional,60000.0,6000.0,54000.0,109000.0
RET-02353,44,M,Married,OBC,Self-Employed Non-Professional,56000.0,4000.0,52000.0,94000.0
RET-02354,24,F,Married,OBC,Salaried,124000.0,16000.0,108000.0,202000.0
RET-02355,50,M,Unmarried,GEN,Salaried,77000.0,8000.0,69000.0,78000.0
RET-02356,40,F,Married,GEN,Salaried,38000.0,7000.0,31000.0,59000.0
RET-02357,34,M,Married,GEN,Salaried,51000.0,10000.0,41000.0,82000.0
RET-02358,39,F,Married,Minority,Self-Employed Professional,115000.0,17000.0,98000.0,153000.0
RET-02359,21,M,Married,GEN,Salaried,82000.0,18000.0,64000.0,133000.0
RET-02360,42,M,Unmarried,GEN,Self-Employed Professional,150000.0,20000.0,130000.0,127000.0
RET-02361,27,M,Married,Minority,Salaried,122000.0,18000.0,104000.0,185000.0
RET-02362,24,M,Married,Minority,Self-Employed Non-Professional,58000.0,4000.0,54000.0,124000.0
RET-02363,22,M,Married,SC,Self-Employed Non-Professional,173000.0,16000.0,157000.0,223000.0
RET-02364,49,F,Unmarried,GEN,Self-Employed Non-Professional,182000.0,24000.0,158000.0,241000.0
RET-02365,31,M,Married,OBC,Salaried,25000.0,6000.0,19000.0,17000.0
RET-02366,53,F,Unmarried,GEN,Salaried,75000.0,11000.0,64000.0,131000.0
RET-02367,32,M,Unmarried,SC,Salaried,53000.0,10000.0,43000.0,35000.0
RET-02368,21,F,Married,GEN,Self-Employed Professional,63000.0,9000.0,54000.0,95000.0
RET-02369,26,M,Married,GEN,Salaried,45000.0,5000.0,40000.0,41000.0
RET-02370,50,M,Married,GEN,Self-Employed Professional,42000.0,5000.0,37000.0,36000.0
RET-02371,36,F,Unmarried,GEN,Self-Employed Professional,126000.0,9000.0,117000.0,87000.0
RET-02372,32,M,Unmarried,OBC,Salaried,36000.0,8000.0,28000.0,39000.0
RET-02373,39,M,Unmarried,SC,Self-Employed Non-Professional,77000.0,10000.0,67000.0,179000.0
RET-02374,43,M,Married,OBC,Salaried,33000.0,6000.0,27000.0,54000.0
RET-02375,49,M,Married,GEN,Salaried,157000.0,38000.0,119000.0,291000.0
RET-02376,52,M,Married,ST,Self-Employed Professional,74000.0,10000.0,64000.0,50000.0
RET-02377,34,F,Married,GEN,Self-Employed Non-Professional,114000.0,16000.0,98000.0,126000.0
RET-02378,24,M,Married,GEN,Self-Employed Professional,82000.0,10000.0,72000.0,106000.0
RET-02379,33,M,Married,GEN,Self-Employed Professional,63000.0,9000.0,54000.0,143000.0
RET-02380,40,M,Married,GEN,Self-Employed Non-Professional,76000.0,9000.0,67000.0,145000.0
RET-02381,28,M,Married,GEN,Salaried,181000.0,42000.0,139000.0,240000.0
RET-02382,28,M,Married,GEN,Self-Employed Non-Professional,43000.0,5000.0,38000.0,48000.0
RET-02383,41,F,Married,Minority,Salaried,25000.0,5000.0,20000.0,48000.0
RET-02384,37,F,Married,Minority,Salaried,46000.0,5000.0,41000.0,112000.0
RET-02385,38,M,Married,GEN,Salaried,35000.0,7000.0,28000.0,52000.0
RET-02386,30,F,Married,GEN,Salaried,131000.0,25000.0,106000.0,65000.0
RET-02387,35,M,Unmarried,GEN,Salaried,66000.0,12000.0,54000.0,64000.0
RET-02388,28,F,Married,GEN,Salaried,120000.0,29000.0,91000.0,215000.0
RET-02389,46,M,Unmarried,GEN,Salaried,75000.0,18000.0,57000.0,84000.0
RET-02390,48,M,Married,GEN,Salaried,74000.0,11000.0,63000.0,130000.0
RET-02391,21,M,Married,OBC,Salaried,81000.0,14000.0,67000.0,121000.0
RET-02392,28,M,Married,OBC,Self-Employed Non-Professional,178000.0,11000.0,167000.0,462000.0
RET-02393,23,M,Married,GEN,Salaried,82000.0,19000.0,63000.0,80000.0
RET-02394,31,M,Married,SC,Salaried,142000.0,23000.0,119000.0,192000.0
RET-02395,37,M,Unmarried,SC,Salaried,137000.0,21000.0,116000.0,77000.0
RET-02396,23,M,Married,GEN,Salaried,66000.0,15000.0,51000.0,128000.0
RET-02397,28,M,Married,GEN,Self-Employed Non-Professional,70000.0,7000.0,63000.0,83000.0
RET-02398,27,M,Married,Minority,Self-Employed Non-Professional,58000.0,7000.0,51000.0,118000.0
RET-02399,40,M,Married,OBC,Self-Employed Non-Professional,158000.0,17000.0,141000.0,72000.0
RET-02400,38,M,Unmarried,GEN,Salaried,42000.0,8000.0,34000.0,91000.0
RET-02401,30,M,Unmarried,OBC,Salaried,47000.0,7000.0,40000.0,117000.0
RET-02402,39,F,Married,GEN,Salaried,62000.0,12000.0,50000.0,84000.0
RET-02403,32,F,Married,OBC,Self-Employed Professional,37000.0,2000.0,35000.0,60000.0
RET-02404,35,M,Married,GEN,Self-Employed Non-Professional,51000.0,3000.0,48000.0,98000.0
RET-02405,54,M,Unmarried,GEN,Self-Employed Non-Professional,145000.0,13000.0,132000.0,388000.0
RET-02406,51,M,Married,OBC,Salaried,108000.0,14000.0,94000.0,178000.0
RET-02407,25,F,Unmarried,OBC,Salaried,57000.0,12000.0,45000.0,31000.0
RET-02408,46,M,Married,GEN,Salaried,118000.0,19000.0,99000.0,189000.0
RET-02409,46,M,Unmarried,GEN,Self-Employed Professional,255000.0,16000.0,239000.0,370000.0
RET-02410,26,M,Married,GEN,Salaried,88000.0,21000.0,67000.0,161000.0
RET-02411,46,M,Married,GEN,Salaried,171000.0,30000.0,141000.0,177000.0
RET-02412,53,M,Married,GEN,Self-Employed Non-Professional,122000.0,18000.0,104000.0,292000.0
RET-02413,26,M,Unmarried,OBC,Self-Employed Professional,61000.0,4000.0,57000.0,143000.0
RET-02414,28,M,Unmarried,GEN,Salaried,82000.0,14000.0,68000.0,90000.0
RET-02415,48,M,Unmarried,OBC,Salaried,100000.0,21000.0,79000.0,109000.0
RET-02416,40,M,Unmarried,SC,Self-Employed Professional,47000.0,3000.0,44000.0,79000.0
RET-02417,43,M,Married,GEN,Salaried,25000.0,4000.0,21000.0,16000.0
RET-02418,41,M,Unmarried,OBC,Self-Employed Professional,44000.0,3000.0,41000.0,91000.0
RET-02419,41,F,Unmarried,Minority,Salaried,25000.0,5000.0,20000.0,40000.0
RET-02420,24,M,Married,GEN,Self-Employed Non-Professional,47000.0,5000.0,42000.0,54000.0
RET-02421,48,M,Married,Minority,Self-Employed Professional,26000.0,2000.0,24000.0,50000.0
RET-02422,49,M,Married,OBC,Self-Employed Non-Professional,124000.0,9000.0,115000.0,86000.0
RET-02423,35,M,Married,OBC,Salaried,36000.0,8000.0,28000.0,81000.0
RET-02424,37,M,Unmarried,GEN,Salaried,101000.0,14000.0,87000.0,58000.0
RET-02425,22,M,Married,OBC,Salaried,116000.0,22000.0,94000.0,124000.0
RET-02426,43,M,Married,GEN,Self-Employed Non-Professional,111000.0,9000.0,102000.0,298000.0
RET-02427,43,M,Married,OBC,Salaried,25000.0,5000.0,20000.0,30000.0
RET-02428,37,M,Married,SC,Salaried,143000.0,16000.0,127000.0,345000.0
RET-02429,49,M,Married,OBC,Salaried,94000.0,13000.0,81000.0,71000.0
RET-02430,34,M,Unmarried,GEN,Self-Employed Professional,118000.0,12000.0,106000.0,71000.0
RET-02431,43,M,Married,GEN,Self-Employed Non-Professional,219000.0,25000.0,194000.0,149000.0
RET-02432,27,M,Unmarried,GEN,Self-Employed Non-Professional,118000.0,11000.0,107000.0,314000.0
RET-02433,37,M,Married,ST,Salaried,36000.0,7000.0,29000.0,21000.0
RET-02434,36,M,Unmarried,GEN,Self-Employed Non-Professional,108000.0,12000.0,96000.0,204000.0
RET-02435,40,M,Married,GEN,Salaried,30000.0,5000.0,25000.0,40000.0
RET-02436,34,M,Married,GEN,Self-Employed Non-Professional,70000.0,10000.0,60000.0,159000.0
RET-02437,36,F,Married,ST,Salaried,54000.0,7000.0,47000.0,58000.0
RET-02438,46,F,Unmarried,GEN,Salaried,74000.0,7000.0,67000.0,38000.0
RET-02439,33,M,Married,Minority,Salaried,30000.0,4000.0,26000.0,62000.0
RET-02440,21,M,Married,OBC,Salaried,32000.0,3000.0,29000.0,57000.0
RET-02441,55,M,Unmarried,ST,Salaried,56000.0,9000.0,47000.0,75000.0
RET-02442,51,M,Married,GEN,Salaried,64000.0,11000.0,53000.0,69000.0
RET-02443,25,F,Married,GEN,Salaried,57000.0,11000.0,46000.0,126000.0
RET-02444,44,F,Married,GEN,Salaried,175000.0,21000.0,154000.0,124000.0
RET-02445,32,F,Married,GEN,Salaried,94000.0,12000.0,82000.0,70000.0
RET-02446,40,M,Married,OBC,Self-Employed Non-Professional,93000.0,14000.0,79000.0,42000.0
RET-02447,40,M,Married,GEN,Self-Employed Non-Professional,58000.0,6000.0,52000.0,35000.0
RET-02448,35,F,Unmarried,GEN,Self-Employed Non-Professional,32000.0,3000.0,29000.0,77000.0
RET-02449,30,M,Married,OBC,Self-Employed Professional,73000.0,6000.0,67000.0,166000.0
RET-02450,31,F,Married,GEN,Self-Employed Professional,216000.0,20000.0,196000.0,148000.0
RET-02451,28,M,Married,GEN,Self-Employed Non-Professional,84000.0,7000.0,77000.0,189000.0
RET-02452,29,M,Married,GEN,Self-Employed Professional,143000.0,21000.0,122000.0,257000.0
RET-02453,37,M,Married,OBC,Salaried,154000.0,28000.0,126000.0,185000.0
RET-02454,30,M,Unmarried,OBC,Salaried,102000.0,19000.0,83000.0,59000.0
RET-02455,44,M,Unmarried,OBC,Salaried,83000.0,18000.0,65000.0,130000.0
RET-02456,52,M,Unmarried,GEN,Self-Employed Non-Professional,40000.0,6000.0,34000.0,88000.0
RET-02457,32,M,Married,GEN,Self-Employed Professional,65000.0,8000.0,57000.0,88000.0
RET-02458,40,M,Unmarried,SC,Salaried,59000.0,11000.0,48000.0,75000.0
RET-02459,42,M,Unmarried,OBC,Salaried,89000.0,16000.0,73000.0,187000.0
RET-02460,42,M,Married,OBC,Salaried,31000.0,3000.0,28000.0,29000.0
RET-02461,38,F,Married,OBC,Self-Employed Professional,53000.0,6000.0,47000.0,44000.0
RET-02462,45,M,Married,GEN,Salaried,93000.0,14000.0,79000.0,177000.0
RET-02463,42,M,Married,ST,Salaried,48000.0,12000.0,36000.0,77000.0
RET-02464,25,F,Unmarried,SC,Salaried,42000.0,7000.0,35000.0,97000.0
RET-02465,46,F,Married,OBC,Self-Employed Professional,45000.0,4000.0,41000.0,55000.0
RET-02466,46,M,Unmarried,Minority,Self-Employed Non-Professional,62000.0,3000.0,59000.0,59000.0
RET-02467,30,F,Married,GEN,Self-Employed Non-Professional,25000.0,2000.0,23000.0,36000.0
RET-02468,38,M,Married,OBC,Salaried,47000.0,9000.0,38000.0,55000.0
RET-02469,44,M,Married,Minority,Salaried,130000.0,21000.0,109000.0,310000.0
RET-02470,35,M,Unmarried,GEN,Salaried,89000.0,21000.0,68000.0,190000.0
RET-02471,48,M,Married,GEN,Salaried,94000.0,23000.0,71000.0,111000.0
RET-02472,61,F,Unmarried,OBC,Self-Employed Professional,25000.0,2000.0,23000.0,35000.0
RET-02473,30,F,Married,GEN,Salaried,57000.0,9000.0,48000.0,77000.0
RET-02474,24,F,Married,ST,Self-Employed Professional,68000.0,8000.0,60000.0,140000.0
RET-02475,41,F,Married,GEN,Salaried,97000.0,18000.0,79000.0,148000.0
RET-02476,45,M,Unmarried,OBC,Self-Employed Non-Professional,142000.0,14000.0,128000.0,156000.0
RET-02477,35,M,Married,GEN,Salaried,130000.0,17000.0,113000.0,274000.0
RET-02478,52,F,Married,GEN,Salaried,51000.0,8000.0,43000.0,119000.0
RET-02479,24,F,Married,ST,Self-Employed Professional,52000.0,4000.0,48000.0,110000.0
RET-02480,44,F,Unmarried,OBC,Self-Employed Professional,171000.0,19000.0,152000.0,150000.0
RET-02481,31,F,Married,GEN,Salaried,59000.0,7000.0,52000.0,129000.0
RET-02482,55,M,Married,GEN,Self-Employed Non-Professional,38000.0,5000.0,33000.0,98000.0
RET-02483,57,F,Married,OBC,Salaried,65000.0,9000.0,56000.0,124000.0
RET-02484,30,F,Married,SC,Salaried,164000.0,21000.0,143000.0,159000.0
RET-02485,32,F,Unmarried,OBC,Self-Employed Non-Professional,42000.0,6000.0,36000.0,18000.0
RET-02486,46,M,Unmarried,OBC,Salaried,57000.0,7000.0,50000.0,73000.0
RET-02487,34,M,Married,GEN,Salaried,44000.0,9000.0,35000.0,59000.0
RET-02488,37,M,Unmarried,ST,Self-Employed Professional,130000.0,19000.0,111000.0,308000.0
RET-02489,38,M,Unmarried,OBC,Self-Employed Professional,87000.0,4000.0,83000.0,170000.0
RET-02490,21,M,Married,OBC,Salaried,127000.0,21000.0,106000.0,128000.0
RET-02491,37,M,Unmarried,OBC,Salaried,187000.0,30000.0,157000.0,350000.0
RET-02492,31,M,Unmarried,OBC,Salaried,30000.0,7000.0,23000.0,17000.0
RET-02493,33,M,Married,SC,Salaried,46000.0,6000.0,40000.0,41000.0
RET-02494,52,M,Unmarried,OBC,Self-Employed Non-Professional,56000.0,7000.0,49000.0,116000.0
RET-02495,25,M,Married,ST,Salaried,76000.0,17000.0,59000.0,73000.0
RET-02496,46,M,Married,OBC,Salaried,99000.0,21000.0,78000.0,45000.0
RET-02497,35,M,Unmarried,OBC,Self-Employed Professional,54000.0,6000.0,48000.0,84000.0
RET-02498,35,M,Unmarried,ST,Self-Employed Professional,48000.0,5000.0,43000.0,92000.0
RET-02499,45,M,Unmarried,GEN,Self-Employed Professional,130000.0,10000.0,120000.0,297000.0
RET-02500,41,M,Married,GEN,Salaried,101000.0,19000.0,82000.0,104000.0
RET-02501,43,M,Unmarried,OBC,Self-Employed Non-Professional,88000.0,11000.0,77000.0,120000.0
RET-02502,47,F,Married,Minority,Salaried,25000.0,4000.0,21000.0,40000.0
RET-02503,34,M,Married,GEN,Salaried,151000.0,32000.0,119000.0,82000.0
RET-02504,31,M,Married,GEN,Self-Employed Non-Professional,82000.0,10000.0,72000.0,72000.0
RET-02505,27,F,Married,GEN,Salaried,66000.0,13000.0,53000.0,75000.0
RET-02506,29,M,Married,GEN,Self-Employed Non-Professional,45000.0,3000.0,42000.0,49000.0
RET-02507,65,F,Married,GEN,Salaried,50000.0,11000.0,39000.0,65000.0
RET-02508,50,F,Unmarried,OBC,Self-Employed Non-Professional,43000.0,2000.0,41000.0,87000.0
RET-02509,24,M,Unmarried,ST,Salaried,25000.0,3000.0,22000.0,41000.0
RET-02510,24,M,Unmarried,OBC,Self-Employed Non-Professional,45000.0,3000.0,42000.0,102000.0
RET-02511,42,M,Married,GEN,Self-Employed Professional,28000.0,3000.0,25000.0,52000.0
RET-02512,43,M,Unmarried,ST,Self-Employed Professional,71000.0,6000.0,65000.0,80000.0
RET-02513,43,M,Unmarried,OBC,Salaried,37000.0,5000.0,32000.0,26000.0
RET-02514,35,M,Married,GEN,Self-Employed Non-Professional,113000.0,12000.0,101000.0,212000.0
RET-02515,36,F,Unmarried,GEN,Salaried,27000.0,4000.0,23000.0,24000.0
RET-02516,41,M,Married,SC,Salaried,150000.0,20000.0,130000.0,169000.0
RET-02517,38,M,Married,OBC,Self-Employed Professional,121000.0,11000.0,110000.0,274000.0
RET-02518,21,M,Married,OBC,Salaried,39000.0,6000.0,33000.0,35000.0
RET-02519,35,M,Unmarried,GEN,Salaried,69000.0,7000.0,62000.0,114000.0
RET-02520,29,M,Unmarried,SC,Self-Employed Professional,44000.0,5000.0,39000.0,29000.0
RET-02521,39,M,Married,GEN,Salaried,103000.0,25000.0,78000.0,120000.0
RET-02522,65,M,Married,SC,Self-Employed Non-Professional,215000.0,16000.0,199000.0,587000.0
RET-02523,41,F,Unmarried,OBC,Self-Employed Professional,149000.0,19000.0,130000.0,375000.0
RET-02524,34,M,Unmarried,GEN,Salaried,48000.0,8000.0,40000.0,115000.0
RET-02525,47,M,Married,GEN,Salaried,78000.0,19000.0,59000.0,117000.0
RET-02526,42,M,Married,GEN,Self-Employed Professional,182000.0,24000.0,158000.0,195000.0
RET-02527,42,M,Unmarried,GEN,Self-Employed Non-Professional,100000.0,14000.0,86000.0,119000.0
RET-02528,44,M,Married,GEN,Salaried,134000.0,31000.0,103000.0,105000.0
RET-02529,58,F,Married,OBC,Salaried,108000.0,21000.0,87000.0,65000.0
RET-02530,26,F,Married,OBC,Salaried,77000.0,19000.0,58000.0,53000.0
RET-02531,42,M,Unmarried,OBC,Self-Employed Professional,70000.0,9000.0,61000.0,102000.0
RET-02532,28,M,Unmarried,OBC,Self-Employed Professional,35000.0,4000.0,31000.0,18000.0
RET-02533,43,M,Married,SC,Salaried,46000.0,11000.0,35000.0,100000.0
RET-02534,28,M,Married,Minority,Self-Employed Professional,43000.0,5000.0,38000.0,72000.0
RET-02535,33,M,Married,GEN,Self-Employed Non-Professional,59000.0,9000.0,50000.0,47000.0
RET-02536,35,M,Married,OBC,Salaried,78000.0,10000.0,68000.0,105000.0
RET-02537,47,M,Married,GEN,Self-Employed Professional,69000.0,4000.0,65000.0,94000.0
RET-02538,47,M,Married,GEN,Self-Employed Non-Professional,83000.0,8000.0,75000.0,194000.0
RET-02539,25,F,Married,OBC,Self-Employed Non-Professional,109000.0,10000.0,99000.0,79000.0
RET-02540,38,F,Married,GEN,Salaried,57000.0,6000.0,51000.0,80000.0
RET-02541,30,M,Unmarried,SC,Salaried,114000.0,23000.0,91000.0,207000.0
RET-02542,25,M,Married,GEN,Self-Employed Non-Professional,145000.0,12000.0,133000.0,191000.0
RET-02543,35,F,Married,GEN,Salaried,94000.0,20000.0,74000.0,103000.0
RET-02544,34,M,Married,ST,Salaried,53000.0,9000.0,44000.0,59000.0
RET-02545,62,F,Married,GEN,Salaried,129000.0,31000.0,98000.0,236000.0
RET-02546,42,M,Married,GEN,Self-Employed Professional,98000.0,14000.0,84000.0,67000.0
RET-02547,24,M,Married,GEN,Salaried,106000.0,23000.0,83000.0,219000.0
RET-02548,32,M,Married,Minority,Self-Employed Non-Professional,184000.0,13000.0,171000.0,116000.0
RET-02549,48,F,Married,GEN,Salaried,112000.0,13000.0,99000.0,128000.0
RET-02550,58,M,Unmarried,OBC,Self-Employed Professional,188000.0,15000.0,173000.0,255000.0
RET-02551,22,M,Married,SC,Salaried,67000.0,9000.0,58000.0,86000.0
RET-02552,21,M,Married,OBC,Salaried,56000.0,13000.0,43000.0,42000.0
RET-02553,56,F,Unmarried,SC,Salaried,146000.0,18000.0,128000.0,257000.0
RET-02554,41,F,Unmarried,GEN,Self-Employed Non-Professional,40000.0,3000.0,37000.0,60000.0
RET-02555,29,F,Married,Minority,Salaried,227000.0,54000.0,173000.0,332000.0
RET-02556,43,F,Unmarried,SC,Self-Employed Professional,160000.0,13000.0,147000.0,299000.0
RET-02557,21,M,Married,GEN,Self-Employed Professional,77000.0,11000.0,66000.0,65000.0
RET-02558,38,M,Unmarried,GEN,Salaried,150000.0,25000.0,125000.0,350000.0
RET-02559,41,M,Married,Minority,Self-Employed Professional,109000.0,8000.0,101000.0,260000.0
RET-02560,47,M,Unmarried,OBC,Salaried,34000.0,3000.0,31000.0,80000.0
RET-02561,27,F,Unmarried,OBC,Self-Employed Professional,45000.0,6000.0,39000.0,71000.0
RET-02562,38,F,Married,SC,Salaried,87000.0,17000.0,70000.0,179000.0
RET-02563,28,M,Unmarried,OBC,Self-Employed Non-Professional,80000.0,5000.0,75000.0,155000.0
RET-02564,40,M,Married,GEN,Self-Employed Professional,160000.0,13000.0,147000.0,239000.0
RET-02565,29,F,Married,GEN,Salaried,88000.0,16000.0,72000.0,171000.0
RET-02566,33,M,Married,OBC,Salaried,34000.0,8000.0,26000.0,52000.0
RET-02567,28,M,Unmarried,GEN,Salaried,53000.0,13000.0,40000.0,20000.0
RET-02568,44,M,Married,GEN,Self-Employed Non-Professional,114000.0,16000.0,98000.0,293000.0
RET-02569,46,M,Married,SC,Salaried,25000.0,4000.0,21000.0,33000.0
RET-02570,35,M,Married,GEN,Salaried,31000.0,6000.0,25000.0,48000.0
RET-02571,38,M,Married,GEN,Salaried,58000.0,7000.0,51000.0,77000.0
RET-02572,23,M,Married,SC,Self-Employed Non-Professional,128000.0,10000.0,118000.0,89000.0
RET-02573,35,F,Unmarried,OBC,Salaried,64000.0,6000.0,58000.0,150000.0
RET-02574,37,M,Unmarried,GEN,Salaried,96000.0,10000.0,86000.0,190000.0
RET-02575,64,M,Married,SC,Self-Employed Professional,73000.0,11000.0,62000.0,159000.0
RET-02576,26,F,Married,OBC,Self-Employed Non-Professional,67000.0,4000.0,63000.0,108000.0
RET-02577,52,M,Married,GEN,Self-Employed Professional,49000.0,3000.0,46000.0,114000.0
RET-02578,47,M,Married,GEN,Salaried,121000.0,16000.0,105000.0,262000.0
RET-02579,40,F,Married,GEN,Salaried,34000.0,5000.0,29000.0,39000.0
RET-02580,55,M,Married,SC,Salaried,64000.0,14000.0,50000.0,26000.0
RET-02581,41,F,Married,OBC,Salaried,145000.0,30000.0,115000.0,305000.0
RET-02582,41,M,Married,OBC,Salaried,46000.0,5000.0,41000.0,39000.0
RET-02583,37,M,Unmarried,ST,Self-Employed Professional,29000.0,4000.0,25000.0,67000.0
RET-02584,50,M,Unmarried,GEN,Self-Employed Non-Professional,25000.0,1000.0,24000.0,49000.0
RET-02585,48,M,Married,GEN,Self-Employed Professional,109000.0,15000.0,94000.0,196000.0
RET-02586,31,F,Unmarried,GEN,Salaried,114000.0,23000.0,91000.0,102000.0
RET-02587,24,M,Married,GEN,Self-Employed Professional,59000.0,6000.0,53000.0,80000.0
RET-02588,35,F,Unmarried,OBC,Salaried,34000.0,4000.0,30000.0,38000.0
RET-02589,29,F,Unmarried,OBC,Salaried,67000.0,13000.0,54000.0,53000.0
RET-02590,37,M,Unmarried,GEN,Salaried,148000.0,32000.0,116000.0,268000.0
RET-02591,50,F,Married,GEN,Salaried,34000.0,8000.0,26000.0,19000.0
RET-02592,33,M,Married,GEN,Salaried,138000.0,16000.0,122000.0,217000.0
RET-02593,37,M,Married,Minority,Salaried,26000.0,4000.0,22000.0,40000.0
RET-02594,38,F,Married,OBC,Salaried,37000.0,6000.0,31000.0,90000.0
RET-02595,46,M,Married,OBC,Salaried,78000.0,14000.0,64000.0,171000.0
RET-02596,21,M,Married,GEN,Salaried,129000.0,21000.0,108000.0,187000.0
RET-02597,31,M,Unmarried,GEN,Self-Employed Non-Professional,177000.0,13000.0,164000.0,428000.0
RET-02598,40,M,Married,GEN,Self-Employed Non-Professional,133000.0,8000.0,125000.0,310000.0
RET-02599,50,M,Married,Minority,Self-Employed Non-Professional,186000.0,17000.0,169000.0,96000.0
RET-02600,33,M,Married,SC,Self-Employed Non-Professional,82000.0,9000.0,73000.0,205000.0
RET-02601,21,M,Married,OBC,Self-Employed Non-Professional,50000.0,4000.0,46000.0,102000.0
RET-02602,44,M,Married,OBC,Self-Employed Professional,149000.0,9000.0,140000.0,305000.0
RET-02603,31,M,Married,OBC,Self-Employed Non-Professional,166000.0,16000.0,150000.0,343000.0
RET-02604,26,M,Married,GEN,Self-Employed Professional,128000.0,19000.0,109000.0,116000.0
RET-02605,31,M,Married,GEN,Self-Employed Non-Professional,106000.0,16000.0,90000.0,52000.0
RET-02606,36,F,Married,OBC,Salaried,169000.0,27000.0,142000.0,153000.0
RET-02607,31,M,Married,GEN,Self-Employed Professional,90000.0,11000.0,79000.0,196000.0
RET-02608,21,M,Unmarried,GEN,Self-Employed Non-Professional,72000.0,5000.0,67000.0,134000.0
RET-02609,46,M,Married,OBC,Salaried,113000.0,15000.0,98000.0,138000.0
RET-02610,50,M,Unmarried,Minority,Salaried,97000.0,19000.0,78000.0,86000.0
RET-02611,44,M,Married,Minority,Salaried,124000.0,26000.0,98000.0,245000.0
RET-02612,26,F,Married,GEN,Self-Employed Professional,68000.0,5000.0,63000.0,104000.0
RET-02613,35,F,Married,GEN,Self-Employed Professional,126000.0,12000.0,114000.0,231000.0
RET-02614,37,F,Married,OBC,Salaried,122000.0,25000.0,97000.0,52000.0
RET-02615,43,F,Married,SC,Salaried,83000.0,19000.0,64000.0,101000.0
RET-02616,44,M,Married,Minority,Self-Employed Non-Professional,47000.0,6000.0,41000.0,22000.0
RET-02617,30,M,Married,ST,Self-Employed Professional,154000.0,21000.0,133000.0,328000.0
RET-02618,38,F,Married,OBC,Salaried,35000.0,5000.0,30000.0,34000.0
RET-02619,42,M,Unmarried,GEN,Self-Employed Non-Professional,41000.0,3000.0,38000.0,35000.0
RET-02620,52,F,Unmarried,GEN,Salaried,81000.0,15000.0,66000.0,186000.0
RET-02621,45,F,Married,GEN,Salaried,25000.0,6000.0,19000.0,10000.0
RET-02622,45,F,Married,OBC,Self-Employed Non-Professional,185000.0,25000.0,160000.0,159000.0
RET-02623,38,M,Married,GEN,Self-Employed Non-Professional,74000.0,6000.0,68000.0,75000.0
RET-02624,52,F,Married,OBC,Salaried,184000.0,28000.0,156000.0,399000.0
RET-02625,42,M,Unmarried,OBC,Salaried,216000.0,23000.0,193000.0,439000.0
RET-02626,29,M,Married,GEN,Salaried,67000.0,8000.0,59000.0,172000.0
RET-02627,52,M,Married,Minority,Self-Employed Non-Professional,164000.0,23000.0,141000.0,315000.0
RET-02628,44,F,Married,OBC,Self-Employed Non-Professional,39000.0,4000.0,35000.0,38000.0
RET-02629,33,F,Unmarried,Minority,Salaried,95000.0,11000.0,84000.0,77000.0
RET-02630,33,M,Married,Minority,Salaried,55000.0,8000.0,47000.0,112000.0
RET-02631,40,M,Married,GEN,Salaried,111000.0,13000.0,98000.0,270000.0
RET-02632,42,M,Unmarried,GEN,Self-Employed Non-Professional,124000.0,7000.0,117000.0,325000.0
RET-02633,39,F,Married,GEN,Salaried,66000.0,16000.0,50000.0,121000.0
RET-02634,41,M,Married,SC,Salaried,101000.0,10000.0,91000.0,226000.0
RET-02635,54,M,Unmarried,OBC,Self-Employed Professional,129000.0,9000.0,120000.0,259000.0
RET-02636,48,M,Married,Minority,Salaried,82000.0,20000.0,62000.0,145000.0
RET-02637,39,M,Unmarried,GEN,Salaried,336000.0,56000.0,280000.0,221000.0
RET-02638,47,M,Married,OBC,Salaried,67000.0,16000.0,51000.0,67000.0
RET-02639,27,M,Married,Minority,Self-Employed Professional,198000.0,13000.0,185000.0,304000.0
RET-02640,41,F,Unmarried,OBC,Self-Employed Non-Professional,145000.0,10000.0,135000.0,292000.0
RET-02641,56,F,Married,GEN,Salaried,25000.0,6000.0,19000.0,29000.0
RET-02642,35,M,Unmarried,OBC,Salaried,179000.0,42000.0,137000.0,197000.0
RET-02643,29,F,Unmarried,GEN,Salaried,139000.0,17000.0,122000.0,233000.0
RET-02644,31,M,Married,GEN,Salaried,78000.0,18000.0,60000.0,89000.0
RET-02645,27,M,Unmarried,GEN,Salaried,91000.0,22000.0,69000.0,47000.0
RET-02646,30,M,Unmarried,GEN,Salaried,98000.0,22000.0,76000.0,222000.0
RET-02647,34,M,Married,SC,Self-Employed Non-Professional,167000.0,23000.0,144000.0,405000.0
RET-02648,23,F,Married,GEN,Self-Employed Non-Professional,57000.0,5000.0,52000.0,31000.0
RET-02649,38,M,Married,OBC,Self-Employed Professional,189000.0,26000.0,163000.0,297000.0
RET-02650,47,M,Married,GEN,Self-Employed Professional,38000.0,5000.0,33000.0,75000.0
RET-02651,28,F,Married,GEN,Self-Employed Non-Professional,25000.0,1000.0,24000.0,49000.0
RET-02652,53,M,Married,GEN,Self-Employed Professional,104000.0,14000.0,90000.0,125000.0
RET-02653,43,F,Married,GEN,Self-Employed Professional,156000.0,16000.0,140000.0,351000.0
RET-02654,48,F,Married,GEN,Salaried,66000.0,10000.0,56000.0,114000.0
RET-02655,31,M,Married,OBC,Salaried,25000.0,5000.0,20000.0,22000.0
RET-02656,46,F,Married,Minority,Salaried,30000.0,6000.0,24000.0,49000.0
RET-02657,27,M,Married,GEN,Self-Employed Non-Professional,95000.0,8000.0,87000.0,103000.0
RET-02658,46,M,Unmarried,GEN,Salaried,73000.0,10000.0,63000.0,125000.0
RET-02659,39,M,Married,GEN,Salaried,158000.0,27000.0,131000.0,316000.0
RET-02660,43,M,Married,ST,Self-Employed Professional,76000.0,4000.0,72000.0,90000.0
RET-02661,26,F,Married,OBC,Salaried,47000.0,10000.0,37000.0,45000.0
RET-02662,29,M,Married,SC,Self-Employed Non-Professional,88000.0,5000.0,83000.0,192000.0
RET-02663,43,M,Married,GEN,Salaried,135000.0,20000.0,115000.0,204000.0
RET-02664,28,F,Unmarried,GEN,Self-Employed Professional,165000.0,24000.0,141000.0,119000.0
RET-02665,42,M,Married,GEN,Self-Employed Professional,68000.0,4000.0,64000.0,119000.0
RET-02666,24,M,Unmarried,ST,Self-Employed Non-Professional,76000.0,6000.0,70000.0,151000.0
RET-02667,46,M,Married,GEN,Salaried,117000.0,23000.0,94000.0,162000.0
RET-02668,25,F,Married,OBC,Self-Employed Non-Professional,47000.0,6000.0,41000.0,84000.0
RET-02669,43,M,Unmarried,OBC,Salaried,114000.0,16000.0,98000.0,138000.0
RET-02670,44,M,Unmarried,OBC,Salaried,64000.0,9000.0,55000.0,148000.0
RET-02671,31,M,Married,GEN,Salaried,70000.0,14000.0,56000.0,62000.0
RET-02672,43,M,Unmarried,OBC,Self-Employed Professional,73000.0,8000.0,65000.0,78000.0
RET-02673,40,F,Married,GEN,Salaried,79000.0,9000.0,70000.0,170000.0
RET-02674,32,M,Unmarried,Minority,Salaried,231000.0,23000.0,208000.0,134000.0
RET-02675,27,M,Married,GEN,Salaried,55000.0,6000.0,49000.0,145000.0
RET-02676,21,M,Unmarried,GEN,Salaried,57000.0,13000.0,44000.0,91000.0
RET-02677,41,F,Married,GEN,Salaried,174000.0,29000.0,145000.0,365000.0
RET-02678,22,F,Married,SC,Salaried,95000.0,19000.0,76000.0,149000.0
RET-02679,38,M,Unmarried,GEN,Self-Employed Non-Professional,116000.0,6000.0,110000.0,271000.0
RET-02680,35,M,Married,GEN,Salaried,39000.0,5000.0,34000.0,54000.0
RET-02681,44,M,Married,GEN,Salaried,85000.0,14000.0,71000.0,138000.0
RET-02682,34,M,Married,GEN,Self-Employed Professional,119000.0,17000.0,102000.0,220000.0
RET-02683,34,M,Unmarried,OBC,Salaried,49000.0,11000.0,38000.0,105000.0
RET-02684,45,M,Unmarried,GEN,Salaried,107000.0,27000.0,80000.0,47000.0
RET-02685,41,M,Unmarried,OBC,Salaried,65000.0,13000.0,52000.0,40000.0
RET-02686,41,F,Unmarried,SC,Self-Employed Non-Professional,50000.0,4000.0,46000.0,102000.0
RET-02687,42,M,Married,ST,Self-Employed Non-Professional,134000.0,8000.0,126000.0,171000.0
RET-02688,22,F,Married,GEN,Salaried,145000.0,33000.0,112000.0,246000.0
RET-02689,45,M,Married,GEN,Salaried,79000.0,18000.0,61000.0,65000.0
RET-02690,44,F,Married,Minority,Salaried,96000.0,10000.0,86000.0,178000.0
RET-02691,27,M,Married,SC,Salaried,162000.0,29000.0,133000.0,225000.0
RET-02692,35,M,Married,GEN,Salaried,58000.0,13000.0,45000.0,36000.0
RET-02693,37,F,Married,OBC,Self-Employed Non-Professional,90000.0,13000.0,77000.0,217000.0
RET-02694,36,M,Unmarried,Minority,Salaried,58000.0,12000.0,46000.0,114000.0
RET-02695,41,M,Married,GEN,Self-Employed Professional,40000.0,3000.0,37000.0,91000.0
RET-02696,52,M,Unmarried,SC,Salaried,58000.0,11000.0,47000.0,105000.0
RET-02697,48,F,Unmarried,GEN,Self-Employed Non-Professional,37000.0,3000.0,34000.0,19000.0
RET-02698,24,M,Unmarried,GEN,Salaried,94000.0,15000.0,79000.0,139000.0
RET-02699,44,F,Unmarried,GEN,Self-Employed Professional,46000.0,6000.0,40000.0,95000.0
RET-02700,51,M,Married,GEN,Self-Employed Professional,32000.0,2000.0,30000.0,31000.0
RET-02701,41,M,Married,GEN,Self-Employed Professional,114000.0,6000.0,108000.0,220000.0
RET-02702,48,M,Unmarried,ST,Salaried,110000.0,20000.0,90000.0,254000.0
RET-02703,58,M,Married,OBC,Salaried,60000.0,10000.0,50000.0,119000.0
RET-02704,48,M,Unmarried,OBC,Self-Employed Professional,112000.0,10000.0,102000.0,191000.0
RET-02705,40,M,Married,OBC,Self-Employed Non-Professional,45000.0,4000.0,41000.0,52000.0
RET-02706,48,M,Married,GEN,Salaried,58000.0,11000.0,47000.0,98000.0
RET-02707,39,M,Married,GEN,Salaried,93000.0,11000.0,82000.0,187000.0
RET-02708,38,M,Unmarried,Minority,Salaried,136000.0,25000.0,111000.0,232000.0
RET-02709,34,F,Unmarried,OBC,Self-Employed Professional,58000.0,8000.0,50000.0,119000.0
RET-02710,53,F,Unmarried,GEN,Self-Employed Professional,51000.0,7000.0,44000.0,53000.0
RET-02711,29,F,Unmarried,Minority,Self-Employed Professional,132000.0,19000.0,113000.0,200000.0
RET-02712,53,M,Married,GEN,Salaried,106000.0,23000.0,83000.0,155000.0
RET-02713,42,F,Married,ST,Salaried,80000.0,12000.0,68000.0,49000.0
RET-02714,24,M,Unmarried,ST,Self-Employed Professional,149000.0,19000.0,130000.0,122000.0
RET-02715,41,M,Married,GEN,Salaried,235000.0,28000.0,207000.0,262000.0
RET-02716,21,F,Married,GEN,Salaried,91000.0,12000.0,79000.0,49000.0
RET-02717,44,F,Married,Minority,Salaried,51000.0,10000.0,41000.0,44000.0
RET-02718,46,M,Married,GEN,Salaried,99000.0,22000.0,77000.0,139000.0
RET-02719,32,M,Unmarried,GEN,Self-Employed Non-Professional,45000.0,3000.0,42000.0,78000.0
RET-02720,39,M,Married,GEN,Salaried,154000.0,35000.0,119000.0,134000.0
RET-02721,57,M,Unmarried,OBC,Salaried,48000.0,9000.0,39000.0,112000.0
RET-02722,32,F,Unmarried,SC,Salaried,65000.0,14000.0,51000.0,85000.0
RET-02723,27,M,Married,Minority,Self-Employed Professional,44000.0,6000.0,38000.0,80000.0
RET-02724,52,F,Married,Minority,Salaried,82000.0,9000.0,73000.0,42000.0
RET-02725,57,M,Married,Minority,Self-Employed Professional,83000.0,10000.0,73000.0,109000.0
RET-02726,38,F,Unmarried,GEN,Salaried,114000.0,15000.0,99000.0,184000.0
RET-02727,48,F,Married,OBC,Salaried,79000.0,13000.0,66000.0,85000.0
RET-02728,51,M,Married,GEN,Salaried,75000.0,13000.0,62000.0,58000.0
RET-02729,30,M,Unmarried,GEN,Self-Employed Non-Professional,52000.0,5000.0,47000.0,47000.0
RET-02730,33,F,Married,SC,Salaried,62000.0,10000.0,52000.0,87000.0
RET-02731,50,M,Unmarried,GEN,Self-Employed Professional,32000.0,4000.0,28000.0,19000.0
RET-02732,54,M,Unmarried,Minority,Self-Employed Non-Professional,169000.0,9000.0,160000.0,174000.0
RET-02733,43,M,Married,GEN,Salaried,69000.0,7000.0,62000.0,143000.0
RET-02734,29,M,Married,SC,Self-Employed Professional,196000.0,14000.0,182000.0,189000.0
RET-02735,57,F,Married,GEN,Salaried,68000.0,11000.0,57000.0,45000.0
RET-02736,32,M,Unmarried,GEN,Salaried,25000.0,4000.0,21000.0,15000.0
RET-02737,34,F,Unmarried,GEN,Salaried,56000.0,7000.0,49000.0,146000.0
RET-02738,41,M,Married,GEN,Self-Employed Non-Professional,73000.0,9000.0,64000.0,46000.0
RET-02739,53,F,Married,GEN,Salaried,76000.0,15000.0,61000.0,97000.0
RET-02740,46,M,Unmarried,Minority,Salaried,110000.0,17000.0,93000.0,165000.0
RET-02741,42,M,Married,OBC,Salaried,81000.0,18000.0,63000.0,183000.0
RET-02742,42,M,Unmarried,GEN,Salaried,60000.0,15000.0,45000.0,123000.0
RET-02743,38,F,Married,GEN,Self-Employed Non-Professional,42000.0,2000.0,40000.0,44000.0
RET-02744,43,M,Married,GEN,Salaried,57000.0,9000.0,48000.0,34000.0
RET-02745,21,F,Unmarried,GEN,Self-Employed Non-Professional,105000.0,10000.0,95000.0,152000.0
RET-02746,35,M,Married,OBC,Self-Employed Non-Professional,122000.0,10000.0,112000.0,84000.0
RET-02747,40,M,Married,GEN,Self-Employed Non-Professional,49000.0,7000.0,42000.0,112000.0
RET-02748,26,F,Married,SC,Salaried,134000.0,24000.0,110000.0,249000.0
RET-02749,41,M,Married,GEN,Salaried,103000.0,18000.0,85000.0,243000.0
RET-02750,35,M,Unmarried,OBC,Salaried,43000.0,5000.0,38000.0,73000.0
RET-02751,55,M,Married,OBC,Salaried,85000.0,12000.0,73000.0,103000.0
RET-02752,53,M,Unmarried,GEN,Salaried,91000.0,15000.0,76000.0,133000.0
RET-02753,33,M,Unmarried,SC,Salaried,39000.0,9000.0,30000.0,27000.0
RET-02754,36,M,Unmarried,OBC,Self-Employed Non-Professional,32000.0,2000.0,30000.0,50000.0
RET-02755,37,M,Unmarried,OBC,Salaried,97000.0,23000.0,74000.0,222000.0
RET-02756,33,F,Married,GEN,Salaried,56000.0,8000.0,48000.0,107000.0
RET-02757,39,F,Unmarried,Minority,Self-Employed Professional,181000.0,16000.0,165000.0,108000.0
RET-02758,30,M,Married,OBC,Salaried,205000.0,35000.0,170000.0,393000.0
RET-02759,26,M,Married,GEN,Salaried,97000.0,10000.0,87000.0,65000.0
RET-02760,44,M,Married,GEN,Salaried,129000.0,17000.0,112000.0,165000.0
RET-02761,44,F,Married,GEN,Salaried,40000.0,5000.0,35000.0,86000.0
RET-02762,29,M,Married,GEN,Salaried,33000.0,4000.0,29000.0,24000.0
RET-02763,46,M,Married,Minority,Salaried,67000.0,11000.0,56000.0,69000.0
RET-02764,31,F,Married,GEN,Salaried,34000.0,8000.0,26000.0,26000.0
RET-02765,40,M,Married,ST,Salaried,88000.0,9000.0,79000.0,211000.0
RET-02766,46,F,Married,GEN,Salaried,46000.0,9000.0,37000.0,32000.0
RET-02767,37,M,Unmarried,GEN,Self-Employed Professional,82000.0,7000.0,75000.0,138000.0
RET-02768,42,M,Married,Minority,Salaried,66000.0,8000.0,58000.0,69000.0
RET-02769,32,F,Married,GEN,Salaried,107000.0,25000.0,82000.0,145000.0
RET-02770,36,M,Married,OBC,Self-Employed Non-Professional,89000.0,13000.0,76000.0,70000.0
RET-02771,35,F,Married,Minority,Self-Employed Professional,57000.0,7000.0,50000.0,120000.0
RET-02772,30,M,Married,Minority,Salaried,32000.0,8000.0,24000.0,51000.0
RET-02773,36,F,Married,SC,Self-Employed Non-Professional,81000.0,7000.0,74000.0,45000.0
RET-02774,22,M,Married,ST,Self-Employed Professional,26000.0,2000.0,24000.0,69000.0
RET-02775,33,M,Married,OBC,Salaried,154000.0,35000.0,119000.0,325000.0
RET-02776,35,M,Married,GEN,Self-Employed Non-Professional,100000.0,9000.0,91000.0,113000.0
RET-02777,35,M,Unmarried,OBC,Salaried,121000.0,27000.0,94000.0,116000.0
RET-02778,35,M,Married,Minority,Self-Employed Non-Professional,41000.0,2000.0,39000.0,68000.0
RET-02779,37,M,Unmarried,OBC,Salaried,91000.0,14000.0,77000.0,158000.0
RET-02780,42,M,Unmarried,GEN,Salaried,49000.0,9000.0,40000.0,49000.0
RET-02781,46,M,Married,OBC,Self-Employed Professional,80000.0,5000.0,75000.0,187000.0
RET-02782,31,M,Unmarried,OBC,Salaried,40000.0,9000.0,31000.0,22000.0
RET-02783,25,M,Unmarried,GEN,Salaried,70000.0,16000.0,54000.0,81000.0
RET-02784,27,M,Unmarried,OBC,Self-Employed Professional,32000.0,2000.0,30000.0,57000.0
RET-02785,33,F,Married,OBC,Salaried,66000.0,16000.0,50000.0,125000.0
RET-02786,34,M,Married,OBC,Self-Employed Non-Professional,27000.0,3000.0,24000.0,64000.0
RET-02787,30,M,Married,GEN,Salaried,209000.0,49000.0,160000.0,178000.0
RET-02788,25,M,Married,GEN,Self-Employed Non-Professional,81000.0,11000.0,70000.0,77000.0
RET-02789,33,F,Unmarried,OBC,Salaried,73000.0,11000.0,62000.0,88000.0
RET-02790,39,M,Unmarried,OBC,Salaried,110000.0,17000.0,93000.0,146000.0
RET-02791,43,M,Married,GEN,Salaried,34000.0,6000.0,28000.0,73000.0
RET-02792,32,M,Unmarried,GEN,Self-Employed Professional,46000.0,5000.0,41000.0,21000.0
RET-02793,33,M,Unmarried,GEN,Salaried,101000.0,11000.0,90000.0,199000.0
RET-02794,28,F,Married,GEN,Salaried,81000.0,14000.0,67000.0,70000.0
RET-02795,37,M,Married,Minority,Salaried,47000.0,6000.0,41000.0,111000.0
RET-02796,29,M,Married,SC,Salaried,108000.0,24000.0,84000.0,109000.0
RET-02797,43,F,Unmarried,ST,Salaried,88000.0,9000.0,79000.0,146000.0
RET-02798,21,M,Unmarried,OBC,Self-Employed Professional,99000.0,5000.0,94000.0,124000.0
RET-02799,34,F,Married,OBC,Salaried,92000.0,15000.0,77000.0,120000.0
RET-02800,41,M,Married,GEN,Salaried,49000.0,6000.0,43000.0,78000.0
RET-02801,39,F,Unmarried,OBC,Self-Employed Non-Professional,70000.0,10000.0,60000.0,142000.0
RET-02802,64,F,Unmarried,GEN,Self-Employed Professional,25000.0,3000.0,22000.0,18000.0
RET-02803,41,M,Married,OBC,Self-Employed Non-Professional,54000.0,6000.0,48000.0,66000.0
RET-02804,27,F,Married,GEN,Self-Employed Non-Professional,63000.0,9000.0,54000.0,113000.0
RET-02805,37,M,Unmarried,GEN,Salaried,107000.0,12000.0,95000.0,187000.0
RET-02806,21,M,Married,GEN,Self-Employed Non-Professional,99000.0,14000.0,85000.0,208000.0
RET-02807,37,M,Married,SC,Salaried,47000.0,10000.0,37000.0,101000.0
RET-02808,29,M,Unmarried,GEN,Self-Employed Non-Professional,46000.0,6000.0,40000.0,29000.0
RET-02809,47,F,Married,GEN,Salaried,160000.0,28000.0,132000.0,302000.0
RET-02810,32,M,Unmarried,Minority,Salaried,61000.0,8000.0,53000.0,64000.0
RET-02811,36,F,Married,OBC,Self-Employed Professional,78000.0,6000.0,72000.0,123000.0
RET-02812,31,M,Married,GEN,Self-Employed Non-Professional,117000.0,16000.0,101000.0,209000.0
RET-02813,55,M,Married,GEN,Self-Employed Professional,70000.0,5000.0,65000.0,57000.0
RET-02814,34,M,Married,GEN,Salaried,67000.0,12000.0,55000.0,75000.0
RET-02815,56,M,Married,OBC,Salaried,61000.0,11000.0,50000.0,147000.0
RET-02816,46,F,Unmarried,SC,Self-Employed Professional,54000.0,6000.0,48000.0,40000.0
RET-02817,42,F,Married,GEN,Salaried,80000.0,17000.0,63000.0,45000.0
RET-02818,41,F,Unmarried,ST,Self-Employed Professional,25000.0,3000.0,22000.0,57000.0
RET-02819,41,F,Married,GEN,Salaried,59000.0,13000.0,46000.0,73000.0
RET-02820,21,M,Married,GEN,Salaried,101000.0,11000.0,90000.0,197000.0
RET-02821,35,M,Married,Minority,Self-Employed Professional,94000.0,5000.0,89000.0,113000.0
RET-02822,46,M,Unmarried,GEN,Self-Employed Professional,171000.0,24000.0,147000.0,146000.0
RET-02823,37,M,Married,ST,Self-Employed Non-Professional,121000.0,11000.0,110000.0,113000.0
RET-02824,23,M,Married,OBC,Salaried,93000.0,10000.0,83000.0,82000.0
RET-02825,37,M,Unmarried,GEN,Self-Employed Non-Professional,74000.0,8000.0,66000.0,74000.0
RET-02826,55,M,Married,GEN,Self-Employed Non-Professional,56000.0,6000.0,50000.0,53000.0
RET-02827,50,M,Married,OBC,Self-Employed Non-Professional,99000.0,15000.0,84000.0,213000.0
RET-02828,37,F,Married,Minority,Self-Employed Non-Professional,89000.0,12000.0,77000.0,141000.0
RET-02829,47,M,Married,GEN,Self-Employed Professional,58000.0,4000.0,54000.0,67000.0
RET-02830,34,M,Married,GEN,Salaried,43000.0,7000.0,36000.0,49000.0
RET-02831,21,M,Unmarried,GEN,Salaried,71000.0,13000.0,58000.0,168000.0
RET-02832,28,F,Unmarried,OBC,Self-Employed Professional,146000.0,13000.0,133000.0,128000.0
RET-02833,53,F,Unmarried,GEN,Self-Employed Non-Professional,78000.0,7000.0,71000.0,193000.0
RET-02834,35,M,Married,GEN,Salaried,74000.0,17000.0,57000.0,133000.0
RET-02835,35,M,Unmarried,Minority,Self-Employed Professional,94000.0,10000.0,84000.0,171000.0
RET-02836,35,F,Married,GEN,Self-Employed Professional,98000.0,12000.0,86000.0,177000.0
RET-02837,57,M,Married,GEN,Salaried,85000.0,11000.0,74000.0,115000.0
RET-02838,54,F,Married,OBC,Salaried,71000.0,8000.0,63000.0,101000.0
RET-02839,60,F,Unmarried,SC,Self-Employed Professional,54000.0,7000.0,47000.0,117000.0
RET-02840,36,M,Married,GEN,Salaried,134000.0,18000.0,116000.0,293000.0
RET-02841,40,M,Married,GEN,Salaried,57000.0,14000.0,43000.0,83000.0
RET-02842,22,M,Unmarried,GEN,Self-Employed Professional,188000.0,24000.0,164000.0,397000.0
RET-02843,52,M,Married,GEN,Self-Employed Professional,80000.0,7000.0,73000.0,184000.0
RET-02844,26,F,Married,OBC,Salaried,75000.0,15000.0,60000.0,80000.0
RET-02845,40,F,Married,OBC,Self-Employed Non-Professional,115000.0,14000.0,101000.0,208000.0
RET-02846,27,F,Unmarried,OBC,Salaried,49000.0,7000.0,42000.0,67000.0
RET-02847,32,M,Married,OBC,Salaried,103000.0,17000.0,86000.0,64000.0
RET-02848,29,M,Married,SC,Self-Employed Professional,78000.0,9000.0,69000.0,146000.0
RET-02849,31,M,Unmarried,OBC,Self-Employed Non-Professional,94000.0,13000.0,81000.0,159000.0
RET-02850,32,M,Married,Minority,Salaried,49000.0,9000.0,40000.0,30000.0
RET-02851,32,M,Married,GEN,Salaried,48000.0,12000.0,36000.0,24000.0
RET-02852,46,M,Unmarried,SC,Self-Employed Professional,25000.0,3000.0,22000.0,25000.0
RET-02853,26,M,Married,GEN,Self-Employed Non-Professional,56000.0,8000.0,48000.0,124000.0
RET-02854,40,F,Married,GEN,Salaried,54000.0,9000.0,45000.0,30000.0
RET-02855,50,M,Married,SC,Salaried,49000.0,11000.0,38000.0,63000.0
RET-02856,32,F,Married,GEN,Salaried,68000.0,11000.0,57000.0,54000.0
RET-02857,30,M,Unmarried,OBC,Salaried,76000.0,9000.0,67000.0,76000.0
RET-02858,35,M,Married,OBC,Salaried,99000.0,11000.0,88000.0,213000.0
RET-02859,49,F,Married,SC,Salaried,103000.0,14000.0,89000.0,234000.0
RET-02860,39,F,Unmarried,OBC,Salaried,108000.0,20000.0,88000.0,172000.0
RET-02861,32,M,Married,GEN,Salaried,111000.0,25000.0,86000.0,229000.0
RET-02862,42,M,Married,GEN,Salaried,86000.0,15000.0,71000.0,188000.0
RET-02863,26,M,Married,Minority,Salaried,76000.0,16000.0,60000.0,63000.0
RET-02864,44,M,Married,GEN,Self-Employed Non-Professional,128000.0,11000.0,117000.0,247000.0
RET-02865,42,F,Married,SC,Salaried,111000.0,20000.0,91000.0,223000.0
RET-02866,34,M,Married,GEN,Self-Employed Professional,30000.0,3000.0,27000.0,51000.0
RET-02867,29,M,Married,GEN,Self-Employed Non-Professional,66000.0,4000.0,62000.0,156000.0
RET-02868,29,F,Unmarried,GEN,Salaried,25000.0,4000.0,21000.0,44000.0
RET-02869,43,M,Unmarried,OBC,Salaried,25000.0,3000.0,22000.0,27000.0
RET-02870,50,M,Married,GEN,Self-Employed Professional,54000.0,6000.0,48000.0,106000.0
RET-02871,31,M,Married,GEN,Salaried,68000.0,8000.0,60000.0,118000.0
RET-02872,42,M,Married,GEN,Salaried,57000.0,10000.0,47000.0,97000.0
RET-02873,21,M,Married,GEN,Self-Employed Non-Professional,25000.0,2000.0,23000.0,17000.0
RET-02874,32,M,Unmarried,GEN,Salaried,116000.0,21000.0,95000.0,77000.0
RET-02875,37,M,Unmarried,GEN,Self-Employed Professional,48000.0,4000.0,44000.0,112000.0
RET-02876,28,F,Married,SC,Self-Employed Non-Professional,98000.0,11000.0,87000.0,137000.0
RET-02877,28,F,Married,GEN,Salaried,49000.0,7000.0,42000.0,44000.0
RET-02878,31,M,Married,GEN,Salaried,54000.0,12000.0,42000.0,31000.0
RET-02879,40,M,Married,Minority,Salaried,95000.0,17000.0,78000.0,90000.0
RET-02880,36,M,Unmarried,GEN,Self-Employed Non-Professional,59000.0,6000.0,53000.0,66000.0
RET-02881,21,M,Unmarried,Minority,Salaried,81000.0,19000.0,62000.0,183000.0
RET-02882,21,F,Married,GEN,Salaried,86000.0,10000.0,76000.0,197000.0
RET-02883,31,M,Married,GEN,Salaried,31000.0,7000.0,24000.0,17000.0
RET-02884,42,M,Married,GEN,Salaried,97000.0,20000.0,77000.0,183000.0
RET-02885,21,M,Unmarried,OBC,Salaried,42000.0,5000.0,37000.0,71000.0
RET-02886,33,M,Unmarried,OBC,Salaried,38000.0,9000.0,29000.0,31000.0
RET-02887,32,M,Married,GEN,Salaried,47000.0,7000.0,40000.0,95000.0
RET-02888,51,F,Unmarried,SC,Self-Employed Non-Professional,119000.0,12000.0,107000.0,62000.0
RET-02889,34,F,Married,GEN,Self-Employed Non-Professional,28000.0,4000.0,24000.0,56000.0
RET-02890,41,F,Married,GEN,Self-Employed Non-Professional,108000.0,8000.0,100000.0,274000.0
RET-02891,39,F,Unmarried,OBC,Salaried,90000.0,22000.0,68000.0,184000.0
RET-02892,21,F,Married,SC,Salaried,76000.0,15000.0,61000.0,148000.0
RET-02893,45,M,Unmarried,GEN,Self-Employed Professional,85000.0,9000.0,76000.0,216000.0
RET-02894,40,M,Married,GEN,Salaried,61000.0,10000.0,51000.0,116000.0
RET-02895,43,F,Married,SC,Salaried,110000.0,22000.0,88000.0,195000.0
RET-02896,65,M,Married,Minority,Salaried,57000.0,10000.0,47000.0,27000.0
RET-02897,21,M,Married,GEN,Salaried,28000.0,7000.0,21000.0,20000.0
RET-02898,55,M,Married,Minority,Salaried,70000.0,16000.0,54000.0,132000.0
RET-02899,35,M,Married,GEN,Salaried,118000.0,14000.0,104000.0,311000.0
RET-02900,40,M,Married,Minority,Salaried,98000.0,21000.0,77000.0,177000.0
RET-02901,37,M,Married,OBC,Self-Employed Non-Professional,217000.0,25000.0,192000.0,374000.0
RET-02902,33,M,Unmarried,ST,Salaried,63000.0,9000.0,54000.0,52000.0
RET-02903,32,F,Married,SC,Self-Employed Non-Professional,66000.0,3000.0,63000.0,181000.0
RET-02904,41,M,Unmarried,GEN,Self-Employed Non-Professional,64000.0,4000.0,60000.0,127000.0
RET-02905,22,F,Married,GEN,Self-Employed Professional,46000.0,6000.0,40000.0,69000.0
RET-02906,45,M,Married,OBC,Self-Employed Non-Professional,55000.0,8000.0,47000.0,125000.0
RET-02907,33,M,Married,GEN,Salaried,39000.0,6000.0,33000.0,95000.0
RET-02908,26,M,Married,GEN,Self-Employed Professional,25000.0,2000.0,23000.0,33000.0
RET-02909,33,M,Married,Minority,Self-Employed Non-Professional,52000.0,5000.0,47000.0,84000.0
RET-02910,50,M,Married,GEN,Salaried,74000.0,9000.0,65000.0,51000.0
RET-02911,32,F,Married,GEN,Salaried,107000.0,19000.0,88000.0,255000.0
RET-02912,41,F,Unmarried,GEN,Salaried,52000.0,11000.0,41000.0,33000.0
RET-02913,30,F,Married,OBC,Salaried,52000.0,9000.0,43000.0,121000.0
RET-02914,45,M,Unmarried,GEN,Self-Employed Non-Professional,136000.0,12000.0,124000.0,121000.0
RET-02915,44,M,Married,GEN,Salaried,33000.0,7000.0,26000.0,72000.0
RET-02916,56,M,Unmarried,ST,Salaried,66000.0,16000.0,50000.0,82000.0
RET-02917,36,M,Married,SC,Self-Employed Non-Professional,130000.0,18000.0,112000.0,222000.0
RET-02918,44,M,Unmarried,SC,Salaried,48000.0,7000.0,41000.0,24000.0
RET-02919,38,M,Married,SC,Self-Employed Non-Professional,29000.0,4000.0,25000.0,37000.0
RET-02920,50,M,Married,GEN,Self-Employed Non-Professional,204000.0,12000.0,192000.0,333000.0
RET-02921,30,M,Married,OBC,Self-Employed Non-Professional,118000.0,9000.0,109000.0,57000.0
RET-02922,45,M,Married,GEN,Self-Employed Professional,120000.0,6000.0,114000.0,245000.0
RET-02923,36,M,Unmarried,GEN,Self-Employed Professional,69000.0,4000.0,65000.0,169000.0
RET-02924,37,M,Unmarried,GEN,Self-Employed Professional,107000.0,6000.0,101000.0,57000.0
RET-02925,38,F,Unmarried,GEN,Salaried,25000.0,4000.0,21000.0,36000.0
RET-02926,40,M,Married,GEN,Salaried,56000.0,7000.0,49000.0,29000.0
RET-02927,36,M,Unmarried,GEN,Salaried,129000.0,31000.0,98000.0,263000.0
RET-02928,40,M,Married,OBC,Self-Employed Professional,32000.0,3000.0,29000.0,26000.0
RET-02929,53,M,Married,GEN,Self-Employed Professional,60000.0,6000.0,54000.0,35000.0
RET-02930,47,F,Unmarried,OBC,Salaried,89000.0,11000.0,78000.0,206000.0
RET-02931,46,F,Married,OBC,Self-Employed Professional,46000.0,4000.0,42000.0,68000.0
RET-02932,33,M,Married,Minority,Self-Employed Professional,73000.0,6000.0,67000.0,49000.0
RET-02933,29,M,Married,GEN,Self-Employed Professional,92000.0,13000.0,79000.0,167000.0
RET-02934,47,F,Married,OBC,Salaried,88000.0,9000.0,79000.0,179000.0
RET-02935,46,M,Married,OBC,Salaried,58000.0,8000.0,50000.0,96000.0
RET-02936,52,F,Married,Minority,Salaried,44000.0,9000.0,35000.0,47000.0
RET-02937,31,M,Unmarried,GEN,Salaried,93000.0,16000.0,77000.0,120000.0
RET-02938,35,M,Unmarried,GEN,Salaried,90000.0,13000.0,77000.0,222000.0
RET-02939,21,F,Unmarried,GEN,Self-Employed Professional,87000.0,11000.0,76000.0,140000.0
RET-02940,34,M,Married,GEN,Salaried,78000.0,11000.0,67000.0,100000.0
RET-02941,47,M,Unmarried,OBC,Salaried,90000.0,19000.0,71000.0,161000.0
RET-02942,33,M,Unmarried,SC,Self-Employed Professional,124000.0,12000.0,112000.0,77000.0
RET-02943,44,M,Married,GEN,Salaried,88000.0,17000.0,71000.0,87000.0
RET-02944,36,F,Married,GEN,Self-Employed Professional,78000.0,6000.0,72000.0,77000.0
RET-02945,41,M,Married,GEN,Self-Employed Non-Professional,53000.0,4000.0,49000.0,108000.0
RET-02946,26,M,Married,GEN,Self-Employed Professional,168000.0,14000.0,154000.0,310000.0
RET-02947,38,F,Married,Minority,Self-Employed Professional,37000.0,6000.0,31000.0,74000.0
RET-02948,21,M,Married,ST,Self-Employed Professional,65000.0,6000.0,59000.0,92000.0
RET-02949,36,M,Married,GEN,Salaried,54000.0,7000.0,47000.0,44000.0
RET-02950,21,F,Married,GEN,Salaried,25000.0,4000.0,21000.0,20000.0
RET-02951,50,F,Married,Minority,Salaried,90000.0,15000.0,75000.0,205000.0
RET-02952,45,M,Unmarried,GEN,Salaried,65000.0,16000.0,49000.0,34000.0
RET-02953,42,M,Unmarried,OBC,Salaried,75000.0,14000.0,61000.0,121000.0
RET-02954,53,F,Married,Minority,Salaried,66000.0,7000.0,59000.0,64000.0
RET-02955,28,F,Married,OBC,Self-Employed Professional,115000.0,16000.0,99000.0,103000.0
RET-02956,55,F,Married,GEN,Self-Employed Non-Professional,124000.0,12000.0,112000.0,84000.0
RET-02957,47,M,Married,GEN,Salaried,38000.0,9000.0,29000.0,85000.0
RET-02958,35,M,Married,Minority,Salaried,211000.0,52000.0,159000.0,104000.0
RET-02959,49,M,Unmarried,GEN,Self-Employed Professional,63000.0,4000.0,59000.0,51000.0
RET-02960,26,F,Married,GEN,Self-Employed Professional,104000.0,10000.0,94000.0,133000.0
RET-02961,29,F,Unmarried,SC,Salaried,81000.0,8000.0,73000.0,120000.0
RET-02962,31,M,Unmarried,SC,Salaried,78000.0,15000.0,63000.0,181000.0
RET-02963,32,M,Married,GEN,Salaried,102000.0,21000.0,81000.0,89000.0
RET-02964,27,M,Married,GEN,Salaried,161000.0,19000.0,142000.0,327000.0
RET-02965,50,F,Married,OBC,Self-Employed Professional,117000.0,14000.0,103000.0,221000.0
RET-02966,35,M,Married,GEN,Salaried,63000.0,15000.0,48000.0,86000.0
RET-02967,41,M,Married,GEN,Salaried,70000.0,17000.0,53000.0,62000.0
RET-02968,32,M,Unmarried,SC,Salaried,52000.0,6000.0,46000.0,41000.0
RET-02969,21,M,Unmarried,GEN,Self-Employed Non-Professional,112000.0,9000.0,103000.0,97000.0
RET-02970,40,M,Unmarried,GEN,Salaried,104000.0,24000.0,80000.0,109000.0
RET-02971,21,F,Married,GEN,Salaried,60000.0,10000.0,50000.0,42000.0
RET-02972,37,F,Married,GEN,Self-Employed Professional,162000.0,17000.0,145000.0,434000.0
RET-02973,24,M,Married,OBC,Self-Employed Professional,139000.0,16000.0,123000.0,199000.0
RET-02974,57,M,Married,SC,Self-Employed Professional,218000.0,15000.0,203000.0,375000.0
RET-02975,47,F,Married,OBC,Salaried,46000.0,7000.0,39000.0,80000.0
RET-02976,39,M,Married,OBC,Self-Employed Non-Professional,69000.0,9000.0,60000.0,59000.0
RET-02977,50,M,Married,OBC,Salaried,65000.0,10000.0,55000.0,94000.0
RET-02978,29,F,Unmarried,GEN,Salaried,349000.0,62000.0,287000.0,189000.0
RET-02979,43,F,Unmarried,GEN,Salaried,74000.0,13000.0,61000.0,178000.0
RET-02980,39,F,Married,OBC,Salaried,156000.0,31000.0,125000.0,210000.0
RET-02981,40,M,Unmarried,GEN,Salaried,136000.0,20000.0,116000.0,67000.0
RET-02982,50,M,Married,GEN,Self-Employed Professional,70000.0,10000.0,60000.0,120000.0
RET-02983,45,M,Married,GEN,Salaried,76000.0,9000.0,67000.0,50000.0
RET-02984,40,M,Unmarried,OBC,Self-Employed Non-Professional,100000.0,11000.0,89000.0,220000.0
RET-02985,21,F,Married,GEN,Self-Employed Professional,156000.0,22000.0,134000.0,386000.0
RET-02986,28,M,Unmarried,OBC,Self-Employed Professional,66000.0,4000.0,62000.0,173000.0
RET-02987,36,F,Unmarried,GEN,Self-Employed Non-Professional,54000.0,3000.0,51000.0,80000.0
RET-02988,38,M,Unmarried,Minority,Self-Employed Professional,128000.0,19000.0,109000.0,249000.0
RET-02989,26,M,Unmarried,GEN,Self-Employed Professional,37000.0,4000.0,33000.0,29000.0
RET-02990,62,F,Married,OBC,Self-Employed Professional,85000.0,5000.0,80000.0,55000.0
RET-02991,53,M,Married,GEN,Salaried,138000.0,18000.0,120000.0,306000.0
RET-02992,44,M,Married,GEN,Salaried,95000.0,20000.0,75000.0,168000.0
RET-02993,38,M,Married,ST,Salaried,52000.0,7000.0,45000.0,125000.0
RET-02994,35,M,Married,GEN,Self-Employed Non-Professional,40000.0,3000.0,37000.0,103000.0
RET-02995,28,M,Unmarried,GEN,Salaried,149000.0,31000.0,118000.0,161000.0
RET-02996,38,M,Married,OBC,Salaried,66000.0,16000.0,50000.0,65000.0
RET-02997,40,M,Unmarried,GEN,Salaried,43000.0,10000.0,33000.0,53000.0
RET-02998,25,F,Unmarried,OBC,Self-Employed Professional,145000.0,16000.0,129000.0,279000.0
RET-02999,41,M,Married,GEN,Self-Employed Non-Professional,118000.0,13000.0,105000.0,54000.0
RET-03000,36,M,Married,GEN,Self-Employed Non-Professional,39000.0,4000.0,35000.0,64000.0
RET-03001,21,M,Married,SC,Self-Employed Professional,331000.0,34000.0,297000.0,163000.0
RET-03002,29,M,Married,OBC,Salaried,53000.0,7000.0,46000.0,75000.0
RET-03003,33,M,Married,GEN,Salaried,117000.0,20000.0,97000.0,68000.0
RET-03004,56,M,Married,OBC,Salaried,241000.0,55000.0,186000.0,354000.0
RET-03005,43,M,Unmarried,SC,Salaried,125000.0,13000.0,112000.0,144000.0
RET-03006,24,F,Married,OBC,Salaried,85000.0,12000.0,73000.0,124000.0
RET-03007,42,F,Unmarried,GEN,Self-Employed Non-Professional,31000.0,5000.0,26000.0,75000.0
RET-03008,22,F,Unmarried,GEN,Salaried,249000.0,57000.0,192000.0,260000.0
RET-03009,48,M,Married,GEN,Salaried,123000.0,18000.0,105000.0,241000.0
RET-03010,33,M,Married,GEN,Self-Employed Non-Professional,31000.0,3000.0,28000.0,62000.0
RET-03011,37,F,Unmarried,GEN,Salaried,185000.0,29000.0,156000.0,417000.0
RET-03012,51,M,Unmarried,GEN,Salaried,76000.0,11000.0,65000.0,87000.0
RET-03013,25,F,Married,SC,Salaried,62000.0,13000.0,49000.0,31000.0
RET-03014,24,M,Married,OBC,Salaried,52000.0,10000.0,42000.0,123000.0
RET-03015,32,M,Married,GEN,Self-Employed Professional,81000.0,11000.0,70000.0,98000.0
RET-03016,48,F,Married,OBC,Salaried,119000.0,28000.0,91000.0,90000.0
RET-03017,22,F,Married,OBC,Self-Employed Professional,54000.0,3000.0,51000.0,142000.0
RET-03018,21,F,Married,GEN,Self-Employed Non-Professional,79000.0,10000.0,69000.0,67000.0
RET-03019,33,F,Unmarried,GEN,Salaried,500000.0,64000.0,436000.0,794000.0
RET-03020,43,M,Married,GEN,Salaried,97000.0,13000.0,84000.0,201000.0
RET-03021,50,M,Married,OBC,Self-Employed Professional,131000.0,15000.0,116000.0,270000.0
RET-03022,33,F,Married,GEN,Salaried,41000.0,10000.0,31000.0,18000.0
RET-03023,33,M,Unmarried,GEN,Salaried,32000.0,6000.0,26000.0,26000.0
RET-03024,49,M,Married,GEN,Self-Employed Professional,176000.0,15000.0,161000.0,438000.0
RET-03025,21,M,Unmarried,OBC,Salaried,148000.0,21000.0,127000.0,239000.0
RET-03026,34,M,Married,OBC,Self-Employed Non-Professional,204000.0,21000.0,183000.0,406000.0
RET-03027,39,M,Married,GEN,Salaried,70000.0,15000.0,55000.0,83000.0
RET-03028,42,M,Married,GEN,Salaried,155000.0,36000.0,119000.0,281000.0
RET-03029,32,F,Unmarried,OBC,Self-Employed Non-Professional,25000.0,3000.0,22000.0,27000.0
RET-03030,38,F,Married,ST,Salaried,101000.0,12000.0,89000.0,96000.0
RET-03031,21,M,Married,SC,Salaried,136000.0,14000.0,122000.0,365000.0
RET-03032,31,M,Unmarried,Minority,Self-Employed Non-Professional,48000.0,4000.0,44000.0,39000.0
RET-03033,42,M,Unmarried,GEN,Salaried,138000.0,23000.0,115000.0,340000.0
RET-03034,28,M,Married,GEN,Salaried,66000.0,9000.0,57000.0,161000.0
RET-03035,38,M,Unmarried,OBC,Salaried,70000.0,12000.0,58000.0,133000.0
RET-03036,42,M,Married,GEN,Salaried,63000.0,11000.0,52000.0,102000.0
RET-03037,34,M,Married,GEN,Self-Employed Professional,189000.0,23000.0,166000.0,85000.0
RET-03038,39,M,Married,GEN,Salaried,56000.0,11000.0,45000.0,94000.0
RET-03039,28,M,Married,GEN,Self-Employed Professional,52000.0,6000.0,46000.0,112000.0
RET-03040,35,M,Married,GEN,Salaried,44000.0,7000.0,37000.0,86000.0
RET-03041,44,M,Married,Minority,Self-Employed Non-Professional,59000.0,4000.0,55000.0,51000.0
RET-03042,39,M,Married,GEN,Salaried,82000.0,13000.0,69000.0,128000.0
RET-03043,32,M,Married,GEN,Self-Employed Professional,107000.0,16000.0,91000.0,171000.0
RET-03044,40,F,Married,GEN,Self-Employed Non-Professional,47000.0,6000.0,41000.0,87000.0
RET-03045,45,M,Married,SC,Salaried,91000.0,12000.0,79000.0,204000.0
RET-03046,21,F,Married,OBC,Salaried,106000.0,15000.0,91000.0,204000.0
RET-03047,49,M,Married,GEN,Salaried,42000.0,9000.0,33000.0,28000.0
RET-03048,34,F,Unmarried,GEN,Self-Employed Non-Professional,76000.0,10000.0,66000.0,36000.0
RET-03049,42,M,Married,OBC,Self-Employed Professional,70000.0,10000.0,60000.0,50000.0
RET-03050,49,F,Married,GEN,Self-Employed Non-Professional,76000.0,4000.0,72000.0,43000.0
RET-03051,24,M,Married,Minority,Self-Employed Professional,53000.0,3000.0,50000.0,80000.0
RET-03052,30,F,Unmarried,OBC,Salaried,67000.0,16000.0,51000.0,62000.0
RET-03053,35,M,Married,GEN,Salaried,75000.0,16000.0,59000.0,31000.0
RET-03054,30,M,Married,ST,Self-Employed Non-Professional,224000.0,33000.0,191000.0,134000.0
RET-03055,55,F,Married,GEN,Salaried,75000.0,14000.0,61000.0,91000.0
RET-03056,29,M,Unmarried,GEN,Salaried,163000.0,24000.0,139000.0,396000.0
RET-03057,32,F,Married,GEN,Salaried,171000.0,17000.0,154000.0,460000.0
RET-03058,40,M,Married,SC,Salaried,33000.0,5000.0,28000.0,18000.0
RET-03059,25,M,Married,GEN,Salaried,61000.0,10000.0,51000.0,131000.0
RET-03060,34,F,Married,GEN,Self-Employed Professional,171000.0,23000.0,148000.0,252000.0
RET-03061,41,M,Married,GEN,Salaried,82000.0,19000.0,63000.0,129000.0
RET-03062,34,M,Unmarried,SC,Salaried,68000.0,17000.0,51000.0,90000.0
RET-03063,37,F,Married,GEN,Salaried,115000.0,18000.0,97000.0,273000.0
RET-03064,32,F,Married,GEN,Self-Employed Professional,139000.0,13000.0,126000.0,214000.0
RET-03065,22,F,Married,OBC,Salaried,72000.0,16000.0,56000.0,52000.0
RET-03066,41,M,Married,OBC,Salaried,62000.0,6000.0,56000.0,137000.0
RET-03067,55,M,Married,SC,Self-Employed Non-Professional,25000.0,2000.0,23000.0,41000.0
RET-03068,38,M,Married,GEN,Salaried,75000.0,12000.0,63000.0,50000.0
RET-03069,40,M,Unmarried,SC,Salaried,58000.0,6000.0,52000.0,86000.0
RET-03070,44,F,Married,GEN,Salaried,40000.0,7000.0,33000.0,73000.0
RET-03071,25,M,Married,GEN,Salaried,65000.0,12000.0,53000.0,66000.0
RET-03072,55,M,Unmarried,SC,Salaried,57000.0,8000.0,49000.0,136000.0
RET-03073,40,M,Married,OBC,Self-Employed Non-Professional,81000.0,6000.0,75000.0,197000.0
RET-03074,54,F,Unmarried,OBC,Salaried,62000.0,12000.0,50000.0,96000.0
RET-03075,30,F,Married,Minority,Self-Employed Professional,96000.0,7000.0,89000.0,57000.0
RET-03076,56,M,Married,OBC,Self-Employed Non-Professional,81000.0,5000.0,76000.0,149000.0
RET-03077,45,M,Married,GEN,Salaried,157000.0,27000.0,130000.0,200000.0
RET-03078,43,F,Married,ST,Salaried,53000.0,9000.0,44000.0,102000.0
RET-03079,40,M,Married,GEN,Self-Employed Professional,213000.0,27000.0,186000.0,217000.0
RET-03080,35,M,Unmarried,OBC,Salaried,139000.0,17000.0,122000.0,246000.0
RET-03081,50,M,Unmarried,GEN,Self-Employed Professional,178000.0,15000.0,163000.0,307000.0
RET-03082,39,M,Married,GEN,Self-Employed Professional,85000.0,5000.0,80000.0,145000.0
RET-03083,21,M,Unmarried,OBC,Salaried,62000.0,12000.0,50000.0,39000.0
RET-03084,26,F,Married,GEN,Salaried,53000.0,5000.0,48000.0,83000.0
RET-03085,36,M,Unmarried,OBC,Salaried,209000.0,46000.0,163000.0,306000.0
RET-03086,41,M,Married,SC,Salaried,141000.0,34000.0,107000.0,302000.0
RET-03087,37,F,Unmarried,GEN,Salaried,40000.0,8000.0,32000.0,53000.0
RET-03088,50,F,Married,OBC,Self-Employed Professional,131000.0,10000.0,121000.0,254000.0
RET-03089,21,M,Unmarried,SC,Salaried,45000.0,7000.0,38000.0,73000.0
RET-03090,39,M,Unmarried,OBC,Self-Employed Professional,89000.0,11000.0,78000.0,77000.0
RET-03091,21,M,Married,OBC,Salaried,120000.0,18000.0,102000.0,98000.0
RET-03092,45,M,Married,GEN,Self-Employed Professional,175000.0,9000.0,166000.0,390000.0
RET-03093,37,M,Unmarried,GEN,Self-Employed Non-Professional,84000.0,12000.0,72000.0,130000.0
RET-03094,42,M,Married,GEN,Self-Employed Non-Professional,67000.0,5000.0,62000.0,170000.0
RET-03095,29,M,Married,GEN,Salaried,75000.0,9000.0,66000.0,183000.0
RET-03096,50,M,Married,OBC,Salaried,139000.0,27000.0,112000.0,139000.0
RET-03097,48,M,Unmarried,GEN,Salaried,117000.0,29000.0,88000.0,66000.0
RET-03098,43,M,Married,Minority,Salaried,72000.0,10000.0,62000.0,84000.0
RET-03099,36,M,Married,SC,Self-Employed Non-Professional,25000.0,4000.0,21000.0,14000.0
RET-03100,43,M,Unmarried,GEN,Salaried,25000.0,6000.0,19000.0,47000.0
RET-03101,30,M,Married,GEN,Self-Employed Professional,84000.0,9000.0,75000.0,65000.0
RET-03102,46,M,Married,OBC,Self-Employed Professional,36000.0,3000.0,33000.0,88000.0
RET-03103,54,M,Married,OBC,Salaried,53000.0,6000.0,47000.0,72000.0
RET-03104,48,M,Unmarried,Minority,Salaried,64000.0,13000.0,51000.0,61000.0
RET-03105,30,M,Married,GEN,Salaried,254000.0,61000.0,193000.0,338000.0
RET-03106,41,F,Married,GEN,Salaried,79000.0,14000.0,65000.0,131000.0
RET-03107,25,F,Unmarried,Minority,Self-Employed Professional,113000.0,13000.0,100000.0,225000.0
RET-03108,43,M,Married,GEN,Self-Employed Non-Professional,99000.0,7000.0,92000.0,124000.0
RET-03109,42,F,Unmarried,OBC,Salaried,25000.0,4000.0,21000.0,62000.0
RET-03110,21,M,Married,GEN,Salaried,58000.0,12000.0,46000.0,72000.0
RET-03111,26,M,Unmarried,SC,Salaried,35000.0,6000.0,29000.0,75000.0
RET-03112,35,F,Married,GEN,Salaried,206000.0,32000.0,174000.0,102000.0
RET-03113,34,M,Unmarried,OBC,Salaried,25000.0,3000.0,22000.0,54000.0
RET-03114,25,M,Married,OBC,Self-Employed Professional,57000.0,5000.0,52000.0,98000.0
RET-03115,41,M,Married,Minority,Salaried,63000.0,15000.0,48000.0,101000.0
RET-03116,40,M,Unmarried,GEN,Salaried,40000.0,5000.0,35000.0,50000.0
RET-03117,36,M,Married,GEN,Salaried,78000.0,9000.0,69000.0,128000.0
RET-03118,30,M,Unmarried,GEN,Self-Employed Professional,71000.0,8000.0,63000.0,178000.0
RET-03119,48,M,Married,ST,Salaried,81000.0,15000.0,66000.0,97000.0
RET-03120,54,M,Married,OBC,Salaried,99000.0,18000.0,81000.0,62000.0
RET-03121,33,M,Unmarried,OBC,Salaried,84000.0,14000.0,70000.0,161000.0
RET-03122,31,F,Married,GEN,Salaried,92000.0,11000.0,81000.0,143000.0
RET-03123,42,F,Unmarried,GEN,Salaried,143000.0,15000.0,128000.0,200000.0
RET-03124,34,M,Married,GEN,Self-Employed Non-Professional,27000.0,2000.0,25000.0,61000.0
RET-03125,36,M,Married,GEN,Salaried,111000.0,27000.0,84000.0,160000.0
RET-03126,45,F,Unmarried,SC,Self-Employed Professional,39000.0,3000.0,36000.0,75000.0
RET-03127,21,M,Married,GEN,Self-Employed Professional,50000.0,6000.0,44000.0,124000.0
RET-03128,51,M,Married,OBC,Self-Employed Professional,79000.0,4000.0,75000.0,48000.0
RET-03129,38,M,Unmarried,SC,Salaried,94000.0,19000.0,75000.0,87000.0
RET-03130,33,F,Married,Minority,Self-Employed Non-Professional,100000.0,11000.0,89000.0,244000.0
RET-03131,37,M,Married,OBC,Self-Employed Non-Professional,41000.0,3000.0,38000.0,94000.0
RET-03132,37,M,Unmarried,GEN,Salaried,195000.0,27000.0,168000.0,163000.0
RET-03133,21,M,Unmarried,OBC,Self-Employed Professional,57000.0,7000.0,50000.0,46000.0
RET-03134,52,M,Married,GEN,Salaried,47000.0,11000.0,36000.0,92000.0
RET-03135,38,M,Married,GEN,Salaried,34000.0,5000.0,29000.0,55000.0
RET-03136,42,M,Unmarried,OBC,Salaried,32000.0,6000.0,26000.0,69000.0
RET-03137,47,M,Married,ST,Self-Employed Non-Professional,32000.0,2000.0,30000.0,84000.0
RET-03138,27,M,Married,GEN,Self-Employed Professional,88000.0,8000.0,80000.0,54000.0
RET-03139,42,M,Unmarried,GEN,Self-Employed Professional,105000.0,6000.0,99000.0,290000.0
RET-03140,35,F,Married,OBC,Salaried,44000.0,6000.0,38000.0,87000.0
RET-03141,46,F,Married,GEN,Salaried,37000.0,4000.0,33000.0,85000.0
RET-03142,21,M,Unmarried,OBC,Salaried,64000.0,15000.0,49000.0,102000.0
RET-03143,37,M,Unmarried,GEN,Self-Employed Professional,78000.0,4000.0,74000.0,93000.0
RET-03144,31,M,Unmarried,GEN,Salaried,86000.0,9000.0,77000.0,154000.0
RET-03145,42,M,Married,OBC,Salaried,41000.0,5000.0,36000.0,64000.0
RET-03146,42,F,Married,ST,Self-Employed Non-Professional,66000.0,4000.0,62000.0,175000.0
RET-03147,30,M,Unmarried,OBC,Self-Employed Non-Professional,187000.0,16000.0,171000.0,323000.0
RET-03148,30,M,Married,SC,Self-Employed Non-Professional,36000.0,4000.0,32000.0,18000.0
RET-03149,36,F,Unmarried,GEN,Salaried,72000.0,15000.0,57000.0,126000.0
RET-03150,29,F,Married,ST,Self-Employed Non-Professional,99000.0,12000.0,87000.0,54000.0
RET-03151,46,M,Unmarried,GEN,Self-Employed Non-Professional,41000.0,6000.0,35000.0,100000.0
RET-03152,34,M,Married,ST,Self-Employed Non-Professional,106000.0,7000.0,99000.0,170000.0
RET-03153,21,M,Married,GEN,Self-Employed Non-Professional,33000.0,3000.0,30000.0,88000.0
RET-03154,34,F,Married,GEN,Self-Employed Non-Professional,107000.0,8000.0,99000.0,56000.0
RET-03155,27,F,Unmarried,GEN,Salaried,75000.0,18000.0,57000.0,104000.0
RET-03156,21,M,Married,OBC,Salaried,31000.0,6000.0,25000.0,27000.0
RET-03157,25,M,Married,GEN,Self-Employed Professional,110000.0,12000.0,98000.0,206000.0
RET-03158,39,M,Married,Minority,Salaried,43000.0,8000.0,35000.0,61000.0
RET-03159,51,M,Married,GEN,Salaried,67000.0,8000.0,59000.0,113000.0
RET-03160,41,M,Unmarried,GEN,Self-Employed Professional,107000.0,14000.0,93000.0,130000.0
RET-03161,31,M,Married,GEN,Salaried,41000.0,10000.0,31000.0,19000.0
RET-03162,42,M,Married,GEN,Salaried,53000.0,7000.0,46000.0,35000.0
RET-03163,33,F,Married,OBC,Salaried,144000.0,19000.0,125000.0,331000.0
RET-03164,31,M,Unmarried,OBC,Salaried,25000.0,4000.0,21000.0,47000.0
RET-03165,26,M,Unmarried,SC,Self-Employed Professional,171000.0,22000.0,149000.0,361000.0
RET-03166,21,M,Married,GEN,Self-Employed Non-Professional,30000.0,3000.0,27000.0,22000.0
RET-03167,34,F,Married,Minority,Self-Employed Professional,48000.0,6000.0,42000.0,26000.0
RET-03168,39,M,Married,GEN,Self-Employed Professional,87000.0,5000.0,82000.0,45000.0
RET-03169,37,F,Unmarried,Minority,Salaried,105000.0,24000.0,81000.0,146000.0
RET-03170,33,M,Married,GEN,Salaried,87000.0,20000.0,67000.0,117000.0
RET-03171,28,F,Unmarried,OBC,Self-Employed Non-Professional,75000.0,10000.0,65000.0,50000.0
RET-03172,44,F,Married,OBC,Self-Employed Professional,56000.0,4000.0,52000.0,71000.0
RET-03173,24,M,Unmarried,GEN,Salaried,187000.0,41000.0,146000.0,267000.0
RET-03174,45,F,Married,GEN,Self-Employed Non-Professional,116000.0,10000.0,106000.0,232000.0
RET-03175,27,M,Unmarried,OBC,Self-Employed Non-Professional,148000.0,20000.0,128000.0,323000.0
RET-03176,30,M,Married,GEN,Salaried,57000.0,9000.0,48000.0,101000.0
RET-03177,23,M,Married,OBC,Salaried,25000.0,5000.0,20000.0,12000.0
RET-03178,32,M,Unmarried,OBC,Salaried,135000.0,32000.0,103000.0,202000.0
RET-03179,47,F,Married,OBC,Salaried,91000.0,18000.0,73000.0,53000.0
RET-03180,43,F,Married,Minority,Self-Employed Non-Professional,82000.0,9000.0,73000.0,140000.0
RET-03181,47,M,Unmarried,GEN,Self-Employed Non-Professional,52000.0,4000.0,48000.0,69000.0
RET-03182,43,M,Married,GEN,Self-Employed Professional,59000.0,3000.0,56000.0,68000.0
RET-03183,26,M,Married,GEN,Self-Employed Professional,51000.0,3000.0,48000.0,82000.0
RET-03184,34,M,Married,OBC,Self-Employed Professional,75000.0,7000.0,68000.0,99000.0
RET-03185,30,M,Married,Minority,Salaried,37000.0,7000.0,30000.0,77000.0
RET-03186,51,F,Unmarried,Minority,Self-Employed Professional,116000.0,14000.0,102000.0,109000.0
RET-03187,26,M,Married,Minority,Self-Employed Non-Professional,248000.0,31000.0,217000.0,183000.0
RET-03188,46,M,Married,ST,Self-Employed Non-Professional,51000.0,7000.0,44000.0,114000.0
RET-03189,46,F,Married,Minority,Salaried,28000.0,4000.0,24000.0,27000.0
RET-03190,56,M,Married,GEN,Salaried,69000.0,15000.0,54000.0,31000.0
RET-03191,33,M,Unmarried,Minority,Salaried,88000.0,14000.0,74000.0,109000.0
RET-03192,45,M,Unmarried,SC,Self-Employed Professional,96000.0,7000.0,89000.0,227000.0
RET-03193,60,M,Married,GEN,Salaried,191000.0,35000.0,156000.0,246000.0
RET-03194,31,F,Married,GEN,Salaried,119000.0,23000.0,96000.0,161000.0
RET-03195,22,M,Unmarried,GEN,Self-Employed Professional,25000.0,3000.0,22000.0,14000.0
RET-03196,21,M,Married,SC,Salaried,35000.0,4000.0,31000.0,71000.0
RET-03197,45,M,Married,OBC,Salaried,93000.0,20000.0,73000.0,99000.0
RET-03198,21,M,Married,GEN,Self-Employed Non-Professional,56000.0,6000.0,50000.0,116000.0
RET-03199,34,F,Married,OBC,Salaried,182000.0,38000.0,144000.0,220000.0
RET-03200,42,F,Unmarried,GEN,Salaried,42000.0,8000.0,34000.0,62000.0
RET-03201,39,F,Married,SC,Salaried,130000.0,29000.0,101000.0,199000.0
RET-03202,42,M,Unmarried,SC,Salaried,50000.0,7000.0,43000.0,43000.0
RET-03203,40,M,Married,Minority,Salaried,86000.0,16000.0,70000.0,86000.0
RET-03204,50,M,Married,GEN,Self-Employed Professional,45000.0,7000.0,38000.0,75000.0
RET-03205,28,M,Unmarried,Minority,Salaried,102000.0,11000.0,91000.0,233000.0
RET-03206,31,M,Unmarried,GEN,Salaried,139000.0,29000.0,110000.0,319000.0
RET-03207,30,M,Unmarried,GEN,Salaried,85000.0,13000.0,72000.0,130000.0
RET-03208,46,F,Married,GEN,Salaried,230000.0,27000.0,203000.0,139000.0
RET-03209,47,M,Unmarried,OBC,Salaried,47000.0,7000.0,40000.0,116000.0
RET-03210,42,M,Married,Minority,Salaried,78000.0,9000.0,69000.0,107000.0
RET-03211,49,M,Married,OBC,Salaried,121000.0,28000.0,93000.0,70000.0
RET-03212,26,M,Married,Minority,Salaried,41000.0,7000.0,34000.0,100000.0
RET-03213,54,M,Married,GEN,Salaried,76000.0,9000.0,67000.0,80000.0
RET-03214,53,M,Unmarried,GEN,Salaried,109000.0,15000.0,94000.0,201000.0
RET-03215,45,M,Unmarried,OBC,Self-Employed Professional,128000.0,8000.0,120000.0,103000.0
RET-03216,55,M,Married,GEN,Salaried,145000.0,32000.0,113000.0,260000.0
RET-03217,21,F,Married,Minority,Salaried,43000.0,5000.0,38000.0,112000.0
RET-03218,32,M,Unmarried,OBC,Salaried,87000.0,9000.0,78000.0,231000.0
RET-03219,30,M,Married,GEN,Salaried,33000.0,8000.0,25000.0,20000.0
RET-03220,45,M,Married,SC,Salaried,47000.0,7000.0,40000.0,97000.0
RET-03221,27,M,Married,GEN,Salaried,66000.0,9000.0,57000.0,123000.0
RET-03222,45,F,Married,GEN,Self-Employed Professional,145000.0,9000.0,136000.0,341000.0
RET-03223,51,M,Unmarried,OBC,Self-Employed Professional,100000.0,8000.0,92000.0,123000.0
RET-03224,44,M,Married,OBC,Salaried,75000.0,16000.0,59000.0,89000.0
RET-03225,40,F,Married,Minority,Salaried,96000.0,17000.0,79000.0,107000.0
RET-03226,28,M,Unmarried,GEN,Salaried,100000.0,10000.0,90000.0,217000.0
RET-03227,29,M,Married,OBC,Self-Employed Professional,91000.0,8000.0,83000.0,209000.0
RET-03228,50,M,Unmarried,GEN,Salaried,52000.0,8000.0,44000.0,49000.0
RET-03229,45,M,Married,GEN,Salaried,41000.0,8000.0,33000.0,64000.0
RET-03230,37,F,Unmarried,OBC,Salaried,64000.0,11000.0,53000.0,43000.0
RET-03231,33,M,Married,GEN,Self-Employed Non-Professional,45000.0,4000.0,41000.0,22000.0
RET-03232,21,M,Married,OBC,Salaried,106000.0,20000.0,86000.0,174000.0
RET-03233,27,M,Married,OBC,Salaried,183000.0,36000.0,147000.0,382000.0
RET-03234,57,M,Married,GEN,Self-Employed Professional,103000.0,15000.0,88000.0,243000.0
RET-03235,25,M,Unmarried,GEN,Salaried,25000.0,4000.0,21000.0,43000.0
RET-03236,39,M,Married,GEN,Salaried,50000.0,10000.0,40000.0,101000.0
RET-03237,48,M,Married,ST,Self-Employed Professional,74000.0,9000.0,65000.0,98000.0
RET-03238,25,M,Married,GEN,Self-Employed Non-Professional,31000.0,4000.0,27000.0,73000.0
RET-03239,39,F,Unmarried,GEN,Self-Employed Professional,75000.0,8000.0,67000.0,163000.0
RET-03240,47,M,Unmarried,OBC,Salaried,97000.0,15000.0,82000.0,104000.0
RET-03241,38,M,Married,Minority,Self-Employed Professional,170000.0,22000.0,148000.0,295000.0
RET-03242,65,M,Married,ST,Self-Employed Non-Professional,218000.0,31000.0,187000.0,117000.0
RET-03243,21,F,Married,GEN,Salaried,36000.0,7000.0,29000.0,25000.0
RET-03244,48,F,Married,GEN,Salaried,68000.0,14000.0,54000.0,155000.0
RET-03245,36,F,Married,OBC,Self-Employed Non-Professional,69000.0,9000.0,60000.0,31000.0
RET-03246,45,M,Married,SC,Salaried,48000.0,11000.0,37000.0,37000.0
RET-03247,42,F,Unmarried,GEN,Salaried,78000.0,8000.0,70000.0,59000.0
RET-03248,30,M,Unmarried,GEN,Salaried,70000.0,9000.0,61000.0,137000.0
RET-03249,40,M,Married,GEN,Salaried,106000.0,12000.0,94000.0,72000.0
RET-03250,21,M,Married,GEN,Self-Employed Professional,165000.0,24000.0,141000.0,78000.0
RET-03251,44,F,Unmarried,OBC,Salaried,79000.0,11000.0,68000.0,192000.0
RET-03252,40,F,Married,GEN,Salaried,55000.0,7000.0,48000.0,129000.0
RET-03253,44,F,Married,GEN,Self-Employed Professional,40000.0,3000.0,37000.0,52000.0
RET-03254,48,F,Unmarried,GEN,Self-Employed Professional,249000.0,14000.0,235000.0,177000.0
RET-03255,41,M,Married,GEN,Self-Employed Non-Professional,126000.0,10000.0,116000.0,255000.0
RET-03256,39,M,Married,GEN,Salaried,93000.0,17000.0,76000.0,206000.0
RET-03257,29,M,Married,GEN,Salaried,66000.0,16000.0,50000.0,147000.0
RET-03258,30,F,Married,Minority,Salaried,192000.0,44000.0,148000.0,122000.0
RET-03259,49,M,Married,GEN,Salaried,66000.0,9000.0,57000.0,114000.0
RET-03260,52,F,Married,OBC,Salaried,26000.0,6000.0,20000.0,32000.0
RET-03261,35,M,Married,SC,Self-Employed Professional,86000.0,11000.0,75000.0,67000.0
RET-03262,38,M,Unmarried,GEN,Salaried,35000.0,4000.0,31000.0,78000.0
RET-03263,28,M,Married,GEN,Salaried,86000.0,9000.0,77000.0,189000.0
RET-03264,49,M,Married,GEN,Self-Employed Professional,164000.0,12000.0,152000.0,443000.0
RET-03265,44,F,Married,OBC,Salaried,27000.0,5000.0,22000.0,16000.0
RET-03266,57,M,Married,OBC,Salaried,43000.0,8000.0,35000.0,38000.0
RET-03267,29,M,Unmarried,GEN,Salaried,123000.0,19000.0,104000.0,267000.0
RET-03268,34,M,Married,SC,Salaried,54000.0,13000.0,41000.0,61000.0
RET-03269,40,M,Married,OBC,Self-Employed Non-Professional,94000.0,10000.0,84000.0,142000.0
RET-03270,44,M,Married,GEN,Self-Employed Professional,94000.0,6000.0,88000.0,179000.0
RET-03271,35,M,Married,SC,Salaried,125000.0,14000.0,111000.0,169000.0
RET-03272,29,F,Married,GEN,Salaried,50000.0,9000.0,41000.0,24000.0
RET-03273,46,M,Married,OBC,Salaried,25000.0,5000.0,20000.0,40000.0
RET-03274,45,M,Married,GEN,Self-Employed Non-Professional,93000.0,6000.0,87000.0,93000.0
RET-03275,28,M,Unmarried,OBC,Self-Employed Non-Professional,29000.0,3000.0,26000.0,76000.0
RET-03276,51,M,Unmarried,GEN,Salaried,128000.0,17000.0,111000.0,247000.0
RET-03277,49,M,Unmarried,OBC,Self-Employed Non-Professional,71000.0,9000.0,62000.0,161000.0
RET-03278,39,M,Unmarried,GEN,Salaried,61000.0,11000.0,50000.0,144000.0
RET-03279,38,M,Unmarried,OBC,Salaried,111000.0,16000.0,95000.0,63000.0
RET-03280,43,M,Unmarried,GEN,Salaried,26000.0,5000.0,21000.0,18000.0
RET-03281,29,M,Married,GEN,Self-Employed Professional,65000.0,8000.0,57000.0,144000.0
RET-03282,38,F,Married,GEN,Salaried,96000.0,15000.0,81000.0,220000.0
RET-03283,21,F,Unmarried,GEN,Self-Employed Non-Professional,85000.0,6000.0,79000.0,40000.0
RET-03284,46,M,Married,OBC,Salaried,55000.0,12000.0,43000.0,123000.0
RET-03285,22,M,Married,Minority,Self-Employed Professional,55000.0,4000.0,51000.0,83000.0
RET-03286,53,M,Married,SC,Salaried,185000.0,37000.0,148000.0,245000.0
RET-03287,34,M,Married,ST,Salaried,126000.0,26000.0,100000.0,270000.0
RET-03288,35,F,Married,GEN,Salaried,49000.0,6000.0,43000.0,53000.0
RET-03289,31,F,Married,GEN,Self-Employed Non-Professional,164000.0,24000.0,140000.0,274000.0
RET-03290,35,M,Married,OBC,Self-Employed Professional,115000.0,12000.0,103000.0,138000.0
RET-03291,52,M,Unmarried,Minority,Salaried,98000.0,21000.0,77000.0,60000.0
RET-03292,21,M,Unmarried,OBC,Salaried,100000.0,13000.0,87000.0,121000.0
RET-03293,50,M,Unmarried,GEN,Self-Employed Professional,37000.0,4000.0,33000.0,31000.0
RET-03294,41,F,Unmarried,GEN,Salaried,180000.0,23000.0,157000.0,283000.0
RET-03295,25,M,Married,GEN,Self-Employed Non-Professional,129000.0,9000.0,120000.0,219000.0
RET-03296,27,M,Married,GEN,Self-Employed Non-Professional,85000.0,5000.0,80000.0,127000.0
RET-03297,54,M,Married,OBC,Salaried,85000.0,19000.0,66000.0,62000.0
RET-03298,28,M,Unmarried,GEN,Self-Employed Professional,69000.0,5000.0,64000.0,51000.0
RET-03299,26,M,Married,ST,Self-Employed Professional,52000.0,5000.0,47000.0,36000.0
RET-03300,49,M,Unmarried,Minority,Salaried,101000.0,14000.0,87000.0,68000.0
RET-03301,41,M,Married,ST,Salaried,45000.0,5000.0,40000.0,49000.0
RET-03302,28,F,Unmarried,Minority,Salaried,80000.0,12000.0,68000.0,34000.0
RET-03303,40,F,Married,GEN,Self-Employed Non-Professional,78000.0,9000.0,69000.0,45000.0
RET-03304,27,M,Unmarried,Minority,Self-Employed Professional,92000.0,7000.0,85000.0,142000.0
RET-03305,49,F,Married,GEN,Salaried,129000.0,19000.0,110000.0,105000.0
RET-03306,48,M,Married,ST,Salaried,93000.0,19000.0,74000.0,86000.0
RET-03307,43,F,Married,GEN,Salaried,111000.0,15000.0,96000.0,133000.0
RET-03308,41,F,Unmarried,GEN,Self-Employed Non-Professional,25000.0,3000.0,22000.0,13000.0
RET-03309,55,M,Married,GEN,Salaried,96000.0,22000.0,74000.0,78000.0
RET-03310,37,F,Unmarried,GEN,Self-Employed Professional,76000.0,8000.0,68000.0,166000.0
RET-03311,26,M,Unmarried,Minority,Salaried,91000.0,20000.0,71000.0,96000.0
RET-03312,42,M,Unmarried,SC,Salaried,53000.0,8000.0,45000.0,43000.0
RET-03313,58,M,Married,OBC,Salaried,146000.0,26000.0,120000.0,119000.0
RET-03314,27,F,Married,OBC,Salaried,85000.0,11000.0,74000.0,219000.0
RET-03315,34,F,Married,OBC,Self-Employed Professional,47000.0,4000.0,43000.0,37000.0
RET-03316,42,M,Unmarried,GEN,Self-Employed Professional,52000.0,5000.0,47000.0,130000.0
RET-03317,37,M,Unmarried,SC,Self-Employed Non-Professional,126000.0,7000.0,119000.0,83000.0
RET-03318,28,M,Unmarried,GEN,Self-Employed Professional,69000.0,6000.0,63000.0,169000.0
RET-03319,49,F,Married,OBC,Salaried,73000.0,14000.0,59000.0,104000.0
RET-03320,61,M,Married,Minority,Self-Employed Non-Professional,65000.0,9000.0,56000.0,113000.0
RET-03321,39,F,Unmarried,GEN,Self-Employed Non-Professional,134000.0,18000.0,116000.0,129000.0
RET-03322,28,M,Married,GEN,Salaried,98000.0,16000.0,82000.0,225000.0
RET-03323,22,M,Unmarried,Minority,Salaried,36000.0,5000.0,31000.0,61000.0
RET-03324,40,M,Married,Minority,Self-Employed Non-Professional,41000.0,5000.0,36000.0,79000.0
RET-03325,49,F,Married,Minority,Self-Employed Professional,73000.0,7000.0,66000.0,125000.0
RET-03326,42,M,Unmarried,OBC,Self-Employed Professional,50000.0,3000.0,47000.0,38000.0
RET-03327,37,F,Married,GEN,Salaried,25000.0,5000.0,20000.0,52000.0
RET-03328,32,M,Married,GEN,Self-Employed Professional,47000.0,4000.0,43000.0,41000.0
RET-03329,27,M,Unmarried,GEN,Salaried,62000.0,15000.0,47000.0,58000.0
RET-03330,46,F,Unmarried,OBC,Salaried,58000.0,7000.0,51000.0,111000.0
RET-03331,47,F,Unmarried,GEN,Self-Employed Non-Professional,113000.0,13000.0,100000.0,73000.0
RET-03332,22,F,Unmarried,OBC,Self-Employed Professional,25000.0,2000.0,23000.0,65000.0
RET-03333,53,M,Married,Minority,Salaried,46000.0,11000.0,35000.0,28000.0
RET-03334,43,M,Married,Minority,Salaried,118000.0,28000.0,90000.0,195000.0
RET-03335,51,M,Married,GEN,Salaried,49000.0,10000.0,39000.0,81000.0
RET-03336,24,M,Married,GEN,Salaried,35000.0,7000.0,28000.0,63000.0
RET-03337,24,F,Married,SC,Salaried,49000.0,6000.0,43000.0,68000.0
RET-03338,36,M,Unmarried,OBC,Salaried,96000.0,14000.0,82000.0,119000.0
RET-03339,43,M,Married,SC,Salaried,63000.0,12000.0,51000.0,150000.0
RET-03340,55,M,Unmarried,ST,Self-Employed Non-Professional,47000.0,3000.0,44000.0,112000.0
RET-03341,45,M,Married,GEN,Salaried,98000.0,13000.0,85000.0,146000.0
RET-03342,35,M,Married,GEN,Salaried,92000.0,22000.0,70000.0,67000.0
RET-03343,27,M,Married,GEN,Self-Employed Non-Professional,34000.0,3000.0,31000.0,85000.0
RET-03344,50,M,Unmarried,OBC,Self-Employed Professional,77000.0,4000.0,73000.0,155000.0
RET-03345,28,M,Married,GEN,Salaried,34000.0,8000.0,26000.0,22000.0
RET-03346,54,F,Married,SC,Salaried,148000.0,36000.0,112000.0,107000.0
RET-03347,35,M,Unmarried,Minority,Self-Employed Professional,153000.0,21000.0,132000.0,244000.0
RET-03348,53,M,Married,GEN,Salaried,62000.0,10000.0,52000.0,91000.0
RET-03349,44,F,Married,Minority,Self-Employed Professional,139000.0,17000.0,122000.0,186000.0
RET-03350,36,F,Unmarried,OBC,Salaried,46000.0,5000.0,41000.0,64000.0
RET-03351,32,F,Married,ST,Self-Employed Non-Professional,67000.0,8000.0,59000.0,55000.0
RET-03352,34,F,Married,GEN,Self-Employed Professional,51000.0,5000.0,46000.0,52000.0
RET-03353,42,M,Married,GEN,Salaried,72000.0,14000.0,58000.0,100000.0
RET-03354,38,M,Married,GEN,Salaried,76000.0,11000.0,65000.0,43000.0
RET-03355,32,M,Married,GEN,Salaried,73000.0,13000.0,60000.0,83000.0
RET-03356,36,M,Married,GEN,Salaried,69000.0,15000.0,54000.0,55000.0
RET-03357,38,F,Married,ST,Salaried,79000.0,10000.0,69000.0,65000.0
RET-03358,21,M,Married,GEN,Salaried,155000.0,31000.0,124000.0,107000.0
RET-03359,42,F,Married,Minority,Salaried,25000.0,6000.0,19000.0,16000.0
RET-03360,28,F,Married,OBC,Self-Employed Professional,232000.0,29000.0,203000.0,183000.0
RET-03361,26,M,Married,GEN,Salaried,59000.0,14000.0,45000.0,65000.0
RET-03362,21,F,Unmarried,OBC,Self-Employed Professional,70000.0,9000.0,61000.0,46000.0
RET-03363,21,M,Married,Minority,Self-Employed Professional,162000.0,16000.0,146000.0,400000.0
RET-03364,24,M,Unmarried,OBC,Self-Employed Non-Professional,105000.0,10000.0,95000.0,166000.0
RET-03365,30,F,Married,GEN,Self-Employed Non-Professional,101000.0,9000.0,92000.0,162000.0
RET-03366,57,M,Married,Minority,Self-Employed Non-Professional,154000.0,21000.0,133000.0,137000.0
RET-03367,32,F,Married,GEN,Self-Employed Non-Professional,66000.0,4000.0,62000.0,165000.0
RET-03368,39,M,Unmarried,OBC,Salaried,127000.0,13000.0,114000.0,293000.0
RET-03369,42,M,Married,OBC,Salaried,34000.0,6000.0,28000.0,16000.0
RET-03370,39,F,Married,GEN,Salaried,94000.0,14000.0,80000.0,186000.0
RET-03371,37,M,Married,GEN,Salaried,102000.0,13000.0,89000.0,85000.0
RET-03372,26,M,Married,Minority,Salaried,145000.0,17000.0,128000.0,242000.0
RET-03373,52,M,Married,Minority,Self-Employed Professional,112000.0,13000.0,99000.0,265000.0
RET-03374,56,F,Married,OBC,Salaried,83000.0,19000.0,64000.0,181000.0
RET-03375,21,M,Married,GEN,Salaried,60000.0,11000.0,49000.0,47000.0
RET-03376,27,F,Unmarried,GEN,Salaried,60000.0,11000.0,49000.0,140000.0
RET-03377,35,M,Married,GEN,Self-Employed Non-Professional,60000.0,4000.0,56000.0,38000.0
RET-03378,28,M,Married,OBC,Salaried,34000.0,6000.0,28000.0,78000.0
RET-03379,43,F,Married,GEN,Self-Employed Non-Professional,208000.0,22000.0,186000.0,452000.0
RET-03380,30,M,Married,GEN,Salaried,133000.0,16000.0,117000.0,326000.0
RET-03381,59,M,Married,GEN,Self-Employed Professional,85000.0,6000.0,79000.0,112000.0
RET-03382,49,F,Married,OBC,Salaried,119000.0,28000.0,91000.0,260000.0
RET-03383,40,F,Married,ST,Salaried,115000.0,29000.0,86000.0,219000.0
RET-03384,48,M,Married,OBC,Self-Employed Non-Professional,40000.0,5000.0,35000.0,46000.0
RET-03385,49,M,Married,OBC,Salaried,107000.0,24000.0,83000.0,112000.0
RET-03386,32,F,Married,GEN,Salaried,157000.0,23000.0,134000.0,187000.0
RET-03387,29,F,Married,GEN,Salaried,49000.0,10000.0,39000.0,77000.0
RET-03388,38,F,Married,OBC,Self-Employed Professional,29000.0,4000.0,25000.0,24000.0
RET-03389,46,M,Married,OBC,Self-Employed Non-Professional,36000.0,3000.0,33000.0,52000.0
RET-03390,39,F,Married,GEN,Self-Employed Professional,69000.0,8000.0,61000.0,41000.0
RET-03391,22,M,Unmarried,OBC,Salaried,35000.0,4000.0,31000.0,43000.0
RET-03392,29,M,Married,Minority,Salaried,66000.0,15000.0,51000.0,111000.0
RET-03393,37,M,Married,OBC,Salaried,49000.0,10000.0,39000.0,77000.0
RET-03394,37,M,Unmarried,OBC,Self-Employed Professional,73000.0,11000.0,62000.0,80000.0
RET-03395,57,M,Married,SC,Salaried,54000.0,12000.0,42000.0,48000.0
RET-03396,24,M,Unmarried,GEN,Self-Employed Professional,72000.0,8000.0,64000.0,84000.0
RET-03397,43,M,Unmarried,OBC,Salaried,105000.0,25000.0,80000.0,54000.0
RET-03398,52,M,Unmarried,Minority,Salaried,41000.0,5000.0,36000.0,41000.0
RET-03399,60,M,Unmarried,GEN,Salaried,87000.0,14000.0,73000.0,166000.0
RET-03400,33,M,Married,GEN,Salaried,44000.0,10000.0,34000.0,32000.0
RET-03401,42,M,Married,OBC,Self-Employed Professional,73000.0,11000.0,62000.0,52000.0
RET-03402,43,M,Unmarried,GEN,Salaried,70000.0,12000.0,58000.0,152000.0
RET-03403,39,M,Married,OBC,Salaried,91000.0,22000.0,69000.0,75000.0
RET-03404,37,M,Unmarried,GEN,Salaried,82000.0,17000.0,65000.0,73000.0
RET-03405,42,F,Married,OBC,Salaried,154000.0,28000.0,126000.0,209000.0
RET-03406,21,F,Married,OBC,Salaried,72000.0,11000.0,61000.0,102000.0
RET-03407,44,F,Unmarried,GEN,Self-Employed Professional,50000.0,5000.0,45000.0,43000.0
RET-03408,39,M,Married,GEN,Salaried,128000.0,13000.0,115000.0,217000.0
RET-03409,35,M,Unmarried,GEN,Salaried,89000.0,13000.0,76000.0,170000.0
RET-03410,58,M,Married,GEN,Self-Employed Professional,124000.0,8000.0,116000.0,199000.0
RET-03411,31,F,Unmarried,GEN,Self-Employed Professional,68000.0,7000.0,61000.0,167000.0
RET-03412,33,M,Unmarried,GEN,Salaried,33000.0,6000.0,27000.0,80000.0
RET-03413,57,M,Married,SC,Self-Employed Non-Professional,281000.0,41000.0,240000.0,437000.0
RET-03414,29,M,Married,OBC,Self-Employed Non-Professional,51000.0,4000.0,47000.0,138000.0
RET-03415,32,M,Married,GEN,Salaried,36000.0,7000.0,29000.0,61000.0
RET-03416,36,F,Unmarried,GEN,Self-Employed Professional,112000.0,14000.0,98000.0,179000.0
RET-03417,46,F,Unmarried,GEN,Salaried,41000.0,6000.0,35000.0,94000.0
RET-03418,40,F,Married,OBC,Salaried,58000.0,11000.0,47000.0,137000.0
RET-03419,25,M,Married,GEN,Salaried,79000.0,9000.0,70000.0,210000.0
RET-03420,32,F,Unmarried,GEN,Self-Employed Non-Professional,67000.0,4000.0,63000.0,151000.0
RET-03421,31,M,Unmarried,GEN,Self-Employed Professional,59000.0,5000.0,54000.0,93000.0
RET-03422,37,F,Married,Minority,Salaried,190000.0,36000.0,154000.0,191000.0
RET-03423,42,M,Married,OBC,Salaried,68000.0,16000.0,52000.0,99000.0
RET-03424,42,M,Unmarried,ST,Salaried,43000.0,6000.0,37000.0,90000.0
RET-03425,21,M,Married,GEN,Salaried,131000.0,23000.0,108000.0,61000.0
RET-03426,48,M,Unmarried,GEN,Self-Employed Non-Professional,47000.0,3000.0,44000.0,51000.0
RET-03427,40,F,Married,GEN,Salaried,68000.0,14000.0,54000.0,75000.0
RET-03428,51,F,Unmarried,Minority,Salaried,42000.0,7000.0,35000.0,86000.0
RET-03429,42,M,Married,GEN,Salaried,83000.0,15000.0,68000.0,138000.0
RET-03430,49,M,Unmarried,GEN,Self-Employed Non-Professional,75000.0,4000.0,71000.0,111000.0
RET-03431,42,M,Married,GEN,Self-Employed Professional,72000.0,4000.0,68000.0,190000.0
RET-03432,51,F,Married,OBC,Salaried,80000.0,17000.0,63000.0,116000.0
RET-03433,43,M,Married,GEN,Salaried,119000.0,19000.0,100000.0,231000.0
RET-03434,37,M,Unmarried,OBC,Salaried,112000.0,21000.0,91000.0,195000.0
RET-03435,60,M,Married,Minority,Self-Employed Non-Professional,39000.0,5000.0,34000.0,90000.0
RET-03436,46,M,Married,GEN,Salaried,49000.0,12000.0,37000.0,94000.0
RET-03437,43,F,Married,OBC,Salaried,127000.0,27000.0,100000.0,297000.0
RET-03438,25,M,Married,OBC,Salaried,46000.0,7000.0,39000.0,56000.0
RET-03439,25,M,Married,SC,Salaried,98000.0,24000.0,74000.0,68000.0
RET-03440,40,F,Married,GEN,Salaried,121000.0,18000.0,103000.0,247000.0
RET-03441,39,M,Married,GEN,Salaried,27000.0,5000.0,22000.0,59000.0
RET-03442,31,M,Unmarried,SC,Salaried,57000.0,12000.0,45000.0,29000.0
RET-03443,39,M,Unmarried,GEN,Salaried,119000.0,17000.0,102000.0,136000.0
RET-03444,53,M,Unmarried,Minority,Salaried,67000.0,16000.0,51000.0,128000.0
RET-03445,44,M,Married,OBC,Salaried,57000.0,8000.0,49000.0,108000.0
RET-03446,26,F,Unmarried,OBC,Self-Employed Non-Professional,120000.0,11000.0,109000.0,260000.0
RET-03447,36,F,Married,GEN,Salaried,142000.0,18000.0,124000.0,230000.0
RET-03448,29,F,Married,OBC,Salaried,49000.0,11000.0,38000.0,55000.0
RET-03449,34,F,Married,OBC,Self-Employed Professional,211000.0,22000.0,189000.0,478000.0
RET-03450,33,M,Married,OBC,Self-Employed Non-Professional,25000.0,3000.0,22000.0,41000.0
RET-03451,33,M,Married,GEN,Salaried,30000.0,3000.0,27000.0,48000.0
RET-03452,25,M,Married,Minority,Salaried,56000.0,9000.0,47000.0,110000.0
RET-03453,36,F,Married,GEN,Self-Employed Professional,60000.0,5000.0,55000.0,54000.0
RET-03454,32,M,Married,GEN,Salaried,61000.0,6000.0,55000.0,108000.0
RET-03455,21,M,Married,Minority,Self-Employed Non-Professional,53000.0,3000.0,50000.0,63000.0
RET-03456,58,M,Married,OBC,Self-Employed Non-Professional,47000.0,4000.0,43000.0,24000.0
RET-03457,48,M,Married,GEN,Salaried,64000.0,13000.0,51000.0,121000.0
RET-03458,34,M,Married,Minority,Salaried,51000.0,7000.0,44000.0,74000.0
RET-03459,38,F,Married,GEN,Salaried,110000.0,20000.0,90000.0,248000.0
RET-03460,26,M,Married,GEN,Self-Employed Non-Professional,74000.0,9000.0,65000.0,114000.0
RET-03461,54,F,Married,OBC,Self-Employed Professional,64000.0,5000.0,59000.0,31000.0
RET-03462,56,M,Unmarried,GEN,Salaried,70000.0,10000.0,60000.0,91000.0
RET-03463,39,F,Married,Minority,Salaried,143000.0,31000.0,112000.0,104000.0
RET-03464,48,F,Married,SC,Self-Employed Professional,55000.0,5000.0,50000.0,140000.0
RET-03465,39,F,Unmarried,GEN,Self-Employed Non-Professional,34000.0,2000.0,32000.0,52000.0
RET-03466,24,M,Married,ST,Self-Employed Professional,41000.0,4000.0,37000.0,66000.0
RET-03467,33,M,Married,GEN,Salaried,64000.0,11000.0,53000.0,75000.0
RET-03468,39,M,Married,OBC,Salaried,98000.0,12000.0,86000.0,155000.0
RET-03469,33,M,Married,Minority,Salaried,124000.0,13000.0,111000.0,78000.0
RET-03470,35,M,Married,ST,Self-Employed Non-Professional,197000.0,19000.0,178000.0,293000.0
RET-03471,37,F,Unmarried,GEN,Salaried,114000.0,19000.0,95000.0,205000.0
RET-03472,37,M,Married,GEN,Self-Employed Professional,43000.0,6000.0,37000.0,53000.0
RET-03473,38,M,Married,GEN,Salaried,65000.0,11000.0,54000.0,80000.0
RET-03474,27,M,Married,OBC,Salaried,25000.0,6000.0,19000.0,49000.0
RET-03475,30,F,Unmarried,OBC,Self-Employed Professional,61000.0,4000.0,57000.0,105000.0
RET-03476,25,F,Unmarried,GEN,Self-Employed Non-Professional,51000.0,4000.0,47000.0,93000.0
RET-03477,47,M,Married,GEN,Salaried,25000.0,5000.0,20000.0,25000.0
RET-03478,21,M,Married,SC,Salaried,259000.0,36000.0,223000.0,381000.0
RET-03479,49,F,Married,GEN,Self-Employed Professional,58000.0,8000.0,50000.0,32000.0
RET-03480,51,M,Married,GEN,Self-Employed Professional,25000.0,3000.0,22000.0,35000.0
RET-03481,34,M,Married,Minority,Self-Employed Professional,62000.0,4000.0,58000.0,145000.0
RET-03482,21,F,Married,GEN,Salaried,197000.0,23000.0,174000.0,157000.0
RET-03483,34,F,Unmarried,SC,Salaried,230000.0,25000.0,205000.0,494000.0
RET-03484,37,M,Married,GEN,Self-Employed Non-Professional,76000.0,8000.0,68000.0,98000.0
RET-03485,27,M,Married,GEN,Self-Employed Non-Professional,77000.0,5000.0,72000.0,41000.0
RET-03486,32,M,Married,GEN,Salaried,153000.0,19000.0,134000.0,386000.0
RET-03487,53,M,Married,OBC,Self-Employed Non-Professional,67000.0,4000.0,63000.0,60000.0
RET-03488,44,M,Married,OBC,Salaried,96000.0,10000.0,86000.0,115000.0
RET-03489,28,M,Unmarried,GEN,Salaried,121000.0,24000.0,97000.0,165000.0
RET-03490,22,M,Married,OBC,Self-Employed Professional,38000.0,5000.0,33000.0,95000.0
RET-03491,34,M,Unmarried,GEN,Salaried,184000.0,36000.0,148000.0,289000.0
RET-03492,35,M,Married,GEN,Self-Employed Non-Professional,43000.0,3000.0,40000.0,111000.0
RET-03493,42,M,Married,Minority,Salaried,50000.0,12000.0,38000.0,73000.0
RET-03494,32,M,Married,ST,Salaried,78000.0,12000.0,66000.0,67000.0
RET-03495,43,M,Unmarried,ST,Salaried,129000.0,20000.0,109000.0,208000.0
RET-03496,57,M,Married,OBC,Salaried,110000.0,12000.0,98000.0,74000.0
RET-03497,46,M,Married,GEN,Salaried,71000.0,9000.0,62000.0,49000.0
RET-03498,37,F,Married,OBC,Salaried,87000.0,12000.0,75000.0,59000.0
RET-03499,36,M,Unmarried,SC,Salaried,139000.0,31000.0,108000.0,57000.0
RET-03500,34,F,Married,GEN,Self-Employed Non-Professional,73000.0,9000.0,64000.0,56000.0
RET-03501,49,M,Married,GEN,Salaried,45000.0,8000.0,37000.0,51000.0
RET-03502,31,M,Married,GEN,Self-Employed Non-Professional,51000.0,4000.0,47000.0,32000.0
RET-03503,38,M,Married,GEN,Salaried,126000.0,31000.0,95000.0,49000.0
RET-03504,38,M,Married,GEN,Salaried,45000.0,7000.0,38000.0,30000.0
RET-03505,32,F,Married,Minority,Salaried,29000.0,5000.0,24000.0,68000.0
RET-03506,24,F,Unmarried,OBC,Salaried,61000.0,13000.0,48000.0,87000.0
RET-03507,41,F,Married,GEN,Self-Employed Professional,70000.0,9000.0,61000.0,97000.0
RET-03508,37,M,Unmarried,OBC,Self-Employed Non-Professional,123000.0,13000.0,110000.0,189000.0
RET-03509,43,M,Unmarried,GEN,Salaried,30000.0,6000.0,24000.0,45000.0
RET-03510,32,M,Married,OBC,Salaried,90000.0,19000.0,71000.0,55000.0
RET-03511,50,M,Married,ST,Salaried,146000.0,36000.0,110000.0,216000.0
RET-03512,29,M,Unmarried,OBC,Self-Employed Non-Professional,45000.0,4000.0,41000.0,106000.0
RET-03513,55,F,Married,OBC,Self-Employed Non-Professional,77000.0,5000.0,72000.0,137000.0
RET-03514,21,F,Married,GEN,Salaried,25000.0,5000.0,20000.0,54000.0
RET-03515,42,M,Unmarried,OBC,Salaried,123000.0,14000.0,109000.0,92000.0
RET-03516,42,M,Married,OBC,Salaried,118000.0,25000.0,93000.0,239000.0
RET-03517,30,M,Unmarried,SC,Self-Employed Professional,72000.0,9000.0,63000.0,136000.0
RET-03518,42,M,Married,OBC,Self-Employed Non-Professional,33000.0,4000.0,29000.0,58000.0
RET-03519,50,M,Married,Minority,Self-Employed Non-Professional,109000.0,9000.0,100000.0,197000.0
RET-03520,21,F,Married,SC,Salaried,63000.0,9000.0,54000.0,43000.0
RET-03521,43,M,Unmarried,SC,Self-Employed Professional,25000.0,3000.0,22000.0,46000.0
RET-03522,21,M,Married,SC,Salaried,117000.0,17000.0,100000.0,150000.0
RET-03523,28,M,Married,GEN,Self-Employed Professional,147000.0,19000.0,128000.0,84000.0
RET-03524,54,M,Unmarried,GEN,Salaried,163000.0,22000.0,141000.0,143000.0
RET-03525,32,F,Unmarried,OBC,Self-Employed Professional,34000.0,2000.0,32000.0,51000.0
RET-03526,26,M,Unmarried,GEN,Salaried,25000.0,4000.0,21000.0,63000.0
RET-03527,36,F,Married,SC,Salaried,57000.0,7000.0,50000.0,79000.0
RET-03528,58,M,Unmarried,GEN,Self-Employed Professional,100000.0,15000.0,85000.0,74000.0
RET-03529,21,F,Married,GEN,Self-Employed Non-Professional,42000.0,3000.0,39000.0,107000.0
RET-03530,27,M,Married,ST,Self-Employed Professional,28000.0,4000.0,24000.0,14000.0
RET-03531,52,M,Unmarried,GEN,Self-Employed Professional,113000.0,13000.0,100000.0,82000.0
RET-03532,56,F,Married,GEN,Self-Employed Non-Professional,59000.0,4000.0,55000.0,93000.0
RET-03533,36,F,Married,GEN,Salaried,106000.0,20000.0,86000.0,63000.0
RET-03534,25,F,Married,SC,Salaried,74000.0,10000.0,64000.0,123000.0
RET-03535,58,M,Unmarried,OBC,Self-Employed Non-Professional,66000.0,6000.0,60000.0,54000.0
RET-03536,53,F,Married,Minority,Self-Employed Non-Professional,70000.0,5000.0,65000.0,138000.0
RET-03537,44,F,Married,GEN,Salaried,59000.0,8000.0,51000.0,41000.0
RET-03538,29,M,Married,ST,Salaried,56000.0,8000.0,48000.0,121000.0
RET-03539,37,F,Married,GEN,Self-Employed Non-Professional,38000.0,5000.0,33000.0,77000.0
RET-03540,36,M,Unmarried,GEN,Self-Employed Professional,98000.0,9000.0,89000.0,250000.0
RET-03541,41,M,Married,GEN,Salaried,155000.0,24000.0,131000.0,88000.0
RET-03542,52,M,Unmarried,GEN,Salaried,54000.0,12000.0,42000.0,79000.0
RET-03543,46,F,Unmarried,GEN,Self-Employed Non-Professional,224000.0,31000.0,193000.0,439000.0
RET-03544,27,M,Married,GEN,Salaried,92000.0,19000.0,73000.0,201000.0
RET-03545,51,M,Married,GEN,Salaried,85000.0,20000.0,65000.0,111000.0
RET-03546,41,M,Married,ST,Salaried,108000.0,13000.0,95000.0,273000.0
RET-03547,44,M,Unmarried,GEN,Salaried,131000.0,16000.0,115000.0,93000.0
RET-03548,52,M,Married,Minority,Salaried,56000.0,14000.0,42000.0,66000.0
RET-03549,26,M,Married,ST,Salaried,102000.0,13000.0,89000.0,101000.0
RET-03550,37,F,Married,GEN,Salaried,137000.0,14000.0,123000.0,109000.0
RET-03551,32,F,Married,OBC,Self-Employed Non-Professional,58000.0,5000.0,53000.0,64000.0
RET-03552,22,F,Unmarried,OBC,Salaried,73000.0,10000.0,63000.0,136000.0
RET-03553,41,F,Unmarried,SC,Salaried,46000.0,7000.0,39000.0,67000.0
RET-03554,63,M,Married,ST,Salaried,54000.0,7000.0,47000.0,45000.0
RET-03555,21,M,Unmarried,OBC,Salaried,59000.0,14000.0,45000.0,26000.0
RET-03556,37,M,Unmarried,GEN,Salaried,43000.0,9000.0,34000.0,95000.0
RET-03557,44,M,Married,GEN,Self-Employed Professional,70000.0,9000.0,61000.0,78000.0
RET-03558,39,F,Married,ST,Salaried,89000.0,15000.0,74000.0,61000.0
RET-03559,36,M,Unmarried,OBC,Salaried,95000.0,12000.0,83000.0,72000.0
RET-03560,25,F,Unmarried,ST,Self-Employed Non-Professional,45000.0,5000.0,40000.0,45000.0
RET-03561,40,M,Married,OBC,Salaried,51000.0,11000.0,40000.0,43000.0
RET-03562,30,F,Married,GEN,Salaried,122000.0,17000.0,105000.0,126000.0
RET-03563,21,M,Unmarried,Minority,Self-Employed Non-Professional,51000.0,6000.0,45000.0,48000.0
RET-03564,49,M,Married,Minority,Self-Employed Non-Professional,120000.0,17000.0,103000.0,162000.0
RET-03565,47,F,Unmarried,GEN,Self-Employed Non-Professional,47000.0,4000.0,43000.0,104000.0
RET-03566,38,M,Unmarried,GEN,Salaried,92000.0,23000.0,69000.0,39000.0
RET-03567,40,F,Unmarried,OBC,Self-Employed Non-Professional,115000.0,10000.0,105000.0,102000.0
RET-03568,48,M,Unmarried,SC,Self-Employed Non-Professional,25000.0,1000.0,24000.0,55000.0
RET-03569,40,M,Married,GEN,Salaried,123000.0,15000.0,108000.0,94000.0
RET-03570,47,F,Unmarried,GEN,Self-Employed Professional,160000.0,9000.0,151000.0,355000.0
RET-03571,35,M,Married,OBC,Salaried,61000.0,15000.0,46000.0,82000.0
RET-03572,51,F,Unmarried,GEN,Salaried,90000.0,16000.0,74000.0,200000.0
RET-03573,41,M,Married,GEN,Salaried,44000.0,9000.0,35000.0,18000.0
RET-03574,39,M,Married,OBC,Salaried,91000.0,11000.0,80000.0,197000.0
RET-03575,25,M,Married,ST,Salaried,320000.0,62000.0,258000.0,498000.0
RET-03576,40,M,Unmarried,OBC,Salaried,25000.0,3000.0,22000.0,37000.0
RET-03577,29,M,Married,OBC,Salaried,54000.0,6000.0,48000.0,41000.0
RET-03578,31,M,Married,OBC,Self-Employed Professional,118000.0,11000.0,107000.0,116000.0
RET-03579,29,M,Unmarried,OBC,Salaried,156000.0,29000.0,127000.0,313000.0
RET-03580,27,M,Unmarried,GEN,Self-Employed Professional,32000.0,2000.0,30000.0,26000.0
RET-03581,59,M,Married,GEN,Salaried,50000.0,9000.0,41000.0,75000.0
RET-03582,51,M,Married,GEN,Self-Employed Professional,52000.0,3000.0,49000.0,50000.0
RET-03583,57,M,Married,Minority,Salaried,49000.0,10000.0,39000.0,67000.0
RET-03584,25,M,Unmarried,SC,Self-Employed Non-Professional,68000.0,7000.0,61000.0,69000.0
RET-03585,38,M,Unmarried,OBC,Self-Employed Professional,31000.0,4000.0,27000.0,37000.0
RET-03586,25,M,Unmarried,Minority,Self-Employed Non-Professional,63000.0,9000.0,54000.0,135000.0
RET-03587,31,M,Married,ST,Salaried,42000.0,8000.0,34000.0,20000.0
RET-03588,28,F,Married,Minority,Salaried,70000.0,16000.0,54000.0,152000.0
RET-03589,50,F,Unmarried,GEN,Salaried,48000.0,9000.0,39000.0,51000.0
RET-03590,34,M,Married,OBC,Salaried,66000.0,16000.0,50000.0,100000.0
RET-03591,48,M,Married,OBC,Salaried,39000.0,10000.0,29000.0,31000.0
RET-03592,44,F,Married,OBC,Self-Employed Non-Professional,130000.0,9000.0,121000.0,169000.0
RET-03593,61,M,Unmarried,GEN,Salaried,60000.0,9000.0,51000.0,84000.0
RET-03594,23,F,Unmarried,OBC,Salaried,74000.0,9000.0,65000.0,144000.0
RET-03595,50,F,Married,GEN,Self-Employed Professional,67000.0,6000.0,61000.0,164000.0
RET-03596,49,M,Unmarried,SC,Salaried,73000.0,9000.0,64000.0,171000.0
RET-03597,28,M,Married,SC,Salaried,73000.0,9000.0,64000.0,86000.0
RET-03598,48,F,Married,GEN,Self-Employed Professional,119000.0,14000.0,105000.0,76000.0
RET-03599,41,F,Married,GEN,Salaried,62000.0,11000.0,51000.0,143000.0
RET-03600,35,M,Married,OBC,Self-Employed Professional,47000.0,4000.0,43000.0,25000.0
RET-03601,29,M,Married,OBC,Salaried,75000.0,18000.0,57000.0,154000.0
RET-03602,30,M,Unmarried,OBC,Salaried,51000.0,11000.0,40000.0,23000.0
RET-03603,58,M,Married,SC,Self-Employed Non-Professional,70000.0,10000.0,60000.0,176000.0
RET-03604,38,F,Married,ST,Self-Employed Non-Professional,39000.0,6000.0,33000.0,17000.0
RET-03605,45,F,Married,GEN,Salaried,137000.0,28000.0,109000.0,59000.0
RET-03606,30,M,Married,OBC,Self-Employed Professional,46000.0,5000.0,41000.0,73000.0
RET-03607,30,F,Married,SC,Salaried,150000.0,31000.0,119000.0,258000.0
RET-03608,48,M,Married,ST,Salaried,70000.0,9000.0,61000.0,84000.0
RET-03609,24,M,Unmarried,GEN,Self-Employed Professional,122000.0,9000.0,113000.0,228000.0
RET-03610,33,M,Unmarried,GEN,Salaried,46000.0,9000.0,37000.0,97000.0
RET-03611,38,M,Unmarried,GEN,Self-Employed Non-Professional,25000.0,3000.0,22000.0,55000.0
RET-03612,39,M,Married,Minority,Self-Employed Professional,27000.0,2000.0,25000.0,68000.0
RET-03613,36,M,Unmarried,GEN,Self-Employed Professional,328000.0,44000.0,284000.0,255000.0
RET-03614,41,F,Married,GEN,Salaried,51000.0,8000.0,43000.0,46000.0
RET-03615,44,F,Married,GEN,Self-Employed Professional,141000.0,16000.0,125000.0,246000.0
RET-03616,45,M,Married,GEN,Self-Employed Non-Professional,34000.0,2000.0,32000.0,74000.0
RET-03617,28,M,Married,OBC,Salaried,81000.0,11000.0,70000.0,54000.0
RET-03618,35,M,Unmarried,OBC,Salaried,90000.0,14000.0,76000.0,71000.0
RET-03619,49,F,Married,OBC,Self-Employed Non-Professional,401000.0,32000.0,369000.0,1036000.0
RET-03620,46,M,Married,GEN,Salaried,60000.0,9000.0,51000.0,29000.0
RET-03621,24,M,Married,GEN,Salaried,48000.0,5000.0,43000.0,65000.0
RET-03622,41,M,Unmarried,SC,Salaried,90000.0,21000.0,69000.0,71000.0
RET-03623,21,M,Unmarried,GEN,Salaried,42000.0,8000.0,34000.0,83000.0
RET-03624,38,M,Married,ST,Salaried,94000.0,23000.0,71000.0,189000.0
RET-03625,56,F,Unmarried,GEN,Salaried,71000.0,17000.0,54000.0,60000.0
RET-03626,28,F,Unmarried,GEN,Salaried,47000.0,9000.0,38000.0,75000.0
RET-03627,29,M,Married,GEN,Self-Employed Professional,98000.0,10000.0,88000.0,230000.0
RET-03628,45,M,Married,Minority,Salaried,78000.0,18000.0,60000.0,120000.0
RET-03629,22,M,Married,GEN,Salaried,115000.0,17000.0,98000.0,196000.0
RET-03630,31,F,Married,OBC,Self-Employed Non-Professional,197000.0,23000.0,174000.0,267000.0
RET-03631,43,M,Unmarried,OBC,Self-Employed Non-Professional,54000.0,6000.0,48000.0,102000.0
RET-03632,31,M,Married,GEN,Salaried,57000.0,6000.0,51000.0,148000.0
RET-03633,35,M,Married,GEN,Salaried,33000.0,5000.0,28000.0,35000.0
RET-03634,45,M,Unmarried,Minority,Salaried,100000.0,11000.0,89000.0,89000.0
RET-03635,42,M,Married,GEN,Salaried,50000.0,5000.0,45000.0,130000.0
RET-03636,40,M,Married,OBC,Self-Employed Non-Professional,90000.0,5000.0,85000.0,55000.0
RET-03637,34,M,Married,Minority,Salaried,147000.0,30000.0,117000.0,304000.0
RET-03638,41,M,Married,GEN,Salaried,49000.0,9000.0,40000.0,111000.0
RET-03639,36,M,Married,GEN,Salaried,55000.0,6000.0,49000.0,51000.0
RET-03640,42,M,Unmarried,GEN,Salaried,134000.0,21000.0,113000.0,177000.0
RET-03641,33,M,Married,GEN,Salaried,112000.0,13000.0,99000.0,80000.0
RET-03642,36,M,Unmarried,GEN,Self-Employed Professional,105000.0,13000.0,92000.0,130000.0
RET-03643,28,M,Married,OBC,Self-Employed Non-Professional,58000.0,4000.0,54000.0,89000.0
RET-03644,37,F,Married,OBC,Salaried,31000.0,4000.0,27000.0,48000.0
RET-03645,29,M,Unmarried,OBC,Salaried,48000.0,5000.0,43000.0,35000.0
RET-03646,26,M,Married,Minority,Salaried,40000.0,6000.0,34000.0,51000.0
RET-03647,40,M,Unmarried,GEN,Self-Employed Professional,104000.0,11000.0,93000.0,192000.0
RET-03648,40,M,Unmarried,GEN,Salaried,87000.0,12000.0,75000.0,131000.0
RET-03649,45,M,Married,GEN,Self-Employed Non-Professional,51000.0,6000.0,45000.0,117000.0
RET-03650,33,F,Married,GEN,Salaried,57000.0,8000.0,49000.0,141000.0
RET-03651,42,M,Unmarried,GEN,Salaried,97000.0,24000.0,73000.0,186000.0
RET-03652,43,M,Unmarried,GEN,Salaried,60000.0,14000.0,46000.0,28000.0
RET-03653,42,F,Married,SC,Salaried,52000.0,10000.0,42000.0,44000.0
RET-03654,29,F,Married,Minority,Self-Employed Professional,240000.0,25000.0,215000.0,155000.0
RET-03655,39,F,Married,GEN,Salaried,53000.0,5000.0,48000.0,76000.0
RET-03656,41,F,Married,SC,Self-Employed Non-Professional,109000.0,14000.0,95000.0,219000.0
RET-03657,38,F,Unmarried,SC,Salaried,93000.0,13000.0,80000.0,46000.0
RET-03658,21,M,Married,GEN,Salaried,29000.0,6000.0,23000.0,27000.0
RET-03659,39,M,Married,GEN,Salaried,49000.0,11000.0,38000.0,28000.0
RET-03660,60,M,Married,Minority,Salaried,120000.0,16000.0,104000.0,159000.0
RET-03661,34,F,Married,OBC,Self-Employed Professional,68000.0,9000.0,59000.0,166000.0
RET-03662,30,F,Married,Minority,Salaried,30000.0,7000.0,23000.0,35000.0
RET-03663,41,M,Married,GEN,Salaried,93000.0,15000.0,78000.0,163000.0
RET-03664,41,M,Married,GEN,Salaried,52000.0,11000.0,41000.0,60000.0
RET-03665,49,F,Married,GEN,Salaried,95000.0,17000.0,78000.0,182000.0
RET-03666,25,F,Married,Minority,Self-Employed Professional,367000.0,25000.0,342000.0,806000.0
RET-03667,45,M,Married,GEN,Self-Employed Non-Professional,92000.0,5000.0,87000.0,74000.0
RET-03668,43,F,Unmarried,GEN,Salaried,106000.0,17000.0,89000.0,190000.0
RET-03669,36,M,Unmarried,OBC,Self-Employed Non-Professional,63000.0,8000.0,55000.0,81000.0
RET-03670,41,M,Married,GEN,Self-Employed Non-Professional,37000.0,3000.0,34000.0,90000.0
RET-03671,48,M,Married,GEN,Salaried,135000.0,14000.0,121000.0,108000.0
RET-03672,46,M,Unmarried,OBC,Salaried,51000.0,8000.0,43000.0,118000.0
RET-03673,26,M,Married,GEN,Salaried,64000.0,9000.0,55000.0,98000.0
RET-03674,46,F,Unmarried,GEN,Salaried,215000.0,23000.0,192000.0,219000.0
RET-03675,37,F,Unmarried,GEN,Salaried,60000.0,7000.0,53000.0,71000.0
RET-03676,38,F,Married,OBC,Salaried,152000.0,19000.0,133000.0,68000.0
RET-03677,38,M,Married,GEN,Salaried,92000.0,16000.0,76000.0,218000.0
RET-03678,36,M,Married,GEN,Self-Employed Professional,52000.0,6000.0,46000.0,49000.0
RET-03679,49,M,Married,OBC,Salaried,90000.0,20000.0,70000.0,194000.0
RET-03680,37,M,Unmarried,GEN,Self-Employed Professional,48000.0,4000.0,44000.0,116000.0
RET-03681,26,M,Unmarried,GEN,Self-Employed Non-Professional,126000.0,11000.0,115000.0,158000.0
RET-03682,34,M,Married,OBC,Self-Employed Professional,155000.0,10000.0,145000.0,149000.0
RET-03683,39,M,Married,GEN,Salaried,75000.0,8000.0,67000.0,105000.0
RET-03684,50,F,Married,GEN,Salaried,164000.0,23000.0,141000.0,400000.0
RET-03685,44,M,Married,OBC,Salaried,81000.0,18000.0,63000.0,166000.0
RET-03686,29,F,Married,OBC,Self-Employed Non-Professional,127000.0,13000.0,114000.0,196000.0
RET-03687,62,M,Unmarried,OBC,Self-Employed Non-Professional,430000.0,49000.0,381000.0,710000.0
RET-03688,40,F,Married,GEN,Salaried,323000.0,33000.0,290000.0,441000.0
RET-03689,50,M,Married,GEN,Salaried,66000.0,13000.0,53000.0,152000.0
RET-03690,36,M,Married,SC,Self-Employed Professional,87000.0,12000.0,75000.0,223000.0
RET-03691,43,M,Married,GEN,Self-Employed Non-Professional,39000.0,4000.0,35000.0,43000.0
RET-03692,46,F,Married,GEN,Self-Employed Non-Professional,118000.0,6000.0,112000.0,322000.0
RET-03693,50,M,Married,OBC,Self-Employed Professional,92000.0,13000.0,79000.0,227000.0
RET-03694,48,M,Married,GEN,Salaried,46000.0,11000.0,35000.0,59000.0
RET-03695,46,F,Unmarried,OBC,Self-Employed Professional,149000.0,18000.0,131000.0,201000.0
RET-03696,34,M,Married,GEN,Self-Employed Non-Professional,62000.0,5000.0,57000.0,152000.0
RET-03697,32,M,Married,GEN,Self-Employed Professional,54000.0,8000.0,46000.0,131000.0
RET-03698,41,M,Unmarried,ST,Salaried,93000.0,16000.0,77000.0,116000.0
RET-03699,47,M,Unmarried,GEN,Self-Employed Professional,55000.0,4000.0,51000.0,88000.0
RET-03700,35,M,Married,OBC,Self-Employed Non-Professional,72000.0,7000.0,65000.0,87000.0
RET-03701,48,M,Married,GEN,Salaried,209000.0,42000.0,167000.0,171000.0
RET-03702,52,M,Unmarried,GEN,Salaried,51000.0,10000.0,41000.0,123000.0
RET-03703,28,M,Married,GEN,Self-Employed Professional,110000.0,14000.0,96000.0,93000.0
RET-03704,29,F,Married,GEN,Self-Employed Professional,52000.0,4000.0,48000.0,122000.0
RET-03705,36,M,Married,Minority,Salaried,41000.0,10000.0,31000.0,48000.0
RET-03706,41,M,Married,ST,Self-Employed Professional,70000.0,8000.0,62000.0,44000.0
RET-03707,32,M,Married,OBC,Salaried,366000.0,80000.0,286000.0,375000.0
RET-03708,51,M,Married,ST,Self-Employed Non-Professional,117000.0,16000.0,101000.0,71000.0
RET-03709,42,M,Unmarried,OBC,Self-Employed Non-Professional,96000.0,9000.0,87000.0,257000.0
RET-03710,38,M,Unmarried,GEN,Salaried,53000.0,13000.0,40000.0,47000.0
RET-03711,23,M,Unmarried,GEN,Self-Employed Non-Professional,58000.0,4000.0,54000.0,128000.0
RET-03712,24,F,Married,OBC,Salaried,30000.0,6000.0,24000.0,38000.0
RET-03713,40,M,Married,GEN,Self-Employed Professional,215000.0,17000.0,198000.0,435000.0
RET-03714,21,M,Unmarried,GEN,Salaried,86000.0,11000.0,75000.0,85000.0
RET-03715,48,M,Married,SC,Salaried,82000.0,13000.0,69000.0,51000.0
RET-03716,36,M,Married,GEN,Self-Employed Non-Professional,83000.0,11000.0,72000.0,182000.0
RET-03717,65,F,Married,GEN,Self-Employed Non-Professional,256000.0,19000.0,237000.0,543000.0
RET-03718,61,M,Married,GEN,Salaried,88000.0,11000.0,77000.0,60000.0
RET-03719,36,M,Married,OBC,Salaried,65000.0,11000.0,54000.0,126000.0
RET-03720,36,M,Married,GEN,Salaried,215000.0,40000.0,175000.0,349000.0
RET-03721,47,M,Unmarried,OBC,Self-Employed Non-Professional,68000.0,7000.0,61000.0,57000.0
RET-03722,55,M,Married,GEN,Salaried,27000.0,5000.0,22000.0,56000.0
RET-03723,21,M,Unmarried,OBC,Salaried,29000.0,5000.0,24000.0,54000.0
RET-03724,21,M,Unmarried,GEN,Self-Employed Professional,65000.0,5000.0,60000.0,106000.0
RET-03725,31,M,Married,Minority,Self-Employed Non-Professional,87000.0,7000.0,80000.0,76000.0
RET-03726,43,M,Unmarried,GEN,Salaried,120000.0,19000.0,101000.0,187000.0
RET-03727,42,M,Unmarried,OBC,Self-Employed Non-Professional,42000.0,3000.0,39000.0,35000.0
RET-03728,48,M,Married,OBC,Self-Employed Professional,64000.0,5000.0,59000.0,57000.0
RET-03729,26,M,Married,GEN,Salaried,45000.0,9000.0,36000.0,40000.0
RET-03730,21,F,Married,GEN,Self-Employed Professional,143000.0,18000.0,125000.0,267000.0
RET-03731,46,M,Married,OBC,Self-Employed Professional,158000.0,19000.0,139000.0,306000.0
RET-03732,29,F,Married,OBC,Salaried,237000.0,42000.0,195000.0,133000.0
RET-03733,21,M,Married,GEN,Salaried,90000.0,16000.0,74000.0,157000.0
RET-03734,39,F,Married,GEN,Self-Employed Professional,224000.0,24000.0,200000.0,117000.0
RET-03735,45,M,Married,GEN,Salaried,48000.0,9000.0,39000.0,108000.0
RET-03736,36,M,Married,GEN,Salaried,83000.0,17000.0,66000.0,161000.0
RET-03737,33,F,Married,GEN,Salaried,39000.0,7000.0,32000.0,74000.0
RET-03738,36,F,Unmarried,Minority,Salaried,103000.0,17000.0,86000.0,94000.0
RET-03739,34,M,Married,GEN,Salaried,87000.0,19000.0,68000.0,202000.0
RET-03740,24,M,Unmarried,GEN,Salaried,25000.0,5000.0,20000.0,56000.0
RET-03741,30,M,Married,OBC,Salaried,142000.0,23000.0,119000.0,205000.0
RET-03742,43,F,Married,SC,Salaried,122000.0,30000.0,92000.0,54000.0
RET-03743,41,M,Married,GEN,Salaried,52000.0,6000.0,46000.0,82000.0
RET-03744,39,M,Married,GEN,Self-Employed Professional,87000.0,10000.0,77000.0,68000.0
RET-03745,28,F,Unmarried,GEN,Self-Employed Professional,30000.0,2000.0,28000.0,55000.0
RET-03746,36,F,Married,GEN,Salaried,46000.0,10000.0,36000.0,107000.0
RET-03747,21,M,Married,GEN,Self-Employed Non-Professional,199000.0,15000.0,184000.0,440000.0
RET-03748,39,M,Married,GEN,Self-Employed Professional,37000.0,3000.0,34000.0,44000.0
RET-03749,52,F,Married,GEN,Self-Employed Professional,74000.0,8000.0,66000.0,98000.0
RET-03750,23,M,Unmarried,Minority,Salaried,32000.0,7000.0,25000.0,72000.0
RET-03751,32,F,Married,GEN,Salaried,90000.0,14000.0,76000.0,59000.0
RET-03752,41,M,Unmarried,GEN,Self-Employed Non-Professional,103000.0,12000.0,91000.0,248000.0
RET-03753,50,M,Married,Minority,Salaried,113000.0,15000.0,98000.0,67000.0
RET-03754,33,M,Married,OBC,Self-Employed Professional,97000.0,7000.0,90000.0,138000.0
RET-03755,31,M,Married,GEN,Salaried,172000.0,42000.0,130000.0,307000.0
RET-03756,21,F,Married,GEN,Self-Employed Non-Professional,52000.0,6000.0,46000.0,68000.0
RET-03757,39,M,Unmarried,Minority,Salaried,39000.0,7000.0,32000.0,62000.0
RET-03758,58,M,Married,GEN,Salaried,51000.0,8000.0,43000.0,74000.0
RET-03759,40,M,Married,OBC,Self-Employed Professional,33000.0,4000.0,29000.0,58000.0
RET-03760,37,M,Unmarried,ST,Salaried,77000.0,12000.0,65000.0,60000.0
RET-03761,41,M,Married,GEN,Salaried,67000.0,10000.0,57000.0,111000.0
RET-03762,37,M,Married,OBC,Salaried,97000.0,11000.0,86000.0,255000.0
RET-03763,29,M,Married,Minority,Salaried,28000.0,5000.0,23000.0,23000.0
RET-03764,46,F,Married,OBC,Salaried,73000.0,17000.0,56000.0,37000.0
RET-03765,40,F,Married,GEN,Self-Employed Professional,152000.0,9000.0,143000.0,212000.0
RET-03766,38,M,Married,ST,Self-Employed Professional,103000.0,6000.0,97000.0,139000.0
RET-03767,28,M,Unmarried,OBC,Self-Employed Non-Professional,25000.0,3000.0,22000.0,18000.0
RET-03768,51,M,Married,OBC,Salaried,73000.0,16000.0,57000.0,110000.0
RET-03769,44,M,Unmarried,OBC,Salaried,47000.0,9000.0,38000.0,61000.0
RET-03770,32,F,Married,GEN,Self-Employed Non-Professional,74000.0,8000.0,66000.0,171000.0
RET-03771,48,M,Married,GEN,Self-Employed Non-Professional,58000.0,4000.0,54000.0,84000.0
RET-03772,33,M,Unmarried,GEN,Self-Employed Professional,208000.0,18000.0,190000.0,563000.0
RET-03773,30,M,Unmarried,GEN,Salaried,77000.0,8000.0,69000.0,169000.0
RET-03774,30,M,Married,GEN,Self-Employed Non-Professional,88000.0,8000.0,80000.0,137000.0
RET-03775,21,M,Married,GEN,Salaried,71000.0,16000.0,55000.0,103000.0
RET-03776,42,M,Unmarried,GEN,Salaried,97000.0,20000.0,77000.0,205000.0
RET-03777,21,M,Unmarried,ST,Self-Employed Professional,64000.0,5000.0,59000.0,144000.0
RET-03778,25,F,Unmarried,SC,Salaried,116000.0,21000.0,95000.0,204000.0
RET-03779,21,F,Married,OBC,Salaried,58000.0,13000.0,45000.0,53000.0
RET-03780,37,F,Married,GEN,Self-Employed Professional,167000.0,11000.0,156000.0,238000.0
RET-03781,36,F,Married,GEN,Self-Employed Professional,99000.0,11000.0,88000.0,217000.0
RET-03782,34,M,Unmarried,GEN,Self-Employed Non-Professional,67000.0,9000.0,58000.0,120000.0
RET-03783,27,F,Married,OBC,Salaried,121000.0,27000.0,94000.0,272000.0
RET-03784,26,M,Married,SC,Salaried,98000.0,23000.0,75000.0,201000.0
RET-03785,42,M,Unmarried,GEN,Salaried,120000.0,29000.0,91000.0,143000.0
RET-03786,32,F,Married,OBC,Self-Employed Non-Professional,77000.0,7000.0,70000.0,86000.0
RET-03787,41,M,Unmarried,OBC,Salaried,63000.0,9000.0,54000.0,44000.0
RET-03788,29,F,Married,OBC,Salaried,79000.0,16000.0,63000.0,96000.0
RET-03789,39,M,Married,GEN,Salaried,54000.0,12000.0,42000.0,45000.0
RET-03790,51,F,Married,OBC,Salaried,132000.0,28000.0,104000.0,56000.0
RET-03791,43,M,Married,OBC,Self-Employed Non-Professional,177000.0,23000.0,154000.0,130000.0
RET-03792,33,M,Married,GEN,Salaried,104000.0,22000.0,82000.0,134000.0
RET-03793,40,M,Married,GEN,Self-Employed Professional,171000.0,24000.0,147000.0,401000.0
RET-03794,35,F,Married,GEN,Salaried,144000.0,29000.0,115000.0,150000.0
RET-03795,38,M,Unmarried,GEN,Salaried,62000.0,6000.0,56000.0,90000.0
RET-03796,34,M,Married,GEN,Self-Employed Non-Professional,121000.0,15000.0,106000.0,155000.0
RET-03797,36,M,Married,GEN,Self-Employed Professional,34000.0,4000.0,30000.0,43000.0
RET-03798,40,M,Married,GEN,Self-Employed Professional,82000.0,11000.0,71000.0,164000.0
RET-03799,28,M,Married,GEN,Self-Employed Professional,36000.0,4000.0,32000.0,56000.0
RET-03800,27,M,Unmarried,GEN,Salaried,68000.0,12000.0,56000.0,85000.0
RET-03801,24,F,Married,OBC,Salaried,31000.0,3000.0,28000.0,80000.0
RET-03802,21,M,Married,SC,Salaried,141000.0,21000.0,120000.0,143000.0
RET-03803,25,M,Unmarried,GEN,Self-Employed Non-Professional,58000.0,8000.0,50000.0,129000.0
RET-03804,39,M,Married,GEN,Salaried,126000.0,17000.0,109000.0,195000.0
RET-03805,29,M,Married,SC,Salaried,70000.0,9000.0,61000.0,98000.0
RET-03806,43,M,Unmarried,OBC,Self-Employed Non-Professional,25000.0,2000.0,23000.0,15000.0
RET-03807,38,F,Unmarried,GEN,Salaried,55000.0,6000.0,49000.0,130000.0
RET-03808,21,M,Married,OBC,Salaried,53000.0,9000.0,44000.0,52000.0
RET-03809,44,M,Married,GEN,Salaried,72000.0,12000.0,60000.0,132000.0
RET-03810,46,M,Unmarried,OBC,Self-Employed Non-Professional,181000.0,22000.0,159000.0,427000.0
RET-03811,28,M,Married,Minority,Self-Employed Non-Professional,200000.0,13000.0,187000.0,344000.0
RET-03812,42,M,Unmarried,GEN,Salaried,64000.0,14000.0,50000.0,105000.0
RET-03813,29,M,Unmarried,Minority,Salaried,34000.0,6000.0,28000.0,38000.0
RET-03814,38,F,Unmarried,GEN,Salaried,47000.0,7000.0,40000.0,93000.0
RET-03815,25,M,Married,OBC,Salaried,98000.0,16000.0,82000.0,176000.0
RET-03816,21,M,Married,GEN,Salaried,69000.0,14000.0,55000.0,89000.0
RET-03817,34,M,Married,SC,Salaried,28000.0,5000.0,23000.0,48000.0
RET-03818,36,M,Married,GEN,Self-Employed Non-Professional,54000.0,3000.0,51000.0,59000.0
RET-03819,34,F,Unmarried,OBC,Salaried,161000.0,33000.0,128000.0,275000.0
RET-03820,26,M,Married,SC,Self-Employed Professional,87000.0,11000.0,76000.0,166000.0
RET-03821,34,F,Married,GEN,Salaried,75000.0,18000.0,57000.0,92000.0
RET-03822,40,M,Unmarried,GEN,Salaried,58000.0,13000.0,45000.0,51000.0
RET-03823,37,M,Married,GEN,Salaried,55000.0,6000.0,49000.0,123000.0
RET-03824,39,M,Married,OBC,Self-Employed Professional,101000.0,14000.0,87000.0,208000.0
RET-03825,31,M,Married,ST,Self-Employed Professional,80000.0,6000.0,74000.0,48000.0
RET-03826,49,M,Married,GEN,Salaried,116000.0,24000.0,92000.0,160000.0
RET-03827,26,M,Unmarried,OBC,Salaried,102000.0,11000.0,91000.0,66000.0
RET-03828,42,M,Unmarried,GEN,Self-Employed Non-Professional,74000.0,4000.0,70000.0,91000.0
RET-03829,49,M,Married,GEN,Self-Employed Professional,92000.0,9000.0,83000.0,129000.0
RET-03830,42,M,Married,GEN,Self-Employed Professional,51000.0,6000.0,45000.0,42000.0
RET-03831,35,M,Unmarried,OBC,Salaried,71000.0,8000.0,63000.0,105000.0
RET-03832,32,F,Unmarried,Minority,Self-Employed Professional,164000.0,19000.0,145000.0,329000.0
RET-03833,48,M,Married,SC,Salaried,74000.0,12000.0,62000.0,99000.0
RET-03834,23,F,Unmarried,GEN,Salaried,64000.0,7000.0,57000.0,62000.0
RET-03835,28,M,Married,OBC,Salaried,83000.0,15000.0,68000.0,105000.0
RET-03836,34,M,Married,GEN,Salaried,36000.0,4000.0,32000.0,63000.0
RET-03837,50,M,Unmarried,GEN,Salaried,83000.0,14000.0,69000.0,196000.0
RET-03838,41,M,Married,GEN,Salaried,202000.0,28000.0,174000.0,304000.0
RET-03839,28,M,Married,GEN,Salaried,45000.0,11000.0,34000.0,92000.0
RET-03840,34,M,Married,OBC,Self-Employed Professional,86000.0,11000.0,75000.0,222000.0
RET-03841,31,M,Married,GEN,Self-Employed Non-Professional,72000.0,7000.0,65000.0,123000.0
RET-03842,30,M,Married,Minority,Salaried,71000.0,9000.0,62000.0,54000.0
RET-03843,47,F,Married,GEN,Salaried,70000.0,10000.0,60000.0,161000.0
RET-03844,24,M,Married,GEN,Salaried,112000.0,14000.0,98000.0,260000.0
RET-03845,54,M,Married,GEN,Salaried,38000.0,9000.0,29000.0,77000.0
RET-03846,46,M,Unmarried,GEN,Salaried,111000.0,12000.0,99000.0,285000.0
RET-03847,48,F,Married,Minority,Salaried,76000.0,14000.0,62000.0,74000.0
RET-03848,33,M,Unmarried,GEN,Salaried,25000.0,5000.0,20000.0,27000.0
RET-03849,36,M,Married,Minority,Self-Employed Non-Professional,92000.0,11000.0,81000.0,180000.0
RET-03850,23,F,Unmarried,GEN,Self-Employed Non-Professional,78000.0,6000.0,72000.0,138000.0
RET-03851,32,F,Unmarried,GEN,Self-Employed Professional,43000.0,5000.0,38000.0,101000.0
RET-03852,42,M,Married,GEN,Salaried,81000.0,15000.0,66000.0,75000.0
RET-03853,50,M,Married,ST,Self-Employed Professional,33000.0,4000.0,29000.0,62000.0
RET-03854,26,F,Unmarried,GEN,Salaried,48000.0,11000.0,37000.0,105000.0
RET-03855,34,F,Married,Minority,Salaried,75000.0,13000.0,62000.0,64000.0
RET-03856,36,M,Married,GEN,Self-Employed Non-Professional,27000.0,2000.0,25000.0,32000.0
RET-03857,24,M,Married,GEN,Self-Employed Professional,37000.0,5000.0,32000.0,49000.0
RET-03858,43,M,Married,OBC,Self-Employed Professional,40000.0,5000.0,35000.0,25000.0
RET-03859,30,M,Unmarried,GEN,Salaried,77000.0,11000.0,66000.0,62000.0
RET-03860,36,M,Unmarried,GEN,Self-Employed Non-Professional,95000.0,13000.0,82000.0,119000.0
RET-03861,33,M,Married,SC,Self-Employed Professional,43000.0,6000.0,37000.0,25000.0
RET-03862,30,F,Married,GEN,Salaried,41000.0,4000.0,37000.0,52000.0
RET-03863,37,F,Married,OBC,Salaried,79000.0,9000.0,70000.0,78000.0
RET-03864,35,M,Married,GEN,Salaried,78000.0,10000.0,68000.0,181000.0
RET-03865,34,M,Unmarried,GEN,Salaried,48000.0,12000.0,36000.0,73000.0
RET-03866,30,M,Unmarried,GEN,Self-Employed Professional,219000.0,20000.0,199000.0,546000.0
RET-03867,41,M,Married,OBC,Salaried,82000.0,15000.0,67000.0,67000.0
RET-03868,54,M,Married,SC,Self-Employed Non-Professional,66000.0,6000.0,60000.0,42000.0
RET-03869,39,M,Married,OBC,Self-Employed Non-Professional,58000.0,3000.0,55000.0,76000.0
RET-03870,47,M,Unmarried,SC,Salaried,134000.0,26000.0,108000.0,69000.0
RET-03871,24,M,Married,GEN,Salaried,101000.0,10000.0,91000.0,246000.0
RET-03872,39,F,Married,GEN,Salaried,26000.0,6000.0,20000.0,19000.0
RET-03873,27,M,Unmarried,GEN,Salaried,48000.0,9000.0,39000.0,33000.0
RET-03874,23,M,Unmarried,SC,Salaried,56000.0,14000.0,42000.0,104000.0
RET-03875,30,F,Unmarried,SC,Salaried,73000.0,12000.0,61000.0,139000.0
RET-03876,49,M,Married,GEN,Self-Employed Non-Professional,107000.0,12000.0,95000.0,61000.0
RET-03877,47,M,Married,GEN,Self-Employed Non-Professional,38000.0,4000.0,34000.0,60000.0
RET-03878,40,M,Married,OBC,Self-Employed Non-Professional,70000.0,10000.0,60000.0,97000.0
RET-03879,22,F,Unmarried,ST,Self-Employed Professional,203000.0,25000.0,178000.0,261000.0
RET-03880,36,M,Unmarried,SC,Self-Employed Non-Professional,74000.0,9000.0,65000.0,53000.0
RET-03881,41,M,Unmarried,GEN,Salaried,48000.0,8000.0,40000.0,99000.0
RET-03882,39,M,Married,OBC,Salaried,33000.0,5000.0,28000.0,31000.0
RET-03883,21,M,Unmarried,SC,Self-Employed Professional,55000.0,4000.0,51000.0,84000.0
RET-03884,29,M,Married,GEN,Self-Employed Non-Professional,38000.0,5000.0,33000.0,89000.0
RET-03885,37,M,Married,OBC,Salaried,58000.0,12000.0,46000.0,60000.0
RET-03886,43,F,Married,GEN,Salaried,101000.0,22000.0,79000.0,47000.0
RET-03887,21,F,Unmarried,GEN,Salaried,75000.0,18000.0,57000.0,155000.0
RET-03888,36,M,Married,Minority,Salaried,55000.0,9000.0,46000.0,80000.0
RET-03889,39,M,Unmarried,Minority,Salaried,25000.0,4000.0,21000.0,37000.0
RET-03890,46,M,Unmarried,GEN,Salaried,120000.0,21000.0,99000.0,186000.0
RET-03891,44,F,Married,GEN,Self-Employed Non-Professional,59000.0,4000.0,55000.0,52000.0
RET-03892,43,M,Unmarried,OBC,Self-Employed Non-Professional,78000.0,11000.0,67000.0,153000.0
RET-03893,30,M,Married,GEN,Self-Employed Non-Professional,42000.0,3000.0,39000.0,42000.0
RET-03894,21,F,Married,GEN,Salaried,57000.0,8000.0,49000.0,61000.0
RET-03895,34,F,Married,GEN,Salaried,52000.0,12000.0,40000.0,83000.0
RET-03896,48,M,Unmarried,OBC,Salaried,33000.0,6000.0,27000.0,64000.0
RET-03897,51,F,Married,GEN,Self-Employed Non-Professional,42000.0,4000.0,38000.0,88000.0
RET-03898,45,F,Unmarried,OBC,Salaried,72000.0,9000.0,63000.0,45000.0
RET-03899,42,M,Unmarried,GEN,Salaried,87000.0,20000.0,67000.0,160000.0
RET-03900,41,M,Married,ST,Salaried,49000.0,8000.0,41000.0,88000.0
RET-03901,32,F,Married,Minority,Salaried,36000.0,9000.0,27000.0,54000.0
RET-03902,36,M,Unmarried,OBC,Salaried,59000.0,11000.0,48000.0,140000.0
RET-03903,54,M,Married,GEN,Self-Employed Professional,117000.0,10000.0,107000.0,146000.0
RET-03904,28,M,Unmarried,GEN,Salaried,42000.0,8000.0,34000.0,75000.0
RET-03905,54,F,Unmarried,OBC,Salaried,74000.0,9000.0,65000.0,126000.0
RET-03906,34,F,Married,Minority,Salaried,49000.0,11000.0,38000.0,56000.0
RET-03907,51,M,Unmarried,GEN,Self-Employed Professional,144000.0,21000.0,123000.0,304000.0
RET-03908,23,F,Married,GEN,Salaried,54000.0,13000.0,41000.0,62000.0
RET-03909,43,F,Unmarried,GEN,Self-Employed Non-Professional,109000.0,13000.0,96000.0,182000.0
RET-03910,30,F,Married,GEN,Salaried,134000.0,14000.0,120000.0,228000.0
RET-03911,23,M,Unmarried,GEN,Salaried,184000.0,32000.0,152000.0,270000.0
RET-03912,40,M,Married,Minority,Salaried,32000.0,6000.0,26000.0,43000.0
RET-03913,48,M,Unmarried,GEN,Salaried,32000.0,8000.0,24000.0,22000.0
RET-03914,29,M,Married,GEN,Self-Employed Professional,147000.0,20000.0,127000.0,140000.0
RET-03915,23,M,Married,Minority,Self-Employed Non-Professional,133000.0,16000.0,117000.0,95000.0
RET-03916,37,F,Married,GEN,Self-Employed Non-Professional,51000.0,5000.0,46000.0,106000.0
RET-03917,37,M,Unmarried,ST,Salaried,25000.0,3000.0,22000.0,52000.0
RET-03918,43,F,Married,GEN,Salaried,77000.0,14000.0,63000.0,132000.0
RET-03919,47,M,Unmarried,Minority,Self-Employed Non-Professional,29000.0,3000.0,26000.0,73000.0
RET-03920,37,M,Unmarried,GEN,Salaried,45000.0,7000.0,38000.0,44000.0
RET-03921,56,M,Unmarried,Minority,Self-Employed Professional,82000.0,10000.0,72000.0,184000.0
RET-03922,40,M,Married,GEN,Self-Employed Non-Professional,88000.0,8000.0,80000.0,77000.0
RET-03923,34,M,Unmarried,GEN,Salaried,189000.0,39000.0,150000.0,100000.0
RET-03924,21,F,Married,GEN,Salaried,58000.0,6000.0,52000.0,26000.0
RET-03925,35,M,Unmarried,GEN,Self-Employed Professional,41000.0,5000.0,36000.0,70000.0
RET-03926,34,M,Unmarried,GEN,Salaried,127000.0,13000.0,114000.0,279000.0
RET-03927,47,M,Married,Minority,Salaried,92000.0,17000.0,75000.0,192000.0
RET-03928,42,M,Married,GEN,Salaried,59000.0,6000.0,53000.0,89000.0
RET-03929,26,M,Married,OBC,Salaried,75000.0,18000.0,57000.0,37000.0
RET-03930,39,M,Married,GEN,Self-Employed Professional,58000.0,4000.0,54000.0,32000.0
RET-03931,44,M,Unmarried,SC,Salaried,111000.0,22000.0,89000.0,249000.0
RET-03932,53,F,Married,OBC,Self-Employed Professional,201000.0,13000.0,188000.0,138000.0
RET-03933,46,M,Unmarried,Minority,Self-Employed Non-Professional,47000.0,5000.0,42000.0,103000.0
RET-03934,45,F,Married,GEN,Salaried,94000.0,17000.0,77000.0,52000.0
RET-03935,38,M,Unmarried,GEN,Self-Employed Professional,29000.0,3000.0,26000.0,25000.0
RET-03936,41,F,Unmarried,GEN,Salaried,38000.0,7000.0,31000.0,28000.0
RET-03937,50,M,Unmarried,OBC,Self-Employed Professional,102000.0,10000.0,92000.0,110000.0
RET-03938,24,M,Married,OBC,Self-Employed Non-Professional,70000.0,4000.0,66000.0,100000.0
RET-03939,34,M,Married,SC,Salaried,38000.0,6000.0,32000.0,26000.0
RET-03940,30,F,Married,GEN,Self-Employed Professional,74000.0,6000.0,68000.0,199000.0
RET-03941,41,M,Married,OBC,Salaried,124000.0,13000.0,111000.0,56000.0
RET-03942,50,M,Married,Minority,Self-Employed Professional,31000.0,2000.0,29000.0,70000.0
RET-03943,32,M,Unmarried,GEN,Self-Employed Professional,209000.0,16000.0,193000.0,351000.0
RET-03944,21,M,Married,GEN,Self-Employed Professional,103000.0,10000.0,93000.0,66000.0
RET-03945,33,M,Married,OBC,Salaried,104000.0,19000.0,85000.0,68000.0
RET-03946,47,M,Married,GEN,Self-Employed Professional,73000.0,8000.0,65000.0,128000.0
RET-03947,43,M,Married,OBC,Self-Employed Professional,209000.0,20000.0,189000.0,243000.0
RET-03948,42,M,Married,OBC,Salaried,130000.0,26000.0,104000.0,169000.0
RET-03949,35,M,Unmarried,Minority,Salaried,59000.0,6000.0,53000.0,99000.0
RET-03950,25,M,Married,ST,Salaried,115000.0,16000.0,99000.0,191000.0
RET-03951,43,M,Unmarried,OBC,Salaried,47000.0,10000.0,37000.0,72000.0
RET-03952,29,F,Married,GEN,Salaried,62000.0,12000.0,50000.0,34000.0
RET-03953,59,M,Unmarried,GEN,Salaried,176000.0,43000.0,133000.0,313000.0
RET-03954,43,F,Married,ST,Self-Employed Non-Professional,92000.0,8000.0,84000.0,104000.0
RET-03955,32,M,Unmarried,OBC,Self-Employed Non-Professional,109000.0,10000.0,99000.0,78000.0
RET-03956,31,F,Married,SC,Self-Employed Non-Professional,148000.0,8000.0,140000.0,106000.0
RET-03957,37,M,Married,GEN,Self-Employed Non-Professional,102000.0,7000.0,95000.0,104000.0
RET-03958,35,M,Married,GEN,Salaried,45000.0,7000.0,38000.0,79000.0
RET-03959,49,M,Unmarried,GEN,Salaried,198000.0,21000.0,177000.0,297000.0
RET-03960,39,F,Unmarried,GEN,Self-Employed Non-Professional,100000.0,5000.0,95000.0,73000.0
RET-03961,30,M,Married,SC,Self-Employed Professional,104000.0,14000.0,90000.0,52000.0
RET-03962,56,M,Married,OBC,Salaried,76000.0,15000.0,61000.0,34000.0
RET-03963,38,M,Married,GEN,Salaried,142000.0,17000.0,125000.0,194000.0
RET-03964,45,M,Married,OBC,Salaried,231000.0,52000.0,179000.0,442000.0
RET-03965,31,M,Married,ST,Salaried,58000.0,13000.0,45000.0,87000.0
RET-03966,41,M,Unmarried,OBC,Salaried,139000.0,24000.0,115000.0,290000.0
RET-03967,41,M,Unmarried,OBC,Self-Employed Non-Professional,75000.0,4000.0,71000.0,92000.0
RET-03968,21,M,Unmarried,GEN,Self-Employed Professional,25000.0,1000.0,24000.0,20000.0
RET-03969,58,F,Unmarried,ST,Salaried,31000.0,6000.0,25000.0,63000.0
RET-03970,50,M,Married,GEN,Salaried,94000.0,22000.0,72000.0,167000.0
RET-03971,34,M,Married,ST,Self-Employed Non-Professional,134000.0,17000.0,117000.0,231000.0
RET-03972,26,F,Married,SC,Salaried,105000.0,16000.0,89000.0,242000.0
RET-03973,41,M,Married,SC,Self-Employed Professional,116000.0,13000.0,103000.0,214000.0
RET-03974,38,M,Married,Minority,Salaried,346000.0,50000.0,296000.0,537000.0
RET-03975,41,F,Unmarried,OBC,Salaried,100000.0,22000.0,78000.0,137000.0
RET-03976,39,M,Unmarried,GEN,Salaried,62000.0,13000.0,49000.0,100000.0
RET-03977,43,M,Married,GEN,Self-Employed Non-Professional,68000.0,4000.0,64000.0,115000.0
RET-03978,52,F,Married,GEN,Salaried,195000.0,22000.0,173000.0,204000.0
RET-03979,43,F,Unmarried,GEN,Salaried,34000.0,7000.0,27000.0,78000.0
RET-03980,27,M,Unmarried,GEN,Salaried,154000.0,22000.0,132000.0,382000.0
RET-03981,51,M,Married,OBC,Self-Employed Professional,74000.0,8000.0,66000.0,61000.0
RET-03982,54,M,Unmarried,GEN,Self-Employed Professional,44000.0,3000.0,41000.0,75000.0
RET-03983,65,M,Unmarried,GEN,Salaried,31000.0,7000.0,24000.0,59000.0
RET-03984,26,M,Married,ST,Salaried,178000.0,28000.0,150000.0,96000.0
RET-03985,40,M,Married,OBC,Self-Employed Professional,44000.0,3000.0,41000.0,33000.0
RET-03986,21,F,Unmarried,Minority,Self-Employed Professional,76000.0,5000.0,71000.0,132000.0
RET-03987,43,F,Unmarried,GEN,Self-Employed Non-Professional,41000.0,4000.0,37000.0,21000.0
RET-03988,32,M,Married,OBC,Self-Employed Professional,238000.0,13000.0,225000.0,581000.0
RET-03989,57,M,Unmarried,GEN,Self-Employed Professional,78000.0,11000.0,67000.0,180000.0
RET-03990,30,M,Unmarried,GEN,Salaried,33000.0,4000.0,29000.0,68000.0
RET-03991,21,M,Unmarried,OBC,Salaried,57000.0,14000.0,43000.0,110000.0
RET-03992,33,M,Married,GEN,Self-Employed Non-Professional,169000.0,12000.0,157000.0,342000.0
RET-03993,21,F,Unmarried,GEN,Salaried,41000.0,5000.0,36000.0,31000.0
RET-03994,45,M,Married,OBC,Salaried,59000.0,13000.0,46000.0,26000.0
RET-03995,21,F,Married,SC,Self-Employed Professional,149000.0,13000.0,136000.0,356000.0
RET-03996,38,M,Unmarried,OBC,Salaried,90000.0,18000.0,72000.0,163000.0
RET-03997,21,M,Married,GEN,Self-Employed Professional,35000.0,3000.0,32000.0,48000.0
RET-03998,34,M,Married,GEN,Salaried,84000.0,17000.0,67000.0,167000.0
RET-03999,54,M,Unmarried,GEN,Salaried,67000.0,7000.0,60000.0,38000.0
RET-04000,41,F,Married,Minority,Salaried,75000.0,11000.0,64000.0,83000.0
RET-04001,29,F,Married,ST,Self-Employed Non-Professional,129000.0,16000.0,113000.0,153000.0
RET-04002,37,M,Married,GEN,Self-Employed Non-Professional,84000.0,6000.0,78000.0,59000.0
RET-04003,38,M,Married,GEN,Salaried,69000.0,15000.0,54000.0,127000.0
RET-04004,42,M,Married,OBC,Salaried,67000.0,16000.0,51000.0,125000.0
RET-04005,24,F,Unmarried,GEN,Salaried,140000.0,15000.0,125000.0,245000.0
RET-04006,43,F,Unmarried,Minority,Salaried,47000.0,11000.0,36000.0,56000.0
RET-04007,21,M,Unmarried,SC,Salaried,25000.0,3000.0,22000.0,44000.0
RET-04008,31,M,Married,GEN,Salaried,64000.0,15000.0,49000.0,135000.0
RET-04009,33,M,Unmarried,GEN,Self-Employed Professional,92000.0,11000.0,81000.0,113000.0
RET-04010,44,M,Married,SC,Self-Employed Professional,57000.0,5000.0,52000.0,69000.0
RET-04011,38,M,Unmarried,GEN,Salaried,53000.0,9000.0,44000.0,91000.0
RET-04012,23,M,Married,OBC,Self-Employed Professional,59000.0,5000.0,54000.0,119000.0
RET-04013,28,F,Married,GEN,Salaried,72000.0,17000.0,55000.0,90000.0
RET-04014,39,M,Married,GEN,Salaried,34000.0,5000.0,29000.0,77000.0
RET-04015,37,M,Married,OBC,Self-Employed Professional,109000.0,15000.0,94000.0,130000.0
RET-04016,32,F,Unmarried,GEN,Salaried,25000.0,4000.0,21000.0,44000.0
RET-04017,33,M,Unmarried,GEN,Salaried,101000.0,23000.0,78000.0,169000.0
RET-04018,44,M,Unmarried,GEN,Salaried,88000.0,11000.0,77000.0,95000.0
RET-04019,32,M,Unmarried,OBC,Self-Employed Non-Professional,99000.0,14000.0,85000.0,47000.0
RET-04020,37,M,Married,OBC,Self-Employed Professional,25000.0,2000.0,23000.0,59000.0
RET-04021,59,M,Married,GEN,Salaried,87000.0,20000.0,67000.0,114000.0
RET-04022,23,M,Unmarried,OBC,Self-Employed Non-Professional,53000.0,7000.0,46000.0,34000.0
RET-04023,21,F,Married,GEN,Salaried,191000.0,47000.0,144000.0,417000.0
RET-04024,45,M,Married,GEN,Self-Employed Non-Professional,91000.0,9000.0,82000.0,102000.0
RET-04025,31,F,Unmarried,OBC,Self-Employed Professional,36000.0,3000.0,33000.0,56000.0
RET-04026,34,M,Married,OBC,Salaried,27000.0,5000.0,22000.0,38000.0
RET-04027,30,F,Married,GEN,Self-Employed Professional,51000.0,5000.0,46000.0,66000.0
RET-04028,35,M,Married,GEN,Self-Employed Professional,119000.0,9000.0,110000.0,97000.0
RET-04029,53,M,Married,GEN,Self-Employed Non-Professional,146000.0,14000.0,132000.0,298000.0
RET-04030,46,M,Married,SC,Self-Employed Non-Professional,82000.0,11000.0,71000.0,70000.0
RET-04031,46,M,Married,GEN,Salaried,77000.0,19000.0,58000.0,128000.0
RET-04032,23,M,Married,GEN,Salaried,60000.0,10000.0,50000.0,125000.0
RET-04033,26,F,Married,GEN,Salaried,72000.0,18000.0,54000.0,30000.0
RET-04034,21,M,Married,GEN,Salaried,152000.0,18000.0,134000.0,312000.0
RET-04035,29,M,Unmarried,SC,Salaried,59000.0,13000.0,46000.0,96000.0
RET-04036,47,M,Married,GEN,Salaried,109000.0,12000.0,97000.0,96000.0
RET-04037,43,F,Married,OBC,Salaried,53000.0,10000.0,43000.0,88000.0
RET-04038,35,M,Married,GEN,Self-Employed Professional,134000.0,15000.0,119000.0,185000.0
RET-04039,37,F,Married,GEN,Self-Employed Non-Professional,103000.0,7000.0,96000.0,68000.0
RET-04040,31,F,Married,GEN,Salaried,131000.0,27000.0,104000.0,188000.0
RET-04041,40,M,Married,GEN,Salaried,226000.0,38000.0,188000.0,551000.0
RET-04042,45,M,Unmarried,GEN,Salaried,25000.0,6000.0,19000.0,40000.0
RET-04043,21,F,Married,SC,Self-Employed Non-Professional,115000.0,15000.0,100000.0,133000.0
RET-04044,40,M,Unmarried,OBC,Salaried,97000.0,10000.0,87000.0,166000.0
RET-04045,47,M,Married,GEN,Self-Employed Non-Professional,96000.0,9000.0,87000.0,204000.0
RET-04046,33,F,Married,GEN,Self-Employed Non-Professional,84000.0,9000.0,75000.0,67000.0
RET-04047,45,F,Married,GEN,Self-Employed Non-Professional,84000.0,7000.0,77000.0,140000.0
RET-04048,65,F,Unmarried,OBC,Salaried,89000.0,11000.0,78000.0,138000.0
RET-04049,36,M,Married,ST,Salaried,126000.0,15000.0,111000.0,160000.0
RET-04050,41,M,Married,Minority,Self-Employed Non-Professional,120000.0,15000.0,105000.0,249000.0
RET-04051,30,M,Married,OBC,Salaried,72000.0,10000.0,62000.0,119000.0
RET-04052,39,M,Unmarried,GEN,Salaried,65000.0,12000.0,53000.0,119000.0
RET-04053,42,M,Unmarried,OBC,Salaried,74000.0,15000.0,59000.0,117000.0
RET-04054,39,M,Unmarried,GEN,Salaried,57000.0,11000.0,46000.0,113000.0
RET-04055,27,M,Married,OBC,Self-Employed Non-Professional,213000.0,22000.0,191000.0,398000.0
RET-04056,40,F,Married,GEN,Salaried,34000.0,7000.0,27000.0,59000.0
RET-04057,52,F,Unmarried,GEN,Self-Employed Professional,115000.0,10000.0,105000.0,112000.0
RET-04058,42,F,Married,GEN,Self-Employed Professional,114000.0,14000.0,100000.0,261000.0
RET-04059,47,M,Married,GEN,Salaried,53000.0,12000.0,41000.0,36000.0
RET-04060,35,M,Unmarried,OBC,Self-Employed Professional,87000.0,7000.0,80000.0,108000.0
RET-04061,45,F,Married,SC,Self-Employed Non-Professional,156000.0,20000.0,136000.0,370000.0
RET-04062,40,M,Unmarried,SC,Self-Employed Non-Professional,60000.0,7000.0,53000.0,41000.0
RET-04063,28,M,Married,Minority,Self-Employed Professional,161000.0,11000.0,150000.0,400000.0
RET-04064,41,M,Married,GEN,Salaried,143000.0,21000.0,122000.0,206000.0
RET-04065,28,M,Married,GEN,Salaried,48000.0,8000.0,40000.0,38000.0
RET-04066,31,M,Unmarried,OBC,Salaried,38000.0,8000.0,30000.0,70000.0
RET-04067,39,F,Married,SC,Salaried,81000.0,9000.0,72000.0,87000.0
RET-04068,40,F,Married,GEN,Salaried,35000.0,8000.0,27000.0,59000.0
RET-04069,26,M,Unmarried,GEN,Salaried,25000.0,6000.0,19000.0,47000.0
RET-04070,48,M,Married,GEN,Salaried,55000.0,13000.0,42000.0,81000.0
RET-04071,43,F,Married,Minority,Salaried,270000.0,31000.0,239000.0,589000.0
RET-04072,30,M,Unmarried,ST,Salaried,56000.0,13000.0,43000.0,122000.0
RET-04073,22,M,Unmarried,GEN,Salaried,92000.0,17000.0,75000.0,141000.0
RET-04074,36,F,Married,ST,Self-Employed Professional,111000.0,10000.0,101000.0,89000.0
RET-04075,33,F,Married,GEN,Salaried,71000.0,17000.0,54000.0,123000.0
RET-04076,39,F,Unmarried,GEN,Self-Employed Professional,60000.0,4000.0,56000.0,85000.0
RET-04077,34,M,Married,OBC,Self-Employed Non-Professional,153000.0,22000.0,131000.0,240000.0
RET-04078,21,M,Unmarried,GEN,Salaried,75000.0,13000.0,62000.0,128000.0
RET-04079,34,F,Married,GEN,Self-Employed Non-Professional,69000.0,7000.0,62000.0,142000.0
RET-04080,34,M,Unmarried,ST,Self-Employed Professional,118000.0,10000.0,108000.0,227000.0
RET-04081,44,F,Married,OBC,Salaried,39000.0,9000.0,30000.0,32000.0
RET-04082,31,M,Married,Minority,Salaried,34000.0,6000.0,28000.0,66000.0
RET-04083,54,F,Married,GEN,Self-Employed Non-Professional,28000.0,4000.0,24000.0,60000.0
RET-04084,21,M,Married,GEN,Salaried,103000.0,16000.0,87000.0,52000.0
RET-04085,51,M,Married,GEN,Salaried,66000.0,10000.0,56000.0,71000.0
RET-04086,35,M,Married,ST,Self-Employed Non-Professional,120000.0,13000.0,107000.0,315000.0
RET-04087,46,M,Unmarried,GEN,Self-Employed Professional,75000.0,7000.0,68000.0,64000.0
RET-04088,38,M,Married,GEN,Self-Employed Professional,32000.0,5000.0,27000.0,26000.0
RET-04089,49,M,Married,GEN,Self-Employed Non-Professional,59000.0,6000.0,53000.0,105000.0
RET-04090,34,F,Unmarried,SC,Self-Employed Professional,125000.0,19000.0,106000.0,143000.0
RET-04091,27,M,Unmarried,GEN,Salaried,62000.0,13000.0,49000.0,105000.0
RET-04092,52,M,Married,GEN,Salaried,149000.0,25000.0,124000.0,143000.0
RET-04093,36,M,Married,GEN,Self-Employed Non-Professional,56000.0,6000.0,50000.0,78000.0
RET-04094,40,F,Married,GEN,Salaried,113000.0,24000.0,89000.0,267000.0
RET-04095,50,M,Unmarried,GEN,Salaried,25000.0,5000.0,20000.0,29000.0
RET-04096,27,M,Unmarried,GEN,Salaried,64000.0,11000.0,53000.0,38000.0
RET-04097,43,F,Married,ST,Salaried,58000.0,7000.0,51000.0,120000.0
RET-04098,32,M,Married,GEN,Salaried,32000.0,3000.0,29000.0,57000.0
RET-04099,36,M,Married,GEN,Self-Employed Non-Professional,143000.0,18000.0,125000.0,201000.0
RET-04100,38,M,Married,GEN,Self-Employed Non-Professional,50000.0,4000.0,46000.0,128000.0
RET-04101,22,F,Married,Minority,Salaried,47000.0,9000.0,38000.0,33000.0
RET-04102,30,M,Unmarried,GEN,Self-Employed Professional,160000.0,22000.0,138000.0,238000.0
RET-04103,51,F,Married,SC,Self-Employed Professional,81000.0,6000.0,75000.0,73000.0
RET-04104,46,F,Unmarried,ST,Salaried,117000.0,14000.0,103000.0,73000.0
RET-04105,37,M,Unmarried,GEN,Salaried,26000.0,6000.0,20000.0,32000.0
RET-04106,40,F,Unmarried,GEN,Salaried,45000.0,9000.0,36000.0,103000.0
RET-04107,35,M,Married,OBC,Self-Employed Professional,256000.0,19000.0,237000.0,546000.0
RET-04108,51,M,Married,OBC,Salaried,122000.0,25000.0,97000.0,105000.0
RET-04109,35,M,Married,SC,Salaried,38000.0,9000.0,29000.0,48000.0
RET-04110,40,F,Unmarried,SC,Salaried,84000.0,12000.0,72000.0,180000.0
RET-04111,49,M,Married,GEN,Self-Employed Non-Professional,40000.0,4000.0,36000.0,36000.0
RET-04112,30,M,Married,OBC,Self-Employed Professional,169000.0,9000.0,160000.0,161000.0
RET-04113,53,M,Married,GEN,Salaried,25000.0,4000.0,21000.0,20000.0
RET-04114,22,M,Married,OBC,Self-Employed Non-Professional,86000.0,6000.0,80000.0,161000.0
RET-04115,54,M,Unmarried,OBC,Salaried,85000.0,18000.0,67000.0,38000.0
RET-04116,34,M,Married,GEN,Self-Employed Professional,38000.0,4000.0,34000.0,67000.0
RET-04117,35,M,Married,GEN,Salaried,62000.0,9000.0,53000.0,136000.0
RET-04118,21,M,Married,GEN,Salaried,92000.0,11000.0,81000.0,199000.0
RET-04119,33,M,Married,GEN,Self-Employed Non-Professional,25000.0,2000.0,23000.0,50000.0
RET-04120,27,M,Unmarried,ST,Self-Employed Professional,34000.0,5000.0,29000.0,30000.0
RET-04121,31,F,Married,OBC,Salaried,67000.0,14000.0,53000.0,135000.0
RET-04122,36,F,Married,OBC,Salaried,44000.0,9000.0,35000.0,101000.0
RET-04123,47,M,Unmarried,GEN,Salaried,55000.0,7000.0,48000.0,46000.0
RET-04124,40,M,Unmarried,GEN,Self-Employed Professional,72000.0,9000.0,63000.0,175000.0
RET-04125,41,F,Married,GEN,Salaried,42000.0,7000.0,35000.0,92000.0
RET-04126,27,F,Married,GEN,Self-Employed Professional,72000.0,7000.0,65000.0,192000.0
RET-04127,29,M,Married,OBC,Self-Employed Non-Professional,87000.0,11000.0,76000.0,99000.0
RET-04128,55,M,Married,ST,Salaried,117000.0,13000.0,104000.0,295000.0
RET-04129,30,M,Married,GEN,Self-Employed Non-Professional,35000.0,2000.0,33000.0,31000.0
RET-04130,54,M,Married,OBC,Salaried,50000.0,11000.0,39000.0,37000.0
RET-04131,35,M,Unmarried,GEN,Self-Employed Professional,104000.0,5000.0,99000.0,76000.0
RET-04132,38,F,Married,GEN,Self-Employed Professional,30000.0,4000.0,26000.0,41000.0
RET-04133,48,M,Unmarried,GEN,Salaried,78000.0,16000.0,62000.0,33000.0
RET-04134,50,M,Unmarried,OBC,Salaried,74000.0,13000.0,61000.0,89000.0
RET-04135,36,F,Unmarried,GEN,Self-Employed Non-Professional,25000.0,2000.0,23000.0,47000.0
RET-04136,34,F,Married,GEN,Salaried,54000.0,8000.0,46000.0,32000.0
RET-04137,37,F,Unmarried,OBC,Salaried,89000.0,18000.0,71000.0,181000.0
RET-04138,41,F,Unmarried,OBC,Salaried,64000.0,9000.0,55000.0,68000.0
RET-04139,46,M,Married,GEN,Salaried,55000.0,9000.0,46000.0,28000.0
RET-04140,38,F,Married,OBC,Salaried,80000.0,18000.0,62000.0,89000.0
RET-04141,44,F,Married,SC,Salaried,132000.0,15000.0,117000.0,99000.0
RET-04142,54,M,Married,GEN,Salaried,101000.0,18000.0,83000.0,207000.0
RET-04143,41,M,Married,OBC,Self-Employed Professional,46000.0,6000.0,40000.0,53000.0
RET-04144,41,M,Married,GEN,Salaried,30000.0,5000.0,25000.0,20000.0
RET-04145,22,F,Unmarried,SC,Salaried,100000.0,19000.0,81000.0,132000.0
RET-04146,21,M,Married,Minority,Salaried,36000.0,4000.0,32000.0,52000.0
RET-04147,41,M,Unmarried,GEN,Salaried,53000.0,9000.0,44000.0,52000.0
RET-04148,37,M,Married,GEN,Salaried,83000.0,14000.0,69000.0,91000.0
RET-04149,32,M,Unmarried,GEN,Salaried,145000.0,26000.0,119000.0,288000.0
RET-04150,40,M,Married,GEN,Salaried,158000.0,21000.0,137000.0,287000.0
RET-04151,37,M,Married,GEN,Salaried,76000.0,10000.0,66000.0,68000.0
RET-04152,49,F,Unmarried,OBC,Self-Employed Professional,54000.0,5000.0,49000.0,141000.0
RET-04153,38,M,Married,GEN,Self-Employed Non-Professional,36000.0,4000.0,32000.0,40000.0
RET-04154,30,M,Married,GEN,Salaried,237000.0,35000.0,202000.0,370000.0
RET-04155,47,M,Unmarried,OBC,Self-Employed Professional,61000.0,8000.0,53000.0,102000.0
RET-04156,35,M,Married,OBC,Salaried,110000.0,13000.0,97000.0,100000.0
RET-04157,43,M,Unmarried,GEN,Self-Employed Professional,82000.0,7000.0,75000.0,92000.0
RET-04158,33,M,Married,OBC,Self-Employed Professional,54000.0,6000.0,48000.0,82000.0
RET-04159,31,M,Married,Minority,Self-Employed Professional,53000.0,5000.0,48000.0,55000.0
RET-04160,38,M,Married,GEN,Self-Employed Non-Professional,32000.0,3000.0,29000.0,37000.0
RET-04161,38,M,Unmarried,GEN,Salaried,143000.0,26000.0,117000.0,238000.0
RET-04162,42,M,Married,OBC,Salaried,68000.0,10000.0,58000.0,135000.0
RET-04163,35,M,Unmarried,OBC,Salaried,172000.0,20000.0,152000.0,380000.0
RET-04164,21,M,Unmarried,GEN,Self-Employed Professional,56000.0,4000.0,52000.0,42000.0
RET-04165,33,M,Married,GEN,Self-Employed Non-Professional,61000.0,4000.0,57000.0,134000.0
RET-04166,45,F,Married,SC,Salaried,37000.0,9000.0,28000.0,80000.0
RET-04167,35,F,Unmarried,Minority,Salaried,61000.0,8000.0,53000.0,103000.0
RET-04168,35,M,Married,SC,Self-Employed Professional,35000.0,3000.0,32000.0,64000.0
RET-04169,47,M,Married,Minority,Salaried,93000.0,15000.0,78000.0,225000.0
RET-04170,30,M,Married,OBC,Salaried,78000.0,14000.0,64000.0,171000.0
RET-04171,22,M,Unmarried,Minority,Salaried,177000.0,31000.0,146000.0,277000.0
RET-04172,36,F,Unmarried,OBC,Salaried,30000.0,6000.0,24000.0,58000.0
RET-04173,33,F,Married,Minority,Salaried,152000.0,35000.0,117000.0,111000.0
RET-04174,28,F,Married,GEN,Salaried,41000.0,6000.0,35000.0,54000.0
RET-04175,36,F,Unmarried,SC,Salaried,90000.0,11000.0,79000.0,181000.0
RET-04176,42,F,Married,GEN,Self-Employed Non-Professional,37000.0,3000.0,34000.0,42000.0
RET-04177,37,M,Unmarried,GEN,Salaried,83000.0,19000.0,64000.0,105000.0
RET-04178,41,M,Married,OBC,Self-Employed Professional,25000.0,3000.0,22000.0,21000.0
RET-04179,56,F,Unmarried,GEN,Self-Employed Professional,49000.0,3000.0,46000.0,126000.0
RET-04180,34,M,Unmarried,GEN,Self-Employed Non-Professional,78000.0,10000.0,68000.0,186000.0
RET-04181,40,M,Married,Minority,Self-Employed Professional,210000.0,16000.0,194000.0,329000.0
RET-04182,32,M,Married,OBC,Self-Employed Professional,25000.0,2000.0,23000.0,23000.0
RET-04183,29,F,Married,Minority,Self-Employed Professional,73000.0,11000.0,62000.0,136000.0
RET-04184,32,M,Married,Minority,Salaried,54000.0,12000.0,42000.0,43000.0
RET-04185,33,M,Married,GEN,Salaried,25000.0,4000.0,21000.0,23000.0
RET-04186,41,F,Unmarried,GEN,Salaried,37000.0,8000.0,29000.0,85000.0
RET-04187,61,F,Married,GEN,Salaried,55000.0,9000.0,46000.0,34000.0
RET-04188,30,F,Married,OBC,Salaried,97000.0,20000.0,77000.0,112000.0
RET-04189,33,M,Unmarried,OBC,Salaried,77000.0,13000.0,64000.0,121000.0
RET-04190,37,M,Married,GEN,Salaried,33000.0,5000.0,28000.0,22000.0
RET-04191,41,F,Married,GEN,Self-Employed Professional,25000.0,2000.0,23000.0,14000.0
RET-04192,40,M,Unmarried,GEN,Self-Employed Non-Professional,94000.0,9000.0,85000.0,158000.0
RET-04193,50,M,Unmarried,GEN,Salaried,65000.0,16000.0,49000.0,39000.0
RET-04194,21,M,Married,GEN,Salaried,192000.0,34000.0,158000.0,178000.0
RET-04195,21,M,Married,ST,Self-Employed Non-Professional,59000.0,6000.0,53000.0,92000.0
RET-04196,33,M,Married,GEN,Self-Employed Professional,145000.0,12000.0,133000.0,182000.0
RET-04197,48,M,Unmarried,GEN,Self-Employed Non-Professional,101000.0,12000.0,89000.0,203000.0
RET-04198,22,M,Unmarried,GEN,Salaried,120000.0,25000.0,95000.0,276000.0
RET-04199,21,F,Unmarried,SC,Self-Employed Non-Professional,95000.0,13000.0,82000.0,195000.0
RET-04200,43,M,Married,GEN,Self-Employed Non-Professional,96000.0,13000.0,83000.0,249000.0
RET-04201,40,M,Married,GEN,Salaried,25000.0,4000.0,21000.0,31000.0
RET-04202,27,M,Unmarried,OBC,Salaried,63000.0,12000.0,51000.0,64000.0
RET-04203,28,M,Married,Minority,Salaried,49000.0,11000.0,38000.0,39000.0
RET-04204,28,F,Married,Minority,Salaried,157000.0,34000.0,123000.0,334000.0
RET-04205,39,M,Married,GEN,Self-Employed Non-Professional,40000.0,3000.0,37000.0,55000.0
RET-04206,31,F,Unmarried,OBC,Salaried,62000.0,14000.0,48000.0,109000.0
RET-04207,42,M,Married,GEN,Self-Employed Professional,118000.0,7000.0,111000.0,243000.0
RET-04208,21,M,Married,GEN,Self-Employed Non-Professional,88000.0,8000.0,80000.0,51000.0
RET-04209,29,M,Married,GEN,Salaried,81000.0,18000.0,63000.0,170000.0
RET-04210,26,M,Married,GEN,Self-Employed Professional,142000.0,17000.0,125000.0,215000.0
RET-04211,35,M,Unmarried,SC,Salaried,85000.0,13000.0,72000.0,76000.0
RET-04212,32,M,Married,Minority,Salaried,53000.0,12000.0,41000.0,121000.0
RET-04213,45,M,Married,GEN,Self-Employed Non-Professional,34000.0,3000.0,31000.0,74000.0
RET-04214,21,F,Married,GEN,Salaried,98000.0,13000.0,85000.0,174000.0
RET-04215,38,F,Married,GEN,Salaried,46000.0,5000.0,41000.0,122000.0
RET-04216,43,M,Married,OBC,Self-Employed Professional,63000.0,8000.0,55000.0,132000.0
RET-04217,56,M,Married,Minority,Self-Employed Professional,140000.0,8000.0,132000.0,106000.0
RET-04218,33,M,Unmarried,ST,Self-Employed Professional,64000.0,6000.0,58000.0,173000.0
RET-04219,41,F,Married,OBC,Self-Employed Non-Professional,56000.0,4000.0,52000.0,104000.0
RET-04220,21,M,Married,GEN,Salaried,62000.0,13000.0,49000.0,61000.0
RET-04221,21,M,Married,SC,Self-Employed Professional,63000.0,4000.0,59000.0,150000.0
RET-04222,46,M,Married,GEN,Self-Employed Non-Professional,40000.0,2000.0,38000.0,24000.0
RET-04223,37,M,Married,Minority,Salaried,200000.0,33000.0,167000.0,357000.0
RET-04224,49,M,Unmarried,GEN,Salaried,53000.0,9000.0,44000.0,40000.0
RET-04225,24,M,Married,OBC,Salaried,117000.0,17000.0,100000.0,72000.0
RET-04226,43,F,Married,GEN,Salaried,40000.0,5000.0,35000.0,48000.0
RET-04227,56,F,Married,GEN,Salaried,102000.0,13000.0,89000.0,124000.0
RET-04228,42,M,Married,OBC,Self-Employed Professional,81000.0,10000.0,71000.0,142000.0
RET-04229,40,M,Married,OBC,Self-Employed Non-Professional,74000.0,6000.0,68000.0,130000.0
RET-04230,38,M,Unmarried,SC,Self-Employed Professional,81000.0,5000.0,76000.0,169000.0
RET-04231,22,F,Married,OBC,Self-Employed Non-Professional,94000.0,11000.0,83000.0,78000.0
RET-04232,51,F,Married,GEN,Salaried,64000.0,15000.0,49000.0,131000.0
RET-04233,31,M,Unmarried,ST,Salaried,66000.0,13000.0,53000.0,140000.0
RET-04234,43,M,Married,SC,Self-Employed Non-Professional,103000.0,6000.0,97000.0,101000.0
RET-04235,22,M,Married,GEN,Self-Employed Non-Professional,37000.0,4000.0,33000.0,56000.0
RET-04236,26,M,Married,SC,Salaried,34000.0,4000.0,30000.0,52000.0
RET-04237,52,M,Married,Minority,Self-Employed Professional,81000.0,9000.0,72000.0,202000.0
RET-04238,34,F,Married,OBC,Salaried,25000.0,3000.0,22000.0,61000.0
RET-04239,52,M,Married,GEN,Salaried,27000.0,4000.0,23000.0,15000.0
RET-04240,37,M,Married,OBC,Self-Employed Non-Professional,216000.0,21000.0,195000.0,565000.0
RET-04241,21,F,Unmarried,GEN,Self-Employed Professional,185000.0,17000.0,168000.0,113000.0
RET-04242,46,M,Unmarried,OBC,Salaried,52000.0,7000.0,45000.0,84000.0
RET-04243,32,F,Unmarried,OBC,Salaried,133000.0,32000.0,101000.0,129000.0
RET-04244,44,M,Unmarried,Minority,Salaried,136000.0,26000.0,110000.0,162000.0
RET-04245,38,F,Married,OBC,Self-Employed Professional,97000.0,14000.0,83000.0,172000.0
RET-04246,22,M,Married,GEN,Salaried,70000.0,15000.0,55000.0,108000.0
RET-04247,39,M,Married,OBC,Self-Employed Non-Professional,106000.0,11000.0,95000.0,87000.0
RET-04248,59,M,Unmarried,GEN,Self-Employed Non-Professional,118000.0,15000.0,103000.0,301000.0
RET-04249,42,M,Married,GEN,Salaried,108000.0,23000.0,85000.0,49000.0
RET-04250,37,M,Married,GEN,Self-Employed Professional,29000.0,2000.0,27000.0,37000.0
RET-04251,48,F,Unmarried,GEN,Salaried,248000.0,47000.0,201000.0,503000.0
RET-04252,40,F,Unmarried,Minority,Salaried,309000.0,59000.0,250000.0,657000.0
RET-04253,40,M,Unmarried,OBC,Salaried,25000.0,6000.0,19000.0,47000.0
RET-04254,27,M,Married,SC,Self-Employed Non-Professional,99000.0,11000.0,88000.0,126000.0
RET-04255,40,F,Married,GEN,Salaried,250000.0,62000.0,188000.0,410000.0
RET-04256,48,F,Married,OBC,Self-Employed Professional,133000.0,9000.0,124000.0,299000.0
RET-04257,29,M,Married,OBC,Salaried,134000.0,30000.0,104000.0,202000.0
RET-04258,52,F,Married,GEN,Salaried,31000.0,6000.0,25000.0,55000.0
RET-04259,37,M,Married,Minority,Self-Employed Professional,118000.0,14000.0,104000.0,196000.0
RET-04260,29,M,Married,GEN,Self-Employed Non-Professional,84000.0,6000.0,78000.0,50000.0
RET-04261,47,M,Married,OBC,Salaried,117000.0,29000.0,88000.0,104000.0
RET-04262,35,F,Unmarried,GEN,Salaried,39000.0,4000.0,35000.0,79000.0
RET-04263,45,M,Unmarried,GEN,Salaried,38000.0,9000.0,29000.0,32000.0
RET-04264,35,M,Married,ST,Salaried,67000.0,9000.0,58000.0,95000.0
RET-04265,37,M,Married,SC,Self-Employed Professional,58000.0,4000.0,54000.0,99000.0
RET-04266,42,M,Married,OBC,Salaried,67000.0,7000.0,60000.0,131000.0
RET-04267,40,M,Married,Minority,Self-Employed Professional,55000.0,7000.0,48000.0,55000.0
RET-04268,21,M,Unmarried,GEN,Self-Employed Professional,65000.0,9000.0,56000.0,111000.0
RET-04269,26,M,Unmarried,OBC,Salaried,49000.0,5000.0,44000.0,88000.0
RET-04270,47,M,Unmarried,GEN,Salaried,71000.0,14000.0,57000.0,149000.0
RET-04271,36,F,Married,OBC,Salaried,31000.0,4000.0,27000.0,51000.0
RET-04272,32,M,Unmarried,GEN,Salaried,100000.0,21000.0,79000.0,98000.0
RET-04273,24,F,Married,GEN,Self-Employed Professional,86000.0,5000.0,81000.0,146000.0
RET-04274,27,M,Married,Minority,Salaried,34000.0,4000.0,30000.0,23000.0
RET-04275,21,M,Married,GEN,Self-Employed Professional,162000.0,15000.0,147000.0,297000.0
RET-04276,36,M,Unmarried,GEN,Salaried,45000.0,8000.0,37000.0,103000.0
RET-04277,32,M,Married,GEN,Salaried,149000.0,32000.0,117000.0,213000.0
RET-04278,28,M,Married,GEN,Salaried,89000.0,18000.0,71000.0,87000.0
RET-04279,37,F,Married,GEN,Self-Employed Professional,133000.0,13000.0,120000.0,182000.0
RET-04280,41,F,Married,GEN,Salaried,81000.0,17000.0,64000.0,176000.0
RET-04281,58,M,Married,OBC,Self-Employed Professional,103000.0,10000.0,93000.0,236000.0
RET-04282,22,M,Married,OBC,Salaried,132000.0,20000.0,112000.0,281000.0
RET-04283,49,F,Married,SC,Salaried,230000.0,50000.0,180000.0,344000.0
RET-04284,47,M,Unmarried,Minority,Salaried,139000.0,30000.0,109000.0,163000.0
RET-04285,30,M,Married,OBC,Salaried,96000.0,22000.0,74000.0,62000.0
RET-04286,40,F,Married,GEN,Self-Employed Professional,33000.0,3000.0,30000.0,88000.0
RET-04287,33,F,Married,GEN,Salaried,25000.0,6000.0,19000.0,18000.0
RET-04288,39,M,Unmarried,SC,Salaried,68000.0,12000.0,56000.0,63000.0
RET-04289,53,M,Married,OBC,Self-Employed Professional,48000.0,3000.0,45000.0,108000.0
RET-04290,44,M,Unmarried,GEN,Salaried,49000.0,6000.0,43000.0,59000.0
RET-04291,43,F,Married,GEN,Salaried,70000.0,15000.0,55000.0,108000.0
RET-04292,33,F,Married,SC,Self-Employed Non-Professional,109000.0,15000.0,94000.0,226000.0
RET-04293,23,M,Unmarried,OBC,Salaried,50000.0,8000.0,42000.0,79000.0
RET-04294,35,F,Married,OBC,Self-Employed Non-Professional,125000.0,11000.0,114000.0,197000.0
RET-04295,50,F,Married,GEN,Salaried,75000.0,9000.0,66000.0,41000.0
RET-04296,22,M,Married,OBC,Salaried,75000.0,9000.0,66000.0,113000.0
RET-04297,27,F,Married,SC,Self-Employed Non-Professional,225000.0,17000.0,208000.0,341000.0
RET-04298,39,M,Married,ST,Self-Employed Professional,81000.0,8000.0,73000.0,197000.0
RET-04299,28,M,Unmarried,OBC,Salaried,71000.0,16000.0,55000.0,89000.0
RET-04300,30,M,Unmarried,OBC,Salaried,100000.0,23000.0,77000.0,160000.0
RET-04301,33,F,Married,OBC,Salaried,215000.0,49000.0,166000.0,404000.0
RET-04302,24,M,Married,GEN,Salaried,71000.0,14000.0,57000.0,95000.0
RET-04303,28,M,Unmarried,GEN,Self-Employed Professional,95000.0,5000.0,90000.0,104000.0
RET-04304,45,F,Married,ST,Salaried,69000.0,16000.0,53000.0,145000.0
RET-04305,24,M,Married,OBC,Salaried,69000.0,11000.0,58000.0,159000.0
RET-04306,22,F,Unmarried,OBC,Salaried,54000.0,6000.0,48000.0,132000.0
RET-04307,31,M,Unmarried,Minority,Salaried,52000.0,9000.0,43000.0,51000.0
RET-04308,45,M,Unmarried,Minority,Salaried,202000.0,37000.0,165000.0,213000.0
RET-04309,36,M,Unmarried,OBC,Salaried,52000.0,9000.0,43000.0,120000.0
RET-04310,33,F,Unmarried,GEN,Self-Employed Professional,29000.0,2000.0,27000.0,22000.0
RET-04311,38,M,Married,GEN,Salaried,79000.0,17000.0,62000.0,133000.0
RET-04312,21,M,Unmarried,Minority,Salaried,135000.0,28000.0,107000.0,132000.0
RET-04313,42,F,Married,GEN,Self-Employed Non-Professional,154000.0,13000.0,141000.0,325000.0
RET-04314,41,M,Married,Minority,Self-Employed Professional,36000.0,5000.0,31000.0,80000.0
RET-04315,33,F,Married,GEN,Salaried,143000.0,31000.0,112000.0,170000.0
RET-04316,48,F,Unmarried,OBC,Self-Employed Non-Professional,252000.0,37000.0,215000.0,189000.0
RET-04317,26,M,Married,OBC,Self-Employed Non-Professional,49000.0,4000.0,45000.0,105000.0
RET-04318,49,M,Unmarried,GEN,Salaried,66000.0,11000.0,55000.0,35000.0
RET-04319,39,M,Married,Minority,Self-Employed Professional,35000.0,2000.0,33000.0,18000.0
RET-04320,34,M,Married,OBC,Salaried,222000.0,49000.0,173000.0,466000.0
RET-04321,37,F,Unmarried,GEN,Salaried,30000.0,4000.0,26000.0,66000.0
RET-04322,36,F,Unmarried,GEN,Salaried,58000.0,10000.0,48000.0,94000.0
RET-04323,50,M,Unmarried,OBC,Salaried,117000.0,17000.0,100000.0,216000.0
RET-04324,27,M,Married,GEN,Salaried,49000.0,8000.0,41000.0,118000.0
RET-04325,30,M,Unmarried,ST,Self-Employed Non-Professional,40000.0,4000.0,36000.0,24000.0
RET-04326,48,M,Unmarried,GEN,Salaried,71000.0,12000.0,59000.0,61000.0
RET-04327,32,M,Married,GEN,Self-Employed Non-Professional,307000.0,44000.0,263000.0,611000.0
RET-04328,47,M,Married,GEN,Self-Employed Non-Professional,63000.0,7000.0,56000.0,65000.0
RET-04329,54,M,Married,GEN,Self-Employed Professional,65000.0,10000.0,55000.0,56000.0
RET-04330,33,M,Unmarried,GEN,Salaried,37000.0,8000.0,29000.0,47000.0
RET-04331,44,F,Married,Minority,Self-Employed Professional,92000.0,5000.0,87000.0,201000.0
RET-04332,26,M,Married,GEN,Salaried,124000.0,16000.0,108000.0,111000.0
RET-04333,45,F,Unmarried,GEN,Self-Employed Professional,51000.0,7000.0,44000.0,69000.0
RET-04334,39,M,Married,GEN,Salaried,101000.0,11000.0,90000.0,162000.0
RET-04335,42,F,Unmarried,OBC,Self-Employed Non-Professional,51000.0,7000.0,44000.0,41000.0
RET-04336,31,M,Married,OBC,Salaried,25000.0,4000.0,21000.0,36000.0
RET-04337,21,F,Married,SC,Self-Employed Professional,96000.0,5000.0,91000.0,242000.0
RET-04338,43,F,Married,GEN,Self-Employed Non-Professional,254000.0,26000.0,228000.0,539000.0
RET-04339,21,M,Unmarried,OBC,Self-Employed Professional,36000.0,2000.0,34000.0,60000.0
RET-04340,34,M,Unmarried,OBC,Salaried,81000.0,11000.0,70000.0,57000.0
RET-04341,47,F,Unmarried,OBC,Salaried,160000.0,40000.0,120000.0,67000.0
RET-04342,39,F,Unmarried,GEN,Salaried,69000.0,10000.0,59000.0,39000.0
RET-04343,57,F,Married,SC,Salaried,31000.0,6000.0,25000.0,59000.0
RET-04344,48,F,Married,GEN,Salaried,75000.0,17000.0,58000.0,131000.0
RET-04345,31,M,Married,GEN,Salaried,179000.0,43000.0,136000.0,322000.0
RET-04346,38,M,Married,GEN,Self-Employed Professional,54000.0,5000.0,49000.0,62000.0
RET-04347,37,M,Unmarried,GEN,Salaried,84000.0,21000.0,63000.0,46000.0
RET-04348,22,F,Married,GEN,Self-Employed Non-Professional,39000.0,4000.0,35000.0,80000.0
RET-04349,28,M,Unmarried,OBC,Salaried,69000.0,13000.0,56000.0,157000.0
RET-04350,32,M,Unmarried,ST,Self-Employed Professional,92000.0,11000.0,81000.0,132000.0
RET-04351,21,F,Married,OBC,Salaried,79000.0,12000.0,67000.0,162000.0
RET-04352,38,F,Unmarried,GEN,Self-Employed Non-Professional,56000.0,8000.0,48000.0,111000.0
RET-04353,35,M,Married,SC,Salaried,95000.0,18000.0,77000.0,203000.0
RET-04354,21,M,Unmarried,OBC,Salaried,109000.0,16000.0,93000.0,53000.0
RET-04355,42,M,Married,GEN,Salaried,114000.0,25000.0,89000.0,257000.0
RET-04356,45,M,Married,OBC,Salaried,61000.0,8000.0,53000.0,141000.0
RET-04357,40,F,Married,OBC,Salaried,50000.0,11000.0,39000.0,105000.0
RET-04358,34,M,Unmarried,GEN,Self-Employed Professional,237000.0,23000.0,214000.0,640000.0
RET-04359,43,F,Unmarried,GEN,Salaried,79000.0,10000.0,69000.0,145000.0
RET-04360,44,F,Married,GEN,Self-Employed Professional,63000.0,9000.0,54000.0,38000.0
RET-04361,41,M,Unmarried,Minority,Self-Employed Professional,30000.0,4000.0,26000.0,66000.0
RET-04362,29,M,Married,GEN,Self-Employed Non-Professional,42000.0,4000.0,38000.0,32000.0
RET-04363,40,M,Unmarried,GEN,Salaried,50000.0,11000.0,39000.0,91000.0
RET-04364,49,M,Married,GEN,Salaried,95000.0,13000.0,82000.0,128000.0
RET-04365,32,M,Married,ST,Salaried,59000.0,7000.0,52000.0,27000.0
RET-04366,58,F,Unmarried,GEN,Salaried,74000.0,9000.0,65000.0,103000.0
RET-04367,32,M,Married,SC,Salaried,31000.0,7000.0,24000.0,60000.0
RET-04368,38,F,Married,OBC,Salaried,170000.0,39000.0,131000.0,94000.0
RET-04369,31,M,Married,OBC,Salaried,47000.0,7000.0,40000.0,20000.0
RET-04370,40,M,Married,SC,Self-Employed Professional,84000.0,10000.0,74000.0,121000.0
RET-04371,21,F,Married,GEN,Salaried,53000.0,6000.0,47000.0,24000.0
RET-04372,32,M,Unmarried,Minority,Salaried,60000.0,8000.0,52000.0,148000.0
RET-04373,27,M,Married,SC,Salaried,45000.0,11000.0,34000.0,87000.0
RET-04374,39,M,Married,Minority,Salaried,87000.0,11000.0,76000.0,158000.0
RET-04375,47,M,Married,SC,Self-Employed Professional,41000.0,5000.0,36000.0,20000.0
RET-04376,44,F,Unmarried,ST,Self-Employed Professional,88000.0,6000.0,82000.0,158000.0
RET-04377,21,M,Unmarried,GEN,Self-Employed Non-Professional,68000.0,8000.0,60000.0,131000.0
RET-04378,58,M,Unmarried,GEN,Self-Employed Professional,107000.0,10000.0,97000.0,191000.0
RET-04379,40,M,Married,GEN,Salaried,113000.0,19000.0,94000.0,270000.0
RET-04380,30,F,Married,GEN,Salaried,60000.0,12000.0,48000.0,124000.0
RET-04381,39,M,Unmarried,OBC,Self-Employed Non-Professional,91000.0,8000.0,83000.0,117000.0
RET-04382,39,M,Unmarried,GEN,Self-Employed Professional,56000.0,4000.0,52000.0,116000.0
RET-04383,31,M,Married,GEN,Self-Employed Professional,161000.0,22000.0,139000.0,230000.0
RET-04384,39,M,Married,SC,Self-Employed Professional,59000.0,7000.0,52000.0,147000.0
RET-04385,31,M,Married,Minority,Salaried,65000.0,8000.0,57000.0,117000.0
RET-04386,33,M,Married,SC,Self-Employed Non-Professional,55000.0,5000.0,50000.0,98000.0
RET-04387,31,M,Unmarried,SC,Salaried,47000.0,10000.0,37000.0,65000.0
RET-04388,23,M,Married,OBC,Salaried,248000.0,49000.0,199000.0,287000.0
RET-04389,39,M,Married,ST,Salaried,98000.0,19000.0,79000.0,69000.0
RET-04390,43,F,Married,GEN,Salaried,76000.0,15000.0,61000.0,72000.0
RET-04391,43,F,Married,Minority,Salaried,55000.0,13000.0,42000.0,56000.0
RET-04392,46,M,Married,GEN,Salaried,143000.0,22000.0,121000.0,107000.0
RET-04393,41,M,Married,SC,Salaried,53000.0,10000.0,43000.0,109000.0
RET-04394,32,M,Unmarried,OBC,Salaried,79000.0,16000.0,63000.0,32000.0
RET-04395,46,F,Married,OBC,Salaried,274000.0,52000.0,222000.0,619000.0
RET-04396,24,M,Married,OBC,Self-Employed Professional,41000.0,4000.0,37000.0,30000.0
RET-04397,28,F,Married,SC,Self-Employed Professional,101000.0,6000.0,95000.0,60000.0
RET-04398,28,M,Married,ST,Salaried,87000.0,14000.0,73000.0,218000.0
RET-04399,48,M,Married,GEN,Self-Employed Professional,100000.0,13000.0,87000.0,261000.0
RET-04400,47,F,Married,GEN,Salaried,62000.0,11000.0,51000.0,50000.0
RET-04401,42,F,Unmarried,GEN,Salaried,51000.0,9000.0,42000.0,35000.0
RET-04402,48,F,Married,GEN,Salaried,84000.0,16000.0,68000.0,68000.0
RET-04403,29,M,Unmarried,GEN,Salaried,56000.0,8000.0,48000.0,85000.0
RET-04404,41,M,Married,OBC,Self-Employed Professional,25000.0,3000.0,22000.0,29000.0
RET-04405,36,M,Married,GEN,Salaried,45000.0,5000.0,40000.0,54000.0
RET-04406,46,M,Unmarried,SC,Salaried,60000.0,14000.0,46000.0,116000.0
RET-04407,36,M,Married,GEN,Salaried,38000.0,8000.0,30000.0,82000.0
RET-04408,34,M,Married,OBC,Self-Employed Non-Professional,80000.0,6000.0,74000.0,216000.0
RET-04409,43,M,Married,GEN,Salaried,46000.0,6000.0,40000.0,71000.0
RET-04410,46,M,Married,SC,Self-Employed Non-Professional,71000.0,6000.0,65000.0,72000.0
RET-04411,31,F,Married,SC,Self-Employed Non-Professional,269000.0,16000.0,253000.0,477000.0
RET-04412,37,F,Married,GEN,Self-Employed Professional,153000.0,10000.0,143000.0,383000.0
RET-04413,27,M,Unmarried,GEN,Self-Employed Non-Professional,104000.0,7000.0,97000.0,56000.0
RET-04414,21,M,Unmarried,GEN,Salaried,217000.0,30000.0,187000.0,520000.0
RET-04415,40,M,Married,SC,Salaried,70000.0,16000.0,54000.0,58000.0
RET-04416,44,F,Married,OBC,Self-Employed Non-Professional,70000.0,6000.0,64000.0,82000.0
RET-04417,40,M,Married,OBC,Salaried,39000.0,8000.0,31000.0,44000.0
RET-04418,21,F,Married,GEN,Salaried,157000.0,24000.0,133000.0,370000.0
RET-04419,34,F,Unmarried,GEN,Salaried,237000.0,35000.0,202000.0,190000.0
RET-04420,21,M,Married,GEN,Self-Employed Professional,126000.0,8000.0,118000.0,125000.0
RET-04421,51,M,Married,GEN,Salaried,172000.0,35000.0,137000.0,319000.0
RET-04422,27,F,Unmarried,GEN,Salaried,25000.0,6000.0,19000.0,54000.0
RET-04423,50,M,Unmarried,GEN,Self-Employed Non-Professional,298000.0,37000.0,261000.0,199000.0
RET-04424,47,M,Unmarried,OBC,Salaried,69000.0,14000.0,55000.0,99000.0
RET-04425,28,F,Unmarried,GEN,Salaried,301000.0,42000.0,259000.0,722000.0
RET-04426,26,M,Unmarried,GEN,Salaried,207000.0,38000.0,169000.0,459000.0
RET-04427,41,F,Married,OBC,Salaried,116000.0,21000.0,95000.0,273000.0
RET-04428,29,F,Married,OBC,Salaried,60000.0,10000.0,50000.0,138000.0
RET-04429,39,F,Married,OBC,Salaried,80000.0,14000.0,66000.0,85000.0
RET-04430,33,M,Married,GEN,Self-Employed Professional,25000.0,4000.0,21000.0,21000.0
RET-04431,21,M,Unmarried,SC,Self-Employed Professional,128000.0,19000.0,109000.0,300000.0
RET-04432,21,M,Married,Minority,Salaried,25000.0,6000.0,19000.0,43000.0
RET-04433,40,F,Married,GEN,Self-Employed Non-Professional,61000.0,5000.0,56000.0,81000.0
RET-04434,32,F,Married,GEN,Salaried,185000.0,28000.0,157000.0,358000.0
RET-04435,32,M,Married,ST,Salaried,113000.0,14000.0,99000.0,126000.0
RET-04436,44,M,Unmarried,Minority,Self-Employed Non-Professional,29000.0,1000.0,28000.0,55000.0
RET-04437,49,M,Married,GEN,Salaried,33000.0,6000.0,27000.0,29000.0
RET-04438,35,F,Married,GEN,Self-Employed Professional,51000.0,3000.0,48000.0,91000.0
RET-04439,34,F,Married,SC,Salaried,77000.0,11000.0,66000.0,185000.0
RET-04440,43,F,Unmarried,GEN,Salaried,124000.0,20000.0,104000.0,253000.0
RET-04441,24,F,Unmarried,Minority,Self-Employed Professional,105000.0,11000.0,94000.0,201000.0
RET-04442,40,F,Married,GEN,Salaried,39000.0,10000.0,29000.0,32000.0
RET-04443,43,F,Unmarried,ST,Salaried,106000.0,22000.0,84000.0,55000.0
RET-04444,44,M,Unmarried,GEN,Salaried,113000.0,24000.0,89000.0,203000.0
RET-04445,21,M,Unmarried,GEN,Salaried,98000.0,20000.0,78000.0,151000.0
RET-04446,30,F,Unmarried,Minority,Self-Employed Non-Professional,323000.0,34000.0,289000.0,298000.0
RET-04447,29,M,Unmarried,GEN,Self-Employed Non-Professional,113000.0,12000.0,101000.0,287000.0
RET-04448,38,M,Married,GEN,Self-Employed Professional,131000.0,19000.0,112000.0,211000.0
RET-04449,42,M,Unmarried,ST,Salaried,225000.0,48000.0,177000.0,342000.0
RET-04450,52,M,Unmarried,GEN,Salaried,122000.0,24000.0,98000.0,122000.0
RET-04451,33,M,Unmarried,GEN,Self-Employed Professional,53000.0,7000.0,46000.0,124000.0
RET-04452,33,M,Unmarried,GEN,Salaried,154000.0,38000.0,116000.0,317000.0
RET-04453,49,M,Married,OBC,Salaried,57000.0,10000.0,47000.0,108000.0
RET-04454,40,M,Married,OBC,Self-Employed Non-Professional,41000.0,4000.0,37000.0,28000.0
RET-04455,50,M,Married,ST,Salaried,43000.0,9000.0,34000.0,24000.0
RET-04456,40,F,Unmarried,OBC,Self-Employed Professional,153000.0,12000.0,141000.0,236000.0
RET-04457,26,M,Married,GEN,Salaried,106000.0,19000.0,87000.0,74000.0
RET-04458,24,M,Married,GEN,Self-Employed Professional,138000.0,15000.0,123000.0,164000.0
RET-04459,22,M,Married,SC,Salaried,106000.0,11000.0,95000.0,88000.0
RET-04460,44,M,Married,OBC,Self-Employed Non-Professional,82000.0,7000.0,75000.0,96000.0
RET-04461,49,M,Unmarried,Minority,Salaried,89000.0,17000.0,72000.0,206000.0
RET-04462,56,F,Unmarried,Minority,Self-Employed Non-Professional,104000.0,5000.0,99000.0,236000.0
RET-04463,46,F,Unmarried,GEN,Salaried,51000.0,8000.0,43000.0,36000.0
RET-04464,49,M,Married,OBC,Self-Employed Professional,34000.0,2000.0,32000.0,70000.0
RET-04465,32,M,Unmarried,OBC,Self-Employed Non-Professional,55000.0,5000.0,50000.0,29000.0
RET-04466,26,M,Married,GEN,Salaried,101000.0,24000.0,77000.0,228000.0
RET-04467,46,F,Married,GEN,Salaried,50000.0,11000.0,39000.0,71000.0
RET-04468,42,F,Unmarried,ST,Self-Employed Non-Professional,262000.0,26000.0,236000.0,416000.0
RET-04469,39,M,Unmarried,OBC,Salaried,95000.0,11000.0,84000.0,92000.0
RET-04470,41,M,Unmarried,OBC,Self-Employed Professional,79000.0,6000.0,73000.0,120000.0
RET-04471,41,F,Married,OBC,Salaried,51000.0,12000.0,39000.0,71000.0
RET-04472,50,F,Married,SC,Self-Employed Professional,127000.0,11000.0,116000.0,249000.0
RET-04473,50,M,Married,GEN,Salaried,35000.0,4000.0,31000.0,19000.0
RET-04474,43,F,Married,OBC,Self-Employed Professional,88000.0,10000.0,78000.0,106000.0
RET-04475,46,M,Married,GEN,Salaried,56000.0,14000.0,42000.0,62000.0
RET-04476,43,M,Married,ST,Salaried,79000.0,17000.0,62000.0,54000.0
RET-04477,33,F,Married,OBC,Salaried,98000.0,16000.0,82000.0,90000.0
RET-04478,45,M,Married,Minority,Self-Employed Professional,37000.0,5000.0,32000.0,35000.0
RET-04479,24,F,Unmarried,GEN,Salaried,27000.0,6000.0,21000.0,53000.0
RET-04480,48,M,Unmarried,Minority,Salaried,42000.0,5000.0,37000.0,82000.0
RET-04481,26,M,Unmarried,ST,Self-Employed Professional,124000.0,6000.0,118000.0,331000.0
RET-04482,40,M,Married,OBC,Salaried,91000.0,21000.0,70000.0,89000.0
RET-04483,29,M,Married,GEN,Self-Employed Non-Professional,57000.0,4000.0,53000.0,143000.0
RET-04484,43,M,Married,GEN,Self-Employed Professional,238000.0,26000.0,212000.0,564000.0
RET-04485,37,F,Married,SC,Salaried,158000.0,21000.0,137000.0,222000.0
RET-04486,22,M,Married,OBC,Salaried,137000.0,31000.0,106000.0,220000.0
RET-04487,42,F,Married,GEN,Self-Employed Professional,47000.0,6000.0,41000.0,82000.0
RET-04488,32,M,Unmarried,OBC,Salaried,136000.0,25000.0,111000.0,141000.0
RET-04489,46,F,Married,OBC,Self-Employed Non-Professional,90000.0,10000.0,80000.0,92000.0
RET-04490,38,M,Unmarried,GEN,Salaried,47000.0,6000.0,41000.0,38000.0
RET-04491,41,M,Unmarried,GEN,Salaried,69000.0,17000.0,52000.0,135000.0
RET-04492,28,M,Married,GEN,Salaried,39000.0,7000.0,32000.0,59000.0
RET-04493,32,M,Married,GEN,Self-Employed Non-Professional,48000.0,6000.0,42000.0,57000.0
RET-04494,33,M,Unmarried,GEN,Self-Employed Professional,37000.0,3000.0,34000.0,60000.0
RET-04495,46,M,Married,SC,Salaried,130000.0,32000.0,98000.0,69000.0
RET-04496,54,F,Married,GEN,Self-Employed Non-Professional,70000.0,10000.0,60000.0,46000.0
RET-04497,29,F,Unmarried,GEN,Salaried,42000.0,7000.0,35000.0,84000.0
RET-04498,48,F,Unmarried,GEN,Self-Employed Professional,100000.0,14000.0,86000.0,237000.0
RET-04499,21,M,Unmarried,Minority,Self-Employed Professional,73000.0,6000.0,67000.0,87000.0
RET-04500,26,F,Married,GEN,Self-Employed Non-Professional,137000.0,13000.0,124000.0,189000.0
RET-04501,28,F,Married,Minority,Salaried,79000.0,18000.0,61000.0,87000.0
RET-04502,24,M,Married,GEN,Salaried,31000.0,7000.0,24000.0,41000.0
RET-04503,22,M,Married,GEN,Self-Employed Professional,54000.0,6000.0,48000.0,74000.0
RET-04504,42,M,Married,OBC,Salaried,37000.0,6000.0,31000.0,45000.0
RET-04505,35,M,Married,OBC,Salaried,103000.0,22000.0,81000.0,174000.0
RET-04506,41,M,Unmarried,SC,Self-Employed Professional,140000.0,20000.0,120000.0,142000.0
RET-04507,44,M,Unmarried,ST,Self-Employed Professional,29000.0,4000.0,25000.0,71000.0
RET-04508,40,F,Unmarried,GEN,Salaried,68000.0,15000.0,53000.0,67000.0
RET-04509,44,M,Unmarried,OBC,Salaried,146000.0,33000.0,113000.0,117000.0
RET-04510,37,M,Married,OBC,Salaried,29000.0,4000.0,25000.0,73000.0
RET-04511,26,F,Married,ST,Self-Employed Professional,56000.0,6000.0,50000.0,54000.0
RET-04512,48,F,Unmarried,GEN,Self-Employed Professional,73000.0,5000.0,68000.0,125000.0
RET-04513,32,F,Unmarried,GEN,Self-Employed Non-Professional,139000.0,19000.0,120000.0,159000.0
RET-04514,28,M,Married,OBC,Self-Employed Professional,101000.0,15000.0,86000.0,60000.0
RET-04515,36,M,Married,Minority,Self-Employed Professional,115000.0,7000.0,108000.0,311000.0
RET-04516,28,M,Unmarried,GEN,Salaried,105000.0,17000.0,88000.0,126000.0
RET-04517,33,M,Married,GEN,Salaried,58000.0,7000.0,51000.0,108000.0
RET-04518,41,M,Married,GEN,Self-Employed Professional,196000.0,24000.0,172000.0,457000.0
RET-04519,41,M,Married,SC,Salaried,49000.0,6000.0,43000.0,81000.0
RET-04520,29,F,Unmarried,GEN,Self-Employed Non-Professional,25000.0,2000.0,23000.0,52000.0
RET-04521,33,M,Married,GEN,Self-Employed Non-Professional,25000.0,2000.0,23000.0,57000.0
RET-04522,48,M,Unmarried,OBC,Salaried,68000.0,10000.0,58000.0,84000.0
RET-04523,42,M,Married,GEN,Salaried,60000.0,8000.0,52000.0,108000.0
RET-04524,58,F,Married,GEN,Salaried,53000.0,9000.0,44000.0,45000.0
RET-04525,49,M,Unmarried,GEN,Self-Employed Professional,80000.0,7000.0,73000.0,47000.0
RET-04526,49,M,Married,GEN,Self-Employed Professional,150000.0,14000.0,136000.0,403000.0
RET-04527,24,M,Married,GEN,Salaried,96000.0,12000.0,84000.0,61000.0
RET-04528,45,M,Married,GEN,Self-Employed Non-Professional,108000.0,15000.0,93000.0,146000.0
RET-04529,37,M,Unmarried,GEN,Self-Employed Professional,38000.0,4000.0,34000.0,23000.0
RET-04530,32,M,Married,SC,Salaried,54000.0,13000.0,41000.0,115000.0
RET-04531,39,M,Married,GEN,Salaried,111000.0,12000.0,99000.0,77000.0
RET-04532,47,F,Unmarried,OBC,Salaried,78000.0,19000.0,59000.0,146000.0
RET-04533,43,M,Married,GEN,Salaried,97000.0,13000.0,84000.0,192000.0
RET-04534,29,F,Married,GEN,Salaried,106000.0,24000.0,82000.0,50000.0
RET-04535,45,M,Unmarried,ST,Salaried,81000.0,9000.0,72000.0,166000.0
RET-04536,31,M,Married,GEN,Self-Employed Non-Professional,189000.0,14000.0,175000.0,512000.0
RET-04537,40,M,Married,GEN,Salaried,53000.0,12000.0,41000.0,74000.0
RET-04538,34,M,Married,ST,Salaried,45000.0,5000.0,40000.0,49000.0
RET-04539,35,M,Unmarried,OBC,Salaried,25000.0,3000.0,22000.0,41000.0
RET-04540,45,M,Married,SC,Self-Employed Professional,115000.0,10000.0,105000.0,84000.0
RET-04541,27,F,Married,OBC,Self-Employed Professional,52000.0,7000.0,45000.0,130000.0
RET-04542,57,F,Unmarried,GEN,Self-Employed Non-Professional,156000.0,20000.0,136000.0,192000.0
RET-04543,21,F,Married,Minority,Self-Employed Professional,85000.0,6000.0,79000.0,130000.0
RET-04544,32,M,Married,Minority,Salaried,60000.0,13000.0,47000.0,71000.0
RET-04545,41,M,Married,GEN,Salaried,39000.0,6000.0,33000.0,19000.0
RET-04546,43,M,Unmarried,SC,Self-Employed Professional,122000.0,12000.0,110000.0,64000.0
RET-04547,36,M,Married,GEN,Salaried,71000.0,7000.0,64000.0,122000.0
RET-04548,37,M,Unmarried,OBC,Self-Employed Professional,86000.0,11000.0,75000.0,132000.0
RET-04549,42,M,Unmarried,GEN,Salaried,105000.0,17000.0,88000.0,261000.0
RET-04550,35,F,Married,OBC,Self-Employed Non-Professional,86000.0,5000.0,81000.0,94000.0
RET-04551,51,M,Married,GEN,Salaried,44000.0,10000.0,34000.0,48000.0
RET-04552,46,M,Unmarried,OBC,Salaried,100000.0,14000.0,86000.0,255000.0
RET-04553,46,M,Married,GEN,Salaried,120000.0,21000.0,99000.0,61000.0
RET-04554,28,M,Married,GEN,Self-Employed Professional,91000.0,5000.0,86000.0,181000.0
RET-04555,37,F,Married,OBC,Salaried,107000.0,26000.0,81000.0,61000.0
RET-04556,34,M,Married,ST,Salaried,113000.0,22000.0,91000.0,261000.0
RET-04557,27,F,Married,GEN,Salaried,58000.0,12000.0,46000.0,56000.0
RET-04558,41,M,Married,ST,Salaried,56000.0,10000.0,46000.0,117000.0
RET-04559,32,M,Married,GEN,Salaried,278000.0,40000.0,238000.0,661000.0
RET-04560,44,F,Married,SC,Salaried,162000.0,21000.0,141000.0,369000.0
RET-04561,27,M,Unmarried,OBC,Self-Employed Non-Professional,71000.0,8000.0,63000.0,119000.0
RET-04562,55,M,Unmarried,ST,Self-Employed Professional,110000.0,7000.0,103000.0,302000.0
RET-04563,29,M,Married,OBC,Salaried,42000.0,6000.0,36000.0,79000.0
RET-04564,40,M,Married,OBC,Salaried,51000.0,9000.0,42000.0,104000.0
RET-04565,45,F,Married,GEN,Salaried,35000.0,6000.0,29000.0,32000.0
RET-04566,32,F,Married,Minority,Salaried,87000.0,17000.0,70000.0,108000.0
RET-04567,46,F,Married,SC,Self-Employed Professional,87000.0,7000.0,80000.0,160000.0
RET-04568,25,M,Married,GEN,Salaried,140000.0,20000.0,120000.0,104000.0
RET-04569,52,M,Unmarried,GEN,Self-Employed Non-Professional,64000.0,5000.0,59000.0,172000.0
RET-04570,38,M,Married,SC,Salaried,139000.0,20000.0,119000.0,92000.0
RET-04571,32,F,Married,Minority,Salaried,108000.0,21000.0,87000.0,203000.0
RET-04572,35,F,Married,GEN,Self-Employed Non-Professional,320000.0,29000.0,291000.0,188000.0
RET-04573,46,M,Married,Minority,Salaried,199000.0,22000.0,177000.0,134000.0
RET-04574,32,M,Unmarried,GEN,Salaried,179000.0,21000.0,158000.0,325000.0
RET-04575,30,M,Married,Minority,Salaried,121000.0,27000.0,94000.0,153000.0
RET-04576,35,M,Unmarried,OBC,Salaried,43000.0,5000.0,38000.0,19000.0
RET-04577,26,M,Married,GEN,Salaried,87000.0,13000.0,74000.0,110000.0
RET-04578,56,M,Married,GEN,Self-Employed Non-Professional,282000.0,39000.0,243000.0,273000.0
RET-04579,32,M,Unmarried,OBC,Self-Employed Non-Professional,99000.0,6000.0,93000.0,249000.0
RET-04580,46,F,Married,OBC,Self-Employed Non-Professional,45000.0,4000.0,41000.0,93000.0
RET-04581,40,F,Married,Minority,Salaried,89000.0,20000.0,69000.0,162000.0
RET-04582,28,F,Unmarried,SC,Self-Employed Non-Professional,40000.0,3000.0,37000.0,106000.0
RET-04583,37,M,Married,OBC,Self-Employed Professional,44000.0,3000.0,41000.0,93000.0
RET-04584,45,M,Unmarried,Minority,Salaried,94000.0,10000.0,84000.0,76000.0
RET-04585,36,M,Married,OBC,Salaried,114000.0,16000.0,98000.0,279000.0
RET-04586,49,M,Married,SC,Self-Employed Professional,45000.0,7000.0,38000.0,30000.0
RET-04587,48,M,Married,SC,Self-Employed Professional,52000.0,6000.0,46000.0,45000.0
RET-04588,47,F,Unmarried,Minority,Salaried,31000.0,5000.0,26000.0,32000.0
RET-04589,33,M,Married,GEN,Salaried,68000.0,13000.0,55000.0,52000.0
RET-04590,27,F,Married,OBC,Self-Employed Non-Professional,25000.0,3000.0,22000.0,12000.0
RET-04591,31,F,Married,GEN,Salaried,61000.0,9000.0,52000.0,86000.0
RET-04592,39,F,Married,GEN,Salaried,77000.0,14000.0,63000.0,140000.0
RET-04593,43,F,Married,GEN,Self-Employed Non-Professional,26000.0,2000.0,24000.0,37000.0
RET-04594,21,M,Married,SC,Salaried,40000.0,7000.0,33000.0,36000.0
RET-04595,37,F,Unmarried,GEN,Self-Employed Non-Professional,71000.0,4000.0,67000.0,181000.0
RET-04596,39,M,Married,GEN,Self-Employed Professional,65000.0,4000.0,61000.0,90000.0
RET-04597,35,F,Married,GEN,Salaried,67000.0,9000.0,58000.0,151000.0
RET-04598,50,M,Married,GEN,Salaried,87000.0,19000.0,68000.0,64000.0
RET-04599,42,M,Married,OBC,Salaried,27000.0,6000.0,21000.0,28000.0
RET-04600,51,M,Unmarried,GEN,Salaried,112000.0,26000.0,86000.0,216000.0
RET-04601,35,M,Married,GEN,Self-Employed Professional,60000.0,6000.0,54000.0,31000.0
RET-04602,47,M,Married,OBC,Salaried,51000.0,7000.0,44000.0,123000.0
RET-04603,54,M,Married,GEN,Self-Employed Professional,25000.0,3000.0,22000.0,33000.0
RET-04604,51,F,Unmarried,GEN,Self-Employed Professional,62000.0,9000.0,53000.0,156000.0
RET-04605,27,M,Unmarried,ST,Salaried,99000.0,15000.0,84000.0,189000.0
RET-04606,35,M,Married,SC,Self-Employed Non-Professional,80000.0,6000.0,74000.0,213000.0
RET-04607,34,M,Married,GEN,Self-Employed Professional,81000.0,9000.0,72000.0,48000.0
RET-04608,42,M,Married,GEN,Self-Employed Non-Professional,60000.0,9000.0,51000.0,118000.0
RET-04609,44,M,Married,Minority,Salaried,71000.0,9000.0,62000.0,167000.0
RET-04610,29,F,Married,GEN,Self-Employed Professional,38000.0,4000.0,34000.0,101000.0
RET-04611,38,M,Unmarried,OBC,Salaried,73000.0,15000.0,58000.0,34000.0
RET-04612,21,M,Married,OBC,Self-Employed Non-Professional,54000.0,7000.0,47000.0,33000.0
RET-04613,52,M,Unmarried,SC,Salaried,37000.0,5000.0,32000.0,75000.0
RET-04614,32,M,Married,Minority,Salaried,115000.0,12000.0,103000.0,62000.0
RET-04615,38,M,Unmarried,GEN,Salaried,28000.0,4000.0,24000.0,13000.0
RET-04616,34,F,Married,GEN,Salaried,100000.0,14000.0,86000.0,160000.0
RET-04617,49,M,Married,OBC,Salaried,104000.0,22000.0,82000.0,150000.0
RET-04618,21,M,Unmarried,Minority,Salaried,53000.0,11000.0,42000.0,85000.0
RET-04619,37,M,Married,ST,Self-Employed Non-Professional,136000.0,10000.0,126000.0,67000.0
RET-04620,36,M,Married,OBC,Salaried,53000.0,10000.0,43000.0,76000.0
RET-04621,33,F,Unmarried,ST,Salaried,51000.0,12000.0,39000.0,47000.0
RET-04622,55,M,Married,GEN,Self-Employed Non-Professional,36000.0,2000.0,34000.0,81000.0
RET-04623,29,M,Married,GEN,Salaried,73000.0,18000.0,55000.0,75000.0
RET-04624,45,F,Unmarried,GEN,Self-Employed Non-Professional,41000.0,4000.0,37000.0,51000.0
RET-04625,41,M,Unmarried,GEN,Salaried,45000.0,8000.0,37000.0,79000.0
RET-04626,50,F,Unmarried,OBC,Salaried,70000.0,12000.0,58000.0,125000.0
RET-04627,31,M,Married,ST,Salaried,72000.0,17000.0,55000.0,36000.0
RET-04628,30,M,Unmarried,OBC,Self-Employed Non-Professional,155000.0,13000.0,142000.0,293000.0
RET-04629,48,F,Unmarried,OBC,Self-Employed Non-Professional,128000.0,13000.0,115000.0,247000.0
RET-04630,42,F,Unmarried,GEN,Self-Employed Non-Professional,102000.0,7000.0,95000.0,156000.0
RET-04631,22,M,Unmarried,OBC,Salaried,67000.0,9000.0,58000.0,149000.0
RET-04632,32,F,Married,GEN,Self-Employed Non-Professional,57000.0,8000.0,49000.0,26000.0
RET-04633,41,M,Married,OBC,Self-Employed Non-Professional,72000.0,7000.0,65000.0,190000.0
RET-04634,46,M,Married,GEN,Salaried,52000.0,6000.0,46000.0,66000.0
RET-04635,31,M,Unmarried,OBC,Self-Employed Professional,48000.0,4000.0,44000.0,88000.0
RET-04636,21,M,Married,GEN,Self-Employed Non-Professional,70000.0,8000.0,62000.0,36000.0
RET-04637,43,F,Unmarried,OBC,Salaried,43000.0,9000.0,34000.0,77000.0
RET-04638,25,M,Unmarried,GEN,Salaried,45000.0,10000.0,35000.0,65000.0
RET-04639,21,M,Unmarried,GEN,Self-Employed Non-Professional,130000.0,15000.0,115000.0,334000.0
RET-04640,21,F,Unmarried,GEN,Salaried,32000.0,4000.0,28000.0,44000.0
RET-04641,46,M,Unmarried,OBC,Self-Employed Non-Professional,39000.0,2000.0,37000.0,85000.0
RET-04642,39,M,Unmarried,OBC,Salaried,157000.0,29000.0,128000.0,88000.0
RET-04643,35,M,Unmarried,Minority,Salaried,58000.0,7000.0,51000.0,34000.0
RET-04644,51,M,Married,OBC,Salaried,167000.0,19000.0,148000.0,425000.0
RET-04645,44,F,Married,GEN,Self-Employed Professional,36000.0,4000.0,32000.0,36000.0
RET-04646,54,M,Married,SC,Salaried,76000.0,16000.0,60000.0,167000.0
RET-04647,24,M,Married,GEN,Salaried,116000.0,26000.0,90000.0,65000.0
RET-04648,37,F,Married,GEN,Salaried,42000.0,10000.0,32000.0,67000.0
RET-04649,21,M,Unmarried,OBC,Self-Employed Professional,200000.0,22000.0,178000.0,334000.0
RET-04650,35,M,Unmarried,GEN,Self-Employed Non-Professional,58000.0,8000.0,50000.0,146000.0
RET-04651,35,F,Married,GEN,Self-Employed Professional,99000.0,7000.0,92000.0,139000.0
RET-04652,44,M,Unmarried,SC,Self-Employed Professional,49000.0,7000.0,42000.0,26000.0
RET-04653,38,M,Married,SC,Salaried,179000.0,27000.0,152000.0,256000.0
RET-04654,44,M,Married,SC,Salaried,88000.0,21000.0,67000.0,172000.0
RET-04655,45,M,Unmarried,GEN,Salaried,257000.0,34000.0,223000.0,141000.0
RET-04656,59,M,Married,ST,Self-Employed Professional,148000.0,9000.0,139000.0,82000.0
RET-04657,34,M,Unmarried,OBC,Self-Employed Non-Professional,121000.0,15000.0,106000.0,271000.0
RET-04658,28,F,Married,SC,Self-Employed Professional,41000.0,3000.0,38000.0,97000.0
RET-04659,40,M,Married,OBC,Self-Employed Non-Professional,77000.0,7000.0,70000.0,70000.0
RET-04660,29,M,Unmarried,OBC,Self-Employed Non-Professional,60000.0,3000.0,57000.0,122000.0
RET-04661,52,F,Married,GEN,Salaried,74000.0,9000.0,65000.0,43000.0
RET-04662,35,M,Unmarried,OBC,Salaried,80000.0,14000.0,66000.0,159000.0
RET-04663,32,F,Married,OBC,Self-Employed Non-Professional,43000.0,6000.0,37000.0,47000.0
RET-04664,33,M,Married,GEN,Self-Employed Non-Professional,67000.0,9000.0,58000.0,62000.0
RET-04665,45,M,Unmarried,OBC,Salaried,69000.0,9000.0,60000.0,132000.0
RET-04666,36,F,Unmarried,OBC,Self-Employed Professional,40000.0,3000.0,37000.0,103000.0
RET-04667,31,M,Married,OBC,Salaried,118000.0,29000.0,89000.0,54000.0
RET-04668,54,F,Married,GEN,Salaried,84000.0,20000.0,64000.0,55000.0
RET-04669,29,M,Unmarried,GEN,Self-Employed Non-Professional,119000.0,7000.0,112000.0,128000.0
RET-04670,38,M,Married,GEN,Self-Employed Non-Professional,98000.0,14000.0,84000.0,237000.0
RET-04671,44,M,Married,SC,Salaried,26000.0,3000.0,23000.0,62000.0
RET-04672,21,M,Unmarried,GEN,Salaried,44000.0,10000.0,34000.0,94000.0
RET-04673,42,F,Married,GEN,Self-Employed Non-Professional,197000.0,28000.0,169000.0,244000.0
RET-04674,27,M,Married,Minority,Salaried,117000.0,17000.0,100000.0,108000.0
RET-04675,46,F,Married,GEN,Salaried,28000.0,4000.0,24000.0,23000.0
RET-04676,28,M,Unmarried,OBC,Salaried,97000.0,22000.0,75000.0,203000.0
RET-04677,44,M,Married,Minority,Salaried,44000.0,11000.0,33000.0,36000.0
RET-04678,49,M,Unmarried,OBC,Self-Employed Professional,25000.0,2000.0,23000.0,42000.0
RET-04679,46,M,Married,SC,Salaried,198000.0,44000.0,154000.0,205000.0
RET-04680,40,M,Married,Minority,Salaried,77000.0,15000.0,62000.0,108000.0
RET-04681,35,M,Married,ST,Self-Employed Non-Professional,83000.0,4000.0,79000.0,108000.0
RET-04682,32,M,Married,OBC,Self-Employed Non-Professional,34000.0,5000.0,29000.0,36000.0
RET-04683,52,F,Married,GEN,Salaried,37000.0,4000.0,33000.0,52000.0
RET-04684,31,F,Married,GEN,Salaried,28000.0,3000.0,25000.0,33000.0
RET-04685,27,M,Unmarried,SC,Salaried,171000.0,35000.0,136000.0,353000.0
RET-04686,44,M,Unmarried,ST,Salaried,27000.0,4000.0,23000.0,45000.0
RET-04687,30,M,Married,SC,Salaried,193000.0,33000.0,160000.0,150000.0
RET-04688,28,M,Unmarried,OBC,Salaried,40000.0,9000.0,31000.0,34000.0
RET-04689,23,M,Unmarried,GEN,Self-Employed Non-Professional,35000.0,3000.0,32000.0,20000.0
RET-04690,33,M,Married,GEN,Self-Employed Non-Professional,71000.0,7000.0,64000.0,80000.0
RET-04691,37,F,Married,GEN,Self-Employed Non-Professional,49000.0,3000.0,46000.0,100000.0
RET-04692,40,M,Married,SC,Self-Employed Professional,78000.0,4000.0,74000.0,71000.0
RET-04693,47,M,Married,GEN,Self-Employed Professional,43000.0,6000.0,37000.0,28000.0
RET-04694,43,M,Married,GEN,Salaried,61000.0,7000.0,54000.0,70000.0
RET-04695,36,F,Married,SC,Salaried,46000.0,5000.0,41000.0,83000.0
RET-04696,36,M,Married,GEN,Self-Employed Professional,123000.0,14000.0,109000.0,183000.0
RET-04697,43,F,Unmarried,Minority,Self-Employed Professional,99000.0,12000.0,87000.0,116000.0
RET-04698,50,F,Unmarried,GEN,Salaried,85000.0,12000.0,73000.0,198000.0
RET-04699,39,F,Married,Minority,Salaried,138000.0,22000.0,116000.0,194000.0
RET-04700,33,F,Unmarried,GEN,Self-Employed Non-Professional,86000.0,9000.0,77000.0,126000.0
RET-04701,28,M,Married,GEN,Salaried,81000.0,17000.0,64000.0,37000.0
RET-04702,23,M,Unmarried,OBC,Salaried,68000.0,9000.0,59000.0,124000.0
RET-04703,44,M,Married,ST,Salaried,48000.0,10000.0,38000.0,63000.0
RET-04704,43,M,Married,GEN,Salaried,48000.0,6000.0,42000.0,36000.0
RET-04705,43,M,Married,OBC,Salaried,80000.0,20000.0,60000.0,67000.0
RET-04706,36,M,Married,Minority,Salaried,135000.0,19000.0,116000.0,117000.0
RET-04707,52,M,Married,GEN,Self-Employed Professional,103000.0,7000.0,96000.0,77000.0
RET-04708,33,F,Married,SC,Salaried,103000.0,13000.0,90000.0,143000.0
RET-04709,47,M,Married,GEN,Self-Employed Professional,38000.0,4000.0,34000.0,48000.0
RET-04710,37,M,Married,GEN,Salaried,100000.0,22000.0,78000.0,109000.0
RET-04711,31,F,Unmarried,GEN,Salaried,58000.0,9000.0,49000.0,55000.0
RET-04712,43,M,Married,GEN,Self-Employed Non-Professional,81000.0,7000.0,74000.0,118000.0
RET-04713,42,F,Unmarried,GEN,Self-Employed Professional,102000.0,7000.0,95000.0,178000.0
RET-04714,41,F,Unmarried,GEN,Self-Employed Professional,37000.0,2000.0,35000.0,71000.0
RET-04715,38,M,Married,GEN,Salaried,80000.0,11000.0,69000.0,72000.0
RET-04716,37,M,Married,OBC,Salaried,84000.0,14000.0,70000.0,162000.0
RET-04717,61,M,Unmarried,OBC,Self-Employed Non-Professional,133000.0,18000.0,115000.0,65000.0
RET-04718,49,F,Married,OBC,Salaried,54000.0,9000.0,45000.0,107000.0
RET-04719,45,M,Unmarried,GEN,Self-Employed Non-Professional,70000.0,10000.0,60000.0,72000.0
RET-04720,39,M,Married,Minority,Salaried,81000.0,13000.0,68000.0,97000.0
RET-04721,48,F,Married,GEN,Self-Employed Professional,54000.0,8000.0,46000.0,90000.0
RET-04722,43,M,Married,GEN,Self-Employed Professional,53000.0,6000.0,47000.0,95000.0
RET-04723,38,F,Married,OBC,Salaried,52000.0,5000.0,47000.0,73000.0
RET-04724,34,F,Unmarried,OBC,Salaried,68000.0,10000.0,58000.0,165000.0
RET-04725,37,F,Unmarried,GEN,Self-Employed Professional,209000.0,31000.0,178000.0,471000.0
RET-04726,21,F,Unmarried,GEN,Self-Employed Non-Professional,69000.0,6000.0,63000.0,67000.0
RET-04727,40,M,Married,SC,Salaried,98000.0,15000.0,83000.0,164000.0
RET-04728,33,F,Married,OBC,Salaried,75000.0,17000.0,58000.0,134000.0
RET-04729,53,M,Married,GEN,Salaried,61000.0,15000.0,46000.0,48000.0
RET-04730,38,M,Unmarried,Minority,Salaried,72000.0,16000.0,56000.0,31000.0
RET-04731,26,M,Married,GEN,Salaried,116000.0,13000.0,103000.0,303000.0
RET-04732,37,F,Married,OBC,Self-Employed Non-Professional,71000.0,6000.0,65000.0,188000.0
RET-04733,27,F,Unmarried,GEN,Salaried,66000.0,14000.0,52000.0,68000.0
RET-04734,42,F,Married,GEN,Self-Employed Non-Professional,64000.0,6000.0,58000.0,64000.0
RET-04735,40,M,Married,GEN,Self-Employed Non-Professional,40000.0,2000.0,38000.0,34000.0
RET-04736,47,F,Married,OBC,Salaried,136000.0,32000.0,104000.0,231000.0
RET-04737,30,F,Married,GEN,Salaried,56000.0,12000.0,44000.0,105000.0
RET-04738,38,M,Unmarried,OBC,Self-Employed Non-Professional,177000.0,10000.0,167000.0,259000.0
RET-04739,24,M,Married,Minority,Salaried,85000.0,10000.0,75000.0,83000.0
RET-04740,45,M,Married,SC,Salaried,170000.0,27000.0,143000.0,232000.0
RET-04741,43,M,Married,GEN,Self-Employed Non-Professional,65000.0,9000.0,56000.0,100000.0
RET-04742,42,M,Married,GEN,Salaried,47000.0,9000.0,38000.0,71000.0
RET-04743,38,M,Married,GEN,Salaried,137000.0,27000.0,110000.0,177000.0
RET-04744,42,M,Married,GEN,Salaried,52000.0,12000.0,40000.0,20000.0
RET-04745,54,M,Married,Minority,Self-Employed Non-Professional,158000.0,16000.0,142000.0,238000.0
RET-04746,35,M,Married,Minority,Salaried,103000.0,11000.0,92000.0,126000.0
RET-04747,39,M,Unmarried,GEN,Salaried,176000.0,30000.0,146000.0,276000.0
RET-04748,27,F,Married,GEN,Salaried,41000.0,7000.0,34000.0,23000.0
RET-04749,29,M,Unmarried,Minority,Self-Employed Non-Professional,130000.0,18000.0,112000.0,302000.0
RET-04750,38,M,Married,SC,Self-Employed Professional,47000.0,6000.0,41000.0,110000.0
RET-04751,49,M,Married,OBC,Salaried,25000.0,5000.0,20000.0,38000.0
RET-04752,35,M,Unmarried,GEN,Self-Employed Professional,125000.0,8000.0,117000.0,274000.0
RET-04753,35,F,Married,GEN,Salaried,73000.0,14000.0,59000.0,94000.0
RET-04754,33,M,Married,Minority,Salaried,130000.0,17000.0,113000.0,223000.0
RET-04755,32,M,Married,GEN,Self-Employed Non-Professional,77000.0,9000.0,68000.0,139000.0
RET-04756,40,F,Married,SC,Salaried,74000.0,17000.0,57000.0,79000.0
RET-04757,23,M,Married,GEN,Self-Employed Non-Professional,180000.0,10000.0,170000.0,493000.0
RET-04758,50,M,Married,Minority,Self-Employed Professional,79000.0,4000.0,75000.0,150000.0
RET-04759,31,M,Unmarried,OBC,Salaried,55000.0,14000.0,41000.0,122000.0
RET-04760,45,M,Married,GEN,Self-Employed Professional,69000.0,8000.0,61000.0,96000.0
RET-04761,25,F,Unmarried,GEN,Salaried,80000.0,10000.0,70000.0,41000.0
RET-04762,44,M,Married,OBC,Salaried,25000.0,4000.0,21000.0,26000.0
RET-04763,44,F,Married,GEN,Self-Employed Professional,98000.0,14000.0,84000.0,179000.0
RET-04764,41,F,Unmarried,OBC,Self-Employed Non-Professional,165000.0,12000.0,153000.0,425000.0
RET-04765,28,M,Married,GEN,Salaried,71000.0,13000.0,58000.0,118000.0
RET-04766,40,M,Unmarried,GEN,Self-Employed Non-Professional,57000.0,4000.0,53000.0,89000.0
RET-04767,26,M,Married,OBC,Self-Employed Non-Professional,92000.0,5000.0,87000.0,61000.0
RET-04768,35,M,Married,OBC,Salaried,208000.0,32000.0,176000.0,152000.0
RET-04769,48,M,Unmarried,GEN,Self-Employed Non-Professional,97000.0,5000.0,92000.0,58000.0
RET-04770,45,M,Unmarried,GEN,Salaried,83000.0,13000.0,70000.0,159000.0
RET-04771,38,M,Married,OBC,Salaried,58000.0,9000.0,49000.0,126000.0
RET-04772,28,F,Unmarried,OBC,Self-Employed Non-Professional,38000.0,2000.0,36000.0,33000.0
RET-04773,44,M,Unmarried,GEN,Salaried,74000.0,15000.0,59000.0,77000.0
RET-04774,38,M,Married,GEN,Self-Employed Professional,75000.0,10000.0,65000.0,110000.0
RET-04775,21,F,Unmarried,GEN,Salaried,25000.0,3000.0,22000.0,19000.0
RET-04776,45,M,Unmarried,OBC,Salaried,47000.0,8000.0,39000.0,60000.0
RET-04777,37,M,Married,OBC,Self-Employed Professional,147000.0,20000.0,127000.0,370000.0
RET-04778,50,M,Married,GEN,Salaried,63000.0,6000.0,57000.0,131000.0
RET-04779,27,M,Unmarried,SC,Salaried,25000.0,6000.0,19000.0,17000.0
RET-04780,21,M,Married,GEN,Self-Employed Non-Professional,191000.0,20000.0,171000.0,128000.0
RET-04781,40,M,Married,OBC,Self-Employed Non-Professional,43000.0,5000.0,38000.0,61000.0
RET-04782,40,M,Married,GEN,Salaried,55000.0,6000.0,49000.0,146000.0
RET-04783,21,F,Married,OBC,Salaried,138000.0,18000.0,120000.0,298000.0
RET-04784,28,M,Married,OBC,Salaried,47000.0,6000.0,41000.0,51000.0
RET-04785,65,M,Unmarried,SC,Self-Employed Non-Professional,25000.0,3000.0,22000.0,12000.0
RET-04786,34,M,Unmarried,ST,Salaried,83000.0,17000.0,66000.0,101000.0
RET-04787,45,M,Married,SC,Salaried,118000.0,13000.0,105000.0,95000.0
RET-04788,31,M,Unmarried,SC,Self-Employed Non-Professional,55000.0,4000.0,51000.0,48000.0
RET-04789,21,F,Married,GEN,Salaried,68000.0,10000.0,58000.0,53000.0
RET-04790,36,M,Married,GEN,Salaried,36000.0,7000.0,29000.0,67000.0
RET-04791,35,M,Married,Minority,Salaried,40000.0,4000.0,36000.0,21000.0
RET-04792,34,M,Unmarried,Minority,Self-Employed Non-Professional,60000.0,7000.0,53000.0,101000.0
RET-04793,36,M,Married,OBC,Salaried,108000.0,11000.0,97000.0,231000.0
RET-04794,40,M,Married,GEN,Salaried,78000.0,10000.0,68000.0,61000.0
RET-04795,36,M,Married,ST,Self-Employed Non-Professional,135000.0,10000.0,125000.0,342000.0
RET-04796,25,M,Unmarried,GEN,Self-Employed Non-Professional,197000.0,27000.0,170000.0,118000.0
RET-04797,42,M,Unmarried,GEN,Salaried,124000.0,15000.0,109000.0,241000.0
RET-04798,21,M,Married,OBC,Salaried,28000.0,6000.0,22000.0,20000.0
RET-04799,21,M,Married,GEN,Salaried,62000.0,8000.0,54000.0,136000.0
RET-04800,45,M,Unmarried,GEN,Salaried,124000.0,15000.0,109000.0,210000.0
RET-04801,43,F,Unmarried,SC,Salaried,68000.0,10000.0,58000.0,114000.0
RET-04802,37,M,Married,GEN,Salaried,28000.0,5000.0,23000.0,31000.0
RET-04803,24,F,Unmarried,Minority,Self-Employed Professional,53000.0,4000.0,49000.0,59000.0
RET-04804,30,M,Unmarried,Minority,Salaried,25000.0,4000.0,21000.0,35000.0
RET-04805,35,M,Married,SC,Salaried,62000.0,10000.0,52000.0,125000.0
RET-04806,22,M,Married,Minority,Salaried,48000.0,5000.0,43000.0,40000.0
RET-04807,30,M,Married,OBC,Self-Employed Non-Professional,59000.0,4000.0,55000.0,140000.0
RET-04808,44,M,Unmarried,OBC,Salaried,149000.0,19000.0,130000.0,221000.0
RET-04809,52,M,Married,SC,Self-Employed Professional,33000.0,4000.0,29000.0,47000.0
RET-04810,33,F,Married,GEN,Salaried,48000.0,11000.0,37000.0,20000.0
RET-04811,45,M,Unmarried,GEN,Self-Employed Professional,37000.0,2000.0,35000.0,28000.0
RET-04812,21,M,Unmarried,OBC,Salaried,139000.0,27000.0,112000.0,177000.0
RET-04813,44,M,Married,OBC,Salaried,144000.0,27000.0,117000.0,346000.0
RET-04814,29,F,Married,SC,Self-Employed Professional,91000.0,10000.0,81000.0,91000.0
RET-04815,41,F,Married,OBC,Salaried,88000.0,11000.0,77000.0,40000.0
RET-04816,35,M,Married,OBC,Salaried,36000.0,8000.0,28000.0,45000.0
RET-04817,51,F,Unmarried,OBC,Salaried,82000.0,14000.0,68000.0,37000.0
RET-04818,29,M,Married,GEN,Salaried,37000.0,7000.0,30000.0,40000.0
RET-04819,44,M,Married,GEN,Self-Employed Professional,75000.0,8000.0,67000.0,93000.0
RET-04820,35,M,Unmarried,SC,Salaried,60000.0,8000.0,52000.0,26000.0
RET-04821,36,F,Married,GEN,Salaried,51000.0,11000.0,40000.0,98000.0
RET-04822,36,F,Married,Minority,Salaried,74000.0,11000.0,63000.0,175000.0
RET-04823,29,F,Married,SC,Salaried,110000.0,25000.0,85000.0,255000.0
RET-04824,37,M,Unmarried,OBC,Salaried,212000.0,52000.0,160000.0,284000.0
RET-04825,37,F,Married,Minority,Salaried,102000.0,23000.0,79000.0,100000.0
RET-04826,40,M,Married,OBC,Salaried,287000.0,34000.0,253000.0,580000.0
RET-04827,38,M,Married,GEN,Self-Employed Non-Professional,83000.0,9000.0,74000.0,173000.0
RET-04828,45,M,Unmarried,OBC,Salaried,213000.0,38000.0,175000.0,253000.0
RET-04829,47,M,Married,GEN,Self-Employed Non-Professional,95000.0,10000.0,85000.0,163000.0
RET-04830,27,M,Married,GEN,Self-Employed Non-Professional,84000.0,8000.0,76000.0,194000.0
RET-04831,46,M,Unmarried,GEN,Salaried,66000.0,9000.0,57000.0,55000.0
RET-04832,26,F,Unmarried,SC,Salaried,88000.0,11000.0,77000.0,42000.0
RET-04833,43,M,Unmarried,OBC,Salaried,95000.0,10000.0,85000.0,157000.0
RET-04834,44,M,Married,GEN,Salaried,31000.0,8000.0,23000.0,50000.0
RET-04835,21,F,Unmarried,GEN,Self-Employed Professional,111000.0,13000.0,98000.0,190000.0
RET-04836,38,M,Married,OBC,Self-Employed Professional,30000.0,4000.0,26000.0,52000.0
RET-04837,33,M,Married,GEN,Salaried,111000.0,14000.0,97000.0,144000.0
RET-04838,30,M,Married,GEN,Salaried,105000.0,11000.0,94000.0,200000.0
RET-04839,51,M,Married,SC,Self-Employed Non-Professional,172000.0,13000.0,159000.0,97000.0
RET-04840,31,M,Married,GEN,Salaried,44000.0,9000.0,35000.0,31000.0
RET-04841,29,M,Married,GEN,Self-Employed Non-Professional,40000.0,5000.0,35000.0,56000.0
RET-04842,38,F,Unmarried,GEN,Salaried,142000.0,32000.0,110000.0,314000.0
RET-04843,44,M,Married,OBC,Salaried,38000.0,9000.0,29000.0,61000.0
RET-04844,36,M,Married,SC,Self-Employed Non-Professional,36000.0,2000.0,34000.0,47000.0
RET-04845,49,M,Married,Minority,Salaried,83000.0,10000.0,73000.0,120000.0
RET-04846,43,M,Unmarried,OBC,Self-Employed Professional,71000.0,7000.0,64000.0,167000.0
RET-04847,21,M,Married,GEN,Salaried,80000.0,10000.0,70000.0,130000.0
RET-04848,32,F,Married,GEN,Self-Employed Non-Professional,101000.0,10000.0,91000.0,56000.0
RET-04849,32,F,Married,GEN,Self-Employed Non-Professional,101000.0,13000.0,88000.0,136000.0
RET-04850,42,M,Unmarried,OBC,Salaried,70000.0,10000.0,60000.0,88000.0
RET-04851,21,F,Married,OBC,Salaried,75000.0,17000.0,58000.0,159000.0
RET-04852,63,M,Married,OBC,Self-Employed Professional,70000.0,4000.0,66000.0,83000.0
RET-04853,43,M,Married,GEN,Self-Employed Non-Professional,75000.0,11000.0,64000.0,42000.0
RET-04854,39,M,Unmarried,GEN,Self-Employed Professional,32000.0,5000.0,27000.0,37000.0
RET-04855,49,M,Married,GEN,Self-Employed Non-Professional,115000.0,6000.0,109000.0,66000.0
RET-04856,61,F,Married,SC,Salaried,137000.0,29000.0,108000.0,279000.0
RET-04857,46,M,Married,GEN,Self-Employed Non-Professional,107000.0,11000.0,96000.0,190000.0
RET-04858,47,M,Unmarried,OBC,Salaried,102000.0,17000.0,85000.0,142000.0
RET-04859,39,F,Married,GEN,Salaried,40000.0,8000.0,32000.0,45000.0
RET-04860,36,F,Married,OBC,Salaried,31000.0,5000.0,26000.0,40000.0
RET-04861,33,F,Married,GEN,Self-Employed Professional,120000.0,7000.0,113000.0,279000.0
RET-04862,29,M,Married,GEN,Salaried,74000.0,17000.0,57000.0,54000.0
RET-04863,31,M,Married,GEN,Self-Employed Non-Professional,81000.0,5000.0,76000.0,52000.0
RET-04864,24,M,Married,GEN,Self-Employed Non-Professional,83000.0,7000.0,76000.0,145000.0
RET-04865,37,M,Unmarried,GEN,Self-Employed Professional,85000.0,9000.0,76000.0,201000.0
RET-04866,21,F,Married,SC,Salaried,108000.0,17000.0,91000.0,173000.0
RET-04867,39,F,Unmarried,GEN,Salaried,69000.0,12000.0,57000.0,142000.0
RET-04868,37,F,Married,GEN,Salaried,25000.0,3000.0,22000.0,60000.0
RET-04869,39,M,Unmarried,OBC,Self-Employed Professional,111000.0,6000.0,105000.0,73000.0
RET-04870,32,F,Married,OBC,Salaried,103000.0,15000.0,88000.0,174000.0
RET-04871,65,F,Married,GEN,Self-Employed Professional,34000.0,3000.0,31000.0,80000.0
RET-04872,51,M,Married,OBC,Salaried,36000.0,7000.0,29000.0,61000.0
RET-04873,25,M,Unmarried,SC,Self-Employed Professional,124000.0,15000.0,109000.0,216000.0
RET-04874,40,F,Unmarried,GEN,Salaried,143000.0,35000.0,108000.0,267000.0
RET-04875,31,M,Married,OBC,Self-Employed Professional,25000.0,2000.0,23000.0,52000.0
RET-04876,27,F,Married,GEN,Salaried,95000.0,14000.0,81000.0,142000.0
RET-04877,24,M,Married,GEN,Salaried,64000.0,16000.0,48000.0,29000.0
RET-04878,42,F,Married,Minority,Self-Employed Non-Professional,76000.0,8000.0,68000.0,138000.0
RET-04879,31,F,Married,GEN,Salaried,79000.0,18000.0,61000.0,63000.0
RET-04880,47,M,Married,GEN,Self-Employed Non-Professional,46000.0,7000.0,39000.0,44000.0
RET-04881,47,F,Married,Minority,Salaried,108000.0,12000.0,96000.0,211000.0
RET-04882,51,M,Unmarried,OBC,Salaried,48000.0,10000.0,38000.0,62000.0
RET-04883,29,M,Unmarried,OBC,Salaried,114000.0,17000.0,97000.0,222000.0
RET-04884,42,M,Married,OBC,Self-Employed Non-Professional,131000.0,8000.0,123000.0,182000.0
RET-04885,44,M,Unmarried,OBC,Self-Employed Non-Professional,43000.0,6000.0,37000.0,99000.0
RET-04886,33,F,Married,SC,Salaried,44000.0,7000.0,37000.0,58000.0
RET-04887,30,F,Unmarried,GEN,Salaried,78000.0,9000.0,69000.0,120000.0
RET-04888,54,M,Married,GEN,Self-Employed Professional,180000.0,16000.0,164000.0,134000.0
RET-04889,40,M,Unmarried,GEN,Self-Employed Non-Professional,51000.0,5000.0,46000.0,81000.0
RET-04890,44,M,Married,GEN,Self-Employed Professional,57000.0,8000.0,49000.0,54000.0
RET-04891,29,M,Married,GEN,Self-Employed Non-Professional,89000.0,6000.0,83000.0,200000.0
RET-04892,25,F,Unmarried,OBC,Salaried,108000.0,13000.0,95000.0,217000.0
RET-04893,32,M,Married,GEN,Self-Employed Professional,100000.0,7000.0,93000.0,50000.0
RET-04894,36,M,Married,GEN,Self-Employed Professional,75000.0,6000.0,69000.0,120000.0
RET-04895,27,M,Married,OBC,Salaried,61000.0,12000.0,49000.0,30000.0
RET-04896,37,M,Unmarried,OBC,Self-Employed Professional,89000.0,7000.0,82000.0,158000.0
RET-04897,21,F,Married,ST,Self-Employed Non-Professional,25000.0,3000.0,22000.0,61000.0
RET-04898,26,M,Married,SC,Self-Employed Non-Professional,224000.0,12000.0,212000.0,566000.0
RET-04899,44,M,Married,Minority,Salaried,65000.0,15000.0,50000.0,55000.0
RET-04900,44,F,Married,OBC,Salaried,82000.0,18000.0,64000.0,54000.0
RET-04901,34,F,Married,OBC,Salaried,258000.0,26000.0,232000.0,575000.0
RET-04902,27,F,Unmarried,ST,Salaried,47000.0,8000.0,39000.0,73000.0
RET-04903,27,F,Married,SC,Self-Employed Non-Professional,296000.0,24000.0,272000.0,424000.0
RET-04904,34,F,Married,OBC,Salaried,114000.0,26000.0,88000.0,222000.0
RET-04905,44,M,Married,OBC,Self-Employed Professional,96000.0,13000.0,83000.0,94000.0
RET-04906,47,M,Married,GEN,Salaried,108000.0,21000.0,87000.0,92000.0
RET-04907,33,M,Unmarried,ST,Salaried,44000.0,10000.0,34000.0,69000.0
RET-04908,26,F,Married,SC,Salaried,27000.0,4000.0,23000.0,27000.0
RET-04909,40,M,Unmarried,SC,Salaried,36000.0,5000.0,31000.0,49000.0
RET-04910,29,M,Married,GEN,Salaried,140000.0,24000.0,116000.0,190000.0
RET-04911,32,M,Married,GEN,Self-Employed Professional,42000.0,5000.0,37000.0,37000.0
RET-04912,51,F,Married,GEN,Self-Employed Professional,27000.0,3000.0,24000.0,16000.0
RET-04913,46,M,Unmarried,SC,Salaried,70000.0,11000.0,59000.0,143000.0
RET-04914,39,M,Unmarried,ST,Salaried,103000.0,11000.0,92000.0,226000.0
RET-04915,25,M,Married,GEN,Self-Employed Professional,75000.0,9000.0,66000.0,132000.0
RET-04916,40,F,Unmarried,OBC,Self-Employed Non-Professional,105000.0,10000.0,95000.0,83000.0
RET-04917,48,M,Married,GEN,Salaried,146000.0,19000.0,127000.0,215000.0
RET-04918,34,M,Unmarried,GEN,Salaried,103000.0,18000.0,85000.0,80000.0
RET-04919,51,M,Unmarried,GEN,Salaried,67000.0,10000.0,57000.0,154000.0
RET-04920,50,M,Unmarried,SC,Salaried,53000.0,6000.0,47000.0,105000.0
RET-04921,54,M,Unmarried,ST,Salaried,116000.0,24000.0,92000.0,53000.0
RET-04922,41,M,Unmarried,GEN,Salaried,86000.0,18000.0,68000.0,34000.0
RET-04923,43,M,Unmarried,OBC,Self-Employed Non-Professional,44000.0,3000.0,41000.0,121000.0
RET-04924,52,F,Married,OBC,Salaried,160000.0,36000.0,124000.0,74000.0
RET-04925,42,M,Married,GEN,Self-Employed Professional,86000.0,8000.0,78000.0,208000.0
RET-04926,32,M,Married,Minority,Salaried,108000.0,15000.0,93000.0,269000.0
RET-04927,33,F,Unmarried,ST,Self-Employed Non-Professional,58000.0,4000.0,54000.0,69000.0
RET-04928,40,F,Married,GEN,Self-Employed Professional,144000.0,13000.0,131000.0,242000.0
RET-04929,25,M,Married,OBC,Self-Employed Non-Professional,28000.0,4000.0,24000.0,51000.0
RET-04930,36,M,Unmarried,GEN,Self-Employed Professional,200000.0,11000.0,189000.0,340000.0
RET-04931,48,F,Unmarried,OBC,Self-Employed Non-Professional,25000.0,2000.0,23000.0,24000.0
RET-04932,21,F,Married,OBC,Salaried,32000.0,5000.0,27000.0,53000.0
RET-04933,53,M,Married,GEN,Salaried,85000.0,13000.0,72000.0,83000.0
RET-04934,49,M,Married,ST,Self-Employed Non-Professional,53000.0,4000.0,49000.0,45000.0
RET-04935,33,M,Married,OBC,Self-Employed Professional,60000.0,5000.0,55000.0,97000.0
RET-04936,43,M,Unmarried,Minority,Salaried,53000.0,9000.0,44000.0,63000.0
RET-04937,38,M,Unmarried,GEN,Self-Employed Non-Professional,46000.0,4000.0,42000.0,24000.0
RET-04938,50,M,Married,SC,Salaried,88000.0,16000.0,72000.0,207000.0
RET-04939,47,M,Married,SC,Salaried,71000.0,15000.0,56000.0,34000.0
RET-04940,23,M,Unmarried,GEN,Self-Employed Professional,124000.0,13000.0,111000.0,306000.0
RET-04941,43,M,Married,GEN,Salaried,77000.0,17000.0,60000.0,58000.0
RET-04942,35,M,Married,ST,Salaried,57000.0,8000.0,49000.0,42000.0
RET-04943,38,M,Unmarried,OBC,Salaried,116000.0,16000.0,100000.0,67000.0
RET-04944,30,M,Unmarried,GEN,Self-Employed Non-Professional,25000.0,2000.0,23000.0,36000.0
RET-04945,55,F,Married,Minority,Self-Employed Non-Professional,25000.0,3000.0,22000.0,43000.0
RET-04946,48,M,Unmarried,GEN,Salaried,28000.0,3000.0,25000.0,69000.0
RET-04947,30,F,Married,GEN,Salaried,60000.0,12000.0,48000.0,118000.0
RET-04948,24,M,Married,OBC,Salaried,92000.0,19000.0,73000.0,66000.0
RET-04949,34,M,Married,OBC,Self-Employed Non-Professional,25000.0,3000.0,22000.0,20000.0
RET-04950,42,M,Married,GEN,Self-Employed Non-Professional,73000.0,7000.0,66000.0,34000.0
RET-04951,40,F,Married,OBC,Salaried,59000.0,11000.0,48000.0,107000.0
RET-04952,50,M,Married,OBC,Self-Employed Non-Professional,79000.0,11000.0,68000.0,37000.0
RET-04953,45,M,Unmarried,OBC,Self-Employed Professional,25000.0,4000.0,21000.0,18000.0
RET-04954,47,M,Married,OBC,Salaried,351000.0,72000.0,279000.0,582000.0
RET-04955,41,F,Married,GEN,Salaried,75000.0,15000.0,60000.0,53000.0
RET-04956,24,F,Married,SC,Salaried,35000.0,8000.0,27000.0,24000.0
RET-04957,36,M,Married,GEN,Salaried,79000.0,8000.0,71000.0,77000.0
RET-04958,48,M,Married,Minority,Salaried,179000.0,28000.0,151000.0,221000.0
RET-04959,37,M,Married,GEN,Salaried,34000.0,3000.0,31000.0,16000.0
RET-04960,43,M,Unmarried,GEN,Salaried,30000.0,5000.0,25000.0,59000.0
RET-04961,34,M,Married,GEN,Salaried,68000.0,12000.0,56000.0,136000.0
RET-04962,27,F,Married,OBC,Self-Employed Professional,72000.0,7000.0,65000.0,92000.0
RET-04963,36,F,Married,GEN,Self-Employed Non-Professional,112000.0,9000.0,103000.0,257000.0
RET-04964,41,M,Married,OBC,Self-Employed Non-Professional,177000.0,18000.0,159000.0,193000.0
RET-04965,31,M,Unmarried,ST,Self-Employed Professional,117000.0,13000.0,104000.0,308000.0
RET-04966,35,M,Married,GEN,Self-Employed Professional,32000.0,2000.0,30000.0,45000.0
RET-04967,28,M,Married,GEN,Salaried,38000.0,8000.0,30000.0,65000.0
RET-04968,49,M,Unmarried,ST,Salaried,45000.0,6000.0,39000.0,51000.0
RET-04969,35,M,Married,GEN,Salaried,117000.0,17000.0,100000.0,163000.0
RET-04970,52,M,Married,GEN,Salaried,105000.0,19000.0,86000.0,182000.0
RET-04971,53,M,Unmarried,GEN,Self-Employed Professional,156000.0,13000.0,143000.0,196000.0
RET-04972,37,F,Unmarried,GEN,Salaried,102000.0,17000.0,85000.0,182000.0
RET-04973,27,M,Married,GEN,Self-Employed Professional,50000.0,5000.0,45000.0,39000.0
RET-04974,21,M,Married,OBC,Salaried,65000.0,16000.0,49000.0,84000.0
RET-04975,23,M,Unmarried,GEN,Salaried,30000.0,6000.0,24000.0,28000.0
RET-04976,24,M,Married,SC,Self-Employed Non-Professional,107000.0,16000.0,91000.0,255000.0
RET-04977,51,F,Married,GEN,Salaried,50000.0,8000.0,42000.0,108000.0
RET-04978,39,F,Married,OBC,Salaried,152000.0,28000.0,124000.0,213000.0
RET-04979,41,M,Married,GEN,Salaried,105000.0,26000.0,79000.0,129000.0
RET-04980,21,F,Married,Minority,Salaried,234000.0,44000.0,190000.0,491000.0
RET-04981,26,M,Married,OBC,Self-Employed Professional,94000.0,12000.0,82000.0,183000.0
RET-04982,46,F,Unmarried,GEN,Self-Employed Professional,93000.0,5000.0,88000.0,194000.0
RET-04983,40,M,Married,GEN,Salaried,66000.0,12000.0,54000.0,101000.0
RET-04984,36,M,Married,GEN,Self-Employed Non-Professional,58000.0,6000.0,52000.0,138000.0
RET-04985,43,M,Married,GEN,Self-Employed Professional,63000.0,4000.0,59000.0,57000.0
RET-04986,54,F,Unmarried,OBC,Salaried,133000.0,15000.0,118000.0,313000.0
RET-04987,35,M,Married,GEN,Salaried,33000.0,6000.0,27000.0,49000.0
RET-04988,38,F,Married,Minority,Self-Employed Professional,76000.0,9000.0,67000.0,138000.0
RET-04989,39,M,Married,GEN,Self-Employed Professional,27000.0,1000.0,26000.0,76000.0
RET-04990,61,F,Married,SC,Salaried,91000.0,14000.0,77000.0,120000.0
RET-04991,21,M,Unmarried,GEN,Salaried,56000.0,13000.0,43000.0,93000.0
RET-04992,44,F,Married,GEN,Salaried,99000.0,24000.0,75000.0,135000.0
RET-04993,36,M,Married,Minority,Salaried,47000.0,7000.0,40000.0,113000.0
RET-04994,43,M,Unmarried,SC,Salaried,63000.0,11000.0,52000.0,89000.0
RET-04995,31,F,Married,OBC,Self-Employed Non-Professional,107000.0,11000.0,96000.0,109000.0
RET-04996,37,F,Married,OBC,Self-Employed Professional,79000.0,5000.0,74000.0,126000.0
RET-04997,45,M,Married,Minority,Self-Employed Professional,185000.0,12000.0,173000.0,483000.0
RET-04998,65,M,Married,OBC,Salaried,55000.0,9000.0,46000.0,81000.0
RET-04999,46,M,Married,GEN,Salaried,52000.0,6000.0,46000.0,40000.0
RET-05000,29,M,Married,GEN,Salaried,154000.0,22000.0,132000.0,245000.0
RET-05001,33,M,Married,OBC,Salaried,59000.0,11000.0,48000.0,71000.0
RET-05002,33,M,Married,OBC,Salaried,57000.0,8000.0,49000.0,104000.0
RET-05003,21,M,Unmarried,OBC,Salaried,92000.0,19000.0,73000.0,81000.0
RET-05004,34,F,Unmarried,GEN,Salaried,66000.0,10000.0,56000.0,73000.0
RET-05005,45,F,Unmarried,Minority,Self-Employed Non-Professional,61000.0,5000.0,56000.0,100000.0
RET-05006,25,M,Married,OBC,Self-Employed Professional,48000.0,5000.0,43000.0,34000.0
RET-05007,48,M,Unmarried,OBC,Salaried,166000.0,31000.0,135000.0,139000.0
RET-05008,42,M,Married,GEN,Self-Employed Professional,67000.0,10000.0,57000.0,143000.0
RET-05009,30,M,Married,Minority,Self-Employed Professional,52000.0,4000.0,48000.0,137000.0
RET-05010,36,M,Married,OBC,Salaried,61000.0,6000.0,55000.0,161000.0
RET-05011,53,M,Married,OBC,Salaried,90000.0,10000.0,80000.0,227000.0
RET-05012,45,M,Married,Minority,Self-Employed Non-Professional,176000.0,24000.0,152000.0,434000.0
RET-05013,38,M,Married,Minority,Salaried,66000.0,11000.0,55000.0,140000.0
RET-05014,35,F,Married,GEN,Self-Employed Non-Professional,44000.0,6000.0,38000.0,89000.0
RET-05015,38,F,Married,Minority,Salaried,231000.0,52000.0,179000.0,193000.0
RET-05016,32,M,Unmarried,OBC,Salaried,79000.0,8000.0,71000.0,114000.0
RET-05017,21,M,Married,GEN,Salaried,69000.0,16000.0,53000.0,79000.0
RET-05018,58,F,Married,GEN,Self-Employed Professional,76000.0,6000.0,70000.0,163000.0
RET-05019,39,M,Unmarried,GEN,Self-Employed Non-Professional,35000.0,5000.0,30000.0,51000.0
RET-05020,41,F,Married,OBC,Salaried,71000.0,12000.0,59000.0,83000.0
RET-05021,37,F,Married,OBC,Salaried,115000.0,13000.0,102000.0,259000.0
RET-05022,30,F,Married,GEN,Salaried,152000.0,18000.0,134000.0,318000.0
RET-05023,36,M,Unmarried,SC,Self-Employed Non-Professional,59000.0,8000.0,51000.0,73000.0
RET-05024,22,M,Unmarried,SC,Self-Employed Professional,82000.0,7000.0,75000.0,116000.0
RET-05025,60,F,Married,OBC,Salaried,154000.0,22000.0,132000.0,361000.0
RET-05026,25,M,Married,Minority,Self-Employed Non-Professional,75000.0,4000.0,71000.0,166000.0
RET-05027,27,M,Married,SC,Self-Employed Professional,113000.0,13000.0,100000.0,222000.0
RET-05028,33,M,Married,GEN,Salaried,94000.0,18000.0,76000.0,173000.0
RET-05029,50,M,Unmarried,SC,Salaried,49000.0,8000.0,41000.0,31000.0
RET-05030,38,F,Married,Minority,Salaried,42000.0,10000.0,32000.0,61000.0
RET-05031,25,M,Married,GEN,Self-Employed Non-Professional,138000.0,12000.0,126000.0,155000.0
RET-05032,50,F,Unmarried,Minority,Salaried,25000.0,6000.0,19000.0,14000.0
RET-05033,45,F,Married,GEN,Self-Employed Non-Professional,49000.0,7000.0,42000.0,98000.0
RET-05034,43,M,Unmarried,OBC,Self-Employed Non-Professional,32000.0,2000.0,30000.0,38000.0
RET-05035,45,M,Unmarried,SC,Self-Employed Professional,138000.0,17000.0,121000.0,154000.0
RET-05036,61,F,Married,SC,Salaried,166000.0,38000.0,128000.0,269000.0
RET-05037,59,M,Unmarried,OBC,Self-Employed Non-Professional,47000.0,6000.0,41000.0,89000.0
RET-05038,31,F,Married,OBC,Salaried,384000.0,70000.0,314000.0,529000.0
RET-05039,54,F,Married,OBC,Self-Employed Non-Professional,167000.0,22000.0,145000.0,274000.0
RET-05040,41,M,Unmarried,OBC,Salaried,82000.0,10000.0,72000.0,189000.0
RET-05041,42,F,Married,GEN,Self-Employed Non-Professional,180000.0,20000.0,160000.0,123000.0
RET-05042,21,M,Married,OBC,Self-Employed Non-Professional,50000.0,3000.0,47000.0,31000.0
RET-05043,36,M,Married,SC,Self-Employed Non-Professional,62000.0,7000.0,55000.0,118000.0
RET-05044,29,F,Married,GEN,Salaried,97000.0,13000.0,84000.0,169000.0
RET-05045,46,F,Married,OBC,Salaried,48000.0,6000.0,42000.0,41000.0
RET-05046,48,M,Married,GEN,Salaried,34000.0,4000.0,30000.0,54000.0
RET-05047,21,M,Married,OBC,Salaried,42000.0,8000.0,34000.0,80000.0
RET-05048,37,M,Married,GEN,Salaried,65000.0,16000.0,49000.0,114000.0
RET-05049,49,M,Unmarried,GEN,Self-Employed Non-Professional,97000.0,5000.0,92000.0,183000.0
RET-05050,36,M,Married,GEN,Self-Employed Professional,60000.0,6000.0,54000.0,45000.0
RET-05051,45,M,Married,GEN,Salaried,27000.0,4000.0,23000.0,29000.0
RET-05052,41,M,Married,GEN,Self-Employed Non-Professional,97000.0,14000.0,83000.0,126000.0
RET-05053,41,F,Married,GEN,Self-Employed Professional,157000.0,12000.0,145000.0,358000.0
RET-05054,35,M,Married,GEN,Self-Employed Non-Professional,49000.0,5000.0,44000.0,82000.0
RET-05055,25,M,Married,GEN,Self-Employed Non-Professional,198000.0,21000.0,177000.0,413000.0
RET-05056,26,F,Married,Minority,Self-Employed Professional,123000.0,10000.0,113000.0,317000.0
RET-05057,45,F,Unmarried,GEN,Salaried,39000.0,9000.0,30000.0,62000.0
RET-05058,38,F,Married,ST,Self-Employed Non-Professional,50000.0,3000.0,47000.0,51000.0
RET-05059,36,M,Married,OBC,Salaried,61000.0,13000.0,48000.0,41000.0
RET-05060,33,M,Married,GEN,Self-Employed Professional,65000.0,5000.0,60000.0,30000.0
RET-05061,34,M,Married,GEN,Self-Employed Non-Professional,25000.0,1000.0,24000.0,23000.0
RET-05062,48,M,Married,Minority,Salaried,47000.0,9000.0,38000.0,45000.0
RET-05063,34,M,Married,OBC,Self-Employed Professional,52000.0,6000.0,46000.0,54000.0
RET-05064,24,M,Married,GEN,Salaried,227000.0,53000.0,174000.0,377000.0
RET-05065,45,M,Unmarried,GEN,Salaried,84000.0,16000.0,68000.0,60000.0
RET-05066,35,M,Married,GEN,Salaried,45000.0,6000.0,39000.0,62000.0
RET-05067,38,M,Unmarried,SC,Self-Employed Non-Professional,56000.0,7000.0,49000.0,25000.0
RET-05068,54,M,Unmarried,Minority,Salaried,94000.0,19000.0,75000.0,86000.0
RET-05069,37,M,Married,GEN,Self-Employed Non-Professional,58000.0,5000.0,53000.0,32000.0
RET-05070,40,M,Married,GEN,Self-Employed Professional,51000.0,4000.0,47000.0,107000.0
RET-05071,26,M,Married,GEN,Self-Employed Professional,52000.0,7000.0,45000.0,62000.0
RET-05072,35,M,Married,Minority,Self-Employed Non-Professional,98000.0,14000.0,84000.0,143000.0
RET-05073,44,M,Unmarried,OBC,Salaried,32000.0,4000.0,28000.0,67000.0
RET-05074,22,M,Married,ST,Salaried,38000.0,6000.0,32000.0,85000.0
RET-05075,40,M,Unmarried,GEN,Salaried,42000.0,5000.0,37000.0,66000.0
RET-05076,39,F,Unmarried,OBC,Salaried,38000.0,8000.0,30000.0,64000.0
RET-05077,38,M,Married,GEN,Salaried,45000.0,11000.0,34000.0,80000.0
RET-05078,48,M,Married,Minority,Salaried,125000.0,13000.0,112000.0,136000.0
RET-05079,41,F,Married,GEN,Self-Employed Professional,136000.0,14000.0,122000.0,277000.0
RET-05080,52,M,Unmarried,SC,Salaried,86000.0,12000.0,74000.0,158000.0
RET-05081,28,M,Unmarried,GEN,Self-Employed Non-Professional,83000.0,9000.0,74000.0,119000.0
RET-05082,39,M,Married,OBC,Salaried,49000.0,10000.0,39000.0,53000.0
RET-05083,38,F,Married,GEN,Self-Employed Non-Professional,25000.0,2000.0,23000.0,67000.0
RET-05084,27,M,Married,GEN,Salaried,80000.0,11000.0,69000.0,205000.0
RET-05085,47,M,Unmarried,GEN,Self-Employed Non-Professional,87000.0,13000.0,74000.0,166000.0
RET-05086,61,M,Unmarried,OBC,Salaried,49000.0,9000.0,40000.0,58000.0
RET-05087,37,M,Married,GEN,Salaried,38000.0,9000.0,29000.0,69000.0
RET-05088,43,M,Married,GEN,Salaried,34000.0,8000.0,26000.0,57000.0
RET-05089,38,F,Married,GEN,Salaried,81000.0,19000.0,62000.0,115000.0
RET-05090,30,M,Married,GEN,Self-Employed Non-Professional,77000.0,7000.0,70000.0,58000.0
RET-05091,21,M,Unmarried,GEN,Salaried,150000.0,37000.0,113000.0,324000.0
RET-05092,30,M,Married,GEN,Salaried,45000.0,10000.0,35000.0,38000.0
RET-05093,24,M,Married,GEN,Self-Employed Non-Professional,62000.0,9000.0,53000.0,79000.0
RET-05094,55,F,Married,GEN,Salaried,74000.0,17000.0,57000.0,77000.0
RET-05095,36,M,Married,SC,Salaried,53000.0,11000.0,42000.0,37000.0
RET-05096,34,M,Married,GEN,Salaried,121000.0,25000.0,96000.0,54000.0
RET-05097,46,M,Unmarried,OBC,Salaried,154000.0,16000.0,138000.0,390000.0
RET-05098,26,M,Unmarried,GEN,Salaried,38000.0,4000.0,34000.0,80000.0
RET-05099,30,M,Married,Minority,Self-Employed Non-Professional,56000.0,5000.0,51000.0,28000.0
RET-05100,38,F,Married,GEN,Salaried,162000.0,23000.0,139000.0,308000.0
RET-05101,48,M,Married,SC,Self-Employed Professional,89000.0,6000.0,83000.0,68000.0
RET-05102,43,F,Married,GEN,Self-Employed Non-Professional,78000.0,8000.0,70000.0,162000.0
RET-05103,40,F,Married,GEN,Self-Employed Non-Professional,90000.0,10000.0,80000.0,141000.0
RET-05104,38,F,Married,GEN,Salaried,108000.0,18000.0,90000.0,265000.0
RET-05105,42,M,Married,GEN,Salaried,92000.0,18000.0,74000.0,117000.0
RET-05106,40,M,Unmarried,GEN,Salaried,83000.0,18000.0,65000.0,154000.0
RET-05107,27,F,Married,GEN,Self-Employed Non-Professional,74000.0,6000.0,68000.0,41000.0
RET-05108,38,F,Married,Minority,Self-Employed Professional,164000.0,10000.0,154000.0,437000.0
RET-05109,27,F,Married,GEN,Salaried,62000.0,9000.0,53000.0,101000.0
RET-05110,38,M,Unmarried,GEN,Self-Employed Non-Professional,73000.0,9000.0,64000.0,82000.0
RET-05111,33,M,Married,SC,Salaried,186000.0,32000.0,154000.0,126000.0
RET-05112,63,F,Married,SC,Self-Employed Non-Professional,89000.0,10000.0,79000.0,166000.0
RET-05113,37,M,Married,GEN,Self-Employed Non-Professional,70000.0,8000.0,62000.0,147000.0
RET-05114,23,M,Married,OBC,Self-Employed Non-Professional,107000.0,7000.0,100000.0,71000.0
RET-05115,36,M,Unmarried,GEN,Self-Employed Non-Professional,84000.0,6000.0,78000.0,71000.0
RET-05116,43,M,Unmarried,GEN,Salaried,47000.0,7000.0,40000.0,59000.0
RET-05117,54,M,Married,GEN,Salaried,85000.0,13000.0,72000.0,189000.0
RET-05118,32,M,Unmarried,GEN,Salaried,45000.0,6000.0,39000.0,115000.0
RET-05119,22,M,Married,GEN,Self-Employed Non-Professional,219000.0,29000.0,190000.0,449000.0
RET-05120,46,M,Married,GEN,Self-Employed Non-Professional,84000.0,11000.0,73000.0,38000.0
RET-05121,24,M,Unmarried,GEN,Salaried,42000.0,5000.0,37000.0,102000.0
RET-05122,33,M,Married,OBC,Salaried,58000.0,13000.0,45000.0,25000.0
RET-05123,35,F,Married,OBC,Salaried,115000.0,17000.0,98000.0,269000.0
RET-05124,37,M,Unmarried,OBC,Salaried,38000.0,8000.0,30000.0,46000.0
RET-05125,44,M,Married,OBC,Salaried,374000.0,54000.0,320000.0,753000.0
RET-05126,31,F,Married,ST,Self-Employed Professional,31000.0,3000.0,28000.0,20000.0
RET-05127,35,F,Unmarried,ST,Salaried,127000.0,26000.0,101000.0,92000.0
RET-05128,37,M,Unmarried,ST,Self-Employed Professional,55000.0,6000.0,49000.0,80000.0
RET-05129,39,M,Unmarried,GEN,Salaried,45000.0,6000.0,39000.0,23000.0
RET-05130,38,M,Married,GEN,Self-Employed Non-Professional,101000.0,14000.0,87000.0,128000.0
RET-05131,42,M,Unmarried,OBC,Self-Employed Professional,56000.0,6000.0,50000.0,119000.0
RET-05132,46,F,Unmarried,GEN,Salaried,190000.0,24000.0,166000.0,355000.0
RET-05133,41,F,Married,GEN,Self-Employed Professional,32000.0,4000.0,28000.0,39000.0
RET-05134,42,F,Unmarried,GEN,Salaried,102000.0,16000.0,86000.0,45000.0
RET-05135,22,M,Married,Minority,Self-Employed Non-Professional,62000.0,3000.0,59000.0,69000.0
RET-05136,38,M,Married,GEN,Self-Employed Professional,87000.0,5000.0,82000.0,200000.0
RET-05137,42,F,Married,GEN,Self-Employed Professional,100000.0,11000.0,89000.0,120000.0
RET-05138,45,M,Married,GEN,Salaried,26000.0,5000.0,21000.0,30000.0
RET-05139,31,M,Married,OBC,Salaried,84000.0,9000.0,75000.0,51000.0
RET-05140,31,F,Married,GEN,Salaried,141000.0,31000.0,110000.0,220000.0
RET-05141,32,M,Married,GEN,Salaried,97000.0,11000.0,86000.0,177000.0
RET-05142,43,M,Married,Minority,Self-Employed Professional,59000.0,7000.0,52000.0,82000.0
RET-05143,48,F,Married,SC,Salaried,31000.0,6000.0,25000.0,60000.0
RET-05144,33,M,Unmarried,OBC,Salaried,99000.0,15000.0,84000.0,226000.0
RET-05145,47,M,Unmarried,Minority,Salaried,225000.0,53000.0,172000.0,409000.0
RET-05146,39,M,Unmarried,GEN,Self-Employed Non-Professional,109000.0,6000.0,103000.0,192000.0
RET-05147,36,M,Married,OBC,Self-Employed Non-Professional,146000.0,17000.0,129000.0,366000.0
RET-05148,35,M,Unmarried,GEN,Salaried,128000.0,16000.0,112000.0,163000.0
RET-05149,45,M,Married,OBC,Salaried,58000.0,6000.0,52000.0,111000.0
RET-05150,41,M,Married,GEN,Salaried,77000.0,17000.0,60000.0,116000.0
RET-05151,60,F,Unmarried,GEN,Salaried,123000.0,16000.0,107000.0,279000.0
RET-05152,29,M,Married,GEN,Self-Employed Non-Professional,28000.0,3000.0,25000.0,44000.0
RET-05153,43,F,Unmarried,GEN,Self-Employed Professional,108000.0,9000.0,99000.0,186000.0
RET-05154,32,M,Married,GEN,Self-Employed Non-Professional,156000.0,17000.0,139000.0,227000.0
RET-05155,29,M,Married,OBC,Self-Employed Non-Professional,71000.0,10000.0,61000.0,52000.0
RET-05156,37,M,Unmarried,OBC,Self-Employed Professional,119000.0,10000.0,109000.0,296000.0
RET-05157,39,M,Married,GEN,Self-Employed Professional,52000.0,3000.0,49000.0,130000.0
RET-05158,65,F,Unmarried,GEN,Self-Employed Non-Professional,75000.0,10000.0,65000.0,147000.0
RET-05159,36,M,Unmarried,OBC,Self-Employed Professional,62000.0,5000.0,57000.0,78000.0
RET-05160,26,M,Married,OBC,Salaried,96000.0,12000.0,84000.0,117000.0
RET-05161,40,M,Married,GEN,Self-Employed Professional,69000.0,9000.0,60000.0,35000.0
RET-05162,21,M,Married,OBC,Salaried,27000.0,4000.0,23000.0,16000.0
RET-05163,37,M,Married,SC,Self-Employed Non-Professional,48000.0,5000.0,43000.0,77000.0
RET-05164,38,M,Married,GEN,Salaried,235000.0,34000.0,201000.0,126000.0
RET-05165,45,M,Married,GEN,Salaried,103000.0,18000.0,85000.0,64000.0
RET-05166,47,M,Unmarried,GEN,Salaried,25000.0,3000.0,22000.0,25000.0
RET-05167,32,M,Unmarried,Minority,Self-Employed Non-Professional,151000.0,14000.0,137000.0,196000.0
RET-05168,36,M,Unmarried,GEN,Self-Employed Non-Professional,37000.0,5000.0,32000.0,55000.0
RET-05169,30,M,Married,GEN,Self-Employed Professional,125000.0,14000.0,111000.0,146000.0
RET-05170,26,M,Married,ST,Salaried,159000.0,33000.0,126000.0,359000.0
RET-05171,41,F,Unmarried,GEN,Salaried,78000.0,18000.0,60000.0,173000.0
RET-05172,25,F,Married,OBC,Salaried,40000.0,9000.0,31000.0,20000.0
RET-05173,33,F,Unmarried,GEN,Self-Employed Non-Professional,48000.0,3000.0,45000.0,133000.0
RET-05174,28,M,Unmarried,Minority,Self-Employed Non-Professional,107000.0,12000.0,95000.0,89000.0
RET-05175,43,F,Married,SC,Self-Employed Non-Professional,37000.0,5000.0,32000.0,43000.0
RET-05176,56,M,Unmarried,OBC,Self-Employed Professional,52000.0,5000.0,47000.0,122000.0
RET-05177,24,F,Married,GEN,Self-Employed Non-Professional,99000.0,7000.0,92000.0,204000.0
RET-05178,21,M,Unmarried,GEN,Salaried,49000.0,6000.0,43000.0,28000.0
RET-05179,36,M,Married,OBC,Salaried,172000.0,22000.0,150000.0,365000.0
RET-05180,38,M,Married,GEN,Self-Employed Non-Professional,39000.0,5000.0,34000.0,73000.0
RET-05181,40,M,Unmarried,OBC,Salaried,25000.0,4000.0,21000.0,60000.0
RET-05182,33,F,Unmarried,OBC,Self-Employed Professional,46000.0,5000.0,41000.0,114000.0
RET-05183,35,F,Married,SC,Self-Employed Professional,88000.0,12000.0,76000.0,223000.0
RET-05184,41,F,Married,GEN,Salaried,123000.0,19000.0,104000.0,170000.0
RET-05185,48,M,Unmarried,OBC,Salaried,57000.0,9000.0,48000.0,109000.0
RET-05186,21,M,Unmarried,SC,Salaried,62000.0,12000.0,50000.0,145000.0
RET-05187,34,M,Unmarried,GEN,Self-Employed Professional,72000.0,7000.0,65000.0,33000.0
RET-05188,40,F,Unmarried,SC,Salaried,208000.0,34000.0,174000.0,430000.0
RET-05189,28,M,Unmarried,GEN,Salaried,92000.0,13000.0,79000.0,50000.0
RET-05190,55,F,Unmarried,OBC,Self-Employed Professional,54000.0,7000.0,47000.0,141000.0
RET-05191,31,M,Married,Minority,Salaried,250000.0,36000.0,214000.0,114000.0
RET-05192,37,M,Married,GEN,Salaried,74000.0,8000.0,66000.0,125000.0
RET-05193,43,F,Married,GEN,Salaried,25000.0,3000.0,22000.0,40000.0
RET-05194,32,M,Unmarried,GEN,Salaried,32000.0,5000.0,27000.0,34000.0
RET-05195,21,M,Unmarried,OBC,Self-Employed Professional,102000.0,13000.0,89000.0,207000.0
RET-05196,33,M,Married,OBC,Self-Employed Non-Professional,25000.0,3000.0,22000.0,25000.0
RET-05197,48,F,Married,GEN,Salaried,99000.0,14000.0,85000.0,104000.0
RET-05198,34,M,Married,SC,Self-Employed Non-Professional,46000.0,2000.0,44000.0,42000.0
RET-05199,29,M,Married,SC,Salaried,148000.0,29000.0,119000.0,272000.0
RET-05200,47,M,Married,Minority,Self-Employed Professional,81000.0,5000.0,76000.0,70000.0
RET-05201,34,M,Married,OBC,Self-Employed Non-Professional,27000.0,4000.0,23000.0,63000.0
RET-05202,32,M,Unmarried,GEN,Salaried,127000.0,24000.0,103000.0,126000.0
RET-05203,39,M,Married,ST,Salaried,166000.0,23000.0,143000.0,257000.0
RET-05204,45,F,Married,GEN,Salaried,34000.0,4000.0,30000.0,51000.0
RET-05205,61,F,Married,OBC,Self-Employed Professional,45000.0,3000.0,42000.0,95000.0
RET-05206,46,M,Unmarried,OBC,Salaried,99000.0,19000.0,80000.0,87000.0
RET-05207,49,F,Unmarried,GEN,Salaried,110000.0,19000.0,91000.0,236000.0
RET-05208,32,M,Married,GEN,Salaried,300000.0,69000.0,231000.0,542000.0
RET-05209,27,M,Unmarried,GEN,Salaried,125000.0,22000.0,103000.0,140000.0
RET-05210,38,M,Married,GEN,Self-Employed Professional,309000.0,42000.0,267000.0,214000.0
RET-05211,39,M,Married,GEN,Self-Employed Professional,74000.0,4000.0,70000.0,123000.0
RET-05212,27,M,Married,SC,Self-Employed Professional,92000.0,6000.0,86000.0,254000.0
RET-05213,36,M,Married,GEN,Salaried,52000.0,11000.0,41000.0,23000.0
RET-05214,41,F,Married,GEN,Salaried,53000.0,13000.0,40000.0,104000.0
RET-05215,41,M,Unmarried,GEN,Salaried,80000.0,9000.0,71000.0,160000.0
RET-05216,43,M,Unmarried,GEN,Self-Employed Non-Professional,52000.0,6000.0,46000.0,44000.0
RET-05217,40,M,Married,GEN,Salaried,25000.0,3000.0,22000.0,37000.0
RET-05218,32,M,Married,GEN,Self-Employed Non-Professional,49000.0,3000.0,46000.0,95000.0
RET-05219,32,M,Married,GEN,Salaried,140000.0,22000.0,118000.0,265000.0
RET-05220,26,M,Married,GEN,Self-Employed Non-Professional,76000.0,5000.0,71000.0,199000.0
RET-05221,55,F,Married,GEN,Self-Employed Professional,77000.0,4000.0,73000.0,196000.0
RET-05222,38,F,Married,SC,Self-Employed Non-Professional,46000.0,5000.0,41000.0,54000.0
RET-05223,35,M,Unmarried,GEN,Salaried,89000.0,20000.0,69000.0,55000.0
RET-05224,28,M,Unmarried,GEN,Salaried,198000.0,25000.0,173000.0,132000.0
RET-05225,65,F,Married,Minority,Self-Employed Professional,169000.0,20000.0,149000.0,435000.0
RET-05226,27,M,Married,OBC,Self-Employed Professional,91000.0,10000.0,81000.0,234000.0
RET-05227,33,M,Married,GEN,Salaried,44000.0,6000.0,38000.0,97000.0
RET-05228,42,M,Married,GEN,Salaried,211000.0,38000.0,173000.0,511000.0
RET-05229,44,M,Married,OBC,Self-Employed Professional,138000.0,12000.0,126000.0,149000.0
RET-05230,47,F,Married,OBC,Self-Employed Non-Professional,30000.0,4000.0,26000.0,67000.0
RET-05231,56,M,Married,GEN,Salaried,25000.0,3000.0,22000.0,39000.0
RET-05232,43,M,Unmarried,GEN,Salaried,31000.0,4000.0,27000.0,67000.0
RET-05233,27,M,Married,Minority,Self-Employed Non-Professional,54000.0,6000.0,48000.0,97000.0
RET-05234,35,M,Unmarried,OBC,Self-Employed Professional,126000.0,9000.0,117000.0,306000.0
RET-05235,41,F,Married,GEN,Salaried,124000.0,14000.0,110000.0,164000.0
RET-05236,58,M,Unmarried,GEN,Salaried,90000.0,12000.0,78000.0,232000.0
RET-05237,24,M,Married,GEN,Self-Employed Professional,67000.0,4000.0,63000.0,66000.0
RET-05238,50,F,Married,GEN,Salaried,303000.0,57000.0,246000.0,537000.0
RET-05239,39,M,Married,Minority,Salaried,75000.0,16000.0,59000.0,148000.0
RET-05240,46,M,Married,GEN,Self-Employed Professional,69000.0,5000.0,64000.0,126000.0
RET-05241,36,M,Married,Minority,Salaried,54000.0,12000.0,42000.0,51000.0
RET-05242,29,M,Unmarried,GEN,Salaried,276000.0,29000.0,247000.0,470000.0
RET-05243,45,M,Unmarried,GEN,Salaried,113000.0,19000.0,94000.0,166000.0
RET-05244,44,M,Married,GEN,Self-Employed Professional,39000.0,4000.0,35000.0,34000.0
RET-05245,47,M,Married,OBC,Salaried,37000.0,5000.0,32000.0,77000.0
RET-05246,37,F,Married,GEN,Salaried,27000.0,5000.0,22000.0,26000.0
RET-05247,32,M,Unmarried,OBC,Salaried,69000.0,16000.0,53000.0,137000.0
RET-05248,22,M,Unmarried,OBC,Salaried,30000.0,3000.0,27000.0,28000.0
RET-05249,46,M,Married,GEN,Self-Employed Professional,36000.0,3000.0,33000.0,58000.0
RET-05250,42,F,Unmarried,OBC,Self-Employed Non-Professional,139000.0,14000.0,125000.0,280000.0
RET-05251,28,M,Unmarried,GEN,Self-Employed Professional,125000.0,18000.0,107000.0,320000.0
RET-05252,32,F,Married,OBC,Salaried,179000.0,22000.0,157000.0,185000.0
RET-05253,33,M,Married,GEN,Salaried,30000.0,6000.0,24000.0,50000.0
RET-05254,23,F,Unmarried,GEN,Salaried,40000.0,5000.0,35000.0,31000.0
RET-05255,29,M,Unmarried,SC,Salaried,50000.0,7000.0,43000.0,110000.0
RET-05256,26,M,Married,GEN,Salaried,196000.0,26000.0,170000.0,451000.0
RET-05257,33,M,Unmarried,Minority,Salaried,76000.0,10000.0,66000.0,180000.0
RET-05258,30,F,Married,ST,Self-Employed Non-Professional,218000.0,27000.0,191000.0,547000.0
RET-05259,21,M,Married,GEN,Self-Employed Non-Professional,107000.0,5000.0,102000.0,142000.0
RET-05260,58,M,Married,GEN,Self-Employed Professional,68000.0,4000.0,64000.0,139000.0
RET-05261,50,M,Unmarried,SC,Salaried,103000.0,18000.0,85000.0,110000.0
RET-05262,30,F,Married,ST,Self-Employed Non-Professional,26000.0,3000.0,23000.0,58000.0
RET-05263,40,F,Married,GEN,Salaried,25000.0,6000.0,19000.0,29000.0
RET-05264,42,M,Married,Minority,Salaried,85000.0,15000.0,70000.0,132000.0
RET-05265,49,M,Married,Minority,Salaried,74000.0,11000.0,63000.0,52000.0
RET-05266,29,M,Unmarried,GEN,Salaried,233000.0,57000.0,176000.0,462000.0
RET-05267,48,F,Married,SC,Salaried,32000.0,8000.0,24000.0,41000.0
RET-05268,32,F,Unmarried,GEN,Salaried,91000.0,12000.0,79000.0,166000.0
RET-05269,24,M,Unmarried,OBC,Salaried,111000.0,23000.0,88000.0,191000.0
RET-05270,45,M,Married,GEN,Self-Employed Non-Professional,90000.0,11000.0,79000.0,94000.0
RET-05271,50,F,Unmarried,GEN,Salaried,141000.0,28000.0,113000.0,281000.0
RET-05272,63,F,Married,OBC,Salaried,50000.0,11000.0,39000.0,101000.0
RET-05273,26,M,Married,GEN,Salaried,120000.0,24000.0,96000.0,172000.0
RET-05274,44,M,Married,OBC,Salaried,102000.0,18000.0,84000.0,232000.0
RET-05275,33,M,Unmarried,ST,Self-Employed Professional,147000.0,15000.0,132000.0,119000.0
RET-05276,45,M,Married,GEN,Salaried,54000.0,8000.0,46000.0,71000.0
RET-05277,23,M,Married,GEN,Salaried,36000.0,7000.0,29000.0,18000.0
RET-05278,25,M,Unmarried,OBC,Self-Employed Professional,50000.0,3000.0,47000.0,70000.0
RET-05279,30,M,Unmarried,GEN,Self-Employed Non-Professional,39000.0,5000.0,34000.0,102000.0
RET-05280,38,M,Married,SC,Salaried,52000.0,13000.0,39000.0,65000.0
RET-05281,31,M,Married,GEN,Salaried,60000.0,11000.0,49000.0,76000.0
RET-05282,44,M,Married,OBC,Self-Employed Non-Professional,42000.0,3000.0,39000.0,87000.0
RET-05283,48,F,Married,GEN,Self-Employed Professional,73000.0,8000.0,65000.0,40000.0
RET-05284,43,M,Married,GEN,Self-Employed Non-Professional,36000.0,5000.0,31000.0,43000.0
RET-05285,54,M,Married,GEN,Self-Employed Non-Professional,70000.0,6000.0,64000.0,117000.0
RET-05286,42,M,Married,GEN,Self-Employed Professional,54000.0,6000.0,48000.0,82000.0
RET-05287,25,F,Unmarried,GEN,Salaried,68000.0,12000.0,56000.0,118000.0
RET-05288,51,F,Married,OBC,Self-Employed Professional,93000.0,9000.0,84000.0,71000.0
RET-05289,31,M,Married,GEN,Self-Employed Professional,57000.0,8000.0,49000.0,74000.0
RET-05290,47,F,Married,GEN,Salaried,46000.0,9000.0,37000.0,77000.0
RET-05291,53,M,Married,GEN,Self-Employed Professional,49000.0,5000.0,44000.0,55000.0
RET-05292,42,F,Married,SC,Self-Employed Professional,135000.0,17000.0,118000.0,240000.0
RET-05293,23,M,Married,OBC,Salaried,157000.0,28000.0,129000.0,374000.0
RET-05294,28,M,Married,GEN,Salaried,54000.0,12000.0,42000.0,119000.0
RET-05295,51,M,Married,ST,Salaried,67000.0,14000.0,53000.0,123000.0
RET-05296,36,M,Married,Minority,Self-Employed Non-Professional,26000.0,2000.0,24000.0,23000.0
RET-05297,38,M,Married,GEN,Self-Employed Non-Professional,66000.0,9000.0,57000.0,140000.0
RET-05298,45,F,Married,OBC,Salaried,31000.0,7000.0,24000.0,39000.0
RET-05299,44,F,Married,GEN,Salaried,55000.0,8000.0,47000.0,135000.0
RET-05300,40,M,Married,Minority,Salaried,140000.0,26000.0,114000.0,231000.0
RET-05301,35,M,Unmarried,OBC,Salaried,30000.0,5000.0,25000.0,26000.0
RET-05302,34,M,Unmarried,Minority,Salaried,43000.0,10000.0,33000.0,42000.0
RET-05303,46,M,Married,GEN,Salaried,43000.0,8000.0,35000.0,45000.0
RET-05304,43,M,Unmarried,GEN,Salaried,27000.0,6000.0,21000.0,25000.0
RET-05305,35,M,Unmarried,SC,Salaried,123000.0,26000.0,97000.0,236000.0
RET-05306,48,F,Unmarried,SC,Self-Employed Professional,86000.0,8000.0,78000.0,105000.0
RET-05307,36,M,Married,OBC,Self-Employed Non-Professional,216000.0,28000.0,188000.0,186000.0
RET-05308,29,M,Unmarried,ST,Salaried,40000.0,5000.0,35000.0,70000.0
RET-05309,30,M,Unmarried,OBC,Salaried,25000.0,6000.0,19000.0,32000.0
RET-05310,28,M,Married,OBC,Self-Employed Non-Professional,129000.0,15000.0,114000.0,63000.0
RET-05311,35,M,Married,GEN,Self-Employed Non-Professional,59000.0,8000.0,51000.0,61000.0
RET-05312,50,F,Unmarried,GEN,Salaried,55000.0,13000.0,42000.0,25000.0
RET-05313,29,M,Married,GEN,Salaried,178000.0,24000.0,154000.0,372000.0
RET-05314,39,M,Married,OBC,Salaried,81000.0,19000.0,62000.0,178000.0
RET-05315,31,F,Unmarried,GEN,Salaried,126000.0,31000.0,95000.0,166000.0
RET-05316,35,M,Married,GEN,Salaried,50000.0,11000.0,39000.0,74000.0
RET-05317,22,F,Married,GEN,Salaried,47000.0,10000.0,37000.0,97000.0
RET-05318,35,M,Married,Minority,Self-Employed Professional,59000.0,6000.0,53000.0,29000.0
RET-05319,36,M,Married,GEN,Salaried,109000.0,18000.0,91000.0,82000.0
RET-05320,43,F,Unmarried,GEN,Self-Employed Professional,75000.0,9000.0,66000.0,141000.0
RET-05321,40,F,Married,GEN,Salaried,97000.0,11000.0,86000.0,202000.0
RET-05322,26,M,Unmarried,GEN,Salaried,25000.0,6000.0,19000.0,39000.0
RET-05323,48,M,Married,GEN,Self-Employed Professional,25000.0,3000.0,22000.0,63000.0
RET-05324,40,F,Married,GEN,Self-Employed Professional,25000.0,1000.0,24000.0,36000.0
RET-05325,39,M,Married,GEN,Salaried,58000.0,7000.0,51000.0,96000.0
RET-05326,37,M,Married,SC,Salaried,32000.0,4000.0,28000.0,81000.0
RET-05327,32,F,Unmarried,SC,Salaried,202000.0,38000.0,164000.0,451000.0
RET-05328,40,M,Married,GEN,Salaried,72000.0,14000.0,58000.0,33000.0
RET-05329,42,F,Unmarried,OBC,Salaried,83000.0,12000.0,71000.0,98000.0
RET-05330,21,F,Married,OBC,Salaried,38000.0,4000.0,34000.0,80000.0
RET-05331,32,M,Married,OBC,Salaried,37000.0,7000.0,30000.0,15000.0
RET-05332,35,F,Married,GEN,Salaried,185000.0,42000.0,143000.0,380000.0
RET-05333,40,M,Unmarried,GEN,Self-Employed Professional,213000.0,21000.0,192000.0,337000.0
RET-05334,49,M,Married,OBC,Salaried,94000.0,19000.0,75000.0,54000.0
RET-05335,30,M,Unmarried,GEN,Salaried,25000.0,4000.0,21000.0,34000.0
RET-05336,33,F,Unmarried,GEN,Self-Employed Professional,57000.0,8000.0,49000.0,85000.0
RET-05337,32,F,Married,GEN,Self-Employed Professional,88000.0,11000.0,77000.0,109000.0
RET-05338,29,M,Married,SC,Salaried,64000.0,7000.0,57000.0,93000.0
RET-05339,34,M,Married,GEN,Salaried,25000.0,3000.0,22000.0,60000.0
RET-05340,45,F,Unmarried,GEN,Self-Employed Professional,222000.0,23000.0,199000.0,261000.0
RET-05341,27,M,Married,SC,Self-Employed Non-Professional,44000.0,6000.0,38000.0,110000.0
RET-05342,42,M,Married,ST,Salaried,33000.0,7000.0,26000.0,58000.0
RET-05343,21,M,Married,GEN,Self-Employed Professional,72000.0,5000.0,67000.0,184000.0
RET-05344,32,F,Unmarried,GEN,Self-Employed Non-Professional,149000.0,17000.0,132000.0,135000.0
RET-05345,34,F,Unmarried,OBC,Salaried,99000.0,13000.0,86000.0,149000.0
RET-05346,54,F,Unmarried,GEN,Salaried,33000.0,8000.0,25000.0,48000.0
RET-05347,35,M,Unmarried,OBC,Self-Employed Professional,30000.0,4000.0,26000.0,19000.0
RET-05348,21,F,Married,SC,Salaried,25000.0,4000.0,21000.0,36000.0
RET-05349,21,M,Married,GEN,Salaried,61000.0,12000.0,49000.0,130000.0
RET-05350,38,F,Unmarried,GEN,Salaried,55000.0,7000.0,48000.0,30000.0
RET-05351,44,M,Unmarried,GEN,Salaried,100000.0,23000.0,77000.0,162000.0
RET-05352,41,M,Married,OBC,Salaried,48000.0,10000.0,38000.0,113000.0
RET-05353,39,M,Married,GEN,Self-Employed Professional,131000.0,7000.0,124000.0,226000.0
RET-05354,49,M,Unmarried,GEN,Self-Employed Non-Professional,108000.0,11000.0,97000.0,122000.0
RET-05355,32,F,Married,GEN,Salaried,47000.0,10000.0,37000.0,73000.0
RET-05356,46,F,Married,GEN,Salaried,92000.0,13000.0,79000.0,146000.0
RET-05357,21,M,Unmarried,OBC,Self-Employed Professional,162000.0,17000.0,145000.0,111000.0
RET-05358,28,F,Unmarried,GEN,Salaried,41000.0,5000.0,36000.0,37000.0
RET-05359,21,M,Married,OBC,Self-Employed Professional,64000.0,3000.0,61000.0,133000.0
RET-05360,35,F,Married,GEN,Self-Employed Professional,64000.0,10000.0,54000.0,107000.0
RET-05361,37,F,Married,GEN,Self-Employed Non-Professional,59000.0,7000.0,52000.0,71000.0
RET-05362,39,F,Unmarried,SC,Salaried,118000.0,28000.0,90000.0,265000.0
RET-05363,38,M,Unmarried,OBC,Salaried,124000.0,26000.0,98000.0,207000.0
RET-05364,28,M,Unmarried,SC,Salaried,93000.0,17000.0,76000.0,82000.0
RET-05365,36,F,Married,GEN,Salaried,91000.0,21000.0,70000.0,117000.0
RET-05366,23,M,Married,GEN,Self-Employed Non-Professional,52000.0,5000.0,47000.0,107000.0
RET-05367,51,F,Unmarried,OBC,Self-Employed Non-Professional,89000.0,13000.0,76000.0,166000.0
RET-05368,34,F,Married,ST,Self-Employed Non-Professional,34000.0,4000.0,30000.0,33000.0
RET-05369,33,M,Married,ST,Salaried,324000.0,47000.0,277000.0,587000.0
RET-05370,53,F,Married,SC,Self-Employed Professional,164000.0,16000.0,148000.0,197000.0
RET-05371,25,F,Married,GEN,Salaried,130000.0,32000.0,98000.0,161000.0
RET-05372,26,M,Unmarried,SC,Self-Employed Non-Professional,93000.0,6000.0,87000.0,189000.0
RET-05373,27,M,Married,ST,Salaried,93000.0,20000.0,73000.0,143000.0
RET-05374,37,F,Unmarried,GEN,Salaried,27000.0,6000.0,21000.0,48000.0
RET-05375,42,M,Married,GEN,Self-Employed Non-Professional,34000.0,5000.0,29000.0,42000.0
RET-05376,45,M,Unmarried,OBC,Self-Employed Professional,37000.0,5000.0,32000.0,76000.0
RET-05377,63,F,Unmarried,GEN,Self-Employed Non-Professional,76000.0,8000.0,68000.0,37000.0
RET-05378,21,M,Married,OBC,Salaried,62000.0,14000.0,48000.0,47000.0
RET-05379,44,F,Married,ST,Self-Employed Non-Professional,119000.0,8000.0,111000.0,326000.0
RET-05380,32,M,Married,ST,Self-Employed Professional,41000.0,3000.0,38000.0,27000.0
RET-05381,32,M,Married,Minority,Self-Employed Professional,135000.0,19000.0,116000.0,250000.0
RET-05382,31,F,Unmarried,GEN,Salaried,45000.0,5000.0,40000.0,112000.0
RET-05383,28,M,Married,GEN,Self-Employed Professional,57000.0,5000.0,52000.0,138000.0
RET-05384,54,F,Married,OBC,Salaried,125000.0,23000.0,102000.0,284000.0
RET-05385,46,F,Married,GEN,Salaried,99000.0,18000.0,81000.0,240000.0
RET-05386,38,F,Married,GEN,Salaried,35000.0,8000.0,27000.0,38000.0
RET-05387,51,M,Unmarried,OBC,Self-Employed Professional,138000.0,7000.0,131000.0,174000.0
RET-05388,22,M,Married,GEN,Salaried,77000.0,14000.0,63000.0,51000.0
RET-05389,24,F,Married,GEN,Salaried,25000.0,6000.0,19000.0,19000.0
RET-05390,21,M,Unmarried,GEN,Self-Employed Professional,44000.0,6000.0,38000.0,81000.0
RET-05391,31,M,Married,Minority,Salaried,57000.0,12000.0,45000.0,60000.0
RET-05392,39,M,Unmarried,GEN,Salaried,36000.0,6000.0,30000.0,41000.0
RET-05393,39,M,Married,GEN,Self-Employed Non-Professional,164000.0,15000.0,149000.0,315000.0
RET-05394,39,F,Married,Minority,Salaried,58000.0,8000.0,50000.0,38000.0
RET-05395,23,F,Married,GEN,Salaried,96000.0,23000.0,73000.0,47000.0
RET-05396,46,F,Married,GEN,Salaried,83000.0,19000.0,64000.0,160000.0
RET-05397,40,M,Unmarried,OBC,Salaried,112000.0,14000.0,98000.0,243000.0
RET-05398,45,F,Married,GEN,Salaried,200000.0,28000.0,172000.0,252000.0
RET-05399,21,M,Married,GEN,Self-Employed Non-Professional,110000.0,7000.0,103000.0,204000.0
RET-05400,41,M,Married,ST,Self-Employed Professional,208000.0,17000.0,191000.0,209000.0
RET-05401,26,M,Married,GEN,Salaried,111000.0,15000.0,96000.0,136000.0
RET-05402,34,F,Unmarried,OBC,Salaried,79000.0,17000.0,62000.0,37000.0
RET-05403,43,F,Married,OBC,Salaried,89000.0,9000.0,80000.0,95000.0
RET-05404,38,F,Unmarried,GEN,Salaried,25000.0,4000.0,21000.0,11000.0
RET-05405,29,F,Unmarried,OBC,Self-Employed Non-Professional,56000.0,5000.0,51000.0,80000.0
RET-05406,38,F,Married,GEN,Salaried,67000.0,14000.0,53000.0,95000.0
RET-05407,22,M,Unmarried,GEN,Self-Employed Professional,95000.0,9000.0,86000.0,149000.0
RET-05408,49,F,Married,OBC,Self-Employed Professional,72000.0,7000.0,65000.0,88000.0
RET-05409,35,M,Married,GEN,Self-Employed Non-Professional,89000.0,13000.0,76000.0,77000.0
RET-05410,49,M,Married,OBC,Salaried,33000.0,4000.0,29000.0,47000.0
RET-05411,32,M,Married,GEN,Salaried,28000.0,3000.0,25000.0,67000.0
RET-05412,32,M,Unmarried,GEN,Salaried,36000.0,6000.0,30000.0,89000.0
RET-05413,30,M,Married,OBC,Self-Employed Non-Professional,188000.0,14000.0,174000.0,223000.0
RET-05414,46,M,Married,GEN,Salaried,34000.0,8000.0,26000.0,76000.0
RET-05415,30,M,Married,ST,Salaried,46000.0,5000.0,41000.0,65000.0
RET-05416,44,F,Unmarried,OBC,Self-Employed Professional,78000.0,9000.0,69000.0,140000.0
RET-05417,34,F,Married,Minority,Salaried,28000.0,6000.0,22000.0,55000.0
RET-05418,21,M,Unmarried,GEN,Salaried,43000.0,6000.0,37000.0,52000.0
RET-05419,32,M,Married,Minority,Salaried,110000.0,23000.0,87000.0,89000.0
RET-05420,26,M,Unmarried,OBC,Salaried,56000.0,9000.0,47000.0,56000.0
RET-05421,38,M,Unmarried,OBC,Self-Employed Non-Professional,201000.0,11000.0,190000.0,493000.0
RET-05422,26,M,Unmarried,Minority,Salaried,26000.0,4000.0,22000.0,62000.0
RET-05423,47,F,Married,OBC,Salaried,59000.0,14000.0,45000.0,37000.0
RET-05424,37,M,Married,ST,Self-Employed Non-Professional,56000.0,5000.0,51000.0,114000.0
RET-05425,36,M,Unmarried,OBC,Salaried,73000.0,17000.0,56000.0,33000.0
RET-05426,44,M,Married,OBC,Salaried,35000.0,8000.0,27000.0,73000.0
RET-05427,47,M,Married,GEN,Salaried,52000.0,7000.0,45000.0,119000.0
RET-05428,37,M,Married,GEN,Self-Employed Non-Professional,117000.0,11000.0,106000.0,258000.0
RET-05429,30,M,Married,OBC,Self-Employed Non-Professional,62000.0,5000.0,57000.0,146000.0
RET-05430,21,F,Married,Minority,Salaried,38000.0,9000.0,29000.0,58000.0
RET-05431,31,M,Married,SC,Salaried,255000.0,46000.0,209000.0,181000.0
RET-05432,31,M,Married,OBC,Self-Employed Non-Professional,75000.0,4000.0,71000.0,198000.0
RET-05433,39,M,Married,OBC,Salaried,106000.0,17000.0,89000.0,76000.0
RET-05434,34,M,Married,GEN,Salaried,116000.0,19000.0,97000.0,103000.0
RET-05435,44,M,Married,GEN,Self-Employed Professional,70000.0,9000.0,61000.0,96000.0
RET-05436,31,M,Unmarried,GEN,Self-Employed Professional,46000.0,3000.0,43000.0,75000.0
RET-05437,37,M,Married,GEN,Self-Employed Non-Professional,82000.0,6000.0,76000.0,56000.0
RET-05438,49,M,Married,OBC,Self-Employed Non-Professional,48000.0,3000.0,45000.0,108000.0
RET-05439,41,M,Married,SC,Self-Employed Non-Professional,91000.0,13000.0,78000.0,66000.0
RET-05440,37,M,Married,GEN,Self-Employed Non-Professional,66000.0,4000.0,62000.0,132000.0
RET-05441,31,M,Married,GEN,Salaried,136000.0,15000.0,121000.0,197000.0
RET-05442,31,M,Married,GEN,Salaried,37000.0,6000.0,31000.0,78000.0
RET-05443,29,M,Unmarried,GEN,Self-Employed Non-Professional,113000.0,16000.0,97000.0,120000.0
RET-05444,32,M,Married,GEN,Salaried,106000.0,22000.0,84000.0,218000.0
RET-05445,45,M,Unmarried,GEN,Self-Employed Professional,63000.0,8000.0,55000.0,62000.0
RET-05446,35,M,Unmarried,GEN,Self-Employed Non-Professional,113000.0,13000.0,100000.0,194000.0
RET-05447,24,M,Married,Minority,Salaried,94000.0,11000.0,83000.0,142000.0
RET-05448,55,M,Married,GEN,Salaried,109000.0,15000.0,94000.0,130000.0
RET-05449,41,M,Married,SC,Salaried,105000.0,14000.0,91000.0,48000.0
RET-05450,23,F,Unmarried,OBC,Salaried,75000.0,12000.0,63000.0,94000.0
RET-05451,33,F,Unmarried,GEN,Self-Employed Professional,51000.0,5000.0,46000.0,37000.0
RET-05452,39,F,Unmarried,SC,Salaried,51000.0,6000.0,45000.0,48000.0
RET-05453,55,F,Married,OBC,Self-Employed Non-Professional,64000.0,5000.0,59000.0,131000.0
RET-05454,26,F,Unmarried,GEN,Salaried,121000.0,17000.0,104000.0,201000.0
RET-05455,47,F,Unmarried,GEN,Self-Employed Professional,107000.0,11000.0,96000.0,174000.0
RET-05456,51,M,Married,SC,Salaried,134000.0,17000.0,117000.0,223000.0
RET-05457,31,M,Married,GEN,Salaried,142000.0,25000.0,117000.0,94000.0
RET-05458,35,M,Married,GEN,Salaried,64000.0,9000.0,55000.0,50000.0
RET-05459,27,M,Married,GEN,Salaried,237000.0,27000.0,210000.0,390000.0
RET-05460,35,F,Unmarried,GEN,Self-Employed Professional,69000.0,5000.0,64000.0,97000.0
RET-05461,37,M,Married,SC,Self-Employed Non-Professional,54000.0,5000.0,49000.0,81000.0
RET-05462,44,F,Married,SC,Salaried,89000.0,14000.0,75000.0,202000.0
RET-05463,48,M,Married,OBC,Salaried,98000.0,13000.0,85000.0,82000.0
RET-05464,30,M,Married,GEN,Self-Employed Professional,47000.0,3000.0,44000.0,122000.0
RET-05465,21,M,Married,Minority,Self-Employed Non-Professional,66000.0,7000.0,59000.0,156000.0
RET-05466,37,M,Unmarried,OBC,Salaried,56000.0,8000.0,48000.0,132000.0
RET-05467,40,M,Married,SC,Salaried,80000.0,14000.0,66000.0,139000.0
RET-05468,40,F,Married,GEN,Salaried,118000.0,16000.0,102000.0,271000.0
RET-05469,34,F,Married,GEN,Salaried,62000.0,11000.0,51000.0,152000.0
RET-05470,39,F,Married,ST,Salaried,103000.0,22000.0,81000.0,136000.0
RET-05471,53,M,Married,GEN,Salaried,32000.0,3000.0,29000.0,77000.0
RET-05472,41,F,Married,OBC,Salaried,125000.0,22000.0,103000.0,284000.0
RET-05473,34,M,Married,OBC,Salaried,56000.0,9000.0,47000.0,60000.0
RET-05474,32,M,Married,GEN,Salaried,55000.0,6000.0,49000.0,79000.0
RET-05475,36,F,Married,SC,Salaried,93000.0,22000.0,71000.0,137000.0
RET-05476,54,M,Married,GEN,Salaried,96000.0,13000.0,83000.0,114000.0
RET-05477,36,M,Unmarried,OBC,Salaried,68000.0,13000.0,55000.0,72000.0
RET-05478,37,M,Married,Minority,Salaried,43000.0,7000.0,36000.0,52000.0
RET-05479,33,F,Unmarried,Minority,Salaried,55000.0,8000.0,47000.0,73000.0
RET-05480,48,M,Married,SC,Self-Employed Non-Professional,77000.0,6000.0,71000.0,80000.0
RET-05481,57,M,Married,OBC,Salaried,98000.0,20000.0,78000.0,131000.0
RET-05482,42,M,Unmarried,OBC,Self-Employed Professional,45000.0,3000.0,42000.0,103000.0
RET-05483,38,F,Married,OBC,Salaried,50000.0,10000.0,40000.0,82000.0
RET-05484,38,F,Married,GEN,Salaried,86000.0,15000.0,71000.0,103000.0
RET-05485,21,M,Married,GEN,Self-Employed Professional,70000.0,10000.0,60000.0,53000.0
RET-05486,45,M,Unmarried,OBC,Salaried,80000.0,14000.0,66000.0,169000.0
RET-05487,39,M,Married,GEN,Salaried,25000.0,6000.0,19000.0,34000.0
RET-05488,42,M,Married,Minority,Salaried,61000.0,11000.0,50000.0,146000.0
RET-05489,30,F,Married,GEN,Salaried,122000.0,18000.0,104000.0,118000.0
RET-05490,34,M,Unmarried,GEN,Salaried,51000.0,9000.0,42000.0,39000.0
RET-05491,33,M,Married,GEN,Self-Employed Professional,98000.0,12000.0,86000.0,45000.0
RET-05492,48,F,Married,ST,Salaried,35000.0,5000.0,30000.0,21000.0
RET-05493,34,M,Married,Minority,Self-Employed Non-Professional,29000.0,3000.0,26000.0,38000.0
RET-05494,58,F,Unmarried,GEN,Salaried,94000.0,15000.0,79000.0,79000.0
RET-05495,42,F,Married,SC,Salaried,71000.0,17000.0,54000.0,32000.0
RET-05496,25,F,Married,OBC,Self-Employed Non-Professional,60000.0,9000.0,51000.0,54000.0
RET-05497,36,M,Unmarried,OBC,Salaried,122000.0,19000.0,103000.0,239000.0
RET-05498,31,M,Married,SC,Self-Employed Non-Professional,61000.0,4000.0,57000.0,133000.0
RET-05499,21,F,Married,GEN,Salaried,50000.0,6000.0,44000.0,38000.0
RET-05500,53,M,Unmarried,OBC,Salaried,47000.0,11000.0,36000.0,102000.0
RET-05501,45,M,Unmarried,GEN,Salaried,41000.0,9000.0,32000.0,29000.0
RET-05502,43,M,Married,GEN,Salaried,97000.0,18000.0,79000.0,57000.0
RET-05503,39,M,Married,GEN,Salaried,61000.0,8000.0,53000.0,48000.0
RET-05504,24,F,Married,GEN,Salaried,145000.0,17000.0,128000.0,109000.0
RET-05505,33,M,Unmarried,OBC,Salaried,25000.0,3000.0,22000.0,46000.0
RET-05506,46,M,Unmarried,GEN,Salaried,127000.0,27000.0,100000.0,89000.0
RET-05507,27,F,Married,OBC,Salaried,91000.0,22000.0,69000.0,144000.0
RET-05508,21,F,Unmarried,OBC,Self-Employed Non-Professional,69000.0,5000.0,64000.0,76000.0
RET-05509,35,M,Unmarried,Minority,Salaried,34000.0,6000.0,28000.0,31000.0
RET-05510,36,M,Married,OBC,Self-Employed Professional,27000.0,4000.0,23000.0,63000.0
RET-05511,39,M,Married,Minority,Salaried,115000.0,26000.0,89000.0,92000.0
RET-05512,45,M,Married,GEN,Salaried,85000.0,17000.0,68000.0,181000.0
RET-05513,44,F,Married,OBC,Salaried,84000.0,9000.0,75000.0,94000.0
RET-05514,40,M,Unmarried,GEN,Self-Employed Non-Professional,69000.0,8000.0,61000.0,182000.0
RET-05515,49,M,Unmarried,OBC,Self-Employed Non-Professional,122000.0,11000.0,111000.0,328000.0
RET-05516,22,M,Married,GEN,Salaried,51000.0,8000.0,43000.0,110000.0
RET-05517,43,M,Married,OBC,Salaried,60000.0,10000.0,50000.0,134000.0
RET-05518,44,M,Married,GEN,Salaried,66000.0,16000.0,50000.0,128000.0
RET-05519,25,M,Unmarried,GEN,Self-Employed Professional,64000.0,4000.0,60000.0,124000.0
RET-05520,22,F,Married,OBC,Salaried,163000.0,33000.0,130000.0,328000.0
RET-05521,30,M,Married,Minority,Self-Employed Non-Professional,34000.0,2000.0,32000.0,66000.0
RET-05522,31,F,Married,GEN,Self-Employed Professional,25000.0,3000.0,22000.0,57000.0
RET-05523,45,M,Married,Minority,Self-Employed Non-Professional,31000.0,2000.0,29000.0,82000.0
RET-05524,31,M,Married,GEN,Salaried,110000.0,18000.0,92000.0,219000.0
RET-05525,29,M,Unmarried,OBC,Self-Employed Professional,69000.0,9000.0,60000.0,175000.0
RET-05526,31,M,Married,Minority,Salaried,28000.0,4000.0,24000.0,39000.0
RET-05527,49,M,Married,GEN,Salaried,78000.0,10000.0,68000.0,191000.0
RET-05528,38,M,Married,GEN,Salaried,60000.0,9000.0,51000.0,54000.0
RET-05529,36,F,Married,GEN,Self-Employed Professional,102000.0,12000.0,90000.0,52000.0
RET-05530,36,F,Married,GEN,Salaried,118000.0,12000.0,106000.0,87000.0
RET-05531,50,M,Married,SC,Self-Employed Professional,331000.0,34000.0,297000.0,267000.0
RET-05532,30,M,Unmarried,OBC,Self-Employed Professional,36000.0,5000.0,31000.0,79000.0
RET-05533,51,F,Married,Minority,Self-Employed Professional,25000.0,3000.0,22000.0,33000.0
RET-05534,40,M,Married,GEN,Salaried,104000.0,18000.0,86000.0,93000.0
RET-05535,36,F,Married,OBC,Self-Employed Non-Professional,132000.0,10000.0,122000.0,309000.0
RET-05536,63,F,Unmarried,GEN,Salaried,34000.0,7000.0,27000.0,27000.0
RET-05537,27,M,Married,Minority,Self-Employed Non-Professional,34000.0,2000.0,32000.0,22000.0
RET-05538,34,M,Unmarried,GEN,Salaried,90000.0,12000.0,78000.0,130000.0
RET-05539,25,M,Married,Minority,Self-Employed Non-Professional,205000.0,11000.0,194000.0,131000.0
RET-05540,47,F,Married,GEN,Salaried,43000.0,11000.0,32000.0,38000.0
RET-05541,54,M,Married,OBC,Self-Employed Professional,77000.0,11000.0,66000.0,149000.0
RET-05542,54,F,Unmarried,GEN,Salaried,25000.0,4000.0,21000.0,30000.0
RET-05543,50,M,Married,ST,Self-Employed Professional,65000.0,4000.0,61000.0,44000.0
RET-05544,36,M,Married,OBC,Salaried,68000.0,15000.0,53000.0,80000.0
RET-05545,34,M,Married,OBC,Self-Employed Professional,176000.0,14000.0,162000.0,289000.0
RET-05546,21,M,Married,OBC,Salaried,48000.0,9000.0,39000.0,44000.0
RET-05547,58,M,Married,GEN,Self-Employed Professional,110000.0,10000.0,100000.0,93000.0
RET-05548,42,M,Married,GEN,Salaried,46000.0,6000.0,40000.0,96000.0
RET-05549,33,M,Married,SC,Salaried,77000.0,9000.0,68000.0,46000.0
RET-05550,51,M,Married,GEN,Self-Employed Non-Professional,254000.0,36000.0,218000.0,630000.0
RET-05551,28,M,Married,SC,Self-Employed Non-Professional,214000.0,27000.0,187000.0,97000.0
RET-05552,42,F,Married,OBC,Self-Employed Professional,237000.0,17000.0,220000.0,468000.0
RET-05553,36,M,Married,GEN,Self-Employed Non-Professional,93000.0,11000.0,82000.0,68000.0
RET-05554,44,M,Married,OBC,Salaried,64000.0,15000.0,49000.0,92000.0
RET-05555,37,F,Married,OBC,Salaried,87000.0,21000.0,66000.0,64000.0
RET-05556,23,F,Married,OBC,Salaried,97000.0,20000.0,77000.0,45000.0
RET-05557,38,M,Married,SC,Salaried,92000.0,15000.0,77000.0,204000.0
RET-05558,48,M,Married,GEN,Salaried,48000.0,9000.0,39000.0,61000.0
RET-05559,37,F,Married,Minority,Self-Employed Professional,47000.0,7000.0,40000.0,48000.0
RET-05560,45,F,Married,GEN,Salaried,51000.0,6000.0,45000.0,129000.0
RET-05561,27,F,Married,ST,Salaried,139000.0,30000.0,109000.0,77000.0
RET-05562,37,M,Married,GEN,Salaried,148000.0,15000.0,133000.0,182000.0
RET-05563,31,M,Married,GEN,Salaried,494000.0,53000.0,441000.0,416000.0
RET-05564,45,M,Married,OBC,Salaried,94000.0,17000.0,77000.0,229000.0
RET-05565,38,F,Married,GEN,Salaried,46000.0,6000.0,40000.0,75000.0
RET-05566,44,M,Married,Minority,Self-Employed Non-Professional,55000.0,7000.0,48000.0,121000.0
RET-05567,48,M,Unmarried,GEN,Salaried,67000.0,11000.0,56000.0,51000.0
RET-05568,44,F,Married,GEN,Self-Employed Non-Professional,181000.0,10000.0,171000.0,216000.0
RET-05569,40,M,Unmarried,GEN,Salaried,114000.0,16000.0,98000.0,201000.0
RET-05570,28,M,Married,GEN,Salaried,33000.0,6000.0,27000.0,26000.0
RET-05571,37,M,Unmarried,OBC,Salaried,71000.0,11000.0,60000.0,105000.0
RET-05572,32,M,Married,OBC,Self-Employed Professional,30000.0,2000.0,28000.0,79000.0
RET-05573,34,M,Unmarried,GEN,Self-Employed Non-Professional,104000.0,8000.0,96000.0,271000.0
RET-05574,34,M,Married,GEN,Salaried,48000.0,7000.0,41000.0,57000.0
RET-05575,28,M,Married,GEN,Salaried,51000.0,10000.0,41000.0,73000.0
RET-05576,21,M,Married,GEN,Salaried,25000.0,5000.0,20000.0,20000.0
RET-05577,31,M,Unmarried,OBC,Salaried,115000.0,15000.0,100000.0,295000.0
RET-05578,39,M,Unmarried,SC,Self-Employed Non-Professional,151000.0,16000.0,135000.0,243000.0
RET-05579,24,M,Married,SC,Salaried,48000.0,11000.0,37000.0,38000.0
RET-05580,38,M,Married,Minority,Salaried,66000.0,12000.0,54000.0,141000.0
RET-05581,57,M,Married,ST,Self-Employed Non-Professional,55000.0,7000.0,48000.0,74000.0
RET-05582,48,M,Married,GEN,Salaried,64000.0,14000.0,50000.0,105000.0
RET-05583,54,M,Married,GEN,Self-Employed Professional,45000.0,4000.0,41000.0,107000.0
RET-05584,41,M,Unmarried,Minority,Self-Employed Professional,38000.0,5000.0,33000.0,42000.0
RET-05585,49,M,Married,OBC,Salaried,166000.0,27000.0,139000.0,270000.0
RET-05586,30,M,Married,GEN,Salaried,25000.0,5000.0,20000.0,13000.0
RET-05587,31,F,Married,OBC,Salaried,99000.0,21000.0,78000.0,85000.0
RET-05588,21,M,Married,Minority,Self-Employed Non-Professional,87000.0,11000.0,76000.0,64000.0
RET-05589,49,M,Married,SC,Self-Employed Professional,197000.0,16000.0,181000.0,382000.0
RET-05590,53,M,Married,GEN,Salaried,63000.0,13000.0,50000.0,57000.0
RET-05591,32,F,Married,Minority,Self-Employed Professional,59000.0,8000.0,51000.0,122000.0
RET-05592,35,M,Married,Minority,Self-Employed Professional,45000.0,3000.0,42000.0,101000.0
RET-05593,30,M,Married,GEN,Salaried,91000.0,15000.0,76000.0,187000.0
RET-05594,41,M,Married,ST,Salaried,48000.0,7000.0,41000.0,34000.0
RET-05595,49,M,Unmarried,ST,Self-Employed Professional,37000.0,3000.0,34000.0,62000.0
RET-05596,21,F,Married,GEN,Salaried,47000.0,11000.0,36000.0,79000.0
RET-05597,42,M,Unmarried,OBC,Self-Employed Non-Professional,41000.0,4000.0,37000.0,48000.0
RET-05598,35,F,Married,GEN,Self-Employed Professional,40000.0,6000.0,34000.0,39000.0
RET-05599,39,M,Married,OBC,Salaried,77000.0,17000.0,60000.0,138000.0
RET-05600,42,M,Married,Minority,Self-Employed Non-Professional,65000.0,6000.0,59000.0,81000.0
RET-05601,36,M,Unmarried,GEN,Salaried,102000.0,16000.0,86000.0,97000.0
RET-05602,36,M,Unmarried,GEN,Self-Employed Non-Professional,80000.0,9000.0,71000.0,135000.0
RET-05603,35,M,Married,Minority,Salaried,36000.0,7000.0,29000.0,59000.0
RET-05604,47,M,Married,Minority,Self-Employed Professional,25000.0,3000.0,22000.0,54000.0
RET-05605,42,M,Unmarried,GEN,Self-Employed Professional,39000.0,2000.0,37000.0,22000.0
RET-05606,40,F,Married,Minority,Salaried,116000.0,13000.0,103000.0,96000.0
RET-05607,25,M,Married,GEN,Salaried,114000.0,25000.0,89000.0,217000.0
RET-05608,34,M,Married,GEN,Salaried,132000.0,32000.0,100000.0,183000.0
RET-05609,46,M,Married,SC,Salaried,121000.0,17000.0,104000.0,262000.0
RET-05610,38,M,Married,SC,Salaried,140000.0,25000.0,115000.0,186000.0
RET-05611,44,M,Married,OBC,Self-Employed Non-Professional,93000.0,9000.0,84000.0,138000.0
RET-05612,55,F,Married,GEN,Self-Employed Professional,216000.0,20000.0,196000.0,283000.0
RET-05613,48,F,Married,GEN,Salaried,87000.0,11000.0,76000.0,169000.0
RET-05614,38,M,Married,Minority,Self-Employed Professional,243000.0,18000.0,225000.0,444000.0
RET-05615,32,M,Married,GEN,Salaried,50000.0,10000.0,40000.0,59000.0
RET-05616,21,M,Married,GEN,Self-Employed Non-Professional,49000.0,5000.0,44000.0,43000.0
RET-05617,36,F,Married,SC,Salaried,65000.0,16000.0,49000.0,25000.0
RET-05618,34,M,Unmarried,OBC,Salaried,72000.0,18000.0,54000.0,39000.0
RET-05619,41,M,Unmarried,GEN,Salaried,60000.0,14000.0,46000.0,35000.0
RET-05620,36,F,Married,GEN,Self-Employed Non-Professional,101000.0,10000.0,91000.0,175000.0
RET-05621,34,F,Unmarried,ST,Salaried,69000.0,9000.0,60000.0,144000.0
RET-05622,21,M,Married,Minority,Salaried,51000.0,11000.0,40000.0,66000.0
RET-05623,28,F,Married,GEN,Salaried,58000.0,11000.0,47000.0,72000.0
RET-05624,42,M,Married,OBC,Salaried,152000.0,24000.0,128000.0,106000.0
RET-05625,55,M,Unmarried,GEN,Salaried,88000.0,14000.0,74000.0,204000.0
RET-05626,37,M,Unmarried,SC,Self-Employed Professional,27000.0,4000.0,23000.0,54000.0
RET-05627,41,F,Married,GEN,Salaried,181000.0,23000.0,158000.0,244000.0
RET-05628,47,M,Married,OBC,Salaried,95000.0,23000.0,72000.0,53000.0
RET-05629,29,M,Married,OBC,Salaried,107000.0,21000.0,86000.0,225000.0
RET-05630,41,F,Married,OBC,Salaried,128000.0,28000.0,100000.0,92000.0
RET-05631,30,M,Married,ST,Salaried,132000.0,21000.0,111000.0,242000.0
RET-05632,46,F,Married,GEN,Salaried,42000.0,8000.0,34000.0,46000.0
RET-05633,39,M,Unmarried,SC,Salaried,38000.0,8000.0,30000.0,79000.0
RET-05634,40,M,Unmarried,GEN,Salaried,308000.0,51000.0,257000.0,506000.0
RET-05635,30,M,Married,GEN,Salaried,48000.0,8000.0,40000.0,43000.0
RET-05636,45,F,Married,GEN,Salaried,92000.0,17000.0,75000.0,40000.0
RET-05637,58,M,Unmarried,GEN,Salaried,195000.0,21000.0,174000.0,179000.0
RET-05638,27,M,Unmarried,GEN,Self-Employed Professional,56000.0,4000.0,52000.0,73000.0
RET-05639,34,M,Married,SC,Self-Employed Professional,59000.0,6000.0,53000.0,120000.0
RET-05640,40,F,Married,OBC,Salaried,128000.0,18000.0,110000.0,114000.0
RET-05641,45,M,Unmarried,ST,Salaried,83000.0,19000.0,64000.0,74000.0
RET-05642,32,M,Unmarried,OBC,Salaried,98000.0,21000.0,77000.0,122000.0
RET-05643,21,M,Married,GEN,Self-Employed Non-Professional,70000.0,5000.0,65000.0,39000.0
RET-05644,51,F,Married,GEN,Salaried,53000.0,8000.0,45000.0,109000.0
RET-05645,45,M,Married,ST,Salaried,60000.0,10000.0,50000.0,35000.0
RET-05646,21,M,Married,GEN,Salaried,150000.0,27000.0,123000.0,288000.0
RET-05647,31,F,Unmarried,GEN,Salaried,61000.0,10000.0,51000.0,60000.0
RET-05648,53,F,Married,GEN,Salaried,95000.0,15000.0,80000.0,132000.0
RET-05649,52,M,Unmarried,GEN,Self-Employed Non-Professional,41000.0,5000.0,36000.0,55000.0
RET-05650,47,F,Married,OBC,Salaried,249000.0,51000.0,198000.0,224000.0
RET-05651,36,M,Married,GEN,Salaried,89000.0,17000.0,72000.0,82000.0
RET-05652,38,M,Married,OBC,Self-Employed Non-Professional,90000.0,8000.0,82000.0,236000.0
RET-05653,36,M,Unmarried,GEN,Salaried,127000.0,15000.0,112000.0,142000.0
RET-05654,49,M,Unmarried,SC,Salaried,55000.0,6000.0,49000.0,47000.0
RET-05655,29,F,Married,SC,Salaried,150000.0,27000.0,123000.0,139000.0
RET-05656,29,M,Married,OBC,Salaried,29000.0,4000.0,25000.0,56000.0
RET-05657,48,M,Unmarried,GEN,Self-Employed Professional,51000.0,7000.0,44000.0,56000.0
RET-05658,37,M,Married,GEN,Salaried,45000.0,6000.0,39000.0,36000.0
RET-05659,51,M,Unmarried,SC,Self-Employed Professional,25000.0,2000.0,23000.0,35000.0
RET-05660,31,M,Married,GEN,Self-Employed Professional,53000.0,6000.0,47000.0,37000.0
RET-05661,37,M,Married,GEN,Salaried,71000.0,12000.0,59000.0,88000.0
RET-05662,28,M,Married,Minority,Salaried,38000.0,6000.0,32000.0,85000.0
RET-05663,38,F,Unmarried,Minority,Salaried,35000.0,8000.0,27000.0,39000.0
RET-05664,23,M,Unmarried,ST,Self-Employed Non-Professional,75000.0,11000.0,64000.0,114000.0
RET-05665,33,M,Married,Minority,Salaried,70000.0,10000.0,60000.0,148000.0
RET-05666,23,M,Married,ST,Salaried,62000.0,14000.0,48000.0,86000.0
RET-05667,44,M,Married,OBC,Self-Employed Non-Professional,34000.0,3000.0,31000.0,19000.0
RET-05668,45,F,Married,GEN,Salaried,58000.0,10000.0,48000.0,50000.0
RET-05669,21,F,Married,Minority,Salaried,49000.0,7000.0,42000.0,115000.0
RET-05670,51,M,Unmarried,ST,Salaried,77000.0,15000.0,62000.0,155000.0
RET-05671,62,M,Married,GEN,Salaried,52000.0,6000.0,46000.0,110000.0
RET-05672,38,M,Married,GEN,Salaried,71000.0,13000.0,58000.0,108000.0
RET-05673,31,M,Married,GEN,Self-Employed Non-Professional,33000.0,5000.0,28000.0,39000.0
RET-05674,65,M,Married,Minority,Salaried,32000.0,7000.0,25000.0,56000.0
RET-05675,24,F,Married,OBC,Salaried,102000.0,24000.0,78000.0,168000.0
RET-05676,38,F,Unmarried,GEN,Salaried,116000.0,20000.0,96000.0,202000.0
RET-05677,39,M,Married,GEN,Self-Employed Professional,58000.0,3000.0,55000.0,97000.0
RET-05678,51,F,Married,Minority,Self-Employed Professional,74000.0,5000.0,69000.0,79000.0
RET-05679,41,F,Married,OBC,Salaried,56000.0,6000.0,50000.0,79000.0
RET-05680,33,F,Unmarried,GEN,Salaried,141000.0,25000.0,116000.0,207000.0
RET-05681,28,F,Married,GEN,Self-Employed Professional,65000.0,3000.0,62000.0,64000.0
RET-05682,34,M,Married,GEN,Salaried,54000.0,9000.0,45000.0,48000.0
RET-05683,27,M,Unmarried,GEN,Salaried,131000.0,24000.0,107000.0,265000.0
RET-05684,38,F,Unmarried,OBC,Salaried,46000.0,7000.0,39000.0,51000.0
RET-05685,32,F,Married,OBC,Salaried,80000.0,9000.0,71000.0,208000.0
RET-05686,23,F,Married,GEN,Salaried,39000.0,6000.0,33000.0,53000.0
RET-05687,50,M,Unmarried,OBC,Self-Employed Non-Professional,109000.0,9000.0,100000.0,202000.0
RET-05688,33,M,Married,GEN,Salaried,119000.0,29000.0,90000.0,158000.0
RET-05689,25,M,Married,Minority,Salaried,34000.0,5000.0,29000.0,50000.0
RET-05690,36,M,Married,GEN,Salaried,31000.0,6000.0,25000.0,68000.0
RET-05691,38,M,Married,GEN,Salaried,87000.0,19000.0,68000.0,50000.0
RET-05692,21,M,Unmarried,GEN,Salaried,234000.0,35000.0,199000.0,272000.0
RET-05693,41,M,Married,GEN,Salaried,124000.0,30000.0,94000.0,114000.0
RET-05694,27,M,Married,GEN,Salaried,64000.0,10000.0,54000.0,71000.0
RET-05695,55,M,Unmarried,GEN,Salaried,44000.0,11000.0,33000.0,92000.0
RET-05696,43,M,Married,OBC,Salaried,35000.0,4000.0,31000.0,21000.0
RET-05697,34,M,Married,GEN,Self-Employed Non-Professional,112000.0,11000.0,101000.0,122000.0
RET-05698,30,M,Married,GEN,Salaried,127000.0,28000.0,99000.0,232000.0
RET-05699,36,F,Married,Minority,Self-Employed Professional,50000.0,7000.0,43000.0,47000.0
RET-05700,44,M,Married,GEN,Salaried,63000.0,7000.0,56000.0,145000.0
RET-05701,37,M,Married,SC,Salaried,75000.0,8000.0,67000.0,89000.0
RET-05702,35,F,Married,GEN,Salaried,217000.0,24000.0,193000.0,151000.0
RET-05703,38,M,Married,GEN,Salaried,76000.0,14000.0,62000.0,111000.0
RET-05704,31,F,Married,GEN,Salaried,41000.0,9000.0,32000.0,57000.0
RET-05705,34,M,Married,GEN,Salaried,37000.0,4000.0,33000.0,20000.0
RET-05706,21,F,Married,Minority,Salaried,42000.0,5000.0,37000.0,85000.0
RET-05707,47,M,Married,GEN,Salaried,156000.0,16000.0,140000.0,120000.0
RET-05708,40,F,Married,OBC,Self-Employed Professional,99000.0,13000.0,86000.0,89000.0
RET-05709,30,F,Unmarried,OBC,Salaried,59000.0,14000.0,45000.0,86000.0
RET-05710,56,M,Unmarried,GEN,Salaried,25000.0,4000.0,21000.0,57000.0
RET-05711,38,M,Married,OBC,Self-Employed Non-Professional,44000.0,3000.0,41000.0,23000.0
RET-05712,27,M,Unmarried,GEN,Salaried,90000.0,11000.0,79000.0,202000.0
RET-05713,46,M,Unmarried,OBC,Self-Employed Professional,90000.0,11000.0,79000.0,188000.0
RET-05714,41,M,Married,SC,Self-Employed Non-Professional,90000.0,10000.0,80000.0,72000.0
RET-05715,41,F,Married,GEN,Salaried,33000.0,4000.0,29000.0,42000.0
RET-05716,33,M,Unmarried,GEN,Salaried,81000.0,10000.0,71000.0,196000.0
RET-05717,42,M,Married,GEN,Self-Employed Non-Professional,41000.0,2000.0,39000.0,34000.0
RET-05718,35,F,Married,GEN,Salaried,73000.0,13000.0,60000.0,47000.0
RET-05719,43,M,Unmarried,GEN,Salaried,46000.0,8000.0,38000.0,89000.0
RET-05720,21,M,Married,Minority,Salaried,139000.0,22000.0,117000.0,196000.0
RET-05721,33,F,Married,GEN,Salaried,90000.0,12000.0,78000.0,94000.0
RET-05722,55,F,Married,GEN,Self-Employed Non-Professional,67000.0,4000.0,63000.0,59000.0
RET-05723,30,M,Married,GEN,Salaried,167000.0,19000.0,148000.0,341000.0
RET-05724,31,F,Married,GEN,Salaried,58000.0,7000.0,51000.0,82000.0
RET-05725,33,M,Unmarried,GEN,Salaried,31000.0,7000.0,24000.0,26000.0
RET-05726,25,M,Married,GEN,Salaried,138000.0,18000.0,120000.0,343000.0
RET-05727,21,M,Married,GEN,Salaried,85000.0,13000.0,72000.0,137000.0
RET-05728,35,M,Married,GEN,Self-Employed Non-Professional,60000.0,4000.0,56000.0,77000.0
RET-05729,39,M,Married,OBC,Self-Employed Non-Professional,50000.0,3000.0,47000.0,108000.0
RET-05730,37,M,Unmarried,Minority,Salaried,99000.0,20000.0,79000.0,138000.0
RET-05731,36,F,Married,GEN,Salaried,119000.0,15000.0,104000.0,54000.0
RET-05732,38,M,Married,SC,Salaried,46000.0,8000.0,38000.0,99000.0
RET-05733,48,F,Married,GEN,Salaried,103000.0,22000.0,81000.0,54000.0
RET-05734,36,M,Married,SC,Salaried,85000.0,13000.0,72000.0,214000.0
RET-05735,32,F,Married,GEN,Self-Employed Professional,44000.0,2000.0,42000.0,58000.0
RET-05736,35,M,Married,SC,Salaried,73000.0,14000.0,59000.0,107000.0
RET-05737,43,M,Married,ST,Self-Employed Professional,53000.0,5000.0,48000.0,144000.0
RET-05738,52,M,Married,SC,Salaried,154000.0,26000.0,128000.0,150000.0
RET-05739,31,F,Unmarried,SC,Self-Employed Non-Professional,50000.0,6000.0,44000.0,73000.0
RET-05740,38,F,Married,OBC,Salaried,181000.0,30000.0,151000.0,360000.0
RET-05741,41,M,Married,GEN,Self-Employed Non-Professional,79000.0,8000.0,71000.0,118000.0
RET-05742,28,M,Unmarried,OBC,Self-Employed Professional,26000.0,3000.0,23000.0,31000.0
RET-05743,38,M,Unmarried,GEN,Self-Employed Non-Professional,25000.0,2000.0,23000.0,18000.0
RET-05744,23,F,Married,GEN,Self-Employed Professional,65000.0,4000.0,61000.0,109000.0
RET-05745,21,F,Unmarried,GEN,Self-Employed Professional,163000.0,24000.0,139000.0,261000.0
RET-05746,41,F,Unmarried,OBC,Salaried,153000.0,16000.0,137000.0,148000.0
RET-05747,34,F,Married,GEN,Salaried,81000.0,11000.0,70000.0,93000.0
RET-05748,40,F,Married,OBC,Salaried,47000.0,11000.0,36000.0,45000.0
RET-05749,37,M,Married,OBC,Salaried,57000.0,8000.0,49000.0,77000.0
RET-05750,28,F,Married,GEN,Self-Employed Professional,83000.0,11000.0,72000.0,180000.0
RET-05751,37,F,Married,GEN,Salaried,140000.0,35000.0,105000.0,140000.0
RET-05752,25,F,Married,Minority,Salaried,103000.0,13000.0,90000.0,106000.0
RET-05753,51,M,Unmarried,ST,Salaried,131000.0,21000.0,110000.0,286000.0
RET-05754,24,M,Married,GEN,Salaried,108000.0,13000.0,95000.0,240000.0
RET-05755,36,M,Married,GEN,Salaried,128000.0,16000.0,112000.0,278000.0
RET-05756,27,M,Married,GEN,Salaried,25000.0,5000.0,20000.0,47000.0
RET-05757,43,M,Married,GEN,Salaried,43000.0,6000.0,37000.0,101000.0
RET-05758,34,M,Unmarried,GEN,Salaried,38000.0,7000.0,31000.0,71000.0
RET-05759,32,M,Married,Minority,Salaried,36000.0,9000.0,27000.0,25000.0
RET-05760,46,M,Married,Minority,Self-Employed Non-Professional,73000.0,8000.0,65000.0,38000.0
RET-05761,38,M,Married,SC,Self-Employed Non-Professional,31000.0,4000.0,27000.0,26000.0
RET-05762,43,M,Unmarried,GEN,Salaried,42000.0,7000.0,35000.0,49000.0
RET-05763,28,F,Married,GEN,Salaried,69000.0,10000.0,59000.0,37000.0
RET-05764,23,F,Married,OBC,Salaried,28000.0,4000.0,24000.0,57000.0
RET-05765,39,M,Married,OBC,Self-Employed Non-Professional,55000.0,5000.0,50000.0,105000.0
RET-05766,34,F,Unmarried,GEN,Salaried,107000.0,22000.0,85000.0,195000.0
RET-05767,44,F,Married,OBC,Self-Employed Professional,35000.0,4000.0,31000.0,23000.0
RET-05768,37,M,Unmarried,OBC,Self-Employed Non-Professional,118000.0,11000.0,107000.0,141000.0
RET-05769,40,M,Married,SC,Self-Employed Non-Professional,45000.0,6000.0,39000.0,64000.0
RET-05770,21,M,Married,OBC,Self-Employed Non-Professional,86000.0,5000.0,81000.0,163000.0
RET-05771,56,M,Married,SC,Self-Employed Professional,38000.0,5000.0,33000.0,83000.0
RET-05772,36,F,Married,GEN,Self-Employed Non-Professional,96000.0,7000.0,89000.0,262000.0
RET-05773,44,M,Unmarried,OBC,Self-Employed Non-Professional,61000.0,6000.0,55000.0,39000.0
RET-05774,29,M,Unmarried,GEN,Salaried,97000.0,16000.0,81000.0,170000.0
RET-05775,41,F,Unmarried,GEN,Self-Employed Non-Professional,53000.0,4000.0,49000.0,41000.0
RET-05776,24,M,Married,GEN,Self-Employed Professional,102000.0,14000.0,88000.0,110000.0
RET-05777,42,F,Unmarried,GEN,Salaried,122000.0,27000.0,95000.0,231000.0
RET-05778,34,M,Married,Minority,Salaried,79000.0,14000.0,65000.0,194000.0
RET-05779,38,M,Unmarried,GEN,Self-Employed Professional,55000.0,7000.0,48000.0,87000.0
RET-05780,44,M,Unmarried,Minority,Salaried,64000.0,11000.0,53000.0,73000.0
RET-05781,25,M,Married,GEN,Self-Employed Non-Professional,34000.0,5000.0,29000.0,30000.0
RET-05782,31,M,Unmarried,GEN,Salaried,83000.0,17000.0,66000.0,162000.0
RET-05783,42,M,Married,OBC,Self-Employed Non-Professional,106000.0,12000.0,94000.0,259000.0
RET-05784,58,M,Married,GEN,Salaried,187000.0,36000.0,151000.0,396000.0
RET-05785,36,M,Married,OBC,Salaried,160000.0,39000.0,121000.0,215000.0
RET-05786,43,M,Married,GEN,Self-Employed Non-Professional,41000.0,4000.0,37000.0,73000.0
RET-05787,36,F,Married,SC,Salaried,83000.0,20000.0,63000.0,163000.0
RET-05788,57,M,Unmarried,GEN,Self-Employed Non-Professional,68000.0,5000.0,63000.0,178000.0
RET-05789,21,M,Married,OBC,Salaried,152000.0,27000.0,125000.0,356000.0
RET-05790,38,M,Married,GEN,Self-Employed Non-Professional,48000.0,7000.0,41000.0,91000.0
RET-05791,21,M,Married,OBC,Salaried,124000.0,27000.0,97000.0,95000.0
RET-05792,21,M,Married,OBC,Salaried,40000.0,6000.0,34000.0,44000.0
RET-05793,40,M,Married,GEN,Self-Employed Non-Professional,69000.0,10000.0,59000.0,69000.0
RET-05794,39,F,Married,GEN,Salaried,43000.0,5000.0,38000.0,35000.0
RET-05795,35,M,Married,OBC,Self-Employed Non-Professional,25000.0,3000.0,22000.0,25000.0
RET-05796,36,M,Married,Minority,Self-Employed Non-Professional,43000.0,4000.0,39000.0,104000.0
RET-05797,65,M,Unmarried,GEN,Salaried,63000.0,14000.0,49000.0,119000.0
RET-05798,35,F,Married,SC,Salaried,172000.0,36000.0,136000.0,83000.0
RET-05799,43,M,Married,OBC,Salaried,38000.0,9000.0,29000.0,25000.0
RET-05800,31,M,Unmarried,OBC,Salaried,51000.0,6000.0,45000.0,133000.0
RET-05801,40,M,Unmarried,Minority,Salaried,31000.0,4000.0,27000.0,29000.0
RET-05802,35,M,Married,OBC,Salaried,146000.0,36000.0,110000.0,229000.0
RET-05803,33,M,Married,SC,Self-Employed Non-Professional,55000.0,8000.0,47000.0,48000.0
RET-05804,56,F,Unmarried,OBC,Salaried,60000.0,14000.0,46000.0,50000.0
RET-05805,49,M,Unmarried,GEN,Salaried,59000.0,14000.0,45000.0,79000.0
RET-05806,39,M,Unmarried,OBC,Salaried,25000.0,5000.0,20000.0,34000.0
RET-05807,21,F,Married,Minority,Salaried,30000.0,6000.0,24000.0,51000.0
RET-05808,34,M,Married,SC,Self-Employed Professional,41000.0,4000.0,37000.0,34000.0
RET-05809,65,M,Married,GEN,Salaried,106000.0,13000.0,93000.0,108000.0
RET-05810,35,M,Married,GEN,Self-Employed Non-Professional,25000.0,2000.0,23000.0,47000.0
RET-05811,49,M,Married,OBC,Self-Employed Professional,101000.0,13000.0,88000.0,65000.0
RET-05812,52,M,Married,OBC,Salaried,90000.0,16000.0,74000.0,205000.0
RET-05813,40,M,Married,GEN,Self-Employed Professional,25000.0,2000.0,23000.0,22000.0
RET-05814,29,F,Unmarried,GEN,Self-Employed Non-Professional,60000.0,5000.0,55000.0,88000.0
RET-05815,21,F,Married,SC,Self-Employed Non-Professional,147000.0,22000.0,125000.0,96000.0
RET-05816,44,F,Married,OBC,Salaried,38000.0,8000.0,30000.0,66000.0
RET-05817,29,M,Unmarried,SC,Salaried,53000.0,10000.0,43000.0,57000.0
RET-05818,39,M,Married,Minority,Salaried,383000.0,65000.0,318000.0,218000.0
RET-05819,25,M,Married,GEN,Salaried,89000.0,16000.0,73000.0,145000.0
RET-05820,35,M,Married,ST,Salaried,63000.0,9000.0,54000.0,159000.0
RET-05821,38,F,Married,OBC,Self-Employed Professional,55000.0,8000.0,47000.0,126000.0
RET-05822,40,M,Married,Minority,Salaried,91000.0,14000.0,77000.0,174000.0
RET-05823,26,F,Unmarried,GEN,Salaried,110000.0,22000.0,88000.0,47000.0
RET-05824,49,M,Married,GEN,Salaried,25000.0,4000.0,21000.0,56000.0
RET-05825,32,M,Unmarried,OBC,Salaried,25000.0,3000.0,22000.0,60000.0
RET-05826,21,M,Married,Minority,Salaried,40000.0,6000.0,34000.0,20000.0
RET-05827,36,M,Married,SC,Self-Employed Professional,67000.0,6000.0,61000.0,49000.0
RET-05828,38,F,Unmarried,OBC,Self-Employed Non-Professional,77000.0,5000.0,72000.0,117000.0
RET-05829,39,F,Married,GEN,Salaried,26000.0,3000.0,23000.0,35000.0
RET-05830,51,M,Married,OBC,Salaried,65000.0,9000.0,56000.0,69000.0
RET-05831,35,M,Married,SC,Self-Employed Non-Professional,70000.0,10000.0,60000.0,60000.0
RET-05832,36,M,Married,SC,Salaried,44000.0,6000.0,38000.0,71000.0
RET-05833,26,M,Married,OBC,Salaried,53000.0,9000.0,44000.0,107000.0
RET-05834,46,M,Unmarried,GEN,Salaried,47000.0,7000.0,40000.0,114000.0
RET-05835,39,F,Married,OBC,Salaried,97000.0,24000.0,73000.0,91000.0
RET-05836,33,M,Unmarried,GEN,Self-Employed Professional,73000.0,4000.0,69000.0,156000.0
RET-05837,21,M,Married,Minority,Self-Employed Non-Professional,37000.0,4000.0,33000.0,82000.0
RET-05838,52,F,Married,OBC,Salaried,130000.0,28000.0,102000.0,173000.0
RET-05839,25,M,Married,OBC,Salaried,32000.0,4000.0,28000.0,78000.0
RET-05840,32,M,Married,Minority,Salaried,26000.0,4000.0,22000.0,12000.0
RET-05841,41,M,Married,GEN,Salaried,63000.0,13000.0,50000.0,138000.0
RET-05842,26,M,Unmarried,GEN,Self-Employed Non-Professional,63000.0,6000.0,57000.0,156000.0
RET-05843,23,M,Married,OBC,Salaried,76000.0,10000.0,66000.0,56000.0
RET-05844,21,M,Married,GEN,Salaried,36000.0,9000.0,27000.0,43000.0
RET-05845,45,F,Unmarried,GEN,Salaried,125000.0,17000.0,108000.0,193000.0
RET-05846,32,F,Married,ST,Salaried,205000.0,22000.0,183000.0,275000.0
RET-05847,65,F,Married,OBC,Salaried,72000.0,15000.0,57000.0,156000.0
RET-05848,28,M,Married,GEN,Salaried,88000.0,12000.0,76000.0,173000.0
RET-05849,28,F,Married,GEN,Self-Employed Professional,25000.0,3000.0,22000.0,18000.0
RET-05850,32,M,Married,GEN,Salaried,56000.0,7000.0,49000.0,138000.0
RET-05851,40,M,Married,OBC,Self-Employed Professional,48000.0,6000.0,42000.0,26000.0
RET-05852,33,M,Married,GEN,Self-Employed Non-Professional,44000.0,4000.0,40000.0,80000.0
RET-05853,44,M,Unmarried,ST,Self-Employed Non-Professional,49000.0,5000.0,44000.0,79000.0
RET-05854,28,M,Unmarried,OBC,Salaried,52000.0,9000.0,43000.0,29000.0
RET-05855,24,M,Unmarried,GEN,Self-Employed Professional,31000.0,3000.0,28000.0,63000.0
RET-05856,21,F,Married,GEN,Self-Employed Professional,55000.0,4000.0,51000.0,148000.0
RET-05857,21,M,Married,OBC,Salaried,39000.0,7000.0,32000.0,53000.0
RET-05858,32,F,Married,GEN,Self-Employed Non-Professional,117000.0,14000.0,103000.0,184000.0
RET-05859,34,M,Married,OBC,Salaried,89000.0,21000.0,68000.0,99000.0
RET-05860,31,M,Married,Minority,Self-Employed Professional,89000.0,12000.0,77000.0,207000.0
RET-05861,50,M,Married,GEN,Salaried,131000.0,23000.0,108000.0,305000.0
RET-05862,50,M,Married,GEN,Self-Employed Professional,45000.0,6000.0,39000.0,58000.0
RET-05863,34,M,Unmarried,SC,Salaried,86000.0,14000.0,72000.0,196000.0
RET-05864,21,M,Married,GEN,Salaried,139000.0,20000.0,119000.0,120000.0
RET-05865,32,M,Unmarried,GEN,Salaried,43000.0,11000.0,32000.0,53000.0
RET-05866,32,M,Unmarried,GEN,Salaried,25000.0,4000.0,21000.0,24000.0
RET-05867,31,F,Married,Minority,Self-Employed Non-Professional,48000.0,3000.0,45000.0,48000.0
RET-05868,31,M,Married,Minority,Salaried,130000.0,16000.0,114000.0,301000.0
RET-05869,31,M,Married,GEN,Salaried,41000.0,6000.0,35000.0,80000.0
RET-05870,34,F,Unmarried,OBC,Self-Employed Professional,55000.0,4000.0,51000.0,34000.0
RET-05871,31,M,Married,GEN,Salaried,46000.0,8000.0,38000.0,91000.0
RET-05872,40,F,Married,OBC,Salaried,65000.0,10000.0,55000.0,106000.0
RET-05873,41,F,Married,GEN,Salaried,39000.0,6000.0,33000.0,81000.0
RET-05874,28,F,Married,GEN,Self-Employed Professional,30000.0,3000.0,27000.0,54000.0
RET-05875,50,M,Unmarried,SC,Self-Employed Non-Professional,56000.0,7000.0,49000.0,71000.0
RET-05876,28,M,Married,GEN,Self-Employed Non-Professional,62000.0,8000.0,54000.0,94000.0
RET-05877,21,M,Married,GEN,Self-Employed Non-Professional,143000.0,9000.0,134000.0,114000.0
RET-05878,41,M,Married,SC,Salaried,76000.0,18000.0,58000.0,74000.0
RET-05879,29,M,Unmarried,SC,Self-Employed Non-Professional,36000.0,3000.0,33000.0,18000.0
RET-05880,41,M,Married,OBC,Salaried,47000.0,11000.0,36000.0,55000.0
RET-05881,21,F,Unmarried,Minority,Salaried,112000.0,16000.0,96000.0,70000.0
RET-05882,51,M,Unmarried,GEN,Salaried,57000.0,10000.0,47000.0,101000.0
RET-05883,44,F,Unmarried,GEN,Salaried,38000.0,5000.0,33000.0,92000.0
RET-05884,22,F,Married,GEN,Self-Employed Non-Professional,77000.0,8000.0,69000.0,162000.0
RET-05885,23,M,Married,GEN,Salaried,46000.0,8000.0,38000.0,39000.0
RET-05886,54,M,Married,GEN,Self-Employed Professional,97000.0,7000.0,90000.0,159000.0
RET-05887,30,M,Married,OBC,Salaried,91000.0,21000.0,70000.0,160000.0
RET-05888,29,F,Married,GEN,Salaried,37000.0,8000.0,29000.0,73000.0
RET-05889,21,M,Married,GEN,Salaried,213000.0,52000.0,161000.0,194000.0
RET-05890,34,M,Married,GEN,Salaried,68000.0,11000.0,57000.0,96000.0
RET-05891,35,M,Married,GEN,Self-Employed Non-Professional,25000.0,2000.0,23000.0,17000.0
RET-05892,45,F,Married,OBC,Self-Employed Professional,92000.0,8000.0,84000.0,195000.0
RET-05893,24,F,Married,GEN,Salaried,25000.0,4000.0,21000.0,33000.0
RET-05894,22,M,Unmarried,GEN,Salaried,136000.0,22000.0,114000.0,69000.0
RET-05895,42,M,Married,Minority,Salaried,76000.0,11000.0,65000.0,119000.0
RET-05896,48,M,Unmarried,OBC,Salaried,67000.0,15000.0,52000.0,129000.0
RET-05897,22,M,Married,OBC,Self-Employed Professional,70000.0,9000.0,61000.0,37000.0
RET-05898,48,F,Unmarried,OBC,Salaried,99000.0,19000.0,80000.0,121000.0
RET-05899,38,F,Unmarried,OBC,Salaried,52000.0,7000.0,45000.0,77000.0
RET-05900,48,F,Married,GEN,Self-Employed Professional,69000.0,6000.0,63000.0,189000.0
RET-05901,37,M,Married,GEN,Salaried,75000.0,11000.0,64000.0,67000.0
RET-05902,21,M,Married,OBC,Self-Employed Professional,25000.0,3000.0,22000.0,56000.0
RET-05903,36,M,Married,GEN,Self-Employed Professional,99000.0,6000.0,93000.0,80000.0
RET-05904,48,M,Unmarried,GEN,Salaried,110000.0,26000.0,84000.0,244000.0
RET-05905,29,M,Married,GEN,Self-Employed Professional,91000.0,13000.0,78000.0,99000.0
RET-05906,34,F,Married,GEN,Self-Employed Professional,87000.0,8000.0,79000.0,68000.0
RET-05907,36,M,Married,Minority,Salaried,181000.0,27000.0,154000.0,224000.0
RET-05908,21,F,Unmarried,GEN,Salaried,68000.0,11000.0,57000.0,31000.0
RET-05909,54,M,Married,GEN,Salaried,69000.0,14000.0,55000.0,42000.0
RET-05910,28,M,Unmarried,OBC,Self-Employed Non-Professional,47000.0,4000.0,43000.0,75000.0
RET-05911,43,M,Married,OBC,Salaried,25000.0,5000.0,20000.0,57000.0
RET-05912,37,M,Married,OBC,Salaried,91000.0,21000.0,70000.0,113000.0
RET-05913,50,M,Married,GEN,Salaried,50000.0,8000.0,42000.0,90000.0
RET-05914,42,F,Married,GEN,Salaried,25000.0,5000.0,20000.0,45000.0
RET-05915,35,M,Unmarried,SC,Salaried,66000.0,16000.0,50000.0,30000.0
RET-05916,29,F,Unmarried,GEN,Salaried,65000.0,10000.0,55000.0,72000.0
RET-05917,45,F,Married,GEN,Salaried,61000.0,13000.0,48000.0,144000.0
RET-05918,21,M,Married,Minority,Self-Employed Non-Professional,75000.0,9000.0,66000.0,34000.0
RET-05919,44,F,Married,GEN,Self-Employed Non-Professional,27000.0,4000.0,23000.0,39000.0
RET-05920,27,M,Married,GEN,Salaried,126000.0,29000.0,97000.0,252000.0
RET-05921,50,F,Married,GEN,Self-Employed Non-Professional,90000.0,9000.0,81000.0,99000.0
RET-05922,39,M,Married,GEN,Salaried,146000.0,29000.0,117000.0,350000.0
RET-05923,44,M,Unmarried,GEN,Self-Employed Professional,50000.0,7000.0,43000.0,74000.0
RET-05924,38,M,Unmarried,GEN,Salaried,90000.0,18000.0,72000.0,201000.0
RET-05925,21,M,Married,GEN,Salaried,25000.0,4000.0,21000.0,38000.0
RET-05926,29,F,Unmarried,GEN,Salaried,42000.0,7000.0,35000.0,52000.0
RET-05927,44,F,Married,GEN,Salaried,31000.0,6000.0,25000.0,57000.0
RET-05928,39,F,Married,SC,Self-Employed Professional,81000.0,5000.0,76000.0,220000.0
RET-05929,49,M,Married,SC,Salaried,36000.0,6000.0,30000.0,43000.0
RET-05930,42,M,Unmarried,GEN,Salaried,53000.0,7000.0,46000.0,122000.0
RET-05931,28,M,Unmarried,Minority,Self-Employed Non-Professional,69000.0,8000.0,61000.0,131000.0
RET-05932,30,M,Unmarried,OBC,Self-Employed Professional,54000.0,7000.0,47000.0,68000.0
RET-05933,39,M,Unmarried,OBC,Salaried,32000.0,4000.0,28000.0,18000.0
RET-05934,21,M,Married,GEN,Salaried,187000.0,28000.0,159000.0,203000.0
RET-05935,54,M,Married,SC,Self-Employed Non-Professional,74000.0,8000.0,66000.0,170000.0
RET-05936,42,M,Married,Minority,Salaried,188000.0,33000.0,155000.0,114000.0
RET-05937,50,M,Unmarried,GEN,Self-Employed Professional,37000.0,2000.0,35000.0,68000.0
RET-05938,22,M,Unmarried,OBC,Self-Employed Professional,55000.0,5000.0,50000.0,89000.0
RET-05939,50,F,Married,OBC,Salaried,73000.0,15000.0,58000.0,125000.0
RET-05940,60,M,Unmarried,GEN,Self-Employed Non-Professional,174000.0,16000.0,158000.0,450000.0
RET-05941,24,F,Married,GEN,Salaried,187000.0,31000.0,156000.0,371000.0
RET-05942,45,M,Married,GEN,Self-Employed Non-Professional,54000.0,7000.0,47000.0,83000.0
RET-05943,38,F,Married,GEN,Salaried,45000.0,6000.0,39000.0,100000.0
RET-05944,22,M,Unmarried,GEN,Self-Employed Professional,69000.0,5000.0,64000.0,144000.0
RET-05945,42,M,Married,OBC,Self-Employed Non-Professional,143000.0,12000.0,131000.0,359000.0
RET-05946,46,M,Unmarried,OBC,Salaried,75000.0,8000.0,67000.0,155000.0
RET-05947,31,F,Married,Minority,Self-Employed Professional,84000.0,11000.0,73000.0,174000.0
RET-05948,49,M,Married,OBC,Salaried,142000.0,25000.0,117000.0,83000.0
RET-05949,21,M,Married,GEN,Self-Employed Non-Professional,129000.0,19000.0,110000.0,56000.0
RET-05950,23,F,Unmarried,GEN,Self-Employed Professional,132000.0,11000.0,121000.0,350000.0
RET-05951,39,M,Married,ST,Self-Employed Non-Professional,106000.0,7000.0,99000.0,112000.0
RET-05952,38,M,Unmarried,GEN,Self-Employed Non-Professional,165000.0,24000.0,141000.0,129000.0
RET-05953,30,M,Married,OBC,Salaried,35000.0,4000.0,31000.0,28000.0
RET-05954,46,M,Married,GEN,Salaried,282000.0,64000.0,218000.0,511000.0
RET-05955,43,M,Unmarried,GEN,Self-Employed Non-Professional,138000.0,19000.0,119000.0,73000.0
RET-05956,46,M,Married,GEN,Self-Employed Professional,66000.0,10000.0,56000.0,121000.0
RET-05957,36,F,Unmarried,GEN,Salaried,142000.0,29000.0,113000.0,218000.0
RET-05958,44,F,Married,SC,Salaried,59000.0,10000.0,49000.0,43000.0
RET-05959,33,M,Married,OBC,Salaried,97000.0,12000.0,85000.0,71000.0
RET-05960,58,M,Unmarried,GEN,Self-Employed Professional,104000.0,11000.0,93000.0,77000.0
RET-05961,29,F,Unmarried,SC,Self-Employed Professional,123000.0,16000.0,107000.0,123000.0
RET-05962,59,F,Married,GEN,Salaried,56000.0,8000.0,48000.0,101000.0
RET-05963,38,F,Married,GEN,Salaried,124000.0,26000.0,98000.0,100000.0
RET-05964,24,M,Married,Minority,Self-Employed Professional,56000.0,8000.0,48000.0,103000.0
RET-05965,51,F,Married,GEN,Self-Employed Non-Professional,113000.0,9000.0,104000.0,305000.0
RET-05966,39,F,Married,SC,Salaried,72000.0,8000.0,64000.0,170000.0
RET-05967,46,M,Married,SC,Self-Employed Non-Professional,25000.0,3000.0,22000.0,55000.0
RET-05968,50,M,Unmarried,GEN,Salaried,47000.0,9000.0,38000.0,109000.0
RET-05969,41,M,Unmarried,GEN,Self-Employed Non-Professional,122000.0,11000.0,111000.0,225000.0
RET-05970,32,M,Married,GEN,Self-Employed Professional,61000.0,8000.0,53000.0,128000.0
RET-05971,47,F,Unmarried,GEN,Self-Employed Non-Professional,151000.0,22000.0,129000.0,314000.0
RET-05972,38,F,Married,OBC,Self-Employed Professional,35000.0,4000.0,31000.0,91000.0
RET-05973,44,F,Married,GEN,Salaried,111000.0,24000.0,87000.0,184000.0
RET-05974,21,F,Unmarried,GEN,Self-Employed Non-Professional,71000.0,9000.0,62000.0,73000.0
RET-05975,42,M,Unmarried,OBC,Self-Employed Professional,63000.0,9000.0,54000.0,53000.0
RET-05976,31,M,Married,OBC,Salaried,36000.0,6000.0,30000.0,38000.0
RET-05977,54,F,Unmarried,OBC,Salaried,83000.0,16000.0,67000.0,161000.0
RET-05978,44,M,Married,SC,Salaried,40000.0,7000.0,33000.0,71000.0
RET-05979,40,M,Unmarried,OBC,Self-Employed Professional,50000.0,6000.0,44000.0,46000.0
RET-05980,42,M,Married,SC,Self-Employed Professional,67000.0,4000.0,63000.0,167000.0
RET-05981,28,M,Unmarried,GEN,Salaried,59000.0,13000.0,46000.0,136000.0
RET-05982,54,M,Married,OBC,Salaried,135000.0,20000.0,115000.0,275000.0
RET-05983,57,M,Married,GEN,Salaried,25000.0,4000.0,21000.0,14000.0
RET-05984,41,M,Married,Minority,Salaried,66000.0,8000.0,58000.0,120000.0
RET-05985,53,F,Married,GEN,Salaried,59000.0,13000.0,46000.0,131000.0
RET-05986,32,F,Unmarried,Minority,Self-Employed Non-Professional,73000.0,9000.0,64000.0,82000.0
RET-05987,30,F,Unmarried,SC,Self-Employed Non-Professional,53000.0,3000.0,50000.0,98000.0
RET-05988,38,M,Unmarried,OBC,Salaried,135000.0,31000.0,104000.0,111000.0
RET-05989,42,F,Married,GEN,Salaried,63000.0,13000.0,50000.0,135000.0
RET-05990,34,F,Unmarried,GEN,Salaried,79000.0,13000.0,66000.0,177000.0
RET-05991,43,M,Married,OBC,Salaried,125000.0,31000.0,94000.0,133000.0
RET-05992,41,F,Married,GEN,Self-Employed Non-Professional,75000.0,6000.0,69000.0,95000.0
RET-05993,28,M,Unmarried,Minority,Salaried,34000.0,4000.0,30000.0,15000.0
RET-05994,43,F,Married,SC,Salaried,57000.0,12000.0,45000.0,58000.0
RET-05995,46,M,Unmarried,SC,Self-Employed Professional,68000.0,7000.0,61000.0,150000.0
RET-05996,39,M,Unmarried,GEN,Salaried,27000.0,3000.0,24000.0,14000.0
RET-05997,49,M,Married,GEN,Salaried,48000.0,11000.0,37000.0,37000.0
RET-05998,25,M,Married,OBC,Salaried,70000.0,15000.0,55000.0,128000.0
RET-05999,42,M,Married,GEN,Salaried,245000.0,59000.0,186000.0,394000.0
RET-06000,26,F,Unmarried,ST,Salaried,91000.0,11000.0,80000.0,237000.0
RET-06001,26,F,Married,SC,Self-Employed Non-Professional,80000.0,12000.0,68000.0,100000.0
RET-06002,31,F,Married,GEN,Self-Employed Professional,202000.0,18000.0,184000.0,153000.0
RET-06003,28,M,Married,OBC,Self-Employed Non-Professional,104000.0,6000.0,98000.0,212000.0
RET-06004,32,F,Married,OBC,Self-Employed Non-Professional,113000.0,13000.0,100000.0,70000.0
RET-06005,35,M,Unmarried,OBC,Self-Employed Professional,57000.0,7000.0,50000.0,40000.0
RET-06006,46,F,Married,OBC,Salaried,34000.0,4000.0,30000.0,58000.0
RET-06007,34,M,Unmarried,GEN,Self-Employed Professional,86000.0,4000.0,82000.0,138000.0
RET-06008,22,M,Married,GEN,Salaried,218000.0,24000.0,194000.0,225000.0
RET-06009,49,F,Married,SC,Salaried,181000.0,31000.0,150000.0,254000.0
RET-06010,29,F,Married,GEN,Self-Employed Professional,109000.0,10000.0,99000.0,264000.0
RET-06011,37,M,Unmarried,SC,Self-Employed Professional,48000.0,3000.0,45000.0,104000.0
RET-06012,42,F,Married,OBC,Salaried,29000.0,5000.0,24000.0,39000.0
RET-06013,39,M,Married,Minority,Salaried,45000.0,6000.0,39000.0,50000.0
RET-06014,48,F,Married,Minority,Salaried,83000.0,10000.0,73000.0,143000.0
RET-06015,42,M,Married,OBC,Self-Employed Professional,55000.0,6000.0,49000.0,25000.0
RET-06016,29,M,Married,GEN,Self-Employed Non-Professional,133000.0,10000.0,123000.0,287000.0
RET-06017,59,M,Unmarried,GEN,Self-Employed Professional,30000.0,4000.0,26000.0,65000.0
RET-06018,39,M,Married,GEN,Self-Employed Non-Professional,68000.0,5000.0,63000.0,51000.0
RET-06019,36,F,Married,GEN,Salaried,46000.0,9000.0,37000.0,56000.0
RET-06020,47,M,Unmarried,OBC,Salaried,133000.0,17000.0,116000.0,100000.0
RET-06021,40,M,Married,SC,Self-Employed Professional,101000.0,5000.0,96000.0,276000.0
RET-06022,41,M,Married,GEN,Salaried,44000.0,10000.0,34000.0,87000.0
RET-06023,62,M,Married,GEN,Salaried,122000.0,23000.0,99000.0,54000.0
RET-06024,35,F,Married,OBC,Self-Employed Professional,28000.0,2000.0,26000.0,76000.0
RET-06025,34,M,Married,Minority,Self-Employed Non-Professional,25000.0,3000.0,22000.0,19000.0
RET-06026,39,M,Married,GEN,Salaried,43000.0,10000.0,33000.0,23000.0
RET-06027,48,M,Married,GEN,Self-Employed Non-Professional,25000.0,3000.0,22000.0,13000.0
RET-06028,22,M,Married,Minority,Salaried,68000.0,13000.0,55000.0,136000.0
RET-06029,21,F,Married,GEN,Salaried,70000.0,11000.0,59000.0,166000.0
RET-06030,32,M,Unmarried,OBC,Salaried,57000.0,6000.0,51000.0,38000.0
RET-06031,21,M,Unmarried,OBC,Self-Employed Non-Professional,101000.0,14000.0,87000.0,257000.0
RET-06032,33,F,Unmarried,GEN,Salaried,47000.0,6000.0,41000.0,53000.0
RET-06033,43,M,Married,GEN,Self-Employed Professional,34000.0,3000.0,31000.0,68000.0
RET-06034,29,F,Married,ST,Salaried,45000.0,7000.0,38000.0,113000.0
RET-06035,23,M,Unmarried,GEN,Salaried,35000.0,7000.0,28000.0,15000.0
RET-06036,38,F,Married,GEN,Salaried,51000.0,7000.0,44000.0,82000.0
RET-06037,46,M,Married,OBC,Salaried,105000.0,20000.0,85000.0,182000.0
RET-06038,21,M,Married,GEN,Salaried,25000.0,5000.0,20000.0,29000.0
RET-06039,46,M,Married,OBC,Salaried,60000.0,11000.0,49000.0,38000.0
RET-06040,46,F,Unmarried,Minority,Self-Employed Non-Professional,130000.0,12000.0,118000.0,242000.0
RET-06041,47,F,Unmarried,Minority,Self-Employed Non-Professional,139000.0,9000.0,130000.0,80000.0
RET-06042,50,M,Unmarried,GEN,Salaried,49000.0,6000.0,43000.0,121000.0
RET-06043,60,F,Unmarried,GEN,Salaried,276000.0,62000.0,214000.0,354000.0
RET-06044,34,M,Married,GEN,Salaried,39000.0,7000.0,32000.0,89000.0
RET-06045,39,F,Unmarried,Minority,Salaried,64000.0,11000.0,53000.0,137000.0
RET-06046,33,F,Married,GEN,Self-Employed Professional,36000.0,5000.0,31000.0,16000.0
RET-06047,38,M,Unmarried,GEN,Salaried,95000.0,16000.0,79000.0,130000.0
RET-06048,53,F,Married,SC,Self-Employed Non-Professional,393000.0,46000.0,347000.0,944000.0
RET-06049,24,M,Unmarried,OBC,Self-Employed Non-Professional,221000.0,31000.0,190000.0,272000.0
RET-06050,29,M,Unmarried,GEN,Salaried,122000.0,19000.0,103000.0,135000.0
RET-06051,51,M,Married,GEN,Self-Employed Professional,51000.0,6000.0,45000.0,100000.0
RET-06052,48,F,Married,OBC,Salaried,66000.0,13000.0,53000.0,120000.0
RET-06053,34,F,Married,OBC,Salaried,143000.0,27000.0,116000.0,245000.0
RET-06054,46,F,Married,OBC,Self-Employed Non-Professional,115000.0,6000.0,109000.0,154000.0
RET-06055,41,F,Married,GEN,Self-Employed Professional,77000.0,7000.0,70000.0,46000.0
RET-06056,53,F,Unmarried,GEN,Salaried,80000.0,10000.0,70000.0,197000.0
RET-06057,38,M,Married,OBC,Self-Employed Professional,138000.0,11000.0,127000.0,164000.0
RET-06058,48,M,Married,ST,Self-Employed Non-Professional,160000.0,23000.0,137000.0,341000.0
RET-06059,64,M,Unmarried,GEN,Self-Employed Non-Professional,30000.0,4000.0,26000.0,36000.0
RET-06060,43,M,Married,GEN,Salaried,84000.0,14000.0,70000.0,122000.0
RET-06061,38,M,Married,OBC,Self-Employed Non-Professional,103000.0,5000.0,98000.0,141000.0
RET-06062,45,M,Unmarried,OBC,Self-Employed Non-Professional,53000.0,4000.0,49000.0,34000.0
RET-06063,34,F,Unmarried,GEN,Salaried,158000.0,22000.0,136000.0,180000.0
RET-06064,61,F,Married,OBC,Salaried,62000.0,8000.0,54000.0,156000.0
RET-06065,39,M,Married,Minority,Salaried,160000.0,20000.0,140000.0,109000.0
RET-06066,35,F,Married,OBC,Salaried,59000.0,9000.0,50000.0,94000.0
RET-06067,29,M,Married,GEN,Salaried,85000.0,17000.0,68000.0,199000.0
RET-06068,48,F,Married,SC,Self-Employed Non-Professional,84000.0,6000.0,78000.0,43000.0
RET-06069,46,M,Unmarried,GEN,Self-Employed Non-Professional,198000.0,22000.0,176000.0,118000.0
RET-06070,33,M,Unmarried,GEN,Salaried,114000.0,14000.0,100000.0,277000.0
RET-06071,43,F,Married,OBC,Self-Employed Professional,56000.0,7000.0,49000.0,115000.0
RET-06072,22,M,Married,OBC,Self-Employed Professional,62000.0,6000.0,56000.0,104000.0
RET-06073,39,M,Married,Minority,Salaried,62000.0,14000.0,48000.0,88000.0
RET-06074,42,M,Married,GEN,Salaried,74000.0,8000.0,66000.0,194000.0
RET-06075,55,M,Married,GEN,Salaried,41000.0,9000.0,32000.0,18000.0
RET-06076,30,F,Unmarried,Minority,Salaried,70000.0,7000.0,63000.0,74000.0
RET-06077,25,M,Married,GEN,Salaried,166000.0,37000.0,129000.0,167000.0
RET-06078,29,F,Married,GEN,Salaried,162000.0,31000.0,131000.0,105000.0
RET-06079,24,M,Married,OBC,Self-Employed Professional,29000.0,2000.0,27000.0,38000.0
RET-06080,51,M,Married,Minority,Salaried,26000.0,4000.0,22000.0,31000.0
RET-06081,53,M,Married,OBC,Salaried,51000.0,10000.0,41000.0,119000.0
RET-06082,41,F,Married,GEN,Self-Employed Non-Professional,25000.0,2000.0,23000.0,37000.0
RET-06083,50,M,Married,OBC,Self-Employed Professional,34000.0,2000.0,32000.0,91000.0
RET-06084,39,M,Married,Minority,Self-Employed Professional,90000.0,9000.0,81000.0,205000.0
RET-06085,37,M,Unmarried,SC,Salaried,71000.0,15000.0,56000.0,131000.0
RET-06086,34,M,Married,GEN,Self-Employed Professional,26000.0,3000.0,23000.0,31000.0
RET-06087,34,F,Married,SC,Salaried,148000.0,25000.0,123000.0,193000.0
RET-06088,22,M,Married,SC,Self-Employed Professional,57000.0,7000.0,50000.0,31000.0
RET-06089,40,M,Married,OBC,Salaried,54000.0,8000.0,46000.0,66000.0
RET-06090,37,M,Married,OBC,Salaried,135000.0,28000.0,107000.0,286000.0
RET-06091,45,M,Married,GEN,Self-Employed Non-Professional,94000.0,14000.0,80000.0,196000.0
RET-06092,38,M,Married,OBC,Salaried,71000.0,16000.0,55000.0,139000.0
RET-06093,36,M,Unmarried,OBC,Salaried,54000.0,6000.0,48000.0,51000.0
RET-06094,29,M,Married,GEN,Salaried,103000.0,22000.0,81000.0,83000.0
RET-06095,38,M,Unmarried,GEN,Salaried,56000.0,7000.0,49000.0,106000.0
RET-06096,45,M,Unmarried,GEN,Salaried,64000.0,7000.0,57000.0,121000.0
RET-06097,26,F,Married,SC,Self-Employed Non-Professional,36000.0,4000.0,32000.0,32000.0
RET-06098,38,F,Married,OBC,Salaried,145000.0,21000.0,124000.0,285000.0
RET-06099,40,M,Married,GEN,Salaried,186000.0,41000.0,145000.0,209000.0
RET-06100,30,M,Married,SC,Self-Employed Professional,83000.0,7000.0,76000.0,206000.0
RET-06101,32,F,Married,OBC,Self-Employed Professional,55000.0,5000.0,50000.0,71000.0
RET-06102,40,F,Married,Minority,Self-Employed Non-Professional,128000.0,8000.0,120000.0,129000.0
RET-06103,26,M,Unmarried,GEN,Salaried,104000.0,14000.0,90000.0,89000.0
RET-06104,41,F,Married,OBC,Salaried,56000.0,11000.0,45000.0,124000.0
RET-06105,29,F,Married,OBC,Salaried,146000.0,26000.0,120000.0,318000.0
RET-06106,48,M,Married,GEN,Self-Employed Non-Professional,57000.0,7000.0,50000.0,78000.0
RET-06107,61,M,Married,GEN,Salaried,34000.0,8000.0,26000.0,29000.0
RET-06108,29,F,Unmarried,GEN,Self-Employed Non-Professional,70000.0,10000.0,60000.0,73000.0
RET-06109,43,M,Married,SC,Self-Employed Non-Professional,140000.0,12000.0,128000.0,187000.0
RET-06110,30,F,Married,GEN,Salaried,78000.0,19000.0,59000.0,36000.0
RET-06111,48,F,Unmarried,GEN,Salaried,36000.0,7000.0,29000.0,19000.0
RET-06112,25,F,Unmarried,GEN,Salaried,57000.0,8000.0,49000.0,138000.0
RET-06113,42,M,Unmarried,GEN,Salaried,150000.0,24000.0,126000.0,304000.0
RET-06114,29,M,Unmarried,Minority,Self-Employed Non-Professional,86000.0,12000.0,74000.0,188000.0
RET-06115,35,M,Married,GEN,Salaried,72000.0,15000.0,57000.0,97000.0
RET-06116,27,F,Married,OBC,Salaried,68000.0,14000.0,54000.0,76000.0
RET-06117,46,F,Married,GEN,Salaried,140000.0,30000.0,110000.0,80000.0
RET-06118,29,M,Married,GEN,Salaried,134000.0,32000.0,102000.0,193000.0
RET-06119,43,M,Married,Minority,Salaried,32000.0,7000.0,25000.0,59000.0
RET-06120,34,F,Unmarried,Minority,Salaried,129000.0,29000.0,100000.0,99000.0
RET-06121,36,F,Married,GEN,Salaried,100000.0,19000.0,81000.0,119000.0
RET-06122,39,M,Unmarried,GEN,Self-Employed Professional,190000.0,10000.0,180000.0,507000.0
RET-06123,30,M,Married,GEN,Self-Employed Professional,70000.0,5000.0,65000.0,170000.0
RET-06124,40,F,Unmarried,GEN,Self-Employed Non-Professional,145000.0,19000.0,126000.0,314000.0
RET-06125,53,F,Married,OBC,Self-Employed Non-Professional,97000.0,7000.0,90000.0,54000.0
RET-06126,30,F,Unmarried,GEN,Salaried,37000.0,8000.0,29000.0,27000.0
RET-06127,49,M,Married,SC,Self-Employed Professional,135000.0,8000.0,127000.0,161000.0
RET-06128,52,M,Married,OBC,Salaried,119000.0,22000.0,97000.0,122000.0
RET-06129,29,M,Married,GEN,Salaried,50000.0,5000.0,45000.0,37000.0
RET-06130,23,F,Unmarried,SC,Salaried,87000.0,14000.0,73000.0,89000.0
RET-06131,41,F,Married,SC,Salaried,259000.0,30000.0,229000.0,360000.0
RET-06132,32,F,Married,OBC,Self-Employed Professional,55000.0,6000.0,49000.0,31000.0
RET-06133,56,M,Married,Minority,Salaried,113000.0,26000.0,87000.0,131000.0
RET-06134,38,F,Married,SC,Salaried,38000.0,5000.0,33000.0,57000.0
RET-06135,29,M,Unmarried,OBC,Salaried,52000.0,7000.0,45000.0,27000.0
RET-06136,26,M,Unmarried,Minority,Self-Employed Non-Professional,119000.0,15000.0,104000.0,227000.0
RET-06137,48,M,Unmarried,OBC,Salaried,85000.0,16000.0,69000.0,48000.0
RET-06138,32,F,Married,OBC,Salaried,65000.0,12000.0,53000.0,112000.0
RET-06139,38,F,Married,GEN,Self-Employed Non-Professional,203000.0,17000.0,186000.0,555000.0
RET-06140,47,M,Unmarried,ST,Salaried,42000.0,6000.0,36000.0,23000.0
RET-06141,33,M,Unmarried,GEN,Self-Employed Non-Professional,67000.0,10000.0,57000.0,67000.0
RET-06142,37,F,Unmarried,GEN,Self-Employed Non-Professional,98000.0,14000.0,84000.0,69000.0
RET-06143,37,M,Unmarried,OBC,Salaried,43000.0,9000.0,34000.0,48000.0
RET-06144,44,F,Married,OBC,Self-Employed Professional,99000.0,8000.0,91000.0,236000.0
RET-06145,43,M,Married,OBC,Self-Employed Non-Professional,139000.0,14000.0,125000.0,353000.0
RET-06146,35,M,Unmarried,OBC,Salaried,68000.0,13000.0,55000.0,143000.0
RET-06147,38,M,Unmarried,GEN,Salaried,48000.0,7000.0,41000.0,91000.0
RET-06148,34,M,Unmarried,ST,Self-Employed Non-Professional,61000.0,6000.0,55000.0,126000.0
RET-06149,23,M,Married,OBC,Salaried,25000.0,3000.0,22000.0,18000.0
RET-06150,40,M,Married,ST,Salaried,134000.0,17000.0,117000.0,131000.0
RET-06151,56,M,Married,GEN,Self-Employed Non-Professional,86000.0,5000.0,81000.0,114000.0
RET-06152,29,M,Married,OBC,Salaried,66000.0,16000.0,50000.0,31000.0
RET-06153,30,F,Married,OBC,Self-Employed Professional,27000.0,2000.0,25000.0,64000.0
RET-06154,29,M,Unmarried,GEN,Salaried,142000.0,17000.0,125000.0,142000.0
RET-06155,45,M,Married,SC,Self-Employed Professional,56000.0,4000.0,52000.0,33000.0
RET-06156,42,F,Married,GEN,Salaried,103000.0,25000.0,78000.0,53000.0
RET-06157,36,M,Married,OBC,Salaried,73000.0,13000.0,60000.0,175000.0
RET-06158,28,M,Unmarried,OBC,Salaried,28000.0,5000.0,23000.0,64000.0
RET-06159,38,F,Married,OBC,Salaried,157000.0,37000.0,120000.0,348000.0
RET-06160,22,F,Unmarried,OBC,Salaried,140000.0,25000.0,115000.0,333000.0
RET-06161,39,F,Married,GEN,Salaried,116000.0,20000.0,96000.0,240000.0
RET-06162,46,M,Married,OBC,Self-Employed Non-Professional,88000.0,10000.0,78000.0,93000.0
RET-06163,25,F,Unmarried,GEN,Salaried,36000.0,6000.0,30000.0,39000.0
RET-06164,22,M,Married,GEN,Salaried,123000.0,20000.0,103000.0,155000.0
RET-06165,53,M,Married,GEN,Salaried,275000.0,51000.0,224000.0,552000.0
RET-06166,31,F,Married,GEN,Self-Employed Non-Professional,78000.0,8000.0,70000.0,197000.0
RET-06167,49,M,Unmarried,OBC,Self-Employed Professional,79000.0,7000.0,72000.0,115000.0
RET-06168,36,F,Married,SC,Self-Employed Professional,38000.0,4000.0,34000.0,43000.0
RET-06169,36,M,Married,GEN,Salaried,25000.0,4000.0,21000.0,23000.0
RET-06170,42,M,Unmarried,GEN,Salaried,59000.0,14000.0,45000.0,51000.0
RET-06171,29,F,Married,GEN,Salaried,178000.0,29000.0,149000.0,77000.0
RET-06172,39,M,Married,OBC,Self-Employed Professional,164000.0,16000.0,148000.0,161000.0
RET-06173,34,F,Married,GEN,Salaried,70000.0,9000.0,61000.0,75000.0
RET-06174,24,F,Married,GEN,Self-Employed Professional,95000.0,14000.0,81000.0,198000.0
RET-06175,41,F,Married,OBC,Salaried,35000.0,5000.0,30000.0,56000.0
RET-06176,35,M,Unmarried,GEN,Salaried,78000.0,17000.0,61000.0,81000.0
RET-06177,36,M,Unmarried,GEN,Salaried,53000.0,9000.0,44000.0,88000.0
RET-06178,25,F,Married,GEN,Salaried,76000.0,12000.0,64000.0,158000.0
RET-06179,53,F,Unmarried,GEN,Salaried,62000.0,13000.0,49000.0,99000.0
RET-06180,46,M,Married,GEN,Salaried,61000.0,10000.0,51000.0,34000.0
RET-06181,47,F,Married,OBC,Salaried,133000.0,28000.0,105000.0,116000.0
RET-06182,34,M,Unmarried,GEN,Self-Employed Professional,238000.0,28000.0,210000.0,255000.0
RET-06183,21,F,Married,GEN,Salaried,66000.0,8000.0,58000.0,82000.0
RET-06184,57,M,Married,GEN,Salaried,171000.0,29000.0,142000.0,80000.0
RET-06185,37,M,Married,OBC,Salaried,35000.0,8000.0,27000.0,64000.0
RET-06186,30,M,Married,ST,Salaried,69000.0,15000.0,54000.0,90000.0
RET-06187,42,M,Married,OBC,Salaried,34000.0,8000.0,26000.0,71000.0
RET-06188,49,F,Unmarried,OBC,Salaried,61000.0,14000.0,47000.0,84000.0
RET-06189,37,M,Unmarried,OBC,Salaried,112000.0,16000.0,96000.0,285000.0
RET-06190,50,F,Married,GEN,Salaried,143000.0,18000.0,125000.0,281000.0
RET-06191,48,M,Married,GEN,Self-Employed Professional,46000.0,3000.0,43000.0,117000.0
RET-06192,27,M,Married,GEN,Salaried,96000.0,13000.0,83000.0,243000.0
RET-06193,31,M,Married,GEN,Salaried,153000.0,17000.0,136000.0,228000.0
RET-06194,47,M,Married,GEN,Salaried,140000.0,33000.0,107000.0,223000.0
RET-06195,21,M,Married,OBC,Salaried,85000.0,15000.0,70000.0,195000.0
RET-06196,36,M,Married,GEN,Salaried,51000.0,6000.0,45000.0,87000.0
RET-06197,23,F,Married,Minority,Salaried,48000.0,10000.0,38000.0,24000.0
RET-06198,33,M,Unmarried,ST,Salaried,44000.0,7000.0,37000.0,83000.0
RET-06199,35,M,Married,Minority,Self-Employed Professional,72000.0,11000.0,61000.0,173000.0
RET-06200,34,F,Unmarried,GEN,Salaried,45000.0,6000.0,39000.0,96000.0
RET-06201,32,M,Unmarried,ST,Self-Employed Professional,110000.0,12000.0,98000.0,243000.0
RET-06202,27,M,Unmarried,SC,Self-Employed Professional,84000.0,10000.0,74000.0,52000.0
RET-06203,60,M,Unmarried,Minority,Self-Employed Professional,82000.0,8000.0,74000.0,173000.0
RET-06204,56,M,Married,OBC,Self-Employed Non-Professional,25000.0,2000.0,23000.0,13000.0
RET-06205,26,M,Married,SC,Salaried,74000.0,7000.0,67000.0,189000.0
RET-06206,53,M,Married,GEN,Salaried,56000.0,8000.0,48000.0,134000.0
RET-06207,34,F,Unmarried,GEN,Self-Employed Professional,268000.0,22000.0,246000.0,726000.0
RET-06208,39,F,Married,GEN,Salaried,34000.0,4000.0,30000.0,38000.0
RET-06209,37,M,Married,Minority,Self-Employed Non-Professional,65000.0,7000.0,58000.0,107000.0
RET-06210,31,F,Unmarried,GEN,Salaried,92000.0,18000.0,74000.0,144000.0
RET-06211,47,M,Married,GEN,Salaried,41000.0,4000.0,37000.0,70000.0
RET-06212,39,M,Married,Minority,Salaried,233000.0,28000.0,205000.0,314000.0
RET-06213,33,M,Married,GEN,Salaried,235000.0,56000.0,179000.0,531000.0
RET-06214,24,M,Unmarried,ST,Salaried,44000.0,6000.0,38000.0,103000.0
RET-06215,29,M,Unmarried,SC,Self-Employed Non-Professional,51000.0,3000.0,48000.0,97000.0
RET-06216,21,M,Unmarried,GEN,Salaried,265000.0,56000.0,209000.0,443000.0
RET-06217,38,F,Unmarried,GEN,Salaried,169000.0,25000.0,144000.0,329000.0
RET-06218,26,F,Married,OBC,Salaried,59000.0,8000.0,51000.0,102000.0
RET-06219,35,M,Unmarried,Minority,Salaried,95000.0,13000.0,82000.0,186000.0
RET-06220,51,F,Married,ST,Salaried,32000.0,6000.0,26000.0,66000.0
RET-06221,49,F,Unmarried,GEN,Salaried,273000.0,43000.0,230000.0,677000.0
RET-06222,37,M,Married,GEN,Salaried,76000.0,13000.0,63000.0,165000.0
RET-06223,37,M,Married,GEN,Self-Employed Non-Professional,104000.0,13000.0,91000.0,75000.0
RET-06224,56,M,Unmarried,OBC,Self-Employed Professional,42000.0,3000.0,39000.0,73000.0
RET-06225,43,M,Married,GEN,Self-Employed Professional,37000.0,4000.0,33000.0,69000.0
RET-06226,34,M,Married,GEN,Salaried,96000.0,19000.0,77000.0,90000.0
RET-06227,23,M,Unmarried,OBC,Salaried,231000.0,30000.0,201000.0,339000.0
RET-06228,41,M,Married,GEN,Self-Employed Professional,53000.0,3000.0,50000.0,142000.0
RET-06229,46,M,Married,GEN,Self-Employed Professional,41000.0,4000.0,37000.0,42000.0
RET-06230,31,M,Married,SC,Salaried,88000.0,12000.0,76000.0,98000.0
RET-06231,40,M,Married,OBC,Salaried,195000.0,41000.0,154000.0,427000.0
RET-06232,34,M,Unmarried,GEN,Salaried,50000.0,5000.0,45000.0,33000.0
RET-06233,36,M,Married,OBC,Salaried,63000.0,15000.0,48000.0,130000.0
RET-06234,21,M,Married,OBC,Self-Employed Professional,121000.0,9000.0,112000.0,141000.0
RET-06235,35,F,Married,OBC,Salaried,129000.0,16000.0,113000.0,197000.0
RET-06236,47,M,Married,ST,Salaried,62000.0,14000.0,48000.0,101000.0
RET-06237,31,M,Married,OBC,Self-Employed Professional,141000.0,18000.0,123000.0,260000.0
RET-06238,38,M,Married,OBC,Salaried,100000.0,16000.0,84000.0,248000.0
RET-06239,30,F,Unmarried,OBC,Self-Employed Professional,74000.0,11000.0,63000.0,37000.0
RET-06240,41,F,Unmarried,OBC,Self-Employed Non-Professional,126000.0,19000.0,107000.0,242000.0
RET-06241,35,M,Unmarried,GEN,Salaried,116000.0,18000.0,98000.0,256000.0
RET-06242,28,M,Married,GEN,Salaried,39000.0,9000.0,30000.0,59000.0
RET-06243,51,M,Married,OBC,Salaried,178000.0,23000.0,155000.0,456000.0
RET-06244,47,M,Married,GEN,Salaried,90000.0,9000.0,81000.0,125000.0
RET-06245,31,F,Married,GEN,Self-Employed Professional,167000.0,22000.0,145000.0,344000.0
RET-06246,42,M,Unmarried,SC,Self-Employed Professional,75000.0,8000.0,67000.0,148000.0
RET-06247,43,M,Married,GEN,Self-Employed Professional,85000.0,7000.0,78000.0,45000.0
RET-06248,44,M,Married,OBC,Self-Employed Non-Professional,93000.0,7000.0,86000.0,162000.0
RET-06249,21,M,Married,GEN,Salaried,102000.0,25000.0,77000.0,89000.0
RET-06250,48,F,Married,GEN,Self-Employed Professional,183000.0,22000.0,161000.0,293000.0
RET-06251,32,M,Married,GEN,Self-Employed Professional,97000.0,13000.0,84000.0,228000.0
RET-06252,34,F,Married,GEN,Salaried,72000.0,14000.0,58000.0,120000.0
RET-06253,64,M,Married,GEN,Self-Employed Non-Professional,134000.0,12000.0,122000.0,242000.0
RET-06254,41,M,Married,GEN,Salaried,95000.0,15000.0,80000.0,174000.0
RET-06255,34,M,Married,GEN,Self-Employed Professional,431000.0,43000.0,388000.0,706000.0
RET-06256,21,M,Unmarried,OBC,Self-Employed Professional,87000.0,10000.0,77000.0,125000.0
RET-06257,51,M,Unmarried,GEN,Salaried,154000.0,35000.0,119000.0,171000.0
RET-06258,24,M,Unmarried,SC,Salaried,124000.0,21000.0,103000.0,232000.0
RET-06259,27,F,Married,OBC,Salaried,25000.0,6000.0,19000.0,46000.0
RET-06260,34,M,Married,GEN,Salaried,47000.0,10000.0,37000.0,58000.0
RET-06261,52,M,Unmarried,GEN,Salaried,56000.0,10000.0,46000.0,28000.0
RET-06262,45,M,Married,GEN,Salaried,30000.0,4000.0,26000.0,48000.0
RET-06263,36,M,Married,Minority,Salaried,58000.0,11000.0,47000.0,91000.0
RET-06264,41,F,Married,ST,Salaried,32000.0,6000.0,26000.0,44000.0
RET-06265,31,M,Married,GEN,Salaried,38000.0,8000.0,30000.0,42000.0
RET-06266,39,F,Married,OBC,Salaried,85000.0,18000.0,67000.0,184000.0
RET-06267,38,M,Unmarried,Minority,Self-Employed Professional,231000.0,16000.0,215000.0,366000.0
RET-06268,47,F,Married,OBC,Self-Employed Professional,32000.0,3000.0,29000.0,72000.0
RET-06269,47,F,Married,GEN,Salaried,35000.0,8000.0,27000.0,57000.0
RET-06270,42,F,Married,GEN,Salaried,53000.0,8000.0,45000.0,111000.0
RET-06271,34,M,Married,GEN,Self-Employed Non-Professional,67000.0,9000.0,58000.0,156000.0
RET-06272,45,M,Married,OBC,Salaried,29000.0,7000.0,22000.0,24000.0
RET-06273,37,M,Married,SC,Self-Employed Professional,48000.0,6000.0,42000.0,108000.0
RET-06274,27,M,Married,OBC,Salaried,45000.0,7000.0,38000.0,88000.0
RET-06275,33,M,Unmarried,GEN,Salaried,89000.0,22000.0,67000.0,127000.0
RET-06276,38,F,Married,Minority,Self-Employed Professional,94000.0,6000.0,88000.0,164000.0
RET-06277,47,M,Married,SC,Self-Employed Non-Professional,67000.0,8000.0,59000.0,75000.0
RET-06278,36,F,Married,GEN,Self-Employed Non-Professional,58000.0,4000.0,54000.0,100000.0
RET-06279,25,M,Married,GEN,Self-Employed Professional,48000.0,6000.0,42000.0,61000.0
RET-06280,38,F,Married,OBC,Salaried,75000.0,14000.0,61000.0,166000.0
RET-06281,39,M,Married,GEN,Salaried,41000.0,4000.0,37000.0,72000.0
RET-06282,39,M,Unmarried,GEN,Salaried,185000.0,19000.0,166000.0,207000.0
RET-06283,47,F,Married,GEN,Salaried,30000.0,6000.0,24000.0,21000.0
RET-06284,48,M,Unmarried,Minority,Self-Employed Non-Professional,49000.0,7000.0,42000.0,94000.0
RET-06285,32,F,Married,SC,Salaried,123000.0,17000.0,106000.0,229000.0
RET-06286,31,M,Unmarried,GEN,Salaried,58000.0,10000.0,48000.0,67000.0
RET-06287,27,M,Married,ST,Salaried,109000.0,27000.0,82000.0,74000.0
RET-06288,44,F,Married,OBC,Salaried,205000.0,35000.0,170000.0,389000.0
RET-06289,52,M,Unmarried,GEN,Salaried,121000.0,15000.0,106000.0,125000.0
RET-06290,34,F,Married,ST,Salaried,36000.0,9000.0,27000.0,72000.0
RET-06291,35,M,Married,OBC,Salaried,37000.0,6000.0,31000.0,72000.0
RET-06292,52,F,Married,SC,Self-Employed Professional,65000.0,7000.0,58000.0,158000.0
RET-06293,43,M,Unmarried,GEN,Salaried,95000.0,11000.0,84000.0,249000.0
RET-06294,42,M,Unmarried,OBC,Salaried,151000.0,25000.0,126000.0,170000.0
RET-06295,26,M,Unmarried,GEN,Self-Employed Professional,46000.0,3000.0,43000.0,76000.0
RET-06296,44,M,Unmarried,GEN,Self-Employed Professional,55000.0,7000.0,48000.0,72000.0
RET-06297,28,M,Married,OBC,Salaried,63000.0,11000.0,52000.0,36000.0
RET-06298,26,M,Married,Minority,Salaried,62000.0,13000.0,49000.0,74000.0
RET-06299,34,M,Married,OBC,Self-Employed Non-Professional,179000.0,19000.0,160000.0,258000.0
RET-06300,32,M,Unmarried,GEN,Salaried,69000.0,15000.0,54000.0,50000.0
RET-06301,35,M,Married,GEN,Salaried,80000.0,9000.0,71000.0,192000.0
RET-06302,23,M,Unmarried,ST,Salaried,126000.0,16000.0,110000.0,135000.0
RET-06303,47,M,Married,GEN,Self-Employed Professional,190000.0,26000.0,164000.0,393000.0
RET-06304,49,M,Unmarried,GEN,Self-Employed Professional,72000.0,7000.0,65000.0,45000.0
RET-06305,21,M,Married,SC,Self-Employed Non-Professional,156000.0,14000.0,142000.0,82000.0
RET-06306,47,F,Unmarried,Minority,Salaried,219000.0,25000.0,194000.0,580000.0
RET-06307,29,M,Married,OBC,Salaried,68000.0,11000.0,57000.0,46000.0
RET-06308,46,F,Married,GEN,Self-Employed Professional,52000.0,8000.0,44000.0,106000.0
RET-06309,37,M,Married,GEN,Salaried,272000.0,47000.0,225000.0,453000.0
RET-06310,38,F,Married,SC,Salaried,143000.0,34000.0,109000.0,178000.0
RET-06311,36,M,Married,Minority,Salaried,74000.0,16000.0,58000.0,34000.0
RET-06312,50,M,Unmarried,Minority,Salaried,108000.0,11000.0,97000.0,128000.0
RET-06313,25,F,Married,OBC,Self-Employed Non-Professional,39000.0,5000.0,34000.0,94000.0
RET-06314,44,F,Married,SC,Salaried,142000.0,18000.0,124000.0,343000.0
RET-06315,49,M,Married,GEN,Salaried,25000.0,3000.0,22000.0,44000.0
RET-06316,45,M,Married,GEN,Salaried,139000.0,16000.0,123000.0,238000.0
RET-06317,61,M,Unmarried,GEN,Self-Employed Professional,47000.0,4000.0,43000.0,67000.0
RET-06318,32,M,Unmarried,Minority,Self-Employed Non-Professional,27000.0,2000.0,25000.0,61000.0
RET-06319,47,F,Unmarried,GEN,Self-Employed Non-Professional,25000.0,4000.0,21000.0,57000.0
RET-06320,36,M,Married,GEN,Salaried,55000.0,10000.0,45000.0,104000.0
RET-06321,50,M,Married,Minority,Self-Employed Non-Professional,112000.0,10000.0,102000.0,185000.0
RET-06322,37,M,Married,GEN,Salaried,32000.0,7000.0,25000.0,52000.0
RET-06323,34,M,Married,GEN,Salaried,35000.0,9000.0,26000.0,27000.0
RET-06324,51,M,Unmarried,OBC,Salaried,54000.0,7000.0,47000.0,140000.0
RET-06325,33,F,Married,OBC,Salaried,119000.0,17000.0,102000.0,290000.0
RET-06326,23,M,Married,GEN,Self-Employed Non-Professional,128000.0,7000.0,121000.0,350000.0
RET-06327,32,F,Unmarried,Minority,Self-Employed Professional,80000.0,7000.0,73000.0,67000.0
RET-06328,44,M,Unmarried,GEN,Self-Employed Professional,132000.0,9000.0,123000.0,262000.0
RET-06329,51,M,Married,Minority,Self-Employed Non-Professional,110000.0,6000.0,104000.0,223000.0
RET-06330,39,M,Unmarried,SC,Salaried,57000.0,12000.0,45000.0,62000.0
RET-06331,51,M,Married,GEN,Salaried,126000.0,16000.0,110000.0,293000.0
RET-06332,24,F,Unmarried,SC,Self-Employed Professional,34000.0,2000.0,32000.0,79000.0
RET-06333,33,M,Married,GEN,Self-Employed Non-Professional,98000.0,5000.0,93000.0,214000.0
RET-06334,35,M,Married,GEN,Self-Employed Non-Professional,36000.0,5000.0,31000.0,18000.0
RET-06335,36,M,Married,Minority,Salaried,80000.0,14000.0,66000.0,196000.0
RET-06336,38,M,Married,GEN,Self-Employed Non-Professional,152000.0,16000.0,136000.0,312000.0
RET-06337,44,F,Married,GEN,Self-Employed Non-Professional,83000.0,12000.0,71000.0,208000.0
RET-06338,33,M,Unmarried,GEN,Salaried,73000.0,11000.0,62000.0,44000.0
RET-06339,39,F,Married,GEN,Self-Employed Professional,84000.0,11000.0,73000.0,163000.0
RET-06340,37,M,Unmarried,ST,Salaried,109000.0,25000.0,84000.0,198000.0
RET-06341,28,M,Married,Minority,Salaried,263000.0,43000.0,220000.0,146000.0
RET-06342,36,M,Married,GEN,Self-Employed Non-Professional,108000.0,13000.0,95000.0,63000.0
RET-06343,36,F,Unmarried,GEN,Self-Employed Professional,54000.0,6000.0,48000.0,115000.0
RET-06344,36,F,Unmarried,OBC,Salaried,65000.0,8000.0,57000.0,142000.0
RET-06345,38,M,Married,GEN,Self-Employed Non-Professional,43000.0,3000.0,40000.0,111000.0
RET-06346,38,M,Married,GEN,Salaried,35000.0,6000.0,29000.0,70000.0
RET-06347,33,M,Married,GEN,Salaried,25000.0,6000.0,19000.0,21000.0
RET-06348,50,M,Married,GEN,Salaried,55000.0,8000.0,47000.0,137000.0
RET-06349,26,M,Married,OBC,Self-Employed Professional,31000.0,3000.0,28000.0,33000.0
RET-06350,30,M,Married,Minority,Self-Employed Non-Professional,78000.0,9000.0,69000.0,160000.0
RET-06351,65,M,Married,OBC,Salaried,54000.0,7000.0,47000.0,86000.0
RET-06352,27,M,Married,OBC,Self-Employed Non-Professional,38000.0,4000.0,34000.0,27000.0
RET-06353,24,M,Unmarried,GEN,Self-Employed Professional,25000.0,2000.0,23000.0,65000.0
RET-06354,45,F,Married,ST,Salaried,59000.0,8000.0,51000.0,100000.0
RET-06355,21,M,Married,Minority,Self-Employed Professional,26000.0,2000.0,24000.0,18000.0
RET-06356,35,F,Unmarried,Minority,Self-Employed Non-Professional,112000.0,16000.0,96000.0,140000.0
RET-06357,59,M,Unmarried,GEN,Salaried,85000.0,12000.0,73000.0,176000.0
RET-06358,22,M,Married,OBC,Salaried,64000.0,8000.0,56000.0,115000.0
RET-06359,21,M,Unmarried,OBC,Salaried,175000.0,20000.0,155000.0,164000.0
RET-06360,23,M,Unmarried,GEN,Self-Employed Non-Professional,74000.0,9000.0,65000.0,125000.0
RET-06361,46,M,Married,Minority,Self-Employed Non-Professional,92000.0,11000.0,81000.0,103000.0
RET-06362,49,M,Married,GEN,Salaried,110000.0,26000.0,84000.0,153000.0
RET-06363,32,F,Unmarried,GEN,Self-Employed Non-Professional,54000.0,6000.0,48000.0,62000.0
RET-06364,44,M,Married,GEN,Salaried,54000.0,12000.0,42000.0,73000.0
RET-06365,51,F,Married,GEN,Salaried,75000.0,17000.0,58000.0,151000.0
RET-06366,55,M,Unmarried,Minority,Self-Employed Non-Professional,33000.0,5000.0,28000.0,29000.0
RET-06367,35,M,Married,GEN,Salaried,213000.0,40000.0,173000.0,87000.0
RET-06368,21,M,Married,GEN,Salaried,81000.0,20000.0,61000.0,54000.0
RET-06369,29,F,Married,OBC,Salaried,65000.0,9000.0,56000.0,146000.0
RET-06370,33,M,Married,GEN,Salaried,256000.0,51000.0,205000.0,315000.0
RET-06371,35,F,Married,SC,Self-Employed Professional,38000.0,6000.0,32000.0,75000.0
RET-06372,36,M,Married,SC,Salaried,184000.0,31000.0,153000.0,88000.0
RET-06373,49,F,Unmarried,GEN,Self-Employed Professional,119000.0,17000.0,102000.0,88000.0
RET-06374,50,M,Unmarried,Minority,Self-Employed Professional,143000.0,18000.0,125000.0,240000.0
RET-06375,36,M,Married,OBC,Salaried,66000.0,12000.0,54000.0,124000.0
RET-06376,48,M,Unmarried,OBC,Self-Employed Professional,76000.0,8000.0,68000.0,168000.0
RET-06377,41,M,Married,Minority,Self-Employed Non-Professional,60000.0,5000.0,55000.0,116000.0
RET-06378,38,M,Married,OBC,Salaried,133000.0,26000.0,107000.0,256000.0
RET-06379,47,M,Married,GEN,Salaried,93000.0,23000.0,70000.0,64000.0
RET-06380,38,M,Married,GEN,Self-Employed Non-Professional,52000.0,7000.0,45000.0,97000.0
RET-06381,58,M,Married,OBC,Salaried,54000.0,7000.0,47000.0,73000.0
RET-06382,23,M,Married,Minority,Salaried,72000.0,11000.0,61000.0,170000.0
RET-06383,32,M,Married,GEN,Salaried,60000.0,11000.0,49000.0,100000.0
RET-06384,36,M,Married,GEN,Salaried,174000.0,23000.0,151000.0,280000.0
RET-06385,42,F,Unmarried,OBC,Salaried,119000.0,20000.0,99000.0,193000.0
RET-06386,50,F,Unmarried,OBC,Salaried,119000.0,23000.0,96000.0,248000.0
RET-06387,37,M,Unmarried,GEN,Salaried,84000.0,9000.0,75000.0,40000.0
RET-06388,23,F,Married,ST,Salaried,45000.0,10000.0,35000.0,93000.0
RET-06389,46,M,Married,ST,Self-Employed Professional,111000.0,10000.0,101000.0,58000.0
RET-06390,45,M,Married,OBC,Self-Employed Professional,25000.0,2000.0,23000.0,45000.0
RET-06391,21,M,Married,GEN,Salaried,81000.0,18000.0,63000.0,111000.0
RET-06392,37,F,Unmarried,OBC,Salaried,45000.0,7000.0,38000.0,54000.0
RET-06393,22,M,Married,GEN,Self-Employed Professional,43000.0,6000.0,37000.0,30000.0
RET-06394,31,F,Married,OBC,Salaried,55000.0,12000.0,43000.0,35000.0
RET-06395,28,F,Married,GEN,Self-Employed Non-Professional,70000.0,9000.0,61000.0,144000.0
RET-06396,46,M,Married,OBC,Salaried,72000.0,16000.0,56000.0,44000.0
RET-06397,39,M,Married,GEN,Salaried,117000.0,14000.0,103000.0,228000.0
RET-06398,25,M,Married,SC,Salaried,66000.0,16000.0,50000.0,149000.0
RET-06399,46,M,Married,SC,Self-Employed Non-Professional,69000.0,5000.0,64000.0,141000.0
RET-06400,23,M,Unmarried,Minority,Salaried,32000.0,4000.0,28000.0,19000.0
RET-06401,41,M,Married,GEN,Self-Employed Professional,34000.0,2000.0,32000.0,59000.0
RET-06402,29,M,Unmarried,GEN,Salaried,87000.0,19000.0,68000.0,176000.0
RET-06403,34,M,Unmarried,GEN,Salaried,107000.0,20000.0,87000.0,251000.0
RET-06404,43,M,Unmarried,GEN,Salaried,63000.0,15000.0,48000.0,111000.0
RET-06405,43,M,Married,GEN,Salaried,128000.0,25000.0,103000.0,131000.0
RET-06406,51,M,Married,OBC,Salaried,31000.0,5000.0,26000.0,29000.0
RET-06407,37,M,Married,OBC,Salaried,93000.0,21000.0,72000.0,177000.0
RET-06408,41,M,Married,GEN,Salaried,44000.0,6000.0,38000.0,91000.0
RET-06409,33,F,Married,GEN,Salaried,42000.0,6000.0,36000.0,62000.0
RET-06410,39,M,Married,OBC,Self-Employed Professional,46000.0,7000.0,39000.0,28000.0
RET-06411,42,M,Unmarried,GEN,Self-Employed Professional,70000.0,5000.0,65000.0,142000.0
RET-06412,37,F,Unmarried,ST,Salaried,95000.0,13000.0,82000.0,162000.0
RET-06413,21,M,Married,GEN,Salaried,91000.0,13000.0,78000.0,41000.0
RET-06414,41,F,Married,GEN,Salaried,61000.0,9000.0,52000.0,110000.0
RET-06415,41,M,Unmarried,GEN,Salaried,107000.0,20000.0,87000.0,72000.0
RET-06416,31,F,Married,GEN,Salaried,201000.0,27000.0,174000.0,446000.0
RET-06417,25,F,Married,ST,Salaried,68000.0,13000.0,55000.0,120000.0
RET-06418,52,M,Married,GEN,Self-Employed Non-Professional,77000.0,7000.0,70000.0,44000.0
RET-06419,42,M,Unmarried,OBC,Self-Employed Non-Professional,51000.0,6000.0,45000.0,82000.0
RET-06420,35,F,Married,GEN,Salaried,58000.0,6000.0,52000.0,131000.0
RET-06421,26,F,Married,OBC,Self-Employed Professional,155000.0,10000.0,145000.0,373000.0
RET-06422,29,F,Married,Minority,Salaried,156000.0,28000.0,128000.0,91000.0
RET-06423,51,M,Unmarried,SC,Salaried,65000.0,13000.0,52000.0,36000.0
RET-06424,39,F,Unmarried,GEN,Self-Employed Non-Professional,98000.0,12000.0,86000.0,210000.0
RET-06425,32,M,Married,SC,Salaried,127000.0,16000.0,111000.0,120000.0
RET-06426,43,M,Unmarried,GEN,Self-Employed Professional,56000.0,3000.0,53000.0,105000.0
RET-06427,29,M,Married,GEN,Salaried,33000.0,5000.0,28000.0,57000.0
RET-06428,53,M,Married,OBC,Self-Employed Professional,111000.0,8000.0,103000.0,214000.0
RET-06429,51,M,Unmarried,Minority,Salaried,125000.0,31000.0,94000.0,126000.0
RET-06430,33,M,Married,GEN,Self-Employed Professional,115000.0,11000.0,104000.0,62000.0
RET-06431,31,M,Married,SC,Salaried,58000.0,7000.0,51000.0,94000.0
RET-06432,21,M,Married,GEN,Salaried,182000.0,34000.0,148000.0,265000.0
RET-06433,23,F,Unmarried,GEN,Self-Employed Non-Professional,87000.0,12000.0,75000.0,119000.0
RET-06434,24,M,Unmarried,ST,Self-Employed Professional,37000.0,3000.0,34000.0,41000.0
RET-06435,39,M,Unmarried,OBC,Self-Employed Non-Professional,28000.0,3000.0,25000.0,65000.0
RET-06436,34,M,Married,GEN,Salaried,61000.0,9000.0,52000.0,74000.0
RET-06437,24,M,Unmarried,OBC,Salaried,84000.0,17000.0,67000.0,55000.0
RET-06438,35,M,Married,SC,Salaried,62000.0,10000.0,52000.0,125000.0
RET-06439,43,M,Married,OBC,Salaried,242000.0,53000.0,189000.0,395000.0
RET-06440,43,M,Unmarried,GEN,Self-Employed Professional,93000.0,6000.0,87000.0,111000.0
RET-06441,21,F,Married,GEN,Self-Employed Non-Professional,41000.0,4000.0,37000.0,32000.0
RET-06442,36,M,Married,Minority,Self-Employed Non-Professional,25000.0,3000.0,22000.0,35000.0
RET-06443,24,M,Married,OBC,Salaried,84000.0,15000.0,69000.0,46000.0
RET-06444,47,M,Married,OBC,Salaried,132000.0,17000.0,115000.0,122000.0
RET-06445,45,M,Married,SC,Self-Employed Non-Professional,224000.0,31000.0,193000.0,562000.0
RET-06446,29,M,Married,GEN,Self-Employed Professional,65000.0,6000.0,59000.0,52000.0
RET-06447,30,M,Married,OBC,Self-Employed Non-Professional,205000.0,25000.0,180000.0,214000.0
RET-06448,33,M,Married,GEN,Self-Employed Professional,32000.0,2000.0,30000.0,25000.0
RET-06449,21,M,Unmarried,GEN,Self-Employed Non-Professional,59000.0,7000.0,52000.0,145000.0
RET-06450,41,M,Married,GEN,Salaried,40000.0,8000.0,32000.0,90000.0
RET-06451,35,M,Married,SC,Self-Employed Professional,118000.0,17000.0,101000.0,66000.0
RET-06452,47,F,Unmarried,GEN,Salaried,34000.0,7000.0,27000.0,74000.0
RET-06453,27,M,Unmarried,GEN,Self-Employed Professional,93000.0,13000.0,80000.0,68000.0
RET-06454,31,M,Married,GEN,Self-Employed Professional,35000.0,4000.0,31000.0,46000.0
RET-06455,22,M,Married,GEN,Salaried,210000.0,49000.0,161000.0,316000.0
RET-06456,27,F,Unmarried,GEN,Salaried,58000.0,9000.0,49000.0,81000.0
RET-06457,26,F,Married,SC,Salaried,92000.0,21000.0,71000.0,60000.0
RET-06458,47,M,Unmarried,GEN,Salaried,25000.0,4000.0,21000.0,52000.0
RET-06459,31,F,Married,GEN,Salaried,30000.0,6000.0,24000.0,53000.0
RET-06460,39,M,Married,OBC,Salaried,46000.0,7000.0,39000.0,111000.0
RET-06461,34,F,Married,OBC,Salaried,122000.0,21000.0,101000.0,140000.0
RET-06462,25,M,Married,OBC,Salaried,109000.0,26000.0,83000.0,131000.0
RET-06463,36,M,Unmarried,GEN,Salaried,140000.0,34000.0,106000.0,146000.0
RET-06464,43,M,Unmarried,SC,Salaried,30000.0,5000.0,25000.0,16000.0
RET-06465,25,M,Unmarried,GEN,Salaried,99000.0,18000.0,81000.0,52000.0
RET-06466,46,M,Unmarried,OBC,Self-Employed Professional,52000.0,7000.0,45000.0,108000.0
RET-06467,29,M,Unmarried,GEN,Self-Employed Professional,45000.0,6000.0,39000.0,47000.0
RET-06468,33,M,Unmarried,GEN,Self-Employed Non-Professional,53000.0,8000.0,45000.0,77000.0
RET-06469,43,M,Unmarried,SC,Salaried,68000.0,9000.0,59000.0,174000.0
RET-06470,31,M,Married,GEN,Self-Employed Non-Professional,109000.0,13000.0,96000.0,52000.0
RET-06471,38,F,Married,GEN,Salaried,143000.0,29000.0,114000.0,205000.0
RET-06472,34,F,Married,OBC,Salaried,100000.0,20000.0,80000.0,144000.0
RET-06473,39,F,Unmarried,OBC,Salaried,107000.0,18000.0,89000.0,267000.0
RET-06474,21,F,Unmarried,OBC,Salaried,218000.0,47000.0,171000.0,442000.0
RET-06475,21,M,Unmarried,OBC,Salaried,111000.0,16000.0,95000.0,63000.0
RET-06476,44,M,Married,OBC,Self-Employed Professional,64000.0,5000.0,59000.0,53000.0
RET-06477,48,M,Unmarried,GEN,Self-Employed Non-Professional,104000.0,6000.0,98000.0,57000.0
RET-06478,28,M,Unmarried,Minority,Self-Employed Non-Professional,204000.0,12000.0,192000.0,190000.0
RET-06479,35,M,Married,OBC,Self-Employed Professional,43000.0,3000.0,40000.0,41000.0
RET-06480,40,F,Unmarried,OBC,Self-Employed Professional,56000.0,7000.0,49000.0,36000.0
RET-06481,44,M,Married,GEN,Salaried,175000.0,26000.0,149000.0,271000.0
RET-06482,21,F,Married,ST,Self-Employed Non-Professional,61000.0,5000.0,56000.0,165000.0
RET-06483,29,M,Unmarried,GEN,Self-Employed Professional,116000.0,7000.0,109000.0,274000.0
RET-06484,34,F,Married,OBC,Salaried,158000.0,28000.0,130000.0,131000.0
RET-06485,45,M,Married,GEN,Self-Employed Professional,34000.0,3000.0,31000.0,76000.0
RET-06486,62,M,Married,OBC,Salaried,57000.0,14000.0,43000.0,127000.0
RET-06487,35,F,Married,GEN,Salaried,151000.0,19000.0,132000.0,342000.0
RET-06488,23,M,Married,OBC,Self-Employed Non-Professional,68000.0,9000.0,59000.0,99000.0
RET-06489,42,M,Married,GEN,Self-Employed Professional,25000.0,2000.0,23000.0,27000.0
RET-06490,51,M,Unmarried,GEN,Self-Employed Non-Professional,54000.0,7000.0,47000.0,111000.0
RET-06491,39,M,Married,SC,Self-Employed Non-Professional,118000.0,12000.0,106000.0,261000.0
RET-06492,28,M,Married,GEN,Salaried,157000.0,22000.0,135000.0,168000.0
RET-06493,47,M,Unmarried,GEN,Salaried,75000.0,10000.0,65000.0,69000.0
RET-06494,44,M,Unmarried,GEN,Salaried,98000.0,19000.0,79000.0,172000.0
RET-06495,27,M,Unmarried,Minority,Self-Employed Non-Professional,59000.0,7000.0,52000.0,141000.0
RET-06496,41,M,Married,GEN,Salaried,126000.0,28000.0,98000.0,54000.0
RET-06497,47,F,Married,GEN,Self-Employed Professional,172000.0,24000.0,148000.0,439000.0
RET-06498,49,F,Married,OBC,Salaried,116000.0,16000.0,100000.0,98000.0
RET-06499,37,M,Married,GEN,Self-Employed Professional,68000.0,7000.0,61000.0,84000.0
RET-06500,34,M,Unmarried,GEN,Salaried,95000.0,20000.0,75000.0,47000.0
RET-06501,50,M,Married,SC,Salaried,130000.0,31000.0,99000.0,63000.0
RET-06502,25,F,Unmarried,GEN,Salaried,74000.0,17000.0,57000.0,67000.0
RET-06503,42,F,Married,OBC,Salaried,118000.0,14000.0,104000.0,199000.0
RET-06504,24,F,Married,OBC,Salaried,91000.0,13000.0,78000.0,215000.0
RET-06505,48,M,Married,Minority,Self-Employed Non-Professional,171000.0,16000.0,155000.0,105000.0
RET-06506,35,M,Unmarried,Minority,Salaried,111000.0,21000.0,90000.0,168000.0
RET-06507,50,M,Married,GEN,Self-Employed Professional,54000.0,4000.0,50000.0,77000.0
RET-06508,42,M,Married,OBC,Self-Employed Non-Professional,170000.0,14000.0,156000.0,464000.0
RET-06509,25,M,Married,OBC,Self-Employed Professional,96000.0,13000.0,83000.0,80000.0
RET-06510,52,M,Married,GEN,Salaried,67000.0,13000.0,54000.0,77000.0
RET-06511,53,F,Married,GEN,Self-Employed Non-Professional,32000.0,3000.0,29000.0,17000.0
RET-06512,46,M,Married,Minority,Salaried,84000.0,15000.0,69000.0,192000.0
RET-06513,30,F,Married,GEN,Salaried,220000.0,35000.0,185000.0,380000.0
RET-06514,34,M,Unmarried,GEN,Salaried,25000.0,6000.0,19000.0,37000.0
RET-06515,39,F,Married,SC,Salaried,25000.0,4000.0,21000.0,13000.0
RET-06516,30,F,Married,OBC,Self-Employed Professional,116000.0,9000.0,107000.0,80000.0
RET-06517,54,F,Married,GEN,Salaried,84000.0,12000.0,72000.0,178000.0
RET-06518,39,F,Married,GEN,Salaried,109000.0,23000.0,86000.0,161000.0
RET-06519,21,F,Married,GEN,Salaried,53000.0,11000.0,42000.0,42000.0
RET-06520,41,M,Unmarried,Minority,Salaried,25000.0,6000.0,19000.0,36000.0
RET-06521,34,M,Married,Minority,Salaried,44000.0,9000.0,35000.0,102000.0
RET-06522,37,M,Married,GEN,Salaried,186000.0,38000.0,148000.0,112000.0
RET-06523,34,F,Married,SC,Salaried,56000.0,11000.0,45000.0,132000.0
RET-06524,46,F,Married,GEN,Self-Employed Professional,56000.0,4000.0,52000.0,127000.0
RET-06525,49,M,Married,OBC,Self-Employed Professional,25000.0,4000.0,21000.0,18000.0
RET-06526,40,M,Unmarried,GEN,Salaried,25000.0,3000.0,22000.0,56000.0
RET-06527,34,M,Married,OBC,Self-Employed Non-Professional,142000.0,20000.0,122000.0,288000.0
RET-06528,37,F,Married,GEN,Salaried,63000.0,8000.0,55000.0,106000.0
RET-06529,38,M,Unmarried,GEN,Self-Employed Professional,133000.0,17000.0,116000.0,283000.0
RET-06530,29,M,Married,GEN,Salaried,47000.0,7000.0,40000.0,34000.0
RET-06531,43,M,Married,GEN,Self-Employed Professional,30000.0,2000.0,28000.0,65000.0
RET-06532,42,M,Unmarried,Minority,Salaried,63000.0,14000.0,49000.0,103000.0
RET-06533,53,M,Unmarried,Minority,Salaried,52000.0,6000.0,46000.0,56000.0
RET-06534,50,M,Unmarried,SC,Salaried,44000.0,6000.0,38000.0,85000.0
RET-06535,31,F,Married,GEN,Salaried,45000.0,7000.0,38000.0,83000.0
RET-06536,46,M,Married,GEN,Self-Employed Professional,67000.0,10000.0,57000.0,63000.0
RET-06537,28,M,Married,GEN,Self-Employed Professional,54000.0,8000.0,46000.0,40000.0
RET-06538,44,F,Married,GEN,Salaried,42000.0,8000.0,34000.0,48000.0
RET-06539,32,F,Married,GEN,Salaried,216000.0,50000.0,166000.0,249000.0
RET-06540,27,F,Unmarried,OBC,Salaried,96000.0,19000.0,77000.0,197000.0
RET-06541,40,M,Married,GEN,Salaried,80000.0,20000.0,60000.0,95000.0
RET-06542,21,F,Married,SC,Salaried,70000.0,13000.0,57000.0,133000.0
RET-06543,21,M,Married,OBC,Salaried,109000.0,12000.0,97000.0,161000.0
RET-06544,36,F,Unmarried,GEN,Self-Employed Professional,101000.0,7000.0,94000.0,63000.0
RET-06545,38,M,Unmarried,OBC,Salaried,39000.0,7000.0,32000.0,68000.0
RET-06546,34,M,Unmarried,GEN,Self-Employed Professional,29000.0,2000.0,27000.0,74000.0
RET-06547,22,M,Married,GEN,Self-Employed Professional,25000.0,2000.0,23000.0,41000.0
RET-06548,29,M,Married,GEN,Salaried,214000.0,29000.0,185000.0,417000.0
RET-06549,41,F,Married,SC,Salaried,56000.0,10000.0,46000.0,113000.0
RET-06550,43,M,Unmarried,GEN,Self-Employed Non-Professional,104000.0,14000.0,90000.0,150000.0
RET-06551,37,M,Married,OBC,Salaried,83000.0,20000.0,63000.0,71000.0
RET-06552,49,M,Married,GEN,Salaried,126000.0,14000.0,112000.0,297000.0
RET-06553,41,M,Married,GEN,Self-Employed Non-Professional,70000.0,9000.0,61000.0,157000.0
RET-06554,30,F,Married,GEN,Salaried,33000.0,6000.0,27000.0,72000.0
RET-06555,35,F,Married,OBC,Self-Employed Professional,39000.0,4000.0,35000.0,90000.0
RET-06556,23,F,Married,OBC,Salaried,59000.0,12000.0,47000.0,39000.0
RET-06557,36,M,Married,OBC,Self-Employed Non-Professional,28000.0,4000.0,24000.0,37000.0
RET-06558,49,M,Married,GEN,Self-Employed Professional,44000.0,5000.0,39000.0,38000.0
RET-06559,44,M,Married,GEN,Salaried,36000.0,7000.0,29000.0,26000.0
RET-06560,52,M,Unmarried,OBC,Self-Employed Professional,60000.0,4000.0,56000.0,137000.0
RET-06561,34,M,Married,GEN,Self-Employed Professional,54000.0,6000.0,48000.0,82000.0
RET-06562,51,F,Unmarried,GEN,Salaried,79000.0,10000.0,69000.0,50000.0
RET-06563,36,M,Married,GEN,Self-Employed Non-Professional,122000.0,7000.0,115000.0,174000.0
RET-06564,52,M,Married,OBC,Salaried,63000.0,10000.0,53000.0,158000.0
RET-06565,37,M,Married,OBC,Self-Employed Non-Professional,30000.0,4000.0,26000.0,27000.0
RET-06566,45,M,Unmarried,GEN,Salaried,25000.0,3000.0,22000.0,33000.0
RET-06567,52,F,Married,OBC,Salaried,81000.0,8000.0,73000.0,145000.0
RET-06568,36,M,Married,OBC,Salaried,49000.0,6000.0,43000.0,43000.0
RET-06569,40,M,Married,GEN,Salaried,67000.0,9000.0,58000.0,169000.0
RET-06570,50,M,Married,GEN,Self-Employed Non-Professional,89000.0,9000.0,80000.0,167000.0
RET-06571,36,F,Married,OBC,Salaried,174000.0,24000.0,150000.0,161000.0
RET-06572,24,F,Married,OBC,Salaried,26000.0,6000.0,20000.0,32000.0
RET-06573,59,M,Married,GEN,Salaried,40000.0,7000.0,33000.0,46000.0
RET-06574,33,M,Married,OBC,Salaried,69000.0,13000.0,56000.0,45000.0
RET-06575,39,M,Unmarried,GEN,Salaried,37000.0,5000.0,32000.0,39000.0
RET-06576,49,M,Married,SC,Salaried,30000.0,5000.0,25000.0,47000.0
RET-06577,31,F,Married,GEN,Self-Employed Non-Professional,160000.0,21000.0,139000.0,100000.0
RET-06578,27,F,Unmarried,GEN,Salaried,39000.0,6000.0,33000.0,20000.0
RET-06579,40,F,Married,OBC,Self-Employed Non-Professional,33000.0,2000.0,31000.0,57000.0
RET-06580,21,M,Married,GEN,Self-Employed Professional,37000.0,4000.0,33000.0,52000.0
RET-06581,35,F,Married,GEN,Salaried,140000.0,32000.0,108000.0,105000.0
RET-06582,40,M,Married,OBC,Self-Employed Non-Professional,48000.0,4000.0,44000.0,100000.0
RET-06583,35,F,Married,OBC,Salaried,32000.0,8000.0,24000.0,17000.0
RET-06584,22,M,Unmarried,OBC,Salaried,44000.0,9000.0,35000.0,41000.0
RET-06585,53,M,Married,GEN,Salaried,71000.0,8000.0,63000.0,47000.0
RET-06586,39,M,Married,OBC,Salaried,125000.0,23000.0,102000.0,237000.0
RET-06587,52,M,Unmarried,GEN,Salaried,119000.0,24000.0,95000.0,198000.0
RET-06588,35,M,Unmarried,GEN,Self-Employed Professional,46000.0,5000.0,41000.0,40000.0
RET-06589,29,F,Married,GEN,Self-Employed Non-Professional,53000.0,5000.0,48000.0,91000.0
RET-06590,40,M,Unmarried,GEN,Self-Employed Professional,258000.0,38000.0,220000.0,493000.0
RET-06591,35,M,Married,GEN,Salaried,133000.0,15000.0,118000.0,69000.0
RET-06592,26,M,Unmarried,GEN,Self-Employed Professional,63000.0,8000.0,55000.0,119000.0
RET-06593,52,M,Unmarried,Minority,Self-Employed Non-Professional,25000.0,3000.0,22000.0,28000.0
RET-06594,31,F,Married,ST,Salaried,56000.0,12000.0,44000.0,37000.0
RET-06595,21,M,Married,SC,Salaried,33000.0,3000.0,30000.0,77000.0
RET-06596,51,M,Married,OBC,Salaried,44000.0,9000.0,35000.0,71000.0
RET-06597,32,F,Married,SC,Salaried,41000.0,4000.0,37000.0,69000.0
RET-06598,31,F,Married,GEN,Self-Employed Professional,64000.0,7000.0,57000.0,148000.0
RET-06599,21,M,Unmarried,OBC,Self-Employed Professional,76000.0,9000.0,67000.0,78000.0
RET-06600,55,F,Married,GEN,Salaried,47000.0,9000.0,38000.0,20000.0
RET-06601,25,M,Married,GEN,Self-Employed Professional,34000.0,3000.0,31000.0,89000.0
RET-06602,38,F,Unmarried,GEN,Self-Employed Professional,66000.0,8000.0,58000.0,67000.0
RET-06603,47,M,Married,OBC,Self-Employed Professional,54000.0,4000.0,50000.0,104000.0
RET-06604,42,F,Married,GEN,Salaried,25000.0,6000.0,19000.0,56000.0
RET-06605,37,M,Married,OBC,Salaried,105000.0,14000.0,91000.0,99000.0
RET-06606,21,M,Married,Minority,Salaried,47000.0,8000.0,39000.0,116000.0
RET-06607,29,M,Married,GEN,Self-Employed Non-Professional,62000.0,7000.0,55000.0,102000.0
RET-06608,39,M,Unmarried,GEN,Self-Employed Professional,64000.0,7000.0,57000.0,165000.0
RET-06609,30,F,Married,OBC,Salaried,72000.0,9000.0,63000.0,45000.0
RET-06610,40,M,Unmarried,GEN,Salaried,80000.0,12000.0,68000.0,124000.0
RET-06611,44,M,Married,Minority,Self-Employed Professional,33000.0,3000.0,30000.0,86000.0
RET-06612,47,M,Married,ST,Salaried,88000.0,14000.0,74000.0,66000.0
RET-06613,25,M,Married,GEN,Salaried,59000.0,9000.0,50000.0,59000.0
RET-06614,59,F,Married,GEN,Salaried,140000.0,27000.0,113000.0,117000.0
RET-06615,45,M,Unmarried,Minority,Salaried,119000.0,13000.0,106000.0,309000.0
RET-06616,37,M,Married,Minority,Salaried,162000.0,35000.0,127000.0,147000.0
RET-06617,48,F,Married,GEN,Salaried,42000.0,8000.0,34000.0,27000.0
RET-06618,61,F,Married,GEN,Self-Employed Professional,158000.0,15000.0,143000.0,356000.0
RET-06619,23,M,Unmarried,OBC,Self-Employed Non-Professional,77000.0,8000.0,69000.0,123000.0
RET-06620,35,M,Married,GEN,Salaried,111000.0,13000.0,98000.0,194000.0
RET-06621,21,F,Unmarried,Minority,Salaried,110000.0,21000.0,89000.0,180000.0
RET-06622,39,F,Married,SC,Salaried,96000.0,19000.0,77000.0,157000.0
RET-06623,41,F,Married,OBC,Salaried,38000.0,6000.0,32000.0,52000.0
RET-06624,37,F,Married,GEN,Self-Employed Professional,130000.0,16000.0,114000.0,335000.0
RET-06625,31,F,Unmarried,OBC,Salaried,90000.0,20000.0,70000.0,65000.0
RET-06626,21,F,Unmarried,GEN,Salaried,30000.0,6000.0,24000.0,69000.0
RET-06627,41,F,Married,GEN,Self-Employed Professional,55000.0,7000.0,48000.0,59000.0
RET-06628,52,M,Unmarried,OBC,Self-Employed Professional,35000.0,3000.0,32000.0,31000.0
RET-06629,32,M,Married,GEN,Salaried,31000.0,6000.0,25000.0,52000.0
RET-06630,42,M,Married,SC,Salaried,122000.0,20000.0,102000.0,278000.0
RET-06631,22,M,Married,ST,Salaried,30000.0,5000.0,25000.0,35000.0
RET-06632,42,F,Married,GEN,Salaried,33000.0,8000.0,25000.0,17000.0
RET-06633,34,F,Married,GEN,Salaried,240000.0,26000.0,214000.0,394000.0
RET-06634,30,F,Married,GEN,Self-Employed Professional,56000.0,4000.0,52000.0,154000.0
RET-06635,30,F,Married,GEN,Salaried,109000.0,17000.0,92000.0,136000.0
RET-06636,34,M,Married,OBC,Self-Employed Non-Professional,144000.0,13000.0,131000.0,72000.0
RET-06637,41,F,Married,OBC,Self-Employed Professional,116000.0,8000.0,108000.0,189000.0
RET-06638,24,M,Married,Minority,Salaried,80000.0,13000.0,67000.0,98000.0
RET-06639,34,M,Married,OBC,Salaried,72000.0,16000.0,56000.0,37000.0
RET-06640,37,M,Married,GEN,Self-Employed Professional,101000.0,9000.0,92000.0,247000.0
RET-06641,27,F,Unmarried,GEN,Salaried,64000.0,14000.0,50000.0,102000.0
RET-06642,55,M,Married,GEN,Salaried,111000.0,17000.0,94000.0,83000.0
RET-06643,29,F,Married,GEN,Salaried,63000.0,10000.0,53000.0,149000.0
RET-06644,31,M,Married,GEN,Self-Employed Professional,67000.0,7000.0,60000.0,116000.0
RET-06645,28,M,Married,GEN,Salaried,226000.0,27000.0,199000.0,442000.0
RET-06646,55,M,Married,Minority,Salaried,55000.0,13000.0,42000.0,82000.0
RET-06647,43,M,Married,GEN,Self-Employed Non-Professional,74000.0,5000.0,69000.0,203000.0
RET-06648,28,F,Married,OBC,Self-Employed Professional,95000.0,13000.0,82000.0,224000.0
RET-06649,49,M,Married,GEN,Self-Employed Professional,98000.0,14000.0,84000.0,45000.0
RET-06650,40,F,Married,GEN,Self-Employed Professional,87000.0,11000.0,76000.0,41000.0
RET-06651,40,F,Married,GEN,Salaried,35000.0,4000.0,31000.0,53000.0
RET-06652,34,F,Married,GEN,Self-Employed Non-Professional,81000.0,12000.0,69000.0,89000.0
RET-06653,30,M,Unmarried,GEN,Salaried,85000.0,13000.0,72000.0,133000.0
RET-06654,41,F,Unmarried,OBC,Self-Employed Professional,145000.0,18000.0,127000.0,171000.0
RET-06655,32,M,Married,OBC,Salaried,114000.0,27000.0,87000.0,235000.0
RET-06656,56,M,Unmarried,OBC,Self-Employed Non-Professional,151000.0,18000.0,133000.0,123000.0
RET-06657,25,M,Married,SC,Self-Employed Professional,40000.0,5000.0,35000.0,23000.0
RET-06658,53,F,Married,ST,Salaried,40000.0,5000.0,35000.0,48000.0
RET-06659,36,M,Married,OBC,Self-Employed Non-Professional,89000.0,7000.0,82000.0,70000.0
RET-06660,40,M,Married,GEN,Self-Employed Non-Professional,144000.0,20000.0,124000.0,245000.0
RET-06661,46,M,Unmarried,Minority,Salaried,65000.0,12000.0,53000.0,89000.0
RET-06662,31,M,Married,Minority,Salaried,47000.0,7000.0,40000.0,91000.0
RET-06663,46,M,Unmarried,OBC,Self-Employed Professional,28000.0,2000.0,26000.0,18000.0
RET-06664,21,F,Married,OBC,Self-Employed Non-Professional,91000.0,8000.0,83000.0,198000.0
RET-06665,30,M,Married,GEN,Salaried,68000.0,9000.0,59000.0,70000.0
RET-06666,28,F,Married,SC,Salaried,56000.0,13000.0,43000.0,94000.0
RET-06667,25,M,Unmarried,ST,Self-Employed Professional,126000.0,16000.0,110000.0,135000.0
RET-06668,35,F,Married,OBC,Salaried,69000.0,15000.0,54000.0,140000.0
RET-06669,41,M,Married,OBC,Salaried,73000.0,17000.0,56000.0,145000.0
RET-06670,45,M,Married,GEN,Salaried,125000.0,21000.0,104000.0,132000.0
RET-06671,40,M,Unmarried,GEN,Salaried,272000.0,47000.0,225000.0,624000.0
RET-06672,31,M,Unmarried,OBC,Self-Employed Non-Professional,56000.0,8000.0,48000.0,63000.0
RET-06673,41,F,Married,GEN,Salaried,43000.0,10000.0,33000.0,90000.0
RET-06674,39,M,Unmarried,OBC,Salaried,40000.0,9000.0,31000.0,30000.0
RET-06675,47,F,Married,SC,Salaried,97000.0,18000.0,79000.0,96000.0
RET-06676,45,F,Married,GEN,Salaried,38000.0,6000.0,32000.0,87000.0
RET-06677,38,M,Married,GEN,Self-Employed Professional,58000.0,6000.0,52000.0,37000.0
RET-06678,29,M,Married,SC,Salaried,62000.0,14000.0,48000.0,108000.0
RET-06679,31,M,Married,GEN,Self-Employed Professional,186000.0,22000.0,164000.0,362000.0
RET-06680,32,M,Unmarried,GEN,Self-Employed Non-Professional,150000.0,22000.0,128000.0,375000.0
RET-06681,34,M,Married,OBC,Salaried,29000.0,4000.0,25000.0,73000.0
RET-06682,40,F,Married,SC,Self-Employed Non-Professional,189000.0,11000.0,178000.0,303000.0
RET-06683,45,M,Unmarried,ST,Salaried,35000.0,5000.0,30000.0,64000.0
RET-06684,37,M,Unmarried,OBC,Self-Employed Professional,81000.0,10000.0,71000.0,63000.0
RET-06685,38,M,Married,GEN,Salaried,44000.0,5000.0,39000.0,42000.0
RET-06686,39,M,Married,SC,Salaried,58000.0,6000.0,52000.0,99000.0
RET-06687,32,F,Married,OBC,Self-Employed Professional,41000.0,5000.0,36000.0,39000.0
RET-06688,28,F,Unmarried,OBC,Salaried,200000.0,23000.0,177000.0,184000.0
RET-06689,21,F,Married,GEN,Salaried,67000.0,16000.0,51000.0,28000.0
RET-06690,31,F,Married,GEN,Salaried,84000.0,11000.0,73000.0,50000.0
RET-06691,42,M,Unmarried,GEN,Salaried,38000.0,8000.0,30000.0,68000.0
RET-06692,30,M,Unmarried,GEN,Salaried,31000.0,7000.0,24000.0,13000.0
RET-06693,35,M,Married,GEN,Salaried,56000.0,12000.0,44000.0,121000.0
RET-06694,42,F,Married,Minority,Self-Employed Professional,100000.0,10000.0,90000.0,63000.0
RET-06695,43,F,Married,GEN,Salaried,68000.0,10000.0,58000.0,52000.0
RET-06696,27,M,Unmarried,GEN,Salaried,131000.0,32000.0,99000.0,134000.0
RET-06697,47,M,Married,GEN,Self-Employed Professional,79000.0,11000.0,68000.0,158000.0
RET-06698,49,M,Married,OBC,Self-Employed Professional,73000.0,8000.0,65000.0,146000.0
RET-06699,26,F,Married,Minority,Salaried,101000.0,17000.0,84000.0,94000.0
RET-06700,29,M,Married,SC,Self-Employed Professional,78000.0,11000.0,67000.0,88000.0
RET-06701,49,F,Married,SC,Salaried,129000.0,28000.0,101000.0,258000.0
RET-06702,36,M,Unmarried,ST,Self-Employed Professional,102000.0,10000.0,92000.0,160000.0
RET-06703,21,M,Unmarried,Minority,Salaried,126000.0,16000.0,110000.0,181000.0
RET-06704,24,F,Married,GEN,Salaried,112000.0,25000.0,87000.0,181000.0
RET-06705,35,M,Married,GEN,Salaried,165000.0,20000.0,145000.0,238000.0
RET-06706,26,F,Married,GEN,Self-Employed Non-Professional,120000.0,8000.0,112000.0,178000.0
RET-06707,33,F,Married,GEN,Salaried,209000.0,46000.0,163000.0,407000.0
RET-06708,38,M,Married,OBC,Self-Employed Non-Professional,53000.0,7000.0,46000.0,130000.0
RET-06709,52,F,Married,GEN,Self-Employed Non-Professional,121000.0,11000.0,110000.0,206000.0
RET-06710,35,M,Married,OBC,Self-Employed Non-Professional,32000.0,3000.0,29000.0,35000.0
RET-06711,48,M,Married,GEN,Salaried,129000.0,24000.0,105000.0,302000.0
RET-06712,52,F,Unmarried,GEN,Self-Employed Professional,76000.0,10000.0,66000.0,149000.0
RET-06713,52,M,Unmarried,GEN,Salaried,128000.0,22000.0,106000.0,226000.0
RET-06714,40,M,Unmarried,SC,Salaried,200000.0,40000.0,160000.0,323000.0
RET-06715,21,F,Unmarried,OBC,Salaried,118000.0,27000.0,91000.0,214000.0
RET-06716,42,M,Unmarried,Minority,Salaried,57000.0,11000.0,46000.0,112000.0
RET-06717,48,F,Married,SC,Self-Employed Professional,38000.0,4000.0,34000.0,84000.0
RET-06718,37,F,Married,GEN,Self-Employed Non-Professional,101000.0,6000.0,95000.0,279000.0
RET-06719,55,M,Married,GEN,Salaried,62000.0,10000.0,52000.0,79000.0
RET-06720,46,M,Unmarried,OBC,Salaried,109000.0,20000.0,89000.0,98000.0
RET-06721,43,M,Married,OBC,Self-Employed Non-Professional,54000.0,6000.0,48000.0,71000.0
RET-06722,48,M,Unmarried,GEN,Salaried,42000.0,6000.0,36000.0,87000.0
RET-06723,41,F,Married,GEN,Self-Employed Non-Professional,63000.0,4000.0,59000.0,109000.0
RET-06724,21,F,Married,OBC,Self-Employed Non-Professional,99000.0,12000.0,87000.0,232000.0
RET-06725,33,M,Married,GEN,Salaried,79000.0,9000.0,70000.0,76000.0
RET-06726,49,M,Unmarried,Minority,Self-Employed Professional,45000.0,4000.0,41000.0,96000.0
RET-06727,29,F,Married,OBC,Self-Employed Professional,215000.0,13000.0,202000.0,227000.0
RET-06728,35,M,Married,GEN,Self-Employed Professional,67000.0,6000.0,61000.0,152000.0
RET-06729,27,F,Married,GEN,Salaried,25000.0,6000.0,19000.0,30000.0
RET-06730,55,F,Married,OBC,Self-Employed Professional,128000.0,7000.0,121000.0,360000.0
RET-06731,54,M,Married,OBC,Salaried,73000.0,9000.0,64000.0,139000.0
RET-06732,29,M,Married,OBC,Self-Employed Professional,66000.0,7000.0,59000.0,139000.0
RET-06733,39,F,Married,OBC,Salaried,65000.0,8000.0,57000.0,35000.0
RET-06734,31,M,Married,OBC,Salaried,65000.0,10000.0,55000.0,124000.0
RET-06735,44,M,Unmarried,GEN,Self-Employed Non-Professional,199000.0,11000.0,188000.0,291000.0
RET-06736,43,F,Unmarried,Minority,Salaried,97000.0,22000.0,75000.0,98000.0
RET-06737,46,F,Married,GEN,Salaried,85000.0,9000.0,76000.0,189000.0
RET-06738,41,M,Married,GEN,Salaried,62000.0,15000.0,47000.0,50000.0
RET-06739,65,M,Married,GEN,Salaried,206000.0,50000.0,156000.0,149000.0
RET-06740,27,M,Unmarried,GEN,Salaried,121000.0,22000.0,99000.0,137000.0
RET-06741,21,M,Married,GEN,Salaried,132000.0,23000.0,109000.0,226000.0
RET-06742,34,M,Married,OBC,Salaried,86000.0,16000.0,70000.0,80000.0
RET-06743,22,M,Married,GEN,Salaried,133000.0,14000.0,119000.0,226000.0
RET-06744,23,M,Married,ST,Salaried,93000.0,20000.0,73000.0,107000.0
RET-06745,27,M,Married,OBC,Salaried,59000.0,10000.0,49000.0,73000.0
RET-06746,28,M,Unmarried,GEN,Salaried,91000.0,13000.0,78000.0,79000.0
RET-06747,28,M,Married,GEN,Salaried,257000.0,43000.0,214000.0,279000.0
RET-06748,43,M,Married,GEN,Self-Employed Non-Professional,83000.0,9000.0,74000.0,88000.0
RET-06749,32,M,Married,GEN,Salaried,157000.0,32000.0,125000.0,139000.0
RET-06750,36,F,Unmarried,GEN,Self-Employed Professional,149000.0,19000.0,130000.0,91000.0
RET-06751,46,M,Married,GEN,Self-Employed Non-Professional,103000.0,14000.0,89000.0,141000.0
RET-06752,30,M,Married,GEN,Salaried,198000.0,29000.0,169000.0,188000.0
RET-06753,35,F,Unmarried,GEN,Salaried,25000.0,6000.0,19000.0,55000.0
RET-06754,41,M,Unmarried,GEN,Salaried,25000.0,5000.0,20000.0,40000.0
RET-06755,21,F,Married,ST,Salaried,206000.0,43000.0,163000.0,270000.0
RET-06756,21,M,Married,GEN,Salaried,50000.0,10000.0,40000.0,54000.0
RET-06757,41,M,Married,OBC,Self-Employed Professional,78000.0,10000.0,68000.0,112000.0
RET-06758,42,M,Unmarried,GEN,Salaried,209000.0,23000.0,186000.0,252000.0
RET-06759,58,M,Married,GEN,Salaried,82000.0,13000.0,69000.0,182000.0
RET-06760,39,M,Married,OBC,Self-Employed Professional,202000.0,26000.0,176000.0,201000.0
RET-06761,46,M,Married,GEN,Self-Employed Professional,58000.0,4000.0,54000.0,65000.0
RET-06762,36,M,Married,GEN,Salaried,106000.0,25000.0,81000.0,184000.0
RET-06763,40,F,Married,OBC,Salaried,76000.0,9000.0,67000.0,184000.0
RET-06764,54,M,Unmarried,GEN,Self-Employed Professional,179000.0,15000.0,164000.0,361000.0
RET-06765,21,M,Married,GEN,Salaried,63000.0,9000.0,54000.0,38000.0
RET-06766,42,M,Unmarried,GEN,Self-Employed Professional,41000.0,4000.0,37000.0,102000.0
RET-06767,59,M,Married,GEN,Salaried,55000.0,8000.0,47000.0,114000.0
RET-06768,40,F,Unmarried,GEN,Salaried,57000.0,12000.0,45000.0,49000.0
RET-06769,54,M,Unmarried,Minority,Salaried,50000.0,8000.0,42000.0,28000.0
RET-06770,31,M,Married,OBC,Self-Employed Non-Professional,48000.0,6000.0,42000.0,96000.0
RET-06771,37,F,Married,OBC,Self-Employed Non-Professional,143000.0,14000.0,129000.0,140000.0
RET-06772,38,F,Married,OBC,Salaried,170000.0,24000.0,146000.0,264000.0
RET-06773,21,M,Married,SC,Salaried,93000.0,12000.0,81000.0,59000.0
RET-06774,26,M,Married,OBC,Salaried,50000.0,9000.0,41000.0,79000.0
RET-06775,27,M,Married,SC,Self-Employed Professional,52000.0,4000.0,48000.0,27000.0
RET-06776,46,M,Unmarried,GEN,Salaried,25000.0,4000.0,21000.0,39000.0
RET-06777,46,M,Unmarried,GEN,Self-Employed Professional,92000.0,10000.0,82000.0,212000.0
RET-06778,41,M,Married,SC,Self-Employed Non-Professional,49000.0,3000.0,46000.0,90000.0
RET-06779,46,F,Unmarried,ST,Salaried,177000.0,33000.0,144000.0,390000.0
RET-06780,36,M,Unmarried,GEN,Self-Employed Professional,32000.0,2000.0,30000.0,56000.0
RET-06781,50,M,Married,OBC,Salaried,51000.0,13000.0,38000.0,84000.0
RET-06782,38,M,Married,OBC,Salaried,69000.0,14000.0,55000.0,78000.0
RET-06783,38,M,Married,GEN,Self-Employed Professional,97000.0,11000.0,86000.0,107000.0
RET-06784,35,M,Married,Minority,Salaried,216000.0,51000.0,165000.0,221000.0
RET-06785,44,M,Married,OBC,Self-Employed Professional,32000.0,2000.0,30000.0,23000.0
RET-06786,33,M,Married,OBC,Salaried,61000.0,9000.0,52000.0,59000.0
RET-06787,47,M,Unmarried,GEN,Salaried,31000.0,4000.0,27000.0,40000.0
RET-06788,26,M,Married,GEN,Self-Employed Non-Professional,117000.0,16000.0,101000.0,137000.0
RET-06789,27,M,Married,GEN,Self-Employed Professional,50000.0,6000.0,44000.0,77000.0
RET-06790,44,M,Unmarried,GEN,Self-Employed Professional,69000.0,10000.0,59000.0,102000.0
RET-06791,37,M,Unmarried,GEN,Salaried,66000.0,12000.0,54000.0,126000.0
RET-06792,33,M,Married,SC,Salaried,78000.0,18000.0,60000.0,89000.0
RET-06793,46,M,Unmarried,OBC,Self-Employed Non-Professional,67000.0,8000.0,59000.0,129000.0
RET-06794,31,F,Married,GEN,Salaried,41000.0,9000.0,32000.0,87000.0
RET-06795,35,F,Married,GEN,Self-Employed Non-Professional,77000.0,7000.0,70000.0,115000.0
RET-06796,51,M,Married,OBC,Salaried,45000.0,9000.0,36000.0,68000.0
RET-06797,53,F,Married,GEN,Salaried,119000.0,23000.0,96000.0,211000.0
RET-06798,53,M,Married,Minority,Salaried,76000.0,16000.0,60000.0,104000.0
RET-06799,35,F,Married,SC,Salaried,39000.0,9000.0,30000.0,27000.0
RET-06800,50,M,Married,SC,Self-Employed Professional,310000.0,33000.0,277000.0,342000.0
RET-06801,28,M,Unmarried,GEN,Self-Employed Non-Professional,198000.0,15000.0,183000.0,104000.0
RET-06802,28,M,Married,SC,Salaried,317000.0,42000.0,275000.0,607000.0
RET-06803,21,M,Married,GEN,Salaried,60000.0,13000.0,47000.0,56000.0
RET-06804,54,F,Unmarried,OBC,Self-Employed Professional,44000.0,3000.0,41000.0,105000.0
RET-06805,29,M,Married,GEN,Self-Employed Professional,119000.0,12000.0,107000.0,229000.0
RET-06806,36,M,Married,OBC,Salaried,142000.0,31000.0,111000.0,260000.0
RET-06807,28,M,Married,GEN,Salaried,82000.0,12000.0,70000.0,189000.0
RET-06808,44,M,Unmarried,GEN,Salaried,25000.0,4000.0,21000.0,33000.0
RET-06809,34,M,Unmarried,GEN,Self-Employed Professional,41000.0,4000.0,37000.0,36000.0
RET-06810,24,M,Unmarried,GEN,Salaried,94000.0,23000.0,71000.0,202000.0
RET-06811,42,M,Married,OBC,Self-Employed Professional,49000.0,7000.0,42000.0,126000.0
RET-06812,23,F,Unmarried,Minority,Salaried,32000.0,7000.0,25000.0,26000.0
RET-06813,29,M,Married,SC,Self-Employed Non-Professional,63000.0,6000.0,57000.0,134000.0
RET-06814,21,M,Married,GEN,Salaried,25000.0,4000.0,21000.0,14000.0
RET-06815,23,M,Married,GEN,Salaried,51000.0,8000.0,43000.0,24000.0
RET-06816,39,F,Unmarried,GEN,Salaried,57000.0,12000.0,45000.0,98000.0
RET-06817,21,M,Married,GEN,Self-Employed Professional,88000.0,9000.0,79000.0,90000.0
RET-06818,23,M,Married,Minority,Salaried,102000.0,12000.0,90000.0,240000.0
RET-06819,37,F,Unmarried,GEN,Self-Employed Non-Professional,92000.0,13000.0,79000.0,141000.0
RET-06820,32,M,Unmarried,SC,Self-Employed Professional,125000.0,9000.0,116000.0,285000.0
RET-06821,57,M,Married,OBC,Salaried,66000.0,16000.0,50000.0,38000.0
RET-06822,56,M,Married,OBC,Self-Employed Professional,31000.0,5000.0,26000.0,70000.0
RET-06823,29,F,Unmarried,Minority,Self-Employed Professional,75000.0,10000.0,65000.0,63000.0
RET-06824,43,F,Unmarried,GEN,Self-Employed Professional,43000.0,4000.0,39000.0,75000.0
RET-06825,45,F,Married,GEN,Self-Employed Non-Professional,32000.0,2000.0,30000.0,61000.0
RET-06826,32,M,Married,ST,Self-Employed Professional,104000.0,6000.0,98000.0,65000.0
RET-06827,23,M,Married,OBC,Salaried,31000.0,4000.0,27000.0,79000.0
RET-06828,37,M,Married,GEN,Self-Employed Professional,110000.0,15000.0,95000.0,119000.0
RET-06829,36,F,Married,GEN,Self-Employed Professional,34000.0,5000.0,29000.0,66000.0
RET-06830,33,F,Married,SC,Salaried,61000.0,15000.0,46000.0,96000.0
RET-06831,42,M,Married,GEN,Salaried,52000.0,7000.0,45000.0,26000.0
RET-06832,30,M,Married,Minority,Self-Employed Non-Professional,145000.0,13000.0,132000.0,351000.0
RET-06833,26,M,Unmarried,GEN,Salaried,104000.0,24000.0,80000.0,101000.0
RET-06834,39,M,Married,OBC,Self-Employed Professional,45000.0,5000.0,40000.0,45000.0
RET-06835,41,M,Married,OBC,Salaried,67000.0,14000.0,53000.0,34000.0
RET-06836,26,M,Unmarried,OBC,Self-Employed Professional,162000.0,20000.0,142000.0,160000.0
RET-06837,47,M,Married,GEN,Salaried,179000.0,36000.0,143000.0,293000.0
RET-06838,21,M,Married,ST,Self-Employed Non-Professional,32000.0,3000.0,29000.0,29000.0
RET-06839,32,F,Married,OBC,Salaried,161000.0,31000.0,130000.0,217000.0
RET-06840,35,F,Unmarried,SC,Self-Employed Professional,154000.0,16000.0,138000.0,345000.0
RET-06841,31,F,Unmarried,GEN,Salaried,81000.0,16000.0,65000.0,188000.0
RET-06842,32,F,Married,GEN,Self-Employed Professional,69000.0,7000.0,62000.0,140000.0
RET-06843,56,M,Unmarried,GEN,Salaried,53000.0,10000.0,43000.0,43000.0
RET-06844,29,M,Married,GEN,Salaried,34000.0,7000.0,27000.0,39000.0
RET-06845,62,F,Unmarried,OBC,Salaried,90000.0,19000.0,71000.0,134000.0
RET-06846,42,M,Unmarried,GEN,Self-Employed Non-Professional,66000.0,9000.0,57000.0,153000.0
RET-06847,38,M,Married,SC,Self-Employed Professional,95000.0,12000.0,83000.0,155000.0
RET-06848,42,M,Unmarried,GEN,Salaried,96000.0,14000.0,82000.0,142000.0
RET-06849,63,F,Married,GEN,Self-Employed Non-Professional,331000.0,47000.0,284000.0,326000.0
RET-06850,28,M,Married,ST,Self-Employed Professional,150000.0,22000.0,128000.0,224000.0
RET-06851,26,M,Unmarried,Minority,Salaried,102000.0,16000.0,86000.0,112000.0
RET-06852,30,M,Married,Minority,Self-Employed Professional,25000.0,2000.0,23000.0,44000.0
RET-06853,38,F,Married,SC,Salaried,93000.0,13000.0,80000.0,202000.0
RET-06854,21,M,Unmarried,OBC,Salaried,189000.0,24000.0,165000.0,473000.0
RET-06855,38,M,Unmarried,Minority,Self-Employed Non-Professional,57000.0,8000.0,49000.0,124000.0
RET-06856,54,M,Unmarried,OBC,Salaried,272000.0,60000.0,212000.0,545000.0
RET-06857,39,F,Married,Minority,Salaried,101000.0,15000.0,86000.0,120000.0
RET-06858,35,F,Married,GEN,Self-Employed Professional,87000.0,10000.0,77000.0,172000.0
RET-06859,31,M,Unmarried,Minority,Self-Employed Non-Professional,40000.0,6000.0,34000.0,50000.0
RET-06860,46,M,Married,OBC,Salaried,180000.0,24000.0,156000.0,87000.0
RET-06861,29,F,Unmarried,GEN,Salaried,44000.0,8000.0,36000.0,98000.0
RET-06862,56,M,Unmarried,GEN,Self-Employed Professional,52000.0,5000.0,47000.0,30000.0
RET-06863,57,F,Unmarried,ST,Self-Employed Professional,25000.0,2000.0,23000.0,18000.0
RET-06864,40,M,Married,OBC,Self-Employed Non-Professional,125000.0,13000.0,112000.0,61000.0
RET-06865,37,M,Married,Minority,Salaried,104000.0,19000.0,85000.0,57000.0
RET-06866,48,F,Married,GEN,Self-Employed Professional,74000.0,6000.0,68000.0,44000.0
RET-06867,48,M,Married,GEN,Salaried,114000.0,28000.0,86000.0,189000.0
RET-06868,29,M,Unmarried,GEN,Self-Employed Professional,108000.0,9000.0,99000.0,261000.0
RET-06869,32,M,Unmarried,OBC,Salaried,59000.0,11000.0,48000.0,120000.0
RET-06870,24,F,Married,OBC,Self-Employed Non-Professional,46000.0,4000.0,42000.0,87000.0
RET-06871,42,M,Unmarried,OBC,Salaried,26000.0,3000.0,23000.0,57000.0
RET-06872,44,M,Married,GEN,Self-Employed Professional,66000.0,9000.0,57000.0,94000.0
RET-06873,24,F,Married,GEN,Salaried,33000.0,6000.0,27000.0,75000.0
RET-06874,33,M,Married,GEN,Salaried,81000.0,15000.0,66000.0,109000.0
RET-06875,24,M,Unmarried,ST,Self-Employed Professional,66000.0,6000.0,60000.0,34000.0
RET-06876,29,M,Married,GEN,Salaried,57000.0,10000.0,47000.0,106000.0
RET-06877,43,F,Married,GEN,Salaried,137000.0,26000.0,111000.0,286000.0
RET-06878,30,M,Married,GEN,Salaried,40000.0,10000.0,30000.0,32000.0
RET-06879,34,M,Married,SC,Salaried,25000.0,5000.0,20000.0,26000.0
RET-06880,21,M,Married,GEN,Salaried,64000.0,11000.0,53000.0,119000.0
RET-06881,39,F,Married,GEN,Salaried,47000.0,5000.0,42000.0,81000.0
RET-06882,37,F,Unmarried,OBC,Self-Employed Professional,79000.0,6000.0,73000.0,199000.0
RET-06883,30,M,Married,Minority,Self-Employed Professional,42000.0,4000.0,38000.0,64000.0
RET-06884,36,M,Married,OBC,Salaried,94000.0,16000.0,78000.0,170000.0
RET-06885,39,F,Married,GEN,Salaried,41000.0,9000.0,32000.0,38000.0
RET-06886,29,M,Unmarried,OBC,Self-Employed Professional,41000.0,5000.0,36000.0,102000.0
RET-06887,23,F,Married,Minority,Salaried,106000.0,24000.0,82000.0,117000.0
RET-06888,56,M,Unmarried,OBC,Salaried,71000.0,10000.0,61000.0,113000.0
RET-06889,31,M,Unmarried,GEN,Salaried,36000.0,5000.0,31000.0,63000.0
RET-06890,37,M,Unmarried,GEN,Salaried,41000.0,5000.0,36000.0,41000.0
RET-06891,48,F,Unmarried,Minority,Salaried,58000.0,13000.0,45000.0,58000.0
RET-06892,65,M,Married,OBC,Self-Employed Professional,37000.0,5000.0,32000.0,56000.0
RET-06893,25,M,Unmarried,OBC,Salaried,62000.0,7000.0,55000.0,65000.0
RET-06894,42,M,Married,GEN,Self-Employed Non-Professional,63000.0,9000.0,54000.0,45000.0
RET-06895,30,M,Unmarried,OBC,Self-Employed Non-Professional,42000.0,5000.0,37000.0,96000.0
RET-06896,32,M,Unmarried,GEN,Self-Employed Professional,108000.0,10000.0,98000.0,129000.0
RET-06897,30,M,Unmarried,GEN,Salaried,40000.0,6000.0,34000.0,52000.0
RET-06898,26,F,Married,ST,Salaried,154000.0,27000.0,127000.0,237000.0
RET-06899,37,M,Married,GEN,Salaried,64000.0,9000.0,55000.0,143000.0
RET-06900,23,F,Married,GEN,Salaried,49000.0,8000.0,41000.0,35000.0
RET-06901,47,M,Married,Minority,Self-Employed Non-Professional,101000.0,13000.0,88000.0,182000.0
RET-06902,38,M,Married,GEN,Salaried,75000.0,11000.0,64000.0,88000.0
RET-06903,42,M,Married,OBC,Self-Employed Professional,115000.0,11000.0,104000.0,278000.0
RET-06904,33,F,Unmarried,OBC,Self-Employed Professional,25000.0,2000.0,23000.0,50000.0
RET-06905,34,F,Married,Minority,Self-Employed Non-Professional,100000.0,6000.0,94000.0,81000.0
RET-06906,40,M,Married,SC,Salaried,54000.0,11000.0,43000.0,53000.0
RET-06907,26,F,Married,OBC,Self-Employed Professional,75000.0,5000.0,70000.0,41000.0
RET-06908,34,M,Unmarried,GEN,Self-Employed Non-Professional,69000.0,5000.0,64000.0,155000.0
RET-06909,29,M,Unmarried,GEN,Salaried,164000.0,33000.0,131000.0,201000.0
RET-06910,29,M,Married,Minority,Salaried,25000.0,3000.0,22000.0,14000.0
RET-06911,21,M,Married,GEN,Salaried,193000.0,38000.0,155000.0,83000.0
RET-06912,51,M,Married,SC,Salaried,112000.0,20000.0,92000.0,266000.0
RET-06913,31,F,Unmarried,GEN,Salaried,80000.0,9000.0,71000.0,187000.0
RET-06914,49,M,Married,GEN,Salaried,31000.0,4000.0,27000.0,36000.0
RET-06915,48,F,Married,GEN,Salaried,27000.0,4000.0,23000.0,41000.0
RET-06916,25,M,Married,GEN,Self-Employed Professional,52000.0,6000.0,46000.0,89000.0
RET-06917,27,M,Married,Minority,Salaried,107000.0,18000.0,89000.0,159000.0
RET-06918,63,F,Unmarried,ST,Self-Employed Non-Professional,73000.0,6000.0,67000.0,85000.0
RET-06919,55,F,Married,OBC,Salaried,103000.0,13000.0,90000.0,133000.0
RET-06920,37,F,Married,OBC,Self-Employed Professional,30000.0,2000.0,28000.0,27000.0
RET-06921,40,M,Married,OBC,Salaried,75000.0,17000.0,58000.0,34000.0
RET-06922,31,F,Unmarried,SC,Self-Employed Professional,141000.0,18000.0,123000.0,109000.0
RET-06923,42,F,Married,SC,Salaried,175000.0,27000.0,148000.0,79000.0
RET-06924,30,M,Unmarried,GEN,Salaried,34000.0,5000.0,29000.0,46000.0
RET-06925,21,M,Married,GEN,Self-Employed Non-Professional,59000.0,3000.0,56000.0,121000.0
RET-06926,24,M,Unmarried,OBC,Self-Employed Non-Professional,60000.0,4000.0,56000.0,53000.0
RET-06927,38,M,Unmarried,Minority,Salaried,50000.0,6000.0,44000.0,81000.0
RET-06928,26,M,Married,OBC,Self-Employed Non-Professional,126000.0,14000.0,112000.0,147000.0
RET-06929,37,F,Married,ST,Salaried,410000.0,86000.0,324000.0,259000.0
RET-06930,27,M,Married,SC,Salaried,37000.0,8000.0,29000.0,24000.0
RET-06931,30,F,Unmarried,OBC,Self-Employed Professional,94000.0,12000.0,82000.0,168000.0
RET-06932,46,M,Married,ST,Salaried,87000.0,15000.0,72000.0,57000.0
RET-06933,40,M,Married,GEN,Salaried,88000.0,12000.0,76000.0,143000.0
RET-06934,37,M,Married,GEN,Salaried,163000.0,24000.0,139000.0,136000.0
RET-06935,46,M,Married,SC,Salaried,91000.0,13000.0,78000.0,208000.0
RET-06936,42,F,Married,GEN,Salaried,25000.0,5000.0,20000.0,12000.0
RET-06937,52,F,Unmarried,GEN,Salaried,31000.0,6000.0,25000.0,37000.0
RET-06938,33,M,Unmarried,OBC,Self-Employed Non-Professional,39000.0,3000.0,36000.0,87000.0
RET-06939,33,F,Married,GEN,Salaried,47000.0,9000.0,38000.0,90000.0
RET-06940,24,M,Married,Minority,Salaried,67000.0,12000.0,55000.0,47000.0
RET-06941,33,M,Married,Minority,Self-Employed Professional,64000.0,9000.0,55000.0,55000.0
RET-06942,47,M,Unmarried,OBC,Salaried,25000.0,4000.0,21000.0,39000.0
RET-06943,50,M,Married,OBC,Salaried,28000.0,7000.0,21000.0,46000.0
RET-06944,47,M,Married,OBC,Self-Employed Non-Professional,25000.0,2000.0,23000.0,55000.0
RET-06945,21,M,Married,GEN,Self-Employed Non-Professional,29000.0,3000.0,26000.0,53000.0
RET-06946,48,M,Unmarried,GEN,Salaried,133000.0,14000.0,119000.0,292000.0
RET-06947,21,F,Married,OBC,Self-Employed Non-Professional,62000.0,5000.0,57000.0,91000.0
RET-06948,46,M,Married,OBC,Self-Employed Non-Professional,41000.0,4000.0,37000.0,70000.0
RET-06949,34,M,Married,GEN,Self-Employed Professional,25000.0,3000.0,22000.0,35000.0
RET-06950,45,M,Married,SC,Salaried,40000.0,5000.0,35000.0,84000.0
RET-06951,24,F,Married,OBC,Salaried,105000.0,15000.0,90000.0,84000.0
RET-06952,49,F,Married,GEN,Salaried,97000.0,15000.0,82000.0,93000.0
RET-06953,23,F,Married,OBC,Self-Employed Professional,63000.0,8000.0,55000.0,143000.0
RET-06954,31,M,Unmarried,GEN,Self-Employed Non-Professional,62000.0,3000.0,59000.0,135000.0
RET-06955,28,M,Married,GEN,Self-Employed Professional,25000.0,2000.0,23000.0,54000.0
RET-06956,21,F,Married,SC,Salaried,46000.0,8000.0,38000.0,28000.0
RET-06957,38,M,Married,Minority,Salaried,102000.0,10000.0,92000.0,157000.0
RET-06958,56,M,Married,GEN,Salaried,49000.0,5000.0,44000.0,84000.0
RET-06959,64,M,Married,Minority,Self-Employed Professional,194000.0,20000.0,174000.0,426000.0
RET-06960,38,M,Unmarried,GEN,Salaried,151000.0,31000.0,120000.0,187000.0
RET-06961,49,M,Married,GEN,Self-Employed Professional,56000.0,4000.0,52000.0,96000.0
RET-06962,40,M,Unmarried,GEN,Self-Employed Professional,62000.0,7000.0,55000.0,60000.0
RET-06963,42,M,Unmarried,GEN,Salaried,278000.0,46000.0,232000.0,599000.0
RET-06964,34,M,Unmarried,GEN,Salaried,122000.0,28000.0,94000.0,262000.0
RET-06965,39,F,Unmarried,Minority,Salaried,76000.0,18000.0,58000.0,96000.0
RET-06966,43,M,Married,GEN,Self-Employed Non-Professional,82000.0,5000.0,77000.0,123000.0
RET-06967,32,M,Married,GEN,Salaried,80000.0,15000.0,65000.0,86000.0
RET-06968,37,M,Unmarried,OBC,Salaried,72000.0,16000.0,56000.0,65000.0
RET-06969,37,M,Married,GEN,Self-Employed Professional,38000.0,3000.0,35000.0,66000.0
RET-06970,46,M,Married,OBC,Salaried,57000.0,7000.0,50000.0,46000.0
RET-06971,27,M,Married,GEN,Salaried,31000.0,5000.0,26000.0,51000.0
RET-06972,37,M,Married,GEN,Self-Employed Professional,113000.0,16000.0,97000.0,185000.0
RET-06973,57,M,Married,OBC,Self-Employed Professional,68000.0,4000.0,64000.0,143000.0
RET-06974,49,F,Unmarried,GEN,Salaried,116000.0,16000.0,100000.0,106000.0
RET-06975,51,M,Married,GEN,Salaried,34000.0,5000.0,29000.0,65000.0
RET-06976,38,M,Unmarried,GEN,Self-Employed Professional,172000.0,24000.0,148000.0,80000.0
RET-06977,41,M,Married,GEN,Self-Employed Professional,159000.0,19000.0,140000.0,257000.0
RET-06978,48,F,Married,OBC,Salaried,28000.0,7000.0,21000.0,55000.0
RET-06979,53,M,Married,GEN,Self-Employed Professional,54000.0,8000.0,46000.0,107000.0
RET-06980,21,F,Married,OBC,Self-Employed Non-Professional,58000.0,4000.0,54000.0,142000.0
RET-06981,24,M,Married,OBC,Salaried,31000.0,4000.0,27000.0,24000.0
RET-06982,51,M,Unmarried,GEN,Salaried,63000.0,15000.0,48000.0,110000.0
RET-06983,35,M,Married,Minority,Self-Employed Professional,102000.0,7000.0,95000.0,159000.0
RET-06984,31,M,Married,Minority,Salaried,55000.0,8000.0,47000.0,61000.0
RET-06985,25,M,Married,OBC,Self-Employed Professional,26000.0,4000.0,22000.0,31000.0
RET-06986,32,M,Married,GEN,Self-Employed Non-Professional,116000.0,14000.0,102000.0,77000.0
RET-06987,23,M,Married,GEN,Self-Employed Non-Professional,45000.0,5000.0,40000.0,90000.0
RET-06988,58,M,Married,GEN,Salaried,48000.0,8000.0,40000.0,83000.0
RET-06989,37,M,Unmarried,GEN,Self-Employed Non-Professional,201000.0,21000.0,180000.0,159000.0
RET-06990,37,F,Unmarried,GEN,Salaried,93000.0,10000.0,83000.0,154000.0
RET-06991,43,F,Married,OBC,Salaried,45000.0,7000.0,38000.0,31000.0
RET-06992,47,M,Married,GEN,Salaried,36000.0,7000.0,29000.0,37000.0
RET-06993,47,F,Married,Minority,Self-Employed Non-Professional,131000.0,16000.0,115000.0,70000.0
RET-06994,48,M,Unmarried,GEN,Salaried,125000.0,23000.0,102000.0,209000.0
RET-06995,31,M,Unmarried,OBC,Self-Employed Non-Professional,54000.0,7000.0,47000.0,25000.0
RET-06996,35,M,Unmarried,Minority,Salaried,34000.0,6000.0,28000.0,32000.0
RET-06997,45,M,Married,GEN,Self-Employed Professional,92000.0,8000.0,84000.0,98000.0
RET-06998,32,M,Married,Minority,Salaried,104000.0,13000.0,91000.0,216000.0
RET-06999,37,M,Married,GEN,Salaried,58000.0,9000.0,49000.0,80000.0
RET-07000,41,M,Unmarried,Minority,Self-Employed Non-Professional,38000.0,5000.0,33000.0,64000.0
RET-07001,45,M,Unmarried,Minority,Salaried,74000.0,10000.0,64000.0,72000.0
RET-07002,21,F,Married,GEN,Salaried,96000.0,15000.0,81000.0,151000.0
RET-07003,45,F,Unmarried,SC,Self-Employed Non-Professional,55000.0,5000.0,50000.0,44000.0
RET-07004,35,M,Unmarried,GEN,Self-Employed Non-Professional,86000.0,10000.0,76000.0,227000.0
RET-07005,45,M,Married,GEN,Salaried,91000.0,17000.0,74000.0,133000.0
RET-07006,45,M,Unmarried,GEN,Self-Employed Professional,145000.0,20000.0,125000.0,337000.0
RET-07007,54,M,Married,GEN,Self-Employed Professional,57000.0,4000.0,53000.0,41000.0
RET-07008,51,M,Married,OBC,Salaried,37000.0,5000.0,32000.0,63000.0
RET-07009,51,M,Married,GEN,Salaried,70000.0,8000.0,62000.0,135000.0
RET-07010,52,M,Married,SC,Salaried,201000.0,22000.0,179000.0,443000.0
RET-07011,40,M,Unmarried,GEN,Salaried,25000.0,3000.0,22000.0,38000.0
RET-07012,38,F,Married,Minority,Salaried,25000.0,3000.0,22000.0,13000.0
RET-07013,46,F,Married,GEN,Salaried,69000.0,14000.0,55000.0,63000.0
RET-07014,45,M,Married,GEN,Salaried,58000.0,12000.0,46000.0,55000.0
RET-07015,34,M,Married,OBC,Salaried,65000.0,8000.0,57000.0,74000.0
RET-07016,42,F,Married,ST,Salaried,63000.0,8000.0,55000.0,40000.0
RET-07017,37,M,Married,SC,Salaried,134000.0,16000.0,118000.0,59000.0
RET-07018,29,M,Married,GEN,Self-Employed Professional,71000.0,7000.0,64000.0,115000.0
RET-07019,50,M,Unmarried,GEN,Self-Employed Non-Professional,120000.0,17000.0,103000.0,241000.0
RET-07020,38,M,Unmarried,GEN,Salaried,25000.0,3000.0,22000.0,24000.0
RET-07021,58,F,Married,OBC,Salaried,53000.0,10000.0,43000.0,96000.0
RET-07022,21,M,Unmarried,GEN,Self-Employed Professional,45000.0,3000.0,42000.0,98000.0
RET-07023,32,M,Unmarried,GEN,Self-Employed Non-Professional,25000.0,1000.0,24000.0,37000.0
RET-07024,38,M,Married,OBC,Salaried,78000.0,9000.0,69000.0,125000.0
RET-07025,49,M,Unmarried,OBC,Salaried,69000.0,13000.0,56000.0,72000.0
RET-07026,41,M,Unmarried,OBC,Salaried,55000.0,10000.0,45000.0,65000.0
RET-07027,41,F,Married,GEN,Self-Employed Professional,68000.0,10000.0,58000.0,114000.0
RET-07028,26,M,Married,OBC,Self-Employed Non-Professional,78000.0,8000.0,70000.0,98000.0
RET-07029,26,M,Unmarried,GEN,Self-Employed Professional,134000.0,12000.0,122000.0,214000.0
RET-07030,41,M,Married,GEN,Salaried,108000.0,11000.0,97000.0,229000.0
RET-07031,24,M,Unmarried,SC,Self-Employed Professional,89000.0,9000.0,80000.0,233000.0
RET-07032,32,M,Married,OBC,Salaried,292000.0,31000.0,261000.0,712000.0
RET-07033,43,M,Married,SC,Self-Employed Professional,48000.0,6000.0,42000.0,117000.0
RET-07034,28,M,Married,GEN,Salaried,32000.0,8000.0,24000.0,67000.0
RET-07035,54,M,Married,Minority,Salaried,148000.0,30000.0,118000.0,130000.0
RET-07036,50,M,Unmarried,GEN,Salaried,224000.0,53000.0,171000.0,490000.0
RET-07037,22,F,Married,ST,Self-Employed Professional,50000.0,7000.0,43000.0,45000.0
RET-07038,28,M,Unmarried,GEN,Self-Employed Professional,167000.0,18000.0,149000.0,396000.0
RET-07039,21,M,Married,GEN,Salaried,53000.0,9000.0,44000.0,86000.0
RET-07040,30,M,Unmarried,GEN,Salaried,104000.0,18000.0,86000.0,223000.0
RET-07041,45,M,Unmarried,GEN,Salaried,107000.0,20000.0,87000.0,257000.0
RET-07042,33,M,Married,GEN,Salaried,50000.0,5000.0,45000.0,121000.0
RET-07043,42,M,Unmarried,Minority,Salaried,221000.0,28000.0,193000.0,490000.0
RET-07044,22,M,Married,GEN,Salaried,237000.0,31000.0,206000.0,209000.0
RET-07045,45,M,Unmarried,OBC,Salaried,40000.0,6000.0,34000.0,90000.0
RET-07046,32,M,Married,ST,Self-Employed Professional,83000.0,5000.0,78000.0,71000.0
RET-07047,38,M,Unmarried,OBC,Self-Employed Professional,127000.0,11000.0,116000.0,207000.0
RET-07048,37,M,Unmarried,GEN,Salaried,25000.0,3000.0,22000.0,39000.0
RET-07049,25,M,Married,Minority,Salaried,74000.0,14000.0,60000.0,108000.0
RET-07050,26,F,Married,GEN,Salaried,27000.0,4000.0,23000.0,53000.0
RET-07051,47,F,Married,OBC,Salaried,109000.0,19000.0,90000.0,134000.0
RET-07052,41,M,Married,SC,Self-Employed Non-Professional,77000.0,9000.0,68000.0,112000.0
RET-07053,48,M,Married,GEN,Self-Employed Professional,58000.0,8000.0,50000.0,107000.0
RET-07054,41,M,Married,OBC,Salaried,29000.0,4000.0,25000.0,55000.0
RET-07055,39,M,Married,GEN,Self-Employed Non-Professional,51000.0,3000.0,48000.0,77000.0
RET-07056,21,M,Married,GEN,Self-Employed Professional,100000.0,5000.0,95000.0,60000.0
RET-07057,35,M,Unmarried,GEN,Salaried,71000.0,17000.0,54000.0,62000.0
RET-07058,37,F,Unmarried,Minority,Self-Employed Professional,150000.0,19000.0,131000.0,375000.0
RET-07059,57,M,Unmarried,ST,Salaried,144000.0,30000.0,114000.0,321000.0
RET-07060,44,M,Married,GEN,Salaried,140000.0,31000.0,109000.0,232000.0
RET-07061,53,F,Married,GEN,Self-Employed Professional,53000.0,7000.0,46000.0,44000.0
RET-07062,43,M,Married,GEN,Self-Employed Non-Professional,87000.0,6000.0,81000.0,60000.0
RET-07063,30,M,Unmarried,OBC,Salaried,41000.0,6000.0,35000.0,101000.0
RET-07064,39,M,Married,ST,Salaried,34000.0,8000.0,26000.0,70000.0
RET-07065,40,M,Married,Minority,Self-Employed Non-Professional,149000.0,21000.0,128000.0,191000.0
RET-07066,28,M,Married,SC,Salaried,36000.0,7000.0,29000.0,60000.0
RET-07067,34,M,Unmarried,OBC,Self-Employed Non-Professional,34000.0,3000.0,31000.0,86000.0
RET-07068,35,M,Married,GEN,Salaried,78000.0,15000.0,63000.0,53000.0
RET-07069,54,M,Married,GEN,Salaried,62000.0,7000.0,55000.0,115000.0
RET-07070,21,M,Married,OBC,Salaried,65000.0,14000.0,51000.0,143000.0
RET-07071,50,F,Unmarried,OBC,Self-Employed Professional,292000.0,43000.0,249000.0,645000.0
RET-07072,28,M,Married,SC,Salaried,40000.0,5000.0,35000.0,43000.0
RET-07073,24,M,Unmarried,GEN,Salaried,98000.0,10000.0,88000.0,253000.0
RET-07074,49,M,Unmarried,GEN,Salaried,77000.0,11000.0,66000.0,67000.0
RET-07075,45,M,Unmarried,GEN,Salaried,134000.0,21000.0,113000.0,115000.0
RET-07076,50,M,Married,Minority,Salaried,46000.0,6000.0,40000.0,30000.0
RET-07077,46,F,Unmarried,SC,Salaried,64000.0,9000.0,55000.0,44000.0
RET-07078,58,M,Unmarried,GEN,Salaried,78000.0,18000.0,60000.0,144000.0
RET-07079,43,F,Married,ST,Salaried,31000.0,5000.0,26000.0,31000.0
RET-07080,36,F,Married,GEN,Self-Employed Professional,25000.0,2000.0,23000.0,61000.0
RET-07081,41,F,Unmarried,GEN,Salaried,72000.0,10000.0,62000.0,164000.0
RET-07082,50,M,Married,GEN,Salaried,163000.0,36000.0,127000.0,100000.0
RET-07083,30,F,Unmarried,OBC,Salaried,59000.0,12000.0,47000.0,86000.0
RET-07084,31,M,Married,OBC,Salaried,64000.0,14000.0,50000.0,117000.0
RET-07085,34,M,Unmarried,OBC,Self-Employed Non-Professional,146000.0,14000.0,132000.0,291000.0
RET-07086,21,M,Married,OBC,Self-Employed Non-Professional,67000.0,5000.0,62000.0,47000.0
RET-07087,39,F,Unmarried,GEN,Salaried,117000.0,18000.0,99000.0,129000.0
RET-07088,21,M,Married,GEN,Self-Employed Professional,362000.0,47000.0,315000.0,639000.0
RET-07089,38,M,Unmarried,SC,Self-Employed Professional,52000.0,4000.0,48000.0,94000.0
RET-07090,46,M,Married,OBC,Self-Employed Non-Professional,66000.0,8000.0,58000.0,147000.0
RET-07091,33,M,Married,GEN,Self-Employed Non-Professional,93000.0,5000.0,88000.0,56000.0
RET-07092,54,M,Married,GEN,Salaried,179000.0,22000.0,157000.0,267000.0
RET-07093,23,F,Unmarried,GEN,Self-Employed Non-Professional,68000.0,10000.0,58000.0,152000.0
RET-07094,49,F,Married,GEN,Self-Employed Non-Professional,113000.0,7000.0,106000.0,316000.0
RET-07095,44,F,Unmarried,GEN,Salaried,90000.0,9000.0,81000.0,67000.0
RET-07096,21,M,Unmarried,GEN,Salaried,70000.0,10000.0,60000.0,127000.0
RET-07097,65,M,Unmarried,SC,Self-Employed Professional,57000.0,8000.0,49000.0,25000.0
RET-07098,37,M,Unmarried,GEN,Salaried,51000.0,7000.0,44000.0,60000.0
RET-07099,29,M,Married,SC,Self-Employed Professional,460000.0,48000.0,412000.0,664000.0
RET-07100,23,M,Unmarried,OBC,Salaried,29000.0,6000.0,23000.0,31000.0
RET-07101,35,F,Unmarried,GEN,Salaried,31000.0,3000.0,28000.0,58000.0
RET-07102,36,M,Married,OBC,Self-Employed Non-Professional,85000.0,8000.0,77000.0,41000.0
RET-07103,39,F,Married,GEN,Self-Employed Non-Professional,83000.0,5000.0,78000.0,216000.0
RET-07104,35,F,Married,OBC,Salaried,94000.0,21000.0,73000.0,95000.0
RET-07105,44,M,Married,GEN,Self-Employed Professional,43000.0,6000.0,37000.0,32000.0
RET-07106,34,F,Married,GEN,Salaried,40000.0,8000.0,32000.0,51000.0
RET-07107,21,F,Married,OBC,Salaried,62000.0,13000.0,49000.0,87000.0
RET-07108,36,M,Unmarried,GEN,Salaried,126000.0,30000.0,96000.0,60000.0
RET-07109,21,M,Married,GEN,Salaried,40000.0,7000.0,33000.0,82000.0
RET-07110,41,M,Unmarried,GEN,Salaried,80000.0,18000.0,62000.0,145000.0
RET-07111,28,M,Married,GEN,Self-Employed Non-Professional,54000.0,3000.0,51000.0,91000.0
RET-07112,39,M,Married,ST,Self-Employed Professional,29000.0,2000.0,27000.0,26000.0
RET-07113,51,M,Married,GEN,Salaried,34000.0,3000.0,31000.0,87000.0
RET-07114,28,M,Unmarried,GEN,Self-Employed Professional,126000.0,10000.0,116000.0,288000.0
RET-07115,48,M,Married,GEN,Self-Employed Non-Professional,51000.0,5000.0,46000.0,50000.0
RET-07116,33,M,Married,GEN,Salaried,154000.0,36000.0,118000.0,276000.0
RET-07117,55,M,Married,OBC,Salaried,72000.0,11000.0,61000.0,46000.0
RET-07118,34,M,Married,GEN,Self-Employed Non-Professional,32000.0,3000.0,29000.0,23000.0
RET-07119,29,M,Married,SC,Self-Employed Professional,97000.0,9000.0,88000.0,142000.0
RET-07120,44,M,Unmarried,OBC,Self-Employed Non-Professional,45000.0,6000.0,39000.0,88000.0
RET-07121,33,F,Unmarried,GEN,Salaried,58000.0,7000.0,51000.0,142000.0
RET-07122,29,M,Married,OBC,Self-Employed Non-Professional,144000.0,20000.0,124000.0,363000.0
RET-07123,33,M,Unmarried,OBC,Self-Employed Professional,34000.0,3000.0,31000.0,69000.0
RET-07124,37,M,Married,GEN,Self-Employed Non-Professional,56000.0,6000.0,50000.0,123000.0
RET-07125,51,M,Unmarried,GEN,Salaried,38000.0,5000.0,33000.0,59000.0
RET-07126,21,M,Married,GEN,Salaried,36000.0,4000.0,32000.0,20000.0
RET-07127,38,M,Unmarried,GEN,Salaried,55000.0,11000.0,44000.0,36000.0
RET-07128,44,F,Unmarried,GEN,Salaried,44000.0,11000.0,33000.0,97000.0
RET-07129,39,F,Unmarried,OBC,Salaried,62000.0,8000.0,54000.0,80000.0
RET-07130,51,M,Married,OBC,Self-Employed Professional,107000.0,10000.0,97000.0,236000.0
RET-07131,37,F,Unmarried,ST,Salaried,47000.0,8000.0,39000.0,41000.0
RET-07132,36,M,Unmarried,OBC,Salaried,30000.0,7000.0,23000.0,42000.0
RET-07133,43,F,Unmarried,OBC,Salaried,107000.0,17000.0,90000.0,79000.0
RET-07134,38,M,Married,OBC,Salaried,46000.0,11000.0,35000.0,88000.0
RET-07135,34,M,Married,Minority,Salaried,219000.0,25000.0,194000.0,179000.0
RET-07136,43,M,Married,GEN,Salaried,57000.0,14000.0,43000.0,97000.0
RET-07137,31,M,Married,GEN,Self-Employed Professional,67000.0,8000.0,59000.0,52000.0
RET-07138,31,F,Unmarried,GEN,Self-Employed Non-Professional,25000.0,3000.0,22000.0,56000.0
RET-07139,32,M,Unmarried,GEN,Salaried,36000.0,8000.0,28000.0,49000.0
RET-07140,51,M,Married,GEN,Self-Employed Non-Professional,25000.0,4000.0,21000.0,32000.0
RET-07141,21,M,Unmarried,GEN,Salaried,87000.0,19000.0,68000.0,91000.0
RET-07142,41,M,Married,GEN,Self-Employed Non-Professional,70000.0,9000.0,61000.0,135000.0
RET-07143,38,M,Married,Minority,Self-Employed Non-Professional,107000.0,8000.0,99000.0,71000.0
RET-07144,21,F,Married,Minority,Salaried,119000.0,29000.0,90000.0,238000.0
RET-07145,41,F,Unmarried,OBC,Salaried,130000.0,21000.0,109000.0,262000.0
RET-07146,42,M,Unmarried,GEN,Salaried,64000.0,13000.0,51000.0,73000.0
RET-07147,43,M,Married,ST,Salaried,77000.0,16000.0,61000.0,180000.0
RET-07148,21,M,Unmarried,ST,Self-Employed Professional,104000.0,13000.0,91000.0,235000.0
RET-07149,51,F,Married,Minority,Salaried,45000.0,9000.0,36000.0,42000.0
RET-07150,30,F,Married,OBC,Salaried,42000.0,4000.0,38000.0,103000.0
RET-07151,44,M,Married,GEN,Salaried,184000.0,39000.0,145000.0,108000.0
RET-07152,45,F,Married,GEN,Salaried,25000.0,3000.0,22000.0,49000.0
RET-07153,29,M,Unmarried,Minority,Salaried,99000.0,18000.0,81000.0,67000.0
RET-07154,44,M,Unmarried,GEN,Salaried,90000.0,20000.0,70000.0,206000.0
RET-07155,34,F,Married,GEN,Self-Employed Professional,37000.0,2000.0,35000.0,22000.0
RET-07156,21,M,Married,GEN,Salaried,49000.0,11000.0,38000.0,41000.0
RET-07157,49,M,Married,GEN,Self-Employed Professional,59000.0,7000.0,52000.0,95000.0
RET-07158,30,M,Married,Minority,Self-Employed Professional,83000.0,9000.0,74000.0,145000.0
RET-07159,29,M,Married,GEN,Salaried,90000.0,16000.0,74000.0,132000.0
RET-07160,33,M,Married,GEN,Salaried,72000.0,13000.0,59000.0,139000.0
RET-07161,40,F,Unmarried,Minority,Salaried,82000.0,12000.0,70000.0,35000.0
RET-07162,37,M,Married,GEN,Self-Employed Non-Professional,109000.0,6000.0,103000.0,197000.0
RET-07163,43,F,Married,ST,Salaried,106000.0,24000.0,82000.0,167000.0
RET-07164,24,M,Unmarried,GEN,Salaried,184000.0,33000.0,151000.0,154000.0
RET-07165,30,M,Married,OBC,Self-Employed Professional,137000.0,11000.0,126000.0,271000.0
RET-07166,36,F,Married,GEN,Self-Employed Non-Professional,74000.0,4000.0,70000.0,149000.0
RET-07167,56,M,Married,OBC,Self-Employed Non-Professional,107000.0,10000.0,97000.0,177000.0
RET-07168,36,M,Married,GEN,Salaried,94000.0,11000.0,83000.0,95000.0
RET-07169,48,M,Married,Minority,Salaried,81000.0,19000.0,62000.0,96000.0
RET-07170,38,M,Married,GEN,Self-Employed Professional,43000.0,3000.0,40000.0,47000.0
RET-07171,33,M,Unmarried,GEN,Salaried,81000.0,17000.0,64000.0,155000.0
RET-07172,35,F,Unmarried,ST,Salaried,25000.0,5000.0,20000.0,41000.0
RET-07173,36,F,Unmarried,GEN,Self-Employed Professional,139000.0,16000.0,123000.0,108000.0
RET-07174,44,M,Married,OBC,Self-Employed Professional,90000.0,12000.0,78000.0,150000.0
RET-07175,51,F,Married,OBC,Self-Employed Professional,66000.0,5000.0,61000.0,168000.0
RET-07176,41,F,Married,GEN,Salaried,57000.0,13000.0,44000.0,114000.0
RET-07177,49,F,Married,GEN,Self-Employed Non-Professional,108000.0,15000.0,93000.0,254000.0
RET-07178,28,M,Married,Minority,Salaried,220000.0,37000.0,183000.0,511000.0
RET-07179,33,M,Married,GEN,Salaried,92000.0,20000.0,72000.0,70000.0
RET-07180,30,M,Married,GEN,Self-Employed Professional,229000.0,15000.0,214000.0,492000.0
RET-07181,41,M,Married,OBC,Self-Employed Non-Professional,117000.0,14000.0,103000.0,217000.0
RET-07182,34,M,Married,GEN,Salaried,45000.0,10000.0,35000.0,20000.0
RET-07183,45,M,Married,OBC,Salaried,98000.0,19000.0,79000.0,193000.0
RET-07184,28,M,Married,GEN,Salaried,92000.0,10000.0,82000.0,83000.0
RET-07185,38,M,Married,ST,Salaried,45000.0,7000.0,38000.0,106000.0
RET-07186,44,M,Married,GEN,Self-Employed Professional,57000.0,6000.0,51000.0,132000.0
RET-07187,21,M,Married,GEN,Salaried,57000.0,13000.0,44000.0,107000.0
RET-07188,59,F,Married,SC,Self-Employed Non-Professional,78000.0,6000.0,72000.0,161000.0
RET-07189,35,M,Married,GEN,Salaried,62000.0,14000.0,48000.0,80000.0
RET-07190,21,F,Married,GEN,Salaried,86000.0,12000.0,74000.0,185000.0
RET-07191,39,F,Unmarried,SC,Salaried,95000.0,16000.0,79000.0,201000.0
RET-07192,38,F,Married,OBC,Salaried,156000.0,26000.0,130000.0,97000.0
RET-07193,37,F,Married,GEN,Salaried,102000.0,17000.0,85000.0,113000.0
RET-07194,47,F,Married,GEN,Salaried,48000.0,5000.0,43000.0,56000.0
RET-07195,45,M,Married,SC,Salaried,260000.0,33000.0,227000.0,184000.0
RET-07196,40,F,Married,GEN,Self-Employed Non-Professional,48000.0,3000.0,45000.0,132000.0
RET-07197,42,F,Unmarried,Minority,Salaried,58000.0,11000.0,47000.0,92000.0
RET-07198,36,F,Unmarried,GEN,Salaried,105000.0,17000.0,88000.0,174000.0
RET-07199,55,M,Married,SC,Salaried,415000.0,62000.0,353000.0,514000.0
RET-07200,23,M,Married,GEN,Salaried,93000.0,15000.0,78000.0,189000.0
RET-07201,39,M,Married,GEN,Self-Employed Professional,50000.0,5000.0,45000.0,76000.0
RET-07202,38,M,Married,GEN,Self-Employed Professional,27000.0,3000.0,24000.0,57000.0
RET-07203,46,F,Unmarried,GEN,Salaried,26000.0,3000.0,23000.0,62000.0
RET-07204,29,M,Married,GEN,Salaried,74000.0,8000.0,66000.0,141000.0
RET-07205,21,M,Married,GEN,Salaried,101000.0,20000.0,81000.0,167000.0
RET-07206,39,M,Married,ST,Salaried,31000.0,4000.0,27000.0,67000.0
RET-07207,40,M,Married,GEN,Salaried,84000.0,17000.0,67000.0,118000.0
RET-07208,52,M,Unmarried,Minority,Salaried,33000.0,4000.0,29000.0,73000.0
RET-07209,25,M,Unmarried,GEN,Self-Employed Professional,42000.0,6000.0,36000.0,26000.0
RET-07210,49,M,Unmarried,OBC,Salaried,107000.0,13000.0,94000.0,104000.0
RET-07211,61,M,Married,ST,Self-Employed Non-Professional,47000.0,4000.0,43000.0,121000.0
RET-07212,34,M,Married,Minority,Salaried,160000.0,24000.0,136000.0,126000.0
RET-07213,25,F,Unmarried,GEN,Self-Employed Non-Professional,52000.0,5000.0,47000.0,77000.0
RET-07214,33,F,Unmarried,OBC,Salaried,142000.0,25000.0,117000.0,199000.0
RET-07215,38,F,Married,GEN,Salaried,285000.0,55000.0,230000.0,355000.0
RET-07216,43,M,Unmarried,GEN,Salaried,47000.0,7000.0,40000.0,107000.0
RET-07217,32,M,Married,OBC,Salaried,321000.0,58000.0,263000.0,624000.0
RET-07218,53,M,Married,GEN,Salaried,74000.0,18000.0,56000.0,141000.0
RET-07219,26,F,Married,GEN,Salaried,50000.0,7000.0,43000.0,128000.0
RET-07220,21,F,Married,GEN,Salaried,61000.0,7000.0,54000.0,159000.0
RET-07221,49,M,Unmarried,GEN,Salaried,57000.0,13000.0,44000.0,120000.0
RET-07222,21,F,Married,GEN,Salaried,170000.0,27000.0,143000.0,274000.0
RET-07223,35,M,Unmarried,ST,Salaried,161000.0,37000.0,124000.0,155000.0
RET-07224,65,M,Married,GEN,Self-Employed Professional,160000.0,12000.0,148000.0,342000.0
RET-07225,37,M,Married,OBC,Salaried,34000.0,4000.0,30000.0,86000.0
RET-07226,26,M,Unmarried,SC,Self-Employed Non-Professional,82000.0,9000.0,73000.0,217000.0
RET-07227,37,M,Married,OBC,Salaried,29000.0,6000.0,23000.0,47000.0
RET-07228,37,F,Unmarried,OBC,Self-Employed Professional,134000.0,11000.0,123000.0,277000.0
RET-07229,39,M,Married,OBC,Salaried,55000.0,9000.0,46000.0,55000.0
RET-07230,44,M,Married,GEN,Salaried,99000.0,25000.0,74000.0,74000.0
RET-07231,27,F,Married,GEN,Salaried,54000.0,10000.0,44000.0,92000.0
RET-07232,54,M,Unmarried,Minority,Self-Employed Non-Professional,26000.0,4000.0,22000.0,23000.0
RET-07233,40,M,Married,Minority,Self-Employed Non-Professional,124000.0,16000.0,108000.0,161000.0
RET-07234,45,M,Married,OBC,Self-Employed Professional,130000.0,11000.0,119000.0,206000.0
RET-07235,31,M,Unmarried,GEN,Self-Employed Professional,80000.0,10000.0,70000.0,198000.0
RET-07236,50,M,Married,GEN,Self-Employed Professional,25000.0,2000.0,23000.0,68000.0
RET-07237,35,M,Unmarried,GEN,Salaried,115000.0,24000.0,91000.0,102000.0
RET-07238,40,M,Married,SC,Self-Employed Professional,47000.0,5000.0,42000.0,35000.0
RET-07239,28,M,Married,OBC,Salaried,100000.0,15000.0,85000.0,90000.0
RET-07240,28,F,Married,OBC,Self-Employed Professional,54000.0,6000.0,48000.0,86000.0
RET-07241,44,F,Married,OBC,Salaried,58000.0,11000.0,47000.0,115000.0
RET-07242,33,F,Married,GEN,Salaried,99000.0,11000.0,88000.0,159000.0
RET-07243,29,M,Married,SC,Salaried,45000.0,6000.0,39000.0,110000.0
RET-07244,31,M,Married,GEN,Salaried,66000.0,12000.0,54000.0,113000.0
RET-07245,44,F,Unmarried,OBC,Self-Employed Professional,99000.0,8000.0,91000.0,156000.0
RET-07246,31,M,Married,GEN,Salaried,268000.0,51000.0,217000.0,526000.0
RET-07247,36,M,Married,GEN,Self-Employed Non-Professional,70000.0,10000.0,60000.0,173000.0
RET-07248,38,F,Married,GEN,Salaried,121000.0,15000.0,106000.0,141000.0
RET-07249,21,M,Unmarried,Minority,Self-Employed Professional,36000.0,5000.0,31000.0,37000.0
RET-07250,23,M,Married,OBC,Self-Employed Non-Professional,202000.0,20000.0,182000.0,188000.0
RET-07251,41,F,Married,GEN,Salaried,45000.0,10000.0,35000.0,64000.0
RET-07252,30,F,Married,SC,Self-Employed Professional,68000.0,7000.0,61000.0,102000.0
RET-07253,48,M,Married,OBC,Salaried,99000.0,13000.0,86000.0,96000.0
RET-07254,47,M,Married,OBC,Salaried,46000.0,5000.0,41000.0,94000.0
RET-07255,45,M,Unmarried,GEN,Salaried,140000.0,25000.0,115000.0,143000.0
RET-07256,56,F,Unmarried,GEN,Self-Employed Professional,49000.0,5000.0,44000.0,105000.0
RET-07257,37,M,Unmarried,GEN,Salaried,120000.0,16000.0,104000.0,270000.0
RET-07258,44,M,Married,GEN,Salaried,139000.0,33000.0,106000.0,283000.0
RET-07259,32,F,Married,OBC,Salaried,103000.0,12000.0,91000.0,79000.0
RET-07260,62,M,Unmarried,GEN,Salaried,112000.0,16000.0,96000.0,121000.0
RET-07261,57,F,Married,GEN,Self-Employed Professional,334000.0,42000.0,292000.0,529000.0
RET-07262,38,F,Unmarried,GEN,Salaried,94000.0,12000.0,82000.0,214000.0
RET-07263,41,M,Married,GEN,Salaried,78000.0,18000.0,60000.0,90000.0
RET-07264,51,F,Unmarried,Minority,Salaried,89000.0,14000.0,75000.0,161000.0
RET-07265,36,M,Unmarried,Minority,Salaried,157000.0,20000.0,137000.0,224000.0
RET-07266,31,F,Unmarried,GEN,Self-Employed Non-Professional,296000.0,26000.0,270000.0,155000.0
RET-07267,46,F,Married,SC,Salaried,66000.0,11000.0,55000.0,71000.0
RET-07268,38,M,Married,GEN,Self-Employed Non-Professional,42000.0,4000.0,38000.0,91000.0
RET-07269,39,F,Unmarried,SC,Salaried,147000.0,17000.0,130000.0,302000.0
RET-07270,29,F,Unmarried,GEN,Salaried,32000.0,3000.0,29000.0,79000.0
RET-07271,21,M,Married,GEN,Self-Employed Professional,85000.0,12000.0,73000.0,145000.0
RET-07272,40,M,Married,ST,Self-Employed Professional,88000.0,7000.0,81000.0,196000.0
RET-07273,47,M,Unmarried,ST,Self-Employed Non-Professional,69000.0,8000.0,61000.0,94000.0
RET-07274,35,M,Married,GEN,Salaried,71000.0,15000.0,56000.0,77000.0
RET-07275,52,F,Unmarried,ST,Salaried,27000.0,6000.0,21000.0,28000.0
RET-07276,30,F,Unmarried,OBC,Self-Employed Non-Professional,43000.0,6000.0,37000.0,33000.0
RET-07277,27,M,Unmarried,GEN,Salaried,128000.0,15000.0,113000.0,180000.0
RET-07278,37,M,Married,GEN,Salaried,25000.0,4000.0,21000.0,53000.0
RET-07279,37,M,Married,GEN,Salaried,69000.0,10000.0,59000.0,31000.0
RET-07280,45,M,Married,SC,Salaried,61000.0,11000.0,50000.0,97000.0
RET-07281,30,M,Unmarried,Minority,Salaried,25000.0,4000.0,21000.0,20000.0
RET-07282,51,M,Married,OBC,Self-Employed Non-Professional,202000.0,27000.0,175000.0,413000.0
RET-07283,57,M,Married,OBC,Salaried,39000.0,8000.0,31000.0,26000.0
RET-07284,37,F,Married,OBC,Self-Employed Professional,102000.0,5000.0,97000.0,88000.0
RET-07285,50,M,Married,GEN,Salaried,55000.0,13000.0,42000.0,25000.0
RET-07286,27,M,Unmarried,GEN,Salaried,44000.0,5000.0,39000.0,63000.0
RET-07287,48,M,Unmarried,GEN,Salaried,63000.0,12000.0,51000.0,108000.0
RET-07288,48,F,Unmarried,OBC,Salaried,59000.0,13000.0,46000.0,56000.0
RET-07289,46,F,Married,ST,Salaried,65000.0,7000.0,58000.0,35000.0
RET-07290,37,F,Unmarried,GEN,Self-Employed Professional,46000.0,4000.0,42000.0,119000.0
RET-07291,21,M,Married,GEN,Self-Employed Professional,40000.0,5000.0,35000.0,93000.0
RET-07292,31,M,Married,SC,Salaried,134000.0,33000.0,101000.0,167000.0
RET-07293,31,M,Married,GEN,Salaried,73000.0,8000.0,65000.0,166000.0
RET-07294,28,M,Married,OBC,Salaried,71000.0,15000.0,56000.0,140000.0
RET-07295,39,M,Married,GEN,Salaried,43000.0,5000.0,38000.0,72000.0
RET-07296,33,F,Married,OBC,Self-Employed Non-Professional,188000.0,14000.0,174000.0,316000.0
RET-07297,29,M,Married,SC,Salaried,69000.0,11000.0,58000.0,123000.0
RET-07298,27,M,Married,GEN,Salaried,25000.0,4000.0,21000.0,48000.0
RET-07299,30,F,Married,SC,Self-Employed Non-Professional,86000.0,7000.0,79000.0,202000.0
RET-07300,49,M,Unmarried,GEN,Salaried,46000.0,10000.0,36000.0,70000.0
RET-07301,31,M,Married,GEN,Salaried,126000.0,28000.0,98000.0,232000.0
RET-07302,32,M,Married,GEN,Salaried,136000.0,20000.0,116000.0,112000.0
RET-07303,33,M,Married,ST,Salaried,127000.0,22000.0,105000.0,248000.0
RET-07304,41,F,Unmarried,GEN,Self-Employed Non-Professional,55000.0,3000.0,52000.0,34000.0
RET-07305,42,M,Married,GEN,Salaried,68000.0,13000.0,55000.0,118000.0
RET-07306,21,F,Unmarried,OBC,Salaried,85000.0,10000.0,75000.0,171000.0
RET-07307,48,F,Married,GEN,Salaried,125000.0,28000.0,97000.0,283000.0
RET-07308,52,F,Married,GEN,Salaried,39000.0,9000.0,30000.0,47000.0
RET-07309,27,M,Married,GEN,Salaried,77000.0,15000.0,62000.0,49000.0
RET-07310,28,M,Unmarried,SC,Self-Employed Non-Professional,224000.0,27000.0,197000.0,263000.0
RET-07311,33,M,Married,Minority,Salaried,53000.0,13000.0,40000.0,62000.0
RET-07312,30,M,Married,GEN,Self-Employed Professional,72000.0,7000.0,65000.0,158000.0
RET-07313,40,F,Married,OBC,Salaried,351000.0,67000.0,284000.0,274000.0
RET-07314,21,M,Married,GEN,Salaried,63000.0,11000.0,52000.0,48000.0
RET-07315,26,F,Unmarried,OBC,Self-Employed Professional,29000.0,3000.0,26000.0,27000.0
RET-07316,53,M,Unmarried,GEN,Self-Employed Non-Professional,71000.0,4000.0,67000.0,72000.0
RET-07317,28,M,Married,GEN,Salaried,200000.0,34000.0,166000.0,466000.0
RET-07318,50,F,Married,SC,Salaried,138000.0,29000.0,109000.0,98000.0
RET-07319,41,M,Married,GEN,Salaried,41000.0,10000.0,31000.0,48000.0
RET-07320,21,F,Married,GEN,Salaried,94000.0,10000.0,84000.0,127000.0
RET-07321,44,M,Married,Minority,Salaried,66000.0,9000.0,57000.0,47000.0
RET-07322,36,F,Married,Minority,Self-Employed Professional,119000.0,7000.0,112000.0,87000.0
RET-07323,33,M,Married,GEN,Salaried,51000.0,11000.0,40000.0,111000.0
RET-07324,40,F,Unmarried,OBC,Salaried,98000.0,16000.0,82000.0,212000.0
RET-07325,42,M,Married,OBC,Salaried,230000.0,41000.0,189000.0,535000.0
RET-07326,45,M,Married,GEN,Salaried,25000.0,4000.0,21000.0,27000.0
RET-07327,49,F,Married,Minority,Salaried,104000.0,24000.0,80000.0,145000.0
RET-07328,42,F,Unmarried,SC,Self-Employed Professional,161000.0,9000.0,152000.0,173000.0
RET-07329,24,M,Unmarried,SC,Salaried,29000.0,6000.0,23000.0,34000.0
RET-07330,33,M,Married,GEN,Self-Employed Professional,47000.0,7000.0,40000.0,99000.0
RET-07331,65,M,Married,GEN,Salaried,58000.0,11000.0,47000.0,79000.0
RET-07332,45,M,Married,GEN,Self-Employed Non-Professional,47000.0,6000.0,41000.0,32000.0
RET-07333,61,F,Married,GEN,Self-Employed Non-Professional,45000.0,6000.0,39000.0,20000.0
RET-07334,51,M,Married,GEN,Salaried,58000.0,12000.0,46000.0,50000.0
RET-07335,40,M,Unmarried,GEN,Salaried,122000.0,14000.0,108000.0,103000.0
RET-07336,41,M,Married,GEN,Self-Employed Professional,179000.0,25000.0,154000.0,383000.0
RET-07337,37,M,Married,GEN,Salaried,160000.0,23000.0,137000.0,297000.0
RET-07338,21,F,Unmarried,GEN,Salaried,133000.0,16000.0,117000.0,304000.0
RET-07339,38,F,Unmarried,GEN,Salaried,220000.0,46000.0,174000.0,269000.0
RET-07340,50,M,Married,GEN,Self-Employed Professional,247000.0,13000.0,234000.0,458000.0
RET-07341,32,F,Unmarried,OBC,Salaried,81000.0,16000.0,65000.0,100000.0
RET-07342,42,M,Married,GEN,Salaried,173000.0,24000.0,149000.0,157000.0
RET-07343,46,M,Married,Minority,Self-Employed Non-Professional,94000.0,13000.0,81000.0,168000.0
RET-07344,28,M,Unmarried,OBC,Salaried,64000.0,14000.0,50000.0,74000.0
RET-07345,33,M,Unmarried,SC,Self-Employed Professional,71000.0,10000.0,61000.0,69000.0
RET-07346,27,M,Unmarried,Minority,Self-Employed Professional,134000.0,12000.0,122000.0,347000.0
RET-07347,29,M,Married,GEN,Salaried,176000.0,31000.0,145000.0,112000.0
RET-07348,25,F,Unmarried,GEN,Self-Employed Professional,104000.0,12000.0,92000.0,225000.0
RET-07349,28,F,Married,GEN,Salaried,58000.0,9000.0,49000.0,92000.0
RET-07350,52,F,Married,GEN,Self-Employed Professional,55000.0,3000.0,52000.0,125000.0
RET-07351,28,M,Unmarried,GEN,Self-Employed Professional,25000.0,4000.0,21000.0,15000.0
RET-07352,39,M,Married,SC,Salaried,91000.0,14000.0,77000.0,114000.0
RET-07353,32,M,Unmarried,GEN,Salaried,87000.0,10000.0,77000.0,192000.0
RET-07354,49,M,Married,Minority,Self-Employed Professional,39000.0,6000.0,33000.0,84000.0
RET-07355,51,M,Married,SC,Salaried,97000.0,22000.0,75000.0,185000.0
RET-07356,46,M,Unmarried,OBC,Self-Employed Professional,96000.0,8000.0,88000.0,208000.0
RET-07357,41,M,Unmarried,GEN,Salaried,30000.0,6000.0,24000.0,35000.0
RET-07358,35,M,Married,OBC,Self-Employed Professional,60000.0,4000.0,56000.0,128000.0
RET-07359,26,M,Married,GEN,Salaried,170000.0,27000.0,143000.0,111000.0
RET-07360,57,M,Unmarried,GEN,Self-Employed Professional,50000.0,7000.0,43000.0,39000.0
RET-07361,30,M,Married,SC,Salaried,74000.0,15000.0,59000.0,109000.0
RET-07362,44,M,Married,GEN,Salaried,81000.0,17000.0,64000.0,120000.0
RET-07363,48,F,Married,GEN,Self-Employed Professional,72000.0,11000.0,61000.0,102000.0
RET-07364,32,M,Married,SC,Salaried,111000.0,16000.0,95000.0,222000.0
RET-07365,48,F,Unmarried,GEN,Self-Employed Non-Professional,128000.0,16000.0,112000.0,214000.0
RET-07366,45,M,Married,OBC,Self-Employed Professional,156000.0,10000.0,146000.0,97000.0
RET-07367,55,M,Unmarried,OBC,Self-Employed Non-Professional,61000.0,4000.0,57000.0,155000.0
RET-07368,33,F,Married,GEN,Salaried,100000.0,19000.0,81000.0,168000.0
RET-07369,25,M,Unmarried,SC,Salaried,121000.0,26000.0,95000.0,260000.0
RET-07370,32,M,Married,Minority,Salaried,68000.0,15000.0,53000.0,83000.0
RET-07371,40,F,Married,GEN,Salaried,48000.0,11000.0,37000.0,19000.0
RET-07372,38,M,Married,GEN,Salaried,80000.0,13000.0,67000.0,161000.0
RET-07373,34,M,Married,OBC,Self-Employed Professional,51000.0,3000.0,48000.0,92000.0
RET-07374,21,F,Married,OBC,Self-Employed Professional,48000.0,6000.0,42000.0,23000.0
RET-07375,42,F,Married,OBC,Salaried,83000.0,10000.0,73000.0,141000.0
RET-07376,57,M,Married,GEN,Self-Employed Professional,65000.0,5000.0,60000.0,170000.0
RET-07377,42,M,Married,GEN,Salaried,81000.0,10000.0,71000.0,73000.0
RET-07378,44,F,Married,Minority,Salaried,29000.0,3000.0,26000.0,31000.0
RET-07379,43,M,Married,GEN,Salaried,66000.0,13000.0,53000.0,113000.0
RET-07380,41,M,Unmarried,OBC,Salaried,25000.0,6000.0,19000.0,48000.0
RET-07381,47,M,Married,SC,Self-Employed Professional,39000.0,3000.0,36000.0,76000.0
RET-07382,41,F,Unmarried,GEN,Self-Employed Professional,69000.0,10000.0,59000.0,129000.0
RET-07383,34,M,Married,OBC,Salaried,151000.0,24000.0,127000.0,167000.0
RET-07384,30,F,Unmarried,GEN,Self-Employed Professional,101000.0,13000.0,88000.0,46000.0
RET-07385,35,M,Married,Minority,Salaried,77000.0,17000.0,60000.0,156000.0
RET-07386,41,M,Unmarried,GEN,Self-Employed Non-Professional,58000.0,4000.0,54000.0,161000.0
RET-07387,34,F,Married,GEN,Self-Employed Professional,63000.0,6000.0,57000.0,152000.0
RET-07388,41,F,Unmarried,OBC,Self-Employed Professional,160000.0,9000.0,151000.0,226000.0
RET-07389,42,M,Unmarried,SC,Salaried,38000.0,9000.0,29000.0,40000.0
RET-07390,46,M,Married,GEN,Salaried,47000.0,5000.0,42000.0,122000.0
RET-07391,50,F,Married,GEN,Salaried,139000.0,18000.0,121000.0,359000.0
RET-07392,38,M,Unmarried,GEN,Salaried,59000.0,10000.0,49000.0,99000.0
RET-07393,24,M,Married,GEN,Salaried,234000.0,52000.0,182000.0,325000.0
RET-07394,34,M,Married,SC,Salaried,111000.0,21000.0,90000.0,161000.0
RET-07395,38,F,Unmarried,GEN,Self-Employed Professional,146000.0,12000.0,134000.0,135000.0
RET-07396,21,F,Married,OBC,Salaried,28000.0,6000.0,22000.0,51000.0
RET-07397,51,F,Unmarried,SC,Self-Employed Non-Professional,138000.0,15000.0,123000.0,114000.0
RET-07398,39,M,Married,Minority,Salaried,44000.0,6000.0,38000.0,39000.0
RET-07399,41,M,Married,OBC,Self-Employed Non-Professional,112000.0,13000.0,99000.0,216000.0
RET-07400,51,M,Married,GEN,Self-Employed Non-Professional,59000.0,7000.0,52000.0,139000.0
RET-07401,31,M,Married,GEN,Salaried,84000.0,10000.0,74000.0,160000.0
RET-07402,43,M,Unmarried,Minority,Self-Employed Non-Professional,38000.0,6000.0,32000.0,54000.0
RET-07403,36,M,Married,ST,Self-Employed Non-Professional,26000.0,3000.0,23000.0,51000.0
RET-07404,36,M,Married,GEN,Salaried,80000.0,19000.0,61000.0,100000.0
RET-07405,30,M,Married,Minority,Self-Employed Non-Professional,61000.0,6000.0,55000.0,117000.0
RET-07406,54,M,Unmarried,SC,Salaried,43000.0,6000.0,37000.0,91000.0
RET-07407,34,F,Married,Minority,Salaried,27000.0,5000.0,22000.0,12000.0
RET-07408,44,M,Married,OBC,Salaried,25000.0,4000.0,21000.0,22000.0
RET-07409,21,M,Married,ST,Salaried,100000.0,22000.0,78000.0,176000.0
RET-07410,49,M,Married,ST,Salaried,63000.0,15000.0,48000.0,72000.0
RET-07411,48,F,Married,GEN,Self-Employed Non-Professional,51000.0,3000.0,48000.0,87000.0
RET-07412,38,M,Married,Minority,Self-Employed Non-Professional,83000.0,8000.0,75000.0,166000.0
RET-07413,35,M,Unmarried,GEN,Self-Employed Professional,134000.0,10000.0,124000.0,225000.0
RET-07414,42,M,Unmarried,GEN,Salaried,86000.0,19000.0,67000.0,174000.0
RET-07415,60,M,Unmarried,SC,Self-Employed Non-Professional,56000.0,6000.0,50000.0,72000.0
RET-07416,21,F,Married,OBC,Salaried,263000.0,32000.0,231000.0,515000.0
RET-07417,45,M,Married,ST,Self-Employed Non-Professional,50000.0,7000.0,43000.0,67000.0
RET-07418,28,M,Married,GEN,Salaried,31000.0,7000.0,24000.0,44000.0
RET-07419,37,M,Unmarried,GEN,Self-Employed Non-Professional,78000.0,8000.0,70000.0,55000.0
RET-07420,35,M,Married,GEN,Self-Employed Professional,63000.0,7000.0,56000.0,144000.0
RET-07421,33,M,Unmarried,GEN,Self-Employed Non-Professional,129000.0,18000.0,111000.0,144000.0
RET-07422,37,M,Married,OBC,Self-Employed Non-Professional,53000.0,5000.0,48000.0,60000.0
RET-07423,26,F,Unmarried,GEN,Self-Employed Non-Professional,66000.0,6000.0,60000.0,43000.0
RET-07424,48,F,Unmarried,GEN,Self-Employed Professional,44000.0,3000.0,41000.0,72000.0
RET-07425,21,F,Married,GEN,Self-Employed Non-Professional,119000.0,9000.0,110000.0,170000.0
RET-07426,43,M,Unmarried,SC,Self-Employed Professional,80000.0,12000.0,68000.0,51000.0
RET-07427,34,M,Unmarried,GEN,Salaried,62000.0,8000.0,54000.0,128000.0
RET-07428,26,M,Unmarried,OBC,Self-Employed Professional,67000.0,5000.0,62000.0,41000.0
RET-07429,40,M,Unmarried,GEN,Salaried,72000.0,12000.0,60000.0,52000.0
RET-07430,22,M,Married,GEN,Self-Employed Non-Professional,31000.0,2000.0,29000.0,48000.0
RET-07431,38,F,Unmarried,ST,Salaried,147000.0,18000.0,129000.0,180000.0
RET-07432,23,M,Unmarried,GEN,Self-Employed Non-Professional,142000.0,7000.0,135000.0,160000.0
RET-07433,42,F,Married,OBC,Salaried,75000.0,16000.0,59000.0,113000.0
RET-07434,28,M,Married,OBC,Salaried,70000.0,9000.0,61000.0,110000.0
RET-07435,33,M,Married,OBC,Self-Employed Non-Professional,40000.0,5000.0,35000.0,55000.0
RET-07436,40,M,Married,OBC,Salaried,206000.0,42000.0,164000.0,400000.0
RET-07437,30,M,Unmarried,SC,Salaried,178000.0,34000.0,144000.0,251000.0
RET-07438,37,M,Married,OBC,Self-Employed Professional,93000.0,8000.0,85000.0,250000.0
RET-07439,22,F,Married,GEN,Salaried,120000.0,29000.0,91000.0,228000.0
RET-07440,44,F,Married,GEN,Salaried,153000.0,19000.0,134000.0,103000.0
RET-07441,55,M,Married,Minority,Self-Employed Professional,135000.0,8000.0,127000.0,150000.0
RET-07442,65,M,Married,Minority,Self-Employed Non-Professional,44000.0,6000.0,38000.0,70000.0
RET-07443,38,F,Married,GEN,Salaried,61000.0,6000.0,55000.0,92000.0
RET-07444,45,F,Married,GEN,Salaried,97000.0,10000.0,87000.0,54000.0
RET-07445,21,M,Unmarried,GEN,Salaried,83000.0,16000.0,67000.0,122000.0
RET-07446,53,F,Married,OBC,Salaried,115000.0,27000.0,88000.0,177000.0
RET-07447,45,M,Married,GEN,Salaried,108000.0,17000.0,91000.0,151000.0
RET-07448,33,M,Married,SC,Salaried,85000.0,12000.0,73000.0,195000.0
RET-07449,50,M,Married,Minority,Salaried,25000.0,6000.0,19000.0,36000.0
RET-07450,35,M,Married,Minority,Self-Employed Non-Professional,148000.0,20000.0,128000.0,316000.0
RET-07451,33,M,Married,GEN,Salaried,121000.0,21000.0,100000.0,197000.0
RET-07452,42,M,Married,Minority,Salaried,253000.0,35000.0,218000.0,605000.0
RET-07453,27,M,Married,OBC,Self-Employed Professional,55000.0,4000.0,51000.0,53000.0
RET-07454,48,F,Married,GEN,Salaried,25000.0,4000.0,21000.0,54000.0
RET-07455,27,F,Unmarried,GEN,Self-Employed Professional,66000.0,3000.0,63000.0,102000.0
RET-07456,27,M,Married,OBC,Salaried,96000.0,16000.0,80000.0,180000.0
RET-07457,28,M,Unmarried,Minority,Salaried,56000.0,14000.0,42000.0,80000.0
RET-07458,45,M,Unmarried,GEN,Salaried,167000.0,17000.0,150000.0,116000.0
RET-07459,31,M,Unmarried,GEN,Salaried,49000.0,10000.0,39000.0,62000.0
RET-07460,24,M,Married,GEN,Self-Employed Non-Professional,69000.0,5000.0,64000.0,140000.0
RET-07461,31,M,Unmarried,Minority,Self-Employed Non-Professional,63000.0,3000.0,60000.0,165000.0
RET-07462,37,M,Married,Minority,Salaried,386000.0,50000.0,336000.0,352000.0
RET-07463,26,M,Married,GEN,Salaried,42000.0,10000.0,32000.0,44000.0
RET-07464,26,M,Married,GEN,Salaried,104000.0,22000.0,82000.0,115000.0
RET-07465,59,F,Unmarried,Minority,Self-Employed Professional,36000.0,4000.0,32000.0,58000.0
RET-07466,29,M,Married,OBC,Salaried,90000.0,22000.0,68000.0,181000.0
RET-07467,34,M,Unmarried,Minority,Salaried,41000.0,9000.0,32000.0,48000.0
RET-07468,34,M,Married,ST,Salaried,141000.0,34000.0,107000.0,93000.0
RET-07469,33,M,Unmarried,GEN,Salaried,126000.0,26000.0,100000.0,177000.0
RET-07470,44,M,Unmarried,SC,Salaried,86000.0,10000.0,76000.0,45000.0
RET-07471,47,F,Unmarried,GEN,Self-Employed Professional,32000.0,4000.0,28000.0,38000.0
RET-07472,34,M,Married,SC,Self-Employed Non-Professional,71000.0,4000.0,67000.0,120000.0
RET-07473,25,F,Unmarried,OBC,Self-Employed Professional,61000.0,6000.0,55000.0,99000.0
RET-07474,50,M,Unmarried,Minority,Salaried,120000.0,26000.0,94000.0,240000.0
RET-07475,37,M,Married,Minority,Salaried,43000.0,5000.0,38000.0,95000.0
RET-07476,55,M,Married,GEN,Salaried,146000.0,25000.0,121000.0,146000.0
RET-07477,21,M,Unmarried,GEN,Self-Employed Professional,131000.0,15000.0,116000.0,145000.0
RET-07478,39,M,Married,GEN,Salaried,32000.0,5000.0,27000.0,80000.0
RET-07479,57,F,Unmarried,ST,Salaried,64000.0,14000.0,50000.0,74000.0
RET-07480,34,M,Married,SC,Self-Employed Professional,71000.0,6000.0,65000.0,56000.0
RET-07481,35,M,Married,Minority,Salaried,134000.0,20000.0,114000.0,244000.0
RET-07482,40,F,Married,OBC,Salaried,48000.0,9000.0,39000.0,43000.0
RET-07483,32,M,Married,GEN,Salaried,83000.0,20000.0,63000.0,127000.0
RET-07484,34,M,Married,GEN,Salaried,141000.0,19000.0,122000.0,311000.0
RET-07485,34,M,Unmarried,GEN,Salaried,85000.0,11000.0,74000.0,69000.0
RET-07486,31,M,Married,OBC,Salaried,25000.0,3000.0,22000.0,36000.0
RET-07487,50,M,Unmarried,Minority,Salaried,54000.0,7000.0,47000.0,68000.0
RET-07488,42,M,Unmarried,GEN,Salaried,126000.0,25000.0,101000.0,303000.0
RET-07489,40,M,Married,ST,Salaried,117000.0,29000.0,88000.0,201000.0
RET-07490,46,M,Married,GEN,Self-Employed Non-Professional,25000.0,3000.0,22000.0,16000.0
RET-07491,35,M,Married,GEN,Salaried,82000.0,12000.0,70000.0,75000.0
RET-07492,30,M,Married,OBC,Salaried,129000.0,27000.0,102000.0,91000.0
RET-07493,31,M,Married,GEN,Self-Employed Professional,101000.0,7000.0,94000.0,51000.0
RET-07494,38,F,Married,Minority,Salaried,108000.0,11000.0,97000.0,125000.0
RET-07495,27,M,Unmarried,GEN,Salaried,252000.0,48000.0,204000.0,267000.0
RET-07496,32,F,Married,GEN,Salaried,71000.0,9000.0,62000.0,67000.0
RET-07497,32,M,Married,SC,Self-Employed Non-Professional,88000.0,5000.0,83000.0,156000.0
RET-07498,59,M,Unmarried,Minority,Self-Employed Non-Professional,42000.0,5000.0,37000.0,39000.0
RET-07499,21,M,Unmarried,OBC,Self-Employed Professional,50000.0,7000.0,43000.0,123000.0
RET-07500,36,F,Unmarried,GEN,Self-Employed Professional,60000.0,4000.0,56000.0,131000.0
RET-07501,55,M,Unmarried,GEN,Salaried,122000.0,20000.0,102000.0,82000.0
RET-07502,39,F,Married,GEN,Self-Employed Non-Professional,47000.0,5000.0,42000.0,49000.0
RET-07503,45,F,Unmarried,GEN,Salaried,153000.0,17000.0,136000.0,402000.0
RET-07504,38,M,Unmarried,Minority,Salaried,38000.0,7000.0,31000.0,31000.0
RET-07505,31,M,Married,GEN,Salaried,107000.0,25000.0,82000.0,65000.0
RET-07506,21,M,Married,GEN,Salaried,102000.0,16000.0,86000.0,93000.0
RET-07507,40,M,Married,OBC,Salaried,85000.0,18000.0,67000.0,153000.0
RET-07508,30,M,Married,ST,Salaried,132000.0,14000.0,118000.0,212000.0
RET-07509,29,F,Married,GEN,Self-Employed Professional,47000.0,4000.0,43000.0,29000.0
RET-07510,33,M,Married,GEN,Salaried,55000.0,7000.0,48000.0,67000.0
RET-07511,55,M,Married,GEN,Self-Employed Non-Professional,41000.0,6000.0,35000.0,25000.0
RET-07512,62,M,Married,GEN,Salaried,74000.0,17000.0,57000.0,70000.0
RET-07513,40,F,Married,GEN,Self-Employed Professional,68000.0,10000.0,58000.0,54000.0
RET-07514,33,M,Unmarried,OBC,Salaried,122000.0,23000.0,99000.0,104000.0
RET-07515,26,F,Married,GEN,Self-Employed Non-Professional,92000.0,9000.0,83000.0,203000.0
RET-07516,42,F,Married,GEN,Salaried,111000.0,17000.0,94000.0,231000.0
RET-07517,55,M,Married,GEN,Salaried,65000.0,10000.0,55000.0,128000.0
RET-07518,35,M,Married,Minority,Self-Employed Professional,93000.0,12000.0,81000.0,180000.0
RET-07519,21,M,Married,OBC,Self-Employed Professional,217000.0,29000.0,188000.0,209000.0
RET-07520,44,M,Married,ST,Salaried,33000.0,7000.0,26000.0,42000.0
RET-07521,47,F,Unmarried,GEN,Salaried,25000.0,6000.0,19000.0,31000.0
RET-07522,22,M,Married,SC,Salaried,107000.0,22000.0,85000.0,156000.0
RET-07523,39,M,Married,GEN,Salaried,44000.0,4000.0,40000.0,106000.0
RET-07524,42,M,Married,GEN,Self-Employed Non-Professional,32000.0,3000.0,29000.0,79000.0
RET-07525,37,M,Married,SC,Salaried,101000.0,21000.0,80000.0,83000.0
RET-07526,30,M,Unmarried,SC,Self-Employed Professional,40000.0,3000.0,37000.0,58000.0
RET-07527,48,M,Married,Minority,Self-Employed Professional,184000.0,17000.0,167000.0,145000.0
RET-07528,33,F,Unmarried,SC,Salaried,80000.0,11000.0,69000.0,146000.0
RET-07529,23,M,Married,GEN,Salaried,65000.0,8000.0,57000.0,110000.0
RET-07530,21,M,Unmarried,GEN,Salaried,45000.0,10000.0,35000.0,92000.0
RET-07531,50,F,Unmarried,GEN,Self-Employed Professional,83000.0,5000.0,78000.0,140000.0
RET-07532,44,F,Unmarried,GEN,Salaried,28000.0,3000.0,25000.0,61000.0
RET-07533,38,M,Unmarried,SC,Salaried,25000.0,5000.0,20000.0,26000.0
RET-07534,33,M,Married,OBC,Salaried,29000.0,4000.0,25000.0,56000.0
RET-07535,32,M,Unmarried,Minority,Salaried,145000.0,19000.0,126000.0,76000.0
RET-07536,27,M,Married,OBC,Salaried,42000.0,5000.0,37000.0,33000.0
RET-07537,33,F,Unmarried,OBC,Salaried,31000.0,7000.0,24000.0,39000.0
RET-07538,21,M,Married,GEN,Salaried,69000.0,8000.0,61000.0,166000.0
RET-07539,30,F,Unmarried,GEN,Self-Employed Professional,278000.0,30000.0,248000.0,673000.0
RET-07540,34,M,Unmarried,SC,Salaried,141000.0,21000.0,120000.0,240000.0
RET-07541,44,M,Married,Minority,Self-Employed Professional,45000.0,3000.0,42000.0,35000.0
RET-07542,37,M,Unmarried,GEN,Salaried,45000.0,11000.0,34000.0,75000.0
RET-07543,45,M,Unmarried,SC,Self-Employed Non-Professional,45000.0,4000.0,41000.0,39000.0
RET-07544,51,M,Married,OBC,Salaried,42000.0,9000.0,33000.0,45000.0
RET-07545,48,M,Married,Minority,Salaried,101000.0,14000.0,87000.0,112000.0
RET-07546,42,M,Married,GEN,Self-Employed Non-Professional,60000.0,7000.0,53000.0,144000.0
RET-07547,38,F,Married,OBC,Self-Employed Non-Professional,38000.0,6000.0,32000.0,71000.0
RET-07548,28,M,Married,GEN,Salaried,33000.0,8000.0,25000.0,17000.0
RET-07549,45,F,Married,OBC,Salaried,291000.0,56000.0,235000.0,613000.0
RET-07550,54,M,Married,GEN,Self-Employed Non-Professional,114000.0,15000.0,99000.0,156000.0
RET-07551,41,F,Married,GEN,Salaried,44000.0,6000.0,38000.0,91000.0
RET-07552,57,F,Married,OBC,Self-Employed Non-Professional,151000.0,23000.0,128000.0,313000.0
RET-07553,22,M,Unmarried,GEN,Self-Employed Non-Professional,37000.0,3000.0,34000.0,102000.0
RET-07554,26,F,Married,OBC,Salaried,67000.0,10000.0,57000.0,78000.0
RET-07555,46,M,Unmarried,OBC,Self-Employed Non-Professional,63000.0,9000.0,54000.0,144000.0
RET-07556,40,F,Married,ST,Salaried,82000.0,10000.0,72000.0,88000.0
RET-07557,51,M,Married,GEN,Self-Employed Professional,42000.0,3000.0,39000.0,117000.0
RET-07558,37,M,Married,GEN,Salaried,79000.0,18000.0,61000.0,93000.0
RET-07559,29,M,Unmarried,GEN,Salaried,26000.0,6000.0,20000.0,43000.0
RET-07560,35,M,Unmarried,GEN,Self-Employed Professional,58000.0,6000.0,52000.0,155000.0
RET-07561,22,M,Unmarried,OBC,Salaried,163000.0,33000.0,130000.0,130000.0
RET-07562,26,F,Married,GEN,Self-Employed Non-Professional,135000.0,17000.0,118000.0,243000.0
RET-07563,47,F,Unmarried,GEN,Salaried,48000.0,5000.0,43000.0,129000.0
RET-07564,46,M,Married,GEN,Salaried,29000.0,6000.0,23000.0,66000.0
RET-07565,41,F,Unmarried,GEN,Salaried,25000.0,6000.0,19000.0,20000.0
RET-07566,21,F,Married,Minority,Self-Employed Non-Professional,106000.0,9000.0,97000.0,72000.0
RET-07567,34,M,Married,Minority,Salaried,86000.0,21000.0,65000.0,102000.0
RET-07568,25,M,Married,OBC,Self-Employed Non-Professional,92000.0,8000.0,84000.0,202000.0
RET-07569,49,M,Unmarried,GEN,Salaried,202000.0,24000.0,178000.0,440000.0
RET-07570,32,F,Married,Minority,Salaried,80000.0,19000.0,61000.0,123000.0
RET-07571,27,F,Married,Minority,Self-Employed Non-Professional,84000.0,5000.0,79000.0,161000.0
RET-07572,38,M,Married,ST,Salaried,32000.0,5000.0,27000.0,22000.0
RET-07573,31,M,Unmarried,OBC,Salaried,194000.0,29000.0,165000.0,264000.0
RET-07574,52,F,Married,GEN,Self-Employed Non-Professional,66000.0,9000.0,57000.0,111000.0
RET-07575,30,F,Unmarried,GEN,Salaried,45000.0,10000.0,35000.0,77000.0
RET-07576,24,F,Unmarried,ST,Self-Employed Professional,83000.0,8000.0,75000.0,55000.0
RET-07577,21,M,Unmarried,ST,Self-Employed Non-Professional,243000.0,22000.0,221000.0,492000.0
RET-07578,37,M,Unmarried,GEN,Salaried,263000.0,52000.0,211000.0,602000.0
RET-07579,32,M,Unmarried,GEN,Self-Employed Non-Professional,41000.0,2000.0,39000.0,96000.0
RET-07580,23,M,Married,OBC,Self-Employed Professional,148000.0,20000.0,128000.0,264000.0
RET-07581,49,F,Married,SC,Self-Employed Professional,89000.0,12000.0,77000.0,57000.0
RET-07582,44,M,Married,OBC,Salaried,132000.0,25000.0,107000.0,266000.0
RET-07583,37,F,Married,OBC,Self-Employed Non-Professional,86000.0,12000.0,74000.0,160000.0
RET-07584,51,M,Married,GEN,Self-Employed Professional,106000.0,12000.0,94000.0,176000.0
RET-07585,44,F,Unmarried,GEN,Salaried,162000.0,36000.0,126000.0,316000.0
RET-07586,29,M,Married,OBC,Salaried,26000.0,3000.0,23000.0,50000.0
RET-07587,27,M,Unmarried,SC,Salaried,91000.0,17000.0,74000.0,124000.0
RET-07588,46,M,Married,GEN,Self-Employed Professional,36000.0,3000.0,33000.0,36000.0
RET-07589,41,M,Married,GEN,Self-Employed Non-Professional,55000.0,5000.0,50000.0,88000.0
RET-07590,39,F,Married,OBC,Salaried,73000.0,9000.0,64000.0,57000.0
RET-07591,29,M,Married,GEN,Self-Employed Non-Professional,40000.0,5000.0,35000.0,23000.0
RET-07592,44,M,Unmarried,OBC,Salaried,52000.0,12000.0,40000.0,43000.0
RET-07593,30,F,Married,OBC,Salaried,32000.0,3000.0,29000.0,41000.0
RET-07594,36,F,Married,SC,Salaried,51000.0,10000.0,41000.0,87000.0
RET-07595,52,M,Unmarried,SC,Salaried,99000.0,24000.0,75000.0,131000.0
RET-07596,31,F,Married,GEN,Salaried,123000.0,24000.0,99000.0,231000.0
RET-07597,22,M,Married,OBC,Self-Employed Non-Professional,46000.0,3000.0,43000.0,101000.0
RET-07598,27,M,Married,GEN,Salaried,162000.0,38000.0,124000.0,281000.0
RET-07599,47,M,Married,SC,Salaried,103000.0,21000.0,82000.0,153000.0
RET-07600,40,M,Married,SC,Self-Employed Professional,173000.0,14000.0,159000.0,343000.0
RET-07601,36,M,Unmarried,GEN,Self-Employed Professional,25000.0,3000.0,22000.0,65000.0
RET-07602,32,M,Married,GEN,Self-Employed Non-Professional,88000.0,11000.0,77000.0,174000.0
RET-07603,42,M,Married,GEN,Salaried,106000.0,18000.0,88000.0,207000.0
RET-07604,29,F,Married,OBC,Self-Employed Non-Professional,26000.0,3000.0,23000.0,28000.0
RET-07605,41,M,Married,GEN,Salaried,311000.0,51000.0,260000.0,441000.0
RET-07606,30,F,Unmarried,OBC,Salaried,50000.0,12000.0,38000.0,60000.0
RET-07607,29,F,Married,OBC,Self-Employed Non-Professional,101000.0,11000.0,90000.0,125000.0
RET-07608,31,M,Unmarried,OBC,Salaried,128000.0,15000.0,113000.0,186000.0
RET-07609,34,M,Married,ST,Self-Employed Professional,78000.0,6000.0,72000.0,144000.0
RET-07610,37,M,Unmarried,GEN,Self-Employed Professional,168000.0,12000.0,156000.0,321000.0
RET-07611,40,F,Married,Minority,Salaried,242000.0,46000.0,196000.0,509000.0
RET-07612,21,M,Married,GEN,Self-Employed Professional,38000.0,4000.0,34000.0,73000.0
RET-07613,29,M,Married,GEN,Salaried,78000.0,12000.0,66000.0,176000.0
RET-07614,34,F,Married,GEN,Salaried,127000.0,20000.0,107000.0,229000.0
RET-07615,53,M,Married,OBC,Self-Employed Professional,27000.0,2000.0,25000.0,34000.0
RET-07616,27,M,Married,GEN,Self-Employed Non-Professional,138000.0,16000.0,122000.0,253000.0
RET-07617,39,M,Unmarried,OBC,Salaried,204000.0,49000.0,155000.0,360000.0
RET-07618,52,F,Married,GEN,Self-Employed Non-Professional,158000.0,18000.0,140000.0,310000.0
RET-07619,24,F,Married,ST,Salaried,95000.0,15000.0,80000.0,210000.0
RET-07620,41,M,Unmarried,OBC,Salaried,184000.0,39000.0,145000.0,401000.0
RET-07621,29,M,Married,OBC,Self-Employed Professional,91000.0,7000.0,84000.0,112000.0
RET-07622,32,F,Unmarried,Minority,Salaried,33000.0,5000.0,28000.0,20000.0
RET-07623,29,F,Married,SC,Self-Employed Non-Professional,53000.0,3000.0,50000.0,107000.0
RET-07624,30,F,Married,GEN,Self-Employed Non-Professional,63000.0,8000.0,55000.0,43000.0
RET-07625,65,M,Married,GEN,Self-Employed Non-Professional,70000.0,5000.0,65000.0,176000.0
RET-07626,46,F,Unmarried,OBC,Self-Employed Professional,69000.0,8000.0,61000.0,156000.0
RET-07627,49,M,Unmarried,GEN,Self-Employed Non-Professional,60000.0,6000.0,54000.0,123000.0
RET-07628,42,M,Unmarried,GEN,Self-Employed Professional,83000.0,11000.0,72000.0,203000.0
RET-07629,21,F,Married,GEN,Salaried,180000.0,21000.0,159000.0,432000.0
RET-07630,41,M,Unmarried,SC,Self-Employed Non-Professional,83000.0,6000.0,77000.0,216000.0
RET-07631,48,F,Married,GEN,Salaried,107000.0,21000.0,86000.0,201000.0
RET-07632,29,M,Married,GEN,Salaried,25000.0,3000.0,22000.0,31000.0
RET-07633,47,F,Unmarried,GEN,Salaried,79000.0,19000.0,60000.0,37000.0
RET-07634,45,M,Married,OBC,Self-Employed Non-Professional,140000.0,8000.0,132000.0,86000.0
RET-07635,56,M,Married,OBC,Salaried,155000.0,21000.0,134000.0,333000.0
RET-07636,33,M,Married,OBC,Salaried,145000.0,21000.0,124000.0,121000.0
RET-07637,27,M,Unmarried,GEN,Salaried,88000.0,18000.0,70000.0,90000.0
RET-07638,34,F,Married,Minority,Salaried,94000.0,21000.0,73000.0,143000.0
RET-07639,52,M,Married,GEN,Salaried,49000.0,11000.0,38000.0,31000.0
RET-07640,21,M,Unmarried,OBC,Self-Employed Professional,121000.0,16000.0,105000.0,311000.0
RET-07641,21,M,Married,Minority,Salaried,49000.0,6000.0,43000.0,109000.0
RET-07642,38,F,Married,Minority,Self-Employed Professional,110000.0,8000.0,102000.0,200000.0
RET-07643,33,M,Married,OBC,Salaried,75000.0,16000.0,59000.0,163000.0
RET-07644,38,M,Unmarried,Minority,Salaried,74000.0,17000.0,57000.0,99000.0
RET-07645,47,M,Married,OBC,Self-Employed Non-Professional,133000.0,14000.0,119000.0,326000.0
RET-07646,32,F,Married,GEN,Salaried,102000.0,21000.0,81000.0,208000.0
RET-07647,21,M,Married,GEN,Salaried,87000.0,21000.0,66000.0,35000.0
RET-07648,58,M,Married,OBC,Self-Employed Non-Professional,54000.0,3000.0,51000.0,127000.0
RET-07649,28,F,Married,OBC,Salaried,191000.0,40000.0,151000.0,371000.0
RET-07650,27,M,Married,GEN,Salaried,89000.0,12000.0,77000.0,100000.0
RET-07651,49,M,Married,ST,Salaried,115000.0,17000.0,98000.0,170000.0
RET-07652,34,F,Unmarried,GEN,Salaried,77000.0,13000.0,64000.0,54000.0
RET-07653,37,M,Unmarried,GEN,Salaried,48000.0,11000.0,37000.0,80000.0
RET-07654,42,M,Unmarried,GEN,Self-Employed Non-Professional,90000.0,11000.0,79000.0,173000.0
RET-07655,48,M,Unmarried,Minority,Salaried,51000.0,13000.0,38000.0,112000.0
RET-07656,34,F,Married,SC,Salaried,95000.0,21000.0,74000.0,171000.0
RET-07657,53,M,Married,OBC,Self-Employed Non-Professional,25000.0,4000.0,21000.0,34000.0
RET-07658,21,M,Unmarried,SC,Salaried,57000.0,9000.0,48000.0,46000.0
RET-07659,45,M,Married,SC,Salaried,73000.0,13000.0,60000.0,148000.0
RET-07660,29,F,Unmarried,Minority,Salaried,41000.0,9000.0,32000.0,44000.0
RET-07661,51,M,Married,GEN,Salaried,91000.0,9000.0,82000.0,234000.0
RET-07662,39,M,Married,OBC,Salaried,57000.0,10000.0,47000.0,56000.0
RET-07663,31,M,Married,GEN,Salaried,73000.0,8000.0,65000.0,64000.0
RET-07664,44,M,Married,Minority,Self-Employed Non-Professional,53000.0,3000.0,50000.0,103000.0
RET-07665,46,F,Married,Minority,Salaried,131000.0,27000.0,104000.0,290000.0
RET-07666,44,M,Married,SC,Self-Employed Professional,101000.0,6000.0,95000.0,81000.0
RET-07667,27,F,Married,GEN,Salaried,87000.0,9000.0,78000.0,47000.0
RET-07668,33,M,Married,GEN,Salaried,76000.0,9000.0,67000.0,196000.0
RET-07669,37,F,Married,GEN,Salaried,334000.0,44000.0,290000.0,244000.0
RET-07670,37,M,Unmarried,GEN,Salaried,67000.0,14000.0,53000.0,107000.0
RET-07671,45,M,Married,OBC,Salaried,48000.0,9000.0,39000.0,39000.0
RET-07672,21,F,Married,GEN,Self-Employed Non-Professional,36000.0,3000.0,33000.0,30000.0
RET-07673,41,F,Married,Minority,Self-Employed Non-Professional,126000.0,8000.0,118000.0,105000.0
RET-07674,35,M,Unmarried,GEN,Salaried,195000.0,23000.0,172000.0,391000.0
RET-07675,29,M,Married,Minority,Salaried,44000.0,10000.0,34000.0,82000.0
RET-07676,30,M,Unmarried,OBC,Salaried,62000.0,8000.0,54000.0,43000.0
RET-07677,35,F,Married,GEN,Self-Employed Professional,59000.0,7000.0,52000.0,44000.0
RET-07678,21,M,Married,GEN,Salaried,68000.0,9000.0,59000.0,167000.0
RET-07679,30,M,Married,Minority,Salaried,25000.0,4000.0,21000.0,41000.0
RET-07680,29,M,Married,SC,Salaried,119000.0,23000.0,96000.0,236000.0
RET-07681,43,F,Married,GEN,Salaried,149000.0,19000.0,130000.0,91000.0
RET-07682,29,M,Unmarried,GEN,Salaried,25000.0,4000.0,21000.0,13000.0
RET-07683,35,M,Married,OBC,Self-Employed Non-Professional,210000.0,31000.0,179000.0,267000.0
RET-07684,53,M,Unmarried,GEN,Salaried,193000.0,44000.0,149000.0,281000.0
RET-07685,47,M,Unmarried,GEN,Salaried,25000.0,4000.0,21000.0,30000.0
RET-07686,47,M,Unmarried,OBC,Self-Employed Non-Professional,25000.0,4000.0,21000.0,48000.0
RET-07687,33,F,Married,OBC,Salaried,68000.0,11000.0,57000.0,124000.0
RET-07688,43,F,Unmarried,GEN,Self-Employed Professional,161000.0,13000.0,148000.0,239000.0
RET-07689,35,M,Married,Minority,Salaried,87000.0,13000.0,74000.0,52000.0
RET-07690,36,F,Married,OBC,Salaried,74000.0,10000.0,64000.0,127000.0
RET-07691,42,M,Unmarried,ST,Salaried,103000.0,16000.0,87000.0,96000.0
RET-07692,32,M,Married,GEN,Salaried,45000.0,10000.0,35000.0,51000.0
RET-07693,52,F,Unmarried,GEN,Salaried,157000.0,22000.0,135000.0,72000.0
RET-07694,36,M,Married,GEN,Salaried,69000.0,16000.0,53000.0,96000.0
RET-07695,44,M,Married,GEN,Salaried,27000.0,4000.0,23000.0,52000.0
RET-07696,52,F,Married,Minority,Self-Employed Professional,45000.0,5000.0,40000.0,78000.0
RET-07697,48,M,Married,Minority,Salaried,91000.0,22000.0,69000.0,164000.0
RET-07698,23,F,Married,SC,Self-Employed Professional,61000.0,4000.0,57000.0,171000.0
RET-07699,42,F,Married,OBC,Salaried,58000.0,10000.0,48000.0,100000.0
RET-07700,46,M,Unmarried,SC,Self-Employed Non-Professional,83000.0,11000.0,72000.0,76000.0
RET-07701,46,M,Unmarried,OBC,Salaried,91000.0,21000.0,70000.0,135000.0
RET-07702,26,M,Unmarried,GEN,Salaried,35000.0,4000.0,31000.0,34000.0
RET-07703,31,M,Unmarried,OBC,Salaried,152000.0,36000.0,116000.0,154000.0
RET-07704,47,M,Married,OBC,Self-Employed Non-Professional,68000.0,9000.0,59000.0,81000.0
RET-07705,30,F,Unmarried,GEN,Self-Employed Non-Professional,94000.0,14000.0,80000.0,144000.0
RET-07706,35,M,Married,GEN,Salaried,78000.0,16000.0,62000.0,112000.0
RET-07707,53,M,Married,GEN,Self-Employed Professional,57000.0,4000.0,53000.0,115000.0
RET-07708,37,M,Unmarried,OBC,Salaried,126000.0,21000.0,105000.0,167000.0
RET-07709,30,M,Married,GEN,Salaried,77000.0,12000.0,65000.0,63000.0
RET-07710,29,F,Unmarried,OBC,Self-Employed Non-Professional,76000.0,8000.0,68000.0,117000.0
RET-07711,41,M,Married,GEN,Salaried,25000.0,4000.0,21000.0,52000.0
RET-07712,24,F,Married,GEN,Salaried,120000.0,19000.0,101000.0,228000.0
RET-07713,35,M,Married,SC,Self-Employed Professional,66000.0,7000.0,59000.0,47000.0
RET-07714,41,M,Married,OBC,Self-Employed Non-Professional,115000.0,11000.0,104000.0,299000.0
RET-07715,50,M,Unmarried,GEN,Salaried,196000.0,41000.0,155000.0,196000.0
RET-07716,44,M,Unmarried,ST,Salaried,120000.0,17000.0,103000.0,203000.0
RET-07717,30,M,Married,GEN,Salaried,76000.0,19000.0,57000.0,33000.0
RET-07718,49,M,Married,ST,Salaried,62000.0,9000.0,53000.0,147000.0
RET-07719,35,F,Married,OBC,Salaried,333000.0,41000.0,292000.0,645000.0
RET-07720,25,M,Unmarried,GEN,Self-Employed Non-Professional,98000.0,14000.0,84000.0,100000.0
RET-07721,36,F,Married,OBC,Salaried,83000.0,19000.0,64000.0,141000.0
RET-07722,52,M,Unmarried,GEN,Salaried,66000.0,10000.0,56000.0,69000.0
RET-07723,39,M,Unmarried,GEN,Self-Employed Non-Professional,43000.0,4000.0,39000.0,45000.0
RET-07724,38,M,Unmarried,GEN,Self-Employed Professional,25000.0,3000.0,22000.0,36000.0
RET-07725,54,M,Married,GEN,Salaried,182000.0,26000.0,156000.0,312000.0
RET-07726,23,F,Unmarried,OBC,Salaried,46000.0,10000.0,36000.0,37000.0
RET-07727,25,M,Married,SC,Self-Employed Non-Professional,65000.0,9000.0,56000.0,132000.0
RET-07728,21,M,Unmarried,ST,Salaried,69000.0,12000.0,57000.0,111000.0
RET-07729,41,M,Unmarried,GEN,Salaried,173000.0,29000.0,144000.0,75000.0
RET-07730,39,M,Married,OBC,Salaried,46000.0,6000.0,40000.0,75000.0
RET-07731,53,F,Married,GEN,Salaried,85000.0,17000.0,68000.0,106000.0
RET-07732,40,M,Unmarried,OBC,Salaried,99000.0,24000.0,75000.0,163000.0
RET-07733,33,F,Unmarried,ST,Self-Employed Professional,32000.0,4000.0,28000.0,77000.0
RET-07734,38,M,Unmarried,GEN,Self-Employed Professional,30000.0,4000.0,26000.0,30000.0
RET-07735,39,F,Married,Minority,Salaried,48000.0,5000.0,43000.0,94000.0
RET-07736,21,F,Married,SC,Self-Employed Professional,85000.0,8000.0,77000.0,68000.0
RET-07737,65,M,Unmarried,SC,Salaried,78000.0,11000.0,67000.0,48000.0
RET-07738,43,M,Married,OBC,Self-Employed Professional,68000.0,7000.0,61000.0,173000.0
RET-07739,40,F,Married,SC,Self-Employed Professional,108000.0,14000.0,94000.0,250000.0
RET-07740,44,M,Married,Minority,Self-Employed Professional,44000.0,6000.0,38000.0,67000.0
RET-07741,45,F,Married,SC,Salaried,66000.0,16000.0,50000.0,42000.0
RET-07742,36,M,Married,GEN,Self-Employed Professional,68000.0,9000.0,59000.0,68000.0
RET-07743,31,M,Married,OBC,Salaried,44000.0,9000.0,35000.0,67000.0
RET-07744,43,F,Married,GEN,Salaried,291000.0,34000.0,257000.0,547000.0
RET-07745,41,M,Unmarried,Minority,Salaried,25000.0,4000.0,21000.0,47000.0
RET-07746,29,M,Unmarried,Minority,Salaried,154000.0,32000.0,122000.0,289000.0
RET-07747,52,M,Married,OBC,Salaried,118000.0,26000.0,92000.0,94000.0
RET-07748,40,M,Married,SC,Salaried,119000.0,20000.0,99000.0,123000.0
RET-07749,45,F,Married,Minority,Salaried,77000.0,17000.0,60000.0,32000.0
RET-07750,51,F,Unmarried,GEN,Self-Employed Professional,163000.0,16000.0,147000.0,101000.0
RET-07751,38,F,Unmarried,OBC,Salaried,56000.0,13000.0,43000.0,55000.0
RET-07752,41,M,Unmarried,GEN,Salaried,93000.0,14000.0,79000.0,76000.0
RET-07753,46,M,Unmarried,SC,Salaried,76000.0,11000.0,65000.0,113000.0
RET-07754,30,F,Married,GEN,Salaried,64000.0,13000.0,51000.0,134000.0
RET-07755,38,M,Married,OBC,Salaried,79000.0,16000.0,63000.0,145000.0
RET-07756,39,M,Married,GEN,Self-Employed Non-Professional,41000.0,4000.0,37000.0,88000.0
RET-07757,28,F,Unmarried,GEN,Self-Employed Professional,49000.0,4000.0,45000.0,90000.0
RET-07758,61,M,Married,GEN,Salaried,189000.0,36000.0,153000.0,344000.0
RET-07759,23,M,Unmarried,GEN,Salaried,412000.0,68000.0,344000.0,327000.0
RET-07760,25,M,Unmarried,GEN,Salaried,100000.0,12000.0,88000.0,166000.0
RET-07761,51,M,Unmarried,OBC,Salaried,121000.0,24000.0,97000.0,187000.0
RET-07762,45,M,Married,OBC,Self-Employed Non-Professional,85000.0,5000.0,80000.0,166000.0
RET-07763,27,F,Married,GEN,Salaried,96000.0,15000.0,81000.0,198000.0
RET-07764,44,M,Unmarried,OBC,Self-Employed Professional,101000.0,7000.0,94000.0,269000.0
RET-07765,52,M,Married,OBC,Self-Employed Non-Professional,136000.0,13000.0,123000.0,280000.0
RET-07766,37,F,Married,GEN,Salaried,184000.0,32000.0,152000.0,427000.0
RET-07767,63,M,Unmarried,GEN,Salaried,43000.0,10000.0,33000.0,62000.0
RET-07768,21,M,Unmarried,SC,Salaried,399000.0,51000.0,348000.0,426000.0
RET-07769,44,M,Married,GEN,Salaried,79000.0,10000.0,69000.0,148000.0
RET-07770,49,F,Unmarried,GEN,Salaried,79000.0,12000.0,67000.0,198000.0
RET-07771,46,M,Married,Minority,Self-Employed Non-Professional,57000.0,5000.0,52000.0,118000.0
RET-07772,35,M,Married,OBC,Self-Employed Non-Professional,57000.0,7000.0,50000.0,146000.0
RET-07773,35,M,Married,GEN,Self-Employed Professional,106000.0,8000.0,98000.0,54000.0
RET-07774,42,M,Unmarried,OBC,Self-Employed Professional,107000.0,12000.0,95000.0,109000.0
RET-07775,46,M,Married,SC,Salaried,103000.0,11000.0,92000.0,109000.0
RET-07776,44,M,Married,SC,Salaried,56000.0,13000.0,43000.0,67000.0
RET-07777,48,M,Married,GEN,Salaried,25000.0,4000.0,21000.0,12000.0
RET-07778,27,M,Unmarried,GEN,Salaried,25000.0,5000.0,20000.0,56000.0
RET-07779,35,M,Unmarried,OBC,Salaried,74000.0,11000.0,63000.0,143000.0
RET-07780,28,M,Married,GEN,Self-Employed Professional,89000.0,5000.0,84000.0,60000.0
RET-07781,34,M,Married,Minority,Salaried,57000.0,8000.0,49000.0,46000.0
RET-07782,48,F,Married,GEN,Salaried,48000.0,10000.0,38000.0,76000.0
RET-07783,39,F,Married,GEN,Self-Employed Professional,87000.0,9000.0,78000.0,216000.0
RET-07784,64,F,Unmarried,Minority,Self-Employed Professional,69000.0,5000.0,64000.0,46000.0
RET-07785,39,M,Married,GEN,Salaried,55000.0,12000.0,43000.0,68000.0
RET-07786,38,M,Unmarried,GEN,Salaried,28000.0,6000.0,22000.0,22000.0
RET-07787,39,M,Married,OBC,Self-Employed Non-Professional,44000.0,3000.0,41000.0,39000.0
RET-07788,31,M,Married,GEN,Salaried,128000.0,31000.0,97000.0,226000.0
RET-07789,37,M,Married,SC,Self-Employed Professional,41000.0,4000.0,37000.0,95000.0
RET-07790,49,M,Married,GEN,Salaried,109000.0,21000.0,88000.0,247000.0
RET-07791,39,M,Unmarried,GEN,Self-Employed Professional,168000.0,24000.0,144000.0,318000.0
RET-07792,30,M,Unmarried,GEN,Self-Employed Professional,45000.0,3000.0,42000.0,28000.0
RET-07793,28,M,Married,OBC,Self-Employed Non-Professional,56000.0,4000.0,52000.0,72000.0
RET-07794,33,M,Married,GEN,Salaried,132000.0,17000.0,115000.0,184000.0
RET-07795,38,M,Married,GEN,Salaried,153000.0,32000.0,121000.0,144000.0
RET-07796,49,M,Married,SC,Self-Employed Non-Professional,50000.0,4000.0,46000.0,85000.0
RET-07797,24,F,Unmarried,Minority,Salaried,28000.0,6000.0,22000.0,24000.0
RET-07798,34,M,Unmarried,OBC,Self-Employed Non-Professional,155000.0,18000.0,137000.0,377000.0
RET-07799,39,M,Married,GEN,Self-Employed Professional,104000.0,13000.0,91000.0,78000.0
RET-07800,21,F,Married,OBC,Salaried,93000.0,17000.0,76000.0,119000.0
RET-07801,29,M,Married,OBC,Self-Employed Non-Professional,127000.0,13000.0,114000.0,93000.0
RET-07802,31,M,Unmarried,ST,Salaried,36000.0,9000.0,27000.0,38000.0
RET-07803,30,M,Married,ST,Self-Employed Professional,92000.0,13000.0,79000.0,135000.0
RET-07804,39,M,Married,Minority,Self-Employed Professional,62000.0,5000.0,57000.0,107000.0
RET-07805,36,M,Married,SC,Salaried,105000.0,26000.0,79000.0,105000.0
RET-07806,32,M,Married,GEN,Salaried,118000.0,28000.0,90000.0,227000.0
RET-07807,42,M,Married,OBC,Self-Employed Professional,131000.0,9000.0,122000.0,218000.0
RET-07808,55,F,Unmarried,SC,Salaried,105000.0,12000.0,93000.0,277000.0
RET-07809,54,M,Unmarried,ST,Salaried,85000.0,11000.0,74000.0,60000.0
RET-07810,21,M,Married,Minority,Self-Employed Professional,87000.0,12000.0,75000.0,72000.0
RET-07811,43,M,Married,OBC,Salaried,91000.0,19000.0,72000.0,180000.0
RET-07812,36,M,Unmarried,OBC,Salaried,50000.0,12000.0,38000.0,72000.0
RET-07813,39,F,Unmarried,GEN,Salaried,59000.0,13000.0,46000.0,64000.0
RET-07814,34,M,Married,OBC,Salaried,93000.0,11000.0,82000.0,125000.0
RET-07815,39,F,Unmarried,GEN,Self-Employed Non-Professional,108000.0,10000.0,98000.0,187000.0
RET-07816,39,M,Unmarried,Minority,Self-Employed Professional,49000.0,6000.0,43000.0,31000.0
RET-07817,32,F,Married,Minority,Self-Employed Non-Professional,38000.0,5000.0,33000.0,80000.0
RET-07818,29,M,Married,SC,Salaried,27000.0,5000.0,22000.0,36000.0
RET-07819,33,M,Unmarried,GEN,Self-Employed Professional,34000.0,5000.0,29000.0,44000.0
RET-07820,40,F,Unmarried,GEN,Salaried,53000.0,8000.0,45000.0,109000.0
RET-07821,43,F,Married,OBC,Salaried,56000.0,12000.0,44000.0,85000.0
RET-07822,46,M,Married,GEN,Self-Employed Non-Professional,62000.0,5000.0,57000.0,136000.0
RET-07823,33,F,Married,GEN,Salaried,35000.0,5000.0,30000.0,85000.0
RET-07824,40,M,Unmarried,ST,Salaried,25000.0,3000.0,22000.0,63000.0
RET-07825,47,M,Married,GEN,Salaried,79000.0,10000.0,69000.0,109000.0
RET-07826,49,M,Married,GEN,Self-Employed Professional,79000.0,12000.0,67000.0,45000.0
RET-07827,37,F,Unmarried,OBC,Self-Employed Professional,106000.0,15000.0,91000.0,48000.0
RET-07828,35,F,Married,Minority,Salaried,119000.0,18000.0,101000.0,229000.0
RET-07829,39,M,Unmarried,SC,Salaried,93000.0,11000.0,82000.0,58000.0
RET-07830,26,M,Married,Minority,Salaried,78000.0,18000.0,60000.0,89000.0
RET-07831,36,M,Married,SC,Salaried,124000.0,16000.0,108000.0,233000.0
RET-07832,45,M,Married,GEN,Self-Employed Non-Professional,172000.0,18000.0,154000.0,461000.0
RET-07833,44,M,Unmarried,Minority,Self-Employed Non-Professional,49000.0,7000.0,42000.0,44000.0
RET-07834,35,M,Unmarried,GEN,Self-Employed Non-Professional,116000.0,6000.0,110000.0,58000.0
RET-07835,40,M,Married,GEN,Self-Employed Non-Professional,50000.0,5000.0,45000.0,27000.0
RET-07836,29,M,Unmarried,GEN,Self-Employed Non-Professional,83000.0,9000.0,74000.0,78000.0
RET-07837,45,M,Unmarried,SC,Self-Employed Non-Professional,139000.0,7000.0,132000.0,394000.0
RET-07838,37,F,Married,Minority,Self-Employed Non-Professional,62000.0,3000.0,59000.0,41000.0
RET-07839,35,M,Married,GEN,Self-Employed Non-Professional,41000.0,5000.0,36000.0,85000.0
RET-07840,34,M,Married,GEN,Salaried,56000.0,8000.0,48000.0,42000.0
RET-07841,37,M,Married,ST,Salaried,41000.0,9000.0,32000.0,32000.0
RET-07842,33,M,Married,GEN,Salaried,38000.0,5000.0,33000.0,24000.0
RET-07843,44,M,Married,SC,Self-Employed Professional,151000.0,10000.0,141000.0,151000.0
RET-07844,34,M,Married,GEN,Salaried,101000.0,17000.0,84000.0,66000.0
RET-07845,53,F,Married,GEN,Self-Employed Professional,47000.0,5000.0,42000.0,23000.0
RET-07846,52,M,Married,GEN,Self-Employed Professional,41000.0,4000.0,37000.0,92000.0
RET-07847,29,M,Married,GEN,Salaried,42000.0,10000.0,32000.0,31000.0
RET-07848,38,M,Married,SC,Salaried,47000.0,7000.0,40000.0,32000.0
RET-07849,31,M,Married,Minority,Self-Employed Non-Professional,146000.0,21000.0,125000.0,148000.0
RET-07850,34,F,Unmarried,GEN,Salaried,68000.0,17000.0,51000.0,122000.0
RET-07851,58,F,Married,SC,Salaried,263000.0,40000.0,223000.0,237000.0
RET-07852,34,M,Married,OBC,Self-Employed Non-Professional,71000.0,8000.0,63000.0,117000.0
RET-07853,41,M,Married,GEN,Salaried,52000.0,11000.0,41000.0,43000.0
RET-07854,43,F,Married,OBC,Salaried,128000.0,21000.0,107000.0,157000.0
RET-07855,27,M,Unmarried,OBC,Salaried,27000.0,4000.0,23000.0,41000.0
RET-07856,29,F,Married,GEN,Self-Employed Non-Professional,82000.0,7000.0,75000.0,180000.0
RET-07857,25,F,Married,GEN,Self-Employed Professional,35000.0,4000.0,31000.0,37000.0
RET-07858,29,M,Married,Minority,Salaried,25000.0,3000.0,22000.0,36000.0
RET-07859,21,F,Married,OBC,Self-Employed Non-Professional,68000.0,7000.0,61000.0,129000.0
RET-07860,43,F,Married,GEN,Self-Employed Non-Professional,121000.0,6000.0,115000.0,137000.0
RET-07861,58,F,Married,GEN,Self-Employed Professional,83000.0,11000.0,72000.0,76000.0
RET-07862,39,M,Married,GEN,Self-Employed Non-Professional,77000.0,9000.0,68000.0,131000.0
RET-07863,23,M,Unmarried,GEN,Self-Employed Professional,25000.0,3000.0,22000.0,63000.0
RET-07864,31,M,Married,GEN,Self-Employed Professional,67000.0,7000.0,60000.0,167000.0
RET-07865,33,M,Married,GEN,Salaried,67000.0,12000.0,55000.0,110000.0
RET-07866,27,M,Married,GEN,Salaried,106000.0,24000.0,82000.0,128000.0
RET-07867,46,M,Unmarried,OBC,Salaried,39000.0,7000.0,32000.0,61000.0
RET-07868,46,M,Married,GEN,Self-Employed Non-Professional,120000.0,10000.0,110000.0,276000.0
RET-07869,26,M,Married,GEN,Salaried,54000.0,13000.0,41000.0,30000.0
RET-07870,45,M,Married,GEN,Salaried,61000.0,15000.0,46000.0,113000.0
RET-07871,53,M,Married,GEN,Salaried,100000.0,19000.0,81000.0,174000.0
RET-07872,57,F,Married,GEN,Salaried,36000.0,9000.0,27000.0,32000.0
RET-07873,65,M,Unmarried,OBC,Salaried,120000.0,28000.0,92000.0,247000.0
RET-07874,28,M,Married,GEN,Self-Employed Non-Professional,32000.0,2000.0,30000.0,21000.0
RET-07875,65,F,Unmarried,GEN,Self-Employed Non-Professional,108000.0,7000.0,101000.0,282000.0
RET-07876,34,M,Married,SC,Self-Employed Non-Professional,63000.0,7000.0,56000.0,82000.0
RET-07877,32,M,Unmarried,OBC,Self-Employed Professional,67000.0,6000.0,61000.0,154000.0
RET-07878,41,F,Married,GEN,Self-Employed Non-Professional,25000.0,2000.0,23000.0,20000.0
RET-07879,32,F,Married,GEN,Salaried,51000.0,5000.0,46000.0,88000.0
RET-07880,41,M,Unmarried,Minority,Salaried,64000.0,14000.0,50000.0,29000.0
RET-07881,24,F,Married,Minority,Salaried,185000.0,44000.0,141000.0,169000.0
RET-07882,35,F,Unmarried,GEN,Self-Employed Non-Professional,72000.0,4000.0,68000.0,175000.0
RET-07883,50,M,Married,GEN,Salaried,49000.0,9000.0,40000.0,65000.0
RET-07884,37,M,Unmarried,GEN,Self-Employed Professional,121000.0,14000.0,107000.0,230000.0
RET-07885,39,M,Married,GEN,Self-Employed Professional,54000.0,8000.0,46000.0,116000.0
RET-07886,42,M,Unmarried,GEN,Salaried,136000.0,17000.0,119000.0,217000.0
RET-07887,49,M,Married,OBC,Salaried,86000.0,14000.0,72000.0,141000.0
RET-07888,21,F,Married,GEN,Self-Employed Professional,43000.0,2000.0,41000.0,99000.0
RET-07889,43,M,Unmarried,GEN,Self-Employed Professional,128000.0,14000.0,114000.0,91000.0
RET-07890,35,M,Unmarried,OBC,Salaried,105000.0,14000.0,91000.0,62000.0
RET-07891,39,M,Married,Minority,Self-Employed Professional,125000.0,9000.0,116000.0,238000.0
RET-07892,48,M,Married,GEN,Self-Employed Non-Professional,66000.0,8000.0,58000.0,170000.0
RET-07893,26,M,Married,OBC,Self-Employed Non-Professional,105000.0,7000.0,98000.0,207000.0
RET-07894,27,M,Married,GEN,Salaried,231000.0,43000.0,188000.0,425000.0
RET-07895,21,M,Married,GEN,Salaried,81000.0,14000.0,67000.0,144000.0
RET-07896,32,F,Unmarried,ST,Salaried,58000.0,8000.0,50000.0,101000.0
RET-07897,51,M,Married,GEN,Self-Employed Professional,185000.0,20000.0,165000.0,164000.0
RET-07898,36,M,Married,OBC,Self-Employed Non-Professional,109000.0,16000.0,93000.0,242000.0
RET-07899,24,M,Unmarried,GEN,Self-Employed Non-Professional,56000.0,4000.0,52000.0,101000.0
RET-07900,33,M,Married,GEN,Self-Employed Non-Professional,207000.0,25000.0,182000.0,536000.0
RET-07901,23,M,Married,OBC,Self-Employed Professional,36000.0,2000.0,34000.0,23000.0
RET-07902,26,M,Unmarried,GEN,Self-Employed Professional,100000.0,6000.0,94000.0,117000.0
RET-07903,41,F,Unmarried,GEN,Salaried,145000.0,21000.0,124000.0,93000.0
RET-07904,26,M,Unmarried,OBC,Salaried,139000.0,32000.0,107000.0,283000.0
RET-07905,49,M,Unmarried,GEN,Self-Employed Non-Professional,43000.0,4000.0,39000.0,99000.0
RET-07906,37,M,Married,GEN,Self-Employed Professional,35000.0,2000.0,33000.0,80000.0
RET-07907,38,F,Married,SC,Salaried,84000.0,11000.0,73000.0,160000.0
RET-07908,35,M,Unmarried,GEN,Salaried,112000.0,16000.0,96000.0,74000.0
RET-07909,45,F,Married,OBC,Salaried,38000.0,5000.0,33000.0,50000.0
RET-07910,45,M,Married,Minority,Salaried,88000.0,21000.0,67000.0,152000.0
RET-07911,41,M,Unmarried,GEN,Self-Employed Non-Professional,31000.0,3000.0,28000.0,39000.0
RET-07912,43,F,Unmarried,GEN,Salaried,138000.0,32000.0,106000.0,243000.0
RET-07913,35,F,Married,OBC,Salaried,52000.0,12000.0,40000.0,49000.0
RET-07914,43,M,Unmarried,GEN,Self-Employed Professional,66000.0,4000.0,62000.0,115000.0
RET-07915,34,M,Unmarried,OBC,Salaried,123000.0,20000.0,103000.0,143000.0
RET-07916,38,M,Unmarried,GEN,Salaried,116000.0,29000.0,87000.0,244000.0
RET-07917,35,M,Unmarried,GEN,Salaried,97000.0,13000.0,84000.0,135000.0
RET-07918,33,F,Married,GEN,Salaried,136000.0,15000.0,121000.0,147000.0
RET-07919,31,M,Unmarried,OBC,Salaried,93000.0,14000.0,79000.0,51000.0
RET-07920,42,M,Unmarried,GEN,Self-Employed Non-Professional,174000.0,12000.0,162000.0,140000.0
RET-07921,51,F,Unmarried,SC,Salaried,26000.0,3000.0,23000.0,44000.0
RET-07922,49,M,Unmarried,OBC,Self-Employed Professional,71000.0,4000.0,67000.0,151000.0
RET-07923,25,M,Married,GEN,Salaried,69000.0,10000.0,59000.0,170000.0
RET-07924,50,F,Married,GEN,Self-Employed Professional,64000.0,5000.0,59000.0,118000.0
RET-07925,34,M,Married,GEN,Self-Employed Professional,99000.0,11000.0,88000.0,194000.0
RET-07926,44,M,Unmarried,OBC,Salaried,83000.0,10000.0,73000.0,150000.0
RET-07927,28,M,Unmarried,SC,Self-Employed Professional,120000.0,16000.0,104000.0,287000.0
RET-07928,39,M,Married,GEN,Salaried,36000.0,7000.0,29000.0,36000.0
RET-07929,41,M,Married,GEN,Salaried,289000.0,70000.0,219000.0,440000.0
RET-07930,23,M,Unmarried,GEN,Self-Employed Professional,58000.0,8000.0,50000.0,145000.0
RET-07931,44,F,Married,GEN,Self-Employed Professional,87000.0,10000.0,77000.0,40000.0
RET-07932,51,F,Married,OBC,Self-Employed Non-Professional,65000.0,4000.0,61000.0,72000.0
RET-07933,36,F,Married,GEN,Self-Employed Non-Professional,77000.0,6000.0,71000.0,170000.0
RET-07934,51,M,Unmarried,GEN,Self-Employed Non-Professional,53000.0,4000.0,49000.0,82000.0
RET-07935,36,F,Unmarried,OBC,Self-Employed Non-Professional,83000.0,8000.0,75000.0,69000.0
RET-07936,46,M,Married,GEN,Salaried,104000.0,22000.0,82000.0,158000.0
RET-07937,21,M,Married,GEN,Salaried,25000.0,4000.0,21000.0,38000.0
RET-07938,62,F,Married,GEN,Salaried,60000.0,7000.0,53000.0,87000.0
RET-07939,52,M,Unmarried,OBC,Salaried,59000.0,7000.0,52000.0,70000.0
RET-07940,35,M,Unmarried,GEN,Salaried,294000.0,62000.0,232000.0,146000.0
RET-07941,21,F,Married,GEN,Self-Employed Non-Professional,123000.0,16000.0,107000.0,215000.0
RET-07942,40,M,Married,GEN,Salaried,180000.0,40000.0,140000.0,251000.0
RET-07943,23,M,Unmarried,GEN,Self-Employed Professional,102000.0,9000.0,93000.0,183000.0
RET-07944,42,M,Married,GEN,Salaried,77000.0,10000.0,67000.0,34000.0
RET-07945,42,F,Married,GEN,Self-Employed Professional,91000.0,10000.0,81000.0,57000.0
RET-07946,28,M,Unmarried,GEN,Self-Employed Non-Professional,143000.0,9000.0,134000.0,123000.0
RET-07947,49,M,Unmarried,GEN,Salaried,209000.0,30000.0,179000.0,290000.0
RET-07948,46,M,Unmarried,GEN,Self-Employed Non-Professional,88000.0,8000.0,80000.0,202000.0
RET-07949,47,M,Married,OBC,Salaried,50000.0,11000.0,39000.0,43000.0
RET-07950,38,F,Married,OBC,Self-Employed Non-Professional,127000.0,9000.0,118000.0,297000.0
RET-07951,23,M,Married,GEN,Salaried,44000.0,8000.0,36000.0,39000.0
RET-07952,47,M,Married,GEN,Salaried,92000.0,16000.0,76000.0,180000.0
RET-07953,35,M,Married,GEN,Self-Employed Non-Professional,110000.0,7000.0,103000.0,277000.0
RET-07954,24,F,Married,GEN,Self-Employed Professional,69000.0,7000.0,62000.0,158000.0
RET-07955,51,M,Unmarried,GEN,Salaried,42000.0,4000.0,38000.0,89000.0
RET-07956,58,M,Married,GEN,Self-Employed Professional,56000.0,3000.0,53000.0,32000.0
RET-07957,37,M,Married,GEN,Salaried,60000.0,14000.0,46000.0,61000.0
RET-07958,59,M,Married,ST,Salaried,39000.0,10000.0,29000.0,29000.0
RET-07959,38,F,Married,GEN,Salaried,58000.0,10000.0,48000.0,81000.0
RET-07960,34,F,Married,Minority,Salaried,31000.0,6000.0,25000.0,35000.0
RET-07961,31,F,Unmarried,ST,Self-Employed Non-Professional,104000.0,11000.0,93000.0,190000.0
RET-07962,54,F,Married,SC,Self-Employed Non-Professional,89000.0,8000.0,81000.0,155000.0
RET-07963,30,F,Unmarried,ST,Salaried,86000.0,11000.0,75000.0,118000.0
RET-07964,45,M,Married,GEN,Self-Employed Non-Professional,58000.0,5000.0,53000.0,128000.0
RET-07965,32,F,Married,GEN,Salaried,63000.0,9000.0,54000.0,29000.0
RET-07966,33,M,Married,GEN,Salaried,44000.0,9000.0,35000.0,93000.0
RET-07967,48,M,Married,GEN,Self-Employed Professional,99000.0,6000.0,93000.0,47000.0
RET-07968,34,M,Unmarried,GEN,Salaried,32000.0,5000.0,27000.0,44000.0
RET-07969,33,F,Unmarried,SC,Salaried,77000.0,16000.0,61000.0,165000.0
RET-07970,49,M,Married,GEN,Self-Employed Professional,50000.0,5000.0,45000.0,70000.0
RET-07971,53,F,Married,GEN,Self-Employed Non-Professional,210000.0,17000.0,193000.0,461000.0
RET-07972,44,M,Married,OBC,Salaried,100000.0,17000.0,83000.0,125000.0
RET-07973,31,M,Unmarried,GEN,Salaried,73000.0,15000.0,58000.0,152000.0
RET-07974,32,M,Married,GEN,Salaried,38000.0,9000.0,29000.0,87000.0
RET-07975,38,M,Unmarried,GEN,Self-Employed Professional,32000.0,4000.0,28000.0,77000.0
RET-07976,41,M,Married,SC,Self-Employed Professional,98000.0,8000.0,90000.0,58000.0
RET-07977,28,M,Married,OBC,Self-Employed Non-Professional,215000.0,30000.0,185000.0,161000.0
RET-07978,45,F,Married,OBC,Self-Employed Non-Professional,93000.0,12000.0,81000.0,150000.0
RET-07979,38,M,Married,GEN,Self-Employed Non-Professional,81000.0,9000.0,72000.0,209000.0
RET-07980,21,M,Married,Minority,Self-Employed Professional,82000.0,10000.0,72000.0,109000.0
RET-07981,28,M,Married,GEN,Salaried,78000.0,18000.0,60000.0,72000.0
RET-07982,32,M,Married,OBC,Self-Employed Professional,83000.0,9000.0,74000.0,216000.0
RET-07983,37,M,Married,Minority,Self-Employed Professional,48000.0,4000.0,44000.0,100000.0
RET-07984,56,M,Married,OBC,Salaried,41000.0,4000.0,37000.0,90000.0
RET-07985,40,M,Married,OBC,Salaried,78000.0,10000.0,68000.0,53000.0
RET-07986,29,M,Married,GEN,Salaried,179000.0,36000.0,143000.0,165000.0
RET-07987,40,F,Married,GEN,Self-Employed Non-Professional,117000.0,17000.0,100000.0,176000.0
RET-07988,34,F,Married,ST,Salaried,35000.0,4000.0,31000.0,73000.0
RET-07989,41,M,Married,GEN,Self-Employed Non-Professional,63000.0,8000.0,55000.0,75000.0
RET-07990,43,M,Married,Minority,Salaried,113000.0,17000.0,96000.0,97000.0
RET-07991,50,M,Unmarried,OBC,Self-Employed Professional,182000.0,27000.0,155000.0,247000.0
RET-07992,37,M,Married,GEN,Salaried,214000.0,38000.0,176000.0,275000.0
RET-07993,54,F,Unmarried,OBC,Self-Employed Professional,64000.0,6000.0,58000.0,156000.0
RET-07994,47,M,Married,GEN,Salaried,120000.0,15000.0,105000.0,298000.0
RET-07995,30,M,Unmarried,GEN,Salaried,85000.0,18000.0,67000.0,62000.0
RET-07996,60,M,Unmarried,GEN,Salaried,68000.0,10000.0,58000.0,70000.0
RET-07997,41,F,Unmarried,GEN,Salaried,76000.0,9000.0,67000.0,165000.0
RET-07998,29,F,Unmarried,Minority,Self-Employed Non-Professional,76000.0,11000.0,65000.0,72000.0
RET-07999,54,F,Married,GEN,Self-Employed Professional,148000.0,16000.0,132000.0,153000.0
RET-08000,58,M,Married,OBC,Salaried,31000.0,5000.0,26000.0,57000.0
RET-08001,37,M,Married,GEN,Salaried,97000.0,17000.0,80000.0,142000.0
RET-08002,32,M,Married,OBC,Self-Employed Non-Professional,184000.0,25000.0,159000.0,359000.0
RET-08003,36,M,Married,OBC,Self-Employed Professional,173000.0,26000.0,147000.0,100000.0
RET-08004,45,M,Married,GEN,Salaried,103000.0,20000.0,83000.0,146000.0
RET-08005,50,M,Married,Minority,Salaried,46000.0,5000.0,41000.0,89000.0
RET-08006,43,M,Married,ST,Salaried,117000.0,28000.0,89000.0,150000.0
RET-08007,39,F,Married,OBC,Salaried,162000.0,35000.0,127000.0,104000.0
RET-08008,52,M,Married,Minority,Self-Employed Professional,54000.0,5000.0,49000.0,41000.0
RET-08009,34,M,Unmarried,OBC,Self-Employed Professional,91000.0,5000.0,86000.0,169000.0
RET-08010,48,M,Married,SC,Salaried,65000.0,10000.0,55000.0,47000.0
RET-08011,35,M,Married,GEN,Salaried,51000.0,10000.0,41000.0,52000.0
RET-08012,42,M,Married,GEN,Self-Employed Non-Professional,61000.0,8000.0,53000.0,85000.0
RET-08013,36,M,Unmarried,Minority,Salaried,79000.0,10000.0,69000.0,137000.0
RET-08014,37,M,Married,GEN,Salaried,42000.0,8000.0,34000.0,40000.0
RET-08015,34,M,Unmarried,GEN,Self-Employed Professional,38000.0,5000.0,33000.0,50000.0
RET-08016,51,M,Married,GEN,Salaried,43000.0,5000.0,38000.0,54000.0
RET-08017,30,M,Married,GEN,Self-Employed Non-Professional,89000.0,9000.0,80000.0,59000.0
RET-08018,30,M,Unmarried,GEN,Self-Employed Non-Professional,30000.0,2000.0,28000.0,70000.0
RET-08019,59,M,Unmarried,OBC,Self-Employed Non-Professional,25000.0,2000.0,23000.0,54000.0
RET-08020,47,M,Married,Minority,Salaried,167000.0,36000.0,131000.0,322000.0
RET-08021,21,F,Married,GEN,Self-Employed Professional,40000.0,2000.0,38000.0,33000.0
RET-08022,32,M,Unmarried,SC,Self-Employed Non-Professional,65000.0,4000.0,61000.0,109000.0
RET-08023,21,M,Married,GEN,Salaried,127000.0,31000.0,96000.0,127000.0
RET-08024,28,F,Married,GEN,Salaried,31000.0,6000.0,25000.0,34000.0
RET-08025,21,F,Married,OBC,Salaried,31000.0,7000.0,24000.0,16000.0
RET-08026,36,F,Married,ST,Self-Employed Non-Professional,50000.0,6000.0,44000.0,126000.0
RET-08027,26,M,Unmarried,GEN,Salaried,130000.0,32000.0,98000.0,279000.0
RET-08028,38,M,Married,GEN,Salaried,72000.0,9000.0,63000.0,96000.0
RET-08029,21,M,Unmarried,GEN,Self-Employed Professional,73000.0,6000.0,67000.0,177000.0
RET-08030,38,M,Married,Minority,Salaried,61000.0,10000.0,51000.0,68000.0
RET-08031,33,F,Married,GEN,Salaried,102000.0,16000.0,86000.0,163000.0
RET-08032,53,M,Married,GEN,Salaried,173000.0,25000.0,148000.0,350000.0
RET-08033,52,F,Unmarried,ST,Self-Employed Professional,438000.0,26000.0,412000.0,745000.0
RET-08034,45,M,Unmarried,OBC,Self-Employed Professional,67000.0,5000.0,62000.0,56000.0
RET-08035,34,M,Unmarried,Minority,Self-Employed Professional,183000.0,15000.0,168000.0,243000.0
RET-08036,57,F,Married,Minority,Salaried,133000.0,22000.0,111000.0,266000.0
RET-08037,22,F,Unmarried,GEN,Self-Employed Non-Professional,86000.0,5000.0,81000.0,199000.0
RET-08038,23,F,Unmarried,OBC,Salaried,25000.0,5000.0,20000.0,27000.0
RET-08039,37,F,Married,GEN,Salaried,58000.0,7000.0,51000.0,94000.0
RET-08040,60,M,Married,Minority,Self-Employed Professional,60000.0,7000.0,53000.0,54000.0
RET-08041,35,M,Married,GEN,Self-Employed Non-Professional,91000.0,7000.0,84000.0,95000.0
RET-08042,36,F,Married,SC,Self-Employed Professional,65000.0,7000.0,58000.0,50000.0
RET-08043,23,M,Unmarried,GEN,Salaried,52000.0,13000.0,39000.0,62000.0
RET-08044,47,M,Married,GEN,Salaried,247000.0,28000.0,219000.0,504000.0
RET-08045,47,M,Married,GEN,Salaried,160000.0,37000.0,123000.0,332000.0
RET-08046,45,M,Married,OBC,Salaried,25000.0,5000.0,20000.0,37000.0
RET-08047,31,M,Married,GEN,Salaried,62000.0,14000.0,48000.0,102000.0
RET-08048,30,F,Unmarried,GEN,Self-Employed Non-Professional,107000.0,7000.0,100000.0,117000.0
RET-08049,25,M,Married,GEN,Salaried,163000.0,37000.0,126000.0,127000.0
RET-08050,38,M,Married,GEN,Salaried,57000.0,11000.0,46000.0,69000.0
RET-08051,27,F,Unmarried,OBC,Salaried,64000.0,11000.0,53000.0,101000.0
RET-08052,26,M,Unmarried,GEN,Salaried,77000.0,14000.0,63000.0,37000.0
RET-08053,33,F,Married,GEN,Self-Employed Professional,109000.0,15000.0,94000.0,69000.0
RET-08054,33,M,Married,OBC,Self-Employed Non-Professional,29000.0,3000.0,26000.0,54000.0
RET-08055,32,F,Married,SC,Self-Employed Non-Professional,25000.0,3000.0,22000.0,22000.0
RET-08056,42,M,Unmarried,OBC,Self-Employed Non-Professional,155000.0,21000.0,134000.0,219000.0
RET-08057,38,M,Unmarried,Minority,Salaried,40000.0,9000.0,31000.0,88000.0
RET-08058,35,F,Married,GEN,Self-Employed Professional,261000.0,23000.0,238000.0,632000.0
RET-08059,39,F,Unmarried,SC,Salaried,44000.0,10000.0,34000.0,22000.0
RET-08060,28,M,Married,OBC,Salaried,65000.0,15000.0,50000.0,32000.0
RET-08061,39,F,Married,OBC,Salaried,91000.0,11000.0,80000.0,69000.0
RET-08062,39,M,Married,OBC,Salaried,25000.0,5000.0,20000.0,16000.0
RET-08063,22,F,Married,GEN,Salaried,408000.0,64000.0,344000.0,390000.0
RET-08064,47,M,Married,GEN,Self-Employed Non-Professional,58000.0,6000.0,52000.0,74000.0
RET-08065,29,M,Unmarried,OBC,Salaried,44000.0,5000.0,39000.0,28000.0
RET-08066,38,M,Married,GEN,Self-Employed Non-Professional,36000.0,2000.0,34000.0,56000.0
RET-08067,49,M,Unmarried,OBC,Self-Employed Non-Professional,91000.0,7000.0,84000.0,153000.0
RET-08068,47,M,Unmarried,OBC,Self-Employed Non-Professional,87000.0,8000.0,79000.0,170000.0
RET-08069,38,M,Unmarried,GEN,Self-Employed Non-Professional,37000.0,3000.0,34000.0,52000.0
RET-08070,34,M,Married,GEN,Self-Employed Professional,32000.0,4000.0,28000.0,35000.0
RET-08071,47,M,Married,GEN,Salaried,138000.0,34000.0,104000.0,219000.0
RET-08072,44,M,Married,GEN,Salaried,49000.0,7000.0,42000.0,117000.0
RET-08073,31,F,Married,GEN,Self-Employed Non-Professional,26000.0,2000.0,24000.0,36000.0
RET-08074,30,M,Unmarried,GEN,Self-Employed Non-Professional,67000.0,7000.0,60000.0,74000.0
RET-08075,21,F,Married,GEN,Self-Employed Non-Professional,57000.0,7000.0,50000.0,115000.0
RET-08076,39,F,Married,GEN,Self-Employed Professional,236000.0,30000.0,206000.0,555000.0
RET-08077,37,M,Married,GEN,Salaried,53000.0,11000.0,42000.0,122000.0
RET-08078,49,F,Unmarried,Minority,Self-Employed Non-Professional,61000.0,4000.0,57000.0,60000.0
RET-08079,41,M,Married,Minority,Self-Employed Non-Professional,83000.0,4000.0,79000.0,99000.0
RET-08080,51,M,Married,GEN,Salaried,52000.0,12000.0,40000.0,111000.0
RET-08081,31,M,Unmarried,GEN,Self-Employed Professional,95000.0,14000.0,81000.0,95000.0
RET-08082,49,M,Married,GEN,Self-Employed Non-Professional,40000.0,3000.0,37000.0,50000.0
RET-08083,32,F,Married,GEN,Salaried,63000.0,10000.0,53000.0,111000.0
RET-08084,45,M,Married,OBC,Self-Employed Non-Professional,93000.0,8000.0,85000.0,163000.0
RET-08085,23,M,Married,GEN,Salaried,145000.0,31000.0,114000.0,307000.0
RET-08086,40,F,Married,GEN,Salaried,51000.0,11000.0,40000.0,81000.0
RET-08087,21,M,Married,SC,Salaried,51000.0,6000.0,45000.0,77000.0
RET-08088,35,M,Unmarried,SC,Self-Employed Professional,184000.0,23000.0,161000.0,110000.0
RET-08089,42,M,Unmarried,Minority,Salaried,53000.0,13000.0,40000.0,118000.0
RET-08090,32,F,Unmarried,GEN,Salaried,71000.0,7000.0,64000.0,100000.0
RET-08091,27,F,Married,ST,Self-Employed Non-Professional,204000.0,17000.0,187000.0,361000.0
RET-08092,46,M,Married,OBC,Salaried,76000.0,13000.0,63000.0,111000.0
RET-08093,36,M,Unmarried,OBC,Salaried,63000.0,14000.0,49000.0,115000.0
RET-08094,33,M,Married,ST,Self-Employed Professional,66000.0,5000.0,61000.0,129000.0
RET-08095,38,M,Unmarried,Minority,Salaried,47000.0,10000.0,37000.0,50000.0
RET-08096,64,F,Married,OBC,Self-Employed Non-Professional,96000.0,5000.0,91000.0,164000.0
RET-08097,49,M,Unmarried,GEN,Salaried,42000.0,10000.0,32000.0,82000.0
RET-08098,49,M,Unmarried,GEN,Self-Employed Professional,117000.0,8000.0,109000.0,227000.0
RET-08099,42,F,Married,OBC,Salaried,74000.0,15000.0,59000.0,170000.0
RET-08100,39,F,Married,SC,Self-Employed Non-Professional,84000.0,9000.0,75000.0,179000.0
RET-08101,21,M,Married,OBC,Salaried,206000.0,51000.0,155000.0,266000.0
RET-08102,31,M,Married,GEN,Salaried,31000.0,6000.0,25000.0,63000.0
RET-08103,33,M,Married,GEN,Self-Employed Non-Professional,74000.0,8000.0,66000.0,106000.0
RET-08104,21,M,Unmarried,GEN,Self-Employed Professional,107000.0,8000.0,99000.0,102000.0
RET-08105,26,M,Married,Minority,Self-Employed Professional,51000.0,4000.0,47000.0,97000.0
RET-08106,21,M,Married,GEN,Salaried,129000.0,14000.0,115000.0,159000.0
RET-08107,37,F,Married,OBC,Salaried,53000.0,6000.0,47000.0,26000.0
RET-08108,46,F,Married,ST,Salaried,87000.0,15000.0,72000.0,75000.0
RET-08109,49,M,Married,GEN,Salaried,68000.0,10000.0,58000.0,53000.0
RET-08110,42,M,Unmarried,SC,Salaried,81000.0,14000.0,67000.0,167000.0
RET-08111,28,F,Unmarried,SC,Self-Employed Non-Professional,76000.0,7000.0,69000.0,160000.0
RET-08112,21,F,Married,GEN,Salaried,72000.0,9000.0,63000.0,128000.0
RET-08113,21,F,Married,GEN,Salaried,55000.0,9000.0,46000.0,130000.0
RET-08114,25,M,Unmarried,OBC,Salaried,49000.0,11000.0,38000.0,36000.0
RET-08115,29,M,Married,GEN,Self-Employed Professional,88000.0,11000.0,77000.0,70000.0
RET-08116,36,F,Married,OBC,Salaried,75000.0,13000.0,62000.0,172000.0
RET-08117,27,M,Married,OBC,Salaried,48000.0,10000.0,38000.0,80000.0
RET-08118,41,M,Married,GEN,Self-Employed Non-Professional,90000.0,11000.0,79000.0,150000.0
RET-08119,35,M,Married,GEN,Salaried,55000.0,6000.0,49000.0,115000.0
RET-08120,38,F,Unmarried,GEN,Salaried,186000.0,36000.0,150000.0,181000.0
RET-08121,49,M,Married,GEN,Salaried,326000.0,72000.0,254000.0,505000.0
RET-08122,26,F,Unmarried,OBC,Salaried,168000.0,32000.0,136000.0,213000.0
RET-08123,42,M,Married,OBC,Salaried,163000.0,30000.0,133000.0,169000.0
RET-08124,37,F,Unmarried,GEN,Salaried,119000.0,21000.0,98000.0,264000.0
RET-08125,34,M,Married,SC,Salaried,64000.0,11000.0,53000.0,48000.0
RET-08126,46,M,Married,GEN,Salaried,25000.0,5000.0,20000.0,11000.0
RET-08127,46,F,Unmarried,Minority,Salaried,40000.0,8000.0,32000.0,45000.0
RET-08128,28,F,Unmarried,GEN,Salaried,49000.0,6000.0,43000.0,43000.0
RET-08129,36,F,Married,GEN,Salaried,151000.0,25000.0,126000.0,318000.0
RET-08130,40,M,Unmarried,SC,Salaried,85000.0,15000.0,70000.0,57000.0
RET-08131,35,M,Married,OBC,Salaried,49000.0,8000.0,41000.0,117000.0
RET-08132,43,M,Unmarried,GEN,Self-Employed Non-Professional,25000.0,2000.0,23000.0,21000.0
RET-08133,40,M,Unmarried,GEN,Salaried,294000.0,35000.0,259000.0,705000.0
RET-08134,56,F,Married,GEN,Self-Employed Professional,101000.0,9000.0,92000.0,85000.0
RET-08135,22,M,Married,GEN,Self-Employed Non-Professional,126000.0,15000.0,111000.0,69000.0
RET-08136,36,M,Married,GEN,Self-Employed Professional,53000.0,5000.0,48000.0,83000.0
RET-08137,28,M,Unmarried,OBC,Self-Employed Professional,67000.0,7000.0,60000.0,83000.0
RET-08138,44,M,Married,ST,Self-Employed Professional,59000.0,5000.0,54000.0,108000.0
RET-08139,21,F,Married,SC,Self-Employed Professional,76000.0,9000.0,67000.0,141000.0
RET-08140,41,M,Married,GEN,Self-Employed Non-Professional,221000.0,28000.0,193000.0,547000.0
RET-08141,31,M,Unmarried,ST,Salaried,36000.0,8000.0,28000.0,81000.0
RET-08142,30,F,Married,GEN,Salaried,71000.0,13000.0,58000.0,101000.0
RET-08143,23,M,Unmarried,GEN,Salaried,91000.0,13000.0,78000.0,80000.0
RET-08144,33,M,Unmarried,SC,Self-Employed Non-Professional,68000.0,9000.0,59000.0,66000.0
RET-08145,48,M,Married,GEN,Salaried,133000.0,16000.0,117000.0,88000.0
RET-08146,37,M,Married,GEN,Self-Employed Non-Professional,26000.0,2000.0,24000.0,29000.0
RET-08147,44,M,Unmarried,GEN,Salaried,226000.0,23000.0,203000.0,564000.0
RET-08148,54,M,Married,GEN,Salaried,32000.0,4000.0,28000.0,40000.0
RET-08149,40,M,Unmarried,GEN,Salaried,37000.0,8000.0,29000.0,60000.0
RET-08150,32,M,Unmarried,SC,Self-Employed Professional,56000.0,7000.0,49000.0,145000.0
RET-08151,42,M,Unmarried,GEN,Self-Employed Professional,50000.0,5000.0,45000.0,35000.0
RET-08152,32,M,Married,GEN,Salaried,94000.0,21000.0,73000.0,178000.0
RET-08153,32,F,Married,GEN,Self-Employed Professional,88000.0,13000.0,75000.0,169000.0
RET-08154,22,M,Unmarried,SC,Salaried,78000.0,8000.0,70000.0,178000.0
RET-08155,47,F,Married,GEN,Salaried,31000.0,4000.0,27000.0,23000.0
RET-08156,34,M,Unmarried,GEN,Salaried,67000.0,14000.0,53000.0,93000.0
RET-08157,39,M,Married,SC,Self-Employed Non-Professional,74000.0,9000.0,65000.0,135000.0
RET-08158,27,M,Married,GEN,Self-Employed Non-Professional,153000.0,13000.0,140000.0,336000.0
RET-08159,42,F,Married,GEN,Salaried,82000.0,13000.0,69000.0,157000.0
RET-08160,30,M,Unmarried,OBC,Salaried,92000.0,13000.0,79000.0,152000.0
RET-08161,36,M,Married,GEN,Self-Employed Non-Professional,237000.0,34000.0,203000.0,340000.0
RET-08162,46,F,Married,GEN,Salaried,36000.0,7000.0,29000.0,83000.0
RET-08163,45,F,Unmarried,GEN,Salaried,58000.0,13000.0,45000.0,43000.0
RET-08164,37,M,Unmarried,GEN,Salaried,37000.0,6000.0,31000.0,31000.0
RET-08165,21,F,Unmarried,Minority,Salaried,192000.0,26000.0,166000.0,129000.0
RET-08166,65,F,Married,GEN,Self-Employed Professional,200000.0,20000.0,180000.0,141000.0
RET-08167,55,M,Unmarried,GEN,Salaried,183000.0,43000.0,140000.0,376000.0
RET-08168,45,M,Married,SC,Self-Employed Non-Professional,102000.0,10000.0,92000.0,186000.0
RET-08169,30,M,Unmarried,GEN,Self-Employed Professional,92000.0,7000.0,85000.0,241000.0
RET-08170,36,M,Unmarried,GEN,Self-Employed Professional,56000.0,3000.0,53000.0,144000.0
RET-08171,32,F,Married,OBC,Salaried,116000.0,23000.0,93000.0,116000.0
RET-08172,50,M,Married,OBC,Salaried,34000.0,8000.0,26000.0,55000.0
RET-08173,40,M,Unmarried,OBC,Self-Employed Professional,34000.0,3000.0,31000.0,45000.0
RET-08174,30,F,Married,GEN,Self-Employed Professional,57000.0,4000.0,53000.0,143000.0
RET-08175,33,M,Unmarried,SC,Salaried,227000.0,43000.0,184000.0,430000.0
RET-08176,49,F,Married,GEN,Salaried,54000.0,13000.0,41000.0,33000.0
RET-08177,54,F,Unmarried,GEN,Salaried,58000.0,12000.0,46000.0,52000.0
RET-08178,53,F,Married,GEN,Self-Employed Professional,87000.0,4000.0,83000.0,178000.0
RET-08179,45,F,Married,SC,Self-Employed Professional,125000.0,15000.0,110000.0,123000.0
RET-08180,35,M,Married,OBC,Self-Employed Professional,155000.0,9000.0,146000.0,268000.0
RET-08181,21,M,Married,SC,Self-Employed Non-Professional,37000.0,4000.0,33000.0,37000.0
RET-08182,40,M,Married,OBC,Self-Employed Professional,69000.0,9000.0,60000.0,132000.0
RET-08183,37,M,Married,GEN,Salaried,84000.0,10000.0,74000.0,51000.0
RET-08184,39,M,Married,GEN,Self-Employed Professional,89000.0,8000.0,81000.0,187000.0
RET-08185,38,M,Unmarried,OBC,Self-Employed Professional,123000.0,18000.0,105000.0,141000.0
RET-08186,24,F,Married,GEN,Salaried,120000.0,17000.0,103000.0,168000.0
RET-08187,43,F,Unmarried,GEN,Salaried,74000.0,11000.0,63000.0,108000.0
RET-08188,44,M,Married,ST,Self-Employed Professional,146000.0,20000.0,126000.0,124000.0
RET-08189,44,M,Married,OBC,Self-Employed Professional,131000.0,18000.0,113000.0,323000.0
RET-08190,47,M,Married,GEN,Self-Employed Non-Professional,125000.0,11000.0,114000.0,57000.0
RET-08191,44,F,Married,SC,Self-Employed Non-Professional,53000.0,6000.0,47000.0,67000.0
RET-08192,33,M,Married,OBC,Salaried,112000.0,18000.0,94000.0,77000.0
RET-08193,37,M,Married,GEN,Self-Employed Professional,151000.0,21000.0,130000.0,182000.0
RET-08194,38,M,Married,GEN,Salaried,54000.0,7000.0,47000.0,36000.0
RET-08195,39,M,Married,GEN,Salaried,79000.0,13000.0,66000.0,95000.0
RET-08196,47,F,Married,GEN,Salaried,187000.0,42000.0,145000.0,143000.0
RET-08197,44,M,Married,GEN,Salaried,93000.0,13000.0,80000.0,151000.0
RET-08198,58,M,Married,Minority,Salaried,69000.0,15000.0,54000.0,29000.0
RET-08199,60,F,Unmarried,GEN,Self-Employed Non-Professional,176000.0,14000.0,162000.0,286000.0
RET-08200,38,F,Married,SC,Salaried,55000.0,7000.0,48000.0,58000.0
RET-08201,21,F,Married,GEN,Salaried,26000.0,4000.0,22000.0,29000.0
RET-08202,50,M,Married,GEN,Salaried,46000.0,10000.0,36000.0,50000.0
RET-08203,32,M,Married,ST,Self-Employed Professional,145000.0,17000.0,128000.0,273000.0
RET-08204,29,M,Married,GEN,Salaried,100000.0,18000.0,82000.0,196000.0
RET-08205,34,M,Unmarried,ST,Salaried,76000.0,16000.0,60000.0,79000.0
RET-08206,33,M,Unmarried,GEN,Salaried,138000.0,29000.0,109000.0,307000.0
RET-08207,44,M,Married,Minority,Salaried,81000.0,13000.0,68000.0,161000.0
RET-08208,22,M,Married,GEN,Salaried,64000.0,11000.0,53000.0,80000.0
RET-08209,27,F,Married,GEN,Self-Employed Professional,121000.0,10000.0,111000.0,83000.0
RET-08210,41,M,Married,OBC,Salaried,58000.0,8000.0,50000.0,95000.0
RET-08211,44,F,Unmarried,SC,Salaried,98000.0,24000.0,74000.0,151000.0
RET-08212,44,M,Unmarried,GEN,Salaried,45000.0,7000.0,38000.0,32000.0
RET-08213,30,M,Married,Minority,Self-Employed Non-Professional,39000.0,5000.0,34000.0,89000.0
RET-08214,28,M,Unmarried,OBC,Salaried,44000.0,4000.0,40000.0,58000.0
RET-08215,32,F,Married,GEN,Self-Employed Non-Professional,72000.0,6000.0,66000.0,58000.0
RET-08216,40,M,Married,GEN,Self-Employed Non-Professional,50000.0,5000.0,45000.0,81000.0
RET-08217,52,F,Married,GEN,Salaried,50000.0,10000.0,40000.0,62000.0
RET-08218,21,M,Married,GEN,Self-Employed Professional,67000.0,7000.0,60000.0,126000.0
RET-08219,35,F,Unmarried,GEN,Salaried,70000.0,17000.0,53000.0,49000.0
RET-08220,24,M,Unmarried,SC,Salaried,29000.0,7000.0,22000.0,12000.0
RET-08221,21,F,Married,OBC,Salaried,25000.0,4000.0,21000.0,36000.0
RET-08222,47,M,Married,GEN,Self-Employed Professional,93000.0,7000.0,86000.0,77000.0
RET-08223,43,F,Unmarried,GEN,Salaried,80000.0,10000.0,70000.0,62000.0
RET-08224,42,M,Unmarried,Minority,Self-Employed Professional,32000.0,5000.0,27000.0,59000.0
RET-08225,47,M,Married,GEN,Self-Employed Professional,95000.0,11000.0,84000.0,96000.0
RET-08226,33,F,Married,GEN,Salaried,95000.0,15000.0,80000.0,208000.0
RET-08227,33,M,Unmarried,OBC,Self-Employed Non-Professional,61000.0,6000.0,55000.0,98000.0
RET-08228,59,M,Unmarried,SC,Salaried,237000.0,59000.0,178000.0,360000.0
RET-08229,35,F,Unmarried,Minority,Self-Employed Non-Professional,157000.0,19000.0,138000.0,180000.0
RET-08230,45,M,Married,Minority,Self-Employed Professional,58000.0,8000.0,50000.0,53000.0
RET-08231,38,M,Married,Minority,Self-Employed Professional,58000.0,5000.0,53000.0,48000.0
RET-08232,21,M,Unmarried,GEN,Self-Employed Non-Professional,30000.0,3000.0,27000.0,61000.0
RET-08233,21,F,Unmarried,GEN,Self-Employed Non-Professional,152000.0,14000.0,138000.0,307000.0
RET-08234,32,M,Married,OBC,Salaried,85000.0,18000.0,67000.0,116000.0
RET-08235,48,M,Married,GEN,Self-Employed Professional,120000.0,6000.0,114000.0,280000.0
RET-08236,45,F,Unmarried,GEN,Salaried,25000.0,3000.0,22000.0,55000.0
RET-08237,47,F,Unmarried,GEN,Salaried,117000.0,25000.0,92000.0,148000.0
RET-08238,28,F,Unmarried,GEN,Self-Employed Non-Professional,54000.0,7000.0,47000.0,100000.0
RET-08239,54,F,Married,GEN,Salaried,104000.0,19000.0,85000.0,236000.0
RET-08240,28,M,Unmarried,GEN,Salaried,100000.0,19000.0,81000.0,57000.0
RET-08241,40,M,Married,GEN,Salaried,72000.0,17000.0,55000.0,29000.0
RET-08242,37,M,Unmarried,SC,Salaried,48000.0,5000.0,43000.0,72000.0
RET-08243,36,F,Married,OBC,Salaried,93000.0,11000.0,82000.0,109000.0
RET-08244,51,F,Unmarried,Minority,Salaried,44000.0,10000.0,34000.0,24000.0
RET-08245,30,F,Married,GEN,Self-Employed Professional,137000.0,8000.0,129000.0,113000.0
RET-08246,24,M,Unmarried,GEN,Salaried,47000.0,11000.0,36000.0,41000.0
RET-08247,38,M,Married,GEN,Salaried,74000.0,8000.0,66000.0,49000.0
RET-08248,34,M,Married,OBC,Self-Employed Non-Professional,47000.0,4000.0,43000.0,56000.0
RET-08249,65,M,Unmarried,SC,Self-Employed Non-Professional,80000.0,4000.0,76000.0,63000.0
RET-08250,44,F,Married,GEN,Self-Employed Professional,39000.0,2000.0,37000.0,76000.0
RET-08251,33,M,Married,ST,Salaried,45000.0,9000.0,36000.0,81000.0
RET-08252,27,M,Unmarried,OBC,Salaried,290000.0,31000.0,259000.0,632000.0
RET-08253,21,F,Married,GEN,Self-Employed Non-Professional,121000.0,16000.0,105000.0,281000.0
RET-08254,27,M,Unmarried,OBC,Salaried,91000.0,21000.0,70000.0,36000.0
RET-08255,39,M,Married,OBC,Self-Employed Non-Professional,100000.0,14000.0,86000.0,81000.0
RET-08256,52,M,Unmarried,GEN,Salaried,88000.0,10000.0,78000.0,198000.0
RET-08257,49,F,Unmarried,GEN,Self-Employed Non-Professional,69000.0,10000.0,59000.0,34000.0
RET-08258,40,F,Unmarried,SC,Salaried,115000.0,19000.0,96000.0,208000.0
RET-08259,34,M,Unmarried,OBC,Salaried,45000.0,8000.0,37000.0,35000.0
RET-08260,40,M,Married,GEN,Self-Employed Professional,190000.0,10000.0,180000.0,318000.0
RET-08261,32,M,Unmarried,Minority,Self-Employed Non-Professional,79000.0,5000.0,74000.0,215000.0
RET-08262,55,M,Unmarried,GEN,Self-Employed Professional,118000.0,7000.0,111000.0,236000.0
RET-08263,36,M,Married,GEN,Salaried,188000.0,38000.0,150000.0,213000.0
RET-08264,37,M,Married,GEN,Self-Employed Non-Professional,98000.0,6000.0,92000.0,204000.0
RET-08265,21,M,Unmarried,ST,Salaried,45000.0,8000.0,37000.0,19000.0
RET-08266,36,F,Married,OBC,Salaried,152000.0,16000.0,136000.0,391000.0
RET-08267,46,M,Married,OBC,Salaried,202000.0,25000.0,177000.0,241000.0
RET-08268,27,M,Married,Minority,Self-Employed Professional,25000.0,2000.0,23000.0,68000.0
RET-08269,30,M,Married,SC,Salaried,69000.0,16000.0,53000.0,116000.0
RET-08270,45,M,Unmarried,GEN,Self-Employed Non-Professional,87000.0,7000.0,80000.0,97000.0
RET-08271,23,M,Married,SC,Salaried,62000.0,14000.0,48000.0,98000.0
RET-08272,48,M,Married,OBC,Salaried,35000.0,4000.0,31000.0,45000.0
RET-08273,32,F,Unmarried,GEN,Salaried,43000.0,10000.0,33000.0,70000.0
RET-08274,34,F,Married,GEN,Salaried,25000.0,3000.0,22000.0,54000.0
RET-08275,26,F,Unmarried,OBC,Salaried,130000.0,24000.0,106000.0,178000.0
RET-08276,41,M,Unmarried,GEN,Salaried,167000.0,35000.0,132000.0,139000.0
RET-08277,62,F,Unmarried,GEN,Salaried,165000.0,18000.0,147000.0,434000.0
RET-08278,45,M,Unmarried,OBC,Salaried,72000.0,14000.0,58000.0,89000.0
RET-08279,29,F,Married,ST,Salaried,86000.0,12000.0,74000.0,70000.0
RET-08280,49,M,Married,GEN,Salaried,139000.0,24000.0,115000.0,270000.0
RET-08281,34,M,Married,GEN,Salaried,64000.0,10000.0,54000.0,115000.0
RET-08282,51,M,Married,OBC,Salaried,41000.0,8000.0,33000.0,84000.0
RET-08283,46,F,Married,OBC,Self-Employed Non-Professional,52000.0,6000.0,46000.0,23000.0
RET-08284,21,F,Married,Minority,Salaried,81000.0,12000.0,69000.0,94000.0
RET-08285,27,F,Married,OBC,Salaried,48000.0,11000.0,37000.0,48000.0
RET-08286,47,M,Married,OBC,Salaried,97000.0,24000.0,73000.0,205000.0
RET-08287,39,M,Married,Minority,Salaried,32000.0,7000.0,25000.0,34000.0
RET-08288,27,F,Married,GEN,Salaried,63000.0,12000.0,51000.0,93000.0
RET-08289,31,M,Married,GEN,Salaried,93000.0,22000.0,71000.0,36000.0
RET-08290,21,F,Married,OBC,Salaried,79000.0,15000.0,64000.0,161000.0
RET-08291,37,M,Unmarried,GEN,Self-Employed Professional,47000.0,5000.0,42000.0,33000.0
RET-08292,60,M,Unmarried,GEN,Self-Employed Non-Professional,114000.0,16000.0,98000.0,265000.0
RET-08293,46,F,Unmarried,GEN,Self-Employed Non-Professional,86000.0,6000.0,80000.0,187000.0
RET-08294,59,M,Unmarried,OBC,Salaried,25000.0,5000.0,20000.0,38000.0
RET-08295,46,F,Unmarried,ST,Self-Employed Professional,96000.0,7000.0,89000.0,211000.0
RET-08296,48,M,Married,GEN,Salaried,57000.0,13000.0,44000.0,109000.0
RET-08297,57,F,Married,OBC,Self-Employed Professional,53000.0,8000.0,45000.0,107000.0
RET-08298,41,M,Unmarried,GEN,Salaried,44000.0,6000.0,38000.0,82000.0
RET-08299,36,F,Married,OBC,Salaried,40000.0,8000.0,32000.0,86000.0
RET-08300,48,M,Married,OBC,Salaried,83000.0,14000.0,69000.0,107000.0
RET-08301,52,M,Married,Minority,Self-Employed Professional,101000.0,11000.0,90000.0,172000.0
RET-08302,33,M,Married,GEN,Self-Employed Professional,80000.0,5000.0,75000.0,219000.0
RET-08303,30,F,Unmarried,GEN,Salaried,129000.0,16000.0,113000.0,162000.0
RET-08304,39,M,Married,GEN,Self-Employed Professional,104000.0,8000.0,96000.0,228000.0
RET-08305,46,M,Married,OBC,Self-Employed Non-Professional,25000.0,2000.0,23000.0,34000.0
RET-08306,45,F,Married,ST,Salaried,42000.0,6000.0,36000.0,60000.0
RET-08307,23,M,Unmarried,Minority,Salaried,149000.0,24000.0,125000.0,167000.0
RET-08308,57,M,Unmarried,GEN,Self-Employed Professional,34000.0,5000.0,29000.0,26000.0
RET-08309,31,M,Married,SC,Salaried,25000.0,3000.0,22000.0,64000.0
RET-08310,35,F,Unmarried,GEN,Self-Employed Professional,219000.0,16000.0,203000.0,329000.0
RET-08311,28,M,Married,GEN,Salaried,87000.0,11000.0,76000.0,91000.0
RET-08312,64,M,Unmarried,ST,Self-Employed Non-Professional,49000.0,3000.0,46000.0,97000.0
RET-08313,40,F,Unmarried,GEN,Self-Employed Non-Professional,44000.0,6000.0,38000.0,30000.0
RET-08314,29,F,Unmarried,GEN,Salaried,107000.0,13000.0,94000.0,175000.0
RET-08315,46,M,Married,GEN,Salaried,97000.0,23000.0,74000.0,143000.0
RET-08316,45,F,Married,GEN,Salaried,89000.0,16000.0,73000.0,72000.0
RET-08317,36,F,Married,GEN,Salaried,65000.0,7000.0,58000.0,168000.0
RET-08318,46,M,Married,SC,Salaried,34000.0,7000.0,27000.0,54000.0
RET-08319,29,F,Married,GEN,Self-Employed Professional,72000.0,5000.0,67000.0,71000.0
RET-08320,33,M,Married,GEN,Self-Employed Non-Professional,139000.0,9000.0,130000.0,336000.0
RET-08321,21,M,Married,GEN,Self-Employed Non-Professional,53000.0,3000.0,50000.0,63000.0
RET-08322,24,M,Unmarried,OBC,Salaried,105000.0,12000.0,93000.0,216000.0
RET-08323,56,M,Married,SC,Self-Employed Professional,57000.0,6000.0,51000.0,106000.0
RET-08324,54,M,Unmarried,Minority,Salaried,118000.0,16000.0,102000.0,92000.0
RET-08325,38,F,Unmarried,Minority,Salaried,41000.0,8000.0,33000.0,24000.0
RET-08326,54,M,Unmarried,GEN,Salaried,74000.0,17000.0,57000.0,115000.0
RET-08327,36,M,Unmarried,Minority,Self-Employed Non-Professional,96000.0,5000.0,91000.0,198000.0
RET-08328,35,M,Unmarried,GEN,Salaried,49000.0,10000.0,39000.0,32000.0
RET-08329,38,F,Unmarried,GEN,Self-Employed Non-Professional,91000.0,12000.0,79000.0,74000.0
RET-08330,36,M,Married,SC,Self-Employed Professional,72000.0,8000.0,64000.0,40000.0
RET-08331,35,M,Married,GEN,Salaried,71000.0,15000.0,56000.0,47000.0
RET-08332,49,M,Unmarried,GEN,Salaried,49000.0,8000.0,41000.0,81000.0
RET-08333,39,F,Married,Minority,Salaried,133000.0,22000.0,111000.0,111000.0
RET-08334,45,M,Married,SC,Self-Employed Professional,41000.0,2000.0,39000.0,48000.0
RET-08335,48,F,Unmarried,GEN,Salaried,86000.0,18000.0,68000.0,128000.0
RET-08336,41,M,Married,SC,Salaried,44000.0,5000.0,39000.0,60000.0
RET-08337,28,M,Unmarried,SC,Salaried,70000.0,16000.0,54000.0,141000.0
RET-08338,24,M,Married,Minority,Self-Employed Non-Professional,108000.0,5000.0,103000.0,199000.0
RET-08339,39,F,Married,OBC,Salaried,61000.0,8000.0,53000.0,44000.0
RET-08340,36,M,Married,OBC,Salaried,25000.0,4000.0,21000.0,31000.0
RET-08341,38,M,Unmarried,SC,Self-Employed Professional,33000.0,3000.0,30000.0,34000.0
RET-08342,37,M,Married,OBC,Salaried,25000.0,4000.0,21000.0,24000.0
RET-08343,63,M,Unmarried,OBC,Self-Employed Non-Professional,76000.0,4000.0,72000.0,82000.0
RET-08344,24,M,Married,OBC,Self-Employed Professional,73000.0,9000.0,64000.0,99000.0
RET-08345,21,F,Married,GEN,Salaried,59000.0,9000.0,50000.0,42000.0
RET-08346,41,M,Married,Minority,Self-Employed Non-Professional,50000.0,4000.0,46000.0,52000.0
RET-08347,34,M,Married,GEN,Self-Employed Non-Professional,84000.0,5000.0,79000.0,178000.0
RET-08348,41,M,Married,GEN,Self-Employed Professional,31000.0,4000.0,27000.0,69000.0
RET-08349,43,M,Married,SC,Salaried,130000.0,19000.0,111000.0,59000.0
RET-08350,50,M,Married,GEN,Self-Employed Non-Professional,77000.0,8000.0,69000.0,49000.0
RET-08351,22,M,Married,OBC,Salaried,41000.0,7000.0,34000.0,90000.0
RET-08352,32,F,Unmarried,GEN,Salaried,57000.0,6000.0,51000.0,53000.0
RET-08353,42,M,Married,OBC,Salaried,68000.0,8000.0,60000.0,77000.0
RET-08354,45,F,Married,Minority,Salaried,32000.0,7000.0,25000.0,34000.0
RET-08355,59,M,Married,OBC,Self-Employed Non-Professional,109000.0,11000.0,98000.0,261000.0
RET-08356,47,M,Unmarried,GEN,Self-Employed Professional,131000.0,10000.0,121000.0,110000.0
RET-08357,37,F,Unmarried,Minority,Self-Employed Professional,78000.0,11000.0,67000.0,170000.0
RET-08358,29,F,Unmarried,GEN,Salaried,129000.0,21000.0,108000.0,180000.0
RET-08359,32,M,Married,GEN,Self-Employed Non-Professional,359000.0,28000.0,331000.0,814000.0
RET-08360,32,M,Unmarried,GEN,Salaried,25000.0,4000.0,21000.0,47000.0
RET-08361,44,M,Unmarried,Minority,Salaried,75000.0,10000.0,65000.0,151000.0
RET-08362,40,M,Unmarried,GEN,Self-Employed Professional,33000.0,4000.0,29000.0,23000.0
RET-08363,24,M,Married,OBC,Salaried,187000.0,30000.0,157000.0,200000.0
RET-08364,33,F,Unmarried,GEN,Salaried,85000.0,16000.0,69000.0,74000.0
RET-08365,46,M,Married,GEN,Self-Employed Non-Professional,48000.0,4000.0,44000.0,36000.0
RET-08366,41,M,Married,Minority,Self-Employed Professional,63000.0,9000.0,54000.0,113000.0
RET-08367,43,M,Married,OBC,Self-Employed Non-Professional,163000.0,12000.0,151000.0,338000.0
RET-08368,41,M,Married,SC,Salaried,96000.0,18000.0,78000.0,67000.0
RET-08369,54,M,Married,GEN,Salaried,104000.0,19000.0,85000.0,206000.0
RET-08370,40,M,Married,SC,Salaried,179000.0,36000.0,143000.0,174000.0
RET-08371,34,F,Unmarried,SC,Self-Employed Non-Professional,130000.0,12000.0,118000.0,170000.0
RET-08372,28,M,Married,GEN,Salaried,144000.0,28000.0,116000.0,346000.0
RET-08373,40,F,Unmarried,OBC,Self-Employed Professional,68000.0,4000.0,64000.0,63000.0
RET-08374,21,M,Married,Minority,Salaried,25000.0,3000.0,22000.0,17000.0
RET-08375,36,F,Unmarried,SC,Self-Employed Professional,78000.0,10000.0,68000.0,80000.0
RET-08376,35,F,Unmarried,GEN,Salaried,49000.0,8000.0,41000.0,116000.0
RET-08377,24,F,Married,OBC,Salaried,117000.0,19000.0,98000.0,78000.0
RET-08378,28,F,Unmarried,SC,Self-Employed Professional,25000.0,2000.0,23000.0,47000.0
RET-08379,46,M,Married,GEN,Salaried,120000.0,25000.0,95000.0,236000.0
RET-08380,40,F,Married,OBC,Salaried,82000.0,17000.0,65000.0,182000.0
RET-08381,39,F,Married,Minority,Self-Employed Professional,90000.0,13000.0,77000.0,131000.0
RET-08382,41,M,Married,Minority,Self-Employed Professional,106000.0,12000.0,94000.0,155000.0
RET-08383,38,M,Married,SC,Salaried,72000.0,12000.0,60000.0,154000.0
RET-08384,50,M,Married,GEN,Self-Employed Professional,60000.0,9000.0,51000.0,50000.0
RET-08385,39,M,Unmarried,Minority,Self-Employed Non-Professional,144000.0,15000.0,129000.0,214000.0
RET-08386,23,M,Married,OBC,Self-Employed Professional,104000.0,9000.0,95000.0,199000.0
RET-08387,54,M,Married,GEN,Self-Employed Professional,111000.0,13000.0,98000.0,221000.0
RET-08388,41,M,Unmarried,OBC,Self-Employed Non-Professional,70000.0,7000.0,63000.0,49000.0
RET-08389,32,F,Married,ST,Self-Employed Non-Professional,78000.0,11000.0,67000.0,179000.0
RET-08390,25,M,Unmarried,GEN,Salaried,73000.0,12000.0,61000.0,155000.0
RET-08391,41,F,Married,Minority,Self-Employed Non-Professional,26000.0,4000.0,22000.0,28000.0
RET-08392,36,M,Married,Minority,Salaried,32000.0,8000.0,24000.0,41000.0
RET-08393,53,M,Married,GEN,Self-Employed Non-Professional,68000.0,6000.0,62000.0,91000.0
RET-08394,34,M,Unmarried,Minority,Salaried,25000.0,3000.0,22000.0,65000.0
RET-08395,29,M,Married,Minority,Salaried,68000.0,13000.0,55000.0,108000.0
RET-08396,46,M,Married,GEN,Self-Employed Non-Professional,43000.0,5000.0,38000.0,45000.0
RET-08397,47,M,Unmarried,GEN,Salaried,70000.0,9000.0,61000.0,144000.0
RET-08398,39,M,Unmarried,GEN,Salaried,81000.0,9000.0,72000.0,184000.0
RET-08399,44,M,Married,GEN,Self-Employed Professional,25000.0,2000.0,23000.0,53000.0
RET-08400,37,M,Unmarried,SC,Self-Employed Professional,89000.0,11000.0,78000.0,55000.0
RET-08401,40,M,Married,GEN,Salaried,56000.0,8000.0,48000.0,59000.0
RET-08402,49,M,Married,Minority,Salaried,25000.0,3000.0,22000.0,31000.0
RET-08403,44,M,Married,Minority,Salaried,55000.0,9000.0,46000.0,48000.0
RET-08404,36,M,Married,GEN,Salaried,92000.0,19000.0,73000.0,124000.0
RET-08405,51,M,Married,OBC,Salaried,57000.0,6000.0,51000.0,66000.0
RET-08406,21,M,Married,OBC,Salaried,55000.0,13000.0,42000.0,25000.0
RET-08407,58,M,Married,OBC,Salaried,80000.0,16000.0,64000.0,136000.0
RET-08408,21,M,Married,GEN,Self-Employed Professional,55000.0,6000.0,49000.0,78000.0
RET-08409,31,M,Married,GEN,Self-Employed Non-Professional,62000.0,9000.0,53000.0,30000.0
RET-08410,37,M,Unmarried,GEN,Salaried,33000.0,5000.0,28000.0,79000.0
RET-08411,36,M,Unmarried,GEN,Salaried,54000.0,8000.0,46000.0,98000.0
RET-08412,48,M,Married,Minority,Self-Employed Professional,226000.0,23000.0,203000.0,139000.0
RET-08413,27,F,Unmarried,GEN,Self-Employed Non-Professional,81000.0,11000.0,70000.0,191000.0
RET-08414,40,F,Married,GEN,Salaried,86000.0,13000.0,73000.0,113000.0
RET-08415,32,M,Married,OBC,Salaried,50000.0,10000.0,40000.0,44000.0
RET-08416,40,F,Married,GEN,Self-Employed Non-Professional,58000.0,8000.0,50000.0,31000.0
RET-08417,37,M,Married,GEN,Self-Employed Professional,64000.0,9000.0,55000.0,130000.0
RET-08418,38,M,Unmarried,OBC,Self-Employed Non-Professional,124000.0,9000.0,115000.0,336000.0
RET-08419,32,F,Unmarried,OBC,Self-Employed Professional,150000.0,15000.0,135000.0,130000.0
RET-08420,32,F,Married,GEN,Salaried,56000.0,9000.0,47000.0,72000.0
RET-08421,40,M,Married,GEN,Salaried,72000.0,13000.0,59000.0,65000.0
RET-08422,47,M,Married,GEN,Self-Employed Professional,64000.0,3000.0,61000.0,118000.0
RET-08423,32,M,Married,OBC,Salaried,116000.0,21000.0,95000.0,254000.0
RET-08424,29,M,Unmarried,OBC,Salaried,97000.0,11000.0,86000.0,71000.0
RET-08425,44,M,Married,GEN,Salaried,69000.0,11000.0,58000.0,72000.0
RET-08426,37,M,Married,GEN,Self-Employed Non-Professional,134000.0,9000.0,125000.0,114000.0
RET-08427,46,F,Unmarried,SC,Self-Employed Non-Professional,100000.0,10000.0,90000.0,96000.0
RET-08428,28,M,Married,Minority,Salaried,46000.0,7000.0,39000.0,32000.0
RET-08429,21,F,Unmarried,ST,Self-Employed Professional,73000.0,8000.0,65000.0,136000.0
RET-08430,32,M,Married,GEN,Salaried,66000.0,8000.0,58000.0,35000.0
RET-08431,30,M,Married,OBC,Salaried,40000.0,4000.0,36000.0,84000.0
RET-08432,37,M,Married,OBC,Salaried,64000.0,11000.0,53000.0,45000.0
RET-08433,31,M,Married,ST,Self-Employed Professional,145000.0,14000.0,131000.0,153000.0
RET-08434,45,M,Unmarried,SC,Salaried,141000.0,28000.0,113000.0,154000.0
RET-08435,35,M,Married,GEN,Salaried,126000.0,19000.0,107000.0,155000.0
RET-08436,39,M,Unmarried,GEN,Salaried,117000.0,12000.0,105000.0,98000.0
RET-08437,39,M,Married,GEN,Salaried,83000.0,17000.0,66000.0,114000.0
RET-08438,39,M,Unmarried,GEN,Self-Employed Non-Professional,51000.0,3000.0,48000.0,131000.0
RET-08439,37,M,Unmarried,Minority,Salaried,103000.0,16000.0,87000.0,143000.0
RET-08440,43,M,Married,GEN,Salaried,27000.0,5000.0,22000.0,13000.0
RET-08441,30,M,Married,GEN,Salaried,49000.0,9000.0,40000.0,56000.0
RET-08442,51,M,Unmarried,ST,Salaried,142000.0,26000.0,116000.0,175000.0
RET-08443,35,F,Married,GEN,Salaried,54000.0,12000.0,42000.0,51000.0
RET-08444,24,M,Unmarried,GEN,Salaried,107000.0,23000.0,84000.0,104000.0
RET-08445,39,M,Married,GEN,Salaried,59000.0,13000.0,46000.0,46000.0
RET-08446,29,M,Unmarried,OBC,Salaried,102000.0,12000.0,90000.0,260000.0
RET-08447,44,M,Married,GEN,Salaried,29000.0,4000.0,25000.0,46000.0
RET-08448,60,M,Unmarried,GEN,Salaried,157000.0,31000.0,126000.0,232000.0
RET-08449,30,M,Married,GEN,Self-Employed Non-Professional,37000.0,3000.0,34000.0,53000.0
RET-08450,41,F,Unmarried,OBC,Salaried,32000.0,7000.0,25000.0,51000.0
RET-08451,21,M,Married,GEN,Self-Employed Professional,152000.0,9000.0,143000.0,223000.0
RET-08452,42,M,Married,SC,Self-Employed Professional,73000.0,6000.0,67000.0,149000.0
RET-08453,29,M,Unmarried,GEN,Salaried,61000.0,11000.0,50000.0,36000.0
RET-08454,31,M,Unmarried,GEN,Self-Employed Professional,187000.0,25000.0,162000.0,93000.0
RET-08455,26,M,Unmarried,OBC,Self-Employed Professional,113000.0,14000.0,99000.0,189000.0
RET-08456,45,F,Married,GEN,Self-Employed Professional,56000.0,3000.0,53000.0,124000.0
RET-08457,48,F,Married,GEN,Self-Employed Non-Professional,67000.0,5000.0,62000.0,135000.0
RET-08458,38,F,Married,SC,Salaried,139000.0,23000.0,116000.0,174000.0
RET-08459,29,M,Unmarried,GEN,Salaried,41000.0,10000.0,31000.0,16000.0
RET-08460,53,F,Married,OBC,Salaried,174000.0,35000.0,139000.0,111000.0
RET-08461,30,M,Married,GEN,Salaried,56000.0,12000.0,44000.0,65000.0
RET-08462,21,F,Unmarried,SC,Salaried,43000.0,5000.0,38000.0,82000.0
RET-08463,42,F,Married,Minority,Self-Employed Non-Professional,140000.0,10000.0,130000.0,166000.0
RET-08464,26,M,Unmarried,GEN,Salaried,114000.0,26000.0,88000.0,161000.0
RET-08465,47,M,Married,OBC,Salaried,25000.0,6000.0,19000.0,18000.0
RET-08466,34,M,Unmarried,GEN,Salaried,69000.0,17000.0,52000.0,48000.0
RET-08467,44,F,Unmarried,ST,Salaried,38000.0,7000.0,31000.0,73000.0
RET-08468,52,M,Unmarried,GEN,Salaried,118000.0,12000.0,106000.0,169000.0
RET-08469,25,F,Married,OBC,Self-Employed Non-Professional,205000.0,21000.0,184000.0,529000.0
RET-08470,32,M,Unmarried,OBC,Self-Employed Non-Professional,101000.0,12000.0,89000.0,92000.0
RET-08471,37,M,Married,GEN,Salaried,46000.0,11000.0,35000.0,57000.0
RET-08472,53,M,Unmarried,GEN,Salaried,125000.0,27000.0,98000.0,95000.0
RET-08473,31,F,Married,GEN,Self-Employed Professional,71000.0,7000.0,64000.0,73000.0
RET-08474,32,M,Married,SC,Self-Employed Non-Professional,70000.0,9000.0,61000.0,128000.0
RET-08475,42,M,Unmarried,GEN,Self-Employed Non-Professional,55000.0,6000.0,49000.0,136000.0
RET-08476,32,M,Married,OBC,Self-Employed Professional,78000.0,7000.0,71000.0,58000.0
RET-08477,39,M,Unmarried,GEN,Salaried,70000.0,17000.0,53000.0,44000.0
RET-08478,22,M,Married,GEN,Self-Employed Professional,25000.0,3000.0,22000.0,63000.0
RET-08479,60,M,Unmarried,OBC,Salaried,74000.0,8000.0,66000.0,154000.0
RET-08480,24,F,Unmarried,ST,Self-Employed Professional,67000.0,6000.0,61000.0,78000.0
RET-08481,34,F,Married,OBC,Self-Employed Professional,90000.0,13000.0,77000.0,117000.0
RET-08482,37,M,Married,SC,Self-Employed Professional,25000.0,1000.0,24000.0,59000.0
RET-08483,57,F,Unmarried,OBC,Salaried,99000.0,21000.0,78000.0,175000.0
RET-08484,24,F,Married,OBC,Self-Employed Professional,74000.0,10000.0,64000.0,130000.0
RET-08485,57,M,Married,GEN,Self-Employed Professional,98000.0,12000.0,86000.0,229000.0
RET-08486,45,M,Married,Minority,Salaried,28000.0,3000.0,25000.0,32000.0
RET-08487,42,M,Married,OBC,Self-Employed Non-Professional,35000.0,2000.0,33000.0,34000.0
RET-08488,28,M,Married,OBC,Self-Employed Professional,25000.0,3000.0,22000.0,34000.0
RET-08489,43,M,Married,OBC,Self-Employed Professional,80000.0,12000.0,68000.0,35000.0
RET-08490,30,F,Married,GEN,Salaried,59000.0,14000.0,45000.0,80000.0
RET-08491,50,F,Married,GEN,Self-Employed Non-Professional,67000.0,6000.0,61000.0,86000.0
RET-08492,28,M,Married,GEN,Salaried,32000.0,4000.0,28000.0,23000.0
RET-08493,36,M,Married,OBC,Self-Employed Professional,35000.0,3000.0,32000.0,86000.0
RET-08494,32,M,Married,GEN,Self-Employed Non-Professional,25000.0,3000.0,22000.0,22000.0
RET-08495,28,F,Unmarried,GEN,Self-Employed Non-Professional,33000.0,2000.0,31000.0,70000.0
RET-08496,45,M,Married,Minority,Self-Employed Professional,50000.0,5000.0,45000.0,102000.0
RET-08497,43,M,Unmarried,OBC,Salaried,51000.0,10000.0,41000.0,25000.0
RET-08498,50,M,Unmarried,GEN,Self-Employed Non-Professional,70000.0,8000.0,62000.0,97000.0
RET-08499,21,M,Married,SC,Self-Employed Non-Professional,115000.0,9000.0,106000.0,179000.0
RET-08500,48,M,Married,GEN,Salaried,48000.0,9000.0,39000.0,99000.0
RET-08501,63,F,Married,OBC,Salaried,98000.0,23000.0,75000.0,155000.0
RET-08502,33,M,Unmarried,OBC,Salaried,117000.0,16000.0,101000.0,66000.0
RET-08503,56,F,Married,GEN,Salaried,146000.0,27000.0,119000.0,193000.0
RET-08504,35,M,Unmarried,GEN,Salaried,98000.0,23000.0,75000.0,94000.0
RET-08505,24,M,Unmarried,GEN,Salaried,76000.0,8000.0,68000.0,63000.0
RET-08506,34,M,Married,GEN,Self-Employed Non-Professional,38000.0,5000.0,33000.0,39000.0
RET-08507,48,F,Married,GEN,Salaried,86000.0,13000.0,73000.0,190000.0
RET-08508,29,F,Married,Minority,Self-Employed Non-Professional,58000.0,7000.0,51000.0,105000.0
RET-08509,31,M,Married,GEN,Self-Employed Non-Professional,167000.0,13000.0,154000.0,245000.0
RET-08510,43,F,Married,ST,Self-Employed Non-Professional,77000.0,10000.0,67000.0,154000.0
RET-08511,38,M,Unmarried,OBC,Salaried,66000.0,9000.0,57000.0,166000.0
RET-08512,43,M,Unmarried,OBC,Salaried,171000.0,38000.0,133000.0,375000.0
RET-08513,40,M,Married,GEN,Salaried,55000.0,7000.0,48000.0,36000.0
RET-08514,42,F,Married,GEN,Self-Employed Non-Professional,73000.0,10000.0,63000.0,84000.0
RET-08515,33,M,Married,OBC,Salaried,244000.0,51000.0,193000.0,248000.0
RET-08516,40,M,Married,ST,Salaried,86000.0,11000.0,75000.0,141000.0
RET-08517,28,M,Unmarried,GEN,Salaried,144000.0,32000.0,112000.0,81000.0
RET-08518,50,M,Married,OBC,Salaried,180000.0,31000.0,149000.0,418000.0
RET-08519,31,M,Unmarried,GEN,Self-Employed Non-Professional,53000.0,3000.0,50000.0,123000.0
RET-08520,49,M,Unmarried,GEN,Salaried,126000.0,15000.0,111000.0,90000.0
RET-08521,35,M,Married,OBC,Self-Employed Professional,60000.0,9000.0,51000.0,58000.0
RET-08522,40,F,Married,OBC,Salaried,249000.0,58000.0,191000.0,164000.0
RET-08523,33,M,Married,GEN,Self-Employed Non-Professional,174000.0,22000.0,152000.0,258000.0
RET-08524,27,M,Married,GEN,Salaried,114000.0,17000.0,97000.0,264000.0
RET-08525,21,M,Married,GEN,Self-Employed Non-Professional,137000.0,7000.0,130000.0,275000.0
RET-08526,27,M,Unmarried,Minority,Salaried,48000.0,8000.0,40000.0,81000.0
RET-08527,34,F,Married,GEN,Self-Employed Professional,205000.0,14000.0,191000.0,131000.0
RET-08528,40,M,Unmarried,GEN,Salaried,43000.0,7000.0,36000.0,100000.0
RET-08529,48,F,Unmarried,GEN,Salaried,93000.0,13000.0,80000.0,96000.0
RET-08530,33,F,Unmarried,GEN,Salaried,48000.0,6000.0,42000.0,116000.0
RET-08531,29,F,Married,SC,Salaried,123000.0,17000.0,106000.0,173000.0
RET-08532,23,M,Unmarried,GEN,Salaried,208000.0,38000.0,170000.0,310000.0
RET-08533,42,M,Unmarried,OBC,Self-Employed Professional,96000.0,9000.0,87000.0,175000.0
RET-08534,51,M,Married,GEN,Salaried,88000.0,9000.0,79000.0,96000.0
RET-08535,50,F,Unmarried,OBC,Salaried,68000.0,11000.0,57000.0,148000.0
RET-08536,45,M,Unmarried,GEN,Salaried,78000.0,12000.0,66000.0,191000.0
RET-08537,44,M,Married,ST,Salaried,60000.0,10000.0,50000.0,60000.0
RET-08538,54,M,Unmarried,GEN,Salaried,195000.0,33000.0,162000.0,81000.0
RET-08539,41,M,Married,OBC,Salaried,118000.0,25000.0,93000.0,169000.0
RET-08540,44,F,Married,SC,Salaried,59000.0,14000.0,45000.0,89000.0
RET-08541,34,M,Married,OBC,Salaried,76000.0,11000.0,65000.0,43000.0
RET-08542,24,M,Married,GEN,Salaried,421000.0,102000.0,319000.0,696000.0
RET-08543,31,M,Married,Minority,Salaried,86000.0,12000.0,74000.0,91000.0
RET-08544,37,M,Married,GEN,Self-Employed Non-Professional,175000.0,25000.0,150000.0,435000.0
RET-08545,38,F,Unmarried,Minority,Self-Employed Non-Professional,52000.0,7000.0,45000.0,110000.0
RET-08546,57,F,Married,GEN,Self-Employed Professional,97000.0,6000.0,91000.0,62000.0
RET-08547,38,M,Married,GEN,Salaried,50000.0,10000.0,40000.0,115000.0
RET-08548,49,M,Married,GEN,Self-Employed Professional,53000.0,4000.0,49000.0,52000.0
RET-08549,33,M,Married,GEN,Self-Employed Professional,118000.0,17000.0,101000.0,252000.0
RET-08550,34,F,Married,GEN,Salaried,43000.0,9000.0,34000.0,72000.0
RET-08551,24,F,Married,GEN,Salaried,36000.0,8000.0,28000.0,52000.0
RET-08552,30,F,Married,Minority,Salaried,110000.0,12000.0,98000.0,278000.0
RET-08553,43,M,Married,SC,Salaried,55000.0,7000.0,48000.0,97000.0
RET-08554,38,F,Married,GEN,Self-Employed Professional,62000.0,8000.0,54000.0,143000.0
RET-08555,47,F,Unmarried,GEN,Self-Employed Non-Professional,25000.0,2000.0,23000.0,59000.0
RET-08556,39,M,Married,OBC,Salaried,34000.0,5000.0,29000.0,63000.0
RET-08557,34,M,Unmarried,GEN,Salaried,83000.0,16000.0,67000.0,116000.0
RET-08558,59,F,Married,SC,Salaried,64000.0,11000.0,53000.0,40000.0
RET-08559,37,M,Married,OBC,Salaried,126000.0,27000.0,99000.0,88000.0
RET-08560,49,M,Married,OBC,Salaried,43000.0,9000.0,34000.0,62000.0
RET-08561,33,M,Unmarried,OBC,Salaried,66000.0,14000.0,52000.0,69000.0
RET-08562,45,M,Married,OBC,Salaried,75000.0,17000.0,58000.0,59000.0
RET-08563,47,M,Unmarried,GEN,Self-Employed Professional,65000.0,9000.0,56000.0,163000.0
RET-08564,40,M,Married,GEN,Self-Employed Professional,105000.0,13000.0,92000.0,243000.0
RET-08565,21,F,Married,GEN,Self-Employed Non-Professional,38000.0,6000.0,32000.0,50000.0
RET-08566,38,F,Unmarried,OBC,Self-Employed Professional,99000.0,9000.0,90000.0,241000.0
RET-08567,50,F,Married,GEN,Salaried,145000.0,15000.0,130000.0,84000.0
RET-08568,43,M,Married,SC,Self-Employed Professional,45000.0,6000.0,39000.0,29000.0
RET-08569,42,M,Married,GEN,Salaried,93000.0,10000.0,83000.0,238000.0
RET-08570,21,M,Married,GEN,Salaried,91000.0,23000.0,68000.0,151000.0
RET-08571,30,M,Married,GEN,Salaried,104000.0,20000.0,84000.0,203000.0
RET-08572,42,M,Married,OBC,Salaried,73000.0,9000.0,64000.0,165000.0
RET-08573,42,F,Married,SC,Salaried,171000.0,29000.0,142000.0,90000.0
RET-08574,50,M,Married,SC,Salaried,259000.0,58000.0,201000.0,461000.0
RET-08575,36,M,Married,Minority,Salaried,106000.0,13000.0,93000.0,129000.0
RET-08576,42,M,Unmarried,Minority,Salaried,88000.0,16000.0,72000.0,183000.0
RET-08577,38,M,Married,SC,Self-Employed Professional,74000.0,8000.0,66000.0,97000.0
RET-08578,28,F,Unmarried,GEN,Salaried,33000.0,7000.0,26000.0,63000.0
RET-08579,21,F,Unmarried,GEN,Salaried,31000.0,4000.0,27000.0,74000.0
RET-08580,42,M,Married,GEN,Self-Employed Professional,37000.0,4000.0,33000.0,44000.0
RET-08581,39,M,Married,Minority,Salaried,86000.0,15000.0,71000.0,119000.0
RET-08582,31,M,Married,GEN,Self-Employed Non-Professional,65000.0,5000.0,60000.0,111000.0
RET-08583,21,F,Married,GEN,Self-Employed Non-Professional,183000.0,20000.0,163000.0,362000.0
RET-08584,44,M,Married,Minority,Self-Employed Non-Professional,25000.0,1000.0,24000.0,63000.0
RET-08585,35,M,Unmarried,GEN,Salaried,75000.0,10000.0,65000.0,67000.0
RET-08586,43,M,Married,OBC,Salaried,95000.0,20000.0,75000.0,215000.0
RET-08587,56,M,Married,SC,Self-Employed Professional,125000.0,15000.0,110000.0,271000.0
RET-08588,21,M,Married,SC,Salaried,80000.0,19000.0,61000.0,52000.0
RET-08589,31,M,Unmarried,SC,Salaried,91000.0,15000.0,76000.0,102000.0
RET-08590,35,M,Married,SC,Salaried,81000.0,12000.0,69000.0,78000.0
RET-08591,52,M,Married,OBC,Self-Employed Professional,95000.0,9000.0,86000.0,77000.0
RET-08592,21,F,Married,GEN,Salaried,72000.0,8000.0,64000.0,135000.0
RET-08593,57,M,Married,OBC,Self-Employed Professional,260000.0,36000.0,224000.0,149000.0
RET-08594,39,M,Unmarried,SC,Salaried,103000.0,13000.0,90000.0,180000.0
RET-08595,37,F,Unmarried,GEN,Self-Employed Professional,82000.0,7000.0,75000.0,193000.0
RET-08596,36,F,Unmarried,GEN,Salaried,47000.0,11000.0,36000.0,51000.0
RET-08597,33,M,Married,GEN,Salaried,60000.0,11000.0,49000.0,84000.0
RET-08598,48,M,Unmarried,OBC,Salaried,181000.0,32000.0,149000.0,128000.0
RET-08599,27,M,Married,GEN,Salaried,25000.0,3000.0,22000.0,51000.0
RET-08600,41,F,Married,SC,Salaried,76000.0,11000.0,65000.0,180000.0
RET-08601,34,F,Married,GEN,Salaried,72000.0,7000.0,65000.0,152000.0
RET-08602,30,M,Married,GEN,Self-Employed Non-Professional,99000.0,13000.0,86000.0,69000.0
RET-08603,63,M,Married,GEN,Self-Employed Professional,86000.0,7000.0,79000.0,108000.0
RET-08604,42,M,Married,OBC,Self-Employed Non-Professional,182000.0,14000.0,168000.0,157000.0
RET-08605,44,M,Married,GEN,Self-Employed Non-Professional,78000.0,6000.0,72000.0,142000.0
RET-08606,49,M,Married,GEN,Salaried,70000.0,16000.0,54000.0,125000.0
RET-08607,23,M,Unmarried,Minority,Salaried,129000.0,16000.0,113000.0,332000.0
RET-08608,55,M,Unmarried,SC,Self-Employed Non-Professional,183000.0,19000.0,164000.0,288000.0
RET-08609,21,M,Married,ST,Self-Employed Professional,110000.0,8000.0,102000.0,214000.0
RET-08610,30,M,Unmarried,OBC,Self-Employed Non-Professional,134000.0,12000.0,122000.0,94000.0
RET-08611,33,M,Unmarried,ST,Self-Employed Professional,64000.0,9000.0,55000.0,49000.0
RET-08612,43,M,Unmarried,SC,Self-Employed Professional,79000.0,9000.0,70000.0,76000.0
RET-08613,40,M,Married,Minority,Self-Employed Non-Professional,178000.0,19000.0,159000.0,101000.0
RET-08614,36,F,Unmarried,GEN,Self-Employed Professional,100000.0,12000.0,88000.0,134000.0
RET-08615,37,M,Married,GEN,Salaried,63000.0,13000.0,50000.0,144000.0
RET-08616,28,F,Married,GEN,Salaried,75000.0,10000.0,65000.0,139000.0
RET-08617,23,M,Unmarried,Minority,Self-Employed Non-Professional,136000.0,9000.0,127000.0,202000.0
RET-08618,45,F,Unmarried,OBC,Self-Employed Professional,144000.0,21000.0,123000.0,213000.0
RET-08619,44,F,Married,GEN,Salaried,44000.0,10000.0,34000.0,29000.0
RET-08620,53,M,Unmarried,OBC,Salaried,91000.0,12000.0,79000.0,59000.0
RET-08621,30,M,Married,SC,Self-Employed Professional,73000.0,11000.0,62000.0,71000.0
RET-08622,44,M,Married,Minority,Salaried,70000.0,15000.0,55000.0,70000.0
RET-08623,35,F,Married,OBC,Salaried,162000.0,20000.0,142000.0,115000.0
RET-08624,49,M,Unmarried,SC,Salaried,63000.0,8000.0,55000.0,123000.0
RET-08625,48,M,Unmarried,GEN,Self-Employed Non-Professional,52000.0,4000.0,48000.0,135000.0
RET-08626,40,M,Unmarried,GEN,Salaried,45000.0,6000.0,39000.0,37000.0
RET-08627,34,F,Married,ST,Salaried,66000.0,13000.0,53000.0,138000.0
RET-08628,47,M,Married,SC,Self-Employed Non-Professional,47000.0,4000.0,43000.0,54000.0
RET-08629,44,M,Married,OBC,Salaried,44000.0,8000.0,36000.0,73000.0
RET-08630,31,M,Married,GEN,Salaried,43000.0,5000.0,38000.0,27000.0
RET-08631,24,M,Married,GEN,Self-Employed Non-Professional,44000.0,6000.0,38000.0,42000.0
RET-08632,35,M,Married,GEN,Self-Employed Professional,46000.0,4000.0,42000.0,38000.0
RET-08633,53,M,Married,OBC,Salaried,93000.0,21000.0,72000.0,65000.0
RET-08634,49,F,Unmarried,OBC,Self-Employed Non-Professional,25000.0,4000.0,21000.0,60000.0
RET-08635,26,F,Married,Minority,Self-Employed Professional,48000.0,4000.0,44000.0,62000.0
RET-08636,26,F,Unmarried,OBC,Self-Employed Non-Professional,69000.0,9000.0,60000.0,59000.0
RET-08637,50,M,Married,GEN,Salaried,146000.0,24000.0,122000.0,113000.0
RET-08638,26,F,Married,GEN,Salaried,63000.0,12000.0,51000.0,111000.0
RET-08639,43,M,Married,SC,Self-Employed Professional,67000.0,5000.0,62000.0,142000.0
RET-08640,31,M,Married,GEN,Salaried,69000.0,16000.0,53000.0,156000.0
RET-08641,54,F,Married,OBC,Salaried,25000.0,4000.0,21000.0,43000.0
RET-08642,30,F,Married,OBC,Salaried,109000.0,14000.0,95000.0,156000.0
RET-08643,49,M,Unmarried,GEN,Salaried,106000.0,15000.0,91000.0,96000.0
RET-08644,39,F,Unmarried,GEN,Salaried,119000.0,20000.0,99000.0,59000.0
RET-08645,40,F,Married,GEN,Salaried,329000.0,72000.0,257000.0,694000.0
RET-08646,21,M,Married,GEN,Self-Employed Professional,34000.0,4000.0,30000.0,74000.0
RET-08647,21,M,Unmarried,OBC,Salaried,30000.0,4000.0,26000.0,65000.0
RET-08648,35,F,Unmarried,OBC,Salaried,112000.0,11000.0,101000.0,132000.0
RET-08649,40,M,Married,Minority,Self-Employed Professional,60000.0,7000.0,53000.0,74000.0
RET-08650,26,M,Unmarried,ST,Salaried,40000.0,5000.0,35000.0,86000.0
RET-08651,27,F,Married,GEN,Self-Employed Professional,62000.0,5000.0,57000.0,126000.0
RET-08652,43,M,Married,OBC,Salaried,50000.0,9000.0,41000.0,87000.0
RET-08653,43,M,Married,OBC,Salaried,206000.0,33000.0,173000.0,326000.0
RET-08654,36,M,Married,GEN,Salaried,284000.0,35000.0,249000.0,354000.0
RET-08655,45,M,Married,Minority,Self-Employed Non-Professional,27000.0,3000.0,24000.0,56000.0
RET-08656,26,F,Married,OBC,Salaried,30000.0,7000.0,23000.0,32000.0
RET-08657,34,M,Unmarried,Minority,Self-Employed Professional,46000.0,6000.0,40000.0,93000.0
RET-08658,54,M,Married,Minority,Salaried,48000.0,8000.0,40000.0,39000.0
RET-08659,38,F,Married,OBC,Salaried,46000.0,10000.0,36000.0,71000.0
RET-08660,39,F,Married,GEN,Salaried,65000.0,11000.0,54000.0,75000.0
RET-08661,61,M,Married,OBC,Self-Employed Non-Professional,56000.0,5000.0,51000.0,131000.0
RET-08662,24,F,Married,OBC,Salaried,32000.0,3000.0,29000.0,52000.0
RET-08663,45,M,Unmarried,SC,Salaried,39000.0,9000.0,30000.0,62000.0
RET-08664,54,M,Unmarried,GEN,Self-Employed Professional,185000.0,24000.0,161000.0,114000.0
RET-08665,34,M,Married,GEN,Salaried,59000.0,7000.0,52000.0,90000.0
RET-08666,46,M,Married,Minority,Salaried,57000.0,6000.0,51000.0,125000.0
RET-08667,28,M,Unmarried,Minority,Salaried,29000.0,7000.0,22000.0,58000.0
RET-08668,31,M,Married,GEN,Self-Employed Non-Professional,55000.0,6000.0,49000.0,113000.0
RET-08669,41,M,Married,ST,Salaried,130000.0,32000.0,98000.0,152000.0
RET-08670,45,M,Married,GEN,Self-Employed Non-Professional,105000.0,7000.0,98000.0,112000.0
RET-08671,49,M,Unmarried,SC,Salaried,119000.0,24000.0,95000.0,140000.0
RET-08672,53,M,Married,GEN,Salaried,36000.0,8000.0,28000.0,53000.0
RET-08673,37,M,Unmarried,Minority,Self-Employed Non-Professional,35000.0,2000.0,33000.0,17000.0
RET-08674,49,M,Married,OBC,Salaried,144000.0,32000.0,112000.0,311000.0
RET-08675,34,M,Married,GEN,Salaried,120000.0,29000.0,91000.0,124000.0
RET-08676,47,M,Unmarried,GEN,Salaried,63000.0,10000.0,53000.0,132000.0
RET-08677,40,M,Married,GEN,Salaried,122000.0,27000.0,95000.0,174000.0
RET-08678,42,M,Married,OBC,Self-Employed Professional,36000.0,2000.0,34000.0,73000.0
RET-08679,42,F,Married,ST,Self-Employed Professional,35000.0,2000.0,33000.0,79000.0
RET-08680,21,F,Married,SC,Salaried,28000.0,4000.0,24000.0,29000.0
RET-08681,26,F,Married,SC,Self-Employed Non-Professional,91000.0,13000.0,78000.0,157000.0
RET-08682,39,M,Unmarried,SC,Salaried,83000.0,12000.0,71000.0,169000.0
RET-08683,21,M,Unmarried,Minority,Salaried,53000.0,9000.0,44000.0,107000.0
RET-08684,46,M,Unmarried,SC,Salaried,46000.0,11000.0,35000.0,54000.0
RET-08685,46,F,Unmarried,GEN,Self-Employed Non-Professional,311000.0,35000.0,276000.0,641000.0
RET-08686,41,M,Unmarried,SC,Salaried,63000.0,13000.0,50000.0,63000.0
RET-08687,26,M,Unmarried,GEN,Salaried,168000.0,25000.0,143000.0,116000.0
RET-08688,51,M,Unmarried,Minority,Self-Employed Non-Professional,67000.0,9000.0,58000.0,45000.0
RET-08689,58,F,Married,GEN,Self-Employed Professional,54000.0,4000.0,50000.0,88000.0
RET-08690,39,M,Married,GEN,Self-Employed Professional,171000.0,15000.0,156000.0,227000.0
RET-08691,43,M,Unmarried,GEN,Salaried,117000.0,23000.0,94000.0,102000.0
RET-08692,40,F,Married,OBC,Self-Employed Professional,72000.0,8000.0,64000.0,95000.0
RET-08693,43,M,Unmarried,GEN,Salaried,144000.0,26000.0,118000.0,180000.0
RET-08694,36,M,Married,Minority,Self-Employed Non-Professional,332000.0,26000.0,306000.0,576000.0
RET-08695,37,M,Married,GEN,Salaried,47000.0,5000.0,42000.0,27000.0
RET-08696,47,M,Unmarried,GEN,Salaried,97000.0,23000.0,74000.0,205000.0
RET-08697,61,M,Married,GEN,Salaried,57000.0,10000.0,47000.0,67000.0
RET-08698,23,M,Unmarried,GEN,Salaried,42000.0,10000.0,32000.0,65000.0
RET-08699,36,M,Unmarried,GEN,Salaried,41000.0,9000.0,32000.0,41000.0
RET-08700,26,F,Unmarried,GEN,Self-Employed Non-Professional,190000.0,12000.0,178000.0,428000.0
RET-08701,53,M,Married,GEN,Self-Employed Non-Professional,25000.0,1000.0,24000.0,40000.0
RET-08702,32,M,Married,GEN,Self-Employed Professional,99000.0,5000.0,94000.0,123000.0
RET-08703,23,M,Married,GEN,Salaried,45000.0,5000.0,40000.0,116000.0
RET-08704,44,F,Unmarried,SC,Salaried,212000.0,51000.0,161000.0,429000.0
RET-08705,55,M,Married,GEN,Self-Employed Non-Professional,62000.0,6000.0,56000.0,53000.0
RET-08706,44,M,Married,GEN,Salaried,59000.0,7000.0,52000.0,117000.0
RET-08707,40,M,Married,GEN,Salaried,188000.0,22000.0,166000.0,396000.0
RET-08708,42,M,Married,OBC,Salaried,124000.0,23000.0,101000.0,59000.0
RET-08709,52,M,Unmarried,GEN,Self-Employed Non-Professional,102000.0,8000.0,94000.0,273000.0
RET-08710,29,F,Married,OBC,Salaried,119000.0,15000.0,104000.0,113000.0
RET-08711,36,M,Married,Minority,Salaried,38000.0,9000.0,29000.0,80000.0
RET-08712,33,F,Unmarried,GEN,Self-Employed Professional,114000.0,14000.0,100000.0,214000.0
RET-08713,26,M,Unmarried,GEN,Salaried,65000.0,12000.0,53000.0,94000.0
RET-08714,34,F,Unmarried,GEN,Self-Employed Professional,91000.0,5000.0,86000.0,212000.0
RET-08715,49,M,Unmarried,GEN,Salaried,98000.0,13000.0,85000.0,186000.0
RET-08716,43,M,Married,GEN,Salaried,38000.0,6000.0,32000.0,75000.0
RET-08717,44,M,Married,GEN,Salaried,104000.0,22000.0,82000.0,217000.0
RET-08718,39,M,Unmarried,Minority,Salaried,65000.0,7000.0,58000.0,97000.0
RET-08719,43,F,Unmarried,GEN,Self-Employed Non-Professional,35000.0,4000.0,31000.0,48000.0
RET-08720,29,M,Married,GEN,Self-Employed Non-Professional,67000.0,8000.0,59000.0,162000.0
RET-08721,34,M,Unmarried,SC,Self-Employed Professional,74000.0,7000.0,67000.0,167000.0
RET-08722,39,M,Unmarried,GEN,Self-Employed Professional,104000.0,8000.0,96000.0,53000.0
RET-08723,40,F,Married,GEN,Salaried,25000.0,4000.0,21000.0,45000.0
RET-08724,41,M,Married,OBC,Salaried,92000.0,11000.0,81000.0,224000.0
RET-08725,36,F,Unmarried,GEN,Self-Employed Professional,54000.0,3000.0,51000.0,113000.0
RET-08726,34,F,Unmarried,SC,Salaried,119000.0,28000.0,91000.0,171000.0
RET-08727,65,F,Unmarried,GEN,Salaried,73000.0,11000.0,62000.0,58000.0
RET-08728,47,M,Unmarried,OBC,Self-Employed Professional,60000.0,5000.0,55000.0,158000.0
RET-08729,42,M,Married,OBC,Self-Employed Professional,66000.0,5000.0,61000.0,126000.0
RET-08730,35,M,Married,GEN,Salaried,89000.0,19000.0,70000.0,53000.0
RET-08731,33,F,Married,GEN,Self-Employed Professional,126000.0,10000.0,116000.0,327000.0
RET-08732,36,F,Unmarried,GEN,Self-Employed Non-Professional,43000.0,6000.0,37000.0,66000.0
RET-08733,40,M,Married,ST,Salaried,60000.0,9000.0,51000.0,46000.0
RET-08734,21,F,Married,OBC,Self-Employed Professional,177000.0,12000.0,165000.0,176000.0
RET-08735,22,M,Unmarried,GEN,Salaried,59000.0,11000.0,48000.0,140000.0
RET-08736,31,M,Married,OBC,Self-Employed Non-Professional,91000.0,13000.0,78000.0,124000.0
RET-08737,40,M,Unmarried,OBC,Salaried,35000.0,6000.0,29000.0,45000.0
RET-08738,35,F,Married,Minority,Self-Employed Non-Professional,26000.0,2000.0,24000.0,41000.0
RET-08739,52,F,Married,GEN,Self-Employed Non-Professional,39000.0,3000.0,36000.0,81000.0
RET-08740,23,F,Married,ST,Self-Employed Professional,48000.0,3000.0,45000.0,64000.0
RET-08741,30,F,Unmarried,GEN,Self-Employed Non-Professional,136000.0,9000.0,127000.0,197000.0
RET-08742,53,M,Married,ST,Salaried,146000.0,31000.0,115000.0,272000.0
RET-08743,39,F,Unmarried,GEN,Self-Employed Non-Professional,25000.0,3000.0,22000.0,36000.0
RET-08744,46,M,Married,GEN,Self-Employed Professional,53000.0,5000.0,48000.0,110000.0
RET-08745,58,F,Married,SC,Salaried,111000.0,26000.0,85000.0,247000.0
RET-08746,31,F,Married,SC,Salaried,69000.0,10000.0,59000.0,171000.0
RET-08747,37,M,Unmarried,GEN,Salaried,180000.0,22000.0,158000.0,256000.0
RET-08748,35,M,Married,OBC,Self-Employed Non-Professional,110000.0,12000.0,98000.0,106000.0
RET-08749,21,M,Married,GEN,Self-Employed Non-Professional,62000.0,8000.0,54000.0,61000.0
RET-08750,34,F,Unmarried,GEN,Self-Employed Non-Professional,66000.0,6000.0,60000.0,153000.0
RET-08751,46,M,Married,GEN,Salaried,71000.0,16000.0,55000.0,38000.0
RET-08752,43,M,Married,GEN,Salaried,44000.0,11000.0,33000.0,20000.0
RET-08753,44,F,Married,OBC,Self-Employed Professional,128000.0,16000.0,112000.0,247000.0
RET-08754,34,M,Unmarried,GEN,Self-Employed Professional,114000.0,9000.0,105000.0,291000.0
RET-08755,31,M,Married,GEN,Salaried,96000.0,18000.0,78000.0,84000.0
RET-08756,50,M,Unmarried,Minority,Self-Employed Professional,85000.0,5000.0,80000.0,51000.0
RET-08757,33,M,Married,GEN,Salaried,40000.0,5000.0,35000.0,96000.0
RET-08758,40,F,Married,OBC,Salaried,99000.0,16000.0,83000.0,115000.0
RET-08759,39,M,Unmarried,ST,Self-Employed Professional,79000.0,11000.0,68000.0,127000.0
RET-08760,52,M,Married,GEN,Self-Employed Professional,243000.0,21000.0,222000.0,575000.0
RET-08761,47,M,Unmarried,GEN,Salaried,34000.0,5000.0,29000.0,33000.0
RET-08762,25,M,Married,OBC,Self-Employed Non-Professional,47000.0,6000.0,41000.0,82000.0
RET-08763,26,F,Married,OBC,Salaried,28000.0,6000.0,22000.0,66000.0
RET-08764,43,F,Married,OBC,Self-Employed Professional,64000.0,6000.0,58000.0,136000.0
RET-08765,37,M,Married,OBC,Salaried,26000.0,6000.0,20000.0,30000.0
RET-08766,33,M,Married,Minority,Self-Employed Professional,149000.0,17000.0,132000.0,319000.0
RET-08767,48,M,Married,GEN,Self-Employed Non-Professional,141000.0,9000.0,132000.0,73000.0
RET-08768,39,M,Married,SC,Salaried,66000.0,14000.0,52000.0,54000.0
RET-08769,38,M,Married,GEN,Self-Employed Non-Professional,40000.0,4000.0,36000.0,85000.0
RET-08770,45,F,Married,GEN,Salaried,29000.0,3000.0,26000.0,30000.0
RET-08771,34,M,Married,GEN,Salaried,48000.0,10000.0,38000.0,31000.0
RET-08772,53,M,Married,GEN,Self-Employed Non-Professional,106000.0,12000.0,94000.0,116000.0
RET-08773,30,M,Married,SC,Self-Employed Professional,46000.0,3000.0,43000.0,40000.0
RET-08774,44,M,Married,GEN,Salaried,230000.0,57000.0,173000.0,268000.0
RET-08775,52,F,Unmarried,GEN,Self-Employed Non-Professional,179000.0,12000.0,167000.0,135000.0
RET-08776,24,M,Unmarried,GEN,Self-Employed Professional,73000.0,9000.0,64000.0,166000.0
RET-08777,34,M,Married,GEN,Salaried,55000.0,10000.0,45000.0,110000.0
RET-08778,49,M,Married,SC,Self-Employed Non-Professional,52000.0,7000.0,45000.0,57000.0
RET-08779,49,F,Married,SC,Salaried,191000.0,20000.0,171000.0,308000.0
RET-08780,36,M,Unmarried,SC,Salaried,49000.0,5000.0,44000.0,116000.0
RET-08781,30,F,Married,OBC,Self-Employed Non-Professional,128000.0,15000.0,113000.0,319000.0
RET-08782,47,M,Married,OBC,Self-Employed Professional,74000.0,6000.0,68000.0,49000.0
RET-08783,49,F,Married,GEN,Self-Employed Professional,112000.0,7000.0,105000.0,242000.0
RET-08784,26,F,Unmarried,OBC,Self-Employed Non-Professional,45000.0,6000.0,39000.0,33000.0
RET-08785,25,M,Unmarried,GEN,Self-Employed Non-Professional,60000.0,4000.0,56000.0,31000.0
RET-08786,40,F,Married,Minority,Salaried,72000.0,16000.0,56000.0,39000.0
RET-08787,44,M,Married,Minority,Self-Employed Non-Professional,50000.0,6000.0,44000.0,85000.0
RET-08788,35,M,Unmarried,Minority,Salaried,155000.0,25000.0,130000.0,188000.0
RET-08789,44,M,Married,GEN,Salaried,46000.0,11000.0,35000.0,28000.0
RET-08790,30,M,Married,GEN,Self-Employed Non-Professional,52000.0,4000.0,48000.0,81000.0
RET-08791,21,M,Unmarried,ST,Self-Employed Professional,165000.0,15000.0,150000.0,266000.0
RET-08792,33,F,Married,OBC,Salaried,147000.0,26000.0,121000.0,299000.0
RET-08793,38,F,Married,OBC,Self-Employed Professional,190000.0,22000.0,168000.0,363000.0
RET-08794,35,M,Married,GEN,Salaried,25000.0,3000.0,22000.0,37000.0
RET-08795,26,F,Unmarried,SC,Salaried,82000.0,13000.0,69000.0,90000.0
RET-08796,21,M,Married,OBC,Self-Employed Non-Professional,77000.0,9000.0,68000.0,34000.0
RET-08797,32,M,Unmarried,GEN,Self-Employed Non-Professional,52000.0,7000.0,45000.0,116000.0
RET-08798,46,F,Married,ST,Self-Employed Professional,89000.0,6000.0,83000.0,97000.0
RET-08799,50,M,Unmarried,GEN,Salaried,60000.0,9000.0,51000.0,53000.0
RET-08800,49,M,Unmarried,OBC,Salaried,81000.0,15000.0,66000.0,154000.0
RET-08801,29,F,Married,GEN,Self-Employed Non-Professional,500000.0,45000.0,455000.0,309000.0
RET-08802,26,M,Married,OBC,Salaried,88000.0,21000.0,67000.0,77000.0
RET-08803,42,M,Married,GEN,Salaried,91000.0,10000.0,81000.0,129000.0
RET-08804,44,M,Unmarried,GEN,Self-Employed Non-Professional,120000.0,7000.0,113000.0,181000.0
RET-08805,42,M,Married,OBC,Self-Employed Non-Professional,82000.0,11000.0,71000.0,64000.0
RET-08806,21,F,Unmarried,GEN,Self-Employed Professional,38000.0,5000.0,33000.0,20000.0
RET-08807,29,M,Married,SC,Salaried,27000.0,7000.0,20000.0,34000.0
RET-08808,37,M,Married,GEN,Salaried,72000.0,18000.0,54000.0,75000.0
RET-08809,42,M,Unmarried,ST,Salaried,62000.0,12000.0,50000.0,61000.0
RET-08810,45,M,Married,GEN,Self-Employed Professional,25000.0,4000.0,21000.0,25000.0
RET-08811,39,M,Married,OBC,Self-Employed Professional,194000.0,28000.0,166000.0,292000.0
RET-08812,41,M,Unmarried,GEN,Self-Employed Professional,78000.0,4000.0,74000.0,41000.0
RET-08813,38,M,Married,GEN,Salaried,173000.0,33000.0,140000.0,107000.0
RET-08814,44,M,Unmarried,SC,Self-Employed Professional,25000.0,3000.0,22000.0,29000.0
RET-08815,41,M,Unmarried,GEN,Self-Employed Non-Professional,175000.0,16000.0,159000.0,270000.0
RET-08816,38,F,Unmarried,Minority,Self-Employed Professional,55000.0,7000.0,48000.0,107000.0
RET-08817,35,F,Married,GEN,Self-Employed Non-Professional,156000.0,20000.0,136000.0,168000.0
RET-08818,38,F,Married,Minority,Self-Employed Non-Professional,83000.0,8000.0,75000.0,163000.0
RET-08819,42,M,Married,OBC,Salaried,96000.0,18000.0,78000.0,114000.0
RET-08820,40,M,Married,OBC,Self-Employed Non-Professional,96000.0,9000.0,87000.0,212000.0
RET-08821,41,F,Unmarried,GEN,Salaried,57000.0,10000.0,47000.0,80000.0
RET-08822,51,M,Married,GEN,Self-Employed Non-Professional,50000.0,6000.0,44000.0,82000.0
RET-08823,40,M,Married,GEN,Self-Employed Professional,59000.0,8000.0,51000.0,81000.0
RET-08824,31,F,Married,OBC,Self-Employed Professional,30000.0,2000.0,28000.0,23000.0
RET-08825,46,F,Married,OBC,Salaried,55000.0,9000.0,46000.0,43000.0
RET-08826,24,F,Married,OBC,Salaried,48000.0,5000.0,43000.0,65000.0
RET-08827,27,F,Married,ST,Salaried,30000.0,6000.0,24000.0,18000.0
RET-08828,41,M,Unmarried,GEN,Self-Employed Non-Professional,96000.0,5000.0,91000.0,77000.0
RET-08829,43,M,Married,GEN,Salaried,73000.0,15000.0,58000.0,119000.0
RET-08830,25,F,Married,GEN,Salaried,85000.0,19000.0,66000.0,137000.0
RET-08831,34,M,Married,SC,Self-Employed Non-Professional,111000.0,6000.0,105000.0,86000.0
RET-08832,31,F,Married,GEN,Salaried,63000.0,6000.0,57000.0,150000.0
RET-08833,33,M,Married,OBC,Self-Employed Professional,42000.0,4000.0,38000.0,100000.0
RET-08834,47,M,Unmarried,GEN,Salaried,88000.0,16000.0,72000.0,104000.0
RET-08835,45,F,Married,GEN,Salaried,25000.0,4000.0,21000.0,37000.0
RET-08836,37,M,Married,OBC,Self-Employed Non-Professional,69000.0,8000.0,61000.0,153000.0
RET-08837,32,F,Unmarried,GEN,Self-Employed Professional,116000.0,8000.0,108000.0,260000.0
RET-08838,24,M,Unmarried,GEN,Salaried,137000.0,17000.0,120000.0,169000.0
RET-08839,52,F,Married,OBC,Salaried,53000.0,10000.0,43000.0,56000.0
RET-08840,43,M,Married,GEN,Self-Employed Non-Professional,25000.0,1000.0,24000.0,52000.0
RET-08841,30,M,Unmarried,GEN,Salaried,25000.0,6000.0,19000.0,27000.0
RET-08842,45,M,Married,OBC,Salaried,107000.0,26000.0,81000.0,180000.0
RET-08843,37,M,Married,OBC,Self-Employed Non-Professional,59000.0,3000.0,56000.0,46000.0
RET-08844,35,F,Married,GEN,Self-Employed Non-Professional,245000.0,30000.0,215000.0,469000.0
RET-08845,42,M,Married,OBC,Self-Employed Professional,31000.0,3000.0,28000.0,69000.0
RET-08846,30,M,Married,OBC,Salaried,90000.0,14000.0,76000.0,210000.0
RET-08847,34,M,Married,GEN,Salaried,198000.0,21000.0,177000.0,290000.0
RET-08848,39,M,Married,OBC,Self-Employed Professional,83000.0,7000.0,76000.0,144000.0
RET-08849,33,M,Unmarried,OBC,Salaried,28000.0,4000.0,24000.0,29000.0
RET-08850,44,M,Married,GEN,Salaried,386000.0,50000.0,336000.0,294000.0
RET-08851,56,M,Married,OBC,Self-Employed Professional,189000.0,19000.0,170000.0,159000.0
RET-08852,30,F,Married,OBC,Self-Employed Non-Professional,64000.0,3000.0,61000.0,159000.0
RET-08853,21,M,Unmarried,Minority,Salaried,120000.0,16000.0,104000.0,193000.0
RET-08854,21,F,Married,OBC,Salaried,120000.0,26000.0,94000.0,135000.0
RET-08855,36,M,Unmarried,GEN,Salaried,107000.0,23000.0,84000.0,223000.0
RET-08856,31,M,Married,GEN,Self-Employed Professional,32000.0,4000.0,28000.0,22000.0
RET-08857,40,M,Unmarried,ST,Self-Employed Professional,89000.0,10000.0,79000.0,157000.0
RET-08858,39,M,Unmarried,SC,Salaried,176000.0,42000.0,134000.0,332000.0
RET-08859,21,M,Unmarried,GEN,Salaried,99000.0,23000.0,76000.0,62000.0
RET-08860,21,F,Married,GEN,Self-Employed Professional,93000.0,6000.0,87000.0,70000.0
RET-08861,40,M,Married,OBC,Self-Employed Non-Professional,53000.0,3000.0,50000.0,29000.0
RET-08862,39,F,Married,OBC,Self-Employed Professional,43000.0,6000.0,37000.0,106000.0
RET-08863,33,M,Married,GEN,Self-Employed Professional,28000.0,3000.0,25000.0,56000.0
RET-08864,21,M,Married,OBC,Self-Employed Non-Professional,115000.0,12000.0,103000.0,70000.0
RET-08865,42,M,Married,GEN,Salaried,64000.0,14000.0,50000.0,109000.0
RET-08866,50,F,Unmarried,GEN,Salaried,33000.0,7000.0,26000.0,33000.0
RET-08867,40,M,Unmarried,GEN,Salaried,131000.0,24000.0,107000.0,83000.0
RET-08868,29,F,Married,OBC,Self-Employed Non-Professional,51000.0,7000.0,44000.0,131000.0
RET-08869,38,M,Married,SC,Salaried,44000.0,6000.0,38000.0,36000.0
RET-08870,24,M,Unmarried,GEN,Salaried,54000.0,7000.0,47000.0,117000.0
RET-08871,48,M,Married,GEN,Salaried,65000.0,14000.0,51000.0,138000.0
RET-08872,38,F,Married,ST,Salaried,96000.0,21000.0,75000.0,137000.0
RET-08873,21,F,Married,GEN,Salaried,43000.0,7000.0,36000.0,106000.0
RET-08874,34,M,Married,SC,Salaried,134000.0,14000.0,120000.0,96000.0
RET-08875,42,F,Married,SC,Self-Employed Non-Professional,98000.0,14000.0,84000.0,244000.0
RET-08876,34,M,Unmarried,GEN,Salaried,54000.0,9000.0,45000.0,30000.0
RET-08877,35,F,Married,GEN,Salaried,66000.0,16000.0,50000.0,85000.0
RET-08878,25,F,Married,ST,Salaried,57000.0,11000.0,46000.0,121000.0
RET-08879,43,F,Married,OBC,Self-Employed Professional,76000.0,5000.0,71000.0,134000.0
RET-08880,31,F,Unmarried,GEN,Salaried,182000.0,27000.0,155000.0,304000.0
RET-08881,21,M,Unmarried,ST,Salaried,56000.0,11000.0,45000.0,41000.0
RET-08882,34,M,Married,GEN,Self-Employed Non-Professional,82000.0,11000.0,71000.0,210000.0
RET-08883,47,M,Unmarried,GEN,Self-Employed Professional,48000.0,4000.0,44000.0,47000.0
RET-08884,34,M,Married,OBC,Self-Employed Non-Professional,101000.0,13000.0,88000.0,233000.0
RET-08885,55,M,Married,OBC,Salaried,86000.0,12000.0,74000.0,214000.0
RET-08886,42,M,Unmarried,GEN,Salaried,162000.0,35000.0,127000.0,153000.0
RET-08887,41,M,Married,GEN,Self-Employed Non-Professional,44000.0,5000.0,39000.0,91000.0
RET-08888,36,M,Married,OBC,Self-Employed Non-Professional,111000.0,15000.0,96000.0,67000.0
RET-08889,37,M,Unmarried,OBC,Self-Employed Non-Professional,156000.0,21000.0,135000.0,318000.0
RET-08890,35,M,Married,ST,Self-Employed Professional,56000.0,6000.0,50000.0,86000.0
RET-08891,34,F,Married,GEN,Self-Employed Professional,68000.0,9000.0,59000.0,47000.0
RET-08892,43,M,Married,OBC,Self-Employed Non-Professional,82000.0,8000.0,74000.0,203000.0
RET-08893,28,F,Married,GEN,Salaried,63000.0,9000.0,54000.0,119000.0
RET-08894,27,M,Married,ST,Self-Employed Professional,81000.0,4000.0,77000.0,71000.0
RET-08895,26,M,Married,GEN,Self-Employed Non-Professional,110000.0,15000.0,95000.0,174000.0
RET-08896,58,M,Unmarried,OBC,Salaried,68000.0,12000.0,56000.0,74000.0
RET-08897,43,M,Unmarried,Minority,Salaried,68000.0,7000.0,61000.0,139000.0
RET-08898,41,M,Married,SC,Salaried,86000.0,9000.0,77000.0,159000.0
RET-08899,27,M,Married,OBC,Self-Employed Non-Professional,58000.0,4000.0,54000.0,53000.0
RET-08900,44,M,Unmarried,OBC,Self-Employed Professional,59000.0,8000.0,51000.0,56000.0
RET-08901,36,M,Unmarried,Minority,Self-Employed Professional,43000.0,6000.0,37000.0,84000.0
RET-08902,40,F,Married,SC,Self-Employed Non-Professional,71000.0,10000.0,61000.0,133000.0
RET-08903,28,M,Unmarried,OBC,Salaried,96000.0,10000.0,86000.0,110000.0
RET-08904,39,M,Married,OBC,Self-Employed Non-Professional,62000.0,3000.0,59000.0,100000.0
RET-08905,33,M,Unmarried,GEN,Salaried,46000.0,8000.0,38000.0,63000.0
RET-08906,30,M,Married,GEN,Self-Employed Professional,69000.0,9000.0,60000.0,49000.0
RET-08907,45,F,Unmarried,GEN,Salaried,93000.0,20000.0,73000.0,150000.0
RET-08908,22,M,Married,GEN,Salaried,79000.0,14000.0,65000.0,75000.0
RET-08909,43,M,Unmarried,OBC,Salaried,279000.0,48000.0,231000.0,381000.0
RET-08910,44,M,Married,GEN,Salaried,49000.0,11000.0,38000.0,26000.0
RET-08911,29,M,Married,GEN,Self-Employed Non-Professional,67000.0,8000.0,59000.0,120000.0
RET-08912,29,M,Unmarried,GEN,Salaried,117000.0,17000.0,100000.0,260000.0
RET-08913,35,F,Unmarried,GEN,Salaried,48000.0,10000.0,38000.0,73000.0
RET-08914,40,M,Married,GEN,Self-Employed Non-Professional,233000.0,25000.0,208000.0,414000.0
RET-08915,36,M,Married,Minority,Salaried,73000.0,17000.0,56000.0,122000.0
RET-08916,42,M,Unmarried,OBC,Self-Employed Non-Professional,102000.0,15000.0,87000.0,86000.0
RET-08917,55,M,Unmarried,GEN,Self-Employed Non-Professional,74000.0,4000.0,70000.0,47000.0
RET-08918,32,M,Married,GEN,Salaried,135000.0,31000.0,104000.0,274000.0
RET-08919,21,M,Married,OBC,Salaried,39000.0,9000.0,30000.0,78000.0
RET-08920,46,M,Unmarried,OBC,Self-Employed Professional,188000.0,16000.0,172000.0,320000.0
RET-08921,54,M,Unmarried,GEN,Self-Employed Non-Professional,84000.0,7000.0,77000.0,76000.0
RET-08922,41,M,Unmarried,GEN,Salaried,109000.0,18000.0,91000.0,231000.0
RET-08923,27,M,Unmarried,GEN,Salaried,47000.0,8000.0,39000.0,41000.0
RET-08924,36,M,Unmarried,GEN,Self-Employed Non-Professional,90000.0,11000.0,79000.0,210000.0
RET-08925,26,M,Unmarried,GEN,Salaried,41000.0,5000.0,36000.0,56000.0
RET-08926,44,M,Unmarried,SC,Salaried,148000.0,33000.0,115000.0,74000.0
RET-08927,24,M,Unmarried,ST,Self-Employed Non-Professional,34000.0,4000.0,30000.0,76000.0
RET-08928,34,F,Unmarried,GEN,Self-Employed Non-Professional,80000.0,4000.0,76000.0,145000.0
RET-08929,27,F,Married,SC,Salaried,58000.0,8000.0,50000.0,65000.0
RET-08930,39,F,Married,Minority,Salaried,29000.0,6000.0,23000.0,38000.0
RET-08931,34,F,Married,OBC,Self-Employed Professional,42000.0,6000.0,36000.0,98000.0
RET-08932,39,F,Unmarried,OBC,Salaried,96000.0,24000.0,72000.0,73000.0
RET-08933,38,F,Married,Minority,Salaried,43000.0,10000.0,33000.0,25000.0
RET-08934,28,F,Married,GEN,Self-Employed Non-Professional,49000.0,3000.0,46000.0,113000.0
RET-08935,44,F,Married,GEN,Self-Employed Non-Professional,91000.0,5000.0,86000.0,177000.0
RET-08936,37,M,Unmarried,Minority,Salaried,127000.0,19000.0,108000.0,289000.0
RET-08937,28,M,Unmarried,GEN,Self-Employed Professional,109000.0,7000.0,102000.0,131000.0
RET-08938,60,F,Unmarried,SC,Salaried,71000.0,12000.0,59000.0,112000.0
RET-08939,42,M,Married,SC,Salaried,83000.0,10000.0,73000.0,44000.0
RET-08940,36,F,Married,GEN,Salaried,79000.0,16000.0,63000.0,165000.0
RET-08941,52,M,Married,OBC,Salaried,39000.0,4000.0,35000.0,34000.0
RET-08942,56,M,Married,OBC,Salaried,86000.0,12000.0,74000.0,58000.0
RET-08943,36,F,Unmarried,GEN,Self-Employed Non-Professional,39000.0,5000.0,34000.0,58000.0
RET-08944,41,F,Married,GEN,Salaried,106000.0,12000.0,94000.0,222000.0
RET-08945,28,M,Married,OBC,Salaried,79000.0,14000.0,65000.0,67000.0
RET-08946,36,F,Married,GEN,Salaried,25000.0,5000.0,20000.0,22000.0
RET-08947,36,F,Married,GEN,Self-Employed Professional,132000.0,8000.0,124000.0,160000.0
RET-08948,39,M,Married,GEN,Salaried,53000.0,10000.0,43000.0,109000.0
RET-08949,41,M,Married,OBC,Salaried,51000.0,6000.0,45000.0,107000.0
RET-08950,43,M,Married,ST,Salaried,130000.0,31000.0,99000.0,116000.0
RET-08951,40,M,Married,OBC,Salaried,66000.0,14000.0,52000.0,59000.0
RET-08952,25,M,Married,GEN,Salaried,105000.0,17000.0,88000.0,243000.0
RET-08953,28,M,Married,Minority,Salaried,49000.0,7000.0,42000.0,86000.0
RET-08954,32,M,Unmarried,GEN,Self-Employed Non-Professional,118000.0,13000.0,105000.0,112000.0
RET-08955,35,F,Married,GEN,Self-Employed Non-Professional,82000.0,4000.0,78000.0,66000.0
RET-08956,48,M,Married,GEN,Salaried,93000.0,20000.0,73000.0,49000.0
RET-08957,26,M,Unmarried,GEN,Salaried,66000.0,8000.0,58000.0,65000.0
RET-08958,34,M,Married,GEN,Salaried,194000.0,23000.0,171000.0,393000.0
RET-08959,47,F,Married,GEN,Self-Employed Non-Professional,225000.0,27000.0,198000.0,283000.0
RET-08960,35,F,Married,GEN,Salaried,25000.0,4000.0,21000.0,61000.0
RET-08961,42,M,Married,OBC,Self-Employed Professional,127000.0,17000.0,110000.0,144000.0
RET-08962,36,F,Married,GEN,Salaried,38000.0,9000.0,29000.0,25000.0
RET-08963,40,F,Married,OBC,Salaried,99000.0,14000.0,85000.0,80000.0
RET-08964,35,F,Unmarried,OBC,Salaried,25000.0,6000.0,19000.0,33000.0
RET-08965,44,F,Married,GEN,Salaried,93000.0,23000.0,70000.0,199000.0
RET-08966,22,M,Unmarried,SC,Salaried,44000.0,9000.0,35000.0,96000.0
RET-08967,34,M,Unmarried,GEN,Salaried,56000.0,6000.0,50000.0,48000.0
RET-08968,40,M,Unmarried,GEN,Salaried,56000.0,8000.0,48000.0,115000.0
RET-08969,43,M,Unmarried,GEN,Self-Employed Professional,47000.0,5000.0,42000.0,100000.0
RET-08970,52,M,Married,SC,Self-Employed Professional,48000.0,6000.0,42000.0,38000.0
RET-08971,34,F,Unmarried,OBC,Salaried,58000.0,7000.0,51000.0,64000.0
RET-08972,52,M,Married,OBC,Salaried,67000.0,7000.0,60000.0,41000.0
RET-08973,31,F,Unmarried,GEN,Salaried,89000.0,11000.0,78000.0,54000.0
RET-08974,51,M,Married,GEN,Self-Employed Non-Professional,223000.0,22000.0,201000.0,323000.0
RET-08975,46,M,Married,OBC,Salaried,41000.0,4000.0,37000.0,63000.0
RET-08976,28,M,Unmarried,ST,Self-Employed Non-Professional,79000.0,11000.0,68000.0,40000.0
RET-08977,41,M,Married,OBC,Self-Employed Non-Professional,116000.0,7000.0,109000.0,318000.0
RET-08978,37,F,Married,GEN,Salaried,48000.0,10000.0,38000.0,65000.0
RET-08979,44,F,Married,GEN,Self-Employed Non-Professional,25000.0,2000.0,23000.0,57000.0
RET-08980,35,M,Unmarried,GEN,Self-Employed Professional,25000.0,4000.0,21000.0,44000.0
RET-08981,34,F,Married,OBC,Self-Employed Professional,25000.0,3000.0,22000.0,45000.0
RET-08982,51,F,Unmarried,GEN,Self-Employed Non-Professional,184000.0,17000.0,167000.0,210000.0
RET-08983,37,M,Unmarried,GEN,Salaried,106000.0,18000.0,88000.0,239000.0
RET-08984,46,M,Married,OBC,Self-Employed Professional,115000.0,14000.0,101000.0,126000.0
RET-08985,35,M,Married,GEN,Self-Employed Professional,132000.0,8000.0,124000.0,357000.0
RET-08986,54,M,Unmarried,OBC,Self-Employed Professional,52000.0,6000.0,46000.0,28000.0
RET-08987,31,F,Married,OBC,Self-Employed Professional,291000.0,19000.0,272000.0,214000.0
RET-08988,31,M,Married,GEN,Salaried,89000.0,21000.0,68000.0,158000.0
RET-08989,53,M,Married,ST,Salaried,70000.0,7000.0,63000.0,127000.0
RET-08990,33,M,Married,OBC,Self-Employed Non-Professional,142000.0,21000.0,121000.0,277000.0
RET-08991,54,F,Married,GEN,Salaried,109000.0,18000.0,91000.0,191000.0
RET-08992,46,F,Married,SC,Salaried,163000.0,32000.0,131000.0,238000.0
RET-08993,36,M,Married,OBC,Salaried,169000.0,28000.0,141000.0,81000.0
RET-08994,21,M,Married,SC,Salaried,59000.0,11000.0,48000.0,121000.0
RET-08995,37,M,Married,OBC,Salaried,82000.0,19000.0,63000.0,112000.0
RET-08996,39,F,Unmarried,GEN,Salaried,42000.0,5000.0,37000.0,28000.0
RET-08997,49,M,Unmarried,GEN,Salaried,28000.0,4000.0,24000.0,24000.0
RET-08998,53,F,Married,OBC,Self-Employed Non-Professional,121000.0,15000.0,106000.0,228000.0
RET-08999,31,F,Married,GEN,Salaried,130000.0,17000.0,113000.0,78000.0
RET-09000,46,M,Unmarried,SC,Self-Employed Professional,25000.0,3000.0,22000.0,59000.0
RET-09001,45,M,Married,GEN,Salaried,48000.0,9000.0,39000.0,97000.0
RET-09002,48,M,Unmarried,OBC,Self-Employed Non-Professional,76000.0,8000.0,68000.0,86000.0
RET-09003,42,M,Married,GEN,Self-Employed Professional,80000.0,11000.0,69000.0,187000.0
RET-09004,21,M,Unmarried,OBC,Salaried,249000.0,53000.0,196000.0,532000.0
RET-09005,36,M,Married,OBC,Salaried,50000.0,11000.0,39000.0,101000.0
RET-09006,26,M,Married,OBC,Self-Employed Non-Professional,66000.0,8000.0,58000.0,74000.0
RET-09007,35,M,Unmarried,GEN,Self-Employed Professional,108000.0,13000.0,95000.0,203000.0
RET-09008,47,F,Unmarried,GEN,Self-Employed Non-Professional,59000.0,6000.0,53000.0,86000.0
RET-09009,41,M,Married,SC,Salaried,54000.0,11000.0,43000.0,79000.0
RET-09010,49,M,Unmarried,ST,Self-Employed Non-Professional,51000.0,4000.0,47000.0,72000.0
RET-09011,41,F,Married,GEN,Salaried,84000.0,14000.0,70000.0,36000.0
RET-09012,25,M,Unmarried,GEN,Salaried,66000.0,16000.0,50000.0,26000.0
RET-09013,21,F,Married,GEN,Salaried,110000.0,21000.0,89000.0,216000.0
RET-09014,39,F,Married,Minority,Salaried,91000.0,15000.0,76000.0,218000.0
RET-09015,35,M,Unmarried,GEN,Self-Employed Professional,25000.0,3000.0,22000.0,24000.0
RET-09016,28,M,Married,GEN,Self-Employed Non-Professional,26000.0,2000.0,24000.0,45000.0
RET-09017,21,M,Married,GEN,Self-Employed Non-Professional,54000.0,5000.0,49000.0,62000.0
RET-09018,30,M,Married,OBC,Self-Employed Professional,132000.0,17000.0,115000.0,195000.0
RET-09019,36,M,Married,ST,Salaried,49000.0,9000.0,40000.0,32000.0
RET-09020,44,F,Unmarried,GEN,Self-Employed Non-Professional,92000.0,7000.0,85000.0,197000.0
RET-09021,39,M,Married,GEN,Salaried,105000.0,14000.0,91000.0,163000.0
RET-09022,54,M,Unmarried,OBC,Self-Employed Non-Professional,101000.0,10000.0,91000.0,116000.0
RET-09023,27,F,Married,GEN,Self-Employed Non-Professional,53000.0,6000.0,47000.0,101000.0
RET-09024,46,F,Married,GEN,Salaried,37000.0,6000.0,31000.0,55000.0
RET-09025,38,M,Married,ST,Salaried,33000.0,4000.0,29000.0,44000.0
RET-09026,44,M,Married,ST,Salaried,435000.0,65000.0,370000.0,678000.0
RET-09027,33,M,Married,Minority,Self-Employed Non-Professional,96000.0,6000.0,90000.0,260000.0
RET-09028,48,F,Married,GEN,Self-Employed Non-Professional,221000.0,15000.0,206000.0,139000.0
RET-09029,40,M,Married,GEN,Self-Employed Professional,44000.0,2000.0,42000.0,118000.0
RET-09030,31,F,Unmarried,SC,Salaried,155000.0,37000.0,118000.0,96000.0
RET-09031,37,M,Married,GEN,Salaried,55000.0,12000.0,43000.0,44000.0
RET-09032,35,F,Unmarried,GEN,Self-Employed Non-Professional,72000.0,4000.0,68000.0,200000.0
RET-09033,42,M,Married,GEN,Salaried,62000.0,8000.0,54000.0,136000.0
RET-09034,26,F,Married,Minority,Self-Employed Professional,43000.0,6000.0,37000.0,51000.0
RET-09035,37,F,Married,OBC,Self-Employed Non-Professional,44000.0,6000.0,38000.0,57000.0
RET-09036,41,M,Married,GEN,Self-Employed Non-Professional,71000.0,8000.0,63000.0,79000.0
RET-09037,38,F,Married,GEN,Salaried,51000.0,11000.0,40000.0,43000.0
RET-09038,51,F,Unmarried,SC,Salaried,79000.0,17000.0,62000.0,40000.0
RET-09039,45,F,Married,SC,Self-Employed Professional,44000.0,4000.0,40000.0,23000.0
RET-09040,37,M,Married,OBC,Salaried,112000.0,20000.0,92000.0,161000.0
RET-09041,40,M,Married,GEN,Self-Employed Professional,55000.0,7000.0,48000.0,88000.0
RET-09042,40,F,Married,GEN,Salaried,195000.0,32000.0,163000.0,392000.0
RET-09043,42,F,Married,OBC,Self-Employed Non-Professional,71000.0,4000.0,67000.0,49000.0
RET-09044,21,M,Unmarried,Minority,Self-Employed Non-Professional,69000.0,6000.0,63000.0,113000.0
RET-09045,34,F,Married,GEN,Self-Employed Non-Professional,191000.0,27000.0,164000.0,461000.0
RET-09046,23,M,Unmarried,OBC,Salaried,54000.0,10000.0,44000.0,116000.0
RET-09047,50,F,Married,GEN,Salaried,57000.0,9000.0,48000.0,88000.0
RET-09048,37,M,Married,GEN,Salaried,48000.0,12000.0,36000.0,30000.0
RET-09049,36,M,Married,GEN,Salaried,83000.0,13000.0,70000.0,62000.0
RET-09050,46,M,Married,SC,Salaried,47000.0,11000.0,36000.0,61000.0
RET-09051,42,M,Married,GEN,Self-Employed Professional,117000.0,14000.0,103000.0,210000.0
RET-09052,26,M,Married,GEN,Salaried,71000.0,12000.0,59000.0,174000.0
RET-09053,37,M,Married,GEN,Salaried,121000.0,21000.0,100000.0,258000.0
RET-09054,34,M,Unmarried,ST,Salaried,113000.0,26000.0,87000.0,134000.0
RET-09055,21,M,Married,SC,Salaried,54000.0,9000.0,45000.0,62000.0
RET-09056,31,F,Unmarried,GEN,Salaried,47000.0,9000.0,38000.0,20000.0
RET-09057,36,M,Married,GEN,Salaried,60000.0,13000.0,47000.0,24000.0
RET-09058,36,M,Unmarried,OBC,Self-Employed Professional,74000.0,4000.0,70000.0,118000.0
RET-09059,23,M,Married,GEN,Self-Employed Professional,89000.0,12000.0,77000.0,52000.0
RET-09060,49,F,Married,GEN,Salaried,96000.0,24000.0,72000.0,64000.0
RET-09061,36,F,Unmarried,SC,Salaried,72000.0,18000.0,54000.0,159000.0
RET-09062,38,M,Married,GEN,Salaried,49000.0,7000.0,42000.0,96000.0
RET-09063,42,F,Married,Minority,Salaried,51000.0,10000.0,41000.0,67000.0
RET-09064,30,F,Married,GEN,Salaried,100000.0,11000.0,89000.0,235000.0
RET-09065,42,M,Married,GEN,Self-Employed Non-Professional,50000.0,3000.0,47000.0,44000.0
RET-09066,34,F,Unmarried,GEN,Salaried,102000.0,19000.0,83000.0,122000.0
RET-09067,29,M,Unmarried,OBC,Salaried,104000.0,21000.0,83000.0,103000.0
RET-09068,43,M,Unmarried,GEN,Salaried,184000.0,33000.0,151000.0,451000.0
RET-09069,52,M,Unmarried,OBC,Salaried,55000.0,11000.0,44000.0,121000.0
RET-09070,45,M,Married,GEN,Salaried,60000.0,13000.0,47000.0,85000.0
RET-09071,47,M,Married,GEN,Salaried,25000.0,3000.0,22000.0,34000.0
RET-09072,32,M,Unmarried,ST,Salaried,42000.0,8000.0,34000.0,102000.0
RET-09073,22,M,Married,Minority,Self-Employed Non-Professional,41000.0,3000.0,38000.0,39000.0
RET-09074,52,M,Married,OBC,Self-Employed Non-Professional,99000.0,13000.0,86000.0,131000.0
RET-09075,58,M,Married,SC,Self-Employed Professional,216000.0,13000.0,203000.0,463000.0
RET-09076,53,M,Unmarried,GEN,Salaried,104000.0,17000.0,87000.0,197000.0
RET-09077,34,M,Married,GEN,Salaried,133000.0,31000.0,102000.0,197000.0
RET-09078,26,F,Unmarried,GEN,Self-Employed Professional,48000.0,4000.0,44000.0,127000.0
RET-09079,27,M,Married,Minority,Salaried,36000.0,5000.0,31000.0,35000.0
RET-09080,21,M,Married,OBC,Salaried,63000.0,13000.0,50000.0,96000.0
RET-09081,36,M,Unmarried,GEN,Self-Employed Professional,50000.0,6000.0,44000.0,111000.0
RET-09082,54,M,Unmarried,GEN,Salaried,44000.0,7000.0,37000.0,40000.0
RET-09083,36,M,Married,GEN,Salaried,83000.0,13000.0,70000.0,187000.0
RET-09084,41,M,Married,GEN,Salaried,36000.0,5000.0,31000.0,65000.0
RET-09085,51,F,Married,GEN,Self-Employed Professional,120000.0,7000.0,113000.0,164000.0
RET-09086,33,M,Unmarried,GEN,Self-Employed Professional,58000.0,6000.0,52000.0,110000.0
RET-09087,58,M,Married,GEN,Self-Employed Professional,71000.0,8000.0,63000.0,178000.0
RET-09088,57,M,Married,GEN,Salaried,78000.0,14000.0,64000.0,190000.0
RET-09089,36,F,Unmarried,OBC,Self-Employed Professional,55000.0,7000.0,48000.0,58000.0
RET-09090,32,F,Married,OBC,Self-Employed Non-Professional,156000.0,21000.0,135000.0,374000.0
RET-09091,44,M,Married,GEN,Self-Employed Professional,28000.0,2000.0,26000.0,16000.0
RET-09092,34,M,Unmarried,OBC,Salaried,158000.0,27000.0,131000.0,68000.0
RET-09093,26,F,Unmarried,GEN,Self-Employed Professional,59000.0,4000.0,55000.0,110000.0
RET-09094,50,M,Unmarried,GEN,Self-Employed Professional,127000.0,14000.0,113000.0,193000.0
RET-09095,50,M,Married,SC,Self-Employed Non-Professional,83000.0,5000.0,78000.0,130000.0
RET-09096,39,M,Unmarried,GEN,Self-Employed Professional,122000.0,12000.0,110000.0,119000.0
RET-09097,25,M,Unmarried,GEN,Self-Employed Professional,68000.0,7000.0,61000.0,122000.0
RET-09098,25,F,Married,Minority,Self-Employed Professional,84000.0,6000.0,78000.0,42000.0
RET-09099,39,F,Married,GEN,Salaried,141000.0,28000.0,113000.0,179000.0
RET-09100,33,F,Married,GEN,Salaried,77000.0,17000.0,60000.0,85000.0
RET-09101,34,M,Unmarried,Minority,Salaried,162000.0,18000.0,144000.0,141000.0
RET-09102,48,M,Unmarried,GEN,Salaried,90000.0,19000.0,71000.0,126000.0
RET-09103,45,M,Unmarried,OBC,Self-Employed Professional,47000.0,5000.0,42000.0,93000.0
RET-09104,51,F,Married,GEN,Salaried,59000.0,12000.0,47000.0,119000.0
RET-09105,28,F,Married,GEN,Salaried,125000.0,26000.0,99000.0,164000.0
RET-09106,34,M,Married,OBC,Salaried,35000.0,9000.0,26000.0,29000.0
RET-09107,45,M,Unmarried,GEN,Salaried,118000.0,19000.0,99000.0,101000.0
RET-09108,42,M,Unmarried,SC,Self-Employed Professional,59000.0,4000.0,55000.0,107000.0
RET-09109,53,F,Married,Minority,Self-Employed Professional,34000.0,5000.0,29000.0,43000.0
RET-09110,42,M,Married,GEN,Self-Employed Non-Professional,83000.0,9000.0,74000.0,96000.0
RET-09111,56,M,Unmarried,SC,Salaried,48000.0,10000.0,38000.0,69000.0
RET-09112,43,M,Married,GEN,Salaried,52000.0,7000.0,45000.0,85000.0
RET-09113,48,M,Unmarried,GEN,Self-Employed Non-Professional,50000.0,5000.0,45000.0,49000.0
RET-09114,34,F,Married,Minority,Salaried,78000.0,12000.0,66000.0,95000.0
RET-09115,38,F,Unmarried,GEN,Self-Employed Professional,58000.0,5000.0,53000.0,120000.0
RET-09116,47,F,Married,GEN,Self-Employed Professional,92000.0,10000.0,82000.0,120000.0
RET-09117,54,F,Married,OBC,Salaried,134000.0,31000.0,103000.0,166000.0
RET-09118,45,M,Unmarried,GEN,Salaried,101000.0,15000.0,86000.0,181000.0
RET-09119,37,M,Married,GEN,Salaried,216000.0,41000.0,175000.0,171000.0
RET-09120,51,M,Married,OBC,Self-Employed Non-Professional,250000.0,30000.0,220000.0,587000.0
RET-09121,21,F,Unmarried,ST,Salaried,61000.0,8000.0,53000.0,71000.0
RET-09122,23,M,Married,GEN,Salaried,37000.0,4000.0,33000.0,73000.0
RET-09123,44,M,Unmarried,GEN,Salaried,61000.0,7000.0,54000.0,67000.0
RET-09124,38,M,Married,GEN,Salaried,79000.0,13000.0,66000.0,140000.0
RET-09125,44,M,Married,GEN,Self-Employed Professional,278000.0,30000.0,248000.0,296000.0
RET-09126,38,F,Married,Minority,Salaried,58000.0,10000.0,48000.0,114000.0
RET-09127,43,F,Married,Minority,Salaried,86000.0,20000.0,66000.0,50000.0
RET-09128,29,M,Unmarried,OBC,Salaried,49000.0,11000.0,38000.0,48000.0
RET-09129,43,M,Unmarried,OBC,Salaried,59000.0,11000.0,48000.0,92000.0
RET-09130,47,F,Married,SC,Salaried,35000.0,8000.0,27000.0,56000.0
RET-09131,50,F,Married,GEN,Salaried,30000.0,3000.0,27000.0,23000.0
RET-09132,58,M,Unmarried,GEN,Self-Employed Non-Professional,165000.0,17000.0,148000.0,192000.0
RET-09133,40,M,Married,GEN,Salaried,139000.0,16000.0,123000.0,93000.0
RET-09134,40,M,Married,SC,Salaried,59000.0,10000.0,49000.0,127000.0
RET-09135,22,M,Married,GEN,Salaried,138000.0,23000.0,115000.0,340000.0
RET-09136,32,F,Married,OBC,Salaried,33000.0,5000.0,28000.0,34000.0
RET-09137,36,M,Married,GEN,Self-Employed Professional,66000.0,5000.0,61000.0,104000.0
RET-09138,48,M,Married,OBC,Self-Employed Non-Professional,81000.0,8000.0,73000.0,129000.0
RET-09139,31,M,Married,ST,Salaried,156000.0,29000.0,127000.0,116000.0
RET-09140,45,M,Unmarried,GEN,Salaried,82000.0,14000.0,68000.0,147000.0
RET-09141,37,M,Married,OBC,Salaried,101000.0,17000.0,84000.0,151000.0
RET-09142,36,M,Married,GEN,Salaried,55000.0,6000.0,49000.0,87000.0
RET-09143,40,M,Married,SC,Self-Employed Professional,86000.0,8000.0,78000.0,50000.0
RET-09144,34,M,Unmarried,GEN,Self-Employed Professional,156000.0,18000.0,138000.0,97000.0
RET-09145,33,M,Married,GEN,Salaried,28000.0,6000.0,22000.0,64000.0
RET-09146,21,M,Married,GEN,Self-Employed Non-Professional,145000.0,12000.0,133000.0,379000.0
RET-09147,35,M,Unmarried,GEN,Self-Employed Non-Professional,64000.0,7000.0,57000.0,31000.0
RET-09148,33,M,Married,ST,Self-Employed Non-Professional,31000.0,4000.0,27000.0,50000.0
RET-09149,32,M,Married,Minority,Salaried,62000.0,11000.0,51000.0,34000.0
RET-09150,42,M,Unmarried,GEN,Salaried,159000.0,23000.0,136000.0,338000.0
RET-09151,44,F,Married,GEN,Salaried,55000.0,7000.0,48000.0,30000.0
RET-09152,40,F,Married,OBC,Salaried,88000.0,9000.0,79000.0,148000.0
RET-09153,47,M,Married,GEN,Salaried,28000.0,6000.0,22000.0,45000.0
RET-09154,43,F,Unmarried,GEN,Self-Employed Non-Professional,25000.0,2000.0,23000.0,17000.0
RET-09155,35,M,Married,GEN,Salaried,38000.0,4000.0,34000.0,68000.0
RET-09156,33,M,Unmarried,ST,Self-Employed Professional,134000.0,15000.0,119000.0,340000.0
RET-09157,41,M,Unmarried,SC,Self-Employed Professional,71000.0,4000.0,67000.0,50000.0
RET-09158,43,M,Married,SC,Salaried,141000.0,33000.0,108000.0,239000.0
RET-09159,51,M,Unmarried,GEN,Salaried,147000.0,25000.0,122000.0,144000.0
RET-09160,49,M,Married,SC,Self-Employed Professional,46000.0,3000.0,43000.0,51000.0
RET-09161,32,F,Married,OBC,Self-Employed Professional,187000.0,25000.0,162000.0,301000.0
RET-09162,36,M,Unmarried,GEN,Self-Employed Non-Professional,53000.0,6000.0,47000.0,133000.0
RET-09163,44,M,Married,SC,Self-Employed Non-Professional,133000.0,13000.0,120000.0,129000.0
RET-09164,48,M,Married,Minority,Self-Employed Non-Professional,130000.0,16000.0,114000.0,340000.0
RET-09165,47,M,Unmarried,ST,Self-Employed Professional,76000.0,4000.0,72000.0,52000.0
RET-09166,37,F,Unmarried,SC,Salaried,76000.0,15000.0,61000.0,174000.0
RET-09167,25,F,Married,OBC,Self-Employed Non-Professional,89000.0,12000.0,77000.0,42000.0
RET-09168,28,F,Unmarried,OBC,Self-Employed Non-Professional,78000.0,6000.0,72000.0,65000.0
RET-09169,40,M,Married,ST,Salaried,58000.0,13000.0,45000.0,132000.0
RET-09170,41,M,Unmarried,GEN,Salaried,55000.0,13000.0,42000.0,49000.0
RET-09171,27,M,Unmarried,GEN,Salaried,58000.0,14000.0,44000.0,23000.0
RET-09172,38,M,Married,SC,Self-Employed Non-Professional,152000.0,20000.0,132000.0,358000.0
RET-09173,44,M,Married,Minority,Salaried,28000.0,6000.0,22000.0,61000.0
RET-09174,26,F,Unmarried,GEN,Self-Employed Professional,54000.0,5000.0,49000.0,116000.0
RET-09175,49,M,Unmarried,SC,Self-Employed Non-Professional,60000.0,6000.0,54000.0,154000.0
RET-09176,34,M,Married,GEN,Self-Employed Professional,64000.0,6000.0,58000.0,68000.0
RET-09177,50,F,Married,Minority,Salaried,87000.0,12000.0,75000.0,158000.0
RET-09178,32,F,Married,OBC,Self-Employed Non-Professional,33000.0,2000.0,31000.0,73000.0
RET-09179,27,M,Married,OBC,Salaried,135000.0,26000.0,109000.0,320000.0
RET-09180,33,M,Unmarried,SC,Salaried,125000.0,27000.0,98000.0,269000.0
RET-09181,37,M,Married,SC,Salaried,110000.0,15000.0,95000.0,62000.0
RET-09182,34,M,Unmarried,ST,Salaried,65000.0,15000.0,50000.0,67000.0
RET-09183,35,M,Unmarried,Minority,Salaried,47000.0,6000.0,41000.0,84000.0
RET-09184,41,M,Unmarried,GEN,Salaried,60000.0,11000.0,49000.0,129000.0
RET-09185,36,M,Married,GEN,Self-Employed Professional,76000.0,4000.0,72000.0,86000.0
RET-09186,37,M,Unmarried,SC,Salaried,109000.0,20000.0,89000.0,46000.0
RET-09187,21,F,Unmarried,Minority,Self-Employed Professional,70000.0,7000.0,63000.0,61000.0
RET-09188,41,F,Married,GEN,Salaried,91000.0,14000.0,77000.0,120000.0
RET-09189,37,M,Married,GEN,Salaried,56000.0,13000.0,43000.0,28000.0
RET-09190,54,F,Unmarried,GEN,Salaried,87000.0,20000.0,67000.0,41000.0
RET-09191,28,M,Married,GEN,Salaried,63000.0,14000.0,49000.0,74000.0
RET-09192,21,M,Unmarried,SC,Salaried,86000.0,13000.0,73000.0,155000.0
RET-09193,44,M,Married,GEN,Salaried,25000.0,5000.0,20000.0,46000.0
RET-09194,41,M,Married,GEN,Salaried,98000.0,13000.0,85000.0,156000.0
RET-09195,27,M,Married,ST,Salaried,101000.0,20000.0,81000.0,129000.0
RET-09196,22,F,Married,GEN,Salaried,100000.0,15000.0,85000.0,47000.0
RET-09197,53,M,Married,SC,Salaried,40000.0,5000.0,35000.0,40000.0
RET-09198,52,F,Married,GEN,Self-Employed Non-Professional,48000.0,6000.0,42000.0,91000.0
RET-09199,21,M,Married,OBC,Salaried,43000.0,5000.0,38000.0,62000.0
RET-09200,33,M,Married,GEN,Salaried,89000.0,18000.0,71000.0,82000.0
RET-09201,54,M,Married,GEN,Salaried,109000.0,14000.0,95000.0,102000.0
RET-09202,33,M,Unmarried,GEN,Self-Employed Professional,48000.0,5000.0,43000.0,23000.0
RET-09203,33,M,Married,ST,Salaried,161000.0,26000.0,135000.0,346000.0
RET-09204,35,M,Unmarried,OBC,Salaried,160000.0,30000.0,130000.0,350000.0
RET-09205,26,M,Unmarried,GEN,Self-Employed Professional,79000.0,9000.0,70000.0,99000.0
RET-09206,21,M,Married,SC,Salaried,91000.0,13000.0,78000.0,176000.0
RET-09207,48,M,Married,GEN,Salaried,27000.0,3000.0,24000.0,16000.0
RET-09208,21,M,Unmarried,Minority,Salaried,53000.0,11000.0,42000.0,114000.0
RET-09209,40,M,Unmarried,GEN,Self-Employed Non-Professional,34000.0,2000.0,32000.0,89000.0
RET-09210,46,F,Married,GEN,Salaried,42000.0,7000.0,35000.0,31000.0
RET-09211,23,F,Unmarried,GEN,Salaried,100000.0,17000.0,83000.0,203000.0
RET-09212,28,M,Married,OBC,Salaried,115000.0,15000.0,100000.0,168000.0
RET-09213,50,M,Married,GEN,Self-Employed Non-Professional,118000.0,12000.0,106000.0,233000.0
RET-09214,43,M,Married,GEN,Salaried,85000.0,14000.0,71000.0,120000.0
RET-09215,31,F,Married,GEN,Salaried,100000.0,13000.0,87000.0,61000.0
RET-09216,50,M,Unmarried,ST,Salaried,28000.0,5000.0,23000.0,60000.0
RET-09217,50,M,Unmarried,SC,Salaried,34000.0,4000.0,30000.0,21000.0
RET-09218,40,M,Married,OBC,Self-Employed Non-Professional,65000.0,10000.0,55000.0,77000.0
RET-09219,28,M,Married,OBC,Salaried,105000.0,20000.0,85000.0,252000.0
RET-09220,33,F,Married,OBC,Salaried,56000.0,11000.0,45000.0,71000.0
RET-09221,40,F,Married,GEN,Salaried,32000.0,4000.0,28000.0,71000.0
RET-09222,36,M,Married,Minority,Self-Employed Professional,48000.0,6000.0,42000.0,39000.0
RET-09223,47,F,Married,GEN,Salaried,42000.0,7000.0,35000.0,90000.0
RET-09224,22,M,Married,OBC,Self-Employed Professional,26000.0,4000.0,22000.0,36000.0
RET-09225,23,F,Married,OBC,Salaried,278000.0,42000.0,236000.0,419000.0
RET-09226,39,F,Unmarried,OBC,Salaried,153000.0,38000.0,115000.0,336000.0
RET-09227,33,M,Unmarried,ST,Salaried,25000.0,5000.0,20000.0,54000.0
RET-09228,31,F,Married,GEN,Salaried,25000.0,3000.0,22000.0,30000.0
RET-09229,21,M,Married,OBC,Salaried,45000.0,6000.0,39000.0,112000.0
RET-09230,38,M,Married,OBC,Salaried,30000.0,6000.0,24000.0,18000.0
RET-09231,37,M,Married,GEN,Self-Employed Non-Professional,305000.0,29000.0,276000.0,156000.0
RET-09232,44,M,Unmarried,GEN,Salaried,45000.0,5000.0,40000.0,73000.0
RET-09233,38,M,Unmarried,SC,Self-Employed Non-Professional,91000.0,10000.0,81000.0,196000.0
RET-09234,36,M,Married,GEN,Salaried,54000.0,9000.0,45000.0,47000.0
RET-09235,49,F,Married,GEN,Salaried,36000.0,6000.0,30000.0,21000.0
RET-09236,24,M,Unmarried,GEN,Salaried,137000.0,28000.0,109000.0,285000.0
RET-09237,43,M,Married,OBC,Salaried,108000.0,20000.0,88000.0,261000.0
RET-09238,21,M,Married,ST,Salaried,71000.0,15000.0,56000.0,125000.0
RET-09239,29,M,Unmarried,GEN,Salaried,305000.0,45000.0,260000.0,764000.0
RET-09240,25,M,Married,OBC,Self-Employed Non-Professional,84000.0,9000.0,75000.0,194000.0
RET-09241,45,M,Married,GEN,Salaried,56000.0,13000.0,43000.0,49000.0
RET-09242,37,F,Married,GEN,Salaried,231000.0,26000.0,205000.0,159000.0
RET-09243,37,M,Unmarried,Minority,Self-Employed Professional,93000.0,8000.0,85000.0,214000.0
RET-09244,26,M,Unmarried,GEN,Salaried,194000.0,40000.0,154000.0,331000.0
RET-09245,35,F,Married,GEN,Self-Employed Non-Professional,71000.0,7000.0,64000.0,162000.0
RET-09246,30,M,Married,OBC,Salaried,25000.0,4000.0,21000.0,48000.0
RET-09247,41,M,Married,GEN,Salaried,29000.0,5000.0,24000.0,42000.0
RET-09248,28,M,Married,OBC,Self-Employed Non-Professional,140000.0,7000.0,133000.0,379000.0
RET-09249,51,F,Married,SC,Salaried,51000.0,7000.0,44000.0,105000.0
RET-09250,21,F,Married,GEN,Self-Employed Professional,85000.0,12000.0,73000.0,38000.0
RET-09251,29,F,Married,GEN,Self-Employed Non-Professional,144000.0,21000.0,123000.0,278000.0
RET-09252,54,M,Unmarried,GEN,Self-Employed Non-Professional,81000.0,10000.0,71000.0,132000.0
RET-09253,33,M,Married,GEN,Self-Employed Non-Professional,44000.0,5000.0,39000.0,33000.0
RET-09254,24,F,Married,GEN,Salaried,73000.0,12000.0,61000.0,97000.0
RET-09255,40,M,Married,ST,Self-Employed Professional,78000.0,6000.0,72000.0,130000.0
RET-09256,33,M,Unmarried,SC,Salaried,57000.0,13000.0,44000.0,74000.0
RET-09257,29,F,Married,GEN,Self-Employed Non-Professional,32000.0,3000.0,29000.0,46000.0
RET-09258,27,M,Married,ST,Salaried,59000.0,9000.0,50000.0,104000.0
RET-09259,65,M,Unmarried,GEN,Salaried,69000.0,8000.0,61000.0,131000.0
RET-09260,35,F,Unmarried,OBC,Self-Employed Non-Professional,31000.0,3000.0,28000.0,63000.0
RET-09261,21,M,Unmarried,GEN,Self-Employed Non-Professional,42000.0,6000.0,36000.0,87000.0
RET-09262,52,M,Married,GEN,Self-Employed Non-Professional,48000.0,4000.0,44000.0,114000.0
RET-09263,44,F,Married,SC,Salaried,25000.0,3000.0,22000.0,43000.0
RET-09264,30,F,Unmarried,GEN,Salaried,79000.0,18000.0,61000.0,42000.0
RET-09265,28,M,Married,OBC,Self-Employed Non-Professional,84000.0,10000.0,74000.0,104000.0
RET-09266,44,M,Married,GEN,Salaried,53000.0,9000.0,44000.0,22000.0
RET-09267,35,F,Unmarried,GEN,Self-Employed Non-Professional,32000.0,5000.0,27000.0,54000.0
RET-09268,21,M,Unmarried,OBC,Self-Employed Professional,93000.0,9000.0,84000.0,247000.0
RET-09269,55,M,Unmarried,SC,Self-Employed Non-Professional,101000.0,12000.0,89000.0,229000.0
RET-09270,33,M,Unmarried,GEN,Self-Employed Professional,78000.0,9000.0,69000.0,118000.0
RET-09271,52,F,Married,GEN,Self-Employed Non-Professional,75000.0,6000.0,69000.0,157000.0
RET-09272,50,F,Unmarried,OBC,Salaried,104000.0,12000.0,92000.0,217000.0
RET-09273,27,M,Married,OBC,Self-Employed Non-Professional,69000.0,6000.0,63000.0,125000.0
RET-09274,48,F,Unmarried,OBC,Salaried,42000.0,10000.0,32000.0,87000.0
RET-09275,31,F,Married,OBC,Salaried,70000.0,14000.0,56000.0,73000.0
RET-09276,21,M,Married,Minority,Salaried,58000.0,11000.0,47000.0,103000.0
RET-09277,33,M,Married,GEN,Self-Employed Professional,70000.0,5000.0,65000.0,43000.0
RET-09278,41,M,Married,OBC,Self-Employed Professional,124000.0,14000.0,110000.0,93000.0
RET-09279,33,F,Married,OBC,Salaried,36000.0,6000.0,30000.0,85000.0
RET-09280,34,M,Married,OBC,Self-Employed Professional,81000.0,7000.0,74000.0,137000.0
RET-09281,49,M,Married,GEN,Self-Employed Non-Professional,34000.0,3000.0,31000.0,74000.0
RET-09282,39,M,Married,OBC,Self-Employed Professional,42000.0,5000.0,37000.0,99000.0
RET-09283,29,M,Married,OBC,Salaried,188000.0,23000.0,165000.0,468000.0
RET-09284,45,F,Married,OBC,Self-Employed Professional,96000.0,9000.0,87000.0,63000.0
RET-09285,39,M,Married,GEN,Self-Employed Non-Professional,81000.0,5000.0,76000.0,171000.0
RET-09286,21,F,Unmarried,OBC,Self-Employed Non-Professional,27000.0,3000.0,24000.0,50000.0
RET-09287,42,M,Married,ST,Salaried,63000.0,11000.0,52000.0,104000.0
RET-09288,41,M,Married,ST,Salaried,25000.0,6000.0,19000.0,16000.0
RET-09289,38,F,Married,SC,Salaried,75000.0,14000.0,61000.0,148000.0
RET-09290,46,M,Unmarried,OBC,Salaried,35000.0,5000.0,30000.0,39000.0
RET-09291,31,M,Unmarried,GEN,Salaried,102000.0,16000.0,86000.0,91000.0
RET-09292,41,F,Married,GEN,Salaried,81000.0,12000.0,69000.0,157000.0
RET-09293,22,M,Unmarried,GEN,Self-Employed Professional,35000.0,4000.0,31000.0,32000.0
RET-09294,42,M,Unmarried,SC,Salaried,92000.0,11000.0,81000.0,141000.0
RET-09295,57,M,Unmarried,GEN,Salaried,257000.0,44000.0,213000.0,276000.0
RET-09296,28,M,Married,SC,Salaried,65000.0,9000.0,56000.0,143000.0
RET-09297,30,F,Unmarried,SC,Salaried,124000.0,14000.0,110000.0,317000.0
RET-09298,30,F,Married,ST,Self-Employed Non-Professional,25000.0,2000.0,23000.0,59000.0
RET-09299,39,M,Unmarried,SC,Salaried,97000.0,17000.0,80000.0,119000.0
RET-09300,27,F,Unmarried,OBC,Self-Employed Professional,52000.0,6000.0,46000.0,42000.0
RET-09301,42,F,Unmarried,OBC,Salaried,62000.0,8000.0,54000.0,121000.0
RET-09302,46,M,Married,GEN,Self-Employed Professional,105000.0,7000.0,98000.0,270000.0
RET-09303,43,M,Unmarried,GEN,Salaried,63000.0,13000.0,50000.0,75000.0
RET-09304,21,M,Married,GEN,Salaried,28000.0,4000.0,24000.0,14000.0
RET-09305,47,F,Married,GEN,Self-Employed Professional,183000.0,11000.0,172000.0,139000.0
RET-09306,47,F,Married,Minority,Salaried,31000.0,7000.0,24000.0,35000.0
RET-09307,46,M,Unmarried,GEN,Salaried,44000.0,9000.0,35000.0,61000.0
RET-09308,41,F,Married,OBC,Self-Employed Professional,79000.0,7000.0,72000.0,88000.0
RET-09309,40,M,Married,GEN,Salaried,79000.0,12000.0,67000.0,115000.0
RET-09310,48,M,Married,Minority,Self-Employed Professional,95000.0,7000.0,88000.0,255000.0
RET-09311,57,F,Married,GEN,Salaried,79000.0,10000.0,69000.0,48000.0
RET-09312,28,M,Unmarried,GEN,Salaried,146000.0,19000.0,127000.0,319000.0
RET-09313,48,M,Unmarried,GEN,Salaried,98000.0,19000.0,79000.0,129000.0
RET-09314,37,M,Married,SC,Salaried,36000.0,5000.0,31000.0,66000.0
RET-09315,36,M,Unmarried,GEN,Salaried,25000.0,4000.0,21000.0,61000.0
RET-09316,22,M,Unmarried,SC,Salaried,80000.0,14000.0,66000.0,109000.0
RET-09317,35,M,Unmarried,OBC,Self-Employed Professional,176000.0,11000.0,165000.0,122000.0
RET-09318,28,F,Unmarried,GEN,Self-Employed Non-Professional,34000.0,3000.0,31000.0,80000.0
RET-09319,33,F,Unmarried,GEN,Self-Employed Professional,39000.0,3000.0,36000.0,42000.0
RET-09320,27,M,Unmarried,SC,Salaried,90000.0,10000.0,80000.0,221000.0
RET-09321,33,M,Married,GEN,Salaried,98000.0,21000.0,77000.0,54000.0
RET-09322,33,F,Married,ST,Salaried,143000.0,26000.0,117000.0,125000.0
RET-09323,38,M,Unmarried,GEN,Salaried,196000.0,44000.0,152000.0,444000.0
RET-09324,21,M,Married,OBC,Self-Employed Professional,84000.0,6000.0,78000.0,211000.0
RET-09325,23,M,Married,OBC,Self-Employed Non-Professional,42000.0,6000.0,36000.0,38000.0
RET-09326,41,M,Married,OBC,Salaried,43000.0,10000.0,33000.0,81000.0
RET-09327,30,M,Married,GEN,Salaried,53000.0,12000.0,41000.0,29000.0
RET-09328,48,M,Married,ST,Self-Employed Non-Professional,136000.0,14000.0,122000.0,109000.0
RET-09329,40,M,Unmarried,SC,Salaried,54000.0,12000.0,42000.0,40000.0
RET-09330,44,F,Unmarried,OBC,Self-Employed Non-Professional,130000.0,17000.0,113000.0,69000.0
RET-09331,52,F,Married,OBC,Self-Employed Non-Professional,29000.0,4000.0,25000.0,43000.0
RET-09332,34,M,Married,OBC,Salaried,87000.0,21000.0,66000.0,97000.0
RET-09333,32,F,Married,Minority,Salaried,47000.0,5000.0,42000.0,83000.0
RET-09334,46,M,Married,ST,Self-Employed Non-Professional,100000.0,12000.0,88000.0,196000.0
RET-09335,43,M,Married,GEN,Self-Employed Professional,63000.0,4000.0,59000.0,117000.0
RET-09336,36,F,Unmarried,GEN,Salaried,118000.0,28000.0,90000.0,108000.0
RET-09337,51,M,Unmarried,Minority,Salaried,56000.0,6000.0,50000.0,35000.0
RET-09338,35,M,Married,GEN,Self-Employed Professional,72000.0,6000.0,66000.0,154000.0
RET-09339,38,M,Married,Minority,Salaried,119000.0,25000.0,94000.0,120000.0
RET-09340,38,F,Unmarried,OBC,Salaried,69000.0,9000.0,60000.0,67000.0
RET-09341,28,M,Unmarried,GEN,Salaried,76000.0,9000.0,67000.0,149000.0
RET-09342,38,F,Unmarried,GEN,Salaried,115000.0,12000.0,103000.0,165000.0
RET-09343,51,F,Married,GEN,Salaried,70000.0,9000.0,61000.0,62000.0
RET-09344,42,F,Married,SC,Salaried,28000.0,6000.0,22000.0,53000.0
RET-09345,38,M,Married,GEN,Salaried,52000.0,13000.0,39000.0,98000.0
RET-09346,36,M,Married,GEN,Salaried,25000.0,6000.0,19000.0,56000.0
RET-09347,41,M,Unmarried,Minority,Self-Employed Non-Professional,63000.0,9000.0,54000.0,90000.0
RET-09348,45,M,Married,GEN,Salaried,97000.0,20000.0,77000.0,46000.0
RET-09349,44,F,Unmarried,OBC,Salaried,79000.0,18000.0,61000.0,109000.0
RET-09350,34,M,Married,OBC,Salaried,169000.0,37000.0,132000.0,74000.0
RET-09351,41,F,Unmarried,GEN,Salaried,158000.0,17000.0,141000.0,405000.0
RET-09352,42,M,Married,GEN,Self-Employed Non-Professional,85000.0,10000.0,75000.0,70000.0
RET-09353,27,F,Married,GEN,Salaried,25000.0,6000.0,19000.0,53000.0
RET-09354,39,M,Married,GEN,Salaried,109000.0,23000.0,86000.0,247000.0
RET-09355,21,M,Married,GEN,Self-Employed Non-Professional,46000.0,6000.0,40000.0,98000.0
RET-09356,42,F,Unmarried,OBC,Self-Employed Professional,124000.0,18000.0,106000.0,76000.0
RET-09357,44,M,Married,OBC,Salaried,88000.0,14000.0,74000.0,140000.0
RET-09358,45,M,Unmarried,OBC,Self-Employed Non-Professional,108000.0,11000.0,97000.0,134000.0
RET-09359,34,M,Married,GEN,Self-Employed Non-Professional,99000.0,13000.0,86000.0,219000.0
RET-09360,41,M,Married,GEN,Self-Employed Non-Professional,307000.0,39000.0,268000.0,336000.0
RET-09361,52,F,Unmarried,GEN,Salaried,100000.0,15000.0,85000.0,138000.0
RET-09362,52,F,Unmarried,GEN,Self-Employed Non-Professional,34000.0,3000.0,31000.0,60000.0
RET-09363,37,M,Married,Minority,Salaried,139000.0,25000.0,114000.0,67000.0
RET-09364,39,M,Unmarried,GEN,Self-Employed Professional,56000.0,4000.0,52000.0,105000.0
RET-09365,49,M,Married,GEN,Salaried,164000.0,31000.0,133000.0,181000.0
RET-09366,22,F,Married,OBC,Salaried,185000.0,22000.0,163000.0,297000.0
RET-09367,34,F,Unmarried,OBC,Salaried,106000.0,25000.0,81000.0,66000.0
RET-09368,51,F,Married,Minority,Salaried,34000.0,7000.0,27000.0,36000.0
RET-09369,47,M,Married,GEN,Salaried,55000.0,7000.0,48000.0,94000.0
RET-09370,41,M,Unmarried,GEN,Salaried,163000.0,18000.0,145000.0,280000.0
RET-09371,22,M,Married,GEN,Self-Employed Non-Professional,243000.0,33000.0,210000.0,188000.0
RET-09372,37,M,Married,GEN,Self-Employed Professional,76000.0,4000.0,72000.0,111000.0
RET-09373,32,F,Married,OBC,Salaried,62000.0,9000.0,53000.0,95000.0
RET-09374,41,M,Unmarried,ST,Self-Employed Professional,36000.0,3000.0,33000.0,23000.0
RET-09375,29,F,Unmarried,OBC,Self-Employed Professional,36000.0,2000.0,34000.0,68000.0
RET-09376,27,M,Married,GEN,Salaried,84000.0,16000.0,68000.0,73000.0
RET-09377,21,F,Unmarried,GEN,Self-Employed Professional,111000.0,13000.0,98000.0,274000.0
RET-09378,50,M,Married,Minority,Self-Employed Professional,30000.0,3000.0,27000.0,32000.0
RET-09379,34,M,Unmarried,GEN,Salaried,120000.0,18000.0,102000.0,252000.0
RET-09380,39,M,Unmarried,Minority,Salaried,167000.0,40000.0,127000.0,248000.0
RET-09381,37,F,Unmarried,OBC,Salaried,107000.0,16000.0,91000.0,201000.0
RET-09382,27,M,Married,Minority,Self-Employed Professional,197000.0,21000.0,176000.0,485000.0
RET-09383,25,F,Unmarried,ST,Salaried,91000.0,21000.0,70000.0,183000.0
RET-09384,27,M,Married,GEN,Self-Employed Professional,91000.0,11000.0,80000.0,66000.0
RET-09385,30,M,Married,SC,Salaried,90000.0,18000.0,72000.0,204000.0
RET-09386,41,F,Married,GEN,Self-Employed Professional,165000.0,20000.0,145000.0,123000.0
RET-09387,30,M,Married,GEN,Self-Employed Non-Professional,101000.0,11000.0,90000.0,116000.0
RET-09388,55,M,Married,GEN,Self-Employed Non-Professional,53000.0,7000.0,46000.0,83000.0
RET-09389,48,M,Married,GEN,Self-Employed Professional,94000.0,6000.0,88000.0,249000.0
RET-09390,46,F,Married,GEN,Salaried,95000.0,14000.0,81000.0,168000.0
RET-09391,36,M,Unmarried,GEN,Self-Employed Professional,64000.0,6000.0,58000.0,156000.0
RET-09392,53,M,Married,OBC,Self-Employed Professional,135000.0,11000.0,124000.0,354000.0
RET-09393,35,M,Married,Minority,Self-Employed Professional,77000.0,8000.0,69000.0,164000.0
RET-09394,37,M,Married,OBC,Self-Employed Non-Professional,112000.0,15000.0,97000.0,165000.0
RET-09395,39,M,Unmarried,GEN,Salaried,99000.0,24000.0,75000.0,110000.0
RET-09396,45,M,Married,GEN,Self-Employed Professional,47000.0,6000.0,41000.0,49000.0
RET-09397,44,F,Married,GEN,Salaried,41000.0,9000.0,32000.0,57000.0
RET-09398,33,M,Married,OBC,Salaried,48000.0,7000.0,41000.0,25000.0
RET-09399,32,F,Unmarried,SC,Salaried,70000.0,13000.0,57000.0,61000.0
RET-09400,44,F,Married,GEN,Salaried,190000.0,41000.0,149000.0,208000.0
RET-09401,45,F,Married,OBC,Self-Employed Professional,71000.0,10000.0,61000.0,161000.0
RET-09402,34,M,Unmarried,OBC,Self-Employed Professional,92000.0,9000.0,83000.0,120000.0
RET-09403,22,M,Married,GEN,Self-Employed Professional,123000.0,12000.0,111000.0,122000.0
RET-09404,35,F,Married,GEN,Self-Employed Non-Professional,59000.0,5000.0,54000.0,133000.0
RET-09405,44,M,Married,OBC,Self-Employed Professional,57000.0,6000.0,51000.0,146000.0
RET-09406,56,M,Unmarried,OBC,Self-Employed Non-Professional,137000.0,10000.0,127000.0,309000.0
RET-09407,26,F,Married,GEN,Self-Employed Professional,103000.0,14000.0,89000.0,72000.0
RET-09408,33,M,Married,GEN,Salaried,52000.0,11000.0,41000.0,53000.0
RET-09409,34,M,Married,OBC,Salaried,57000.0,10000.0,47000.0,94000.0
RET-09410,51,M,Unmarried,GEN,Self-Employed Professional,77000.0,11000.0,66000.0,65000.0
RET-09411,37,F,Married,SC,Self-Employed Professional,89000.0,9000.0,80000.0,167000.0
RET-09412,28,M,Married,GEN,Self-Employed Professional,154000.0,9000.0,145000.0,158000.0
RET-09413,43,F,Unmarried,GEN,Self-Employed Professional,101000.0,9000.0,92000.0,171000.0
RET-09414,33,M,Unmarried,GEN,Self-Employed Non-Professional,41000.0,5000.0,36000.0,82000.0
RET-09415,25,M,Unmarried,Minority,Salaried,46000.0,7000.0,39000.0,96000.0
RET-09416,29,M,Married,SC,Salaried,88000.0,17000.0,71000.0,178000.0
RET-09417,55,M,Married,ST,Self-Employed Professional,80000.0,8000.0,72000.0,175000.0
RET-09418,41,M,Married,GEN,Salaried,44000.0,10000.0,34000.0,29000.0
RET-09419,39,M,Married,SC,Self-Employed Non-Professional,138000.0,13000.0,125000.0,372000.0
RET-09420,35,F,Unmarried,ST,Self-Employed Professional,25000.0,2000.0,23000.0,56000.0
RET-09421,40,M,Unmarried,GEN,Salaried,89000.0,10000.0,79000.0,60000.0
RET-09422,40,M,Married,Minority,Salaried,29000.0,5000.0,24000.0,54000.0
RET-09423,40,M,Unmarried,ST,Self-Employed Professional,124000.0,15000.0,109000.0,183000.0
RET-09424,39,F,Unmarried,Minority,Salaried,62000.0,11000.0,51000.0,80000.0
RET-09425,46,M,Unmarried,ST,Salaried,115000.0,27000.0,88000.0,193000.0
RET-09426,38,M,Unmarried,SC,Salaried,58000.0,6000.0,52000.0,48000.0
RET-09427,28,F,Married,Minority,Self-Employed Non-Professional,162000.0,16000.0,146000.0,438000.0
RET-09428,31,M,Married,GEN,Self-Employed Professional,25000.0,3000.0,22000.0,41000.0
RET-09429,21,M,Married,SC,Salaried,124000.0,17000.0,107000.0,213000.0
RET-09430,58,M,Married,GEN,Self-Employed Non-Professional,51000.0,7000.0,44000.0,69000.0
RET-09431,46,F,Married,OBC,Self-Employed Non-Professional,92000.0,10000.0,82000.0,165000.0
RET-09432,29,M,Married,SC,Salaried,94000.0,11000.0,83000.0,179000.0
RET-09433,35,M,Married,OBC,Salaried,32000.0,5000.0,27000.0,37000.0
RET-09434,31,F,Married,SC,Self-Employed Professional,133000.0,12000.0,121000.0,200000.0
RET-09435,53,M,Married,GEN,Salaried,93000.0,12000.0,81000.0,92000.0
RET-09436,23,F,Married,OBC,Salaried,78000.0,11000.0,67000.0,163000.0
RET-09437,39,M,Married,GEN,Salaried,92000.0,16000.0,76000.0,178000.0
RET-09438,36,M,Married,GEN,Salaried,79000.0,13000.0,66000.0,167000.0
RET-09439,46,M,Married,OBC,Salaried,121000.0,29000.0,92000.0,208000.0
RET-09440,36,M,Unmarried,OBC,Self-Employed Professional,55000.0,7000.0,48000.0,26000.0
RET-09441,21,M,Married,GEN,Salaried,121000.0,26000.0,95000.0,93000.0
RET-09442,35,M,Married,GEN,Self-Employed Professional,103000.0,15000.0,88000.0,129000.0
RET-09443,28,M,Married,GEN,Self-Employed Professional,66000.0,6000.0,60000.0,65000.0
RET-09444,38,F,Married,OBC,Salaried,221000.0,42000.0,179000.0,327000.0
RET-09445,52,M,Unmarried,OBC,Self-Employed Professional,96000.0,13000.0,83000.0,228000.0
RET-09446,21,F,Married,GEN,Salaried,82000.0,14000.0,68000.0,159000.0
RET-09447,29,F,Unmarried,SC,Self-Employed Professional,103000.0,13000.0,90000.0,105000.0
RET-09448,32,F,Unmarried,GEN,Salaried,69000.0,14000.0,55000.0,82000.0
RET-09449,34,F,Married,OBC,Salaried,150000.0,34000.0,116000.0,73000.0
RET-09450,45,M,Married,GEN,Salaried,72000.0,11000.0,61000.0,31000.0
RET-09451,36,F,Married,Minority,Salaried,120000.0,13000.0,107000.0,167000.0
RET-09452,42,F,Married,GEN,Salaried,39000.0,4000.0,35000.0,81000.0
RET-09453,31,F,Unmarried,OBC,Self-Employed Non-Professional,25000.0,3000.0,22000.0,58000.0
RET-09454,40,M,Married,OBC,Self-Employed Professional,93000.0,14000.0,79000.0,125000.0
RET-09455,45,F,Married,GEN,Self-Employed Non-Professional,58000.0,5000.0,53000.0,50000.0
RET-09456,30,F,Married,GEN,Self-Employed Non-Professional,65000.0,8000.0,57000.0,66000.0
RET-09457,45,F,Married,GEN,Self-Employed Non-Professional,25000.0,2000.0,23000.0,37000.0
RET-09458,38,M,Unmarried,SC,Salaried,203000.0,24000.0,179000.0,380000.0
RET-09459,48,M,Married,GEN,Salaried,78000.0,13000.0,65000.0,121000.0
RET-09460,35,F,Married,OBC,Self-Employed Non-Professional,163000.0,22000.0,141000.0,367000.0
RET-09461,41,M,Married,OBC,Salaried,32000.0,4000.0,28000.0,15000.0
RET-09462,37,M,Married,GEN,Salaried,78000.0,10000.0,68000.0,203000.0
RET-09463,37,F,Married,GEN,Self-Employed Non-Professional,93000.0,14000.0,79000.0,223000.0
RET-09464,40,M,Married,Minority,Salaried,79000.0,15000.0,64000.0,56000.0
RET-09465,43,M,Married,GEN,Salaried,84000.0,11000.0,73000.0,45000.0
RET-09466,25,M,Married,GEN,Salaried,32000.0,7000.0,25000.0,51000.0
RET-09467,52,M,Married,OBC,Self-Employed Non-Professional,88000.0,7000.0,81000.0,187000.0
RET-09468,21,M,Married,GEN,Self-Employed Non-Professional,44000.0,2000.0,42000.0,71000.0
RET-09469,31,M,Married,GEN,Self-Employed Professional,50000.0,7000.0,43000.0,51000.0
RET-09470,37,M,Married,GEN,Self-Employed Non-Professional,74000.0,8000.0,66000.0,138000.0
RET-09471,42,M,Unmarried,Minority,Salaried,59000.0,14000.0,45000.0,94000.0
RET-09472,53,F,Married,GEN,Salaried,61000.0,15000.0,46000.0,40000.0
RET-09473,21,M,Unmarried,Minority,Salaried,144000.0,21000.0,123000.0,307000.0
RET-09474,32,M,Unmarried,GEN,Salaried,67000.0,15000.0,52000.0,123000.0
RET-09475,21,M,Married,GEN,Salaried,58000.0,7000.0,51000.0,36000.0
RET-09476,38,F,Unmarried,Minority,Salaried,68000.0,15000.0,53000.0,88000.0
RET-09477,40,F,Unmarried,GEN,Salaried,38000.0,5000.0,33000.0,49000.0
RET-09478,53,M,Married,GEN,Salaried,81000.0,12000.0,69000.0,114000.0
RET-09479,39,M,Unmarried,GEN,Salaried,113000.0,20000.0,93000.0,154000.0
RET-09480,48,M,Married,Minority,Self-Employed Non-Professional,88000.0,12000.0,76000.0,138000.0
RET-09481,43,F,Married,GEN,Salaried,75000.0,9000.0,66000.0,79000.0
RET-09482,33,M,Unmarried,SC,Salaried,105000.0,20000.0,85000.0,142000.0
RET-09483,23,M,Married,OBC,Salaried,52000.0,7000.0,45000.0,34000.0
RET-09484,40,F,Unmarried,GEN,Self-Employed Non-Professional,75000.0,9000.0,66000.0,62000.0
RET-09485,23,F,Unmarried,GEN,Salaried,169000.0,23000.0,146000.0,105000.0
RET-09486,50,M,Unmarried,Minority,Salaried,61000.0,14000.0,47000.0,45000.0
RET-09487,36,F,Married,OBC,Salaried,105000.0,16000.0,89000.0,45000.0
RET-09488,49,M,Unmarried,OBC,Salaried,107000.0,25000.0,82000.0,49000.0
RET-09489,33,F,Married,GEN,Salaried,46000.0,7000.0,39000.0,97000.0
RET-09490,40,M,Married,GEN,Salaried,110000.0,14000.0,96000.0,96000.0
RET-09491,40,M,Married,OBC,Salaried,51000.0,10000.0,41000.0,74000.0
RET-09492,37,M,Married,OBC,Self-Employed Non-Professional,95000.0,13000.0,82000.0,117000.0
RET-09493,33,M,Married,OBC,Salaried,50000.0,10000.0,40000.0,53000.0
RET-09494,41,M,Married,GEN,Self-Employed Professional,87000.0,10000.0,77000.0,203000.0
RET-09495,28,M,Married,Minority,Salaried,79000.0,12000.0,67000.0,115000.0
RET-09496,25,M,Married,GEN,Salaried,78000.0,11000.0,67000.0,120000.0
RET-09497,50,M,Unmarried,GEN,Salaried,86000.0,21000.0,65000.0,107000.0
RET-09498,45,F,Married,Minority,Self-Employed Non-Professional,53000.0,7000.0,46000.0,54000.0
RET-09499,38,M,Married,OBC,Salaried,36000.0,8000.0,28000.0,62000.0
RET-09500,54,M,Unmarried,GEN,Salaried,77000.0,10000.0,67000.0,41000.0
RET-09501,35,M,Married,SC,Salaried,142000.0,28000.0,114000.0,137000.0
RET-09502,51,M,Unmarried,GEN,Salaried,104000.0,22000.0,82000.0,177000.0
RET-09503,39,M,Married,GEN,Salaried,96000.0,15000.0,81000.0,47000.0
RET-09504,27,M,Married,OBC,Salaried,54000.0,7000.0,47000.0,27000.0
RET-09505,56,M,Married,GEN,Self-Employed Non-Professional,82000.0,6000.0,76000.0,109000.0
RET-09506,47,M,Married,GEN,Self-Employed Professional,44000.0,6000.0,38000.0,43000.0
RET-09507,36,F,Unmarried,GEN,Salaried,57000.0,11000.0,46000.0,104000.0
RET-09508,45,M,Married,GEN,Self-Employed Professional,91000.0,11000.0,80000.0,191000.0
RET-09509,33,M,Unmarried,GEN,Salaried,25000.0,3000.0,22000.0,13000.0
RET-09510,46,M,Married,ST,Self-Employed Professional,206000.0,15000.0,191000.0,304000.0
RET-09511,21,F,Married,OBC,Self-Employed Professional,33000.0,3000.0,30000.0,86000.0
RET-09512,27,M,Unmarried,GEN,Salaried,227000.0,42000.0,185000.0,237000.0
RET-09513,47,F,Married,OBC,Self-Employed Non-Professional,44000.0,6000.0,38000.0,38000.0
RET-09514,35,M,Unmarried,SC,Salaried,44000.0,10000.0,34000.0,61000.0
RET-09515,40,M,Married,OBC,Salaried,58000.0,8000.0,50000.0,81000.0
RET-09516,24,F,Married,GEN,Self-Employed Professional,56000.0,5000.0,51000.0,53000.0
RET-09517,56,F,Unmarried,GEN,Salaried,51000.0,7000.0,44000.0,47000.0
RET-09518,49,M,Married,ST,Salaried,59000.0,8000.0,51000.0,113000.0
RET-09519,35,M,Married,GEN,Salaried,77000.0,19000.0,58000.0,76000.0
RET-09520,33,M,Unmarried,GEN,Self-Employed Non-Professional,43000.0,3000.0,40000.0,119000.0
RET-09521,48,F,Married,OBC,Salaried,121000.0,28000.0,93000.0,114000.0
RET-09522,57,M,Married,GEN,Salaried,171000.0,22000.0,149000.0,279000.0
RET-09523,47,M,Married,Minority,Salaried,25000.0,4000.0,21000.0,14000.0
RET-09524,59,M,Married,ST,Salaried,223000.0,27000.0,196000.0,362000.0
RET-09525,28,M,Married,OBC,Self-Employed Professional,116000.0,14000.0,102000.0,168000.0
RET-09526,29,M,Married,SC,Salaried,85000.0,10000.0,75000.0,103000.0
RET-09527,26,M,Married,GEN,Self-Employed Professional,52000.0,7000.0,45000.0,71000.0
RET-09528,42,M,Married,SC,Self-Employed Professional,81000.0,10000.0,71000.0,67000.0
RET-09529,39,M,Unmarried,OBC,Salaried,125000.0,16000.0,109000.0,278000.0
RET-09530,36,M,Married,GEN,Salaried,350000.0,84000.0,266000.0,746000.0
RET-09531,46,M,Married,Minority,Self-Employed Professional,272000.0,39000.0,233000.0,604000.0
RET-09532,50,M,Unmarried,ST,Salaried,29000.0,7000.0,22000.0,55000.0
RET-09533,22,M,Unmarried,Minority,Self-Employed Non-Professional,65000.0,7000.0,58000.0,109000.0
RET-09534,32,M,Married,OBC,Self-Employed Non-Professional,77000.0,6000.0,71000.0,95000.0
RET-09535,46,M,Unmarried,GEN,Self-Employed Professional,164000.0,19000.0,145000.0,135000.0
RET-09536,33,F,Married,GEN,Self-Employed Non-Professional,70000.0,10000.0,60000.0,153000.0
RET-09537,30,M,Married,GEN,Salaried,46000.0,11000.0,35000.0,21000.0
RET-09538,48,M,Unmarried,GEN,Salaried,76000.0,9000.0,67000.0,64000.0
RET-09539,25,M,Unmarried,GEN,Salaried,58000.0,6000.0,52000.0,78000.0
RET-09540,34,M,Married,OBC,Salaried,132000.0,31000.0,101000.0,100000.0
RET-09541,41,M,Married,OBC,Salaried,306000.0,63000.0,243000.0,476000.0
RET-09542,32,M,Married,GEN,Salaried,126000.0,28000.0,98000.0,226000.0
RET-09543,45,M,Married,OBC,Salaried,129000.0,19000.0,110000.0,305000.0
RET-09544,32,M,Unmarried,GEN,Salaried,153000.0,15000.0,138000.0,142000.0
RET-09545,52,M,Married,OBC,Salaried,96000.0,17000.0,79000.0,95000.0
RET-09546,36,F,Married,Minority,Salaried,58000.0,14000.0,44000.0,101000.0
RET-09547,44,F,Married,OBC,Salaried,61000.0,14000.0,47000.0,49000.0
RET-09548,45,F,Unmarried,GEN,Self-Employed Professional,141000.0,21000.0,120000.0,175000.0
RET-09549,31,M,Married,GEN,Salaried,87000.0,11000.0,76000.0,181000.0
RET-09550,21,F,Unmarried,SC,Self-Employed Non-Professional,41000.0,4000.0,37000.0,53000.0
RET-09551,41,F,Unmarried,OBC,Self-Employed Non-Professional,160000.0,10000.0,150000.0,130000.0
RET-09552,38,F,Married,Minority,Self-Employed Professional,46000.0,3000.0,43000.0,50000.0
RET-09553,43,M,Unmarried,GEN,Salaried,37000.0,5000.0,32000.0,22000.0
RET-09554,35,F,Unmarried,GEN,Self-Employed Professional,43000.0,4000.0,39000.0,85000.0
RET-09555,33,M,Married,GEN,Salaried,88000.0,15000.0,73000.0,45000.0
RET-09556,58,M,Married,SC,Self-Employed Professional,131000.0,13000.0,118000.0,228000.0
RET-09557,23,M,Married,OBC,Salaried,85000.0,15000.0,70000.0,201000.0
RET-09558,45,F,Married,GEN,Self-Employed Professional,52000.0,4000.0,48000.0,127000.0
RET-09559,32,F,Married,GEN,Self-Employed Professional,45000.0,2000.0,43000.0,29000.0
RET-09560,34,M,Married,OBC,Salaried,116000.0,24000.0,92000.0,210000.0
RET-09561,34,M,Unmarried,Minority,Self-Employed Professional,69000.0,4000.0,65000.0,145000.0
RET-09562,29,M,Married,GEN,Salaried,90000.0,22000.0,68000.0,85000.0
RET-09563,43,M,Married,GEN,Salaried,67000.0,8000.0,59000.0,46000.0
RET-09564,51,M,Married,GEN,Salaried,88000.0,14000.0,74000.0,195000.0
RET-09565,42,M,Unmarried,GEN,Salaried,92000.0,16000.0,76000.0,143000.0
RET-09566,39,F,Married,OBC,Salaried,313000.0,33000.0,280000.0,629000.0
RET-09567,28,M,Married,GEN,Salaried,93000.0,17000.0,76000.0,125000.0
RET-09568,43,M,Married,OBC,Salaried,58000.0,13000.0,45000.0,48000.0
RET-09569,59,F,Married,Minority,Self-Employed Professional,81000.0,7000.0,74000.0,85000.0
RET-09570,34,F,Married,GEN,Salaried,41000.0,6000.0,35000.0,64000.0
RET-09571,34,F,Married,SC,Salaried,41000.0,8000.0,33000.0,36000.0
RET-09572,32,M,Unmarried,Minority,Salaried,155000.0,34000.0,121000.0,181000.0
RET-09573,33,F,Unmarried,GEN,Salaried,88000.0,12000.0,76000.0,52000.0
RET-09574,21,M,Married,GEN,Self-Employed Non-Professional,143000.0,9000.0,134000.0,400000.0
RET-09575,42,F,Married,SC,Salaried,28000.0,4000.0,24000.0,49000.0
RET-09576,29,F,Unmarried,OBC,Salaried,41000.0,6000.0,35000.0,30000.0
RET-09577,21,F,Married,GEN,Self-Employed Non-Professional,87000.0,13000.0,74000.0,61000.0
RET-09578,45,M,Unmarried,GEN,Salaried,45000.0,7000.0,38000.0,65000.0
RET-09579,27,M,Unmarried,OBC,Salaried,31000.0,4000.0,27000.0,15000.0
RET-09580,34,F,Unmarried,GEN,Self-Employed Non-Professional,38000.0,3000.0,35000.0,54000.0
RET-09581,52,F,Married,OBC,Salaried,60000.0,9000.0,51000.0,146000.0
RET-09582,23,M,Married,OBC,Self-Employed Professional,94000.0,6000.0,88000.0,225000.0
RET-09583,22,F,Married,ST,Salaried,205000.0,49000.0,156000.0,441000.0
RET-09584,40,M,Married,OBC,Salaried,39000.0,8000.0,31000.0,24000.0
RET-09585,49,M,Married,OBC,Salaried,40000.0,10000.0,30000.0,43000.0
RET-09586,22,M,Unmarried,OBC,Salaried,31000.0,6000.0,25000.0,47000.0
RET-09587,42,M,Married,GEN,Self-Employed Professional,103000.0,10000.0,93000.0,214000.0
RET-09588,43,M,Unmarried,SC,Salaried,79000.0,18000.0,61000.0,90000.0
RET-09589,21,F,Unmarried,OBC,Self-Employed Professional,41000.0,5000.0,36000.0,47000.0
RET-09590,45,M,Married,SC,Salaried,44000.0,9000.0,35000.0,44000.0
RET-09591,46,M,Married,SC,Salaried,68000.0,11000.0,57000.0,141000.0
RET-09592,34,F,Married,OBC,Self-Employed Professional,70000.0,10000.0,60000.0,87000.0
RET-09593,50,F,Married,GEN,Salaried,39000.0,5000.0,34000.0,18000.0
RET-09594,49,M,Married,Minority,Salaried,81000.0,16000.0,65000.0,158000.0
RET-09595,39,M,Married,GEN,Salaried,32000.0,6000.0,26000.0,23000.0
RET-09596,33,M,Unmarried,Minority,Salaried,75000.0,17000.0,58000.0,120000.0
RET-09597,28,F,Married,GEN,Salaried,66000.0,16000.0,50000.0,29000.0
RET-09598,37,M,Married,GEN,Self-Employed Professional,93000.0,8000.0,85000.0,125000.0
RET-09599,43,M,Unmarried,ST,Self-Employed Professional,151000.0,16000.0,135000.0,221000.0
RET-09600,34,F,Married,SC,Self-Employed Professional,59000.0,3000.0,56000.0,164000.0
RET-09601,21,M,Married,SC,Self-Employed Non-Professional,73000.0,6000.0,67000.0,48000.0
RET-09602,50,M,Married,GEN,Self-Employed Non-Professional,25000.0,2000.0,23000.0,55000.0
RET-09603,39,F,Married,ST,Salaried,239000.0,26000.0,213000.0,620000.0
RET-09604,34,M,Married,OBC,Salaried,25000.0,3000.0,22000.0,26000.0
RET-09605,46,M,Unmarried,GEN,Self-Employed Professional,70000.0,5000.0,65000.0,69000.0
RET-09606,53,F,Married,Minority,Salaried,25000.0,6000.0,19000.0,55000.0
RET-09607,21,F,Married,OBC,Salaried,45000.0,10000.0,35000.0,60000.0
RET-09608,42,M,Married,GEN,Salaried,207000.0,37000.0,170000.0,435000.0
RET-09609,23,M,Unmarried,OBC,Self-Employed Non-Professional,145000.0,8000.0,137000.0,341000.0
RET-09610,42,F,Married,OBC,Self-Employed Non-Professional,132000.0,18000.0,114000.0,150000.0
RET-09611,39,M,Married,ST,Self-Employed Professional,65000.0,6000.0,59000.0,57000.0
RET-09612,44,M,Married,GEN,Salaried,197000.0,38000.0,159000.0,359000.0
RET-09613,33,M,Married,SC,Salaried,85000.0,13000.0,72000.0,126000.0
RET-09614,21,M,Married,SC,Salaried,111000.0,19000.0,92000.0,159000.0
RET-09615,33,F,Unmarried,GEN,Self-Employed Non-Professional,358000.0,31000.0,327000.0,610000.0
RET-09616,42,M,Unmarried,GEN,Self-Employed Professional,141000.0,16000.0,125000.0,71000.0
RET-09617,48,F,Married,OBC,Self-Employed Professional,70000.0,9000.0,61000.0,31000.0
RET-09618,26,F,Married,SC,Salaried,99000.0,10000.0,89000.0,114000.0
RET-09619,48,F,Married,OBC,Salaried,170000.0,41000.0,129000.0,169000.0
RET-09620,31,F,Unmarried,SC,Salaried,106000.0,19000.0,87000.0,200000.0
RET-09621,41,F,Married,OBC,Salaried,117000.0,24000.0,93000.0,122000.0
RET-09622,32,M,Unmarried,OBC,Salaried,158000.0,20000.0,138000.0,193000.0
RET-09623,39,M,Unmarried,GEN,Salaried,334000.0,40000.0,294000.0,551000.0
RET-09624,46,F,Married,GEN,Self-Employed Non-Professional,42000.0,2000.0,40000.0,79000.0
RET-09625,25,M,Unmarried,OBC,Self-Employed Professional,111000.0,14000.0,97000.0,129000.0
RET-09626,31,M,Unmarried,SC,Self-Employed Professional,96000.0,11000.0,85000.0,161000.0
RET-09627,39,M,Married,OBC,Salaried,58000.0,10000.0,48000.0,98000.0
RET-09628,62,M,Married,OBC,Salaried,50000.0,7000.0,43000.0,50000.0
RET-09629,29,F,Married,OBC,Salaried,197000.0,47000.0,150000.0,163000.0
RET-09630,58,F,Married,GEN,Salaried,40000.0,5000.0,35000.0,95000.0
RET-09631,58,M,Married,OBC,Self-Employed Non-Professional,31000.0,4000.0,27000.0,57000.0
RET-09632,37,F,Married,GEN,Salaried,52000.0,12000.0,40000.0,51000.0
RET-09633,35,M,Married,OBC,Salaried,25000.0,3000.0,22000.0,41000.0
RET-09634,31,F,Married,OBC,Salaried,44000.0,10000.0,34000.0,77000.0
RET-09635,37,M,Unmarried,SC,Self-Employed Professional,39000.0,4000.0,35000.0,19000.0
RET-09636,23,F,Unmarried,GEN,Self-Employed Non-Professional,77000.0,6000.0,71000.0,199000.0
RET-09637,37,M,Unmarried,GEN,Self-Employed Professional,174000.0,21000.0,153000.0,351000.0
RET-09638,52,M,Married,GEN,Salaried,51000.0,11000.0,40000.0,59000.0
RET-09639,31,F,Unmarried,SC,Salaried,123000.0,23000.0,100000.0,283000.0
RET-09640,35,M,Unmarried,GEN,Self-Employed Professional,115000.0,9000.0,106000.0,68000.0
RET-09641,21,F,Married,GEN,Salaried,25000.0,6000.0,19000.0,45000.0
RET-09642,41,M,Unmarried,Minority,Salaried,53000.0,11000.0,42000.0,76000.0
RET-09643,40,M,Married,GEN,Salaried,58000.0,14000.0,44000.0,95000.0
RET-09644,38,M,Unmarried,GEN,Salaried,92000.0,15000.0,77000.0,129000.0
RET-09645,35,M,Unmarried,OBC,Salaried,103000.0,12000.0,91000.0,79000.0
RET-09646,35,M,Unmarried,OBC,Self-Employed Professional,89000.0,6000.0,83000.0,96000.0
RET-09647,43,F,Married,OBC,Salaried,43000.0,8000.0,35000.0,58000.0
RET-09648,37,M,Married,OBC,Self-Employed Non-Professional,50000.0,6000.0,44000.0,123000.0
RET-09649,41,F,Married,GEN,Self-Employed Non-Professional,30000.0,3000.0,27000.0,18000.0
RET-09650,40,M,Married,GEN,Salaried,76000.0,13000.0,63000.0,48000.0
RET-09651,49,M,Married,GEN,Salaried,59000.0,8000.0,51000.0,45000.0
RET-09652,44,M,Married,GEN,Salaried,101000.0,19000.0,82000.0,171000.0
RET-09653,39,M,Unmarried,OBC,Self-Employed Non-Professional,111000.0,9000.0,102000.0,144000.0
RET-09654,53,F,Married,GEN,Salaried,60000.0,14000.0,46000.0,40000.0
RET-09655,42,M,Unmarried,OBC,Self-Employed Non-Professional,87000.0,10000.0,77000.0,62000.0
RET-09656,51,M,Married,OBC,Self-Employed Professional,64000.0,10000.0,54000.0,118000.0
RET-09657,44,M,Married,GEN,Self-Employed Non-Professional,37000.0,4000.0,33000.0,55000.0
RET-09658,21,M,Married,GEN,Self-Employed Non-Professional,45000.0,3000.0,42000.0,113000.0
RET-09659,51,M,Married,GEN,Salaried,25000.0,3000.0,22000.0,33000.0
RET-09660,39,M,Married,GEN,Salaried,58000.0,7000.0,51000.0,109000.0
RET-09661,37,M,Unmarried,OBC,Salaried,51000.0,8000.0,43000.0,107000.0
RET-09662,40,F,Married,SC,Salaried,38000.0,4000.0,34000.0,98000.0
RET-09663,34,F,Unmarried,OBC,Self-Employed Professional,120000.0,9000.0,111000.0,297000.0
RET-09664,40,M,Unmarried,OBC,Self-Employed Non-Professional,100000.0,15000.0,85000.0,207000.0
RET-09665,32,M,Married,GEN,Self-Employed Non-Professional,102000.0,9000.0,93000.0,142000.0
RET-09666,50,F,Unmarried,OBC,Salaried,111000.0,18000.0,93000.0,275000.0
RET-09667,36,F,Unmarried,OBC,Salaried,73000.0,14000.0,59000.0,69000.0
RET-09668,34,F,Unmarried,GEN,Salaried,73000.0,18000.0,55000.0,118000.0
RET-09669,28,F,Unmarried,Minority,Salaried,120000.0,29000.0,91000.0,75000.0
RET-09670,40,M,Unmarried,GEN,Salaried,109000.0,12000.0,97000.0,195000.0
RET-09671,39,F,Married,OBC,Self-Employed Non-Professional,135000.0,8000.0,127000.0,283000.0
RET-09672,41,F,Married,OBC,Self-Employed Non-Professional,71000.0,9000.0,62000.0,45000.0
RET-09673,27,M,Unmarried,SC,Self-Employed Non-Professional,40000.0,6000.0,34000.0,42000.0
RET-09674,21,M,Unmarried,Minority,Salaried,84000.0,17000.0,67000.0,141000.0
RET-09675,44,M,Married,Minority,Salaried,52000.0,12000.0,40000.0,80000.0
RET-09676,52,M,Married,OBC,Self-Employed Professional,108000.0,13000.0,95000.0,206000.0
RET-09677,27,M,Unmarried,OBC,Salaried,87000.0,14000.0,73000.0,59000.0
RET-09678,53,M,Married,GEN,Self-Employed Non-Professional,75000.0,5000.0,70000.0,125000.0
RET-09679,40,M,Married,GEN,Salaried,58000.0,14000.0,44000.0,124000.0
RET-09680,37,M,Married,ST,Self-Employed Professional,133000.0,18000.0,115000.0,332000.0
RET-09681,34,M,Unmarried,GEN,Self-Employed Professional,127000.0,13000.0,114000.0,93000.0
RET-09682,24,F,Married,GEN,Salaried,52000.0,10000.0,42000.0,115000.0
RET-09683,47,M,Married,GEN,Self-Employed Professional,35000.0,3000.0,32000.0,62000.0
RET-09684,30,F,Unmarried,GEN,Salaried,81000.0,10000.0,71000.0,169000.0
RET-09685,30,F,Unmarried,GEN,Salaried,149000.0,19000.0,130000.0,114000.0
RET-09686,47,F,Married,GEN,Self-Employed Professional,34000.0,2000.0,32000.0,75000.0
RET-09687,21,F,Married,GEN,Self-Employed Professional,97000.0,8000.0,89000.0,60000.0
RET-09688,22,M,Married,GEN,Self-Employed Non-Professional,45000.0,6000.0,39000.0,81000.0
RET-09689,37,M,Unmarried,GEN,Salaried,40000.0,5000.0,35000.0,76000.0
RET-09690,40,M,Married,ST,Salaried,128000.0,30000.0,98000.0,212000.0
RET-09691,42,F,Married,OBC,Self-Employed Non-Professional,108000.0,11000.0,97000.0,63000.0
RET-09692,34,M,Unmarried,OBC,Salaried,67000.0,9000.0,58000.0,85000.0
RET-09693,63,M,Unmarried,OBC,Self-Employed Non-Professional,117000.0,12000.0,105000.0,248000.0
RET-09694,35,F,Married,GEN,Salaried,110000.0,26000.0,84000.0,209000.0
RET-09695,35,F,Married,SC,Self-Employed Professional,30000.0,3000.0,27000.0,42000.0
RET-09696,30,F,Married,Minority,Self-Employed Non-Professional,77000.0,11000.0,66000.0,60000.0
RET-09697,39,M,Married,GEN,Self-Employed Non-Professional,171000.0,22000.0,149000.0,261000.0
RET-09698,44,M,Married,GEN,Self-Employed Non-Professional,97000.0,9000.0,88000.0,187000.0
RET-09699,50,M,Married,OBC,Salaried,25000.0,4000.0,21000.0,59000.0
RET-09700,23,M,Married,GEN,Salaried,38000.0,9000.0,29000.0,64000.0
RET-09701,35,F,Married,Minority,Salaried,133000.0,31000.0,102000.0,261000.0
RET-09702,42,M,Unmarried,OBC,Salaried,52000.0,10000.0,42000.0,49000.0
RET-09703,43,M,Married,GEN,Salaried,143000.0,29000.0,114000.0,294000.0
RET-09704,38,F,Married,GEN,Self-Employed Non-Professional,250000.0,16000.0,234000.0,475000.0
RET-09705,43,M,Unmarried,OBC,Salaried,63000.0,12000.0,51000.0,95000.0
RET-09706,29,F,Married,GEN,Self-Employed Non-Professional,50000.0,6000.0,44000.0,51000.0
RET-09707,53,F,Unmarried,ST,Self-Employed Non-Professional,40000.0,2000.0,38000.0,38000.0
RET-09708,47,F,Married,GEN,Salaried,115000.0,20000.0,95000.0,177000.0
RET-09709,24,M,Married,Minority,Salaried,51000.0,12000.0,39000.0,106000.0
RET-09710,27,M,Married,GEN,Salaried,57000.0,6000.0,51000.0,56000.0
RET-09711,27,F,Married,OBC,Self-Employed Professional,38000.0,4000.0,34000.0,41000.0
RET-09712,44,F,Married,GEN,Salaried,56000.0,8000.0,48000.0,138000.0
RET-09713,25,M,Unmarried,GEN,Self-Employed Professional,48000.0,3000.0,45000.0,25000.0
RET-09714,34,M,Married,OBC,Salaried,25000.0,6000.0,19000.0,33000.0
RET-09715,42,M,Unmarried,GEN,Salaried,44000.0,8000.0,36000.0,66000.0
RET-09716,37,F,Married,GEN,Salaried,114000.0,21000.0,93000.0,204000.0
RET-09717,40,M,Unmarried,GEN,Salaried,164000.0,39000.0,125000.0,123000.0
RET-09718,27,M,Married,GEN,Self-Employed Non-Professional,69000.0,6000.0,63000.0,121000.0
RET-09719,43,M,Unmarried,OBC,Self-Employed Non-Professional,75000.0,8000.0,67000.0,52000.0
RET-09720,31,M,Married,SC,Self-Employed Non-Professional,87000.0,10000.0,77000.0,90000.0
RET-09721,34,F,Unmarried,GEN,Salaried,237000.0,58000.0,179000.0,96000.0
RET-09722,40,M,Married,GEN,Self-Employed Professional,40000.0,6000.0,34000.0,56000.0
RET-09723,39,M,Unmarried,GEN,Salaried,34000.0,6000.0,28000.0,26000.0
RET-09724,38,M,Married,ST,Salaried,71000.0,12000.0,59000.0,44000.0
RET-09725,30,M,Unmarried,ST,Salaried,93000.0,22000.0,71000.0,97000.0
RET-09726,35,M,Unmarried,OBC,Salaried,72000.0,18000.0,54000.0,38000.0
RET-09727,38,M,Unmarried,ST,Salaried,32000.0,4000.0,28000.0,61000.0
RET-09728,24,M,Married,SC,Salaried,124000.0,26000.0,98000.0,98000.0
RET-09729,33,F,Unmarried,GEN,Self-Employed Non-Professional,67000.0,5000.0,62000.0,141000.0
RET-09730,41,M,Married,GEN,Self-Employed Professional,102000.0,15000.0,87000.0,226000.0
RET-09731,25,F,Married,GEN,Salaried,186000.0,30000.0,156000.0,367000.0
RET-09732,49,M,Married,GEN,Self-Employed Non-Professional,30000.0,3000.0,27000.0,65000.0
RET-09733,50,M,Married,OBC,Self-Employed Non-Professional,26000.0,4000.0,22000.0,46000.0
RET-09734,25,M,Unmarried,OBC,Self-Employed Non-Professional,103000.0,9000.0,94000.0,135000.0
RET-09735,51,M,Married,OBC,Self-Employed Professional,25000.0,4000.0,21000.0,29000.0
RET-09736,36,M,Married,GEN,Salaried,58000.0,13000.0,45000.0,87000.0
RET-09737,42,M,Married,SC,Salaried,52000.0,8000.0,44000.0,49000.0
RET-09738,33,M,Unmarried,GEN,Salaried,91000.0,13000.0,78000.0,106000.0
RET-09739,47,M,Married,GEN,Self-Employed Non-Professional,49000.0,6000.0,43000.0,38000.0
RET-09740,42,M,Unmarried,Minority,Self-Employed Professional,98000.0,9000.0,89000.0,218000.0
RET-09741,29,M,Married,GEN,Salaried,39000.0,7000.0,32000.0,75000.0
RET-09742,26,M,Unmarried,GEN,Self-Employed Professional,35000.0,2000.0,33000.0,58000.0
RET-09743,23,F,Unmarried,OBC,Salaried,74000.0,11000.0,63000.0,90000.0
RET-09744,39,M,Married,ST,Self-Employed Non-Professional,78000.0,9000.0,69000.0,155000.0
RET-09745,43,F,Married,GEN,Salaried,87000.0,18000.0,69000.0,49000.0
RET-09746,44,M,Unmarried,OBC,Self-Employed Professional,178000.0,15000.0,163000.0,101000.0
RET-09747,36,F,Unmarried,Minority,Salaried,158000.0,37000.0,121000.0,272000.0
RET-09748,26,M,Married,GEN,Salaried,96000.0,24000.0,72000.0,135000.0
RET-09749,31,F,Married,GEN,Self-Employed Professional,119000.0,16000.0,103000.0,240000.0
RET-09750,49,M,Unmarried,OBC,Salaried,86000.0,14000.0,72000.0,86000.0
RET-09751,33,M,Married,GEN,Self-Employed Professional,148000.0,21000.0,127000.0,98000.0
RET-09752,39,M,Married,GEN,Salaried,91000.0,14000.0,77000.0,121000.0
RET-09753,27,M,Unmarried,ST,Self-Employed Non-Professional,53000.0,5000.0,48000.0,75000.0
RET-09754,41,F,Married,OBC,Self-Employed Non-Professional,47000.0,4000.0,43000.0,103000.0
RET-09755,33,M,Married,GEN,Salaried,146000.0,18000.0,128000.0,103000.0
RET-09756,48,M,Unmarried,GEN,Self-Employed Professional,66000.0,5000.0,61000.0,175000.0
RET-09757,45,M,Married,OBC,Salaried,231000.0,49000.0,182000.0,116000.0
RET-09758,33,M,Unmarried,GEN,Self-Employed Professional,38000.0,5000.0,33000.0,42000.0
RET-09759,36,M,Unmarried,OBC,Salaried,155000.0,20000.0,135000.0,305000.0
RET-09760,32,M,Unmarried,SC,Salaried,57000.0,7000.0,50000.0,115000.0
RET-09761,23,M,Unmarried,GEN,Self-Employed Non-Professional,93000.0,10000.0,83000.0,159000.0
RET-09762,29,M,Married,Minority,Salaried,33000.0,6000.0,27000.0,18000.0
RET-09763,39,M,Married,Minority,Salaried,25000.0,3000.0,22000.0,58000.0
RET-09764,41,M,Married,GEN,Salaried,178000.0,29000.0,149000.0,311000.0
RET-09765,39,M,Married,GEN,Self-Employed Professional,56000.0,6000.0,50000.0,120000.0
RET-09766,34,M,Married,GEN,Salaried,132000.0,24000.0,108000.0,158000.0
RET-09767,47,M,Married,GEN,Salaried,49000.0,9000.0,40000.0,44000.0
RET-09768,38,F,Married,GEN,Salaried,132000.0,21000.0,111000.0,255000.0
RET-09769,45,F,Married,GEN,Salaried,57000.0,10000.0,47000.0,119000.0
RET-09770,21,F,Unmarried,GEN,Self-Employed Non-Professional,35000.0,2000.0,33000.0,84000.0
RET-09771,21,M,Unmarried,GEN,Self-Employed Non-Professional,108000.0,7000.0,101000.0,232000.0
RET-09772,40,F,Married,GEN,Self-Employed Non-Professional,129000.0,17000.0,112000.0,95000.0
RET-09773,23,M,Married,GEN,Salaried,107000.0,13000.0,94000.0,99000.0
RET-09774,35,M,Married,GEN,Salaried,67000.0,8000.0,59000.0,103000.0
RET-09775,34,M,Married,GEN,Self-Employed Professional,26000.0,3000.0,23000.0,41000.0
RET-09776,53,F,Unmarried,Minority,Self-Employed Non-Professional,39000.0,5000.0,34000.0,59000.0
RET-09777,41,F,Unmarried,GEN,Self-Employed Professional,48000.0,3000.0,45000.0,115000.0
RET-09778,39,M,Married,Minority,Salaried,63000.0,13000.0,50000.0,41000.0
RET-09779,46,M,Married,GEN,Self-Employed Non-Professional,144000.0,10000.0,134000.0,332000.0
RET-09780,41,M,Married,OBC,Salaried,68000.0,7000.0,61000.0,34000.0
RET-09781,33,F,Married,GEN,Self-Employed Non-Professional,25000.0,2000.0,23000.0,30000.0
RET-09782,48,F,Unmarried,SC,Self-Employed Non-Professional,25000.0,3000.0,22000.0,22000.0
RET-09783,26,M,Married,GEN,Self-Employed Non-Professional,48000.0,3000.0,45000.0,82000.0
RET-09784,41,M,Unmarried,Minority,Salaried,54000.0,12000.0,42000.0,76000.0
RET-09785,22,M,Married,GEN,Salaried,91000.0,23000.0,68000.0,120000.0
RET-09786,40,F,Married,GEN,Salaried,31000.0,7000.0,24000.0,29000.0
RET-09787,39,F,Married,GEN,Salaried,32000.0,5000.0,27000.0,49000.0
RET-09788,54,M,Married,SC,Salaried,96000.0,22000.0,74000.0,168000.0
RET-09789,22,M,Unmarried,Minority,Self-Employed Professional,163000.0,16000.0,147000.0,218000.0
RET-09790,31,F,Unmarried,GEN,Salaried,25000.0,4000.0,21000.0,59000.0
RET-09791,46,M,Unmarried,SC,Salaried,46000.0,7000.0,39000.0,26000.0
RET-09792,41,F,Married,OBC,Salaried,142000.0,29000.0,113000.0,335000.0
RET-09793,39,M,Unmarried,OBC,Self-Employed Non-Professional,128000.0,15000.0,113000.0,272000.0
RET-09794,28,F,Married,OBC,Self-Employed Non-Professional,42000.0,5000.0,37000.0,73000.0
RET-09795,32,F,Married,GEN,Self-Employed Professional,147000.0,12000.0,135000.0,136000.0
RET-09796,50,M,Married,GEN,Salaried,75000.0,16000.0,59000.0,122000.0
RET-09797,37,F,Married,SC,Self-Employed Professional,109000.0,6000.0,103000.0,258000.0
RET-09798,41,M,Unmarried,GEN,Salaried,48000.0,10000.0,38000.0,43000.0
RET-09799,36,F,Unmarried,ST,Self-Employed Professional,87000.0,7000.0,80000.0,48000.0
RET-09800,26,F,Married,SC,Self-Employed Professional,36000.0,5000.0,31000.0,50000.0
RET-09801,47,M,Married,ST,Self-Employed Non-Professional,53000.0,6000.0,47000.0,59000.0
RET-09802,43,M,Married,GEN,Salaried,61000.0,11000.0,50000.0,61000.0
RET-09803,61,M,Married,GEN,Salaried,80000.0,9000.0,71000.0,164000.0
RET-09804,27,F,Married,GEN,Self-Employed Non-Professional,310000.0,29000.0,281000.0,244000.0
RET-09805,46,F,Unmarried,Minority,Self-Employed Non-Professional,340000.0,33000.0,307000.0,653000.0
RET-09806,24,M,Married,GEN,Salaried,58000.0,12000.0,46000.0,30000.0
RET-09807,39,F,Unmarried,GEN,Salaried,178000.0,23000.0,155000.0,434000.0
RET-09808,47,M,Married,GEN,Salaried,38000.0,5000.0,33000.0,65000.0
RET-09809,21,M,Married,GEN,Salaried,93000.0,18000.0,75000.0,212000.0
RET-09810,35,M,Married,GEN,Self-Employed Non-Professional,48000.0,5000.0,43000.0,115000.0
RET-09811,32,M,Unmarried,GEN,Self-Employed Professional,56000.0,4000.0,52000.0,139000.0
RET-09812,30,M,Married,GEN,Salaried,361000.0,38000.0,323000.0,258000.0
RET-09813,41,M,Married,Minority,Self-Employed Professional,58000.0,4000.0,54000.0,121000.0
RET-09814,49,M,Unmarried,OBC,Salaried,50000.0,12000.0,38000.0,57000.0
RET-09815,36,F,Married,OBC,Salaried,40000.0,8000.0,32000.0,53000.0
RET-09816,40,M,Unmarried,GEN,Salaried,46000.0,11000.0,35000.0,42000.0
RET-09817,39,M,Married,SC,Salaried,31000.0,6000.0,25000.0,21000.0
RET-09818,38,M,Unmarried,Minority,Self-Employed Non-Professional,84000.0,10000.0,74000.0,94000.0
RET-09819,27,F,Married,Minority,Salaried,83000.0,14000.0,69000.0,129000.0
RET-09820,49,F,Married,GEN,Salaried,90000.0,17000.0,73000.0,111000.0
RET-09821,40,F,Married,ST,Salaried,73000.0,14000.0,59000.0,133000.0
RET-09822,41,F,Married,GEN,Self-Employed Non-Professional,52000.0,4000.0,48000.0,125000.0
RET-09823,29,M,Unmarried,GEN,Self-Employed Non-Professional,49000.0,4000.0,45000.0,46000.0
RET-09824,33,M,Unmarried,GEN,Self-Employed Non-Professional,80000.0,11000.0,69000.0,44000.0
RET-09825,36,F,Married,OBC,Salaried,71000.0,13000.0,58000.0,173000.0
RET-09826,22,F,Married,OBC,Salaried,50000.0,8000.0,42000.0,114000.0
RET-09827,21,M,Married,GEN,Salaried,62000.0,11000.0,51000.0,59000.0
RET-09828,31,F,Unmarried,SC,Salaried,184000.0,40000.0,144000.0,131000.0
RET-09829,43,F,Married,GEN,Salaried,238000.0,53000.0,185000.0,532000.0
RET-09830,31,F,Married,GEN,Salaried,64000.0,16000.0,48000.0,52000.0
RET-09831,27,F,Unmarried,GEN,Salaried,47000.0,9000.0,38000.0,40000.0
RET-09832,29,M,Married,OBC,Self-Employed Professional,71000.0,8000.0,63000.0,49000.0
RET-09833,33,M,Married,GEN,Self-Employed Professional,145000.0,10000.0,135000.0,165000.0
RET-09834,34,M,Married,GEN,Self-Employed Professional,71000.0,6000.0,65000.0,169000.0
RET-09835,59,M,Unmarried,Minority,Salaried,90000.0,13000.0,77000.0,148000.0
RET-09836,48,F,Married,ST,Salaried,49000.0,8000.0,41000.0,30000.0
RET-09837,48,M,Unmarried,GEN,Salaried,36000.0,4000.0,32000.0,93000.0
RET-09838,49,M,Married,OBC,Self-Employed Non-Professional,115000.0,13000.0,102000.0,189000.0
RET-09839,28,M,Married,GEN,Salaried,82000.0,15000.0,67000.0,103000.0
RET-09840,25,F,Unmarried,OBC,Salaried,108000.0,18000.0,90000.0,221000.0
RET-09841,26,M,Married,GEN,Salaried,26000.0,3000.0,23000.0,44000.0
RET-09842,51,M,Married,GEN,Salaried,220000.0,25000.0,195000.0,534000.0
RET-09843,32,M,Married,GEN,Salaried,85000.0,15000.0,70000.0,158000.0
RET-09844,25,M,Married,GEN,Self-Employed Professional,25000.0,1000.0,24000.0,52000.0
RET-09845,33,F,Unmarried,GEN,Salaried,132000.0,28000.0,104000.0,140000.0
RET-09846,35,F,Married,Minority,Salaried,58000.0,14000.0,44000.0,131000.0
RET-09847,40,M,Unmarried,Minority,Salaried,74000.0,14000.0,60000.0,128000.0
RET-09848,40,F,Married,Minority,Salaried,55000.0,11000.0,44000.0,71000.0
RET-09849,29,M,Unmarried,Minority,Salaried,69000.0,11000.0,58000.0,50000.0
RET-09850,44,F,Unmarried,GEN,Salaried,71000.0,14000.0,57000.0,108000.0
RET-09851,31,M,Married,OBC,Self-Employed Non-Professional,27000.0,2000.0,25000.0,54000.0
RET-09852,36,F,Married,GEN,Salaried,123000.0,28000.0,95000.0,136000.0
RET-09853,44,M,Married,ST,Salaried,78000.0,16000.0,62000.0,41000.0
RET-09854,31,M,Married,SC,Salaried,96000.0,20000.0,76000.0,190000.0
RET-09855,32,M,Unmarried,GEN,Self-Employed Professional,119000.0,18000.0,101000.0,216000.0
RET-09856,43,M,Unmarried,GEN,Self-Employed Professional,79000.0,5000.0,74000.0,164000.0
RET-09857,29,F,Married,GEN,Self-Employed Professional,89000.0,12000.0,77000.0,86000.0
RET-09858,34,M,Unmarried,GEN,Self-Employed Professional,30000.0,4000.0,26000.0,21000.0
RET-09859,43,M,Married,Minority,Salaried,44000.0,6000.0,38000.0,62000.0
RET-09860,58,F,Married,ST,Self-Employed Non-Professional,77000.0,6000.0,71000.0,78000.0
RET-09861,44,M,Married,GEN,Salaried,82000.0,16000.0,66000.0,162000.0
RET-09862,42,F,Married,GEN,Salaried,93000.0,22000.0,71000.0,130000.0
RET-09863,43,M,Married,GEN,Self-Employed Professional,170000.0,16000.0,154000.0,128000.0
RET-09864,27,M,Married,Minority,Self-Employed Professional,69000.0,7000.0,62000.0,61000.0
RET-09865,39,F,Married,Minority,Salaried,91000.0,10000.0,81000.0,220000.0
RET-09866,37,M,Unmarried,OBC,Self-Employed Non-Professional,76000.0,5000.0,71000.0,148000.0
RET-09867,41,M,Unmarried,OBC,Salaried,63000.0,13000.0,50000.0,75000.0
RET-09868,39,F,Married,OBC,Salaried,64000.0,9000.0,55000.0,127000.0
RET-09869,41,M,Married,GEN,Salaried,46000.0,10000.0,36000.0,91000.0
RET-09870,34,F,Married,Minority,Salaried,68000.0,12000.0,56000.0,44000.0
RET-09871,38,F,Unmarried,OBC,Self-Employed Non-Professional,64000.0,6000.0,58000.0,151000.0
RET-09872,25,M,Unmarried,GEN,Self-Employed Professional,67000.0,4000.0,63000.0,181000.0
RET-09873,34,F,Unmarried,GEN,Salaried,26000.0,6000.0,20000.0,15000.0
RET-09874,51,M,Married,OBC,Self-Employed Professional,69000.0,4000.0,65000.0,85000.0
RET-09875,41,M,Married,GEN,Self-Employed Non-Professional,43000.0,2000.0,41000.0,38000.0
RET-09876,37,F,Married,OBC,Self-Employed Professional,70000.0,9000.0,61000.0,96000.0
RET-09877,56,F,Married,ST,Salaried,38000.0,8000.0,30000.0,32000.0
RET-09878,24,F,Married,SC,Self-Employed Professional,75000.0,9000.0,66000.0,93000.0
RET-09879,26,F,Unmarried,OBC,Salaried,61000.0,11000.0,50000.0,55000.0
RET-09880,55,M,Married,OBC,Self-Employed Non-Professional,50000.0,5000.0,45000.0,23000.0
RET-09881,38,M,Married,GEN,Self-Employed Professional,87000.0,5000.0,82000.0,45000.0
RET-09882,35,M,Unmarried,GEN,Salaried,92000.0,17000.0,75000.0,134000.0
RET-09883,26,M,Married,GEN,Salaried,71000.0,14000.0,57000.0,102000.0
RET-09884,42,M,Unmarried,Minority,Salaried,103000.0,11000.0,92000.0,54000.0
RET-09885,43,F,Married,Minority,Self-Employed Professional,57000.0,6000.0,51000.0,115000.0
RET-09886,27,M,Married,GEN,Salaried,93000.0,17000.0,76000.0,43000.0
RET-09887,36,F,Married,SC,Self-Employed Professional,71000.0,10000.0,61000.0,105000.0
RET-09888,34,F,Unmarried,OBC,Self-Employed Non-Professional,40000.0,4000.0,36000.0,54000.0
RET-09889,40,M,Married,Minority,Salaried,45000.0,9000.0,36000.0,97000.0
RET-09890,26,M,Married,GEN,Self-Employed Professional,147000.0,16000.0,131000.0,254000.0
RET-09891,50,M,Married,OBC,Salaried,188000.0,23000.0,165000.0,422000.0
RET-09892,47,M,Unmarried,OBC,Salaried,112000.0,24000.0,88000.0,264000.0
RET-09893,34,F,Married,GEN,Salaried,52000.0,8000.0,44000.0,42000.0
RET-09894,35,M,Unmarried,GEN,Self-Employed Professional,172000.0,12000.0,160000.0,105000.0
RET-09895,36,F,Unmarried,GEN,Self-Employed Non-Professional,106000.0,7000.0,99000.0,241000.0
RET-09896,30,F,Unmarried,GEN,Self-Employed Professional,89000.0,5000.0,84000.0,175000.0
RET-09897,33,M,Unmarried,GEN,Salaried,221000.0,50000.0,171000.0,357000.0
RET-09898,35,F,Married,OBC,Salaried,44000.0,5000.0,39000.0,50000.0
RET-09899,54,M,Married,OBC,Self-Employed Professional,116000.0,8000.0,108000.0,82000.0
RET-09900,47,M,Married,Minority,Salaried,45000.0,8000.0,37000.0,85000.0
RET-09901,47,M,Married,GEN,Self-Employed Professional,51000.0,8000.0,43000.0,80000.0
RET-09902,41,M,Unmarried,Minority,Salaried,348000.0,85000.0,263000.0,461000.0
RET-09903,26,M,Married,OBC,Salaried,99000.0,12000.0,87000.0,204000.0
RET-09904,37,F,Unmarried,GEN,Salaried,222000.0,45000.0,177000.0,526000.0
RET-09905,47,M,Unmarried,OBC,Self-Employed Professional,101000.0,8000.0,93000.0,219000.0
RET-09906,25,M,Married,OBC,Salaried,93000.0,11000.0,82000.0,233000.0
RET-09907,44,M,Married,GEN,Salaried,50000.0,10000.0,40000.0,60000.0
RET-09908,61,M,Married,SC,Salaried,131000.0,15000.0,116000.0,318000.0
RET-09909,48,M,Married,OBC,Salaried,74000.0,13000.0,61000.0,141000.0
RET-09910,52,M,Married,Minority,Self-Employed Non-Professional,77000.0,10000.0,67000.0,96000.0
RET-09911,40,M,Married,Minority,Salaried,63000.0,11000.0,52000.0,92000.0
RET-09912,47,M,Married,OBC,Salaried,69000.0,14000.0,55000.0,55000.0
RET-09913,30,M,Unmarried,OBC,Salaried,74000.0,16000.0,58000.0,41000.0
RET-09914,45,F,Married,Minority,Salaried,79000.0,18000.0,61000.0,102000.0
RET-09915,44,M,Married,Minority,Salaried,71000.0,13000.0,58000.0,173000.0
RET-09916,40,F,Unmarried,SC,Salaried,29000.0,4000.0,25000.0,67000.0
RET-09917,51,M,Married,SC,Self-Employed Non-Professional,101000.0,8000.0,93000.0,50000.0
RET-09918,32,M,Married,GEN,Salaried,68000.0,11000.0,57000.0,167000.0
RET-09919,36,M,Unmarried,SC,Self-Employed Professional,25000.0,3000.0,22000.0,37000.0
RET-09920,38,M,Unmarried,GEN,Self-Employed Non-Professional,28000.0,2000.0,26000.0,25000.0
RET-09921,27,M,Unmarried,OBC,Self-Employed Non-Professional,55000.0,5000.0,50000.0,139000.0
RET-09922,40,F,Married,GEN,Salaried,157000.0,30000.0,127000.0,357000.0
RET-09923,21,M,Married,GEN,Self-Employed Non-Professional,105000.0,11000.0,94000.0,246000.0
RET-09924,48,F,Married,GEN,Self-Employed Professional,48000.0,7000.0,41000.0,84000.0
RET-09925,38,M,Unmarried,ST,Salaried,65000.0,15000.0,50000.0,55000.0
RET-09926,32,M,Married,SC,Self-Employed Non-Professional,142000.0,15000.0,127000.0,140000.0
RET-09927,29,M,Married,OBC,Salaried,51000.0,6000.0,45000.0,131000.0
RET-09928,35,M,Unmarried,OBC,Salaried,38000.0,5000.0,33000.0,40000.0
RET-09929,44,F,Unmarried,Minority,Self-Employed Professional,124000.0,14000.0,110000.0,171000.0
RET-09930,43,F,Unmarried,GEN,Self-Employed Professional,143000.0,17000.0,126000.0,300000.0
RET-09931,30,F,Married,OBC,Self-Employed Non-Professional,51000.0,5000.0,46000.0,118000.0
RET-09932,29,M,Married,OBC,Self-Employed Non-Professional,98000.0,7000.0,91000.0,139000.0
RET-09933,44,M,Unmarried,Minority,Salaried,71000.0,11000.0,60000.0,89000.0
RET-09934,30,F,Married,GEN,Salaried,51000.0,12000.0,39000.0,54000.0
RET-09935,38,M,Married,Minority,Self-Employed Professional,147000.0,13000.0,134000.0,197000.0
RET-09936,39,F,Married,GEN,Salaried,49000.0,8000.0,41000.0,98000.0
RET-09937,41,M,Unmarried,GEN,Salaried,115000.0,20000.0,95000.0,62000.0
RET-09938,46,F,Married,GEN,Salaried,76000.0,15000.0,61000.0,153000.0
RET-09939,25,F,Unmarried,GEN,Salaried,66000.0,11000.0,55000.0,57000.0
RET-09940,21,F,Married,OBC,Salaried,52000.0,8000.0,44000.0,40000.0
RET-09941,32,M,Married,OBC,Salaried,40000.0,8000.0,32000.0,26000.0
RET-09942,56,M,Unmarried,GEN,Salaried,63000.0,12000.0,51000.0,56000.0
RET-09943,58,M,Married,OBC,Salaried,54000.0,9000.0,45000.0,116000.0
RET-09944,56,F,Unmarried,SC,Salaried,77000.0,9000.0,68000.0,125000.0
RET-09945,36,F,Married,SC,Salaried,36000.0,4000.0,32000.0,38000.0
RET-09946,21,M,Married,OBC,Self-Employed Non-Professional,67000.0,10000.0,57000.0,55000.0
RET-09947,21,M,Unmarried,Minority,Self-Employed Professional,93000.0,11000.0,82000.0,199000.0
RET-09948,31,M,Unmarried,OBC,Salaried,49000.0,10000.0,39000.0,69000.0
RET-09949,36,F,Unmarried,GEN,Self-Employed Non-Professional,114000.0,12000.0,102000.0,82000.0
RET-09950,51,M,Married,GEN,Salaried,122000.0,27000.0,95000.0,137000.0
RET-09951,46,M,Married,GEN,Salaried,35000.0,4000.0,31000.0,50000.0
RET-09952,40,M,Unmarried,OBC,Salaried,46000.0,10000.0,36000.0,50000.0
RET-09953,29,M,Married,Minority,Self-Employed Professional,33000.0,4000.0,29000.0,34000.0
RET-09954,28,F,Unmarried,SC,Salaried,94000.0,21000.0,73000.0,97000.0
RET-09955,40,M,Married,GEN,Salaried,79000.0,18000.0,61000.0,143000.0
RET-09956,44,M,Unmarried,OBC,Self-Employed Professional,28000.0,3000.0,25000.0,72000.0
RET-09957,41,M,Unmarried,OBC,Self-Employed Professional,49000.0,4000.0,45000.0,25000.0
RET-09958,27,M,Married,Minority,Salaried,88000.0,16000.0,72000.0,149000.0
RET-09959,44,M,Unmarried,GEN,Self-Employed Professional,78000.0,11000.0,67000.0,46000.0
RET-09960,42,M,Married,GEN,Salaried,151000.0,23000.0,128000.0,129000.0
RET-09961,27,M,Married,Minority,Self-Employed Professional,37000.0,2000.0,35000.0,65000.0
RET-09962,30,M,Married,Minority,Salaried,73000.0,18000.0,55000.0,137000.0
RET-09963,44,F,Married,GEN,Salaried,40000.0,6000.0,34000.0,54000.0
RET-09964,35,F,Married,GEN,Self-Employed Non-Professional,78000.0,7000.0,71000.0,192000.0
RET-09965,53,F,Married,OBC,Self-Employed Non-Professional,66000.0,4000.0,62000.0,142000.0
RET-09966,43,F,Married,ST,Self-Employed Non-Professional,86000.0,10000.0,76000.0,75000.0
RET-09967,33,M,Married,GEN,Salaried,57000.0,11000.0,46000.0,102000.0
RET-09968,37,M,Married,Minority,Self-Employed Professional,116000.0,15000.0,101000.0,131000.0
RET-09969,38,F,Married,GEN,Self-Employed Non-Professional,48000.0,7000.0,41000.0,99000.0
RET-09970,30,M,Unmarried,OBC,Salaried,40000.0,9000.0,31000.0,33000.0
RET-09971,28,M,Married,OBC,Self-Employed Non-Professional,84000.0,12000.0,72000.0,62000.0
RET-09972,45,M,Unmarried,GEN,Salaried,222000.0,26000.0,196000.0,410000.0
RET-09973,46,M,Married,GEN,Salaried,29000.0,4000.0,25000.0,51000.0
RET-09974,44,M,Married,GEN,Salaried,37000.0,5000.0,32000.0,62000.0
RET-09975,53,M,Married,SC,Salaried,84000.0,17000.0,67000.0,74000.0
RET-09976,32,M,Unmarried,GEN,Salaried,144000.0,18000.0,126000.0,128000.0
RET-09977,54,F,Married,OBC,Salaried,88000.0,13000.0,75000.0,209000.0
RET-09978,28,M,Unmarried,OBC,Self-Employed Professional,51000.0,3000.0,48000.0,88000.0
RET-09979,27,F,Married,OBC,Salaried,94000.0,21000.0,73000.0,111000.0
RET-09980,21,M,Married,Minority,Self-Employed Non-Professional,100000.0,5000.0,95000.0,242000.0
RET-09981,33,M,Unmarried,OBC,Salaried,49000.0,8000.0,41000.0,26000.0
RET-09982,32,M,Married,OBC,Salaried,120000.0,20000.0,100000.0,219000.0
RET-09983,43,M,Married,OBC,Salaried,72000.0,9000.0,63000.0,55000.0
RET-09984,40,M,Married,OBC,Salaried,26000.0,4000.0,22000.0,23000.0
RET-09985,26,M,Married,GEN,Salaried,67000.0,16000.0,51000.0,107000.0
RET-09986,34,F,Married,ST,Salaried,52000.0,6000.0,46000.0,55000.0
RET-09987,34,F,Married,GEN,Salaried,160000.0,34000.0,126000.0,308000.0
RET-09988,21,M,Unmarried,OBC,Self-Employed Non-Professional,33000.0,2000.0,31000.0,56000.0
RET-09989,28,M,Unmarried,OBC,Salaried,55000.0,8000.0,47000.0,61000.0
RET-09990,30,M,Married,GEN,Salaried,85000.0,19000.0,66000.0,176000.0
RET-09991,52,M,Married,GEN,Salaried,312000.0,52000.0,260000.0,539000.0
RET-09992,39,M,Married,GEN,Salaried,236000.0,48000.0,188000.0,292000.0
RET-09993,44,F,Unmarried,GEN,Salaried,71000.0,8000.0,63000.0,103000.0
RET-09994,23,M,Married,ST,Salaried,90000.0,18000.0,72000.0,84000.0
RET-09995,49,F,Married,ST,Salaried,105000.0,23000.0,82000.0,63000.0
RET-09996,51,M,Married,GEN,Self-Employed Non-Professional,40000.0,4000.0,36000.0,45000.0
RET-09997,21,F,Married,GEN,Self-Employed Non-Professional,74000.0,6000.0,68000.0,79000.0
RET-09998,30,M,Unmarried,ST,Salaried,165000.0,39000.0,126000.0,169000.0
RET-09999,42,F,Married,GEN,Salaried,80000.0,15000.0,65000.0,109000.0
RET-10000,44,F,Unmarried,Minority,Self-Employed Non-Professional,236000.0,35000.0,201000.0,132000.0
