CUSTOMER_ID,EXISTING_EMI,TOTAL_ASSETS,TOTAL_OBLIGATIONS
RET-00001,9000.0,12290000.0,268811.8616835586
RET-00002,39000.0,2480000.0,462343.9293349167
RET-00003,19000.0,6560000.0,299198.4478616254
RET-00004,43000.0,4760000.0,1421278.9942038069
RET-00005,3000.0,13260000.0,104633.94419316993
RET-00006,28000.0,2110000.0,989546.0107987094
RET-00007,43000.0,9370000.0,660098.2321982726
RET-00008,11000.0,6790000.0,264579.1555971643
RET-00009,8000.0,6510000.0,172500.90832577573
RET-00010,27000.0,7480000.0,757103.5336738208
RET-00011,23000.0,4650000.0,520308.20809894946
RET-00012,18000.0,3240000.0,449860.3557879889
RET-00013,19000.0,1780000.0,460737.4754308676
RET-00014,5000.0,2440000.0,74203.12826268797
RET-00015,13000.0,6690000.0,417992.05711688974
RET-00016,0.0,1720000.0,0.0
RET-00017,14000.0,1420000.0,214806.90511654853
RET-00018,35000.0,11350000.0,712491.6740643202
RET-00019,32000.0,8610000.0,475751.1662432388
RET-00020,7000.0,12080000.0,129020.54957878024
RET-00021,6000.0,1220000.0,210104.93916615425
RET-00022,29000.0,3190000.0,318743.4093145258
RET-00023,17000.0,5290000.0,506112.729080707
RET-00024,33000.0,9670000.0,511413.2467215335
RET-00025,64000.0,3970000.0,1104210.9422253498
RET-00026,10000.0,770000.0,285178.95771262015
RET-00027,9000.0,8660000.0,99496.38453313198
RET-00028,35000.0,6160000.0,560765.8909346982
RET-00029,24000.0,6860000.0,315305.8919050535
RET-00030,34000.0,15860000.0,832089.1150365386
RET-00031,3000.0,2100000.0,95843.32064992838
RET-00032,1000.0,3810000.0,29813.820778352692
RET-00033,4000.0,3580000.0,71191.95208207447
RET-00034,23000.0,9180000.0,757567.0051516432
RET-00035,6000.0,2920000.0,132635.66728633535
RET-00036,22000.0,2870000.0,745870.709931131
RET-00037,55000.0,6030000.0,663702.3400518611
RET-00038,3000.0,2530000.0,95668.31017464063
RET-00039,2000.0,740000.0,37428.73084285009
RET-00040,29000.0,12580000.0,765557.2041884506
RET-00041,1000.0,12120000.0,28146.37180782489
RET-00042,3000.0,1570000.0,45562.522228153
RET-00043,15000.0,8200000.0,335368.7787091065
RET-00044,12000.0,11370000.0,267893.32855052623
RET-00045,19000.0,8100000.0,459542.518043405
RET-00046,2000.0,3730000.0,54993.40023081198
RET-00047,15000.0,16630000.0,327473.04916937836
RET-00048,18000.0,6910000.0,181491.58221569457
RET-00049,24000.0,5540000.0,431051.5010823813
RET-00050,0.0,10610000.0,0.0
RET-00051,23000.0,2910000.0,444046.8133912125
RET-00052,1000.0,730000.0,28411.60711738666
RET-00053,12000.0,5080000.0,369483.45187301195
RET-00054,9000.0,6080000.0,210778.15250943982
RET-00055,5000.0,3410000.0,63508.40036055137
RET-00056,17000.0,12380000.0,586325.7086415412
RET-00057,48000.0,21920000.0,903571.8797800135
RET-00058,3000.0,880000.0,75162.20672601447
RET-00059,23000.0,4370000.0,354851.0855869522
RET-00060,2000.0,4820000.0,69497.5118273018
RET-00061,46000.0,15250000.0,1174405.6347995151
RET-00062,10000.0,11620000.0,217884.79694152024
RET-00063,7000.0,4030000.0,175513.85257566514
RET-00064,19000.0,13800000.0,607640.9048690432
RET-00065,3000.0,8520000.0,43415.45910967595
RET-00066,23000.0,5490000.0,681324.9229847778
RET-00067,43000.0,8520000.0,476846.59879898245
RET-00068,17000.0,2840000.0,383512.81194307114
RET-00069,8000.0,4320000.0,222014.31286823808
RET-00070,10000.0,1590000.0,225044.125043827
RET-00071,21000.0,5050000.0,648639.2724147612
RET-00072,58000.0,10030000.0,1889718.073062285
RET-00073,20000.0,18890000.0,647961.7981807371
RET-00074,9000.0,16960000.0,176374.72877042316
RET-00075,13000.0,2670000.0,366840.1367852224
RET-00076,17000.0,4960000.0,178458.64983150986
RET-00077,16000.0,2390000.0,194404.54403883376
RET-00078,5000.0,7910000.0,113748.66439456066
RET-00079,21000.0,10800000.0,418026.95259618043
RET-00080,1000.0,1550000.0,13911.825103096353
RET-00081,47000.0,8410000.0,795168.9013330627
RET-00082,7000.0,2840000.0,174075.3649036563
RET-00083,29000.0,5500000.0,347564.443690432
RET-00084,12000.0,4190000.0,373025.49566688476
RET-00085,6000.0,1470000.0,128246.31154639056
RET-00086,12000.0,4460000.0,330752.1539305327
RET-00087,5000.0,3690000.0,162158.96372492745
RET-00088,63000.0,23290000.0,975599.6982896614
RET-00089,22000.0,5340000.0,599172.5452466821
RET-00090,19000.0,7170000.0,274043.71599510824
RET-00091,11000.0,5700000.0,145811.13596252835
RET-00092,6000.0,1580000.0,100133.12756761865
RET-00093,8000.0,5820000.0,97809.08804012915
RET-00094,18000.0,4350000.0,432243.6115950266
RET-00095,4000.0,3080000.0,126380.31346597026
RET-00096,9000.0,700000.0,144874.8124401203
RET-00097,17000.0,5110000.0,553269.5472544132
RET-00098,13000.0,10370000.0,171301.6259183127
RET-00099,4000.0,2210000.0,47156.67007611241
RET-00100,53000.0,15180000.0,856157.9709514013
RET-00101,34000.0,6020000.0,1187037.6169352152
RET-00102,15000.0,4420000.0,373911.0329813991
RET-00103,4000.0,970000.0,102125.24783076697
RET-00104,11000.0,2350000.0,345803.8166569616
RET-00105,20000.0,1930000.0,515432.5787690519
RET-00106,9000.0,4370000.0,229504.38983181774
RET-00107,1000.0,5850000.0,10673.079179079516
RET-00108,5000.0,4070000.0,149635.83103328224
RET-00109,26000.0,8540000.0,511686.4653980271
RET-00110,11000.0,2750000.0,287233.26144835376
RET-00111,1000.0,4690000.0,25113.647576366504
RET-00112,5000.0,7370000.0,169339.6798187894
RET-00113,39000.0,11800000.0,1120171.2649763457
RET-00114,15000.0,3360000.0,166709.67908990427
RET-00115,30000.0,9120000.0,747739.9808336358
RET-00116,15000.0,3500000.0,177848.84485598817
RET-00117,28000.0,16100000.0,538825.037119573
RET-00118,19000.0,13340000.0,469988.71916945523
RET-00119,52000.0,10200000.0,1070041.049657106
RET-00120,12000.0,1400000.0,203144.4628194187
RET-00121,28000.0,18080000.0,370582.0089622614
RET-00122,47000.0,11220000.0,477103.8801392382
RET-00123,12000.0,1660000.0,291253.02200726094
RET-00124,9000.0,4060000.0,293801.14867232513
RET-00125,20000.0,5290000.0,317465.802879873
RET-00126,22000.0,6660000.0,255693.41524489952
RET-00127,8000.0,1140000.0,89053.61364414825
RET-00128,6000.0,6400000.0,156632.37289244513
RET-00129,25000.0,6860000.0,552486.3193513957
RET-00130,15000.0,9660000.0,234722.82758368368
RET-00131,3000.0,2360000.0,43537.75501161175
RET-00132,10000.0,2150000.0,270877.0739344659
RET-00133,52000.0,27660000.0,1435642.9708778558
RET-00134,49000.0,10330000.0,1597209.9518663795
RET-00135,19000.0,2120000.0,191646.20285190715
RET-00136,3000.0,2690000.0,85389.7151162083
RET-00137,10000.0,2460000.0,334687.8558944629
RET-00138,32000.0,9210000.0,991945.0869525045
RET-00139,75000.0,16340000.0,2359124.727187876
RET-00140,37000.0,24810000.0,806003.1665616476
RET-00141,3000.0,3350000.0,33216.754940402076
RET-00142,0.0,5130000.0,0.0
RET-00143,3000.0,4360000.0,32998.52195820775
RET-00144,0.0,1820000.0,0.0
RET-00145,2000.0,1140000.0,55043.01452412114
RET-00146,19000.0,1450000.0,672342.7574706053
RET-00147,16000.0,3320000.0,448425.43069418106
RET-00148,22000.0,4400000.0,729585.9730548657
RET-00149,7000.0,3130000.0,86117.53136023231
RET-00150,5000.0,3770000.0,157877.60471635117
RET-00151,1000.0,6980000.0,16387.411313244364
RET-00152,41000.0,21320000.0,589346.8737816167
RET-00153,1000.0,13770000.0,35788.40987952736
RET-00154,27000.0,3850000.0,500154.4410215505
RET-00155,19000.0,2170000.0,343117.3059961372
RET-00156,52000.0,7120000.0,1616595.1170164014
RET-00157,1000.0,12540000.0,25422.0225886201
RET-00158,36000.0,13310000.0,460666.0698261354
RET-00159,8000.0,1020000.0,184466.58258294384
RET-00160,3000.0,17350000.0,96648.33901468024
RET-00161,10000.0,2380000.0,252243.74069979263
RET-00162,7000.0,2390000.0,212698.3251521873
RET-00163,15000.0,3160000.0,158524.93291603925
RET-00164,40000.0,2500000.0,1184899.7370938943
RET-00165,3000.0,2760000.0,93535.78163550115
RET-00166,11000.0,3330000.0,188908.8251787481
RET-00167,8000.0,4030000.0,174397.18725497916
RET-00168,8000.0,1600000.0,206916.67751214548
RET-00169,20000.0,6100000.0,559817.1006862195
RET-00170,4000.0,3140000.0,89592.28057863281
RET-00171,37000.0,4520000.0,1298783.2074886195
RET-00172,8000.0,1860000.0,191572.47050896432
RET-00173,5000.0,2770000.0,111809.18994092106
RET-00174,8000.0,4880000.0,222528.51160878772
RET-00175,65000.0,16250000.0,1700216.494170243
RET-00176,0.0,2170000.0,0.0
RET-00177,6000.0,1550000.0,67544.25128930165
RET-00178,37000.0,5140000.0,455292.37618280743
RET-00179,13000.0,1900000.0,384567.4768092906
RET-00180,43000.0,7880000.0,500444.6994128178
RET-00181,0.0,8310000.0,0.0
RET-00182,31000.0,15780000.0,1074353.5931121272
RET-00183,28000.0,2970000.0,330037.7399846641
RET-00184,40000.0,5650000.0,812865.2721397826
RET-00185,11000.0,3120000.0,218639.79520070294
RET-00186,4000.0,6020000.0,125588.18301147908
RET-00187,52000.0,14670000.0,866644.7115589331
RET-00188,7000.0,3270000.0,232476.72236786393
RET-00189,22000.0,2870000.0,545851.3225347755
RET-00190,10000.0,3470000.0,358995.09883841424
RET-00191,19000.0,7090000.0,404656.7112638302
RET-00192,15000.0,2640000.0,206190.17782819667
RET-00193,5000.0,6740000.0,106806.60413721847
RET-00194,25000.0,6850000.0,718027.6289028107
RET-00195,18000.0,9960000.0,219621.24010195988
RET-00196,1000.0,1390000.0,18769.784048125985
RET-00197,1000.0,2790000.0,35020.90148344149
RET-00198,7000.0,900000.0,233960.61367867005
RET-00199,3000.0,4000000.0,105522.2253179818
RET-00200,36000.0,2870000.0,1216690.2253373812
RET-00201,19000.0,2460000.0,651868.0854514623
RET-00202,5000.0,3820000.0,134630.25089036644
RET-00203,80000.0,18280000.0,980471.7681598968
RET-00204,3000.0,910000.0,60962.409286351394
RET-00205,77000.0,17550000.0,2754370.3035272555
RET-00206,7000.0,5780000.0,145063.30763250054
RET-00207,6000.0,5700000.0,142017.05912171706
RET-00208,5000.0,4940000.0,78508.32778552549
RET-00209,4000.0,2990000.0,68995.58404480439
RET-00210,35000.0,8230000.0,1000690.3981533673
RET-00211,83000.0,16700000.0,2752188.8469998967
RET-00212,18000.0,3010000.0,274836.4337471474
RET-00213,14000.0,1880000.0,411840.85736923886
RET-00214,5000.0,2340000.0,56542.457949123236
RET-00215,5000.0,5190000.0,86733.73763888626
RET-00216,0.0,4420000.0,0.0
RET-00217,15000.0,1730000.0,221897.9635889615
RET-00218,18000.0,6680000.0,276628.15176161565
RET-00219,11000.0,8160000.0,206431.64627595423
RET-00220,4000.0,3700000.0,98449.63777677185
RET-00221,2000.0,1930000.0,32686.505845532112
RET-00222,13000.0,2850000.0,378348.58175905875
RET-00223,16000.0,6730000.0,490916.21541696484
RET-00224,32000.0,7770000.0,822644.6755473057
RET-00225,12000.0,6870000.0,269934.81163130567
RET-00226,29000.0,3430000.0,760165.1751057517
RET-00227,14000.0,5470000.0,164708.70136735102
RET-00228,59000.0,6180000.0,1426638.3343576812
RET-00229,15000.0,4610000.0,512482.26185898494
RET-00230,3000.0,6320000.0,76153.18361229858
RET-00231,21000.0,9780000.0,533086.5750280863
RET-00232,15000.0,11160000.0,293230.09820830426
RET-00233,99000.0,6030000.0,3336595.7479096
RET-00234,5000.0,4980000.0,72778.88637090485
RET-00235,43000.0,7690000.0,655635.8946799049
RET-00236,6000.0,5750000.0,136343.34235098877
RET-00237,15000.0,7270000.0,418102.2216569202
RET-00238,15000.0,14650000.0,384783.3818033587
RET-00239,10000.0,7300000.0,287144.43070619646
RET-00240,6000.0,2780000.0,173448.1063766395
RET-00241,19000.0,6090000.0,328628.79825923935
RET-00242,7000.0,2780000.0,73223.48200935834
RET-00243,35000.0,11780000.0,907422.8046313472
RET-00244,14000.0,9170000.0,217197.62578954146
RET-00245,5000.0,3400000.0,62981.73473353794
RET-00246,54000.0,16650000.0,881577.1420081544
RET-00247,11000.0,5980000.0,179201.0249109455
RET-00248,10000.0,2730000.0,320590.1219909606
RET-00249,87000.0,24390000.0,2694851.8798670624
RET-00250,24000.0,9720000.0,274561.2450537202
RET-00251,22000.0,10170000.0,733331.2582836552
RET-00252,3000.0,2480000.0,67061.25225537737
RET-00253,15000.0,10280000.0,344731.70237828034
RET-00254,8000.0,2470000.0,238443.17509728536
RET-00255,12000.0,5410000.0,159570.63899237572
RET-00256,1000.0,3350000.0,25946.43323682656
RET-00257,14000.0,2690000.0,356060.93651877315
RET-00258,50000.0,13210000.0,1140156.64721645
RET-00259,4000.0,2080000.0,135726.02782965312
RET-00260,24000.0,12920000.0,615858.387306008
RET-00261,22000.0,1950000.0,570793.2281501471
RET-00262,35000.0,3420000.0,777223.4571817626
RET-00263,4000.0,2750000.0,61885.37733006008
RET-00264,20000.0,6820000.0,333851.4999672803
RET-00265,14000.0,3060000.0,411033.178499671
RET-00266,11000.0,650000.0,159562.42442776173
RET-00267,4000.0,930000.0,97438.56457291373
RET-00268,20000.0,2230000.0,342533.4107256389
RET-00269,1000.0,2450000.0,13363.549609638021
RET-00270,0.0,5810000.0,0.0
RET-00271,22000.0,6550000.0,370585.9111395824
RET-00272,41000.0,10570000.0,636245.2381747573
RET-00273,26000.0,8290000.0,633602.7552247561
RET-00274,1000.0,4980000.0,23535.91331953638
RET-00275,146000.0,41340000.0,4786328.522069796
RET-00276,128000.0,30280000.0,2704197.8613011716
RET-00277,23000.0,3660000.0,353604.586423701
RET-00278,12000.0,3340000.0,319109.0298032128
RET-00279,40000.0,5940000.0,1223375.9841151994
RET-00280,4000.0,2750000.0,57754.41394232764
RET-00281,25000.0,3180000.0,361055.64295007347
RET-00282,3000.0,640000.0,98842.65432346199
RET-00283,5000.0,5350000.0,118968.57976158931
RET-00284,37000.0,16530000.0,1161296.54172841
RET-00285,19000.0,10190000.0,593239.387796392
RET-00286,4000.0,2350000.0,117554.87238170546
RET-00287,7000.0,8050000.0,151787.3288659751
RET-00288,21000.0,5710000.0,468342.611234167
RET-00289,27000.0,6080000.0,840663.4385100995
RET-00290,11000.0,6250000.0,311961.44268798025
RET-00291,34000.0,8730000.0,859949.7932580156
RET-00292,44000.0,13840000.0,953072.9880113761
RET-00293,25000.0,4400000.0,851745.9050545685
RET-00294,55000.0,11570000.0,1042945.516795194
RET-00295,27000.0,3270000.0,273796.022367089
RET-00296,19000.0,4520000.0,523646.13162740285
RET-00297,27000.0,17710000.0,821735.4709662521
RET-00298,12000.0,7340000.0,412011.7195110156
RET-00299,5000.0,2410000.0,163692.70763336943
RET-00300,1000.0,840000.0,23916.264088242355
RET-00301,44000.0,9730000.0,1464754.6056316695
RET-00302,26000.0,7890000.0,436532.590342738
RET-00303,20000.0,7220000.0,692311.4857256846
RET-00304,19000.0,6230000.0,566297.5137467517
RET-00305,1000.0,17010000.0,23558.75519826992
RET-00306,41000.0,29430000.0,592270.6086099352
RET-00307,18000.0,3620000.0,489309.83048321586
RET-00308,124000.0,22480000.0,4454798.847890186
RET-00309,16000.0,2480000.0,450965.490198972
RET-00310,11000.0,4650000.0,219803.00188263002
RET-00311,29000.0,6500000.0,591199.7294946292
RET-00312,8000.0,5240000.0,236651.35851284134
RET-00313,28000.0,11400000.0,478647.05686062045
RET-00314,20000.0,5680000.0,628578.9719924359
RET-00315,10000.0,600000.0,147372.6454091582
RET-00316,9000.0,2940000.0,196842.06721292026
RET-00317,10000.0,6850000.0,237406.96424974303
RET-00318,15000.0,9990000.0,285748.37393041427
RET-00319,4000.0,3230000.0,51229.126129756725
RET-00320,26000.0,2230000.0,437318.5766276405
RET-00321,1000.0,5960000.0,12119.631107119712
RET-00322,16000.0,5930000.0,243759.76719169595
RET-00323,6000.0,2200000.0,75153.09309227932
RET-00324,27000.0,2410000.0,507735.75109832315
RET-00325,17000.0,1630000.0,255098.84530729137
RET-00326,38000.0,6230000.0,896370.9102700483
RET-00327,13000.0,1030000.0,464629.60844063066
RET-00328,5000.0,8880000.0,126331.83132246087
RET-00329,7000.0,3560000.0,80685.74104403896
RET-00330,0.0,4800000.0,0.0
RET-00331,6000.0,830000.0,202776.19269374767
RET-00332,14000.0,2040000.0,221183.10932033422
RET-00333,27000.0,1830000.0,913222.9763539761
RET-00334,12000.0,2040000.0,336345.2009645404
RET-00335,8000.0,15810000.0,194305.96266647804
RET-00336,51000.0,14810000.0,828733.0939079477
RET-00337,39000.0,8550000.0,1033585.3749347056
RET-00338,16000.0,5020000.0,199094.19725114308
RET-00339,29000.0,6600000.0,465722.3159839881
RET-00340,8000.0,17540000.0,268332.23487615155
RET-00341,24000.0,2620000.0,384725.39922910096
RET-00342,24000.0,5550000.0,464416.3969663936
RET-00343,13000.0,1960000.0,196715.48232143163
RET-00344,11000.0,3390000.0,215047.03579352752
RET-00345,10000.0,1610000.0,183333.70855191376
RET-00346,9000.0,3890000.0,192249.12445193663
RET-00347,8000.0,970000.0,112937.8841804926
RET-00348,2000.0,8120000.0,66175.29940955638
RET-00349,12000.0,8120000.0,194327.35870538052
RET-00350,24000.0,2410000.0,353469.0230882914
RET-00351,8000.0,2960000.0,123806.04961568149
RET-00352,5000.0,1050000.0,86106.25080427757
RET-00353,23000.0,9950000.0,613415.074814938
RET-00354,6000.0,6430000.0,173599.96724838138
RET-00355,12000.0,860000.0,233947.90041633544
RET-00356,12000.0,2420000.0,172013.41900757092
RET-00357,2000.0,1210000.0,42017.870631314654
RET-00358,7000.0,5020000.0,182525.75992450677
RET-00359,16000.0,7400000.0,279847.43341526325
RET-00360,24000.0,9280000.0,792453.3829751037
RET-00361,14000.0,2990000.0,191048.2412280266
RET-00362,3000.0,4220000.0,48776.31092313209
RET-00363,26000.0,4390000.0,290553.8828084332
RET-00364,13000.0,3680000.0,218349.02240932235
RET-00365,43000.0,10870000.0,800518.7049649998
RET-00366,4000.0,3890000.0,120910.16412720208
RET-00367,27000.0,8140000.0,354358.6047871918
RET-00368,15000.0,1710000.0,472092.8353107059
RET-00369,20000.0,8020000.0,639044.8733845205
RET-00370,3000.0,6240000.0,100673.78173460663
RET-00371,17000.0,10040000.0,449462.17674421327
RET-00372,10000.0,3580000.0,294665.3097282534
RET-00373,44000.0,15660000.0,812801.8327869308
RET-00374,11000.0,5840000.0,169956.66158219794
RET-00375,19000.0,21490000.0,232872.51358356763
RET-00376,8000.0,1670000.0,182355.63613508688
RET-00377,34000.0,2020000.0,896188.4194642866
RET-00378,9000.0,1140000.0,293416.12559693423
RET-00379,10000.0,3960000.0,308446.83791300905
RET-00380,0.0,15110000.0,0.0
RET-00381,56000.0,20240000.0,1822280.562082678
RET-00382,42000.0,8750000.0,814057.5085380079
RET-00383,20000.0,2070000.0,326310.97064469557
RET-00384,10000.0,9180000.0,149176.2704120143
RET-00385,11000.0,18330000.0,167106.80020383498
RET-00386,22000.0,1910000.0,676963.9151598709
RET-00387,5000.0,11580000.0,160395.45517203514
RET-00388,8000.0,3050000.0,131547.85968362275
RET-00389,6000.0,6730000.0,139062.2536311193
RET-00390,6000.0,14740000.0,208667.30661236192
RET-00391,19000.0,1240000.0,504616.95132339426
RET-00392,36000.0,13190000.0,651247.2285564459
RET-00393,28000.0,10020000.0,711824.4272095484
RET-00394,23000.0,7320000.0,489434.0601070124
RET-00395,10000.0,4440000.0,261210.5609622065
RET-00396,7000.0,4480000.0,180581.2017626005
RET-00397,9000.0,4190000.0,295369.62317069
RET-00398,8000.0,3000000.0,167609.47808682366
RET-00399,10000.0,8210000.0,244798.26541884046
RET-00400,21000.0,15650000.0,568308.7777978651
RET-00401,10000.0,4050000.0,150799.0201748904
RET-00402,11000.0,10090000.0,129968.55361694316
RET-00403,6000.0,4970000.0,170123.30172486295
RET-00404,13000.0,8320000.0,452950.967312698
RET-00405,3000.0,7790000.0,44773.19670717537
RET-00406,5000.0,4070000.0,144247.1105116149
RET-00407,4000.0,8500000.0,57564.50392126644
RET-00408,8000.0,4340000.0,193293.1631059515
RET-00409,16000.0,3280000.0,353491.7875381688
RET-00410,9000.0,4350000.0,152893.56442626548
RET-00411,29000.0,12550000.0,1027242.6856838017
RET-00412,33000.0,3280000.0,1064965.4621229651
RET-00413,9000.0,1930000.0,306272.50734965195
RET-00414,0.0,1640000.0,0.0
RET-00415,22000.0,4280000.0,698175.2639713801
RET-00416,0.0,12600000.0,0.0
RET-00417,25000.0,1940000.0,303403.32655688125
RET-00418,1000.0,6290000.0,19584.883482463876
RET-00419,17000.0,4100000.0,591191.4018241778
RET-00420,4000.0,3170000.0,82442.39569970102
RET-00421,16000.0,3620000.0,221223.16190262302
RET-00422,49000.0,21970000.0,1156764.5533004368
RET-00423,25000.0,9900000.0,841877.9999272256
RET-00424,12000.0,5340000.0,374013.44540185615
RET-00425,19000.0,9390000.0,361026.2772690601
RET-00426,19000.0,7210000.0,212821.72766316534
RET-00427,22000.0,1580000.0,655688.591981087
RET-00428,0.0,1610000.0,0.0
RET-00429,11000.0,4850000.0,375193.8784319648
RET-00430,36000.0,11170000.0,653468.7483219646
RET-00431,2000.0,2710000.0,29378.501185572633
RET-00432,9000.0,2470000.0,311279.3603270766
RET-00433,13000.0,4220000.0,352345.73710659996
RET-00434,15000.0,1020000.0,416740.23088338994
RET-00435,6000.0,1220000.0,100522.35675590692
RET-00436,21000.0,3040000.0,372527.96729424637
RET-00437,52000.0,11480000.0,870273.4123299124
RET-00438,17000.0,6650000.0,343815.1435441426
RET-00439,20000.0,13400000.0,330345.17298157484
RET-00440,22000.0,5790000.0,264188.73181841
RET-00441,10000.0,3440000.0,150315.11928894976
RET-00442,17000.0,4950000.0,378810.39648748335
RET-00443,3000.0,2800000.0,39750.04775111354
RET-00444,48000.0,7590000.0,547407.0448525182
RET-00445,13000.0,10130000.0,388381.53024155594
RET-00446,6000.0,6040000.0,107845.33627845767
RET-00447,9000.0,2660000.0,102277.36911058826
RET-00448,27000.0,4110000.0,496301.412115618
RET-00449,3000.0,1740000.0,104175.83980027263
RET-00450,12000.0,3240000.0,215884.47462133295
RET-00451,10000.0,2350000.0,176547.32054417656
RET-00452,27000.0,1830000.0,493908.2717529729
RET-00453,10000.0,6940000.0,200084.1269697199
RET-00454,7000.0,2670000.0,158935.97087433722
RET-00455,72000.0,22720000.0,904191.3050384317
RET-00456,11000.0,5780000.0,395137.1868343144
RET-00457,14000.0,2040000.0,312381.91195831465
RET-00458,30000.0,10970000.0,544467.996440932
RET-00459,5000.0,5060000.0,159290.39899868073
RET-00460,36000.0,10600000.0,1058254.2571437065
RET-00461,14000.0,2850000.0,238000.30285785114
RET-00462,4000.0,4860000.0,117071.62975567566
RET-00463,3000.0,580000.0,64006.7054499029
RET-00464,1000.0,3330000.0,20572.470231276115
RET-00465,68000.0,19750000.0,847923.5983573312
RET-00466,1000.0,2380000.0,35304.29874348647
RET-00467,21000.0,3150000.0,547701.6148291639
RET-00468,0.0,1420000.0,0.0
RET-00469,10000.0,6040000.0,234606.01447443175
RET-00470,17000.0,8370000.0,532225.9793091178
RET-00471,14000.0,7960000.0,478901.2519166984
RET-00472,8000.0,1410000.0,182385.92286882852
RET-00473,1000.0,1930000.0,13166.176513441485
RET-00474,10000.0,2840000.0,334405.49528712564
RET-00475,56000.0,7100000.0,705840.6417086056
RET-00476,22000.0,7330000.0,575137.3604561187
RET-00477,22000.0,2490000.0,724440.8789057995
RET-00478,11000.0,2900000.0,150933.84486826463
RET-00479,15000.0,1110000.0,268471.1589777577
RET-00480,44000.0,9850000.0,936995.0945247466
RET-00481,6000.0,4040000.0,73886.362108713
RET-00482,27000.0,10790000.0,430251.9782498285
RET-00483,3000.0,2650000.0,69931.88001363544
RET-00484,25000.0,4660000.0,549087.0876525834
RET-00485,29000.0,17290000.0,467090.5716544901
RET-00486,15000.0,2410000.0,516216.06909161713
RET-00487,13000.0,7900000.0,371963.23120105814
RET-00488,8000.0,2450000.0,196136.8604994127
RET-00489,15000.0,2440000.0,405104.97286444774
RET-00490,14000.0,6260000.0,204324.29450190146
RET-00491,48000.0,13840000.0,907157.2409818589
RET-00492,12000.0,6900000.0,200997.42255600062
RET-00493,27000.0,7930000.0,856511.6617197819
RET-00494,53000.0,14120000.0,1454849.9202490095
RET-00495,15000.0,3700000.0,211789.76394139417
RET-00496,9000.0,1510000.0,148249.25529424928
RET-00497,22000.0,5980000.0,606313.9262998269
RET-00498,58000.0,17930000.0,1209197.0890918635
RET-00499,6000.0,1680000.0,195471.0539275162
RET-00500,9000.0,13810000.0,224370.48090071726
RET-00501,20000.0,5110000.0,285820.1285015653
RET-00502,80000.0,23270000.0,1892319.4907747367
RET-00503,78000.0,24250000.0,2546967.5441799434
RET-00504,20000.0,15810000.0,347987.07570334943
RET-00505,7000.0,1000000.0,139902.3374199029
RET-00506,8000.0,1050000.0,249151.51054240472
RET-00507,20000.0,4200000.0,238848.86647949414
RET-00508,45000.0,11820000.0,966719.2193434517
RET-00509,37000.0,5150000.0,481528.47772837745
RET-00510,14000.0,1340000.0,315598.56050152704
RET-00511,5000.0,1350000.0,144204.77889353555
RET-00512,39000.0,12530000.0,775288.8435078147
RET-00513,31000.0,26230000.0,1111564.3264432915
RET-00514,11000.0,1770000.0,299089.83241661737
RET-00515,27000.0,13510000.0,858380.0386700133
RET-00516,80000.0,6470000.0,1955200.1230581119
RET-00517,0.0,4590000.0,0.0
RET-00518,23000.0,1770000.0,230563.88695917008
RET-00519,12000.0,12020000.0,162703.51279700352
RET-00520,10000.0,4700000.0,259675.288473817
RET-00521,61000.0,8100000.0,1978178.703131582
RET-00522,11000.0,6480000.0,298236.3365472986
RET-00523,24000.0,5330000.0,670888.4654407254
RET-00524,4000.0,3690000.0,93465.91460385104
RET-00525,23000.0,4990000.0,821116.3858915326
RET-00526,2000.0,4750000.0,62166.58689541871
RET-00527,17000.0,8150000.0,506016.64318703813
RET-00528,10000.0,2680000.0,261253.98530965243
RET-00529,31000.0,9140000.0,553065.7628558464
RET-00530,8000.0,3680000.0,201787.336785763
RET-00531,50000.0,4500000.0,1155103.1831310496
RET-00532,37000.0,4890000.0,516552.86713337287
RET-00533,9000.0,2990000.0,198767.50306894066
RET-00534,9000.0,1840000.0,291488.5529522044
RET-00535,7000.0,4690000.0,142514.70945994442
RET-00536,2000.0,4380000.0,35354.432868585965
RET-00537,5000.0,5350000.0,105315.00562709183
RET-00538,62000.0,5500000.0,1470402.7390820805
RET-00539,26000.0,5310000.0,545314.8810688038
RET-00540,18000.0,2740000.0,232818.3793031028
RET-00541,8000.0,1900000.0,95597.48420921978
RET-00542,1000.0,4870000.0,26624.933633660974
RET-00543,14000.0,5150000.0,183822.37490596558
RET-00544,8000.0,1170000.0,261880.30750293445
RET-00545,31000.0,6270000.0,721594.1394560823
RET-00546,26000.0,8330000.0,776128.3431146474
RET-00547,2000.0,500000.0,49834.7500430543
RET-00548,3000.0,2220000.0,52830.861090681785
RET-00549,21000.0,2740000.0,264267.4459517791
RET-00550,43000.0,8850000.0,765727.5920748607
RET-00551,7000.0,14130000.0,111365.33351434518
RET-00552,6000.0,4300000.0,91889.59553454632
RET-00553,61000.0,12580000.0,2100588.141741387
RET-00554,10000.0,4940000.0,295099.32541136426
RET-00555,4000.0,4700000.0,85253.9021816104
RET-00556,23000.0,3560000.0,711939.7465104904
RET-00557,5000.0,10520000.0,75224.90137893592
RET-00558,12000.0,2250000.0,124315.84965754641
RET-00559,5000.0,6370000.0,75405.78135935553
RET-00560,10000.0,1220000.0,215574.0942918717
RET-00561,3000.0,9570000.0,76995.33592374786
RET-00562,16000.0,9020000.0,405862.9535871419
RET-00563,33000.0,11970000.0,549948.4656764861
RET-00564,7000.0,670000.0,245933.43504016538
RET-00565,20000.0,6030000.0,545294.895308841
RET-00566,3000.0,16480000.0,39957.17063153219
RET-00567,10000.0,4120000.0,287571.51791235356
RET-00568,1000.0,6670000.0,34288.782295614794
RET-00569,29000.0,1460000.0,450863.4850076688
RET-00570,18000.0,10150000.0,229080.2278883597
RET-00571,27000.0,9370000.0,929137.8267590862
RET-00572,1000.0,3310000.0,26770.9214931472
RET-00573,23000.0,2680000.0,743559.2762960035
RET-00574,14000.0,1680000.0,475605.4694508601
RET-00575,37000.0,14360000.0,1119208.3182410127
RET-00576,14000.0,2180000.0,292666.7430588256
RET-00577,34000.0,10130000.0,866631.8467889926
RET-00578,10000.0,1360000.0,282677.19992694585
RET-00579,10000.0,5660000.0,302068.6074361589
RET-00580,48000.0,19510000.0,853707.0741818699
RET-00581,23000.0,8590000.0,404491.5785782655
RET-00582,3000.0,3300000.0,66036.52705941536
RET-00583,31000.0,5020000.0,906470.3836219971
RET-00584,21000.0,3960000.0,732767.7485083594
RET-00585,7000.0,5030000.0,207971.45531403745
RET-00586,3000.0,2120000.0,78482.83867695989
RET-00587,17000.0,2400000.0,309379.6472821375
RET-00588,21000.0,8780000.0,347351.43367276795
RET-00589,26000.0,8590000.0,496187.158375862
RET-00590,43000.0,9460000.0,1316159.736945599
RET-00591,0.0,5520000.0,0.0
RET-00592,17000.0,1560000.0,576879.6586189641
RET-00593,17000.0,7320000.0,214417.4704675709
RET-00594,12000.0,2290000.0,158782.1439796715
RET-00595,18000.0,10970000.0,341453.27157016634
RET-00596,62000.0,6180000.0,1801924.3842118867
RET-00597,67000.0,15270000.0,2107355.3710896336
RET-00598,77000.0,12250000.0,1280325.259295402
RET-00599,18000.0,8580000.0,469631.3128777747
RET-00600,5000.0,7180000.0,90190.16347012816
RET-00601,15000.0,8030000.0,504050.26171412034
RET-00602,36000.0,3590000.0,379408.5018272886
RET-00603,24000.0,5470000.0,749760.795840504
RET-00604,4000.0,1950000.0,99655.26540026169
RET-00605,8000.0,4100000.0,204586.0811937086
RET-00606,49000.0,3780000.0,996099.4152630542
RET-00607,8000.0,5930000.0,176792.98547571097
RET-00608,3000.0,7550000.0,97878.11426090213
RET-00609,13000.0,2340000.0,263258.5597701235
RET-00610,1000.0,4840000.0,25141.197965041614
RET-00611,1000.0,7190000.0,34838.1330797158
RET-00612,12000.0,5660000.0,128221.24344920725
RET-00613,5000.0,4420000.0,72171.74313806527
RET-00614,15000.0,3470000.0,303468.40224609384
RET-00615,14000.0,2950000.0,204021.36324352768
RET-00616,26000.0,10940000.0,271146.6710092899
RET-00617,29000.0,10710000.0,509382.32152212656
RET-00618,0.0,1650000.0,0.0
RET-00619,75000.0,6440000.0,2052850.0991044545
RET-00620,22000.0,8060000.0,581559.4920508297
RET-00621,14000.0,1340000.0,158821.95567300124
RET-00622,18000.0,6510000.0,614509.7886457624
RET-00623,9000.0,2860000.0,283913.76119156
RET-00624,9000.0,2670000.0,173377.11046292004
RET-00625,10000.0,19430000.0,359600.0215828647
RET-00626,9000.0,3130000.0,214659.5208426114
RET-00627,5000.0,12030000.0,110708.98624848903
RET-00628,27000.0,3490000.0,962747.2031442244
RET-00629,18000.0,6590000.0,326335.8432340225
RET-00630,23000.0,7790000.0,776199.1447763309
RET-00631,10000.0,1120000.0,156593.1536453932
RET-00632,44000.0,12480000.0,1387533.7279880384
RET-00633,15000.0,4220000.0,475248.9333090818
RET-00634,15000.0,4650000.0,301321.9044450796
RET-00635,37000.0,6760000.0,908246.1107566046
RET-00636,3000.0,2140000.0,82074.23533071844
RET-00637,22000.0,2880000.0,525042.9134955385
RET-00638,0.0,2810000.0,0.0
RET-00639,35000.0,8750000.0,1155810.912855134
RET-00640,22000.0,2330000.0,602750.0653310902
RET-00641,6000.0,1700000.0,106832.38244662741
RET-00642,15000.0,2460000.0,495552.09103784576
RET-00643,4000.0,6770000.0,101331.55126059632
RET-00644,0.0,510000.0,0.0
RET-00645,2000.0,2900000.0,46899.12386607749
RET-00646,17000.0,5010000.0,479454.80626918696
RET-00647,14000.0,3430000.0,202761.1724353679
RET-00648,14000.0,3670000.0,410067.57866746286
RET-00649,5000.0,1190000.0,99518.459589877
RET-00650,6000.0,11110000.0,70445.71751160316
RET-00651,44000.0,11980000.0,767525.5942839741
RET-00652,7000.0,1600000.0,223274.09766330136
RET-00653,3000.0,10550000.0,66037.76665507654
RET-00654,9000.0,3360000.0,286517.69674880453
RET-00655,26000.0,4870000.0,863326.194132013
RET-00656,13000.0,4070000.0,405747.55118245486
RET-00657,28000.0,2540000.0,330300.0393969222
RET-00658,18000.0,10140000.0,497070.1370521387
RET-00659,23000.0,4860000.0,561873.1903738726
RET-00660,15000.0,7680000.0,494597.913559129
RET-00661,7000.0,8340000.0,88921.79919151776
RET-00662,20000.0,5560000.0,425807.71034893405
RET-00663,45000.0,15310000.0,576514.6363865952
RET-00664,13000.0,9910000.0,226312.93083225406
RET-00665,10000.0,3900000.0,336802.6479043493
RET-00666,28000.0,9170000.0,964538.5817169029
RET-00667,18000.0,12110000.0,335785.6853619577
RET-00668,30000.0,3080000.0,968405.9415162127
RET-00669,14000.0,9450000.0,341751.3837585303
RET-00670,16000.0,5830000.0,469837.6733597605
RET-00671,21000.0,2490000.0,228549.73211053567
RET-00672,8000.0,4230000.0,209640.38946990186
RET-00673,8000.0,6260000.0,203597.7360685895
RET-00674,7000.0,2010000.0,78813.53964656033
RET-00675,24000.0,3660000.0,486386.8655069074
RET-00676,44000.0,9420000.0,1446585.4130934158
RET-00677,6000.0,3120000.0,197611.25096963492
RET-00678,12000.0,7640000.0,130005.25544058857
RET-00679,7000.0,3310000.0,125406.38884651194
RET-00680,19000.0,1410000.0,564397.3482871662
RET-00681,30000.0,10830000.0,942642.1711051984
RET-00682,5000.0,9070000.0,169364.78132357998
RET-00683,12000.0,4310000.0,393258.4617132346
RET-00684,14000.0,15840000.0,207167.91837952565
RET-00685,29000.0,11350000.0,614911.2053651575
RET-00686,31000.0,12440000.0,827420.2182408932
RET-00687,3000.0,5400000.0,74260.35624953493
RET-00688,11000.0,5390000.0,352183.5628321863
RET-00689,13000.0,4470000.0,323304.6468831706
RET-00690,23000.0,6440000.0,362148.1316462814
RET-00691,24000.0,6050000.0,757958.4509035774
RET-00692,5000.0,5400000.0,100950.50261181178
RET-00693,28000.0,21030000.0,949904.3370363252
RET-00694,5000.0,1890000.0,154401.4300059158
RET-00695,23000.0,7660000.0,267694.2743251151
RET-00696,11000.0,4520000.0,154570.71558954596
RET-00697,21000.0,2040000.0,607373.2396781509
RET-00698,16000.0,900000.0,525361.0505351219
RET-00699,14000.0,5050000.0,331531.1618328749
RET-00700,0.0,5720000.0,0.0
RET-00701,39000.0,2700000.0,1123354.0284366445
RET-00702,38000.0,4630000.0,845352.3633005117
RET-00703,8000.0,2100000.0,174011.08048503648
RET-00704,7000.0,2830000.0,219930.00726929196
RET-00705,1000.0,7480000.0,32430.031332571005
RET-00706,22000.0,4090000.0,321787.00338075013
RET-00707,2000.0,1220000.0,41981.52277556248
RET-00708,33000.0,7800000.0,1174175.7314122855
RET-00709,1000.0,6530000.0,10020.019630066963
RET-00710,20000.0,9430000.0,620414.1027747901
RET-00711,15000.0,2490000.0,270597.6839935707
RET-00712,13000.0,2930000.0,185880.15660295045
RET-00713,24000.0,4890000.0,473481.2605987717
RET-00714,23000.0,1830000.0,304167.7956720143
RET-00715,11000.0,6600000.0,249464.8052119742
RET-00716,14000.0,6820000.0,438878.6450796105
RET-00717,4000.0,17000000.0,58062.34762856735
RET-00718,5000.0,780000.0,62914.088375696185
RET-00719,14000.0,1760000.0,311824.1770557161
RET-00720,2000.0,2010000.0,43643.398653178876
RET-00721,10000.0,3720000.0,166062.27379225465
RET-00722,23000.0,12100000.0,497045.4983738896
RET-00723,27000.0,2900000.0,766903.7725245982
RET-00724,28000.0,3700000.0,745666.8175987954
RET-00725,24000.0,10400000.0,263959.989216249
RET-00726,8000.0,3070000.0,243928.1195919814
RET-00727,9000.0,2990000.0,299777.5712400761
RET-00728,15000.0,7070000.0,468217.5292866309
RET-00729,36000.0,4370000.0,1141467.5141192311
RET-00730,30000.0,10670000.0,349001.04480879434
RET-00731,5000.0,3370000.0,110263.0865502063
RET-00732,11000.0,4470000.0,380597.42419046414
RET-00733,10000.0,2600000.0,103715.43039762725
RET-00734,5000.0,3020000.0,164329.04487594625
RET-00735,22000.0,4010000.0,221313.10670428365
RET-00736,21000.0,16540000.0,724296.1797370032
RET-00737,12000.0,3330000.0,133230.4188226168
RET-00738,31000.0,13710000.0,582950.6282023324
RET-00739,5000.0,4860000.0,140924.01973792468
RET-00740,2000.0,2400000.0,46818.80694051618
RET-00741,38000.0,6740000.0,584983.598152664
RET-00742,16000.0,7080000.0,450927.3639114866
RET-00743,17000.0,7420000.0,491832.1824370286
RET-00744,3000.0,15050000.0,82807.76321340005
RET-00745,22000.0,4850000.0,537853.5312178148
RET-00746,48000.0,4930000.0,1709431.3809806423
RET-00747,13000.0,2940000.0,440569.69217529916
RET-00748,15000.0,3740000.0,378834.7284778109
RET-00749,15000.0,11640000.0,236191.85274521596
RET-00750,7000.0,2500000.0,151973.30550478055
RET-00751,27000.0,7750000.0,336166.0948883585
RET-00752,38000.0,9300000.0,1153108.561657714
RET-00753,8000.0,16630000.0,115867.80695205428
RET-00754,20000.0,6250000.0,636794.063207289
RET-00755,22000.0,9510000.0,518416.34097193734
RET-00756,5000.0,4140000.0,129372.17441869086
RET-00757,6000.0,5380000.0,146266.3636096979
RET-00758,19000.0,8680000.0,311014.1227338918
RET-00759,25000.0,7650000.0,743630.9489776122
RET-00760,4000.0,2570000.0,120137.37425204217
RET-00761,59000.0,9630000.0,2011105.3537173232
RET-00762,6000.0,1610000.0,82851.11684132436
RET-00763,23000.0,8450000.0,776320.2457546558
RET-00764,2000.0,3910000.0,40438.420325908184
RET-00765,9000.0,2740000.0,241410.2013593893
RET-00766,43000.0,9960000.0,1073494.740644715
RET-00767,16000.0,4640000.0,395523.4706291073
RET-00768,0.0,4390000.0,0.0
RET-00769,1000.0,2480000.0,29220.090422845562
RET-00770,7000.0,1790000.0,200165.75735781543
RET-00771,8000.0,4140000.0,178548.72653421696
RET-00772,44000.0,12210000.0,561282.0908393695
RET-00773,16000.0,3980000.0,342542.09613937687
RET-00774,3000.0,2990000.0,85525.72233705713
RET-00775,3000.0,4400000.0,101141.5701106464
RET-00776,27000.0,1530000.0,600543.707343649
RET-00777,26000.0,2480000.0,485294.2982481538
RET-00778,6000.0,1240000.0,160753.50430449366
RET-00779,15000.0,7530000.0,204767.0393542755
RET-00780,7000.0,2920000.0,153056.61422587372
RET-00781,10000.0,1930000.0,160316.17500194735
RET-00782,6000.0,3840000.0,96826.03282021567
RET-00783,21000.0,2930000.0,448604.94594723126
RET-00784,47000.0,16570000.0,1102759.8081555716
RET-00785,69000.0,11830000.0,2243684.6903748815
RET-00786,0.0,2260000.0,0.0
RET-00787,1000.0,4380000.0,31359.614987878354
RET-00788,35000.0,11760000.0,1195088.487337765
RET-00789,15000.0,3880000.0,466944.6122661366
RET-00790,7000.0,600000.0,192295.9989320507
RET-00791,17000.0,1600000.0,463390.46337349754
RET-00792,47000.0,4930000.0,1604578.539955826
RET-00793,3000.0,3280000.0,88350.70246739904
RET-00794,12000.0,5090000.0,175568.51625161825
RET-00795,9000.0,2240000.0,242385.3044780649
RET-00796,21000.0,11670000.0,423404.1055384356
RET-00797,18000.0,8650000.0,223888.52995732482
RET-00798,19000.0,3220000.0,573765.6083004475
RET-00799,12000.0,1990000.0,283764.8080306176
RET-00800,6000.0,3110000.0,101313.78508396416
RET-00801,9000.0,9590000.0,121514.34832805992
RET-00802,8000.0,2950000.0,106403.89689806131
RET-00803,34000.0,9020000.0,1217498.750564591
RET-00804,3000.0,4190000.0,91583.8098644029
RET-00805,34000.0,25340000.0,1002485.7309657554
RET-00806,67000.0,6170000.0,1143473.6655908707
RET-00807,98000.0,23140000.0,2431151.4938119804
RET-00808,48000.0,6360000.0,1530282.9761393506
RET-00809,0.0,5410000.0,0.0
RET-00810,16000.0,4830000.0,368411.591419747
RET-00811,16000.0,17770000.0,181111.60841296727
RET-00812,17000.0,2660000.0,181395.2502375655
RET-00813,25000.0,6350000.0,300989.8186360174
RET-00814,1000.0,5430000.0,30625.97646875661
RET-00815,10000.0,5920000.0,147011.05434967697
RET-00816,18000.0,2860000.0,231028.2473902715
RET-00817,7000.0,480000.0,128755.82474791301
RET-00818,41000.0,8660000.0,485166.21841428604
RET-00819,5000.0,3850000.0,131287.14535812603
RET-00820,6000.0,5250000.0,105957.87698186419
RET-00821,11000.0,8750000.0,201469.60219419573
RET-00822,13000.0,2210000.0,395891.1148853917
RET-00823,16000.0,1860000.0,198939.1346206432
RET-00824,10000.0,6770000.0,122518.36834498246
RET-00825,8000.0,2300000.0,189746.50576870664
RET-00826,56000.0,21160000.0,1434064.8894585418
RET-00827,4000.0,3330000.0,64153.16271871943
RET-00828,1000.0,2030000.0,31649.812465132913
RET-00829,61000.0,25550000.0,2099006.694648589
RET-00830,2000.0,460000.0,69446.11987614348
RET-00831,58000.0,7340000.0,2087962.3430303484
RET-00832,3000.0,3200000.0,63012.67929516644
RET-00833,3000.0,3220000.0,91844.04488522948
RET-00834,14000.0,1280000.0,233043.99371532904
RET-00835,12000.0,1940000.0,270790.25049449893
RET-00836,12000.0,1510000.0,334352.5131973662
RET-00837,12000.0,5740000.0,231881.60143378068
RET-00838,29000.0,8800000.0,296068.9555838216
RET-00839,28000.0,8890000.0,596774.463102157
RET-00840,16000.0,4770000.0,410012.62878779176
RET-00841,44000.0,6800000.0,1059878.7134088846
RET-00842,7000.0,30130000.0,240968.91468469103
RET-00843,55000.0,7760000.0,1767762.888150733
RET-00844,19000.0,4340000.0,395067.27015128185
RET-00845,4000.0,8810000.0,40558.83149966015
RET-00846,6000.0,6440000.0,117695.59781096013
RET-00847,23000.0,6230000.0,668350.4206292116
RET-00848,4000.0,1840000.0,108878.19153556929
RET-00849,3000.0,1990000.0,101567.18615996334
RET-00850,16000.0,6330000.0,262521.02826924075
RET-00851,22000.0,2360000.0,226555.34120516942
RET-00852,10000.0,920000.0,329602.9467751966
RET-00853,14000.0,3350000.0,451415.0376831368
RET-00854,80000.0,21220000.0,1544102.892371649
RET-00855,15000.0,4810000.0,528642.6648666363
RET-00856,9000.0,4320000.0,101019.94030555458
RET-00857,7000.0,1880000.0,202256.67149289433
RET-00858,27000.0,4040000.0,969254.9709155047
RET-00859,1000.0,1720000.0,32271.954834586835
RET-00860,10000.0,6570000.0,356517.5954936518
RET-00861,15000.0,7090000.0,324051.6602719499
RET-00862,43000.0,11680000.0,826371.998519978
RET-00863,9000.0,2350000.0,286315.1146758961
RET-00864,3000.0,3600000.0,67866.2097129885
RET-00865,6000.0,1970000.0,76008.20309255339
RET-00866,5000.0,830000.0,90797.40437583497
RET-00867,22000.0,7830000.0,341818.3535415181
RET-00868,1000.0,560000.0,19984.653824983543
RET-00869,12000.0,3490000.0,263418.560944321
RET-00870,8000.0,3820000.0,246458.15503088108
RET-00871,13000.0,1790000.0,375939.8571137817
RET-00872,7000.0,2980000.0,238537.3597898147
RET-00873,7000.0,7820000.0,170541.966302177
RET-00874,36000.0,5380000.0,682530.0594395904
RET-00875,12000.0,4380000.0,256053.09659295715
RET-00876,17000.0,6210000.0,375793.5899306034
RET-00877,31000.0,11910000.0,929083.6604743226
RET-00878,6000.0,1520000.0,72956.76304270003
RET-00879,12000.0,1580000.0,316615.1926351336
RET-00880,14000.0,1570000.0,282564.2992537439
RET-00881,71000.0,4550000.0,1416206.9827917898
RET-00882,8000.0,6890000.0,262533.58617109543
RET-00883,24000.0,5340000.0,640948.3558621447
RET-00884,90000.0,29320000.0,2587993.624751206
RET-00885,5000.0,6760000.0,95796.78105452516
RET-00886,80000.0,14240000.0,1717920.271322971
RET-00887,9000.0,1950000.0,196446.24322173756
RET-00888,8000.0,4340000.0,137675.27270174527
RET-00889,3000.0,1530000.0,102428.78573098735
RET-00890,13000.0,2110000.0,422201.6324933671
RET-00891,4000.0,2360000.0,47176.85840921094
RET-00892,19000.0,6640000.0,544409.2510665959
RET-00893,20000.0,7500000.0,658995.4475828597
RET-00894,2000.0,4700000.0,47662.84665360906
RET-00895,0.0,3930000.0,0.0
RET-00896,2000.0,3590000.0,20251.582815061833
RET-00897,37000.0,4960000.0,1070056.2825817398
RET-00898,11000.0,1500000.0,278367.56110180373
RET-00899,6000.0,5340000.0,209843.76734947995
RET-00900,6000.0,1040000.0,123286.68674410383
RET-00901,15000.0,5230000.0,421193.39157385763
RET-00902,4000.0,5490000.0,80061.1099647035
RET-00903,20000.0,2810000.0,657848.3614398191
RET-00904,24000.0,5680000.0,354162.36524959834
RET-00905,2000.0,910000.0,32501.476566196005
RET-00906,6000.0,1160000.0,183561.8915087429
RET-00907,1000.0,3050000.0,28601.65865185096
RET-00908,15000.0,1620000.0,305601.8637508355
RET-00909,39000.0,2760000.0,980860.306774995
RET-00910,12000.0,1110000.0,149106.26193828692
RET-00911,16000.0,6050000.0,351082.4668902994
RET-00912,52000.0,18830000.0,1667796.2880897683
RET-00913,28000.0,9640000.0,414667.79795724474
RET-00914,23000.0,8380000.0,785553.1210175353
RET-00915,24000.0,3730000.0,734139.5411156577
RET-00916,30000.0,4960000.0,889036.5845775884
RET-00917,35000.0,4450000.0,1217346.3632515308
RET-00918,57000.0,7770000.0,2024099.7900465755
RET-00919,12000.0,1470000.0,412140.85278479033
RET-00920,12000.0,14870000.0,229643.7943229036
RET-00921,19000.0,4480000.0,192842.42767818618
RET-00922,86000.0,12300000.0,2031712.420970048
RET-00923,15000.0,4190000.0,307710.4351577928
RET-00924,1000.0,1520000.0,16313.493261086918
RET-00925,23000.0,7260000.0,253403.75975308797
RET-00926,45000.0,9750000.0,1072527.3239200504
RET-00927,13000.0,23010000.0,259006.22502566845
RET-00928,12000.0,3030000.0,227251.00156962275
RET-00929,3000.0,920000.0,44016.952032055255
RET-00930,4000.0,8510000.0,129160.60288214027
RET-00931,30000.0,2510000.0,1065596.8845078442
RET-00932,7000.0,1450000.0,238160.20329998567
RET-00933,15000.0,2360000.0,239644.81564935262
RET-00934,0.0,3010000.0,0.0
RET-00935,23000.0,5600000.0,708009.8557699483
RET-00936,16000.0,5210000.0,338374.54882756324
RET-00937,15000.0,3730000.0,495508.6009058718
RET-00938,6000.0,1870000.0,102677.40769176542
RET-00939,3000.0,2830000.0,90818.72333069125
RET-00940,12000.0,9320000.0,162043.50256120833
RET-00941,42000.0,8450000.0,735381.2200775414
RET-00942,7000.0,3830000.0,233370.86334517392
RET-00943,2000.0,3100000.0,52227.52346160088
RET-00944,4000.0,3370000.0,75469.86709907986
RET-00945,7000.0,10600000.0,161122.7653771012
RET-00946,12000.0,3190000.0,406034.79258622444
RET-00947,19000.0,6260000.0,637002.0629656902
RET-00948,5000.0,990000.0,91805.74277485612
RET-00949,22000.0,10100000.0,674975.36753749
RET-00950,5000.0,9590000.0,142613.547180574
RET-00951,26000.0,4920000.0,483503.9798992593
RET-00952,25000.0,9190000.0,270091.9713592025
RET-00953,31000.0,13420000.0,602828.4382519095
RET-00954,13000.0,4770000.0,131581.3080332285
RET-00955,21000.0,10210000.0,635997.5901683534
RET-00956,4000.0,2610000.0,105169.29232849595
RET-00957,11000.0,3410000.0,387143.2928088661
RET-00958,27000.0,5790000.0,320779.65715919575
RET-00959,24000.0,3250000.0,434678.24507115176
RET-00960,13000.0,2560000.0,214925.16299086745
RET-00961,6000.0,2150000.0,119037.18132730914
RET-00962,18000.0,6160000.0,612322.0607011535
RET-00963,34000.0,16980000.0,713478.9515619088
RET-00964,9000.0,710000.0,149257.69043353648
RET-00965,29000.0,4650000.0,353277.41141990386
RET-00966,4000.0,4500000.0,92685.6158109546
RET-00967,20000.0,6400000.0,662448.4446701308
RET-00968,23000.0,2430000.0,671891.6193320964
RET-00969,17000.0,4990000.0,409166.03581174917
RET-00970,5000.0,6370000.0,127140.78594243123
RET-00971,6000.0,3330000.0,147694.65946378798
RET-00972,4000.0,8670000.0,88305.40323323537
RET-00973,28000.0,5550000.0,917693.3026369377
RET-00974,5000.0,4920000.0,109913.09710248158
RET-00975,25000.0,6190000.0,888702.6270951485
RET-00976,24000.0,5750000.0,494538.3431584074
RET-00977,16000.0,1210000.0,206353.01744245028
RET-00978,3000.0,2410000.0,45871.04276482305
RET-00979,11000.0,4380000.0,294413.44343989826
RET-00980,24000.0,3430000.0,247968.00175883822
RET-00981,9000.0,5840000.0,298644.4097028395
RET-00982,6000.0,13520000.0,67893.31587236439
RET-00983,5000.0,4210000.0,116163.74922963536
RET-00984,16000.0,3600000.0,230505.92618485194
RET-00985,41000.0,9040000.0,1099119.4433487866
RET-00986,10000.0,1320000.0,147295.03785796257
RET-00987,10000.0,5170000.0,347343.50552403234
RET-00988,16000.0,3220000.0,302590.8636555038
RET-00989,8000.0,2650000.0,182392.17897376153
RET-00990,27000.0,5490000.0,328495.1657312968
RET-00991,48000.0,6400000.0,1679096.1162717715
RET-00992,49000.0,14630000.0,1073051.4232292804
RET-00993,67000.0,13960000.0,934687.4938896659
RET-00994,68000.0,18350000.0,881028.0754120784
RET-00995,9000.0,3160000.0,179560.02542835753
RET-00996,55000.0,16460000.0,784421.9182979136
RET-00997,4000.0,6050000.0,103200.38602915627
RET-00998,19000.0,2190000.0,511039.8445207976
RET-00999,1000.0,3870000.0,12778.151042976802
RET-01000,20000.0,3240000.0,205648.83823066714
RET-01001,13000.0,2920000.0,381909.6538478708
RET-01002,35000.0,4640000.0,871768.7477714465
RET-01003,9000.0,5110000.0,201928.06863257737
RET-01004,10000.0,5330000.0,330123.36669880355
RET-01005,4000.0,3280000.0,67908.91255439947
RET-01006,33000.0,12260000.0,835679.7991463369
RET-01007,39000.0,3230000.0,708954.1971981885
RET-01008,41000.0,13010000.0,871642.6049220292
RET-01009,5000.0,4190000.0,64923.6851328146
RET-01010,6000.0,11220000.0,174637.6227782916
RET-01011,12000.0,2910000.0,120556.42491916794
RET-01012,4000.0,2480000.0,79114.09709409125
RET-01013,12000.0,2510000.0,395861.3351994386
RET-01014,10000.0,13450000.0,321335.15070661064
RET-01015,34000.0,11240000.0,466650.0216025791
RET-01016,8000.0,4280000.0,178096.4262889208
RET-01017,11000.0,30250000.0,149970.19797746083
RET-01018,12000.0,20150000.0,153079.51758685295
RET-01019,16000.0,3720000.0,513267.0956359757
RET-01020,1000.0,3310000.0,14555.84468202796
RET-01021,25000.0,9890000.0,284630.5664437989
RET-01022,16000.0,6770000.0,319966.92441629793
RET-01023,45000.0,18300000.0,630400.0127980683
RET-01024,5000.0,3490000.0,174760.89138822467
RET-01025,13000.0,4900000.0,337682.27227728895
RET-01026,1000.0,9330000.0,16592.138353482445
RET-01027,42000.0,2530000.0,1338146.5022593772
RET-01028,5000.0,3270000.0,105982.43320477309
RET-01029,7000.0,2120000.0,149584.36320600184
RET-01030,6000.0,2420000.0,84536.73104533223
RET-01031,11000.0,3900000.0,136406.4809612418
RET-01032,11000.0,1160000.0,138791.3488269407
RET-01033,37000.0,2200000.0,967982.4880737665
RET-01034,30000.0,4590000.0,329472.9787277588
RET-01035,12000.0,4610000.0,173043.6189089456
RET-01036,23000.0,5330000.0,425269.05760449095
RET-01037,36000.0,7740000.0,792096.6034414669
RET-01038,13000.0,880000.0,138633.1587954564
RET-01039,1000.0,2800000.0,21802.157322562827
RET-01040,4000.0,10840000.0,110144.35821989656
RET-01041,21000.0,4620000.0,280416.0346980464
RET-01042,15000.0,1010000.0,380425.51900712086
RET-01043,17000.0,6500000.0,272900.20776345767
RET-01044,2000.0,2100000.0,48800.81297848877
RET-01045,15000.0,4160000.0,324259.5716045451
RET-01046,7000.0,2760000.0,185262.97272692458
RET-01047,29000.0,2970000.0,666009.9701090332
RET-01048,43000.0,8340000.0,934946.7405552831
RET-01049,20000.0,3470000.0,331456.27273723733
RET-01050,10000.0,4330000.0,272435.18912196456
RET-01051,18000.0,16220000.0,538553.6392358516
RET-01052,19000.0,7320000.0,371291.6932967573
RET-01053,49000.0,28080000.0,1685385.1773255868
RET-01054,11000.0,5020000.0,387253.24422821554
RET-01055,23000.0,9210000.0,675717.0145046341
RET-01056,52000.0,16220000.0,1319621.826260474
RET-01057,15000.0,6350000.0,177739.74540551167
RET-01058,28000.0,8830000.0,368779.34877591714
RET-01059,8000.0,2940000.0,114107.53342853935
RET-01060,56000.0,14140000.0,1998129.047746743
RET-01061,13000.0,4220000.0,297986.2606157565
RET-01062,27000.0,5500000.0,568444.2327193556
RET-01063,20000.0,5320000.0,641649.1729970283
RET-01064,2000.0,4260000.0,30615.414894582045
RET-01065,14000.0,3830000.0,285203.2307601144
RET-01066,31000.0,9350000.0,632010.028385571
RET-01067,28000.0,7910000.0,542605.5218093663
RET-01068,5000.0,9370000.0,141916.7254886607
RET-01069,4000.0,6790000.0,110137.96954791443
RET-01070,30000.0,12330000.0,604161.4252259827
RET-01071,9000.0,1990000.0,141539.91496299315
RET-01072,25000.0,9270000.0,784632.7954928314
RET-01073,12000.0,1910000.0,379563.3811530819
RET-01074,3000.0,4500000.0,85589.83486531646
RET-01075,9000.0,4370000.0,267541.8927897558
RET-01076,17000.0,5950000.0,256583.6439142423
RET-01077,23000.0,2000000.0,478850.1283557766
RET-01078,18000.0,10740000.0,489542.15723852307
RET-01079,41000.0,10700000.0,1065219.4832060593
RET-01080,24000.0,10570000.0,769207.7748342877
RET-01081,16000.0,4780000.0,504757.2323132005
RET-01082,29000.0,10680000.0,744005.4511223417
RET-01083,16000.0,9770000.0,283684.87575158925
RET-01084,11000.0,6480000.0,269677.14575797936
RET-01085,22000.0,4890000.0,517337.7998941823
RET-01086,5000.0,3320000.0,67735.42487916433
RET-01087,3000.0,900000.0,76550.46107314162
RET-01088,45000.0,6550000.0,982771.2555094732
RET-01089,15000.0,5180000.0,236363.69056425142
RET-01090,7000.0,2330000.0,127951.2020084888
RET-01091,1000.0,2860000.0,17089.99023714307
RET-01092,28000.0,16300000.0,407970.21317507053
RET-01093,29000.0,6440000.0,311250.935084876
RET-01094,5000.0,5600000.0,105941.6370841142
RET-01095,18000.0,9860000.0,268192.4391149591
RET-01096,7000.0,990000.0,177806.47155488862
RET-01097,31000.0,8350000.0,708462.4581935552
RET-01098,4000.0,11340000.0,125695.28340184945
RET-01099,12000.0,9890000.0,301948.4925372222
RET-01100,25000.0,5980000.0,272193.5000534038
RET-01101,20000.0,3770000.0,441686.4681856863
RET-01102,35000.0,4530000.0,381761.5986932452
RET-01103,32000.0,4440000.0,610297.6269902856
RET-01104,11000.0,4860000.0,276894.8255458048
RET-01105,34000.0,10850000.0,1020078.8609481377
RET-01106,31000.0,10080000.0,835212.7802935771
RET-01107,34000.0,4640000.0,899206.2410323046
RET-01108,17000.0,1130000.0,594481.565405759
RET-01109,48000.0,8570000.0,825315.1296598848
RET-01110,16000.0,7370000.0,475327.80387080973
RET-01111,36000.0,12660000.0,740426.8082164078
RET-01112,9000.0,1960000.0,204102.16600080993
RET-01113,13000.0,1680000.0,294665.6751749552
RET-01114,43000.0,25200000.0,1290878.8117650994
RET-01115,58000.0,10450000.0,632487.6461504549
RET-01116,1000.0,5120000.0,15711.572718952993
RET-01117,3000.0,6180000.0,64201.36961145566
RET-01118,1000.0,2870000.0,35505.644311554744
RET-01119,7000.0,2660000.0,72814.11077357497
RET-01120,2000.0,2940000.0,34875.66076287776
RET-01121,14000.0,4130000.0,322362.2886254028
RET-01122,19000.0,7430000.0,395512.3295777037
RET-01123,6000.0,7490000.0,77851.5902099932
RET-01124,3000.0,14620000.0,93091.27745685703
RET-01125,32000.0,10430000.0,790680.8623047442
RET-01126,18000.0,2420000.0,549221.9145209651
RET-01127,49000.0,5800000.0,760339.899392118
RET-01128,2000.0,2590000.0,30051.807082598734
RET-01129,41000.0,2980000.0,1410772.0567413627
RET-01130,11000.0,990000.0,178251.09349343358
RET-01131,0.0,1820000.0,0.0
RET-01132,43000.0,6000000.0,1405123.4153677726
RET-01133,23000.0,8190000.0,801865.9421022485
RET-01134,14000.0,4000000.0,466409.6186936142
RET-01135,31000.0,5650000.0,1061021.5183002618
RET-01136,21000.0,5950000.0,695474.8632365119
RET-01137,2000.0,5340000.0,39794.61171668819
RET-01138,6000.0,7120000.0,167059.18811236176
RET-01139,65000.0,29550000.0,900294.7582001811
RET-01140,11000.0,7290000.0,256932.84730135615
RET-01141,3000.0,2060000.0,39325.092330314874
RET-01142,19000.0,9140000.0,530558.8034546379
RET-01143,12000.0,7370000.0,162164.21509256863
RET-01144,38000.0,4290000.0,1246168.2750610274
RET-01145,21000.0,5670000.0,248458.73930334923
RET-01146,19000.0,5800000.0,378797.6977895817
RET-01147,15000.0,3410000.0,524804.9101459932
RET-01148,0.0,25360000.0,0.0
RET-01149,1000.0,7430000.0,28258.336115283066
RET-01150,6000.0,2850000.0,156174.85200010252
RET-01151,12000.0,15580000.0,151277.33354011847
RET-01152,29000.0,7160000.0,577134.9170363669
RET-01153,43000.0,20030000.0,1197921.7440933683
RET-01154,2000.0,6240000.0,23053.397322268913
RET-01155,58000.0,35170000.0,2049692.471115584
RET-01156,11000.0,1320000.0,387476.96489152184
RET-01157,3000.0,2930000.0,68608.32238260507
RET-01158,16000.0,3800000.0,160041.40143714607
RET-01159,14000.0,3790000.0,254041.86814426238
RET-01160,5000.0,7400000.0,53156.93302764007
RET-01161,21000.0,5630000.0,235601.0093232013
RET-01162,7000.0,910000.0,174994.6323132731
RET-01163,2000.0,4830000.0,42899.00004654928
RET-01164,8000.0,1760000.0,280899.63356055843
RET-01165,32000.0,10060000.0,1113712.1776744337
RET-01166,5000.0,1310000.0,87544.86925906302
RET-01167,28000.0,14040000.0,402407.1947250136
RET-01168,9000.0,3130000.0,117019.35603983465
RET-01169,2000.0,860000.0,42564.766702227236
RET-01170,8000.0,3600000.0,245249.26779242032
RET-01171,6000.0,5290000.0,68679.46216996844
RET-01172,1000.0,1990000.0,30332.15749491686
RET-01173,15000.0,3830000.0,383802.29488243285
RET-01174,9000.0,5300000.0,266823.9075967218
RET-01175,9000.0,3380000.0,288181.067953196
RET-01176,3000.0,3190000.0,52200.20434535069
RET-01177,0.0,2640000.0,0.0
RET-01178,6000.0,1630000.0,172096.41831752151
RET-01179,8000.0,590000.0,166116.9254593452
RET-01180,80000.0,28550000.0,1366994.3180548125
RET-01181,15000.0,3280000.0,391475.4551684484
RET-01182,60000.0,3810000.0,1525055.2183391294
RET-01183,11000.0,4010000.0,284484.51885275467
RET-01184,5000.0,2490000.0,89219.67122933552
RET-01185,3000.0,4160000.0,32180.96721997719
RET-01186,34000.0,9750000.0,366049.3693575046
RET-01187,13000.0,2090000.0,197881.4399881851
RET-01188,12000.0,2210000.0,356373.10438621306
RET-01189,15000.0,1710000.0,398992.8629279889
RET-01190,10000.0,2260000.0,312648.26124823344
RET-01191,10000.0,10920000.0,114310.00890002928
RET-01192,36000.0,13560000.0,443405.3807893897
RET-01193,0.0,1410000.0,0.0
RET-01194,4000.0,4740000.0,90889.4663028988
RET-01195,3000.0,9310000.0,91000.67222900686
RET-01196,28000.0,11170000.0,688810.2831895723
RET-01197,28000.0,9810000.0,660654.865537157
RET-01198,7000.0,3390000.0,106672.50646256258
RET-01199,60000.0,32280000.0,703537.9617451528
RET-01200,6000.0,5730000.0,118223.90747344415
RET-01201,16000.0,2870000.0,188257.92731640968
RET-01202,10000.0,2770000.0,211116.43835623085
RET-01203,33000.0,6770000.0,457627.8826623948
RET-01204,22000.0,6610000.0,424221.42537807854
RET-01205,70000.0,24580000.0,1976524.2375258564
RET-01206,19000.0,6110000.0,528592.4178546495
RET-01207,5000.0,4900000.0,130823.79029880225
RET-01208,16000.0,5010000.0,488788.6218364249
RET-01209,5000.0,18950000.0,178713.7102660895
RET-01210,27000.0,8410000.0,581011.326941737
RET-01211,2000.0,780000.0,37515.31846358232
RET-01212,2000.0,2950000.0,50336.287951281454
RET-01213,4000.0,4850000.0,117987.39075321918
RET-01214,26000.0,9920000.0,488065.07358650846
RET-01215,19000.0,1930000.0,266581.81385828875
RET-01216,6000.0,1720000.0,194012.93674799998
RET-01217,8000.0,1020000.0,209232.76760645237
RET-01218,60000.0,11350000.0,643266.2660776315
RET-01219,2000.0,11670000.0,68552.93775237098
RET-01220,37000.0,7940000.0,838137.0229928086
RET-01221,32000.0,16050000.0,884105.8795813884
RET-01222,14000.0,5740000.0,281393.06247519504
RET-01223,17000.0,6760000.0,575735.0152804054
RET-01224,1000.0,4130000.0,33089.520172145174
RET-01225,29000.0,10810000.0,757658.840179713
RET-01226,6000.0,13560000.0,177388.51900881645
RET-01227,68000.0,12270000.0,1062786.9426012766
RET-01228,40000.0,8710000.0,1026318.3282706019
RET-01229,33000.0,11940000.0,534176.7801797591
RET-01230,32000.0,14070000.0,740708.4175365433
RET-01231,6000.0,1820000.0,160300.17086277122
RET-01232,42000.0,17050000.0,800670.9383756614
RET-01233,40000.0,6400000.0,736867.946255323
RET-01234,38000.0,8310000.0,738943.8331619471
RET-01235,8000.0,4950000.0,194144.5208468089
RET-01236,5000.0,3410000.0,70818.43658885297
RET-01237,25000.0,4000000.0,816676.763691093
RET-01238,7000.0,6920000.0,95096.6566607053
RET-01239,7000.0,5620000.0,247183.7810034181
RET-01240,11000.0,6900000.0,395189.5234368372
RET-01241,1000.0,3300000.0,19225.077893910886
RET-01242,10000.0,4100000.0,265110.0670866573
RET-01243,21000.0,1840000.0,239960.5175940374
RET-01244,11000.0,1490000.0,259458.83053041823
RET-01245,10000.0,4470000.0,236256.64839464144
RET-01246,32000.0,8440000.0,576890.0427996052
RET-01247,69000.0,7710000.0,715793.7813726707
RET-01248,40000.0,5900000.0,503463.307963934
RET-01249,0.0,6270000.0,0.0
RET-01250,39000.0,3340000.0,822147.363917059
RET-01251,34000.0,2100000.0,1067119.8310307923
RET-01252,2000.0,1910000.0,67120.98958474291
RET-01253,18000.0,1750000.0,494991.41256982356
RET-01254,35000.0,10520000.0,843984.9935643811
RET-01255,4000.0,4930000.0,126026.5105535415
RET-01256,5000.0,1230000.0,82780.25271893194
RET-01257,5000.0,1610000.0,155419.75363793536
RET-01258,16000.0,2010000.0,324155.6884923943
RET-01259,14000.0,4260000.0,181182.77238034733
RET-01260,6000.0,4500000.0,180120.7705037515
RET-01261,8000.0,3470000.0,134197.8185694774
RET-01262,1000.0,8330000.0,22830.91808346031
RET-01263,15000.0,6440000.0,392917.6339516258
RET-01264,21000.0,5980000.0,609590.194468591
RET-01265,26000.0,5980000.0,593457.1876796193
RET-01266,5000.0,4120000.0,110296.1386191599
RET-01267,19000.0,5760000.0,473868.78885585145
RET-01268,3000.0,1960000.0,97551.1862399228
RET-01269,9000.0,3070000.0,312785.712013495
RET-01270,11000.0,850000.0,294182.77855295915
RET-01271,7000.0,2730000.0,113414.02441048561
RET-01272,1000.0,1040000.0,32077.836323860276
RET-01273,17000.0,1250000.0,399432.8246189129
RET-01274,3000.0,3210000.0,107472.99933718593
RET-01275,6000.0,5670000.0,91377.30124250852
RET-01276,11000.0,3130000.0,161944.2598392201
RET-01277,5000.0,2560000.0,178995.83510675447
RET-01278,11000.0,2240000.0,361041.7614809588
RET-01279,10000.0,6220000.0,359588.0916373254
RET-01280,4000.0,4410000.0,91712.42788858768
RET-01281,5000.0,4380000.0,171725.45823292
RET-01282,12000.0,6150000.0,397809.2110749245
RET-01283,13000.0,1730000.0,364119.0121256822
RET-01284,4000.0,10040000.0,43363.07586315473
RET-01285,31000.0,11580000.0,941271.4527081731
RET-01286,14000.0,6010000.0,337640.26727107185
RET-01287,31000.0,15460000.0,397340.81755756837
RET-01288,3000.0,2800000.0,58353.61923196415
RET-01289,18000.0,4770000.0,214648.25059178346
RET-01290,10000.0,3060000.0,160080.71774539104
RET-01291,20000.0,4660000.0,587430.2233625364
RET-01292,12000.0,3340000.0,148413.03158889807
RET-01293,5000.0,880000.0,110939.80871807755
RET-01294,26000.0,8260000.0,397360.50698810344
RET-01295,13000.0,6180000.0,141036.0587911904
RET-01296,4000.0,2560000.0,121925.3308084901
RET-01297,27000.0,10800000.0,555202.4838648624
RET-01298,5000.0,2000000.0,62415.236889454616
RET-01299,5000.0,5070000.0,79066.16490635191
RET-01300,58000.0,7340000.0,1245671.8466087466
RET-01301,22000.0,6550000.0,432373.4709918211
RET-01302,11000.0,4070000.0,325892.3976976634
RET-01303,30000.0,4160000.0,532693.1614193657
RET-01304,30000.0,9430000.0,466268.8774362299
RET-01305,1000.0,3230000.0,21817.823477461956
RET-01306,28000.0,19000000.0,288019.0488603655
RET-01307,11000.0,2830000.0,372706.8133946509
RET-01308,26000.0,7600000.0,755531.9262616595
RET-01309,0.0,1630000.0,0.0
RET-01310,30000.0,16190000.0,977378.1182789607
RET-01311,13000.0,7520000.0,161445.58553704966
RET-01312,13000.0,3790000.0,179827.68404863274
RET-01313,27000.0,6050000.0,638459.5191059372
RET-01314,41000.0,17620000.0,489936.7153393787
RET-01315,26000.0,3160000.0,430043.4487023219
RET-01316,3000.0,7510000.0,92163.43553182963
RET-01317,23000.0,8030000.0,758583.1839489846
RET-01318,7000.0,6720000.0,205164.7083970156
RET-01319,30000.0,4780000.0,443895.041303324
RET-01320,26000.0,2380000.0,677086.8994238187
RET-01321,8000.0,2030000.0,205714.90295519316
RET-01322,16000.0,2420000.0,384753.4729066243
RET-01323,19000.0,6010000.0,236872.5410369906
RET-01324,22000.0,2530000.0,353695.7099576269
RET-01325,10000.0,6910000.0,195163.94913195726
RET-01326,1000.0,3290000.0,31182.60694684332
RET-01327,59000.0,6290000.0,1161430.8928826961
RET-01328,4000.0,4190000.0,42383.81880284522
RET-01329,3000.0,890000.0,41248.627645534405
RET-01330,23000.0,13400000.0,593032.8143779999
RET-01331,4000.0,720000.0,52406.93707246305
RET-01332,39000.0,4220000.0,907813.9761234494
RET-01333,10000.0,2030000.0,322983.86862084066
RET-01334,27000.0,9990000.0,847176.7012780386
RET-01335,3000.0,1980000.0,63018.82588177478
RET-01336,1000.0,3720000.0,10902.37878206238
RET-01337,0.0,1990000.0,0.0
RET-01338,27000.0,8810000.0,755138.9365529338
RET-01339,12000.0,3170000.0,173869.8588069464
RET-01340,9000.0,3110000.0,265789.9830380666
RET-01341,12000.0,7190000.0,133573.6906297496
RET-01342,0.0,3520000.0,0.0
RET-01343,5000.0,2730000.0,111636.47078360352
RET-01344,3000.0,4040000.0,102922.92119985603
RET-01345,15000.0,2770000.0,327680.3530510025
RET-01346,36000.0,6490000.0,402811.6674682445
RET-01347,16000.0,1630000.0,219051.76480434704
RET-01348,1000.0,2260000.0,28937.097437645727
RET-01349,16000.0,870000.0,175683.44758470546
RET-01350,13000.0,4650000.0,342142.2917402849
RET-01351,12000.0,5780000.0,418000.85685091885
RET-01352,21000.0,12500000.0,679076.6536397747
RET-01353,5000.0,550000.0,121971.89458806842
RET-01354,6000.0,1640000.0,85480.33624921841
RET-01355,7000.0,8330000.0,151507.5300350927
RET-01356,2000.0,8890000.0,47241.22564646106
RET-01357,9000.0,2680000.0,262688.44540902256
RET-01358,27000.0,8720000.0,894083.7917222861
RET-01359,28000.0,12150000.0,812454.0822029327
RET-01360,5000.0,1420000.0,90635.15673711947
RET-01361,35000.0,7160000.0,947322.6742463309
RET-01362,28000.0,2670000.0,934454.1128188638
RET-01363,2000.0,6060000.0,67567.0416134467
RET-01364,7000.0,11030000.0,151403.55581666288
RET-01365,9000.0,7610000.0,306172.3962898264
RET-01366,11000.0,1300000.0,315593.082925389
RET-01367,19000.0,5140000.0,413597.40078506473
RET-01368,13000.0,2540000.0,232611.84683030483
RET-01369,3000.0,8440000.0,99510.53100923906
RET-01370,23000.0,4500000.0,760305.9034770512
RET-01371,48000.0,5950000.0,800806.9631886813
RET-01372,37000.0,3140000.0,509829.66491983086
RET-01373,34000.0,11950000.0,875469.8414147695
RET-01374,23000.0,15280000.0,597187.0269087851
RET-01375,1000.0,2380000.0,13977.719926971826
RET-01376,12000.0,2750000.0,377234.57999774587
RET-01377,10000.0,6260000.0,243202.53944219416
RET-01378,3000.0,5060000.0,87680.70217068776
RET-01379,13000.0,23710000.0,461295.78500281164
RET-01380,6000.0,2830000.0,136972.47015833508
RET-01381,17000.0,5520000.0,491046.73332523176
RET-01382,16000.0,6190000.0,422486.5165527184
RET-01383,3000.0,1480000.0,60405.60098923934
RET-01384,4000.0,4570000.0,89412.32842249244
RET-01385,7000.0,1910000.0,156125.84567051585
RET-01386,9000.0,3180000.0,108183.45235432027
RET-01387,49000.0,14980000.0,1122987.785580651
RET-01388,50000.0,11990000.0,1651652.4225091108
RET-01389,13000.0,4100000.0,424044.141505759
RET-01390,4000.0,2450000.0,42063.506775933034
RET-01391,9000.0,2070000.0,231111.9119871565
RET-01392,10000.0,1970000.0,133543.31274518542
RET-01393,13000.0,4620000.0,430583.84865800786
RET-01394,25000.0,17440000.0,343018.36230547907
RET-01395,94000.0,23630000.0,3314164.7719273213
RET-01396,1000.0,1120000.0,34289.465105034906
RET-01397,5000.0,1200000.0,97733.19892014371
RET-01398,10000.0,3430000.0,131038.81514989794
RET-01399,34000.0,4990000.0,454684.4119209119
RET-01400,10000.0,3230000.0,344955.2273230454
RET-01401,27000.0,8360000.0,790979.4985815764
RET-01402,1000.0,1610000.0,32486.752337623784
RET-01403,50000.0,17230000.0,621985.332686516
RET-01404,28000.0,9970000.0,974554.7272447055
RET-01405,35000.0,2610000.0,869131.3286373396
RET-01406,34000.0,7390000.0,1025406.9844298069
RET-01407,19000.0,3900000.0,569015.68339464
RET-01408,3000.0,3000000.0,102410.67995785511
RET-01409,37000.0,3470000.0,510370.482882637
RET-01410,27000.0,7530000.0,915917.5751699341
RET-01411,11000.0,6110000.0,363138.7793935725
RET-01412,2000.0,720000.0,55780.71699677657
RET-01413,24000.0,9990000.0,485179.72471819253
RET-01414,9000.0,3220000.0,194147.25529254638
RET-01415,4000.0,1980000.0,49665.876659818394
RET-01416,3000.0,5830000.0,88927.19434521678
RET-01417,26000.0,8740000.0,553529.9768507286
RET-01418,30000.0,33270000.0,620847.32550285
RET-01419,2000.0,10200000.0,40383.263718350296
RET-01420,4000.0,4270000.0,61660.49176241206
RET-01421,14000.0,3210000.0,459187.1743611419
RET-01422,12000.0,2180000.0,353180.5241636997
RET-01423,39000.0,17420000.0,1038994.1589160076
RET-01424,13000.0,4760000.0,453150.67479678686
RET-01425,9000.0,2690000.0,279781.1607149125
RET-01426,11000.0,3400000.0,193312.9708916785
RET-01427,37000.0,8880000.0,1121381.4735408667
RET-01428,1000.0,2220000.0,24134.730686161867
RET-01429,5000.0,1160000.0,96731.74141592448
RET-01430,13000.0,7040000.0,332567.09274507343
RET-01431,20000.0,5210000.0,575612.396572537
RET-01432,1000.0,2200000.0,30815.863747960968
RET-01433,2000.0,7130000.0,66802.23352056195
RET-01434,44000.0,4840000.0,575369.7221350718
RET-01435,29000.0,5880000.0,774316.8732730836
RET-01436,18000.0,13040000.0,580258.4097542283
RET-01437,32000.0,9850000.0,934870.5539892396
RET-01438,20000.0,1290000.0,393679.3425400741
RET-01439,31000.0,16990000.0,314160.95430336136
RET-01440,5000.0,1570000.0,167517.61807702493
RET-01441,37000.0,3060000.0,880421.8836096762
RET-01442,17000.0,5500000.0,332975.1353473972
RET-01443,25000.0,4790000.0,776552.7017142045
RET-01444,1000.0,1300000.0,18518.403133181615
RET-01445,7000.0,5090000.0,79275.66346582703
RET-01446,11000.0,5060000.0,285599.7362370315
RET-01447,38000.0,9130000.0,988629.3443689183
RET-01448,52000.0,13810000.0,1127363.6993586363
RET-01449,14000.0,4170000.0,458394.4021375979
RET-01450,9000.0,6590000.0,130687.46612491725
RET-01451,16000.0,3200000.0,489366.5217679334
RET-01452,22000.0,10770000.0,470910.75291807513
RET-01453,11000.0,1890000.0,159995.50195266964
RET-01454,11000.0,1030000.0,283634.019754155
RET-01455,34000.0,3310000.0,1114058.3909634398
RET-01456,48000.0,10830000.0,605141.6057143807
RET-01457,8000.0,1710000.0,236276.06855995083
RET-01458,28000.0,4500000.0,809538.9294914092
RET-01459,32000.0,4780000.0,828759.9916759004
RET-01460,6000.0,2110000.0,161619.52210704854
RET-01461,9000.0,10750000.0,263940.1488117171
RET-01462,16000.0,9480000.0,344425.0848791475
RET-01463,14000.0,2850000.0,309278.8519890997
RET-01464,17000.0,6020000.0,590752.4769720295
RET-01465,8000.0,5300000.0,86722.70280161669
RET-01466,10000.0,3550000.0,343762.7687281005
RET-01467,7000.0,2630000.0,201862.30460949967
RET-01468,5000.0,2810000.0,108335.00673076614
RET-01469,3000.0,1670000.0,59425.61800717675
RET-01470,6000.0,2260000.0,146299.522957884
RET-01471,17000.0,15760000.0,492315.53842061677
RET-01472,0.0,1110000.0,0.0
RET-01473,5000.0,2310000.0,57599.98698313252
RET-01474,25000.0,2720000.0,351072.1651992648
RET-01475,6000.0,6730000.0,189627.647248236
RET-01476,35000.0,9040000.0,526781.6818384653
RET-01477,14000.0,4330000.0,458516.4863908252
RET-01478,6000.0,770000.0,104541.13227118748
RET-01479,18000.0,4060000.0,618867.0393941343
RET-01480,3000.0,3840000.0,70296.25128218014
RET-01481,9000.0,2700000.0,172198.70846953517
RET-01482,8000.0,5840000.0,185444.64265547498
RET-01483,13000.0,2970000.0,430167.1391880874
RET-01484,9000.0,7920000.0,280299.63052648015
RET-01485,17000.0,1440000.0,321114.6789300198
RET-01486,3000.0,2900000.0,60556.62272029864
RET-01487,23000.0,3260000.0,818855.2299510805
RET-01488,18000.0,5960000.0,246639.05728974633
RET-01489,18000.0,4260000.0,391410.10214250983
RET-01490,17000.0,7220000.0,526755.9958764595
RET-01491,18000.0,5600000.0,374259.67227714584
RET-01492,15000.0,1700000.0,180748.75615845303
RET-01493,11000.0,1270000.0,208121.40941401036
RET-01494,8000.0,1160000.0,251176.2238412474
RET-01495,30000.0,6700000.0,757005.0433448133
RET-01496,4000.0,3580000.0,92851.17498881652
RET-01497,17000.0,11540000.0,173365.23148307635
RET-01498,21000.0,3330000.0,614515.6982936002
RET-01499,40000.0,7760000.0,1235708.3363697499
RET-01500,16000.0,3280000.0,234264.90304865324
RET-01501,15000.0,2290000.0,373560.86620224395
RET-01502,66000.0,20000000.0,2097050.6562794142
RET-01503,18000.0,4630000.0,444339.6441660038
RET-01504,3000.0,6990000.0,62130.49547652567
RET-01505,3000.0,1530000.0,39734.919150159614
RET-01506,21000.0,5920000.0,752534.3716762699
RET-01507,58000.0,4860000.0,1436641.397729769
RET-01508,9000.0,1510000.0,146665.5230433448
RET-01509,6000.0,29160000.0,179228.82927157675
RET-01510,8000.0,6250000.0,170463.9666211572
RET-01511,7000.0,3990000.0,118227.19100066641
RET-01512,26000.0,10180000.0,792592.6400273183
RET-01513,26000.0,3150000.0,872313.7320682672
RET-01514,8000.0,3030000.0,236633.01030367566
RET-01515,18000.0,970000.0,543634.1759770794
RET-01516,20000.0,6170000.0,225873.46237105338
RET-01517,6000.0,1760000.0,61038.99196367121
RET-01518,14000.0,3000000.0,361526.5747708363
RET-01519,30000.0,2890000.0,463345.7815002632
RET-01520,44000.0,3970000.0,1442243.8425460279
RET-01521,20000.0,3120000.0,225379.1643848016
RET-01522,1000.0,5350000.0,17775.440852583102
RET-01523,0.0,6740000.0,0.0
RET-01524,2000.0,22230000.0,58186.859135521896
RET-01525,18000.0,8900000.0,553271.4234101205
RET-01526,21000.0,4890000.0,441256.6375588136
RET-01527,21000.0,1920000.0,302816.1073601748
RET-01528,30000.0,4940000.0,639202.1307551608
RET-01529,35000.0,5290000.0,1125091.2959876196
RET-01530,13000.0,4410000.0,170280.45531650505
RET-01531,40000.0,13350000.0,497803.6614226637
RET-01532,1000.0,2760000.0,35875.59162828513
RET-01533,57000.0,9840000.0,941813.0090844625
RET-01534,23000.0,19300000.0,688777.1027049383
RET-01535,11000.0,5170000.0,247060.31701987196
RET-01536,15000.0,2540000.0,463076.84297973814
RET-01537,1000.0,2350000.0,30889.041440337205
RET-01538,1000.0,4560000.0,13201.802501950477
RET-01539,1000.0,1940000.0,31967.935735408355
RET-01540,2000.0,4160000.0,28934.211170946957
RET-01541,2000.0,15070000.0,37070.393356388064
RET-01542,11000.0,2430000.0,173147.71422243147
RET-01543,21000.0,6270000.0,579535.8711632399
RET-01544,27000.0,2750000.0,850440.2868428093
RET-01545,11000.0,3590000.0,332356.06908382603
RET-01546,5000.0,900000.0,78523.4881384775
RET-01547,22000.0,2440000.0,385923.94049873017
RET-01548,7000.0,14330000.0,104867.90118447557
RET-01549,25000.0,5970000.0,590222.524858672
RET-01550,8000.0,1150000.0,193333.2516733659
RET-01551,46000.0,18100000.0,1138676.7709716815
RET-01552,10000.0,12390000.0,228485.11253785604
RET-01553,15000.0,8740000.0,470298.74755425024
RET-01554,6000.0,2830000.0,113062.00332043928
RET-01555,36000.0,7210000.0,741976.8207890255
RET-01556,64000.0,29460000.0,1673703.6444374137
RET-01557,49000.0,6830000.0,895691.627423622
RET-01558,19000.0,5960000.0,369778.25306404487
RET-01559,4000.0,1930000.0,106634.97018173499
RET-01560,10000.0,1840000.0,247933.61039477176
RET-01561,38000.0,7120000.0,891621.4506441323
RET-01562,4000.0,7610000.0,47978.71461280948
RET-01563,1000.0,1790000.0,27692.275602754627
RET-01564,22000.0,6820000.0,710443.681228718
RET-01565,5000.0,1870000.0,175599.44521539687
RET-01566,35000.0,11580000.0,1150023.327042948
RET-01567,11000.0,5650000.0,132458.3710403184
RET-01568,6000.0,2550000.0,211282.97392434155
RET-01569,10000.0,3680000.0,123577.86695713646
RET-01570,1000.0,3510000.0,29733.06313753566
RET-01571,3000.0,7410000.0,35908.74841644318
RET-01572,19000.0,9530000.0,240602.41036629642
RET-01573,12000.0,2700000.0,194979.12147781855
RET-01574,7000.0,1690000.0,162946.57423297933
RET-01575,5000.0,3740000.0,91856.67338612108
RET-01576,17000.0,1940000.0,494200.6317886044
RET-01577,15000.0,3750000.0,440385.8070426613
RET-01578,24000.0,3690000.0,598040.425203768
RET-01579,91000.0,20630000.0,1642270.2010620236
RET-01580,41000.0,24940000.0,493752.6729049003
RET-01581,3000.0,1840000.0,77932.43169868326
RET-01582,10000.0,6260000.0,113325.6513548311
RET-01583,3000.0,6230000.0,67441.33230064629
RET-01584,15000.0,5500000.0,327180.25553812174
RET-01585,47000.0,8280000.0,1597458.7122931539
RET-01586,12000.0,8080000.0,366825.8689134548
RET-01587,19000.0,2020000.0,586759.8988067857
RET-01588,26000.0,9980000.0,276113.84794643446
RET-01589,7000.0,1950000.0,206404.39540225756
RET-01590,25000.0,3810000.0,431997.44210660114
RET-01591,4000.0,700000.0,69143.8070561808
RET-01592,6000.0,2840000.0,71615.85170647297
RET-01593,36000.0,10040000.0,445335.46023646876
RET-01594,15000.0,3220000.0,295553.503231176
RET-01595,7000.0,740000.0,250412.1959051975
RET-01596,11000.0,1580000.0,209893.06148707052
RET-01597,15000.0,2420000.0,182931.50706096104
RET-01598,11000.0,3010000.0,267803.6879822351
RET-01599,40000.0,9100000.0,1208138.097116392
RET-01600,11000.0,2650000.0,322099.37008023006
RET-01601,20000.0,3500000.0,672298.8757294219
RET-01602,30000.0,8390000.0,702470.4771487293
RET-01603,19000.0,2510000.0,609554.7435396209
RET-01604,14000.0,6070000.0,152803.8417612189
RET-01605,9000.0,3830000.0,301825.16862734454
RET-01606,7000.0,2120000.0,107576.2909512945
RET-01607,19000.0,4890000.0,254588.1089775339
RET-01608,39000.0,9640000.0,1297437.225513092
RET-01609,18000.0,4010000.0,214015.21429327194
RET-01610,9000.0,7180000.0,232065.919750048
RET-01611,45000.0,7400000.0,1086511.8822660842
RET-01612,16000.0,4460000.0,166113.61149493774
RET-01613,12000.0,900000.0,351975.54898900853
RET-01614,30000.0,4920000.0,553847.7164755109
RET-01615,10000.0,6540000.0,111216.44590549568
RET-01616,12000.0,1560000.0,147412.23184256034
RET-01617,7000.0,1730000.0,121832.33485144854
RET-01618,13000.0,5620000.0,352900.9679336785
RET-01619,16000.0,8360000.0,466197.4142976836
RET-01620,32000.0,2810000.0,1063929.2199065934
RET-01621,16000.0,4880000.0,387388.5193848313
RET-01622,1000.0,2740000.0,20655.359879163363
RET-01623,6000.0,650000.0,197232.72708151722
RET-01624,31000.0,7880000.0,622802.5336542827
RET-01625,22000.0,28840000.0,492940.7103638253
RET-01626,16000.0,5860000.0,328602.01943090255
RET-01627,52000.0,5560000.0,1451967.006032492
RET-01628,13000.0,2320000.0,366866.4784456245
RET-01629,12000.0,980000.0,292821.117742043
RET-01630,2000.0,2030000.0,53411.200153583195
RET-01631,34000.0,10300000.0,459761.22170354065
RET-01632,8000.0,3600000.0,247457.07031968457
RET-01633,20000.0,7000000.0,588449.0119551347
RET-01634,6000.0,2340000.0,74581.47196154384
RET-01635,47000.0,13550000.0,1188428.276079915
RET-01636,44000.0,4260000.0,781233.7285327539
RET-01637,1000.0,1490000.0,28893.822002988018
RET-01638,11000.0,3440000.0,389566.2180826245
RET-01639,5000.0,3720000.0,60890.64509209247
RET-01640,43000.0,8540000.0,1148415.15855083
RET-01641,1000.0,1790000.0,31100.768704202183
RET-01642,41000.0,16920000.0,629905.6503265741
RET-01643,45000.0,13690000.0,676577.593897844
RET-01644,7000.0,1850000.0,169623.868819659
RET-01645,10000.0,2050000.0,144925.5044514468
RET-01646,29000.0,7650000.0,608089.1210656018
RET-01647,24000.0,7750000.0,482946.153871539
RET-01648,16000.0,7280000.0,357130.18353760097
RET-01649,9000.0,5000000.0,289365.92426550016
RET-01650,27000.0,5210000.0,917903.0399880216
RET-01651,17000.0,3260000.0,558809.3492646064
RET-01652,2000.0,2650000.0,36127.68918391498
RET-01653,14000.0,6310000.0,415640.8839888011
RET-01654,46000.0,16770000.0,904589.0450767373
RET-01655,8000.0,17410000.0,273616.0605165794
RET-01656,14000.0,3000000.0,252546.14600966783
RET-01657,12000.0,4830000.0,182257.83132807832
RET-01658,55000.0,19320000.0,1735670.951909367
RET-01659,3000.0,2650000.0,52996.82328838109
RET-01660,51000.0,4860000.0,1378603.0166772339
RET-01661,10000.0,3470000.0,234680.0359332478
RET-01662,10000.0,7980000.0,150355.69762970743
RET-01663,7000.0,2050000.0,196682.0623845457
RET-01664,2000.0,3270000.0,50812.79533751284
RET-01665,50000.0,8080000.0,1052840.7533792579
RET-01666,21000.0,17000000.0,487629.7498553881
RET-01667,2000.0,3300000.0,22281.64508411067
RET-01668,11000.0,4590000.0,242269.20600114856
RET-01669,4000.0,3740000.0,56885.781522654936
RET-01670,5000.0,7320000.0,50006.32710262584
RET-01671,2000.0,1610000.0,29363.82562922616
RET-01672,5000.0,4970000.0,122680.74933456806
RET-01673,8000.0,2420000.0,188501.8945178746
RET-01674,13000.0,3510000.0,179214.48343847741
RET-01675,10000.0,2610000.0,101656.71893949989
RET-01676,5000.0,1970000.0,100735.974237634
RET-01677,20000.0,7580000.0,290098.6054550232
RET-01678,44000.0,13260000.0,1120875.72096416
RET-01679,19000.0,6210000.0,433081.7598874121
RET-01680,54000.0,13960000.0,1435039.4853577225
RET-01681,71000.0,10590000.0,1138441.5967416032
RET-01682,57000.0,20420000.0,1682900.7077845107
RET-01683,11000.0,8120000.0,117038.94401812617
RET-01684,15000.0,4820000.0,322389.7615364638
RET-01685,19000.0,3750000.0,401307.4960864013
RET-01686,34000.0,12890000.0,1163339.8734509165
RET-01687,34000.0,9440000.0,883545.7630326283
RET-01688,4000.0,920000.0,131023.13577194161
RET-01689,20000.0,3170000.0,536255.8764465362
RET-01690,9000.0,960000.0,185139.22443722066
RET-01691,28000.0,6350000.0,943938.5427882662
RET-01692,2000.0,4440000.0,68313.57896399015
RET-01693,3000.0,1900000.0,106147.54705878744
RET-01694,45000.0,11650000.0,862038.4608319012
RET-01695,8000.0,5780000.0,98814.6338725206
RET-01696,3000.0,1390000.0,38693.358494347645
RET-01697,8000.0,1480000.0,169304.13600616367
RET-01698,8000.0,6950000.0,108708.85343570351
RET-01699,52000.0,11490000.0,1769433.329238533
RET-01700,12000.0,1750000.0,200562.21856015603
RET-01701,42000.0,10540000.0,1213121.9670837892
RET-01702,19000.0,2260000.0,449720.5170821659
RET-01703,16000.0,5730000.0,540086.5646830813
RET-01704,1000.0,4470000.0,24755.174505861047
RET-01705,30000.0,10630000.0,1068397.2968646907
RET-01706,22000.0,11470000.0,266560.3868526183
RET-01707,23000.0,7190000.0,627962.4440285057
RET-01708,12000.0,7550000.0,311830.18206353293
RET-01709,26000.0,11940000.0,717215.6150732706
RET-01710,12000.0,10220000.0,218969.48024175296
RET-01711,2000.0,6700000.0,24603.522702743383
RET-01712,56000.0,4800000.0,871970.2474129262
RET-01713,1000.0,3320000.0,32390.972457122807
RET-01714,39000.0,24110000.0,1230431.6356912144
RET-01715,4000.0,1860000.0,63254.87883830828
RET-01716,38000.0,11440000.0,408122.4004849591
RET-01717,9000.0,10500000.0,245266.2040424052
RET-01718,48000.0,15900000.0,754148.8577599811
RET-01719,16000.0,1750000.0,365125.3937481847
RET-01720,8000.0,2500000.0,171320.99054654548
RET-01721,55000.0,12520000.0,1500029.2913299238
RET-01722,11000.0,2090000.0,210600.78715405424
RET-01723,6000.0,6290000.0,128184.7601058864
RET-01724,29000.0,23090000.0,915285.4041218406
RET-01725,3000.0,1600000.0,54488.7395800995
RET-01726,25000.0,4080000.0,371465.3800644744
RET-01727,19000.0,3110000.0,379392.0714752775
RET-01728,5000.0,1280000.0,84202.46998996288
RET-01729,26000.0,2620000.0,871266.9968882919
RET-01730,13000.0,4170000.0,133646.08537363485
RET-01731,44000.0,4170000.0,1383311.4294325337
RET-01732,42000.0,12980000.0,685356.7843043795
RET-01733,5000.0,2570000.0,85399.0374828598
RET-01734,7000.0,1510000.0,89659.90002988795
RET-01735,16000.0,2180000.0,376913.9015306195
RET-01736,25000.0,10380000.0,279646.7294097436
RET-01737,5000.0,3590000.0,106782.66835926902
RET-01738,9000.0,2230000.0,261512.3417004547
RET-01739,3000.0,530000.0,85982.63348958852
RET-01740,20000.0,5300000.0,268722.41014829755
RET-01741,26000.0,8440000.0,489017.26332353934
RET-01742,12000.0,3960000.0,366034.62390782224
RET-01743,34000.0,7940000.0,467933.2861826869
RET-01744,7000.0,1840000.0,108718.99851052613
RET-01745,23000.0,9680000.0,341495.3434768064
RET-01746,32000.0,2590000.0,1090326.363016858
RET-01747,3000.0,10430000.0,32512.871091136753
RET-01748,3000.0,4390000.0,38562.035231148344
RET-01749,8000.0,2900000.0,285473.4363685863
RET-01750,27000.0,10950000.0,775036.9034451966
RET-01751,3000.0,3300000.0,85358.38480341667
RET-01752,11000.0,4860000.0,191097.98075652777
RET-01753,40000.0,4470000.0,1059264.9537370626
RET-01754,7000.0,7210000.0,153929.56648748316
RET-01755,13000.0,10060000.0,238999.74717534758
RET-01756,12000.0,4290000.0,141943.14665889868
RET-01757,20000.0,10180000.0,717902.3861421951
RET-01758,14000.0,2280000.0,166604.63381574568
RET-01759,3000.0,1860000.0,70333.86260421207
RET-01760,42000.0,12400000.0,977263.1933515066
RET-01761,23000.0,1260000.0,666315.4373645595
RET-01762,23000.0,1650000.0,337327.2969333321
RET-01763,14000.0,8620000.0,458229.49715906376
RET-01764,19000.0,4480000.0,578625.4884099164
RET-01765,5000.0,4560000.0,125606.61025469155
RET-01766,41000.0,6190000.0,1060451.8705150092
RET-01767,2000.0,2680000.0,37983.64632420568
RET-01768,16000.0,10810000.0,195408.29115686347
RET-01769,37000.0,14460000.0,581158.8003324169
RET-01770,2000.0,5740000.0,57998.142482036004
RET-01771,22000.0,3470000.0,235100.39054582742
RET-01772,9000.0,9450000.0,120335.81073700511
RET-01773,27000.0,1430000.0,880969.0720963576
RET-01774,7000.0,2550000.0,219638.86369661297
RET-01775,59000.0,15630000.0,1808940.8166605043
RET-01776,6000.0,2730000.0,144530.28750909495
RET-01777,4000.0,3700000.0,124558.23146231342
RET-01778,9000.0,3420000.0,219049.83919918785
RET-01779,13000.0,5940000.0,278085.18072103575
RET-01780,14000.0,1550000.0,493484.27495255775
RET-01781,25000.0,9360000.0,887145.4922061514
RET-01782,2000.0,1930000.0,31441.9219778448
RET-01783,24000.0,17640000.0,412345.774950471
RET-01784,2000.0,6770000.0,34584.37507623917
RET-01785,32000.0,5770000.0,336548.9521826988
RET-01786,18000.0,6390000.0,490882.32617364015
RET-01787,13000.0,7110000.0,381071.5398666621
RET-01788,0.0,2940000.0,0.0
RET-01789,2000.0,4670000.0,66744.68908241448
RET-01790,4000.0,5280000.0,56933.569672580925
RET-01791,19000.0,4230000.0,505813.43756736227
RET-01792,35000.0,11630000.0,1093928.9547074111
RET-01793,19000.0,8680000.0,429671.7057579835
RET-01794,18000.0,3210000.0,276098.6853431123
RET-01795,21000.0,3020000.0,239884.43869060485
RET-01796,35000.0,34590000.0,870697.5116676522
RET-01797,26000.0,3860000.0,524397.420770803
RET-01798,5000.0,2890000.0,62293.8213529334
RET-01799,37000.0,10470000.0,1195076.4121845833
RET-01800,15000.0,2260000.0,163401.8910356159
RET-01801,34000.0,3450000.0,1027776.764483118
RET-01802,35000.0,3310000.0,1049287.637144609
RET-01803,0.0,3400000.0,0.0
RET-01804,18000.0,3180000.0,247966.64778337153
RET-01805,19000.0,5770000.0,529742.1010501904
RET-01806,24000.0,13800000.0,520940.9789741106
RET-01807,49000.0,3710000.0,1238845.2403290148
RET-01808,5000.0,3630000.0,86084.31759480151
RET-01809,2000.0,7830000.0,32847.62459514163
RET-01810,10000.0,10330000.0,246809.3239692219
RET-01811,14000.0,7540000.0,254297.68564361686
RET-01812,67000.0,12740000.0,684381.5662395004
RET-01813,15000.0,11130000.0,248419.05625298282
RET-01814,3000.0,1780000.0,48693.05839102373
RET-01815,16000.0,4090000.0,269470.4205775381
RET-01816,48000.0,13540000.0,1372008.8810957666
RET-01817,54000.0,12100000.0,635645.77725194
RET-01818,38000.0,2610000.0,420094.5579022129
RET-01819,28000.0,4170000.0,600415.2851284485
RET-01820,11000.0,11010000.0,219275.8107563847
RET-01821,7000.0,7220000.0,213848.99537673898
RET-01822,8000.0,750000.0,254279.6021231904
RET-01823,22000.0,3850000.0,486153.68892211927
RET-01824,10000.0,5720000.0,154298.81579223028
RET-01825,116000.0,17200000.0,2043584.1293160685
RET-01826,15000.0,3630000.0,449136.8267596744
RET-01827,11000.0,8290000.0,140944.61503510133
RET-01828,8000.0,4650000.0,182047.3307404812
RET-01829,7000.0,13500000.0,235715.9470856929
RET-01830,2000.0,5230000.0,30383.738380828363
RET-01831,15000.0,1520000.0,152075.20131260605
RET-01832,23000.0,1700000.0,520817.41654706275
RET-01833,4000.0,1030000.0,74993.4245714791
RET-01834,2000.0,4120000.0,57194.9225412578
RET-01835,8000.0,6490000.0,254280.9345067925
RET-01836,6000.0,3200000.0,97227.25740413186
RET-01837,36000.0,7690000.0,651797.0050429944
RET-01838,20000.0,2780000.0,213544.78052994423
RET-01839,10000.0,2990000.0,259060.77849099168
RET-01840,9000.0,2490000.0,222003.6277725217
RET-01841,9000.0,7170000.0,204282.95368875228
RET-01842,11000.0,3560000.0,178229.53814398585
RET-01843,2000.0,5570000.0,50836.872108848314
RET-01844,1000.0,700000.0,26015.18622450203
RET-01845,13000.0,5010000.0,409365.76815970417
RET-01846,12000.0,3290000.0,228896.18327556687
RET-01847,4000.0,2620000.0,127966.39106142978
RET-01848,48000.0,4170000.0,1460113.4803776501
RET-01849,4000.0,1420000.0,126367.3930874244
RET-01850,23000.0,1470000.0,324532.3860540906
RET-01851,17000.0,4420000.0,251251.2183201852
RET-01852,17000.0,3460000.0,539996.7540542097
RET-01853,3000.0,910000.0,74028.54499822075
RET-01854,1000.0,12160000.0,26609.456086452166
RET-01855,20000.0,14090000.0,452793.7693197333
RET-01856,0.0,2870000.0,0.0
RET-01857,9000.0,3180000.0,223436.6749947961
RET-01858,4000.0,1220000.0,50538.44523170503
RET-01859,21000.0,4630000.0,360528.89105215634
RET-01860,37000.0,12820000.0,1255400.4897117398
RET-01861,0.0,9800000.0,0.0
RET-01862,13000.0,1610000.0,197146.1652678205
RET-01863,15000.0,3520000.0,292463.6443328988
RET-01864,11000.0,1580000.0,190636.2780840141
RET-01865,30000.0,8270000.0,800300.6417011643
RET-01866,35000.0,11650000.0,853502.1439049056
RET-01867,1000.0,11510000.0,12906.62640167433
RET-01868,7000.0,1620000.0,231279.23679085143
RET-01869,29000.0,2660000.0,552499.5413048569
RET-01870,7000.0,7100000.0,198115.5449428416
RET-01871,40000.0,2780000.0,869585.2764724841
RET-01872,13000.0,3970000.0,459010.50731048523
RET-01873,4000.0,3230000.0,107210.47766913047
RET-01874,15000.0,6260000.0,528167.2827778681
RET-01875,49000.0,6510000.0,1509351.967615496
RET-01876,47000.0,6990000.0,1187589.2793495515
RET-01877,8000.0,1090000.0,211412.56479618957
RET-01878,12000.0,1830000.0,337489.659649175
RET-01879,32000.0,9830000.0,876688.6187092736
RET-01880,21000.0,3440000.0,254760.97564846734
RET-01881,45000.0,4910000.0,1172594.2405691089
RET-01882,34000.0,5040000.0,601347.8129631141
RET-01883,1000.0,4250000.0,19399.60748264194
RET-01884,3000.0,970000.0,36090.51893645812
RET-01885,33000.0,6090000.0,983491.4001351207
RET-01886,34000.0,6710000.0,604997.0494073561
RET-01887,4000.0,2660000.0,80842.25671852857
RET-01888,3000.0,4830000.0,81210.51826191206
RET-01889,6000.0,1010000.0,213165.87971562857
RET-01890,29000.0,6090000.0,322775.8610890731
RET-01891,6000.0,1720000.0,68151.14195746856
RET-01892,14000.0,2780000.0,258148.5689460648
RET-01893,40000.0,15440000.0,1187491.6483565462
RET-01894,11000.0,1430000.0,365375.82037927804
RET-01895,9000.0,3830000.0,114526.69028570464
RET-01896,8000.0,8650000.0,150591.292534501
RET-01897,12000.0,3390000.0,224648.0298514146
RET-01898,47000.0,6080000.0,774581.0848763988
RET-01899,36000.0,2860000.0,1027457.1555527787
RET-01900,6000.0,2940000.0,140487.14506084344
RET-01901,29000.0,6900000.0,314035.2178833845
RET-01902,1000.0,600000.0,11182.562935883187
RET-01903,28000.0,9020000.0,620370.1394640203
RET-01904,12000.0,4190000.0,204213.97275973248
RET-01905,15000.0,2820000.0,168675.82398026914
RET-01906,5000.0,6630000.0,77286.34814330691
RET-01907,8000.0,17140000.0,100426.11199009206
RET-01908,13000.0,2630000.0,425091.3994042838
RET-01909,24000.0,1550000.0,390020.4621410647
RET-01910,15000.0,6710000.0,363064.0370619963
RET-01911,6000.0,3830000.0,67961.58634697873
RET-01912,4000.0,3000000.0,121144.73924237098
RET-01913,33000.0,4420000.0,382631.474389757
RET-01914,5000.0,4960000.0,76108.31224509314
RET-01915,16000.0,8030000.0,437229.3654312221
RET-01916,6000.0,5450000.0,212134.29073708065
RET-01917,9000.0,5400000.0,138203.79291428154
RET-01918,36000.0,13190000.0,409177.41070546355
RET-01919,1000.0,5230000.0,20069.64602862183
RET-01920,1000.0,3030000.0,22780.27017347335
RET-01921,23000.0,10050000.0,643716.9508328738
RET-01922,14000.0,2910000.0,447666.95815190184
RET-01923,12000.0,8090000.0,255104.75431372187
RET-01924,17000.0,5920000.0,478785.33468144154
RET-01925,0.0,990000.0,0.0
RET-01926,4000.0,2630000.0,136682.52740200216
RET-01927,6000.0,9910000.0,118598.4533970267
RET-01928,10000.0,2350000.0,137255.06816241652
RET-01929,58000.0,6600000.0,1153393.8878034407
RET-01930,49000.0,11360000.0,710110.0153808873
RET-01931,13000.0,3590000.0,244139.72816408807
RET-01932,6000.0,15090000.0,180705.87844173532
RET-01933,88000.0,13730000.0,1120553.1056145607
RET-01934,1000.0,6790000.0,11971.345672029049
RET-01935,21000.0,8520000.0,291380.66695059225
RET-01936,31000.0,5670000.0,655670.2522678919
RET-01937,3000.0,7220000.0,41225.98787853561
RET-01938,2000.0,1190000.0,59764.40791022567
RET-01939,23000.0,6920000.0,633012.9771897775
RET-01940,26000.0,6760000.0,879237.4440238756
RET-01941,11000.0,13570000.0,380058.3123809566
RET-01942,10000.0,2590000.0,199402.20403015203
RET-01943,41000.0,3360000.0,1001069.2918905225
RET-01944,32000.0,5310000.0,905133.5500523918
RET-01945,6000.0,4090000.0,162594.52935837477
RET-01946,13000.0,13000000.0,144457.5474700011
RET-01947,14000.0,6810000.0,330145.09611646814
RET-01948,24000.0,2760000.0,569109.920147241
RET-01949,15000.0,3900000.0,290419.6436760328
RET-01950,88000.0,42830000.0,1656250.1036191985
RET-01951,1000.0,3090000.0,22400.160073591353
RET-01952,36000.0,11690000.0,563119.5738619526
RET-01953,78000.0,4810000.0,2395584.9723038417
RET-01954,9000.0,3810000.0,183730.78787225074
RET-01955,40000.0,7110000.0,1411102.7250265859
RET-01956,16000.0,3830000.0,254126.43369953762
RET-01957,51000.0,18960000.0,1256626.5216485006
RET-01958,16000.0,4620000.0,327265.3329946015
RET-01959,19000.0,5330000.0,431210.00818375504
RET-01960,24000.0,3240000.0,664779.9924017837
RET-01961,1000.0,2090000.0,23862.995563497425
RET-01962,12000.0,1660000.0,261737.79397787477
RET-01963,98000.0,17610000.0,2895935.0549758924
RET-01964,24000.0,2550000.0,792453.9195961517
RET-01965,10000.0,5330000.0,129074.54120469229
RET-01966,16000.0,3310000.0,465261.86345854506
RET-01967,21000.0,7590000.0,236607.41261803647
RET-01968,22000.0,8310000.0,318509.47561519936
RET-01969,19000.0,4350000.0,375264.3843938539
RET-01970,8000.0,1770000.0,91595.67471291534
RET-01971,10000.0,4290000.0,134973.495707704
RET-01972,2000.0,7280000.0,60577.51118686863
RET-01973,17000.0,1820000.0,307876.8432338973
RET-01974,1000.0,13080000.0,18680.64255267284
RET-01975,11000.0,12340000.0,370425.8970317957
RET-01976,21000.0,2980000.0,679589.6973826352
RET-01977,10000.0,2500000.0,262912.6316307752
RET-01978,29000.0,24340000.0,746489.176961861
RET-01979,5000.0,1650000.0,57269.740086100246
RET-01980,19000.0,1350000.0,449760.75718446285
RET-01981,18000.0,3600000.0,238141.30820229967
RET-01982,10000.0,1610000.0,163901.598002273
RET-01983,43000.0,11260000.0,1190794.903656536
RET-01984,8000.0,2160000.0,81611.94919762193
RET-01985,13000.0,2670000.0,170415.3771799321
RET-01986,27000.0,6990000.0,396208.15011711704
RET-01987,19000.0,1700000.0,371734.5107780223
RET-01988,18000.0,2360000.0,316187.1093788671
RET-01989,32000.0,4060000.0,744440.3569713155
RET-01990,12000.0,1220000.0,387000.64415006264
RET-01991,30000.0,5330000.0,477928.1804026923
RET-01992,40000.0,7290000.0,965779.1755070011
RET-01993,19000.0,3550000.0,371020.9570141411
RET-01994,10000.0,6360000.0,349311.62835232
RET-01995,23000.0,12900000.0,754634.3479104504
RET-01996,14000.0,5880000.0,316616.55412804376
RET-01997,8000.0,2280000.0,209345.9333983481
RET-01998,31000.0,6910000.0,498962.5322972822
RET-01999,9000.0,4370000.0,203159.0644191886
RET-02000,10000.0,5160000.0,302860.3780813154
RET-02001,16000.0,5510000.0,220126.30754572316
RET-02002,3000.0,8340000.0,55071.6038441642
RET-02003,42000.0,15800000.0,1434906.1933063888
RET-02004,30000.0,9890000.0,394238.9148455284
RET-02005,10000.0,5950000.0,187373.91000026258
RET-02006,2000.0,5720000.0,28037.62214876888
RET-02007,2000.0,2200000.0,28948.4267070379
RET-02008,21000.0,2430000.0,450238.7239089375
RET-02009,42000.0,19630000.0,952586.1816301594
RET-02010,10000.0,3540000.0,265091.1748881335
RET-02011,29000.0,4340000.0,1037400.551808725
RET-02012,1000.0,6790000.0,34955.78586186511
RET-02013,2000.0,1410000.0,58804.322868135416
RET-02014,26000.0,9960000.0,880323.0391687592
RET-02015,4000.0,1630000.0,139722.4283929888
RET-02016,2000.0,3640000.0,20450.754212513843
RET-02017,4000.0,2810000.0,109713.6234490908
RET-02018,1000.0,2780000.0,17168.35042240727
RET-02019,41000.0,14240000.0,580218.9976480997
RET-02020,10000.0,2040000.0,105264.91101549224
RET-02021,17000.0,3300000.0,447046.64791518665
RET-02022,2000.0,2610000.0,57001.62284859371
RET-02023,3000.0,5380000.0,74640.42215213655
RET-02024,11000.0,1990000.0,260670.53431540658
RET-02025,8000.0,5940000.0,194826.63038224267
RET-02026,60000.0,19210000.0,1480842.8494733206
RET-02027,86000.0,15960000.0,1293650.4662859126
RET-02028,24000.0,9630000.0,746016.5497644198
RET-02029,2000.0,1900000.0,55997.20574995512
RET-02030,9000.0,1900000.0,131269.5401852328
RET-02031,14000.0,2700000.0,315780.8812238962
RET-02032,12000.0,3560000.0,255934.9703319332
RET-02033,34000.0,4860000.0,583794.0628708213
RET-02034,54000.0,18390000.0,1423125.4849396236
RET-02035,11000.0,1800000.0,360381.85389679903
RET-02036,11000.0,3820000.0,294835.02096752037
RET-02037,3000.0,2780000.0,53319.08598699957
RET-02038,20000.0,5080000.0,229845.81284892512
RET-02039,13000.0,8710000.0,157825.37806588132
RET-02040,19000.0,5740000.0,366455.2799684938
RET-02041,10000.0,5170000.0,256340.10065256464
RET-02042,26000.0,7620000.0,894092.1776036542
RET-02043,12000.0,5740000.0,262338.0736575953
RET-02044,6000.0,1380000.0,176745.94928487795
RET-02045,3000.0,9020000.0,30648.2808501471
RET-02046,27000.0,7880000.0,708143.1080179564
RET-02047,0.0,1850000.0,0.0
RET-02048,1000.0,2950000.0,33247.96399595823
RET-02049,3000.0,1680000.0,66476.71479666868
RET-02050,20000.0,4020000.0,576401.5200420874
RET-02051,39000.0,10660000.0,898947.118185885
RET-02052,30000.0,6840000.0,644731.0436995279
RET-02053,20000.0,5890000.0,206735.58948035358
RET-02054,50000.0,6320000.0,1325187.3501764657
RET-02055,4000.0,2330000.0,54842.32845825098
RET-02056,79000.0,11420000.0,2416048.7284155814
RET-02057,2000.0,2420000.0,53916.31077032365
RET-02058,15000.0,20150000.0,443286.5590130533
RET-02059,22000.0,8430000.0,710585.9783967845
RET-02060,20000.0,2550000.0,489985.82273104327
RET-02061,3000.0,1280000.0,56856.672261156964
RET-02062,19000.0,6090000.0,374330.5995206061
RET-02063,23000.0,2750000.0,348754.7722120993
RET-02064,2000.0,1600000.0,24206.556042421427
RET-02065,68000.0,11290000.0,2199194.2282700734
RET-02066,24000.0,3360000.0,526534.7386897916
RET-02067,20000.0,4350000.0,314472.50218603434
RET-02068,7000.0,6240000.0,199898.5209724928
RET-02069,15000.0,1280000.0,387822.53827317996
RET-02070,18000.0,4930000.0,294400.3048280276
RET-02071,12000.0,5420000.0,166255.7390177653
RET-02072,29000.0,9760000.0,861682.1535687377
RET-02073,12000.0,2610000.0,177761.44441266154
RET-02074,10000.0,4490000.0,286613.91868792224
RET-02075,2000.0,6250000.0,21797.98997421449
RET-02076,2000.0,4150000.0,37295.26385305615
RET-02077,10000.0,7480000.0,195818.93390027963
RET-02078,0.0,1510000.0,0.0
RET-02079,5000.0,8730000.0,119541.16211180424
RET-02080,60000.0,18270000.0,837129.3288824228
RET-02081,19000.0,1380000.0,442740.9141671088
RET-02082,13000.0,7340000.0,362456.6898363903
RET-02083,26000.0,7530000.0,782999.029050188
RET-02084,17000.0,6190000.0,325133.3734642115
RET-02085,9000.0,3700000.0,202432.5210344806
RET-02086,32000.0,11020000.0,1021628.0541538262
RET-02087,19000.0,2580000.0,641084.1417979432
RET-02088,54000.0,6730000.0,1135839.5790330248
RET-02089,1000.0,4190000.0,12276.092373847208
RET-02090,6000.0,2780000.0,118098.25904072523
RET-02091,5000.0,1590000.0,178260.32998840985
RET-02092,4000.0,1190000.0,120202.53597665076
RET-02093,4000.0,4720000.0,122775.0157552722
RET-02094,22000.0,4850000.0,735558.2189911777
RET-02095,46000.0,10880000.0,463458.85057296284
RET-02096,6000.0,11710000.0,103507.57822629671
RET-02097,19000.0,6400000.0,476083.27840905683
RET-02098,36000.0,7220000.0,529636.4933373061
RET-02099,17000.0,2280000.0,271943.6309350546
RET-02100,6000.0,1700000.0,207351.73260905867
RET-02101,31000.0,3410000.0,1108774.1561697596
RET-02102,7000.0,7880000.0,221833.75758269464
RET-02103,10000.0,1310000.0,350852.20055098645
RET-02104,17000.0,830000.0,471744.5166179383
RET-02105,4000.0,6600000.0,44522.43248743715
RET-02106,3000.0,2910000.0,62854.88725741671
RET-02107,29000.0,3840000.0,873073.6245162413
RET-02108,5000.0,4950000.0,172531.31141661445
RET-02109,7000.0,8820000.0,216090.5692815462
RET-02110,7000.0,14420000.0,225331.088804729
RET-02111,10000.0,2060000.0,256470.02922708707
RET-02112,2000.0,2410000.0,48580.80355472731
RET-02113,2000.0,13050000.0,29637.510567091966
RET-02114,13000.0,2040000.0,205591.10650683224
RET-02115,20000.0,3690000.0,544198.3566711887
RET-02116,1000.0,13540000.0,25252.524968950824
RET-02117,0.0,1340000.0,0.0
RET-02118,25000.0,3460000.0,678576.7765700461
RET-02119,14000.0,9290000.0,384946.2038838612
RET-02120,56000.0,15210000.0,692720.3303533215
RET-02121,41000.0,13150000.0,1171030.918252462
RET-02122,22000.0,5130000.0,790187.1697592236
RET-02123,34000.0,4830000.0,617889.2637114436
RET-02124,23000.0,5290000.0,484950.01959322166
RET-02125,25000.0,1590000.0,588641.4374094851
RET-02126,2000.0,2250000.0,43850.495322541916
RET-02127,14000.0,2210000.0,182981.9113396499
RET-02128,4000.0,2140000.0,99751.18890984813
RET-02129,4000.0,1310000.0,92817.5095920065
RET-02130,5000.0,11750000.0,125848.77147508743
RET-02131,39000.0,13270000.0,930639.4259372819
RET-02132,27000.0,6780000.0,356175.71905415854
RET-02133,12000.0,5870000.0,237922.28112405047
RET-02134,1000.0,4920000.0,31116.66205347381
RET-02135,11000.0,1120000.0,388461.2240430742
RET-02136,25000.0,7480000.0,894561.6743009001
RET-02137,7000.0,1110000.0,207949.62430232606
RET-02138,3000.0,1750000.0,62202.76449348278
RET-02139,6000.0,11760000.0,64957.08225157495
RET-02140,18000.0,2470000.0,413748.82825166977
RET-02141,14000.0,5410000.0,238142.02263121383
RET-02142,23000.0,7280000.0,416390.5097067298
RET-02143,71000.0,12300000.0,1655980.1169960098
RET-02144,22000.0,6120000.0,349113.5621301641
RET-02145,15000.0,1690000.0,345659.4661535303
RET-02146,30000.0,14720000.0,1005505.1734963097
RET-02147,15000.0,1950000.0,265220.2428511147
RET-02148,5000.0,10120000.0,107430.02676041296
RET-02149,4000.0,510000.0,68899.42870848201
RET-02150,4000.0,1120000.0,107741.34906455722
RET-02151,8000.0,3230000.0,251558.76596242163
RET-02152,8000.0,6110000.0,279945.6214091978
RET-02153,49000.0,22800000.0,1297044.5254466396
RET-02154,6000.0,1870000.0,112892.56788521665
RET-02155,37000.0,6530000.0,611785.4450871238
RET-02156,32000.0,10110000.0,363644.5843245681
RET-02157,24000.0,21800000.0,457760.50087060314
RET-02158,11000.0,6790000.0,339424.60672568297
RET-02159,44000.0,10060000.0,1352325.769221859
RET-02160,4000.0,2250000.0,128109.92372601051
RET-02161,4000.0,2520000.0,81802.79342684714
RET-02162,26000.0,9450000.0,690768.640740435
RET-02163,14000.0,4000000.0,197034.1034461292
RET-02164,8000.0,5950000.0,208312.90781773443
RET-02165,6000.0,3700000.0,160603.39726616725
RET-02166,8000.0,670000.0,206525.97972466907
RET-02167,21000.0,6940000.0,393028.5985941622
RET-02168,16000.0,9580000.0,427217.83700319554
RET-02169,7000.0,1850000.0,70180.18684341523
RET-02170,26000.0,5280000.0,551408.781047702
RET-02171,13000.0,2660000.0,287096.62469558144
RET-02172,24000.0,2770000.0,284910.1276148712
RET-02173,10000.0,7670000.0,116388.21557328351
RET-02174,24000.0,7360000.0,763005.7175562175
RET-02175,28000.0,7010000.0,770590.2634789539
RET-02176,23000.0,6710000.0,609858.0785956531
RET-02177,26000.0,1720000.0,515693.3917696316
RET-02178,92000.0,21510000.0,1178457.3914316674
RET-02179,5000.0,9140000.0,100741.61321134862
RET-02180,28000.0,6800000.0,871603.6138155125
RET-02181,26000.0,7610000.0,319123.270616897
RET-02182,6000.0,2580000.0,197208.75590119202
RET-02183,11000.0,1640000.0,307278.23781681206
RET-02184,51000.0,8770000.0,866330.6571823813
RET-02185,13000.0,4790000.0,391131.52310051565
RET-02186,2000.0,1030000.0,56247.75905905719
RET-02187,13000.0,1250000.0,447030.54524532513
RET-02188,21000.0,5880000.0,396764.9318208038
RET-02189,1000.0,5580000.0,17973.78322812548
RET-02190,13000.0,3650000.0,200904.08257780818
RET-02191,30000.0,6060000.0,954977.5091583746
RET-02192,18000.0,11080000.0,551445.9814509369
RET-02193,14000.0,2480000.0,169211.24783212284
RET-02194,14000.0,4950000.0,503384.24618681753
RET-02195,5000.0,2380000.0,84483.17763638357
RET-02196,9000.0,3720000.0,282372.6857804175
RET-02197,13000.0,4430000.0,347189.31212909706
RET-02198,8000.0,7810000.0,263742.32629005925
RET-02199,36000.0,8820000.0,895158.7932703437
RET-02200,15000.0,1060000.0,460865.4337839327
RET-02201,4000.0,5600000.0,100019.81920846678
RET-02202,32000.0,8850000.0,947355.0640031361
RET-02203,9000.0,1800000.0,252351.17546094372
RET-02204,137000.0,41720000.0,1541460.8595991384
RET-02205,39000.0,12080000.0,789591.3595416792
RET-02206,10000.0,8310000.0,131874.57871352206
RET-02207,7000.0,1790000.0,205065.91192794507
RET-02208,10000.0,4530000.0,248447.98000192462
RET-02209,60000.0,13470000.0,1805588.0150572048
RET-02210,32000.0,6860000.0,697512.1979189605
RET-02211,9000.0,3420000.0,310625.96804688754
RET-02212,4000.0,2370000.0,84755.6766978392
RET-02213,17000.0,2420000.0,397404.3855801467
RET-02214,12000.0,3740000.0,257253.65607153776
RET-02215,1000.0,4600000.0,23703.842332497174
RET-02216,3000.0,1410000.0,72703.16880481633
RET-02217,0.0,1230000.0,0.0
RET-02218,14000.0,3980000.0,399157.1717699849
RET-02219,21000.0,2070000.0,517354.11370497936
RET-02220,39000.0,8830000.0,1347378.6772497771
RET-02221,22000.0,5580000.0,483914.93208088604
RET-02222,6000.0,12760000.0,69164.46816032926
RET-02223,29000.0,9960000.0,961098.6992891321
RET-02224,33000.0,9720000.0,951078.2477719083
RET-02225,20000.0,14390000.0,377979.90155580867
RET-02226,1000.0,600000.0,11588.478308421847
RET-02227,10000.0,4660000.0,208728.34616273383
RET-02228,45000.0,24480000.0,1323566.2053703347
RET-02229,8000.0,550000.0,273322.02621785953
RET-02230,6000.0,4020000.0,155960.0445892533
RET-02231,30000.0,11280000.0,732865.0349156336
RET-02232,4000.0,1630000.0,81201.642077772
RET-02233,5000.0,2720000.0,111786.91169890654
RET-02234,37000.0,9840000.0,948253.6567246239
RET-02235,3000.0,8910000.0,81895.9828360751
RET-02236,17000.0,1120000.0,452065.14256874414
RET-02237,5000.0,7510000.0,169179.50578647613
RET-02238,17000.0,2260000.0,302743.42006366275
RET-02239,4000.0,19310000.0,121146.61074525477
RET-02240,1000.0,4080000.0,12181.80899210736
RET-02241,18000.0,4110000.0,224774.4627975308
RET-02242,7000.0,570000.0,73327.45923570685
RET-02243,0.0,3750000.0,0.0
RET-02244,15000.0,3200000.0,259347.87795433548
RET-02245,25000.0,12840000.0,886965.2804950416
RET-02246,10000.0,4250000.0,168569.22113997597
RET-02247,28000.0,10860000.0,872873.6648283331
RET-02248,20000.0,3270000.0,437918.668405641
RET-02249,10000.0,1570000.0,270784.3727060006
RET-02250,11000.0,5060000.0,291786.0472766175
RET-02251,8000.0,3040000.0,131752.1178921707
RET-02252,27000.0,6520000.0,701757.3359846463
RET-02253,7000.0,6740000.0,231974.2627339008
RET-02254,21000.0,6430000.0,302793.14480487036
RET-02255,6000.0,2620000.0,105548.2159269663
RET-02256,6000.0,1000000.0,135309.81953196958
RET-02257,42000.0,13040000.0,1175896.2785889118
RET-02258,41000.0,11390000.0,757126.9512598249
RET-02259,6000.0,2140000.0,108371.12542072432
RET-02260,3000.0,8710000.0,91228.39617556764
RET-02261,11000.0,8100000.0,354145.40642273455
RET-02262,19000.0,7590000.0,362570.2322471208
RET-02263,7000.0,4420000.0,110490.81762551401
RET-02264,14000.0,13320000.0,437326.44130989164
RET-02265,45000.0,8960000.0,1236894.7369937103
RET-02266,12000.0,2520000.0,247297.45947193468
RET-02267,10000.0,2030000.0,338407.0529435962
RET-02268,8000.0,4590000.0,273132.70756256586
RET-02269,13000.0,2540000.0,379886.48550124344
RET-02270,1000.0,2270000.0,34329.974026717005
RET-02271,23000.0,5770000.0,441521.25435694965
RET-02272,1000.0,14970000.0,31319.30302875731
RET-02273,20000.0,5890000.0,489444.38186068815
RET-02274,0.0,4150000.0,0.0
RET-02275,45000.0,4630000.0,987028.4200946037
RET-02276,6000.0,6250000.0,63164.6477268072
RET-02277,37000.0,7540000.0,1120535.0565152518
RET-02278,25000.0,8790000.0,647670.5656711294
RET-02279,12000.0,3920000.0,141988.35143208216
RET-02280,15000.0,6190000.0,351102.8981468555
RET-02281,30000.0,5910000.0,416022.9108656598
RET-02282,9000.0,6230000.0,204340.39105880802
RET-02283,3000.0,2600000.0,106121.86739708859
RET-02284,15000.0,4760000.0,321130.2719572367
RET-02285,16000.0,7800000.0,236230.4682213105
RET-02286,18000.0,3450000.0,208136.79271849524
RET-02287,26000.0,2780000.0,290163.15453151055
RET-02288,12000.0,3480000.0,162064.36605632838
RET-02289,16000.0,1970000.0,194030.77177086213
RET-02290,9000.0,1800000.0,91433.32906298613
RET-02291,8000.0,1620000.0,149080.80480428264
RET-02292,12000.0,2520000.0,216496.72587144646
RET-02293,5000.0,4560000.0,160502.77995123627
RET-02294,15000.0,2230000.0,192683.3285157403
RET-02295,4000.0,8190000.0,115119.61232337961
RET-02296,4000.0,3830000.0,127554.77893277134
RET-02297,17000.0,5430000.0,245416.6752009396
RET-02298,16000.0,2410000.0,203527.21020438563
RET-02299,40000.0,12120000.0,558546.7068984014
RET-02300,37000.0,3810000.0,391208.2347032624
RET-02301,27000.0,8120000.0,426720.01592081145
RET-02302,6000.0,2610000.0,129065.44367952076
RET-02303,16000.0,1730000.0,160609.37107043611
RET-02304,19000.0,5980000.0,550432.3972200747
RET-02305,4000.0,9490000.0,40714.96272854129
RET-02306,23000.0,7440000.0,652560.5031549665
RET-02307,24000.0,7930000.0,483904.59480052296
RET-02308,5000.0,1220000.0,73154.20117134463
RET-02309,27000.0,10040000.0,814931.9851880405
RET-02310,20000.0,9130000.0,592571.2659814487
RET-02311,14000.0,790000.0,246879.29002463946
RET-02312,13000.0,1300000.0,290505.3870796646
RET-02313,33000.0,7280000.0,874883.6578181899
RET-02314,6000.0,2810000.0,137431.3997275095
RET-02315,104000.0,24140000.0,2240590.3265791894
RET-02316,3000.0,8240000.0,54195.66738458322
RET-02317,22000.0,6240000.0,669881.0291098689
RET-02318,24000.0,7160000.0,352015.86519765033
RET-02319,12000.0,6860000.0,322529.03341910883
RET-02320,19000.0,1190000.0,399586.9665607778
RET-02321,11000.0,4470000.0,351863.8621584101
RET-02322,69000.0,13340000.0,2201285.2654740633
RET-02323,20000.0,2300000.0,558811.7551492862
RET-02324,27000.0,5620000.0,821893.27077619
RET-02325,11000.0,5030000.0,298134.7770919117
RET-02326,34000.0,6970000.0,389608.8372571531
RET-02327,5000.0,9690000.0,125225.3830660602
RET-02328,23000.0,17050000.0,445513.0783658136
RET-02329,15000.0,2170000.0,343924.84601085976
RET-02330,4000.0,1120000.0,44597.68866747994
RET-02331,17000.0,3550000.0,543650.7277446741
RET-02332,18000.0,4500000.0,606535.8431950514
RET-02333,23000.0,4440000.0,739736.9859463387
RET-02334,30000.0,6450000.0,756900.9337666314
RET-02335,97000.0,26090000.0,3050691.6221189424
RET-02336,5000.0,4730000.0,113635.87819412352
RET-02337,0.0,2590000.0,0.0
RET-02338,20000.0,6440000.0,449928.17502557713
RET-02339,26000.0,3020000.0,843522.302569093
RET-02340,15000.0,2580000.0,274481.01757265197
RET-02341,10000.0,4100000.0,348484.46999709343
RET-02342,31000.0,9250000.0,347023.5736070257
RET-02343,4000.0,4880000.0,96796.37458392682
RET-02344,8000.0,9090000.0,189728.2606325985
RET-02345,14000.0,5150000.0,369061.11499466986
RET-02346,29000.0,9270000.0,680319.514785251
RET-02347,5000.0,820000.0,132258.57927968877
RET-02348,9000.0,4750000.0,309950.0259421738
RET-02349,6000.0,1560000.0,104055.5606944091
RET-02350,4000.0,3340000.0,115389.68433511833
RET-02351,24000.0,8720000.0,595728.5733734882
RET-02352,6000.0,6870000.0,155346.80470708414
RET-02353,10000.0,2390000.0,220409.17943361792
RET-02354,47000.0,7740000.0,928515.4329334414
RET-02355,7000.0,5410000.0,141994.4317069766
RET-02356,9000.0,1440000.0,180890.72717086936
RET-02357,16000.0,4950000.0,534746.9887383429
RET-02358,24000.0,7990000.0,833926.2364544491
RET-02359,26000.0,3810000.0,819025.004266742
RET-02360,36000.0,16710000.0,503864.77205713914
RET-02361,12000.0,4960000.0,210454.33521571496
RET-02362,10000.0,2480000.0,158977.06226497758
RET-02363,59000.0,19710000.0,1740924.7955626745
RET-02364,36000.0,8480000.0,368451.6604485093
RET-02365,7000.0,2410000.0,164134.5683332576
RET-02366,24000.0,4610000.0,653713.6944100648
RET-02367,12000.0,4780000.0,198904.87418993993
RET-02368,14000.0,7560000.0,453729.683810621
RET-02369,1000.0,4240000.0,13481.552068774305
RET-02370,9000.0,2860000.0,205259.85582502186
RET-02371,13000.0,11030000.0,262832.0201592811
RET-02372,4000.0,2410000.0,89310.28722601073
RET-02373,2000.0,7490000.0,55533.9496680196
RET-02374,3000.0,720000.0,57949.1037954661
RET-02375,44000.0,9280000.0,1127147.0133073642
RET-02376,26000.0,2030000.0,327090.13577346416
RET-02377,20000.0,5430000.0,267091.3464107944
RET-02378,14000.0,8540000.0,170272.3077736412
RET-02379,20000.0,2000000.0,453015.4790199151
RET-02380,2000.0,4900000.0,70479.48807815093
RET-02381,67000.0,21720000.0,898024.6917071784
RET-02382,1000.0,4330000.0,25228.26615896208
RET-02383,1000.0,1580000.0,18362.42634903928
RET-02384,3000.0,2160000.0,86296.52457494599
RET-02385,12000.0,2720000.0,138462.24054465024
RET-02386,30000.0,12910000.0,608776.0136723894
RET-02387,15000.0,4320000.0,258327.72508025795
RET-02388,43000.0,5530000.0,684669.4906692763
RET-02389,24000.0,7160000.0,640806.3711365722
RET-02390,29000.0,7730000.0,753837.5273034344
RET-02391,26000.0,3500000.0,530543.5008164413
RET-02392,44000.0,7390000.0,1025086.7779795368
RET-02393,2000.0,4340000.0,34615.681102666545
RET-02394,12000.0,3560000.0,261773.8080997062
RET-02395,38000.0,15790000.0,1156124.4009121652
RET-02396,16000.0,6280000.0,281848.47626280604
RET-02397,4000.0,1700000.0,69585.1350532941
RET-02398,8000.0,6660000.0,212912.9971270427
RET-02399,59000.0,10820000.0,1852129.2471575302
RET-02400,12000.0,1920000.0,376153.12647099583
RET-02401,4000.0,5300000.0,79548.02574261029
RET-02402,19000.0,6500000.0,227630.12394915728
RET-02403,1000.0,1960000.0,14906.525147319711
RET-02404,17000.0,4670000.0,246107.43396022278
RET-02405,55000.0,6060000.0,765963.105091814
RET-02406,28000.0,12670000.0,979288.3406192727
RET-02407,4000.0,2010000.0,77657.25027783122
RET-02408,2000.0,5800000.0,50193.27096831518
RET-02409,62000.0,26800000.0,1312260.948385346
RET-02410,4000.0,9640000.0,134909.30123972308
RET-02411,66000.0,15590000.0,1932746.2896844805
RET-02412,28000.0,3340000.0,806836.1685085022
RET-02413,10000.0,3890000.0,219898.70638812587
RET-02414,0.0,4360000.0,0.0
RET-02415,28000.0,4930000.0,863335.3540254917
RET-02416,12000.0,2150000.0,426642.058504103
RET-02417,4000.0,2080000.0,54434.250016482394
RET-02418,16000.0,1380000.0,441131.66213894996
RET-02419,4000.0,2450000.0,60342.420573843425
RET-02420,5000.0,2350000.0,132323.06150512715
RET-02421,7000.0,1430000.0,114223.73157425984
RET-02422,45000.0,12690000.0,538663.4210050425
RET-02423,14000.0,2340000.0,417767.202030136
RET-02424,0.0,7720000.0,0.0
RET-02425,16000.0,8030000.0,262321.7390713104
RET-02426,21000.0,6750000.0,637115.9138326889
RET-02427,7000.0,2110000.0,142605.0349244814
RET-02428,22000.0,3460000.0,346385.58120839816
RET-02429,21000.0,8910000.0,553275.4059643555
RET-02430,18000.0,10260000.0,284925.00138708635
RET-02431,4000.0,9910000.0,140198.005032564
RET-02432,23000.0,5330000.0,535421.7011936454
RET-02433,13000.0,1520000.0,428642.37954938354
RET-02434,18000.0,9850000.0,213443.7677387978
RET-02435,7000.0,2310000.0,146665.80196062606
RET-02436,1000.0,5210000.0,10274.393600254662
RET-02437,17000.0,5990000.0,412415.06622509094
RET-02438,28000.0,8880000.0,530314.6131498264
RET-02439,12000.0,2310000.0,356495.6827261589
RET-02440,4000.0,2680000.0,47410.28293030793
RET-02441,5000.0,4430000.0,108696.34330977434
RET-02442,22000.0,1820000.0,377976.54103723925
RET-02443,22000.0,3520000.0,430834.70436862897
RET-02444,66000.0,10950000.0,1837995.6371190934
RET-02445,3000.0,2280000.0,49665.8606055963
RET-02446,16000.0,9220000.0,497922.27880622237
RET-02447,4000.0,1870000.0,64019.36101312445
RET-02448,5000.0,2530000.0,130190.48878626661
RET-02449,11000.0,2360000.0,293597.0915085274
RET-02450,48000.0,15760000.0,865762.5500692213
RET-02451,12000.0,1730000.0,257115.99709921604
RET-02452,23000.0,11170000.0,307449.9326842366
RET-02453,6000.0,11580000.0,125103.22998482152
RET-02454,6000.0,2080000.0,163772.16603430224
RET-02455,27000.0,1970000.0,588600.5283003452
RET-02456,9000.0,3970000.0,209252.3999206882
RET-02457,9000.0,4560000.0,159012.2995685759
RET-02458,17000.0,2330000.0,587669.4225250438
RET-02459,16000.0,6590000.0,258516.27109058143
RET-02460,12000.0,1100000.0,132866.45900992877
RET-02461,9000.0,3940000.0,263815.5810781112
RET-02462,36000.0,2670000.0,1204280.997233381
RET-02463,1000.0,1580000.0,16875.533201872495
RET-02464,10000.0,2570000.0,217369.36073465802
RET-02465,1000.0,4540000.0,18560.07939488198
RET-02466,17000.0,3940000.0,541542.7632786875
RET-02467,6000.0,1520000.0,110087.93764495973
RET-02468,8000.0,2500000.0,94845.36793990026
RET-02469,28000.0,8360000.0,791229.3919493072
RET-02470,7000.0,9260000.0,237051.58538652753
RET-02471,12000.0,7380000.0,383359.44304249564
RET-02472,3000.0,2020000.0,74142.66255115702
RET-02473,0.0,1270000.0,0.0
RET-02474,5000.0,4270000.0,70430.20081364586
RET-02475,26000.0,8460000.0,488117.3639559312
RET-02476,7000.0,5870000.0,163279.98776890268
RET-02477,27000.0,4600000.0,284839.5210793895
RET-02478,15000.0,1040000.0,190465.41420688352
RET-02479,17000.0,1880000.0,414769.6547260179
RET-02480,63000.0,5310000.0,1175407.0495116431
RET-02481,11000.0,6580000.0,203244.09069815138
RET-02482,8000.0,1540000.0,177199.52165102688
RET-02483,23000.0,6020000.0,358145.4130268491
RET-02484,45000.0,15790000.0,671839.8397410231
RET-02485,11000.0,2850000.0,156059.3215996117
RET-02486,7000.0,4800000.0,179504.84078785536
RET-02487,16000.0,1820000.0,163528.6091419928
RET-02488,37000.0,11480000.0,685732.2305764601
RET-02489,28000.0,8190000.0,937091.2234109809
RET-02490,17000.0,6200000.0,584401.7410521402
RET-02491,15000.0,18260000.0,231563.4973415828
RET-02492,7000.0,3550000.0,79451.96819478017
RET-02493,15000.0,5070000.0,197843.20092561713
RET-02494,7000.0,2560000.0,157843.3534161016
RET-02495,28000.0,7180000.0,588940.9874479134
RET-02496,15000.0,3550000.0,381070.87566620513
RET-02497,15000.0,3640000.0,530578.9805211284
RET-02498,14000.0,5350000.0,432227.6575259653
RET-02499,37000.0,2650000.0,442407.16659076826
RET-02500,21000.0,8990000.0,279765.02656579966
RET-02501,29000.0,10180000.0,430140.8475094945
RET-02502,7000.0,1400000.0,115635.69739012892
RET-02503,46000.0,13180000.0,518432.48599867127
RET-02504,30000.0,2430000.0,954540.9651189349
RET-02505,9000.0,3710000.0,300958.1430038449
RET-02506,17000.0,4240000.0,411927.11783956824
RET-02507,18000.0,920000.0,600930.0928076728
RET-02508,13000.0,1910000.0,431490.16255085374
RET-02509,6000.0,1510000.0,107291.08364587
RET-02510,0.0,3810000.0,0.0
RET-02511,8000.0,1150000.0,124322.35564934749
RET-02512,26000.0,4280000.0,931237.1339064654
RET-02513,7000.0,2330000.0,176085.2956713415
RET-02514,10000.0,4740000.0,292896.77586971736
RET-02515,8000.0,2530000.0,278887.62820350187
RET-02516,36000.0,9870000.0,410804.0919216185
RET-02517,48000.0,12510000.0,957942.6262975071
RET-02518,3000.0,1560000.0,59339.57087230025
RET-02519,9000.0,4780000.0,199417.48326654985
RET-02520,15000.0,5090000.0,247227.05869443106
RET-02521,27000.0,2830000.0,430744.0270520426
RET-02522,71000.0,25660000.0,1929131.3633896727
RET-02523,41000.0,3260000.0,1216378.1747628984
RET-02524,4000.0,2100000.0,60813.83591882856
RET-02525,19000.0,2510000.0,446366.7635761726
RET-02526,68000.0,14620000.0,751795.0505564922
RET-02527,26000.0,10820000.0,566434.1251925653
RET-02528,35000.0,3300000.0,709319.214575894
RET-02529,36000.0,8830000.0,794681.3949215212
RET-02530,22000.0,8090000.0,266041.32491741516
RET-02531,23000.0,4710000.0,504676.32194704615
RET-02532,4000.0,2250000.0,122931.05737886984
RET-02533,10000.0,5370000.0,260044.79846512814
RET-02534,15000.0,4360000.0,330836.88575475564
RET-02535,15000.0,2820000.0,408350.6441019925
RET-02536,10000.0,8880000.0,124764.21330388152
RET-02537,8000.0,6000000.0,86624.07657808467
RET-02538,25000.0,9050000.0,835398.3469587249
RET-02539,30000.0,8910000.0,1059508.4292766491
RET-02540,11000.0,3990000.0,347719.3951503796
RET-02541,9000.0,4760000.0,171462.89837199534
RET-02542,17000.0,6870000.0,473113.6527468227
RET-02543,33000.0,3460000.0,582935.299236353
RET-02544,7000.0,4530000.0,82048.02681462826
RET-02545,27000.0,4140000.0,545985.0370779989
RET-02546,13000.0,10550000.0,135911.10855309077
RET-02547,33000.0,11250000.0,502878.8368694535
RET-02548,15000.0,3750000.0,164707.7150700965
RET-02549,37000.0,9470000.0,917191.1283228161
RET-02550,34000.0,15420000.0,955365.2231024988
RET-02551,12000.0,5570000.0,330795.55297709326
RET-02552,21000.0,5020000.0,389169.09139040316
RET-02553,14000.0,11490000.0,173050.13078447388
RET-02554,12000.0,880000.0,286359.15162438614
RET-02555,88000.0,20430000.0,957605.3132532954
RET-02556,61000.0,4520000.0,1074721.2699024873
RET-02557,23000.0,5310000.0,682421.2942230752
RET-02558,16000.0,16860000.0,427006.8737623493
RET-02559,39000.0,2790000.0,471961.96640520176
RET-02560,6000.0,3290000.0,213187.24624752172
RET-02561,7000.0,5140000.0,154861.10125089047
RET-02562,14000.0,9900000.0,368064.46894933016
RET-02563,2000.0,4120000.0,64360.14487555914
RET-02564,23000.0,13990000.0,556791.9537203987
RET-02565,32000.0,7480000.0,561286.717314596
RET-02566,4000.0,2130000.0,135559.2432533812
RET-02567,6000.0,3370000.0,184606.23990494836
RET-02568,35000.0,12260000.0,1062349.6830978298
RET-02569,1000.0,1470000.0,14418.258137173485
RET-02570,10000.0,3690000.0,339093.111329515
RET-02571,20000.0,1570000.0,269102.6924528065
RET-02572,7000.0,4500000.0,108106.48504241754
RET-02573,6000.0,2450000.0,213017.27831270182
RET-02574,28000.0,4070000.0,752781.4787037759
RET-02575,14000.0,2400000.0,454774.30830784136
RET-02576,8000.0,7670000.0,182508.93759073358
RET-02577,8000.0,1110000.0,171665.48202980237
RET-02578,38000.0,6140000.0,488058.00228221796
RET-02579,2000.0,2470000.0,43429.966402642145
RET-02580,20000.0,1860000.0,523180.1738029472
RET-02581,16000.0,4880000.0,534752.7865895474
RET-02582,14000.0,4150000.0,452351.9381933682
RET-02583,11000.0,2820000.0,334153.55817870813
RET-02584,9000.0,1860000.0,195754.41473380613
RET-02585,43000.0,4410000.0,547019.2364924656
RET-02586,10000.0,3790000.0,110413.76436699387
RET-02587,23000.0,4840000.0,263278.4796424365
RET-02588,3000.0,1310000.0,64367.48936406432
RET-02589,1000.0,2410000.0,26074.10697124374
RET-02590,10000.0,9410000.0,171668.5232554758
RET-02591,0.0,1810000.0,0.0
RET-02592,0.0,6280000.0,0.0
RET-02593,6000.0,2380000.0,65918.31371243848
RET-02594,1000.0,4330000.0,23652.681108386892
RET-02595,9000.0,6000000.0,157331.82195675047
RET-02596,23000.0,11910000.0,817739.2517497665
RET-02597,16000.0,8540000.0,258095.49114188575
RET-02598,51000.0,4700000.0,776878.3794533667
RET-02599,23000.0,6660000.0,277874.5866305526
RET-02600,1000.0,5850000.0,24598.10468365986
RET-02601,8000.0,3450000.0,251859.03682860904
RET-02602,7000.0,10620000.0,187020.3782269842
RET-02603,56000.0,18360000.0,1744205.0676085458
RET-02604,27000.0,12610000.0,526680.1984782862
RET-02605,4000.0,5730000.0,86909.63413436082
RET-02606,25000.0,13280000.0,879376.0252776764
RET-02607,13000.0,8280000.0,247729.10491266253
RET-02608,22000.0,7750000.0,572374.1837087936
RET-02609,44000.0,8230000.0,1016569.2003191479
RET-02610,12000.0,2540000.0,166394.70353616273
RET-02611,11000.0,14270000.0,355247.82431242894
RET-02612,20000.0,3680000.0,286698.2793909893
RET-02613,26000.0,13590000.0,290423.3733321855
RET-02614,36000.0,5140000.0,613869.9376728605
RET-02615,2000.0,8290000.0,52418.03604307778
RET-02616,19000.0,990000.0,624521.4326531409
RET-02617,30000.0,14980000.0,498704.14265667537
RET-02618,12000.0,1550000.0,333548.007708081
RET-02619,3000.0,3030000.0,106480.16055861845
RET-02620,5000.0,3730000.0,98848.60880895445
RET-02621,4000.0,2300000.0,120512.61364649278
RET-02622,18000.0,8950000.0,325185.34954548575
RET-02623,5000.0,7680000.0,102067.28095075015
RET-02624,7000.0,8040000.0,201907.42806475176
RET-02625,9000.0,24970000.0,286810.00415915524
RET-02626,4000.0,3050000.0,56194.06025025691
RET-02627,7000.0,8430000.0,123192.94222466543
RET-02628,9000.0,4410000.0,297124.4257998234
RET-02629,32000.0,6740000.0,1008427.8000962463
RET-02630,19000.0,3180000.0,285410.7565209508
RET-02631,42000.0,4720000.0,906721.172913178
RET-02632,21000.0,5350000.0,397652.35817178915
RET-02633,22000.0,7530000.0,465505.9219563836
RET-02634,29000.0,4240000.0,716252.7248854216
RET-02635,47000.0,13480000.0,620402.7939874205
RET-02636,20000.0,3450000.0,421356.02870637143
RET-02637,26000.0,40100000.0,737583.8205041109
RET-02638,22000.0,4350000.0,334117.1301419602
RET-02639,15000.0,15240000.0,434768.530376785
RET-02640,25000.0,15640000.0,360598.59614197066
RET-02641,7000.0,2010000.0,238273.08978558012
RET-02642,63000.0,15690000.0,1942976.6986089598
RET-02643,16000.0,7880000.0,534029.7998252042
RET-02644,5000.0,4210000.0,170504.70072690703
RET-02645,22000.0,9080000.0,376761.1730879034
RET-02646,15000.0,4940000.0,153950.50636918686
RET-02647,43000.0,17610000.0,1311832.045710945
RET-02648,19000.0,4640000.0,407820.43619852804
RET-02649,37000.0,8500000.0,1243499.1645510779
RET-02650,1000.0,1370000.0,13951.28365241094
RET-02651,9000.0,2690000.0,279904.7216249925
RET-02652,12000.0,12400000.0,347218.89487066556
RET-02653,61000.0,11670000.0,1577146.2066411602
RET-02654,22000.0,2900000.0,397738.71442954335
RET-02655,3000.0,1100000.0,98920.72345569651
RET-02656,5000.0,3520000.0,176277.58437274315
RET-02657,3000.0,6330000.0,80010.53988909668
RET-02658,23000.0,7420000.0,293433.2725584994
RET-02659,20000.0,15340000.0,458214.0583574663
RET-02660,5000.0,3950000.0,88804.58202310263
RET-02661,15000.0,4100000.0,237919.69430274857
RET-02662,30000.0,8520000.0,931707.0050222457
RET-02663,20000.0,13280000.0,633852.7173292693
RET-02664,17000.0,18910000.0,309390.22372569295
RET-02665,18000.0,4990000.0,413473.67035922885
RET-02666,9000.0,2910000.0,204396.48641156848
RET-02667,24000.0,4390000.0,581208.436558539
RET-02668,12000.0,3900000.0,300929.40400946105
RET-02669,28000.0,11670000.0,624209.1730330297
RET-02670,18000.0,2690000.0,461277.8685169178
RET-02671,10000.0,7290000.0,317797.948555169
RET-02672,16000.0,8610000.0,356307.0103473162
RET-02673,5000.0,9420000.0,110595.59741168002
RET-02674,16000.0,24760000.0,264075.36623183236
RET-02675,13000.0,1040000.0,287661.74925710814
RET-02676,7000.0,1070000.0,212397.23016937723
RET-02677,0.0,19810000.0,0.0
RET-02678,31000.0,2760000.0,435448.77286609804
RET-02679,7000.0,5280000.0,142431.72536912636
RET-02680,9000.0,4230000.0,288176.8611154573
RET-02681,15000.0,4980000.0,501842.06864122656
RET-02682,9000.0,5580000.0,90247.27125873794
RET-02683,10000.0,1690000.0,119162.50611374257
RET-02684,30000.0,11460000.0,620753.6560941318
RET-02685,7000.0,4720000.0,93234.6564675845
RET-02686,15000.0,2230000.0,409295.8909855144
RET-02687,46000.0,9790000.0,1496062.6556939764
RET-02688,31000.0,16470000.0,940879.3614134191
RET-02689,2000.0,2070000.0,30377.00057729576
RET-02690,1000.0,7110000.0,34281.26231800996
RET-02691,14000.0,13020000.0,165090.5095861769
RET-02692,23000.0,1780000.0,441274.97974589886
RET-02693,20000.0,7840000.0,250968.9980805451
RET-02694,15000.0,5520000.0,364740.5721433046
RET-02695,10000.0,3780000.0,127621.76319057005
RET-02696,8000.0,2060000.0,240639.58423638006
RET-02697,2000.0,3070000.0,58573.552631688064
RET-02698,24000.0,7290000.0,823389.956314456
RET-02699,16000.0,1950000.0,216765.82773082692
RET-02700,6000.0,620000.0,156012.8059367454
RET-02701,24000.0,13210000.0,558251.1454342678
RET-02702,35000.0,10990000.0,624577.8547789858
RET-02703,18000.0,5380000.0,617290.1963697221
RET-02704,25000.0,5690000.0,845933.7624880685
RET-02705,1000.0,2970000.0,31688.000338421833
RET-02706,13000.0,4560000.0,421006.57652837574
RET-02707,18000.0,2130000.0,366675.55898140906
RET-02708,8000.0,9700000.0,109860.93252485142
RET-02709,22000.0,3610000.0,672399.9968595904
RET-02710,10000.0,2870000.0,189054.93248055555
RET-02711,15000.0,10140000.0,175048.2407088495
RET-02712,19000.0,4950000.0,576553.0374288933
RET-02713,20000.0,3160000.0,265719.44536057615
RET-02714,25000.0,14950000.0,793227.5218214843
RET-02715,63000.0,9630000.0,945175.5781359692
RET-02716,23000.0,3510000.0,439168.0510083868
RET-02717,8000.0,1890000.0,210997.18875356982
RET-02718,5000.0,7880000.0,75278.41588574348
RET-02719,5000.0,3050000.0,103198.12958174988
RET-02720,38000.0,11220000.0,477587.1372772507
RET-02721,8000.0,3660000.0,107352.14948479325
RET-02722,10000.0,1970000.0,304131.94864321355
RET-02723,14000.0,2820000.0,395512.96829792025
RET-02724,10000.0,7000000.0,245998.6028812585
RET-02725,29000.0,2930000.0,901956.4825346261
RET-02726,33000.0,5420000.0,1104863.1557407985
RET-02727,7000.0,3890000.0,191831.86058700675
RET-02728,12000.0,6770000.0,410303.6868355555
RET-02729,1000.0,1190000.0,12610.922949157342
RET-02730,13000.0,6240000.0,241029.01763803913
RET-02731,11000.0,2770000.0,287009.5231093473
RET-02732,18000.0,7680000.0,303041.726265418
RET-02733,1000.0,5990000.0,26758.44441338793
RET-02734,45000.0,17790000.0,1530255.8609866777
RET-02735,3000.0,3980000.0,50097.45795272789
RET-02736,5000.0,970000.0,133147.32036320455
RET-02737,8000.0,6200000.0,255700.40410782056
RET-02738,3000.0,7310000.0,71563.95465697521
RET-02739,18000.0,5640000.0,627536.7820684474
RET-02740,11000.0,3000000.0,179837.76372143163
RET-02741,26000.0,3660000.0,495592.97300813795
RET-02742,1000.0,4330000.0,10813.133455011834
RET-02743,7000.0,2660000.0,102620.76296601261
RET-02744,8000.0,5030000.0,114142.0705619588
RET-02745,27000.0,12120000.0,782609.5643551976
RET-02746,3000.0,9530000.0,75887.54505911806
RET-02747,8000.0,2240000.0,272563.45841564983
RET-02748,26000.0,6110000.0,282385.6634211099
RET-02749,30000.0,11740000.0,810652.963634413
RET-02750,6000.0,2650000.0,71208.68174176225
RET-02751,6000.0,5780000.0,130069.51051007122
RET-02752,23000.0,3090000.0,561544.6776198088
RET-02753,13000.0,2230000.0,324219.83495895966
RET-02754,3000.0,1880000.0,49187.632589770394
RET-02755,7000.0,10820000.0,175473.52654058966
RET-02756,7000.0,5450000.0,187635.01931701854
RET-02757,45000.0,8060000.0,1567889.419450997
RET-02758,8000.0,18320000.0,241078.23044782542
RET-02759,32000.0,4570000.0,824149.4491540435
RET-02760,30000.0,3660000.0,346380.04549117427
RET-02761,15000.0,4080000.0,504148.8964289462
RET-02762,8000.0,1980000.0,113603.53867163458
RET-02763,4000.0,1220000.0,60671.81969143097
RET-02764,4000.0,1600000.0,113255.32177130297
RET-02765,14000.0,8660000.0,387919.682479682
RET-02766,2000.0,1690000.0,61648.663253619576
RET-02767,6000.0,6230000.0,144399.74218345666
RET-02768,10000.0,5690000.0,240750.97884355244
RET-02769,28000.0,9400000.0,511550.11069354974
RET-02770,15000.0,1680000.0,466220.4033798207
RET-02771,9000.0,3800000.0,222781.91526691735
RET-02772,1000.0,1700000.0,28223.434078765316
RET-02773,16000.0,6090000.0,289541.3688646912
RET-02774,4000.0,920000.0,79803.57911227585
RET-02775,11000.0,5020000.0,127869.4739081681
RET-02776,40000.0,9800000.0,470266.64573012455
RET-02777,17000.0,6610000.0,215399.41579528412
RET-02778,14000.0,930000.0,236570.1884936084
RET-02779,33000.0,10360000.0,641517.4140869165
RET-02780,16000.0,4360000.0,278294.3050060676
RET-02781,9000.0,9400000.0,290589.81563389796
RET-02782,5000.0,820000.0,83249.0949715422
RET-02783,24000.0,4500000.0,402604.68397429504
RET-02784,8000.0,2250000.0,276102.55404748116
RET-02785,13000.0,3940000.0,236213.1878044984
RET-02786,6000.0,1310000.0,75052.25074925194
RET-02787,43000.0,5070000.0,653147.4861892245
RET-02788,2000.0,3100000.0,41706.61335066258
RET-02789,21000.0,5880000.0,518727.9859942763
RET-02790,29000.0,3070000.0,989547.2218815737
RET-02791,4000.0,1430000.0,68491.35309981238
RET-02792,2000.0,1410000.0,61579.09590799199
RET-02793,30000.0,8420000.0,612643.2727399737
RET-02794,4000.0,8050000.0,76479.683304698
RET-02795,14000.0,2690000.0,152131.40044735515
RET-02796,31000.0,10010000.0,338099.6415260871
RET-02797,5000.0,4350000.0,79216.7465763032
RET-02798,24000.0,7030000.0,640652.1751527748
RET-02799,23000.0,6410000.0,335276.5719845566
RET-02800,10000.0,4090000.0,313648.6218629227
RET-02801,10000.0,7780000.0,343781.2695040607
RET-02802,7000.0,1440000.0,227284.96241542915
RET-02803,21000.0,5540000.0,454887.6427154453
RET-02804,0.0,1470000.0,0.0
RET-02805,24000.0,10340000.0,297762.9560589526
RET-02806,21000.0,2950000.0,686609.915934886
RET-02807,7000.0,3990000.0,203123.0208252649
RET-02808,13000.0,2900000.0,367411.58848257706
RET-02809,54000.0,12940000.0,1307755.147405463
RET-02810,5000.0,5410000.0,114792.0122628571
RET-02811,14000.0,8620000.0,299159.448087804
RET-02812,4000.0,5560000.0,66248.29362223406
RET-02813,22000.0,3210000.0,422423.5842988533
RET-02814,26000.0,6670000.0,823142.1509069434
RET-02815,24000.0,7070000.0,690895.8058592896
RET-02816,1000.0,2740000.0,24478.287507235276
RET-02817,31000.0,3370000.0,803791.5159837101
RET-02818,5000.0,1140000.0,94482.9084188246
RET-02819,15000.0,6890000.0,308488.2570309886
RET-02820,19000.0,11980000.0,590024.1784993282
RET-02821,29000.0,6600000.0,950746.2402104574
RET-02822,30000.0,17830000.0,302542.5065723589
RET-02823,10000.0,12540000.0,221671.4559563574
RET-02824,37000.0,7040000.0,439574.38228401175
RET-02825,27000.0,7980000.0,576299.771104188
RET-02826,1000.0,5270000.0,14427.85914596482
RET-02827,20000.0,9990000.0,594646.1251043993
RET-02828,30000.0,8950000.0,793103.1303731136
RET-02829,4000.0,5560000.0,130510.51539744412
RET-02830,16000.0,1560000.0,465025.6815002059
RET-02831,13000.0,5260000.0,458742.66564181866
RET-02832,20000.0,12900000.0,358489.200365419
RET-02833,28000.0,6210000.0,461720.9414566819
RET-02834,15000.0,6560000.0,538013.9456559741
RET-02835,6000.0,4210000.0,205961.5593435846
RET-02836,8000.0,2210000.0,200981.24886692877
RET-02837,27000.0,7890000.0,557435.4332872066
RET-02838,3000.0,8370000.0,57356.29125979628
RET-02839,20000.0,3920000.0,332961.2876021569
RET-02840,48000.0,2730000.0,1317452.5958345644
RET-02841,4000.0,4900000.0,93803.41323608981
RET-02842,61000.0,16420000.0,670843.5366461382
RET-02843,6000.0,7370000.0,154337.10709284514
RET-02844,6000.0,1410000.0,84168.69420965418
RET-02845,1000.0,6880000.0,27719.29256946104
RET-02846,0.0,1910000.0,0.0
RET-02847,34000.0,4550000.0,769444.8414623857
RET-02848,17000.0,3320000.0,207207.73509971696
RET-02849,20000.0,3140000.0,330157.14424911834
RET-02850,13000.0,1250000.0,141453.52715679846
RET-02851,18000.0,2030000.0,561627.8390604504
RET-02852,6000.0,520000.0,105519.73214985704
RET-02853,10000.0,4620000.0,258470.59769308218
RET-02854,11000.0,1810000.0,158991.80779048847
RET-02855,13000.0,2130000.0,335431.5333565152
RET-02856,10000.0,1930000.0,351151.8871908244
RET-02857,13000.0,5710000.0,216769.6196882169
RET-02858,4000.0,7620000.0,47185.01663329541
RET-02859,18000.0,11610000.0,465816.9543959325
RET-02860,43000.0,8100000.0,659972.4141389129
RET-02861,11000.0,5060000.0,260119.62223357407
RET-02862,15000.0,4160000.0,344135.12036044855
RET-02863,22000.0,1650000.0,277760.7917831663
RET-02864,12000.0,12360000.0,320276.43168139196
RET-02865,43000.0,9330000.0,1503645.6454337523
RET-02866,9000.0,1270000.0,230816.35634953773
RET-02867,21000.0,3130000.0,389076.5008148522
RET-02868,5000.0,1130000.0,175484.6551315048
RET-02869,3000.0,2680000.0,85688.79298659715
RET-02870,18000.0,5770000.0,288538.29257952905
RET-02871,18000.0,5940000.0,487745.4366964447
RET-02872,21000.0,6800000.0,255740.0491866941
RET-02873,1000.0,2920000.0,24036.763660697517
RET-02874,24000.0,13250000.0,556598.8735182561
RET-02875,9000.0,2210000.0,180776.83227418235
RET-02876,12000.0,9680000.0,429265.5089197527
RET-02877,9000.0,5680000.0,242936.41629761975
RET-02878,2000.0,5500000.0,42075.01185989537
RET-02879,30000.0,10780000.0,871160.6349681724
RET-02880,11000.0,4840000.0,177347.63427716919
RET-02881,1000.0,2700000.0,10695.290817214598
RET-02882,13000.0,9140000.0,382062.26046474924
RET-02883,8000.0,630000.0,245987.08115992832
RET-02884,22000.0,11560000.0,369196.6545360166
RET-02885,11000.0,3660000.0,343434.84413886466
RET-02886,4000.0,1330000.0,92754.69936579191
RET-02887,14000.0,4710000.0,487768.07977194444
RET-02888,32000.0,3760000.0,565389.6473566038
RET-02889,6000.0,890000.0,142456.5343141185
RET-02890,41000.0,12300000.0,1039941.959262713
RET-02891,35000.0,7960000.0,407381.3080025216
RET-02892,7000.0,2870000.0,114820.41272546619
RET-02893,22000.0,7430000.0,523723.26021278754
RET-02894,10000.0,2810000.0,231164.01935118766
RET-02895,18000.0,5220000.0,458335.90844263823
RET-02896,12000.0,3640000.0,158426.883727976
RET-02897,0.0,1910000.0,0.0
RET-02898,10000.0,6420000.0,147575.65036504826
RET-02899,32000.0,11660000.0,477856.55120752327
RET-02900,34000.0,5900000.0,902721.8899540624
RET-02901,48000.0,7900000.0,818982.7777075476
RET-02902,7000.0,2130000.0,221705.32782476352
RET-02903,14000.0,7070000.0,290799.4662564685
RET-02904,4000.0,6440000.0,109589.19114910677
RET-02905,2000.0,4420000.0,40011.07422354368
RET-02906,15000.0,5350000.0,519791.08527914796
RET-02907,2000.0,2630000.0,33082.14085087242
RET-02908,8000.0,2300000.0,255905.15172846772
RET-02909,9000.0,5120000.0,174085.96103139827
RET-02910,26000.0,7550000.0,824635.9098232633
RET-02911,11000.0,2680000.0,143649.84288316208
RET-02912,7000.0,2960000.0,106615.55310911655
RET-02913,19000.0,5050000.0,386927.9356649058
RET-02914,1000.0,7130000.0,11878.150741191888
RET-02915,6000.0,1230000.0,109488.64270348969
RET-02916,15000.0,4990000.0,421874.0996515443
RET-02917,33000.0,3730000.0,1063075.9473511118
RET-02918,9000.0,4070000.0,256094.84291550706
RET-02919,7000.0,750000.0,165817.01085219148
RET-02920,37000.0,6890000.0,460406.54442856496
RET-02921,22000.0,11390000.0,418465.16137138376
RET-02922,29000.0,3030000.0,564387.1508205552
RET-02923,6000.0,5180000.0,112088.54206684833
RET-02924,32000.0,4780000.0,932215.1475257556
RET-02925,8000.0,1900000.0,97550.90171562196
RET-02926,6000.0,2060000.0,99775.86058398723
RET-02927,1000.0,13570000.0,33359.44686912986
RET-02928,6000.0,1320000.0,115769.8805085293
RET-02929,13000.0,3010000.0,388278.5568969619
RET-02930,32000.0,10550000.0,694098.1211620867
RET-02931,8000.0,870000.0,186489.7567065118
RET-02932,5000.0,6030000.0,172321.60139448443
RET-02933,19000.0,5860000.0,293610.7127063198
RET-02934,34000.0,4990000.0,1071620.1244945019
RET-02935,18000.0,1240000.0,256666.05186398825
RET-02936,14000.0,5220000.0,335050.1533780056
RET-02937,36000.0,6390000.0,920989.8657781035
RET-02938,14000.0,9690000.0,342747.7354071692
RET-02939,31000.0,3210000.0,605898.5638475236
RET-02940,3000.0,6720000.0,91067.23384511075
RET-02941,11000.0,8730000.0,317333.4220065071
RET-02942,38000.0,8650000.0,847143.0448402071
RET-02943,8000.0,6880000.0,258224.38014336972
RET-02944,18000.0,6360000.0,305443.1090710925
RET-02945,12000.0,1490000.0,275335.5802521162
RET-02946,49000.0,15310000.0,734117.4371868302
RET-02947,2000.0,1730000.0,61795.6916121701
RET-02948,18000.0,7630000.0,288132.8693109617
RET-02949,13000.0,3420000.0,228131.60350890452
RET-02950,4000.0,1340000.0,88381.22239120243
RET-02951,4000.0,4300000.0,64648.59923447139
RET-02952,3000.0,5310000.0,67245.77328293755
RET-02953,28000.0,3640000.0,836275.6541696743
RET-02954,1000.0,3840000.0,23422.457371240653
RET-02955,23000.0,2850000.0,261247.1268256406
RET-02956,10000.0,7720000.0,110877.22223856217
RET-02957,5000.0,3660000.0,152412.90707114493
RET-02958,84000.0,11430000.0,2756571.081376921
RET-02959,8000.0,6920000.0,252420.37164855312
RET-02960,18000.0,10940000.0,617551.6445922592
RET-02961,27000.0,8620000.0,654950.4692578114
RET-02962,6000.0,4300000.0,60057.39332585391
RET-02963,13000.0,10740000.0,430495.3880425309
RET-02964,47000.0,5080000.0,661759.4083926425
RET-02965,25000.0,13610000.0,516718.48337587074
RET-02966,21000.0,5530000.0,672790.9189829136
RET-02967,4000.0,6060000.0,60254.884845894616
RET-02968,10000.0,1300000.0,272968.94723318744
RET-02969,44000.0,13090000.0,1560776.331755792
RET-02970,19000.0,8500000.0,348485.1289736818
RET-02971,6000.0,2550000.0,101838.92527837829
RET-02972,61000.0,9700000.0,1426688.0852879796
RET-02973,53000.0,13940000.0,1565164.3615277638
RET-02974,73000.0,23000000.0,1381280.4306509106
RET-02975,4000.0,960000.0,99312.6319288391
RET-02976,3000.0,3160000.0,39734.35004023732
RET-02977,3000.0,3710000.0,83136.6420032874
RET-02978,49000.0,12900000.0,663144.2854601516
RET-02979,28000.0,7910000.0,552985.8986260277
RET-02980,27000.0,4880000.0,781339.1088458997
RET-02981,53000.0,4790000.0,688159.1105784538
RET-02982,9000.0,7160000.0,228345.72493485245
RET-02983,6000.0,7400000.0,183906.27244893427
RET-02984,4000.0,7220000.0,143210.56642097296
RET-02985,43000.0,12440000.0,1519267.5680845233
RET-02986,11000.0,4580000.0,168933.86810041216
RET-02987,17000.0,5430000.0,533466.0067344086
RET-02988,33000.0,6970000.0,344725.97172990814
RET-02989,6000.0,4250000.0,214710.94212478594
RET-02990,24000.0,8430000.0,686444.3752473508
RET-02991,30000.0,5000000.0,614842.347548252
RET-02992,5000.0,4220000.0,162435.9075971463
RET-02993,15000.0,3730000.0,431955.14950971963
RET-02994,0.0,2080000.0,0.0
RET-02995,28000.0,12120000.0,863472.8107375824
RET-02996,15000.0,6320000.0,179237.96127666187
RET-02997,15000.0,4980000.0,246342.7130795071
RET-02998,29000.0,3690000.0,488926.4855109911
RET-02999,26000.0,5290000.0,440007.72979433235
RET-03000,8000.0,1490000.0,127368.68712062672
RET-03001,77000.0,14910000.0,1861418.00241824
RET-03002,14000.0,5630000.0,410534.85157473054
RET-03003,7000.0,12150000.0,199656.4396394426
RET-03004,76000.0,8910000.0,2572901.5482590296
RET-03005,20000.0,8220000.0,575425.4397291394
RET-03006,6000.0,3530000.0,165870.01588621835
RET-03007,9000.0,1000000.0,171461.5585043284
RET-03008,73000.0,24820000.0,2386023.2926165615
RET-03009,25000.0,5900000.0,505897.349445302
RET-03010,4000.0,1880000.0,70789.33005320914
RET-03011,47000.0,7590000.0,1216285.8950651728
RET-03012,18000.0,4090000.0,615496.2590254834
RET-03013,16000.0,3060000.0,419134.9293282112
RET-03014,16000.0,5800000.0,167175.5332808409
RET-03015,20000.0,5200000.0,474054.24596494006
RET-03016,9000.0,6990000.0,160142.07415741804
RET-03017,1000.0,5160000.0,18722.516021680603
RET-03018,3000.0,5930000.0,61988.96127340839
RET-03019,141000.0,27480000.0,4980278.981808075
RET-03020,33000.0,10730000.0,467093.0102212779
RET-03021,0.0,4550000.0,0.0
RET-03022,6000.0,2160000.0,130606.94246188762
RET-03023,8000.0,2740000.0,212429.37713067923
RET-03024,62000.0,15190000.0,997753.7476543904
RET-03025,3000.0,16860000.0,90980.98248024572
RET-03026,53000.0,12200000.0,767625.2880786838
RET-03027,12000.0,4570000.0,274887.4344224351
RET-03028,6000.0,4620000.0,127043.37173196
RET-03029,8000.0,570000.0,197695.77924063196
RET-03030,29000.0,4890000.0,925738.2205256762
RET-03031,8000.0,2620000.0,225289.12908727623
RET-03032,15000.0,2030000.0,422547.0932324623
RET-03033,51000.0,6290000.0,1297047.574185535
RET-03034,5000.0,4580000.0,172883.2093846281
RET-03035,16000.0,2830000.0,396449.4089380113
RET-03036,5000.0,4740000.0,165889.21002370774
RET-03037,30000.0,8300000.0,819953.4381393691
RET-03038,2000.0,3970000.0,33348.89494622507
RET-03039,17000.0,4090000.0,452329.55596904166
RET-03040,0.0,3290000.0,0.0
RET-03041,19000.0,4580000.0,510784.1837377421
RET-03042,2000.0,7270000.0,39996.399892339075
RET-03043,26000.0,3690000.0,915414.0744482122
RET-03044,12000.0,2120000.0,300043.10373171465
RET-03045,20000.0,7890000.0,529462.868478763
RET-03046,5000.0,9250000.0,166456.5323492564
RET-03047,17000.0,2060000.0,587667.4355200005
RET-03048,26000.0,5490000.0,346557.8424992669
RET-03049,10000.0,3990000.0,213027.11035597755
RET-03050,15000.0,7320000.0,315500.7103851498
RET-03051,10000.0,3950000.0,118490.47208434853
RET-03052,11000.0,4330000.0,146287.5988256502
RET-03053,24000.0,7400000.0,584634.9124889675
RET-03054,49000.0,17320000.0,1314214.5309111138
RET-03055,10000.0,3130000.0,208043.41719486867
RET-03056,57000.0,5980000.0,2035186.5292172541
RET-03057,48000.0,10370000.0,862490.6565582771
RET-03058,12000.0,1560000.0,365429.4195839749
RET-03059,19000.0,1430000.0,385767.0877483687
RET-03060,2000.0,18410000.0,53586.7254527897
RET-03061,32000.0,1520000.0,1088154.4468526978
RET-03062,18000.0,3520000.0,416864.4689516228
RET-03063,11000.0,4870000.0,344204.05418694444
RET-03064,22000.0,11180000.0,623456.7705645084
RET-03065,19000.0,7850000.0,416459.56228038855
RET-03066,2000.0,4580000.0,66251.64838217219
RET-03067,5000.0,1600000.0,86393.78567640948
RET-03068,21000.0,8590000.0,243929.8330724641
RET-03069,2000.0,1940000.0,55564.84316605645
RET-03070,2000.0,4030000.0,59698.18152015522
RET-03071,20000.0,2410000.0,455631.5851048975
RET-03072,14000.0,3680000.0,335576.79084715655
RET-03073,23000.0,7810000.0,472191.1855931711
RET-03074,17000.0,2730000.0,539451.2925497944
RET-03075,21000.0,8190000.0,374840.38990284444
RET-03076,1000.0,5800000.0,22466.028685039168
RET-03077,27000.0,9340000.0,676977.8177111051
RET-03078,7000.0,2710000.0,162304.9856354434
RET-03079,77000.0,24170000.0,2617418.082055406
RET-03080,27000.0,12800000.0,835598.1322410464
RET-03081,54000.0,3720000.0,1704641.1923344987
RET-03082,9000.0,4160000.0,167563.65891320005
RET-03083,18000.0,2460000.0,416288.7356773375
RET-03084,6000.0,3200000.0,114817.61964518232
RET-03085,14000.0,11930000.0,485800.5480594894
RET-03086,49000.0,6960000.0,1515101.2556282093
RET-03087,10000.0,1910000.0,268665.5291751972
RET-03088,24000.0,14970000.0,260846.7881075737
RET-03089,13000.0,4960000.0,215931.98809671725
RET-03090,34000.0,7580000.0,539210.5326868721
RET-03091,40000.0,7980000.0,435239.63450621016
RET-03092,1000.0,8030000.0,16666.87581558899
RET-03093,19000.0,5500000.0,656320.314988471
RET-03094,1000.0,2130000.0,16099.830899720519
RET-03095,14000.0,3420000.0,464851.7327770858
RET-03096,28000.0,13750000.0,583719.2085549469
RET-03097,8000.0,10030000.0,148927.72533798136
RET-03098,25000.0,6000000.0,681262.9525645901
RET-03099,3000.0,2660000.0,100378.85222536995
RET-03100,2000.0,2430000.0,54958.406079321896
RET-03101,8000.0,2020000.0,254789.1177833923
RET-03102,2000.0,4200000.0,26465.83157326181
RET-03103,13000.0,4820000.0,398090.18348508864
RET-03104,21000.0,6820000.0,300956.51737907424
RET-03105,69000.0,9520000.0,2231544.8275620663
RET-03106,10000.0,8080000.0,343122.57643288275
RET-03107,20000.0,3100000.0,305394.280864626
RET-03108,13000.0,2890000.0,179095.3517159971
RET-03109,9000.0,990000.0,213811.34657590164
RET-03110,8000.0,3980000.0,171675.98832655585
RET-03111,5000.0,3800000.0,152500.9621482163
RET-03112,13000.0,8380000.0,284315.96083927515
RET-03113,6000.0,520000.0,122779.43978117683
RET-03114,10000.0,2090000.0,325555.2536319885
RET-03115,15000.0,5150000.0,297715.92820439045
RET-03116,11000.0,2750000.0,339027.87410257634
RET-03117,29000.0,6930000.0,890658.1787534473
RET-03118,18000.0,1440000.0,420995.03292541404
RET-03119,12000.0,2470000.0,245370.83695389624
RET-03120,39000.0,2790000.0,708214.4489072439
RET-03121,25000.0,7170000.0,616944.6993864853
RET-03122,21000.0,8320000.0,601253.4375245683
RET-03123,27000.0,8960000.0,540581.8615694359
RET-03124,0.0,1850000.0,0.0
RET-03125,35000.0,4170000.0,924616.130880644
RET-03126,10000.0,1200000.0,130883.76474839357
RET-03127,8000.0,3580000.0,260598.41818277285
RET-03128,4000.0,2810000.0,108713.29667808245
RET-03129,36000.0,8530000.0,730224.2886078231
RET-03130,7000.0,7310000.0,226279.42589166653
RET-03131,0.0,3640000.0,0.0
RET-03132,61000.0,11290000.0,984538.7866227018
RET-03133,8000.0,1050000.0,123893.59691798901
RET-03134,5000.0,2620000.0,153877.62212540212
RET-03135,8000.0,2340000.0,202945.07047644578
RET-03136,1000.0,2510000.0,33583.004059031795
RET-03137,11000.0,1820000.0,150644.52914061575
RET-03138,15000.0,3790000.0,213249.04063260974
RET-03139,26000.0,2940000.0,770369.4357103735
RET-03140,1000.0,1830000.0,21890.336089980294
RET-03141,7000.0,1030000.0,87289.09611714282
RET-03142,20000.0,3850000.0,467447.81970413146
RET-03143,1000.0,7050000.0,35923.173565735204
RET-03144,32000.0,6370000.0,516827.3580725071
RET-03145,9000.0,2680000.0,159551.97422992927
RET-03146,5000.0,2480000.0,71698.60188800696
RET-03147,32000.0,19870000.0,718811.5716588045
RET-03148,9000.0,2780000.0,270643.47545398737
RET-03149,2000.0,5720000.0,64367.7109920562
RET-03150,28000.0,7800000.0,293593.85075598315
RET-03151,4000.0,2080000.0,68983.82797898453
RET-03152,28000.0,3960000.0,749247.6901968112
RET-03153,3000.0,2890000.0,75295.88933328004
RET-03154,26000.0,7310000.0,417272.17920138227
RET-03155,14000.0,4370000.0,290550.89469209337
RET-03156,10000.0,2930000.0,174829.62953542304
RET-03157,30000.0,3350000.0,381384.6227247803
RET-03158,15000.0,2250000.0,281812.72977718775
RET-03159,9000.0,2040000.0,284130.81198561064
RET-03160,5000.0,2650000.0,90684.46425395415
RET-03161,2000.0,4890000.0,62963.011793690035
RET-03162,20000.0,3480000.0,648386.0823645813
RET-03163,57000.0,12840000.0,682017.8686416949
RET-03164,0.0,1390000.0,0.0
RET-03165,33000.0,14120000.0,627102.7887671469
RET-03166,3000.0,2400000.0,92796.97795273222
RET-03167,12000.0,5740000.0,150182.79205826268
RET-03168,6000.0,1610000.0,75391.71494038911
RET-03169,11000.0,9120000.0,317400.4540380231
RET-03170,20000.0,5810000.0,432982.7002982331
RET-03171,18000.0,7330000.0,375411.3793871651
RET-03172,17000.0,4340000.0,343536.10767535423
RET-03173,17000.0,9990000.0,266674.12316200027
RET-03174,41000.0,3210000.0,662348.3020540236
RET-03175,18000.0,6170000.0,191321.47667048816
RET-03176,9000.0,3470000.0,215111.32651887607
RET-03177,9000.0,1130000.0,274453.4444750694
RET-03178,32000.0,4500000.0,945525.2182983375
RET-03179,3000.0,2180000.0,40217.47362672997
RET-03180,32000.0,4560000.0,974603.907392265
RET-03181,7000.0,5260000.0,248374.9989481478
RET-03182,16000.0,3390000.0,349096.4635581886
RET-03183,18000.0,2130000.0,427914.85902745265
RET-03184,10000.0,5590000.0,144414.0745736903
RET-03185,13000.0,4160000.0,305871.45149700466
RET-03186,26000.0,10210000.0,651116.6804750471
RET-03187,0.0,20040000.0,0.0
RET-03188,2000.0,3500000.0,45884.90859084871
RET-03189,6000.0,730000.0,92770.62414758511
RET-03190,23000.0,7620000.0,736137.0798067157
RET-03191,11000.0,2940000.0,254792.80260853274
RET-03192,22000.0,3680000.0,594616.426713798
RET-03193,30000.0,7190000.0,1021743.238175351
RET-03194,7000.0,9920000.0,231028.8833125667
RET-03195,6000.0,790000.0,141588.20578697836
RET-03196,9000.0,1720000.0,162895.73879943276
RET-03197,33000.0,3420000.0,1007490.4783665297
RET-03198,15000.0,5920000.0,221559.79508715923
RET-03199,68000.0,4060000.0,1931084.374299348
RET-03200,15000.0,1420000.0,418250.58252149826
RET-03201,48000.0,2410000.0,1469258.8001251265
RET-03202,7000.0,3920000.0,205168.22685951833
RET-03203,3000.0,4620000.0,38629.683198866565
RET-03204,17000.0,4460000.0,314602.72228098975
RET-03205,24000.0,3300000.0,527998.0085336133
RET-03206,11000.0,11710000.0,135422.27238055336
RET-03207,6000.0,7320000.0,80465.87830223431
RET-03208,51000.0,7460000.0,549338.2528961841
RET-03209,15000.0,1950000.0,217224.97414318565
RET-03210,5000.0,2110000.0,71960.77611638524
RET-03211,3000.0,7690000.0,33754.81430193679
RET-03212,11000.0,4090000.0,141171.0507993595
RET-03213,16000.0,1460000.0,544035.5486292572
RET-03214,30000.0,6870000.0,583449.3957132444
RET-03215,30000.0,14060000.0,792033.6393584
RET-03216,44000.0,15030000.0,1097917.7623557982
RET-03217,15000.0,850000.0,235807.68854584082
RET-03218,16000.0,8240000.0,175450.592544307
RET-03219,8000.0,1290000.0,152160.22634389534
RET-03220,13000.0,1890000.0,420988.34639154625
RET-03221,8000.0,5050000.0,274004.30884879007
RET-03222,49000.0,12250000.0,807930.5039050364
RET-03223,7000.0,7230000.0,237460.72149083036
RET-03224,24000.0,8460000.0,662804.476220487
RET-03225,2000.0,7450000.0,32018.896794237222
RET-03226,4000.0,8270000.0,100133.80093712138
RET-03227,27000.0,8040000.0,925444.5737829757
RET-03228,13000.0,3160000.0,426295.8644220307
RET-03229,1000.0,2550000.0,15552.008911869072
RET-03230,21000.0,6140000.0,723187.9734017388
RET-03231,4000.0,3930000.0,103572.59178631898
RET-03232,34000.0,9000000.0,648180.5923425836
RET-03233,40000.0,8680000.0,811604.6608202802
RET-03234,1000.0,5370000.0,29245.41100961008
RET-03235,2000.0,740000.0,62049.977559502404
RET-03236,17000.0,4470000.0,602901.0652748621
RET-03237,4000.0,4620000.0,91058.23214471819
RET-03238,12000.0,1680000.0,216976.19848706064
RET-03239,14000.0,3170000.0,219609.25766035292
RET-03240,4000.0,3410000.0,53868.46803042715
RET-03241,1000.0,15340000.0,27748.877654876116
RET-03242,83000.0,15230000.0,989024.3132801472
RET-03243,2000.0,3400000.0,25266.87712148267
RET-03244,22000.0,5370000.0,485142.43288474804
RET-03245,20000.0,7430000.0,455143.9603509276
RET-03246,7000.0,5070000.0,133553.70710767494
RET-03247,28000.0,6060000.0,998300.6458251948
RET-03248,16000.0,7840000.0,227982.94121251212
RET-03249,4000.0,12150000.0,61909.87413722897
RET-03250,14000.0,5090000.0,301357.98201191676
RET-03251,22000.0,9260000.0,784556.0972681647
RET-03252,8000.0,5290000.0,126932.3566662318
RET-03253,15000.0,3270000.0,193759.1575435258
RET-03254,61000.0,28100000.0,1807988.1044784368
RET-03255,44000.0,12480000.0,668246.3124771887
RET-03256,23000.0,9780000.0,319972.8415362301
RET-03257,16000.0,2410000.0,397623.6703673774
RET-03258,22000.0,11680000.0,300029.1592134893
RET-03259,6000.0,3690000.0,205751.7362436645
RET-03260,0.0,1150000.0,0.0
RET-03261,3000.0,3740000.0,31914.810291322185
RET-03262,11000.0,1240000.0,356537.4003370524
RET-03263,26000.0,6790000.0,650940.3397943034
RET-03264,3000.0,13990000.0,100664.1169316454
RET-03265,3000.0,3160000.0,59959.679270068664
RET-03266,13000.0,5150000.0,463896.69228198275
RET-03267,4000.0,8620000.0,58510.42945541673
RET-03268,6000.0,4790000.0,82144.23523368192
RET-03269,9000.0,6600000.0,94087.22003498804
RET-03270,29000.0,2860000.0,531537.2809644443
RET-03271,24000.0,12720000.0,636136.3955090275
RET-03272,16000.0,2880000.0,242971.11921701845
RET-03273,3000.0,1400000.0,93468.21389133538
RET-03274,26000.0,7790000.0,286582.44388120464
RET-03275,6000.0,2650000.0,190688.48984706888
RET-03276,44000.0,11480000.0,510450.78275757533
RET-03277,27000.0,5870000.0,656370.4232965468
RET-03278,0.0,5480000.0,0.0
RET-03279,1000.0,8260000.0,22087.803907327874
RET-03280,9000.0,1360000.0,142550.1548379027
RET-03281,6000.0,3800000.0,112065.92237999759
RET-03282,29000.0,11090000.0,439500.42819601914
RET-03283,3000.0,4410000.0,30965.30869688781
RET-03284,9000.0,5620000.0,285140.2596755597
RET-03285,12000.0,4460000.0,314160.2447726199
RET-03286,0.0,5720000.0,0.0
RET-03287,1000.0,2930000.0,16300.191781419599
RET-03288,9000.0,5520000.0,241036.90469182614
RET-03289,50000.0,11440000.0,1030006.6075215122
RET-03290,4000.0,3090000.0,82110.40010023596
RET-03291,5000.0,6200000.0,58074.58850314207
RET-03292,24000.0,10850000.0,261304.97186139724
RET-03293,7000.0,3310000.0,246534.58094682673
RET-03294,67000.0,3320000.0,2009041.7552688755
RET-03295,26000.0,9730000.0,440967.8104405086
RET-03296,32000.0,3010000.0,1017475.3739975552
RET-03297,24000.0,4240000.0,773770.6572374331
RET-03298,22000.0,1520000.0,574163.6678330542
RET-03299,8000.0,1020000.0,99292.02635015607
RET-03300,29000.0,3980000.0,553606.069606411
RET-03301,18000.0,4160000.0,611600.2226709877
RET-03302,15000.0,6110000.0,279527.08599528024
RET-03303,19000.0,2320000.0,664506.9244395382
RET-03304,20000.0,6190000.0,703132.3968108695
RET-03305,35000.0,3670000.0,481954.3825504601
RET-03306,11000.0,6470000.0,194152.40290387746
RET-03307,16000.0,11050000.0,413291.5488902514
RET-03308,3000.0,1720000.0,45021.55697109461
RET-03309,31000.0,3620000.0,520674.22783078684
RET-03310,26000.0,4910000.0,456597.45210770145
RET-03311,26000.0,6010000.0,607350.7169077749
RET-03312,9000.0,4550000.0,228997.3454289926
RET-03313,45000.0,8110000.0,946148.3561265175
RET-03314,30000.0,7480000.0,1056575.194950206
RET-03315,7000.0,2870000.0,199099.30955876585
RET-03316,17000.0,4520000.0,281051.7381960511
RET-03317,43000.0,9910000.0,909137.7367627013
RET-03318,2000.0,5020000.0,57942.60245501428
RET-03319,21000.0,4290000.0,500846.9200167474
RET-03320,19000.0,7070000.0,263269.36821637914
RET-03321,42000.0,7620000.0,1325054.2472890257
RET-03322,11000.0,7170000.0,368381.9383601434
RET-03323,14000.0,690000.0,388511.69942277565
RET-03324,7000.0,4240000.0,110909.24564442228
RET-03325,19000.0,2330000.0,243937.453214271
RET-03326,11000.0,4710000.0,307500.06701705576
RET-03327,9000.0,2940000.0,310691.43864518346
RET-03328,10000.0,2190000.0,285000.82340977853
RET-03329,16000.0,7260000.0,173928.09709551648
RET-03330,3000.0,1110000.0,70615.20606747534
RET-03331,31000.0,11790000.0,653120.5827591497
RET-03332,0.0,940000.0,0.0
RET-03333,18000.0,5090000.0,640107.9240899527
RET-03334,37000.0,9210000.0,847159.6432370531
RET-03335,9000.0,4840000.0,299593.7180715162
RET-03336,11000.0,1090000.0,199407.2477718948
RET-03337,2000.0,3100000.0,63818.60700554488
RET-03338,33000.0,3470000.0,373278.5329941961
RET-03339,0.0,3390000.0,0.0
RET-03340,17000.0,4510000.0,226880.47428610225
RET-03341,8000.0,4490000.0,186731.07962530808
RET-03342,37000.0,8310000.0,1092031.432863242
RET-03343,9000.0,2520000.0,261190.57805055226
RET-03344,15000.0,5750000.0,371564.1703909081
RET-03345,13000.0,670000.0,381905.0281921548
RET-03346,48000.0,5630000.0,1512326.1213776206
RET-03347,41000.0,16730000.0,545266.5913533493
RET-03348,22000.0,3720000.0,496133.8215227387
RET-03349,51000.0,5490000.0,1782358.2625990158
RET-03350,16000.0,4030000.0,443366.0070659531
RET-03351,1000.0,7070000.0,28290.78755382483
RET-03352,12000.0,4990000.0,416158.6089764477
RET-03353,24000.0,5380000.0,346692.61976252584
RET-03354,15000.0,1870000.0,341435.4729431148
RET-03355,0.0,2880000.0,0.0
RET-03356,26000.0,5510000.0,810739.1183700856
RET-03357,29000.0,7080000.0,1036366.4946325965
RET-03358,26000.0,17760000.0,410025.946256981
RET-03359,6000.0,2410000.0,129508.25665448979
RET-03360,32000.0,16920000.0,772546.1257309114
RET-03361,21000.0,4740000.0,715855.740146245
RET-03362,9000.0,2690000.0,131216.12137737262
RET-03363,17000.0,5840000.0,238974.86598957592
RET-03364,38000.0,3670000.0,1033486.2518588316
RET-03365,21000.0,9860000.0,728187.9579329262
RET-03366,38000.0,3430000.0,1222036.6501655278
RET-03367,15000.0,6780000.0,191074.5489535575
RET-03368,31000.0,7640000.0,793391.7226062815
RET-03369,4000.0,2470000.0,100991.62228144058
RET-03370,20000.0,9310000.0,459059.09008858015
RET-03371,14000.0,4050000.0,211944.67063931932
RET-03372,38000.0,5520000.0,1108500.590367311
RET-03373,29000.0,7660000.0,363517.3905509903
RET-03374,13000.0,9060000.0,371266.11106847256
RET-03375,11000.0,4680000.0,227983.338254073
RET-03376,9000.0,1200000.0,231733.30482790954
RET-03377,9000.0,5090000.0,268320.326472787
RET-03378,11000.0,2690000.0,158211.13512190647
RET-03379,26000.0,11670000.0,459105.0279920895
RET-03380,52000.0,7320000.0,967951.6053690048
RET-03381,8000.0,2330000.0,221089.28273606728
RET-03382,17000.0,2200000.0,304061.5768255077
RET-03383,2000.0,2630000.0,71116.63789366995
RET-03384,8000.0,770000.0,144426.6481565058
RET-03385,40000.0,10880000.0,1389023.340645825
RET-03386,27000.0,17490000.0,613958.0638132143
RET-03387,18000.0,1000000.0,222967.3640561267
RET-03388,6000.0,2050000.0,119758.60564039655
RET-03389,1000.0,1260000.0,11050.181519752241
RET-03390,26000.0,4750000.0,505737.561229523
RET-03391,14000.0,2470000.0,284436.32077024557
RET-03392,25000.0,1730000.0,254615.25445370778
RET-03393,11000.0,3510000.0,170622.25471605404
RET-03394,2000.0,8060000.0,47626.46989713115
RET-03395,13000.0,1040000.0,422564.9892996189
RET-03396,17000.0,5290000.0,559279.7322511113
RET-03397,8000.0,3500000.0,259050.0448095279
RET-03398,10000.0,3610000.0,324598.061144315
RET-03399,3000.0,2320000.0,53713.57298735286
RET-03400,14000.0,4850000.0,201914.30487843681
RET-03401,16000.0,2300000.0,367119.34426816786
RET-03402,14000.0,5730000.0,306982.3587972529
RET-03403,36000.0,10920000.0,604536.1644003956
RET-03404,27000.0,8780000.0,289389.10476554034
RET-03405,13000.0,17630000.0,420708.6891672318
RET-03406,29000.0,5430000.0,447748.3230056201
RET-03407,2000.0,1280000.0,66287.28613600101
RET-03408,1000.0,8440000.0,20506.165280257934
RET-03409,28000.0,5840000.0,504091.61441887706
RET-03410,5000.0,7060000.0,144308.69969034006
RET-03411,11000.0,7080000.0,237758.78897000809
RET-03412,4000.0,3620000.0,103244.61540889632
RET-03413,28000.0,29120000.0,890774.689620044
RET-03414,15000.0,2240000.0,519869.4313622433
RET-03415,3000.0,1380000.0,104647.3467671847
RET-03416,3000.0,2540000.0,93407.66596629287
RET-03417,9000.0,3340000.0,292694.93332588713
RET-03418,11000.0,4770000.0,387238.342122808
RET-03419,12000.0,2970000.0,351197.74884301523
RET-03420,26000.0,5670000.0,508119.8421172762
RET-03421,13000.0,1070000.0,334154.608711259
RET-03422,3000.0,8900000.0,57856.646354123346
RET-03423,24000.0,4410000.0,811551.1724936385
RET-03424,11000.0,1210000.0,390940.9491024453
RET-03425,9000.0,8330000.0,316382.59204463614
RET-03426,4000.0,1820000.0,105340.30075259203
RET-03427,25000.0,3150000.0,857915.0053968139
RET-03428,14000.0,2800000.0,322314.69934654096
RET-03429,21000.0,9000000.0,212056.26828279434
RET-03430,3000.0,5770000.0,34352.29101318531
RET-03431,21000.0,1430000.0,480628.5454057473
RET-03432,22000.0,2610000.0,339119.5229655442
RET-03433,15000.0,2910000.0,334359.5339250857
RET-03434,41000.0,4140000.0,744867.9218908084
RET-03435,10000.0,2070000.0,123861.10686917065
RET-03436,19000.0,1760000.0,272097.0927028553
RET-03437,29000.0,8270000.0,1002896.8155444182
RET-03438,16000.0,4700000.0,168689.8425190838
RET-03439,24000.0,10020000.0,365485.9737493242
RET-03440,28000.0,6370000.0,359124.3554730094
RET-03441,3000.0,1390000.0,102064.0707938005
RET-03442,14000.0,5360000.0,450835.58751367836
RET-03443,12000.0,7180000.0,173243.92264665954
RET-03444,3000.0,7840000.0,52792.47146373364
RET-03445,6000.0,3610000.0,87270.58257266846
RET-03446,44000.0,5140000.0,1336112.0528596248
RET-03447,27000.0,2700000.0,702272.2540815634
RET-03448,1000.0,5650000.0,17855.660246053612
RET-03449,65000.0,6350000.0,2331590.8856060137
RET-03450,1000.0,900000.0,21475.190817629235
RET-03451,4000.0,660000.0,131752.46856717946
RET-03452,10000.0,3660000.0,147028.14845613044
RET-03453,14000.0,3580000.0,203177.08999780915
RET-03454,20000.0,6170000.0,632952.2034222457
RET-03455,2000.0,3960000.0,31905.0526208902
RET-03456,1000.0,3640000.0,13274.012718082944
RET-03457,9000.0,6310000.0,302250.33033925813
RET-03458,13000.0,3950000.0,397080.5835948985
RET-03459,12000.0,8320000.0,184469.82809288191
RET-03460,8000.0,8340000.0,280626.9848111893
RET-03461,13000.0,4010000.0,311339.1481659255
RET-03462,13000.0,5790000.0,259814.9169322582
RET-03463,19000.0,8180000.0,261064.68454584928
RET-03464,7000.0,4640000.0,183575.68094547532
RET-03465,5000.0,650000.0,108350.31784294291
RET-03466,15000.0,3780000.0,212668.96199680338
RET-03467,19000.0,6260000.0,395832.8484926873
RET-03468,15000.0,10530000.0,274986.3925118328
RET-03469,2000.0,8550000.0,70992.59659670062
RET-03470,24000.0,9300000.0,420574.3927338204
RET-03471,2000.0,10550000.0,30083.611764127105
RET-03472,6000.0,4940000.0,212920.77766678328
RET-03473,22000.0,6270000.0,347372.9517252232
RET-03474,1000.0,2770000.0,23245.863313585993
RET-03475,7000.0,1840000.0,247356.34455478832
RET-03476,1000.0,5730000.0,12712.1363679626
RET-03477,3000.0,2260000.0,42932.039002862046
RET-03478,40000.0,26390000.0,1118857.096715327
RET-03479,12000.0,3530000.0,372715.0537719511
RET-03480,6000.0,1900000.0,112724.10291128099
RET-03481,17000.0,4990000.0,493612.5829056546
RET-03482,46000.0,13970000.0,1231439.3868368024
RET-03483,27000.0,6410000.0,395162.45514029026
RET-03484,7000.0,3170000.0,112409.65566446395
RET-03485,0.0,2480000.0,0.0
RET-03486,38000.0,15680000.0,972999.3304580619
RET-03487,23000.0,3750000.0,661333.6727047995
RET-03488,11000.0,4550000.0,110122.19150989354
RET-03489,41000.0,4870000.0,955456.5714662868
RET-03490,9000.0,3410000.0,217267.68791979222
RET-03491,51000.0,13070000.0,905063.9264528855
RET-03492,13000.0,3370000.0,321688.9475664101
RET-03493,16000.0,4760000.0,350597.95675875124
RET-03494,7000.0,9120000.0,184804.5600836542
RET-03495,15000.0,12070000.0,376547.0548076288
RET-03496,31000.0,12880000.0,368235.3713967121
RET-03497,4000.0,6330000.0,128344.27056106634
RET-03498,33000.0,7580000.0,493184.2834994384
RET-03499,23000.0,4550000.0,422015.41134675854
RET-03500,15000.0,2010000.0,415295.13206760545
RET-03501,4000.0,920000.0,121091.29876221795
RET-03502,2000.0,4530000.0,20464.35482890665
RET-03503,14000.0,10610000.0,236721.75963593053
RET-03504,16000.0,3710000.0,478488.1762216023
RET-03505,7000.0,2370000.0,192461.64609864244
RET-03506,12000.0,5380000.0,314376.2024804214
RET-03507,1000.0,7230000.0,32176.50206517264
RET-03508,11000.0,11320000.0,132553.81699707892
RET-03509,2000.0,2370000.0,51575.968594760125
RET-03510,6000.0,3620000.0,182133.34836661295
RET-03511,53000.0,14050000.0,811197.251128181
RET-03512,12000.0,1960000.0,419655.53771037277
RET-03513,26000.0,6730000.0,592519.3983313249
RET-03514,1000.0,790000.0,25015.741644989605
RET-03515,2000.0,8610000.0,55357.42248595185
RET-03516,26000.0,9740000.0,307917.979038135
RET-03517,10000.0,7280000.0,104111.10664394096
RET-03518,0.0,2960000.0,0.0
RET-03519,22000.0,10930000.0,458665.3715883558
RET-03520,6000.0,6630000.0,81585.02593192426
RET-03521,9000.0,2690000.0,176522.90475584593
RET-03522,41000.0,12620000.0,719306.9020091884
RET-03523,14000.0,6600000.0,299443.3677449019
RET-03524,27000.0,16370000.0,679321.2037722395
RET-03525,10000.0,670000.0,135242.61139306144
RET-03526,5000.0,2840000.0,87948.29427022094
RET-03527,15000.0,2110000.0,162527.57443198163
RET-03528,36000.0,10810000.0,678499.4648789647
RET-03529,7000.0,4200000.0,118399.59728731037
RET-03530,9000.0,1620000.0,300043.3507704361
RET-03531,28000.0,13140000.0,417746.02280731435
RET-03532,11000.0,1630000.0,303877.90495704685
RET-03533,15000.0,5050000.0,465865.5612811826
RET-03534,27000.0,3240000.0,698646.76463482
RET-03535,3000.0,1240000.0,67185.8713660665
RET-03536,20000.0,2440000.0,264106.6806345601
RET-03537,11000.0,5840000.0,303389.6242920126
RET-03538,5000.0,5760000.0,123058.08631839142
RET-03539,0.0,3570000.0,0.0
RET-03540,10000.0,7240000.0,324962.7633603282
RET-03541,36000.0,12790000.0,1176128.6534409956
RET-03542,17000.0,4180000.0,398551.9981418166
RET-03543,57000.0,9800000.0,1360406.6055903626
RET-03544,4000.0,5270000.0,66614.01618215126
RET-03545,13000.0,8630000.0,396907.05318079353
RET-03546,3000.0,2980000.0,64317.4534754762
RET-03547,34000.0,2880000.0,831145.7475534237
RET-03548,18000.0,4940000.0,427806.67763184296
RET-03549,35000.0,10560000.0,782279.6037117239
RET-03550,23000.0,11090000.0,415011.0613157533
RET-03551,21000.0,5550000.0,381667.490402756
RET-03552,15000.0,8590000.0,286726.7059269403
RET-03553,6000.0,3790000.0,96286.31060659802
RET-03554,20000.0,3420000.0,686096.6357800858
RET-03555,6000.0,7040000.0,182642.68693068545
RET-03556,7000.0,3530000.0,172690.52787900643
RET-03557,1000.0,2530000.0,33475.75711602468
RET-03558,12000.0,7820000.0,134216.15814992247
RET-03559,5000.0,8910000.0,135489.72767600627
RET-03560,2000.0,860000.0,68503.3961919226
RET-03561,13000.0,3170000.0,148291.4662202686
RET-03562,22000.0,13970000.0,414954.14881976525
RET-03563,12000.0,5160000.0,388223.81379771896
RET-03564,13000.0,4670000.0,283664.0145518465
RET-03565,3000.0,2310000.0,79682.66622376395
RET-03566,19000.0,7850000.0,449172.7051504337
RET-03567,19000.0,12780000.0,509489.444387857
RET-03568,8000.0,2690000.0,197539.6929847913
RET-03569,27000.0,5260000.0,673780.3710930017
RET-03570,29000.0,14000000.0,802159.3925953987
RET-03571,9000.0,4610000.0,101923.50902333873
RET-03572,24000.0,5070000.0,422581.73039404216
RET-03573,6000.0,2140000.0,72698.85412008727
RET-03574,3000.0,6260000.0,57189.3880804049
RET-03575,86000.0,24320000.0,2313017.2169944844
RET-03576,2000.0,2740000.0,60797.27328111297
RET-03577,2000.0,5100000.0,69735.23937852254
RET-03578,42000.0,2850000.0,580835.3113542831
RET-03579,25000.0,5620000.0,599407.2537193737
RET-03580,4000.0,1350000.0,115625.5720957387
RET-03581,9000.0,1950000.0,308106.29773369693
RET-03582,6000.0,2510000.0,72392.663775371
RET-03583,4000.0,2910000.0,103721.48285655158
RET-03584,16000.0,1340000.0,481521.78690808394
RET-03585,3000.0,770000.0,90298.598285415
RET-03586,13000.0,5390000.0,282519.43589257984
RET-03587,10000.0,3330000.0,322718.11883152585
RET-03588,26000.0,7520000.0,526087.8992352746
RET-03589,3000.0,5540000.0,92488.79225154954
RET-03590,26000.0,6110000.0,663959.9785651164
RET-03591,14000.0,2270000.0,208340.86362312338
RET-03592,23000.0,12200000.0,264603.2641448282
RET-03593,22000.0,4620000.0,520437.72217432776
RET-03594,25000.0,8450000.0,880896.8704008842
RET-03595,9000.0,7390000.0,319321.8565347397
RET-03596,27000.0,7570000.0,845999.6233357048
RET-03597,2000.0,6160000.0,24847.72956968545
RET-03598,8000.0,4220000.0,115370.37070701054
RET-03599,15000.0,5980000.0,367749.2794523737
RET-03600,0.0,5060000.0,0.0
RET-03601,23000.0,7090000.0,582435.1537822509
RET-03602,13000.0,3960000.0,138422.91631781758
RET-03603,25000.0,6570000.0,786190.5393349596
RET-03604,8000.0,2160000.0,101474.70215558576
RET-03605,45000.0,4430000.0,945564.7663110832
RET-03606,0.0,2410000.0,0.0
RET-03607,24000.0,15860000.0,528259.3161240405
RET-03608,9000.0,7660000.0,309499.12419117836
RET-03609,4000.0,4690000.0,83509.05764468061
RET-03610,2000.0,1240000.0,32772.47273766295
RET-03611,10000.0,700000.0,290220.74783130136
RET-03612,1000.0,1990000.0,10920.64683394303
RET-03613,71000.0,14840000.0,725465.9021677623
RET-03614,6000.0,3140000.0,72100.34155036783
RET-03615,54000.0,10380000.0,1702439.1994777035
RET-03616,4000.0,810000.0,76075.83142249257
RET-03617,11000.0,7980000.0,113682.39491331068
RET-03618,20000.0,3270000.0,595516.7035970953
RET-03619,26000.0,25680000.0,516987.2100933169
RET-03620,22000.0,6410000.0,785407.9667887943
RET-03621,14000.0,4890000.0,247741.55957276444
RET-03622,32000.0,9780000.0,1134429.2921534344
RET-03623,17000.0,3800000.0,600240.7057845757
RET-03624,37000.0,3950000.0,702861.5522687173
RET-03625,12000.0,4150000.0,402026.91177201085
RET-03626,17000.0,1330000.0,184980.29293457078
RET-03627,23000.0,5490000.0,270066.1297520621
RET-03628,30000.0,1440000.0,854375.2726150024
RET-03629,22000.0,8430000.0,581825.8242118376
RET-03630,39000.0,4590000.0,526892.2777623925
RET-03631,15000.0,1580000.0,196116.49820640124
RET-03632,2000.0,4410000.0,38915.84829020376
RET-03633,1000.0,820000.0,14336.627857180041
RET-03634,24000.0,8840000.0,482929.45968113875
RET-03635,14000.0,4340000.0,159016.49294268538
RET-03636,23000.0,10020000.0,623405.8779788666
RET-03637,43000.0,9670000.0,1151289.0784311437
RET-03638,8000.0,5850000.0,225833.21746762996
RET-03639,5000.0,6160000.0,129349.443862153
RET-03640,25000.0,8310000.0,526699.4666144941
RET-03641,4000.0,5620000.0,75441.90663480955
RET-03642,25000.0,7120000.0,838179.6591116057
RET-03643,10000.0,3830000.0,222855.05384889682
RET-03644,2000.0,1070000.0,69016.61127704168
RET-03645,19000.0,4790000.0,336838.99351125804
RET-03646,15000.0,1110000.0,415358.9998223822
RET-03647,39000.0,3100000.0,541467.5005910912
RET-03648,14000.0,6700000.0,473500.5220534239
RET-03649,11000.0,2110000.0,373190.38289792713
RET-03650,19000.0,6170000.0,206463.7217613778
RET-03651,20000.0,11620000.0,327812.1596260671
RET-03652,11000.0,2030000.0,317065.06985915796
RET-03653,13000.0,5920000.0,457395.3614209483
RET-03654,17000.0,23620000.0,307197.1633635022
RET-03655,1000.0,3000000.0,23435.270326399408
RET-03656,38000.0,7890000.0,926618.5352899801
RET-03657,13000.0,5390000.0,220943.55479222586
RET-03658,0.0,2040000.0,0.0
RET-03659,12000.0,3450000.0,421117.25202601624
RET-03660,3000.0,11450000.0,85081.67944297213
RET-03661,17000.0,5820000.0,256598.27967342266
RET-03662,7000.0,780000.0,173292.26389586244
RET-03663,11000.0,4500000.0,283646.8568305221
RET-03664,1000.0,1380000.0,12455.137354450117
RET-03665,14000.0,5850000.0,431660.59366750874
RET-03666,11000.0,24700000.0,280370.4981146155
RET-03667,16000.0,5000000.0,381403.5621882759
RET-03668,42000.0,3840000.0,837714.2329819485
RET-03669,7000.0,3500000.0,240300.81738015555
RET-03670,6000.0,3270000.0,62159.54034923728
RET-03671,25000.0,4120000.0,368863.69551679405
RET-03672,2000.0,3650000.0,62136.32880861017
RET-03673,10000.0,5710000.0,143736.67434191285
RET-03674,64000.0,8390000.0,706772.9056352037
RET-03675,8000.0,6720000.0,92832.96968687807
RET-03676,31000.0,4840000.0,908198.5113172771
RET-03677,9000.0,3140000.0,180732.26797611848
RET-03678,21000.0,1600000.0,618128.4342221451
RET-03679,17000.0,8960000.0,434292.52856525755
RET-03680,9000.0,1330000.0,300108.4540927884
RET-03681,26000.0,8770000.0,926027.5940514874
RET-03682,42000.0,16820000.0,928131.2074181589
RET-03683,28000.0,5700000.0,931291.6250623418
RET-03684,2000.0,9020000.0,22449.045503674446
RET-03685,8000.0,5210000.0,83537.36158860904
RET-03686,50000.0,2620000.0,1144741.9306647468
RET-03687,57000.0,29720000.0,1961539.9081776368
RET-03688,26000.0,35480000.0,650997.4775800187
RET-03689,20000.0,7070000.0,281673.1276036107
RET-03690,15000.0,2180000.0,430114.2674477444
RET-03691,14000.0,2650000.0,407397.5445580804
RET-03692,38000.0,3320000.0,760431.1407420282
RET-03693,23000.0,7170000.0,646537.7784413466
RET-03694,14000.0,2970000.0,449003.0533783113
RET-03695,10000.0,12940000.0,116247.47302353646
RET-03696,24000.0,4320000.0,427332.51844110707
RET-03697,9000.0,3390000.0,217138.68569937212
RET-03698,20000.0,5040000.0,653132.5007783499
RET-03699,0.0,1360000.0,0.0
RET-03700,10000.0,6360000.0,196164.9471435389
RET-03701,47000.0,7490000.0,955230.1595388573
RET-03702,10000.0,5170000.0,138541.00974759308
RET-03703,30000.0,5610000.0,842141.3004961284
RET-03704,3000.0,4560000.0,51380.220949162715
RET-03705,0.0,4840000.0,0.0
RET-03706,19000.0,4480000.0,584617.1339945038
RET-03707,105000.0,35390000.0,1306764.8008418975
RET-03708,7000.0,11560000.0,197735.7223036615
RET-03709,37000.0,2060000.0,467301.68405123026
RET-03710,2000.0,3860000.0,33766.58007754385
RET-03711,12000.0,2960000.0,320138.267612321
RET-03712,8000.0,1910000.0,200975.40745103988
RET-03713,44000.0,10460000.0,1008471.3422144677
RET-03714,19000.0,6300000.0,572999.7338747422
RET-03715,13000.0,9020000.0,383237.83695555036
RET-03716,14000.0,1920000.0,489512.958684583
RET-03717,50000.0,10220000.0,706980.1836524452
RET-03718,15000.0,9600000.0,473805.2627350162
RET-03719,9000.0,1650000.0,135692.5231070332
RET-03720,6000.0,11950000.0,73059.78303882814
RET-03721,22000.0,2970000.0,225640.08397830624
RET-03722,5000.0,970000.0,133282.41073343164
RET-03723,2000.0,1330000.0,60045.07541311682
RET-03724,24000.0,5030000.0,353578.1696131943
RET-03725,20000.0,10160000.0,639794.4030082889
RET-03726,15000.0,7230000.0,211728.77458859666
RET-03727,14000.0,2670000.0,215029.3797146841
RET-03728,15000.0,3760000.0,279801.13393951417
RET-03729,13000.0,5200000.0,467892.5256851626
RET-03730,33000.0,4490000.0,835123.0468371261
RET-03731,44000.0,7770000.0,810929.068224296
RET-03732,20000.0,4990000.0,410933.8182717831
RET-03733,8000.0,4780000.0,229516.8868534285
RET-03734,73000.0,10370000.0,1074684.3798701258
RET-03735,19000.0,2050000.0,290829.98150518397
RET-03736,12000.0,3380000.0,208251.71766346815
RET-03737,4000.0,2030000.0,99957.90568361244
RET-03738,2000.0,4500000.0,34846.958998161055
RET-03739,16000.0,2120000.0,406333.9165783068
RET-03740,9000.0,1120000.0,239393.4402659231
RET-03741,16000.0,16710000.0,374903.22371398215
RET-03742,26000.0,13950000.0,804743.7396034304
RET-03743,10000.0,4730000.0,258259.61876694954
RET-03744,21000.0,3270000.0,339245.7134198641
RET-03745,6000.0,2300000.0,213248.7507530616
RET-03746,2000.0,4770000.0,45682.57112763923
RET-03747,11000.0,5830000.0,119508.45300648555
RET-03748,3000.0,2670000.0,44492.43251954595
RET-03749,7000.0,3650000.0,194435.50270149158
RET-03750,7000.0,1880000.0,91567.26957578884
RET-03751,23000.0,6600000.0,470550.7209615402
RET-03752,4000.0,6890000.0,62368.87212869132
RET-03753,20000.0,12630000.0,460023.66941560054
RET-03754,21000.0,7020000.0,224499.1843032082
RET-03755,60000.0,15040000.0,809587.0915709594
RET-03756,8000.0,3890000.0,262511.3150796009
RET-03757,11000.0,2310000.0,148172.62579732874
RET-03758,16000.0,1990000.0,313382.64596196066
RET-03759,1000.0,870000.0,15168.814059857677
RET-03760,28000.0,6710000.0,286609.9499242877
RET-03761,9000.0,1900000.0,102593.01007597765
RET-03762,4000.0,2570000.0,122238.32200677665
RET-03763,10000.0,3120000.0,286632.8318973757
RET-03764,29000.0,8540000.0,625516.0202251427
RET-03765,16000.0,12060000.0,532584.69070625
RET-03766,6000.0,2190000.0,83556.49758447774
RET-03767,7000.0,2390000.0,82549.53381067625
RET-03768,0.0,5140000.0,0.0
RET-03769,15000.0,4560000.0,158009.75933349042
RET-03770,18000.0,4450000.0,245845.61140855955
RET-03771,23000.0,5450000.0,443115.8477005841
RET-03772,56000.0,20620000.0,836255.152932341
RET-03773,11000.0,5680000.0,294633.38796463446
RET-03774,16000.0,10280000.0,356352.24134795077
RET-03775,10000.0,3500000.0,301411.3237971658
RET-03776,28000.0,11110000.0,630070.4828560435
RET-03777,20000.0,1440000.0,297305.2456069717
RET-03778,10000.0,11620000.0,152060.89692941148
RET-03779,11000.0,4360000.0,226408.4050533455
RET-03780,19000.0,8860000.0,460666.8315547877
RET-03781,12000.0,2550000.0,344782.5200893609
RET-03782,21000.0,5920000.0,359965.5507883058
RET-03783,3000.0,10520000.0,53581.28277660873
RET-03784,23000.0,9020000.0,719401.1689438897
RET-03785,20000.0,11250000.0,546914.4965844328
RET-03786,14000.0,2320000.0,407066.1005979216
RET-03787,16000.0,6650000.0,488746.3556844774
RET-03788,16000.0,2610000.0,191141.68375339478
RET-03789,7000.0,4090000.0,72488.6144307736
RET-03790,47000.0,13110000.0,1415848.98868016
RET-03791,37000.0,21240000.0,893620.9078748144
RET-03792,31000.0,3920000.0,773493.2811111523
RET-03793,64000.0,8130000.0,2125815.139149443
RET-03794,57000.0,6940000.0,1987724.6470672651
RET-03795,10000.0,5610000.0,323853.47175659303
RET-03796,7000.0,8470000.0,113337.23890536955
RET-03797,12000.0,1980000.0,291776.8965594739
RET-03798,14000.0,9390000.0,223913.9266884902
RET-03799,2000.0,2760000.0,39900.79792713559
RET-03800,18000.0,7020000.0,314900.16378918674
RET-03801,7000.0,3610000.0,164644.5055832543
RET-03802,8000.0,9790000.0,198162.49446308552
RET-03803,3000.0,6380000.0,71542.71674764533
RET-03804,48000.0,12530000.0,555465.8512368178
RET-03805,19000.0,8380000.0,381139.4566903999
RET-03806,9000.0,1600000.0,166680.79580196014
RET-03807,7000.0,1110000.0,149140.64491067867
RET-03808,13000.0,1540000.0,288864.58416103356
RET-03809,9000.0,6810000.0,311723.6144502592
RET-03810,69000.0,18270000.0,1019971.7575541158
RET-03811,22000.0,10950000.0,755320.4182989387
RET-03812,12000.0,1910000.0,306353.97789844614
RET-03813,10000.0,3070000.0,353639.7536007966
RET-03814,3000.0,3890000.0,46409.63023318167
RET-03815,24000.0,2310000.0,555332.0852061671
RET-03816,12000.0,5090000.0,344234.4367814412
RET-03817,9000.0,1210000.0,222143.36490141688
RET-03818,13000.0,1610000.0,180312.5119116032
RET-03819,6000.0,5880000.0,106129.46571559198
RET-03820,6000.0,3430000.0,113614.99323874188
RET-03821,8000.0,2580000.0,218328.3330212466
RET-03822,8000.0,2120000.0,242662.7570726735
RET-03823,9000.0,4010000.0,242872.73098166872
RET-03824,27000.0,2280000.0,501635.4811001598
RET-03825,11000.0,3870000.0,287321.1491679436
RET-03826,21000.0,3380000.0,227050.80318143283
RET-03827,37000.0,8300000.0,892947.5869557736
RET-03828,6000.0,8490000.0,141332.0424274163
RET-03829,18000.0,2070000.0,264071.4948952441
RET-03830,7000.0,5580000.0,194630.21915553123
RET-03831,23000.0,6820000.0,765738.357802884
RET-03832,2000.0,12060000.0,47129.43657138315
RET-03833,5000.0,8500000.0,118430.75542850823
RET-03834,8000.0,2590000.0,127930.28832792024
RET-03835,29000.0,1870000.0,983183.2312294433
RET-03836,10000.0,3530000.0,320180.8465430525
RET-03837,14000.0,2540000.0,310018.22497987514
RET-03838,74000.0,20800000.0,953155.794603761
RET-03839,8000.0,5020000.0,278169.31007546425
RET-03840,5000.0,3730000.0,118731.21502341362
RET-03841,20000.0,7640000.0,329564.60559886403
RET-03842,26000.0,5140000.0,614359.2725292174
RET-03843,3000.0,3740000.0,55471.98917628831
RET-03844,14000.0,5210000.0,418833.1507999642
RET-03845,11000.0,3730000.0,260749.1013913395
RET-03846,9000.0,9500000.0,298568.92507218657
RET-03847,10000.0,7910000.0,279393.46343180136
RET-03848,7000.0,2010000.0,181261.41100456397
RET-03849,1000.0,5010000.0,30189.228229421886
RET-03850,26000.0,4280000.0,385481.2248892717
RET-03851,0.0,4780000.0,0.0
RET-03852,11000.0,6970000.0,307130.1360577244
RET-03853,3000.0,3430000.0,63437.670723737916
RET-03854,15000.0,4590000.0,212613.1029733704
RET-03855,1000.0,2910000.0,15605.873480207545
RET-03856,9000.0,1740000.0,185214.1944614966
RET-03857,7000.0,980000.0,223592.89812455064
RET-03858,12000.0,4130000.0,217235.07101665472
RET-03859,7000.0,5780000.0,74672.44580406357
RET-03860,27000.0,10560000.0,594141.7291321056
RET-03861,3000.0,1510000.0,65077.36694488236
RET-03862,11000.0,4600000.0,333238.6199175011
RET-03863,22000.0,8570000.0,375978.9206481195
RET-03864,30000.0,2680000.0,464070.84268716385
RET-03865,14000.0,4600000.0,437329.7793442922
RET-03866,74000.0,14450000.0,2622708.483565953
RET-03867,2000.0,3680000.0,49494.358447013336
RET-03868,16000.0,7390000.0,495320.43647289707
RET-03869,8000.0,5750000.0,92660.17617605078
RET-03870,16000.0,4650000.0,348675.5663489663
RET-03871,7000.0,11620000.0,151674.6453532634
RET-03872,2000.0,1870000.0,21627.03968262296
RET-03873,12000.0,3550000.0,328989.4976977441
RET-03874,17000.0,4830000.0,340805.6823152288
RET-03875,15000.0,4440000.0,359965.5426203679
RET-03876,16000.0,5960000.0,221350.45080140542
RET-03877,13000.0,3630000.0,340789.0526253379
RET-03878,16000.0,4760000.0,227148.68716800728
RET-03879,66000.0,15630000.0,1647528.7804144686
RET-03880,11000.0,4030000.0,310380.06972722313
RET-03881,12000.0,3760000.0,347192.4673083151
RET-03882,13000.0,2820000.0,235902.057785106
RET-03883,1000.0,2390000.0,21751.87973955829
RET-03884,10000.0,4260000.0,247683.63563271266
RET-03885,17000.0,4070000.0,549213.6255394111
RET-03886,2000.0,5640000.0,68736.33140774374
RET-03887,21000.0,6680000.0,708888.5778446614
RET-03888,13000.0,6260000.0,424010.4535067535
RET-03889,3000.0,1840000.0,32747.490932568315
RET-03890,16000.0,6210000.0,378035.04783196223
RET-03891,15000.0,5060000.0,404817.023942297
RET-03892,16000.0,8740000.0,404014.0624472756
RET-03893,15000.0,1530000.0,454831.3568980387
RET-03894,22000.0,4130000.0,745947.1522027721
RET-03895,12000.0,2110000.0,121197.06323331066
RET-03896,7000.0,2390000.0,153245.54963955193
RET-03897,12000.0,4080000.0,240555.7655847875
RET-03898,0.0,7200000.0,0.0
RET-03899,27000.0,1890000.0,325311.4914970374
RET-03900,0.0,2390000.0,0.0
RET-03901,9000.0,1400000.0,188424.5915892585
RET-03902,5000.0,2800000.0,164540.97815562724
RET-03903,43000.0,7630000.0,567720.4857149906
RET-03904,5000.0,1060000.0,151317.75398501393
RET-03905,6000.0,5040000.0,200824.81140881914
RET-03906,18000.0,4550000.0,466476.8209596957
RET-03907,16000.0,9890000.0,224723.16648033852
RET-03908,10000.0,4560000.0,269794.16713703476
RET-03909,26000.0,10600000.0,459502.34725943755
RET-03910,41000.0,15140000.0,1025604.0479210974
RET-03911,50000.0,19120000.0,1247299.1483333209
RET-03912,0.0,3350000.0,0.0
RET-03913,13000.0,1590000.0,359438.0529839742
RET-03914,46000.0,8000000.0,470897.7211278968
RET-03915,33000.0,6290000.0,431047.4828041112
RET-03916,10000.0,5360000.0,152665.676083545
RET-03917,10000.0,1430000.0,335648.66446668655
RET-03918,12000.0,1450000.0,178787.54124025375
RET-03919,8000.0,790000.0,112260.25727504023
RET-03920,16000.0,1390000.0,402321.97361020214
RET-03921,3000.0,1960000.0,83534.06286733478
RET-03922,23000.0,6850000.0,624433.0623433904
RET-03923,60000.0,4940000.0,1177840.0756026616
RET-03924,10000.0,4900000.0,334062.7646184879
RET-03925,12000.0,1780000.0,159683.8079469037
RET-03926,7000.0,12350000.0,242502.61213554276
RET-03927,6000.0,7450000.0,187902.71360236974
RET-03928,17000.0,6480000.0,475515.8391748992
RET-03929,3000.0,4900000.0,36156.78937821498
RET-03930,5000.0,3360000.0,169459.21405558044
RET-03931,11000.0,5720000.0,116969.39327067323
RET-03932,46000.0,7340000.0,1068360.3627233019
RET-03933,14000.0,2440000.0,451912.2107227135
RET-03934,27000.0,1770000.0,411261.8960439415
RET-03935,11000.0,3220000.0,163004.38588840622
RET-03936,3000.0,4460000.0,51295.26740352539
RET-03937,25000.0,11220000.0,395082.2547150962
RET-03938,5000.0,1760000.0,94441.32358974898
RET-03939,14000.0,1230000.0,152183.39540961373
RET-03940,29000.0,7580000.0,661994.102362509
RET-03941,4000.0,8530000.0,137918.6080448057
RET-03942,11000.0,750000.0,209769.52236791514
RET-03943,39000.0,10690000.0,410563.8009169269
RET-03944,29000.0,5680000.0,938751.9506131135
RET-03945,31000.0,8680000.0,503733.3815014145
RET-03946,13000.0,1790000.0,420558.8875813978
RET-03947,48000.0,23010000.0,1146950.9995636863
RET-03948,8000.0,3520000.0,160656.64697854055
RET-03949,23000.0,3350000.0,550709.4805402998
RET-03950,44000.0,2520000.0,1483011.8143420795
RET-03951,19000.0,3700000.0,455096.8782022334
RET-03952,16000.0,6800000.0,556243.9175830877
RET-03953,63000.0,18890000.0,1225941.580364835
RET-03954,13000.0,5940000.0,344314.4743917658
RET-03955,6000.0,4350000.0,89746.26635719044
RET-03956,8000.0,5760000.0,154618.07822543682
RET-03957,28000.0,3270000.0,793726.7965458402
RET-03958,18000.0,3350000.0,644206.9680402133
RET-03959,22000.0,7670000.0,385648.50439861236
RET-03960,23000.0,6560000.0,297492.2316000661
RET-03961,34000.0,12190000.0,902184.9596803542
RET-03962,8000.0,2400000.0,147049.89444783708
RET-03963,32000.0,7400000.0,1144499.1959882963
RET-03964,9000.0,22420000.0,148308.55688580137
RET-03965,16000.0,3380000.0,380485.90667658905
RET-03966,30000.0,10510000.0,425596.2511950719
RET-03967,2000.0,1610000.0,22702.618789070493
RET-03968,8000.0,710000.0,251371.52193452296
RET-03969,7000.0,2280000.0,119109.7050654439
RET-03970,30000.0,2310000.0,662770.1688661146
RET-03971,30000.0,14260000.0,321639.30702243105
RET-03972,25000.0,10940000.0,872864.991273542
RET-03973,8000.0,2110000.0,92153.11718181394
RET-03974,33000.0,8510000.0,837095.8633426854
RET-03975,34000.0,9790000.0,1081989.4125060502
RET-03976,16000.0,5530000.0,231895.25147667446
RET-03977,7000.0,1820000.0,236645.86429696303
RET-03978,50000.0,7630000.0,789570.7495723377
RET-03979,11000.0,1550000.0,295085.2301760164
RET-03980,3000.0,11690000.0,90888.42491231444
RET-03981,13000.0,3700000.0,149318.34740503284
RET-03982,15000.0,1770000.0,185028.43412620126
RET-03983,7000.0,1510000.0,116517.25249532252
RET-03984,24000.0,20860000.0,261164.96857517542
RET-03985,17000.0,2500000.0,295962.9253673288
RET-03986,9000.0,6940000.0,240318.45750830777
RET-03987,9000.0,2520000.0,317319.1769494818
RET-03988,92000.0,6460000.0,3237978.552345138
RET-03989,14000.0,2360000.0,278773.4809553764
RET-03990,11000.0,2100000.0,216409.28675760594
RET-03991,9000.0,5800000.0,254079.09530952908
RET-03992,11000.0,7630000.0,127583.84446078671
RET-03993,5000.0,2990000.0,113505.68655805435
RET-03994,6000.0,4970000.0,134498.99918602617
RET-03995,56000.0,16870000.0,1326080.3267075268
RET-03996,22000.0,5880000.0,400771.55605576513
RET-03997,7000.0,1820000.0,126627.3189352631
RET-03998,4000.0,6670000.0,46939.082154739575
RET-03999,7000.0,3230000.0,91712.39865364436
RET-04000,7000.0,4250000.0,191463.440788952
RET-04001,19000.0,7610000.0,487205.789239367
RET-04002,16000.0,5130000.0,461648.17111692333
RET-04003,4000.0,2200000.0,136058.87503836158
RET-04004,16000.0,1930000.0,182876.08666197435
RET-04005,17000.0,8410000.0,290950.2180500091
RET-04006,11000.0,1220000.0,342272.83333352616
RET-04007,6000.0,1610000.0,202304.48062418404
RET-04008,1000.0,7320000.0,18241.76639327647
RET-04009,11000.0,7130000.0,314501.10173098015
RET-04010,5000.0,1090000.0,91384.00328076677
RET-04011,2000.0,3600000.0,49905.64471348701
RET-04012,21000.0,1720000.0,361353.4886703956
RET-04013,8000.0,4720000.0,227697.99031767328
RET-04014,10000.0,3990000.0,286649.93614733766
RET-04015,43000.0,12500000.0,849400.4307381931
RET-04016,4000.0,1530000.0,102564.69511011361
RET-04017,20000.0,11330000.0,372223.03542412666
RET-04018,6000.0,2160000.0,100007.83290809393
RET-04019,30000.0,3340000.0,1064758.5332337087
RET-04020,9000.0,940000.0,293532.2098643884
RET-04021,32000.0,2040000.0,655317.8886832866
RET-04022,10000.0,4280000.0,133208.9114658772
RET-04023,46000.0,14750000.0,1401470.4312891283
RET-04024,30000.0,7040000.0,346578.96402782144
RET-04025,10000.0,1610000.0,321016.92187933286
RET-04026,4000.0,2290000.0,72543.83154723735
RET-04027,19000.0,1170000.0,388691.5040128321
RET-04028,34000.0,4920000.0,601443.3115102791
RET-04029,48000.0,16760000.0,798605.7159181694
RET-04030,6000.0,1600000.0,166187.12692196606
RET-04031,15000.0,2370000.0,240303.48606679804
RET-04032,19000.0,7020000.0,481152.4198396466
RET-04033,18000.0,7220000.0,586855.8653792649
RET-04034,43000.0,13810000.0,1242459.716871678
RET-04035,16000.0,6820000.0,538149.5887498045
RET-04036,0.0,3930000.0,0.0
RET-04037,13000.0,3460000.0,154508.3222074861
RET-04038,40000.0,4800000.0,830209.3632190531
RET-04039,12000.0,9640000.0,407520.01867662166
RET-04040,27000.0,13720000.0,755112.9687971779
RET-04041,35000.0,23940000.0,1153019.642245255
RET-04042,5000.0,1540000.0,154080.15519228278
RET-04043,43000.0,11340000.0,1389397.5985829788
RET-04044,19000.0,11210000.0,225388.62870742055
RET-04045,12000.0,7790000.0,301117.21521737915
RET-04046,26000.0,8820000.0,909864.5454906895
RET-04047,24000.0,8160000.0,475603.84810492204
RET-04048,14000.0,4490000.0,330908.6106507022
RET-04049,40000.0,14000000.0,466418.93248786766
RET-04050,0.0,12490000.0,0.0
RET-04051,27000.0,3060000.0,563533.2912207119
RET-04052,17000.0,1670000.0,265905.2391349977
RET-04053,19000.0,5180000.0,273071.978887797
RET-04054,17000.0,2200000.0,604604.3737229172
RET-04055,20000.0,14530000.0,357312.906583301
RET-04056,2000.0,3650000.0,55142.57449367407
RET-04057,40000.0,2910000.0,1161877.7279420071
RET-04058,42000.0,3730000.0,743807.6107183474
RET-04059,12000.0,1880000.0,162606.49809948567
RET-04060,17000.0,9000000.0,567735.2108590823
RET-04061,51000.0,4190000.0,1419408.5294300027
RET-04062,16000.0,2980000.0,174225.8571823477
RET-04063,23000.0,3530000.0,538246.9752947029
RET-04064,3000.0,13840000.0,67929.36543663652
RET-04065,8000.0,4000000.0,98590.12245418035
RET-04066,11000.0,1400000.0,335989.0465248577
RET-04067,27000.0,3360000.0,552635.5416708157
RET-04068,1000.0,1050000.0,14110.693336800598
RET-04069,6000.0,1760000.0,75877.1537091217
RET-04070,1000.0,1540000.0,26257.27566956638
RET-04071,1000.0,9470000.0,20443.72562993471
RET-04072,20000.0,3850000.0,274313.1572540118
RET-04073,10000.0,8550000.0,234790.47267245754
RET-04074,10000.0,5190000.0,144584.6146547828
RET-04075,3000.0,2900000.0,58757.17857181398
RET-04076,18000.0,5700000.0,504620.32931534766
RET-04077,15000.0,6700000.0,154886.84070565552
RET-04078,24000.0,6640000.0,611659.9332048695
RET-04079,5000.0,4870000.0,116225.26487582352
RET-04080,2000.0,8210000.0,56984.6717629026
RET-04081,8000.0,2620000.0,285661.5704649644
RET-04082,7000.0,890000.0,234872.45233794517
RET-04083,8000.0,3260000.0,176004.6337276165
RET-04084,25000.0,6760000.0,398540.74520087417
RET-04085,11000.0,4010000.0,126858.3652478755
RET-04086,18000.0,3310000.0,645420.0965282392
RET-04087,24000.0,4510000.0,717745.0184590307
RET-04088,12000.0,3010000.0,292680.23951424874
RET-04089,13000.0,2310000.0,326237.20253285335
RET-04090,41000.0,10810000.0,1380866.362444038
RET-04091,17000.0,5850000.0,241283.0590109847
RET-04092,2000.0,12150000.0,61886.53318687556
RET-04093,14000.0,6580000.0,459148.12604301015
RET-04094,6000.0,7080000.0,90628.45044243417
RET-04095,5000.0,1230000.0,135393.06590392982
RET-04096,15000.0,1380000.0,264528.80073124537
RET-04097,0.0,2500000.0,0.0
RET-04098,9000.0,2880000.0,131501.07508734855
RET-04099,32000.0,7030000.0,1038036.8924320076
RET-04100,14000.0,2470000.0,360749.74967524107
RET-04101,7000.0,4240000.0,171225.93017475435
RET-04102,25000.0,12320000.0,251065.1151660693
RET-04103,17000.0,5020000.0,256122.1423522891
RET-04104,22000.0,2820000.0,600058.1991888022
RET-04105,9000.0,830000.0,201187.6187457978
RET-04106,7000.0,2890000.0,116320.93932634385
RET-04107,75000.0,19990000.0,1969922.3764077588
RET-04108,47000.0,7140000.0,549381.1802032088
RET-04109,11000.0,1600000.0,170827.89746055458
RET-04110,4000.0,8730000.0,99946.34505517593
RET-04111,13000.0,3650000.0,386026.59325251344
RET-04112,59000.0,18610000.0,1284241.462647709
RET-04113,3000.0,2790000.0,44439.4266994238
RET-04114,14000.0,7300000.0,177740.67195484196
RET-04115,10000.0,4950000.0,207917.1767378703
RET-04116,14000.0,2530000.0,371772.3592150568
RET-04117,5000.0,1530000.0,119842.27448425024
RET-04118,14000.0,2750000.0,210813.73892453875
RET-04119,3000.0,1120000.0,100662.22420465732
RET-04120,0.0,1190000.0,0.0
RET-04121,20000.0,2000000.0,404152.1412863159
RET-04122,7000.0,2820000.0,198673.0376316101
RET-04123,15000.0,4020000.0,234232.12717704376
RET-04124,13000.0,7310000.0,267454.8119718323
RET-04125,8000.0,2950000.0,246820.83831151586
RET-04126,13000.0,4780000.0,426324.31430948916
RET-04127,17000.0,4420000.0,194927.77260551404
RET-04128,42000.0,11700000.0,1074724.8615114265
RET-04129,9000.0,3020000.0,177793.04884002634
RET-04130,5000.0,1810000.0,118782.57270638671
RET-04131,24000.0,7500000.0,483223.3944201811
RET-04132,12000.0,1030000.0,243807.7846746797
RET-04133,13000.0,7030000.0,359562.28116940096
RET-04134,6000.0,3670000.0,175696.42369677845
RET-04135,4000.0,1790000.0,58601.2287172258
RET-04136,6000.0,1060000.0,84719.39445749205
RET-04137,24000.0,9400000.0,766625.2648832344
RET-04138,13000.0,3730000.0,231719.3394796728
RET-04139,21000.0,1090000.0,548020.3111825094
RET-04140,18000.0,2030000.0,538250.6309943959
RET-04141,29000.0,13230000.0,878518.6964540235
RET-04142,8000.0,9910000.0,237553.472729819
RET-04143,7000.0,1450000.0,136374.27273850446
RET-04144,8000.0,2730000.0,277692.59770579956
RET-04145,40000.0,7360000.0,1023315.0834732993
RET-04146,9000.0,3430000.0,200548.071579053
RET-04147,21000.0,2410000.0,469216.07701232436
RET-04148,6000.0,2100000.0,72253.52490722218
RET-04149,43000.0,4770000.0,492090.40580888995
RET-04150,28000.0,17900000.0,330203.02564740897
RET-04151,2000.0,3170000.0,34811.138282556996
RET-04152,3000.0,6230000.0,90484.94755587938
RET-04153,9000.0,2400000.0,140340.79054054327
RET-04154,22000.0,15100000.0,726062.9512888186
RET-04155,2000.0,7130000.0,26858.69242861331
RET-04156,20000.0,4310000.0,332214.7928616094
RET-04157,31000.0,7430000.0,753100.4766930116
RET-04158,14000.0,1650000.0,303373.390393503
RET-04159,17000.0,5650000.0,533872.7334512436
RET-04160,6000.0,710000.0,169958.45151963356
RET-04161,16000.0,13820000.0,227574.81665349178
RET-04162,9000.0,2960000.0,192165.1426217285
RET-04163,50000.0,13580000.0,1221629.9513314185
RET-04164,20000.0,5890000.0,703151.4421405109
RET-04165,19000.0,5680000.0,229317.68947086285
RET-04166,1000.0,4280000.0,25729.224351004155
RET-04167,16000.0,6410000.0,216838.873191014
RET-04168,1000.0,2110000.0,32238.6903050244
RET-04169,20000.0,5230000.0,482826.40837153676
RET-04170,24000.0,7470000.0,370990.188698077
RET-04171,20000.0,8440000.0,503605.0454615109
RET-04172,7000.0,1660000.0,130561.73850577441
RET-04173,29000.0,15840000.0,482359.5224745362
RET-04174,9000.0,1300000.0,92232.67806415525
RET-04175,8000.0,1820000.0,220257.0424831337
RET-04176,11000.0,4260000.0,220531.5327500745
RET-04177,8000.0,3330000.0,260244.83538394724
RET-04178,7000.0,830000.0,248128.70862803367
RET-04179,6000.0,3820000.0,129753.06963622585
RET-04180,7000.0,8520000.0,146744.44496834712
RET-04181,58000.0,12240000.0,1600704.1043781668
RET-04182,9000.0,2210000.0,196952.18197954595
RET-04183,6000.0,5990000.0,79925.3723795858
RET-04184,15000.0,3240000.0,240751.5377318227
RET-04185,8000.0,670000.0,130509.15032454918
RET-04186,10000.0,4170000.0,330617.86218413233
RET-04187,11000.0,6480000.0,215106.70508092153
RET-04188,13000.0,7150000.0,447465.43453497405
RET-04189,22000.0,2330000.0,368917.0954109199
RET-04190,13000.0,2980000.0,447808.9973745
RET-04191,2000.0,620000.0,39095.89039387377
RET-04192,2000.0,7370000.0,52509.199086987064
RET-04193,20000.0,4410000.0,421783.54664758587
RET-04194,52000.0,4470000.0,705465.895051798
RET-04195,12000.0,1990000.0,378435.7726875672
RET-04196,31000.0,4660000.0,717630.649258768
RET-04197,40000.0,9140000.0,707250.5813408484
RET-04198,8000.0,11500000.0,282373.8967001109
RET-04199,14000.0,2670000.0,195190.49709692548
RET-04200,3000.0,5160000.0,45494.512911982696
RET-04201,3000.0,780000.0,98809.05497762309
RET-04202,0.0,7030000.0,0.0
RET-04203,14000.0,1180000.0,470309.70738658914
RET-04204,14000.0,9280000.0,405294.13208987995
RET-04205,0.0,1700000.0,0.0
RET-04206,9000.0,7040000.0,307062.1717804233
RET-04207,14000.0,12680000.0,234184.78817176982
RET-04208,32000.0,4790000.0,619453.088237499
RET-04209,29000.0,5050000.0,810307.3889852876
RET-04210,16000.0,3880000.0,262939.673904478
RET-04211,23000.0,4980000.0,261099.93201397263
RET-04212,20000.0,3940000.0,316687.0229506608
RET-04213,4000.0,1900000.0,41979.20435456649
RET-04214,29000.0,2610000.0,912489.8189872735
RET-04215,11000.0,1830000.0,134917.68935912693
RET-04216,13000.0,2860000.0,452741.47069069813
RET-04217,1000.0,13520000.0,34203.45455962766
RET-04218,11000.0,2480000.0,111920.5286974107
RET-04219,16000.0,4950000.0,350531.7393230266
RET-04220,25000.0,3100000.0,705334.8920659055
RET-04221,10000.0,1850000.0,102054.70297953738
RET-04222,14000.0,2770000.0,334347.9013960517
RET-04223,36000.0,20430000.0,623808.6542045218
RET-04224,10000.0,2600000.0,240294.797123587
RET-04225,18000.0,9120000.0,471815.0577516839
RET-04226,3000.0,4100000.0,107166.4619951999
RET-04227,29000.0,4620000.0,400543.35142977163
RET-04228,10000.0,2220000.0,154996.55666822073
RET-04229,4000.0,3030000.0,90717.56411468785
RET-04230,30000.0,8550000.0,503700.4222858206
RET-04231,3000.0,4840000.0,71677.39581668189
RET-04232,14000.0,2310000.0,472556.8693489549
RET-04233,21000.0,4580000.0,735271.7598687744
RET-04234,6000.0,8350000.0,102428.36150890483
RET-04235,7000.0,2410000.0,215454.86300050185
RET-04236,3000.0,1740000.0,105533.17548767813
RET-04237,18000.0,5520000.0,340913.9660952435
RET-04238,5000.0,2750000.0,160159.71820500397
RET-04239,4000.0,2270000.0,67925.39318922392
RET-04240,82000.0,13390000.0,1485802.145750854
RET-04241,71000.0,18700000.0,2067191.5628996443
RET-04242,18000.0,950000.0,473578.0444801489
RET-04243,51000.0,5060000.0,1335488.6359968374
RET-04244,26000.0,9910000.0,520529.42856413213
RET-04245,15000.0,8230000.0,411291.17653113644
RET-04246,19000.0,4780000.0,478218.0396704251
RET-04247,26000.0,8940000.0,297317.8937134879
RET-04248,35000.0,9480000.0,1030410.626164203
RET-04249,31000.0,8160000.0,629008.6737334188
RET-04250,1000.0,950000.0,25282.564850617335
RET-04251,33000.0,15650000.0,515208.4603308727
RET-04252,8000.0,19420000.0,232662.67939535106
RET-04253,9000.0,1030000.0,277337.67416336335
RET-04254,33000.0,10820000.0,1059534.6900183866
RET-04255,71000.0,26930000.0,1669364.727841129
RET-04256,26000.0,6490000.0,902062.8689583768
RET-04257,53000.0,5390000.0,1587073.402488438
RET-04258,5000.0,1800000.0,105952.28447371176
RET-04259,21000.0,2540000.0,656703.3832134047
RET-04260,28000.0,9200000.0,464864.2218644064
RET-04261,24000.0,4390000.0,398252.29243536375
RET-04262,9000.0,1590000.0,163943.82340277848
RET-04263,2000.0,2420000.0,32454.613492968456
RET-04264,21000.0,5150000.0,405768.53065534704
RET-04265,20000.0,3640000.0,514776.993327728
RET-04266,9000.0,4640000.0,154233.5165002837
RET-04267,9000.0,5890000.0,257236.22478700028
RET-04268,14000.0,6580000.0,360136.7255239856
RET-04269,2000.0,940000.0,56247.64188947049
RET-04270,11000.0,4780000.0,243245.23762593546
RET-04271,1000.0,2890000.0,34092.24688236918
RET-04272,5000.0,8910000.0,96397.60209322775
RET-04273,7000.0,4680000.0,189734.28811363652
RET-04274,2000.0,2980000.0,47727.80126173798
RET-04275,36000.0,13380000.0,1227612.9159175663
RET-04276,3000.0,2000000.0,67423.97631237122
RET-04277,40000.0,5870000.0,1427719.7030239997
RET-04278,3000.0,2260000.0,52402.85968281218
RET-04279,34000.0,8310000.0,1091319.438803509
RET-04280,15000.0,5740000.0,534668.5993945054
RET-04281,2000.0,2270000.0,27644.420657300016
RET-04282,43000.0,7790000.0,832000.7706823504
RET-04283,12000.0,6280000.0,340350.2686480401
RET-04284,54000.0,3570000.0,1797556.0724985115
RET-04285,36000.0,4540000.0,1058359.1773472216
RET-04286,4000.0,2340000.0,51339.97393211848
RET-04287,5000.0,2010000.0,121667.1986713889
RET-04288,27000.0,5140000.0,518116.57723056024
RET-04289,16000.0,5580000.0,202877.83161523205
RET-04290,16000.0,2010000.0,437886.76095585973
RET-04291,23000.0,4440000.0,461547.6187969996
RET-04292,41000.0,7530000.0,410325.94471106486
RET-04293,10000.0,1960000.0,141672.56460572963
RET-04294,9000.0,5390000.0,301064.10637702997
RET-04295,17000.0,6320000.0,540569.8124832432
RET-04296,17000.0,7920000.0,584289.8780822766
RET-04297,68000.0,13500000.0,1510746.5459886447
RET-04298,12000.0,6330000.0,334651.1015235992
RET-04299,6000.0,8400000.0,146221.50515290545
RET-04300,32000.0,9730000.0,768378.9622013429
RET-04301,14000.0,6320000.0,241009.10233126764
RET-04302,16000.0,8520000.0,517190.6783352939
RET-04303,35000.0,8450000.0,525643.2214797079
RET-04304,22000.0,2360000.0,586774.2926942031
RET-04305,24000.0,2880000.0,825555.4150131091
RET-04306,10000.0,4680000.0,280252.02404438
RET-04307,8000.0,5390000.0,209738.8253366142
RET-04308,38000.0,14360000.0,701850.63391901
RET-04309,8000.0,3960000.0,176255.29755336395
RET-04310,2000.0,1100000.0,23158.111513123764
RET-04311,14000.0,6360000.0,154779.03234043374
RET-04312,45000.0,10440000.0,454535.8344747206
RET-04313,11000.0,9650000.0,216301.83472715144
RET-04314,1000.0,850000.0,10169.318310249195
RET-04315,42000.0,12220000.0,1180953.148449702
RET-04316,7000.0,17870000.0,206761.34242638716
RET-04317,13000.0,3310000.0,310769.7147201098
RET-04318,18000.0,7680000.0,354826.1407864153
RET-04319,3000.0,2690000.0,31225.17719980565
RET-04320,6000.0,25080000.0,192713.6246967227
RET-04321,0.0,2640000.0,0.0
RET-04322,18000.0,2200000.0,286085.3704143728
RET-04323,30000.0,8750000.0,656451.8919152451
RET-04324,6000.0,4610000.0,212551.67809082972
RET-04325,7000.0,3770000.0,196575.19713914295
RET-04326,9000.0,2100000.0,157356.3962048867
RET-04327,66000.0,8760000.0,1210368.8536002475
RET-04328,4000.0,1280000.0,136811.78047505012
RET-04329,13000.0,5480000.0,285675.45053989626
RET-04330,3000.0,2160000.0,47886.47374996508
RET-04331,17000.0,9120000.0,411743.04899544973
RET-04332,42000.0,13280000.0,1215805.1545852977
RET-04333,19000.0,4920000.0,435042.530028059
RET-04334,8000.0,7000000.0,139460.30139990157
RET-04335,5000.0,3530000.0,132786.67166771163
RET-04336,8000.0,810000.0,226486.77451022097
RET-04337,21000.0,7810000.0,524068.1511937601
RET-04338,13000.0,13440000.0,215654.26927878452
RET-04339,11000.0,930000.0,125605.65513545994
RET-04340,20000.0,6950000.0,312341.9844674209
RET-04341,54000.0,13410000.0,1088331.5166242158
RET-04342,13000.0,1480000.0,375903.8432225205
RET-04343,5000.0,3660000.0,170535.4798135673
RET-04344,7000.0,1880000.0,193722.05762188206
RET-04345,10000.0,6560000.0,101588.72505278328
RET-04346,16000.0,4860000.0,419548.0677634525
RET-04347,1000.0,8050000.0,12468.922633314114
RET-04348,3000.0,1980000.0,92755.45158626429
RET-04349,4000.0,5690000.0,72967.41857387527
RET-04350,36000.0,4790000.0,605322.805789961
RET-04351,6000.0,4080000.0,138101.44009272277
RET-04352,15000.0,6310000.0,341085.8323877006
RET-04353,23000.0,8640000.0,335385.53110691014
RET-04354,1000.0,7710000.0,32881.77874962258
RET-04355,32000.0,4690000.0,1116051.1076278049
RET-04356,20000.0,3010000.0,305853.42202170665
RET-04357,1000.0,5570000.0,16958.571313135024
RET-04358,62000.0,17640000.0,705096.9469142436
RET-04359,1000.0,5820000.0,21100.82558109127
RET-04360,9000.0,3420000.0,171297.77829277975
RET-04361,7000.0,890000.0,123904.26926144923
RET-04362,7000.0,2930000.0,236466.62309025627
RET-04363,2000.0,5700000.0,36126.215919338916
RET-04364,35000.0,8200000.0,682524.8638560778
RET-04365,9000.0,3190000.0,185786.31268763225
RET-04366,20000.0,7400000.0,374977.071954239
RET-04367,1000.0,3380000.0,27160.309381454634
RET-04368,49000.0,8060000.0,1679227.220982328
RET-04369,18000.0,2320000.0,207052.32143255218
RET-04370,20000.0,7160000.0,233106.068559669
RET-04371,15000.0,3800000.0,539765.6226049806
RET-04372,12000.0,3500000.0,360777.15784782055
RET-04373,11000.0,1740000.0,216533.7504070935
RET-04374,33000.0,4160000.0,775085.6450031796
RET-04375,7000.0,1900000.0,211424.33888357744
RET-04376,2000.0,2190000.0,25143.615217913386
RET-04377,22000.0,1650000.0,412199.384023063
RET-04378,41000.0,7710000.0,1201088.0435052244
RET-04379,1000.0,10430000.0,26866.049520552613
RET-04380,0.0,2430000.0,0.0
RET-04381,19000.0,8990000.0,387244.73319509585
RET-04382,15000.0,6690000.0,521876.48905547376
RET-04383,5000.0,16000000.0,150980.99355224095
RET-04384,1000.0,3290000.0,35361.95263348627
RET-04385,25000.0,6430000.0,579474.5736546149
RET-04386,22000.0,3520000.0,565095.700212724
RET-04387,4000.0,2300000.0,112129.63990855734
RET-04388,86000.0,13360000.0,1753847.3708419923
RET-04389,35000.0,8420000.0,684455.1770435194
RET-04390,20000.0,1690000.0,208742.27851329668
RET-04391,1000.0,5810000.0,19652.334940739293
RET-04392,45000.0,11830000.0,715630.0352086346
RET-04393,4000.0,5900000.0,79997.1611245854
RET-04394,30000.0,6490000.0,590235.5005292766
RET-04395,105000.0,26430000.0,1770511.1264518641
RET-04396,4000.0,3490000.0,127322.49840471408
RET-04397,8000.0,8100000.0,279909.787548632
RET-04398,22000.0,8800000.0,528134.9645528358
RET-04399,14000.0,4870000.0,463234.64740155137
RET-04400,20000.0,1160000.0,624176.1854479308
RET-04401,3000.0,3270000.0,102509.67853443851
RET-04402,31000.0,6140000.0,1056996.9472326594
RET-04403,22000.0,4050000.0,250869.60547478512
RET-04404,6000.0,490000.0,95815.01070780843
RET-04405,5000.0,3450000.0,123621.80825617285
RET-04406,13000.0,4110000.0,366100.4141758365
RET-04407,7000.0,3150000.0,226929.17405014453
RET-04408,27000.0,9560000.0,312021.35251653555
RET-04409,2000.0,1890000.0,23985.224522053613
RET-04410,17000.0,1500000.0,250814.20369166732
RET-04411,4000.0,31670000.0,128354.75323957474
RET-04412,30000.0,13830000.0,541209.2187051461
RET-04413,0.0,4560000.0,0.0
RET-04414,74000.0,25580000.0,2277488.9791890173
RET-04415,6000.0,1950000.0,89997.39042794178
RET-04416,14000.0,3520000.0,185816.1874878861
RET-04417,10000.0,2310000.0,190346.1819824139
RET-04418,36000.0,9900000.0,1036915.5569556414
RET-04419,59000.0,14030000.0,850945.2793788762
RET-04420,42000.0,7080000.0,959738.0419548646
RET-04421,44000.0,8300000.0,844704.3939700997
RET-04422,10000.0,2120000.0,101621.37622590893
RET-04423,34000.0,32690000.0,638157.4078225868
RET-04424,12000.0,6540000.0,271460.02829253074
RET-04425,67000.0,11670000.0,1026505.9855905079
RET-04426,62000.0,4320000.0,985494.8602041608
RET-04427,22000.0,7910000.0,279841.3564202068
RET-04428,2000.0,5810000.0,34973.00595614933
RET-04429,9000.0,8750000.0,236557.81970704906
RET-04430,3000.0,1350000.0,86626.58774279717
RET-04431,4000.0,8410000.0,137534.02356895964
RET-04432,6000.0,570000.0,193447.5498186093
RET-04433,1000.0,2280000.0,12797.150641308817
RET-04434,33000.0,17340000.0,971261.7686497166
RET-04435,10000.0,5590000.0,240052.65110310176
RET-04436,3000.0,2060000.0,72128.16187307116
RET-04437,6000.0,1690000.0,108378.37578475346
RET-04438,19000.0,2000000.0,421328.0929137621
RET-04439,12000.0,8030000.0,343771.01804998727
RET-04440,6000.0,10070000.0,178974.5597627443
RET-04441,13000.0,6440000.0,282204.7316960454
RET-04442,14000.0,4110000.0,396695.1313461124
RET-04443,21000.0,2810000.0,597310.1732992113
RET-04444,41000.0,4180000.0,1382301.2303183752
RET-04445,1000.0,2270000.0,21058.735097009205
RET-04446,13000.0,15620000.0,209954.56852294304
RET-04447,7000.0,11200000.0,133206.67476510807
RET-04448,43000.0,10290000.0,901025.4856515193
RET-04449,10000.0,10910000.0,151111.41811506407
RET-04450,42000.0,13030000.0,547614.4656670641
RET-04451,14000.0,2830000.0,472394.3359096021
RET-04452,39000.0,5940000.0,686062.3487768434
RET-04453,0.0,5860000.0,0.0
RET-04454,9000.0,4100000.0,255210.3098365241
RET-04455,0.0,3180000.0,0.0
RET-04456,37000.0,7140000.0,669464.8644245986
RET-04457,40000.0,6640000.0,701964.7346864315
RET-04458,13000.0,6710000.0,280428.4623663742
RET-04459,40000.0,2900000.0,456421.01847798884
RET-04460,0.0,1760000.0,0.0
RET-04461,0.0,3420000.0,0.0
RET-04462,16000.0,9000000.0,190805.80558692283
RET-04463,4000.0,2010000.0,84357.9128339316
RET-04464,7000.0,3630000.0,79216.45941226988
RET-04465,6000.0,4690000.0,124245.62633857326
RET-04466,35000.0,3230000.0,1125415.0824330538
RET-04467,3000.0,4980000.0,61207.44013122138
RET-04468,79000.0,20510000.0,1270367.0692041463
RET-04469,29000.0,9680000.0,548910.7712769718
RET-04470,6000.0,4210000.0,145704.69015663886
RET-04471,6000.0,5070000.0,67912.64904900854
RET-04472,10000.0,10170000.0,218168.02488211324
RET-04473,12000.0,3840000.0,298590.9705431496
RET-04474,13000.0,9370000.0,406475.60160107206
RET-04475,15000.0,5220000.0,406095.0953748157
RET-04476,4000.0,1870000.0,79357.21587736481
RET-04477,17000.0,4420000.0,533706.1499746615
RET-04478,5000.0,2410000.0,63534.71436245935
RET-04479,0.0,1170000.0,0.0
RET-04480,13000.0,3380000.0,318800.7019320406
RET-04481,11000.0,2620000.0,369616.6362496178
RET-04482,2000.0,8170000.0,42266.72066886497
RET-04483,15000.0,1030000.0,485225.1700831539
RET-04484,46000.0,27720000.0,770650.5344023053
RET-04485,44000.0,10170000.0,911544.80532927
RET-04486,14000.0,9820000.0,302413.73532426066
RET-04487,11000.0,950000.0,276708.1151133572
RET-04488,13000.0,14220000.0,400099.08305141685
RET-04489,8000.0,9010000.0,272984.67965028784
RET-04490,8000.0,1810000.0,168344.43571406335
RET-04491,17000.0,1790000.0,368665.11415351485
RET-04492,12000.0,1960000.0,152869.7882857788
RET-04493,16000.0,1150000.0,454463.3730579258
RET-04494,6000.0,950000.0,125263.7792644685
RET-04495,42000.0,3470000.0,1137976.8101638579
RET-04496,26000.0,4170000.0,667497.552759054
RET-04497,16000.0,4620000.0,162425.29182774457
RET-04498,5000.0,2440000.0,55199.33041902306
RET-04499,28000.0,6950000.0,912052.7462601125
RET-04500,47000.0,2530000.0,669958.4470465969
RET-04501,4000.0,7000000.0,89441.96058929921
RET-04502,3000.0,2100000.0,57542.32847208697
RET-04503,15000.0,2030000.0,367558.10335880995
RET-04504,12000.0,3960000.0,216773.38971892538
RET-04505,22000.0,8210000.0,458089.9265296749
RET-04506,9000.0,15390000.0,129924.15109813445
RET-04507,2000.0,2640000.0,45851.384136432556
RET-04508,0.0,2540000.0,0.0
RET-04509,20000.0,6600000.0,695893.6895216958
RET-04510,0.0,2550000.0,0.0
RET-04511,18000.0,4050000.0,249983.53650122863
RET-04512,14000.0,6130000.0,205606.9574831473
RET-04513,6000.0,12080000.0,125294.19433013126
RET-04514,14000.0,5880000.0,173146.6238186527
RET-04515,37000.0,13220000.0,1158328.3671385224
RET-04516,28000.0,9020000.0,470721.58872439223
RET-04517,20000.0,5010000.0,423577.05602900806
RET-04518,19000.0,5260000.0,302918.93726926367
RET-04519,4000.0,2870000.0,59666.18703533732
RET-04520,5000.0,2870000.0,53328.486880701326
RET-04521,3000.0,1220000.0,64172.95204994698
RET-04522,22000.0,2810000.0,718516.5975217026
RET-04523,11000.0,2670000.0,177236.9794309468
RET-04524,2000.0,1300000.0,28950.770989537945
RET-04525,4000.0,4800000.0,84576.75990097482
RET-04526,14000.0,13780000.0,469191.7324274891
RET-04527,2000.0,6680000.0,38422.47668643992
RET-04528,3000.0,10710000.0,60645.966543304436
RET-04529,5000.0,1040000.0,165500.52584969913
RET-04530,3000.0,4460000.0,65439.229365234634
RET-04531,15000.0,8730000.0,390975.21832812694
RET-04532,19000.0,5930000.0,312347.8813260271
RET-04533,23000.0,6030000.0,528151.1046210432
RET-04534,11000.0,12210000.0,291120.4227212454
RET-04535,6000.0,1690000.0,123318.13059340462
RET-04536,5000.0,21180000.0,166924.88787633434
RET-04537,20000.0,5930000.0,515159.45902509143
RET-04538,3000.0,5390000.0,100678.38782984148
RET-04539,2000.0,2590000.0,31125.83197247182
RET-04540,40000.0,12880000.0,423916.7632264757
RET-04541,15000.0,1570000.0,267334.93794583384
RET-04542,36000.0,16320000.0,1219355.5244557841
RET-04543,15000.0,3360000.0,468528.4850671855
RET-04544,21000.0,4190000.0,536269.2894082395
RET-04545,1000.0,3200000.0,27122.08287184603
RET-04546,7000.0,7200000.0,235379.31796934133
RET-04547,18000.0,4280000.0,572445.8842964218
RET-04548,10000.0,2790000.0,307337.909837083
RET-04549,9000.0,7240000.0,98408.74797013066
RET-04550,21000.0,7790000.0,497614.66739777976
RET-04551,9000.0,1060000.0,198417.13677675847
RET-04552,21000.0,5030000.0,747154.5493548191
RET-04553,37000.0,13570000.0,851863.0665714022
RET-04554,5000.0,6160000.0,71800.72760430003
RET-04555,23000.0,10620000.0,289110.8404209364
RET-04556,44000.0,2720000.0,572683.5833433699
RET-04557,10000.0,5300000.0,323821.64455834654
RET-04558,5000.0,6300000.0,100744.09753690929
RET-04559,40000.0,25140000.0,984093.977638831
RET-04560,9000.0,4870000.0,302656.449464095
RET-04561,25000.0,6740000.0,882013.3951063377
RET-04562,2000.0,6430000.0,66541.84736648876
RET-04563,1000.0,3090000.0,24514.177571012533
RET-04564,4000.0,4900000.0,56249.85748336577
RET-04565,12000.0,880000.0,191323.70831555696
RET-04566,30000.0,8490000.0,1001697.919287
RET-04567,19000.0,5040000.0,526392.4805311088
RET-04568,18000.0,14890000.0,239262.31827542072
RET-04569,12000.0,1240000.0,270750.1948139263
RET-04570,46000.0,9150000.0,699517.2876448216
RET-04571,26000.0,11310000.0,321465.4820034718
RET-04572,95000.0,29680000.0,2547468.1287089065
RET-04573,9000.0,22800000.0,243084.80428306662
RET-04574,30000.0,20440000.0,392990.2644084512
RET-04575,22000.0,12800000.0,604319.082939956
RET-04576,4000.0,2170000.0,97067.32860874462
RET-04577,23000.0,3460000.0,572825.4061195498
RET-04578,71000.0,10840000.0,1321045.9795389283
RET-04579,3000.0,5360000.0,64996.58958456386
RET-04580,7000.0,850000.0,83678.85306050252
RET-04581,34000.0,8670000.0,1151583.0454114934
RET-04582,5000.0,2740000.0,54383.85946761374
RET-04583,11000.0,5000000.0,247695.07777598914
RET-04584,9000.0,5290000.0,229752.89536470818
RET-04585,2000.0,9490000.0,30201.839474704266
RET-04586,10000.0,4030000.0,357454.1529115374
RET-04587,21000.0,2130000.0,236661.68638203945
RET-04588,3000.0,600000.0,34523.336207876906
RET-04589,20000.0,1280000.0,324039.811678194
RET-04590,9000.0,1520000.0,272944.03985803487
RET-04591,17000.0,4990000.0,544675.9329806248
RET-04592,20000.0,1940000.0,345155.36399586976
RET-04593,6000.0,1980000.0,139727.7236211733
RET-04594,6000.0,2340000.0,120137.57126484683
RET-04595,4000.0,3380000.0,125050.55226730194
RET-04596,12000.0,4750000.0,201756.20904899327
RET-04597,12000.0,1470000.0,322335.12726363447
RET-04598,5000.0,6510000.0,116783.27566643388
RET-04599,1000.0,1140000.0,32408.654374124977
RET-04600,35000.0,4980000.0,630487.9637027137
RET-04601,2000.0,6490000.0,34185.1748471828
RET-04602,1000.0,3720000.0,17888.14120823202
RET-04603,2000.0,1900000.0,40680.65702035851
RET-04604,8000.0,4070000.0,166601.92146786168
RET-04605,0.0,8160000.0,0.0
RET-04606,25000.0,6210000.0,606107.0488019686
RET-04607,28000.0,9280000.0,978627.025672808
RET-04608,1000.0,6760000.0,32922.08491476127
RET-04609,22000.0,2430000.0,572724.4165206791
RET-04610,9000.0,3140000.0,296942.28461966664
RET-04611,18000.0,1570000.0,378399.49017909163
RET-04612,19000.0,2810000.0,534812.72998949
RET-04613,0.0,1220000.0,0.0
RET-04614,18000.0,11370000.0,543561.4992118463
RET-04615,3000.0,1130000.0,34547.66749128131
RET-04616,7000.0,7730000.0,105789.52378896209
RET-04617,41000.0,2970000.0,923755.3582282448
RET-04618,18000.0,1530000.0,385134.15880723024
RET-04619,38000.0,2610000.0,508392.1228139957
RET-04620,21000.0,1350000.0,250133.88680957808
RET-04621,16000.0,6090000.0,338177.25358088664
RET-04622,4000.0,3460000.0,54256.41995963128
RET-04623,10000.0,2580000.0,294482.89339462545
RET-04624,3000.0,4710000.0,48965.62883944977
RET-04625,9000.0,4260000.0,247882.1559313801
RET-04626,23000.0,1470000.0,764415.140016625
RET-04627,25000.0,5540000.0,469800.9480007656
RET-04628,16000.0,2950000.0,315379.33200201514
RET-04629,22000.0,12730000.0,728861.5385829734
RET-04630,38000.0,4630000.0,1151716.041997322
RET-04631,4000.0,5730000.0,129485.73208131563
RET-04632,4000.0,1180000.0,92869.24243593316
RET-04633,0.0,3620000.0,0.0
RET-04634,19000.0,1730000.0,525246.2931872279
RET-04635,9000.0,2420000.0,147990.34657939652
RET-04636,3000.0,7080000.0,74682.42753103065
RET-04637,5000.0,4790000.0,136259.43952653493
RET-04638,9000.0,5120000.0,203143.26841884264
RET-04639,8000.0,12880000.0,209229.42878022895
RET-04640,2000.0,2030000.0,65272.3765900084
RET-04641,15000.0,2110000.0,244991.31512677722
RET-04642,41000.0,12270000.0,444778.46752948605
RET-04643,7000.0,1380000.0,230370.55314969615
RET-04644,6000.0,18290000.0,155543.47897549177
RET-04645,14000.0,2500000.0,354234.2748682498
RET-04646,3000.0,8920000.0,75989.89183643716
RET-04647,10000.0,4100000.0,280730.64730770583
RET-04648,2000.0,3200000.0,48633.44804761827
RET-04649,28000.0,23160000.0,857332.9313194586
RET-04650,17000.0,2800000.0,356885.899672091
RET-04651,36000.0,8470000.0,911410.3819740784
RET-04652,3000.0,3410000.0,82965.02498276974
RET-04653,7000.0,20310000.0,208474.82392142297
RET-04654,18000.0,7360000.0,389828.0697468209
RET-04655,69000.0,24520000.0,969615.1408260677
RET-04656,50000.0,9050000.0,978017.2261506579
RET-04657,4000.0,6900000.0,95353.54923223343
RET-04658,7000.0,1460000.0,241251.58674430303
RET-04659,20000.0,3490000.0,611364.2436685464
RET-04660,2000.0,3250000.0,68602.92025662847
RET-04661,25000.0,3440000.0,821786.9301237862
RET-04662,28000.0,6210000.0,568808.9605762864
RET-04663,5000.0,1850000.0,99328.19078891206
RET-04664,11000.0,2200000.0,298188.8597360173
RET-04665,20000.0,6910000.0,385226.05224984133
RET-04666,11000.0,2510000.0,303311.7653551714
RET-04667,18000.0,9120000.0,379370.0044638703
RET-04668,14000.0,6590000.0,207148.3972519587
RET-04669,28000.0,12740000.0,826666.3411727576
RET-04670,22000.0,7510000.0,291096.00973698753
RET-04671,9000.0,1190000.0,126034.13036164228
RET-04672,6000.0,5250000.0,96975.67354968366
RET-04673,9000.0,5920000.0,211893.1461796071
RET-04674,20000.0,12440000.0,533970.5329347029
RET-04675,1000.0,2520000.0,13362.61037022874
RET-04676,28000.0,2950000.0,526854.8606201273
RET-04677,12000.0,2320000.0,317656.9173541576
RET-04678,5000.0,2910000.0,101448.21379628137
RET-04679,57000.0,18000000.0,773716.3906578501
RET-04680,20000.0,7840000.0,482459.50840139017
RET-04681,31000.0,3430000.0,834579.3341227239
RET-04682,12000.0,1020000.0,134237.96372301754
RET-04683,8000.0,4300000.0,184263.84680892073
RET-04684,6000.0,2000000.0,129009.27469400002
RET-04685,61000.0,5290000.0,623443.4827537364
RET-04686,6000.0,2100000.0,130429.10026850794
RET-04687,3000.0,18430000.0,73990.09595487089
RET-04688,10000.0,1550000.0,160151.87784468036
RET-04689,1000.0,940000.0,10850.638412347133
RET-04690,22000.0,7140000.0,290435.13613925636
RET-04691,8000.0,4060000.0,280976.439611615
RET-04692,26000.0,1810000.0,532939.4915814748
RET-04693,12000.0,1700000.0,194754.2275841416
RET-04694,18000.0,4680000.0,433733.87780538155
RET-04695,2000.0,5360000.0,61675.55106910651
RET-04696,22000.0,4690000.0,470565.99433111167
RET-04697,39000.0,3820000.0,1264187.7243705075
RET-04698,22000.0,6090000.0,737593.9561382056
RET-04699,23000.0,15160000.0,609426.7326142441
RET-04700,24000.0,10280000.0,587313.8593417143
RET-04701,27000.0,1680000.0,283042.57039607276
RET-04702,23000.0,5800000.0,584835.2425912202
RET-04703,7000.0,1550000.0,165151.70680587142
RET-04704,1000.0,2300000.0,15217.035444535153
RET-04705,23000.0,1540000.0,338313.5921395403
RET-04706,16000.0,8080000.0,558685.3262009192
RET-04707,33000.0,8090000.0,1015002.8386313572
RET-04708,4000.0,1940000.0,62861.04334723437
RET-04709,5000.0,2410000.0,138692.99324945378
RET-04710,5000.0,5040000.0,114876.86407349937
RET-04711,11000.0,1070000.0,351871.76574380876
RET-04712,8000.0,5500000.0,118319.4319795945
RET-04713,17000.0,10210000.0,212054.72039107216
RET-04714,14000.0,4180000.0,368057.76694624114
RET-04715,13000.0,7470000.0,142131.39986207156
RET-04716,20000.0,8090000.0,662648.1028004249
RET-04717,5000.0,12550000.0,172750.10889666952
RET-04718,8000.0,2310000.0,178178.1385636228
RET-04719,9000.0,3820000.0,227359.74648963995
RET-04720,12000.0,5110000.0,307923.0460674259
RET-04721,20000.0,2200000.0,385108.92039131676
RET-04722,0.0,2850000.0,0.0
RET-04723,1000.0,4450000.0,19595.89858524895
RET-04724,13000.0,2490000.0,280151.3746761584
RET-04725,71000.0,4240000.0,2551992.8744800366
RET-04726,1000.0,4970000.0,30058.775500126478
RET-04727,30000.0,8400000.0,1063053.1923663786
RET-04728,29000.0,4670000.0,760562.3923891074
RET-04729,21000.0,3050000.0,426205.9935194918
RET-04730,28000.0,7480000.0,586687.5608822155
RET-04731,30000.0,10460000.0,829028.4188821911
RET-04732,17000.0,5320000.0,520416.4135380914
RET-04733,26000.0,4050000.0,616446.9677612262
RET-04734,9000.0,5760000.0,91589.96903386383
RET-04735,8000.0,4400000.0,147799.42613120304
RET-04736,6000.0,9160000.0,172916.14926767602
RET-04737,11000.0,4300000.0,136516.89142848394
RET-04738,62000.0,15010000.0,799029.7096412854
RET-04739,21000.0,5520000.0,717749.5885800505
RET-04740,41000.0,11670000.0,420275.9702543215
RET-04741,8000.0,1450000.0,245277.9950620002
RET-04742,1000.0,5270000.0,18911.467816568726
RET-04743,32000.0,15720000.0,1014434.925748395
RET-04744,8000.0,5890000.0,145196.92807269318
RET-04745,59000.0,3870000.0,1574283.2402227079
RET-04746,10000.0,1860000.0,284281.49396472645
RET-04747,3000.0,4240000.0,36885.00446294336
RET-04748,16000.0,3120000.0,501685.63902585837
RET-04749,36000.0,7960000.0,1274142.0896329845
RET-04750,4000.0,5600000.0,46640.74907709695
RET-04751,4000.0,2450000.0,66929.10456021689
RET-04752,46000.0,10810000.0,963672.7637305158
RET-04753,12000.0,2260000.0,128534.31915764193
RET-04754,36000.0,7410000.0,876144.7634424653
RET-04755,4000.0,8260000.0,70061.48169004032
RET-04756,10000.0,6840000.0,282958.325069765
RET-04757,21000.0,3760000.0,542106.7549322176
RET-04758,9000.0,4000000.0,236992.22813086488
RET-04759,9000.0,4550000.0,257422.35550999967
RET-04760,26000.0,4930000.0,738535.9291821857
RET-04761,12000.0,9490000.0,186806.15049490874
RET-04762,1000.0,1830000.0,12189.280987427082
RET-04763,32000.0,8540000.0,513205.6317939978
RET-04764,29000.0,16120000.0,954745.2969864313
RET-04765,27000.0,3540000.0,289074.2999539053
RET-04766,2000.0,6140000.0,66292.00805041491
RET-04767,14000.0,1800000.0,224609.1897199311
RET-04768,38000.0,24170000.0,1063930.199532245
RET-04769,26000.0,7160000.0,365307.7738008051
RET-04770,1000.0,1790000.0,14467.89792028579
RET-04771,19000.0,4620000.0,640979.8387756959
RET-04772,5000.0,1470000.0,158874.367145769
RET-04773,29000.0,7890000.0,362424.1896584815
RET-04774,7000.0,4630000.0,246557.28756142766
RET-04775,3000.0,1890000.0,53022.02616904411
RET-04776,13000.0,5390000.0,173175.36445847934
RET-04777,57000.0,4730000.0,782224.5017461367
RET-04778,16000.0,2170000.0,536886.297997171
RET-04779,6000.0,750000.0,89860.47764974114
RET-04780,75000.0,6010000.0,1144691.3751918606
RET-04781,2000.0,3250000.0,37921.17190142503
RET-04782,2000.0,1640000.0,47387.77870455867
RET-04783,36000.0,7290000.0,1165361.9819235832
RET-04784,2000.0,1430000.0,30417.162736384886
RET-04785,1000.0,1650000.0,29388.692772649352
RET-04786,16000.0,1770000.0,443861.840371667
RET-04787,45000.0,6440000.0,955975.8622486383
RET-04788,14000.0,6000000.0,421451.1625381889
RET-04789,4000.0,4220000.0,78896.36759796628
RET-04790,6000.0,3730000.0,176600.6444875275
RET-04791,10000.0,1480000.0,119236.26342329022
RET-04792,19000.0,3670000.0,429526.32876249845
RET-04793,35000.0,8840000.0,999432.6518785894
RET-04794,13000.0,1490000.0,247757.8131556258
RET-04795,32000.0,14990000.0,745032.7360795798
RET-04796,33000.0,23630000.0,1105564.5191049806
RET-04797,4000.0,4750000.0,55040.78267986112
RET-04798,4000.0,990000.0,112491.69026337184
RET-04799,18000.0,5300000.0,188715.80139571708
RET-04800,13000.0,4390000.0,337856.956204355
RET-04801,27000.0,5660000.0,886732.4994544316
RET-04802,5000.0,2490000.0,125162.20920502962
RET-04803,2000.0,3860000.0,44868.889685487295
RET-04804,4000.0,1050000.0,60354.09717260778
RET-04805,3000.0,6770000.0,50962.75485602571
RET-04806,19000.0,2290000.0,666222.3493013101
RET-04807,19000.0,4300000.0,299882.3825630735
RET-04808,49000.0,6470000.0,704497.381026194
RET-04809,0.0,3470000.0,0.0
RET-04810,4000.0,3510000.0,72584.5601336488
RET-04811,6000.0,3950000.0,138645.94599031145
RET-04812,45000.0,8880000.0,1031712.6425540722
RET-04813,37000.0,5790000.0,1216316.0955375582
RET-04814,13000.0,7100000.0,426021.6362704205
RET-04815,18000.0,4170000.0,268581.3563108806
RET-04816,12000.0,3450000.0,214023.37356628248
RET-04817,29000.0,3470000.0,523656.3685192786
RET-04818,2000.0,2860000.0,56711.65953029893
RET-04819,18000.0,2710000.0,570224.5588694758
RET-04820,16000.0,6520000.0,457152.6331603224
RET-04821,2000.0,3930000.0,31791.156183618998
RET-04822,3000.0,6640000.0,68501.24887112433
RET-04823,33000.0,3830000.0,796161.7101294036
RET-04824,33000.0,20760000.0,783658.7880970163
RET-04825,17000.0,4760000.0,526159.9209380582
RET-04826,81000.0,15440000.0,1428619.0522107694
RET-04827,30000.0,1680000.0,318470.91632839467
RET-04828,32000.0,5280000.0,1094089.9827267348
RET-04829,29000.0,3510000.0,435214.6831778405
RET-04830,8000.0,2320000.0,99033.4049038553
RET-04831,11000.0,1350000.0,213857.99985461717
RET-04832,2000.0,4940000.0,54893.774736876745
RET-04833,34000.0,9210000.0,1078158.7819309088
RET-04834,12000.0,1350000.0,336183.0858867063
RET-04835,32000.0,6240000.0,935362.376110202
RET-04836,11000.0,2230000.0,303530.0675348653
RET-04837,16000.0,6150000.0,435810.32485238515
RET-04838,30000.0,12130000.0,962789.8386283297
RET-04839,4000.0,6930000.0,59610.802153159806
RET-04840,8000.0,2800000.0,94014.9461265186
RET-04841,13000.0,4220000.0,340301.31748423603
RET-04842,3000.0,7150000.0,85874.84992379716
RET-04843,3000.0,1300000.0,31838.430776569134
RET-04844,4000.0,4010000.0,110098.54834049591
RET-04845,29000.0,6480000.0,579374.6714338925
RET-04846,1000.0,5040000.0,27691.902013140578
RET-04847,13000.0,2510000.0,324534.54680128355
RET-04848,5000.0,2580000.0,95780.71648254132
RET-04849,0.0,11400000.0,0.0
RET-04850,17000.0,1830000.0,222478.3175086141
RET-04851,19000.0,5090000.0,302897.2484409839
RET-04852,27000.0,6690000.0,410055.68541457696
RET-04853,18000.0,6930000.0,230043.046551081
RET-04854,8000.0,2750000.0,128674.60608655773
RET-04855,27000.0,2450000.0,723783.7901141539
RET-04856,19000.0,11640000.0,318659.5738600422
RET-04857,6000.0,3810000.0,122832.3780572598
RET-04858,7000.0,7760000.0,226259.4644389828
RET-04859,14000.0,3280000.0,399066.2080061673
RET-04860,6000.0,1350000.0,214784.10184469115
RET-04861,37000.0,7710000.0,475639.80991430883
RET-04862,8000.0,3860000.0,125569.20088561907
RET-04863,31000.0,9370000.0,900564.4938024018
RET-04864,22000.0,8660000.0,377127.2278678711
RET-04865,32000.0,3400000.0,505938.71881199896
RET-04866,10000.0,2740000.0,270101.74024265195
RET-04867,5000.0,4890000.0,75981.73632136223
RET-04868,4000.0,1270000.0,45146.95095803235
RET-04869,42000.0,12430000.0,652646.6750589866
RET-04870,31000.0,4470000.0,396295.57961372245
RET-04871,11000.0,1490000.0,153020.73902171588
RET-04872,14000.0,1850000.0,381433.8812016903
RET-04873,13000.0,3460000.0,168456.01530922376
RET-04874,54000.0,10240000.0,1141122.3013716144
RET-04875,6000.0,1120000.0,193717.78226594874
RET-04876,30000.0,5630000.0,361980.3325278736
RET-04877,23000.0,5120000.0,483152.3952543146
RET-04878,13000.0,5900000.0,466247.5696606447
RET-04879,7000.0,3920000.0,220854.99100906184
RET-04880,11000.0,1520000.0,144199.60630086163
RET-04881,3000.0,9450000.0,31315.37563322021
RET-04882,13000.0,970000.0,232610.74488578876
RET-04883,36000.0,10430000.0,1188489.9630193166
RET-04884,43000.0,10030000.0,491329.0408800066
RET-04885,7000.0,2630000.0,115509.33567597649
RET-04886,3000.0,1780000.0,98173.21119659254
RET-04887,5000.0,8130000.0,114774.26019053084
RET-04888,23000.0,4720000.0,300488.3899061147
RET-04889,18000.0,5720000.0,409651.71797149436
RET-04890,21000.0,2100000.0,330290.09547062265
RET-04891,11000.0,3510000.0,134738.56256092445
RET-04892,35000.0,9790000.0,1054574.9021581835
RET-04893,16000.0,11980000.0,402008.7528885181
RET-04894,9000.0,3010000.0,321469.02289153467
RET-04895,19000.0,4850000.0,378430.4198797772
RET-04896,12000.0,9530000.0,275046.30440453294
RET-04897,2000.0,1480000.0,27626.94011973317
RET-04898,48000.0,19540000.0,1515190.1987543958
RET-04899,17000.0,1760000.0,261315.44700354716
RET-04900,23000.0,3380000.0,383322.0745654091
RET-04901,40000.0,30760000.0,1337040.6991237397
RET-04902,10000.0,3570000.0,286888.28487633157
RET-04903,80000.0,20570000.0,1631410.9763622207
RET-04904,23000.0,2750000.0,269646.91695927427
RET-04905,12000.0,4130000.0,259338.98554530073
RET-04906,30000.0,10550000.0,908405.2746196408
RET-04907,10000.0,2880000.0,351411.15914286574
RET-04908,8000.0,2470000.0,82080.68777001053
RET-04909,13000.0,4020000.0,193816.08248402647
RET-04910,56000.0,14170000.0,1298496.8836819613
RET-04911,16000.0,1490000.0,328110.5497819838
RET-04912,8000.0,2400000.0,275225.72189927445
RET-04913,16000.0,6220000.0,359393.2483383624
RET-04914,39000.0,12170000.0,1285149.6959052493
RET-04915,29000.0,5250000.0,856363.2099479949
RET-04916,42000.0,6720000.0,757958.3314441562
RET-04917,44000.0,13250000.0,747291.1318163166
RET-04918,36000.0,10380000.0,590105.5923281924
RET-04919,7000.0,5190000.0,219503.71634821245
RET-04920,21000.0,4670000.0,229002.82358740186
RET-04921,14000.0,12540000.0,193050.3768575979
RET-04922,4000.0,8500000.0,65668.5249160164
RET-04923,11000.0,1420000.0,255405.83102226182
RET-04924,38000.0,17020000.0,795710.3850912239
RET-04925,5000.0,6230000.0,91474.82720094496
RET-04926,5000.0,9760000.0,176658.275867448
RET-04927,10000.0,6570000.0,232502.04579538465
RET-04928,51000.0,14250000.0,903146.7235264957
RET-04929,7000.0,2730000.0,228822.87865589128
RET-04930,18000.0,16010000.0,582281.1177638784
RET-04931,2000.0,2860000.0,28634.610780302617
RET-04932,1000.0,1630000.0,35239.38581086486
RET-04933,3000.0,4450000.0,82075.22349950354
RET-04934,11000.0,6290000.0,293745.21079081285
RET-04935,5000.0,6700000.0,129182.66650601498
RET-04936,5000.0,2130000.0,117761.83965105515
RET-04937,14000.0,1190000.0,260415.6358485852
RET-04938,5000.0,7180000.0,64770.78055291512
RET-04939,14000.0,4640000.0,230904.62198715127
RET-04940,12000.0,10740000.0,122510.53557736764
RET-04941,22000.0,3870000.0,727033.2700185613
RET-04942,17000.0,5760000.0,504963.81074061524
RET-04943,13000.0,8390000.0,275660.1966382583
RET-04944,7000.0,2960000.0,203910.04487054498
RET-04945,6000.0,700000.0,148024.06472024196
RET-04946,5000.0,3250000.0,139206.48319770896
RET-04947,14000.0,6480000.0,368347.72670845385
RET-04948,17000.0,8570000.0,571353.8935427616
RET-04949,5000.0,2380000.0,51599.49556373254
RET-04950,5000.0,4100000.0,58772.78363505247
RET-04951,7000.0,4260000.0,169757.3908997576
RET-04952,26000.0,4850000.0,278144.04072625405
RET-04953,1000.0,2520000.0,25466.823728944546
RET-04954,86000.0,26470000.0,1680556.8234032781
RET-04955,4000.0,6420000.0,93546.62001509762
RET-04956,10000.0,2250000.0,237013.79832985305
RET-04957,18000.0,4200000.0,201921.05409769266
RET-04958,60000.0,10580000.0,762805.3537721942
RET-04959,2000.0,1900000.0,43779.77240487773
RET-04960,1000.0,630000.0,20270.0018703695
RET-04961,24000.0,6120000.0,721706.4655492102
RET-04962,27000.0,7050000.0,539620.5695664331
RET-04963,27000.0,8910000.0,647990.1709757107
RET-04964,65000.0,7510000.0,661136.4201177403
RET-04965,9000.0,10470000.0,232113.55286475792
RET-04966,11000.0,880000.0,113747.80435357578
RET-04967,13000.0,4270000.0,368851.8387045857
RET-04968,13000.0,3800000.0,440835.9370508377
RET-04969,45000.0,10750000.0,505687.5630194997
RET-04970,24000.0,7480000.0,487441.2916678062
RET-04971,25000.0,12890000.0,523728.9762865469
RET-04972,17000.0,8210000.0,322546.8019942277
RET-04973,4000.0,1780000.0,41868.71333055726
RET-04974,22000.0,4910000.0,423096.1710238365
RET-04975,6000.0,2070000.0,89106.04274741004
RET-04976,3000.0,2620000.0,44741.89538821253
RET-04977,8000.0,3540000.0,86425.90231507052
RET-04978,50000.0,17830000.0,659338.8467989403
RET-04979,4000.0,10040000.0,77932.01492582353
RET-04980,61000.0,9350000.0,1429491.6824539655
RET-04981,21000.0,7540000.0,341738.1865472003
RET-04982,5000.0,3830000.0,169282.0061847945
RET-04983,11000.0,6890000.0,241732.33732957623
RET-04984,9000.0,5630000.0,110613.71046574063
RET-04985,10000.0,7490000.0,161886.13787596155
RET-04986,8000.0,5950000.0,153220.13469546958
RET-04987,11000.0,2440000.0,316866.1203554498
RET-04988,3000.0,8030000.0,37562.25035234672
RET-04989,10000.0,2510000.0,143494.5316974612
RET-04990,12000.0,2480000.0,316493.30352694576
RET-04991,20000.0,1490000.0,377322.2313715068
RET-04992,34000.0,3720000.0,906300.3362089596
RET-04993,0.0,4790000.0,0.0
RET-04994,12000.0,2070000.0,205841.69190181306
RET-04995,14000.0,4480000.0,357594.5433250544
RET-04996,22000.0,7470000.0,609557.4516160389
RET-04997,5000.0,14430000.0,179152.16151983288
RET-04998,6000.0,5570000.0,96228.39819577838
RET-04999,2000.0,3410000.0,30208.464464494693
RET-05000,20000.0,15180000.0,547559.5733460996
RET-05001,10000.0,3250000.0,202427.32140767583
RET-05002,7000.0,2400000.0,164062.9424005378
RET-05003,25000.0,8000000.0,500527.43171160703
RET-05004,16000.0,4020000.0,183802.32139729586
RET-05005,11000.0,6990000.0,258158.1341046426
RET-05006,3000.0,4230000.0,56990.56057671387
RET-05007,20000.0,16120000.0,425448.53970757884
RET-05008,0.0,1500000.0,0.0
RET-05009,12000.0,3300000.0,367116.879348723
RET-05010,9000.0,6030000.0,319381.0983812756
RET-05011,20000.0,10540000.0,652244.0060429401
RET-05012,34000.0,18940000.0,705679.0392523779
RET-05013,11000.0,2440000.0,187022.38316088667
RET-05014,13000.0,4870000.0,261775.6299842994
RET-05015,51000.0,22750000.0,1584064.5511284417
RET-05016,24000.0,7650000.0,734246.6220580433
RET-05017,19000.0,7120000.0,578276.8035030054
RET-05018,5000.0,2690000.0,92190.56163116121
RET-05019,1000.0,2110000.0,23376.816101825676
RET-05020,14000.0,1640000.0,461058.9807523749
RET-05021,43000.0,2630000.0,862908.3741631847
RET-05022,4000.0,16040000.0,92232.94468183647
RET-05023,2000.0,5560000.0,42208.086512734495
RET-05024,18000.0,4500000.0,243647.02709287198
RET-05025,61000.0,10730000.0,1939680.1666593314
RET-05026,14000.0,3160000.0,325240.8993517887
RET-05027,34000.0,7330000.0,1083051.7777474625
RET-05028,18000.0,3890000.0,410266.23689275025
RET-05029,9000.0,3750000.0,148179.29824038025
RET-05030,4000.0,4300000.0,44121.135247067024
RET-05031,34000.0,14740000.0,757080.2740639723
RET-05032,10000.0,1680000.0,238582.64479787092
RET-05033,10000.0,5320000.0,206060.17674006312
RET-05034,8000.0,3040000.0,157370.60968293255
RET-05035,49000.0,15320000.0,747829.3988746525
RET-05036,29000.0,17900000.0,928287.6271918212
RET-05037,9000.0,3250000.0,151071.4543765647
RET-05038,45000.0,21480000.0,1228759.7340793377
RET-05039,20000.0,16990000.0,684663.864340779
RET-05040,9000.0,7760000.0,96355.83611196074
RET-05041,37000.0,6420000.0,1151838.5013138854
RET-05042,18000.0,1000000.0,603923.6044421502
RET-05043,12000.0,5100000.0,135080.5019740467
RET-05044,33000.0,11140000.0,1033959.7700812907
RET-05045,17000.0,1960000.0,362306.92972396186
RET-05046,13000.0,2810000.0,223232.7432883442
RET-05047,8000.0,2160000.0,90626.87094550303
RET-05048,17000.0,4120000.0,581961.2103972142
RET-05049,7000.0,3770000.0,184334.66811758603
RET-05050,15000.0,2590000.0,222101.94311174974
RET-05051,0.0,1480000.0,0.0
RET-05052,26000.0,6570000.0,727112.3194387
RET-05053,21000.0,12320000.0,699475.830029173
RET-05054,12000.0,4610000.0,372928.7171965127
RET-05055,7000.0,13610000.0,135140.86350892548
RET-05056,23000.0,12920000.0,533461.1435841413
RET-05057,10000.0,1220000.0,308082.3453753957
RET-05058,2000.0,2710000.0,45841.9039253209
RET-05059,8000.0,7050000.0,245877.7123707236
RET-05060,1000.0,2340000.0,30919.73984186735
RET-05061,1000.0,810000.0,34625.599248801765
RET-05062,4000.0,3990000.0,51885.89987999678
RET-05063,19000.0,4900000.0,477559.00941171596
RET-05064,87000.0,8620000.0,1466165.0729086397
RET-05065,8000.0,3470000.0,273982.3934478234
RET-05066,13000.0,2700000.0,411996.66378928063
RET-05067,16000.0,5590000.0,283406.33945550304
RET-05068,24000.0,5560000.0,840055.3624096623
RET-05069,14000.0,4510000.0,343055.44752587745
RET-05070,10000.0,3710000.0,263830.5640283678
RET-05071,4000.0,5280000.0,68256.79585627496
RET-05072,5000.0,10910000.0,83528.0604927854
RET-05073,5000.0,2550000.0,176606.17464724428
RET-05074,4000.0,3970000.0,44861.732285342754
RET-05075,13000.0,2030000.0,369269.79130170797
RET-05076,9000.0,1850000.0,115952.0123556489
RET-05077,13000.0,4160000.0,290580.5950933698
RET-05078,25000.0,14850000.0,556099.324614625
RET-05079,6000.0,5390000.0,186974.973026963
RET-05080,26000.0,2520000.0,436343.88146530825
RET-05081,20000.0,2950000.0,277492.0525486509
RET-05082,12000.0,4350000.0,336475.49442162813
RET-05083,3000.0,2820000.0,74531.50891421553
RET-05084,18000.0,4170000.0,460239.2345043438
RET-05085,31000.0,3430000.0,633806.4591344278
RET-05086,7000.0,1720000.0,123640.76734237904
RET-05087,9000.0,1190000.0,262913.1340101296
RET-05088,2000.0,3110000.0,56204.211754287375
RET-05089,12000.0,3290000.0,384266.6611691276
RET-05090,29000.0,9010000.0,886858.1342208743
RET-05091,16000.0,16010000.0,400323.9080869678
RET-05092,15000.0,3500000.0,474308.5611643182
RET-05093,23000.0,5710000.0,384728.99947823735
RET-05094,29000.0,6250000.0,750822.0136581996
RET-05095,9000.0,6300000.0,167840.4251941546
RET-05096,11000.0,3670000.0,330522.45685438137
RET-05097,32000.0,16750000.0,1094105.140980116
RET-05098,9000.0,3280000.0,257349.25330880124
RET-05099,18000.0,4180000.0,316644.11178019654
RET-05100,9000.0,9950000.0,149585.62334591296
RET-05101,15000.0,10600000.0,194170.61162108296
RET-05102,30000.0,7940000.0,839965.7254852545
RET-05103,35000.0,1780000.0,1204305.0007030957
RET-05104,26000.0,2380000.0,435170.34477610036
RET-05105,20000.0,8780000.0,714099.6145110816
RET-05106,4000.0,6040000.0,96544.02936818085
RET-05107,28000.0,5610000.0,806358.4709634312
RET-05108,12000.0,8470000.0,190632.60647783076
RET-05109,1000.0,6970000.0,13654.832776792444
RET-05110,15000.0,2990000.0,536800.1249979801
RET-05111,49000.0,16250000.0,938577.4304947867
RET-05112,23000.0,2170000.0,349080.80190966453
RET-05113,23000.0,3250000.0,731509.5927134171
RET-05114,31000.0,11890000.0,374155.33211315225
RET-05115,7000.0,5200000.0,93625.42409020131
RET-05116,18000.0,3900000.0,560602.8348288727
RET-05117,7000.0,4460000.0,156545.83651578313
RET-05118,7000.0,3620000.0,119403.4983085218
RET-05119,52000.0,4860000.0,1107034.0274613444
RET-05120,9000.0,3740000.0,318238.0127745773
RET-05121,4000.0,4670000.0,61633.720355402744
RET-05122,15000.0,1980000.0,187455.76029341208
RET-05123,46000.0,4200000.0,1568579.7207404764
RET-05124,4000.0,2590000.0,63892.22990824619
RET-05125,92000.0,37410000.0,3152272.2667810195
RET-05126,7000.0,1210000.0,134231.5473254272
RET-05127,1000.0,13510000.0,10589.159183609476
RET-05128,1000.0,1520000.0,22482.16979052957
RET-05129,17000.0,3190000.0,258924.65646322642
RET-05130,29000.0,5020000.0,636488.0878313056
RET-05131,4000.0,1950000.0,97500.9872325866
RET-05132,27000.0,8700000.0,700178.0506820284
RET-05133,7000.0,3120000.0,241577.60914718796
RET-05134,29000.0,2190000.0,914623.0423801624
RET-05135,3000.0,7340000.0,30709.157396335126
RET-05136,0.0,7950000.0,0.0
RET-05137,26000.0,4930000.0,400202.950873116
RET-05138,6000.0,1480000.0,98727.59768480579
RET-05139,26000.0,4980000.0,811244.3115154337
RET-05140,9000.0,2870000.0,210048.80633483123
RET-05141,19000.0,2480000.0,393076.42192540574
RET-05142,17000.0,3030000.0,170118.1191522008
RET-05143,11000.0,1330000.0,198757.71488008348
RET-05144,26000.0,9510000.0,676966.4771242198
RET-05145,70000.0,9310000.0,867889.1448297584
RET-05146,3000.0,5680000.0,73092.45219334008
RET-05147,2000.0,16950000.0,20647.158667601347
RET-05148,36000.0,13370000.0,979839.0654855057
RET-05149,10000.0,5930000.0,114589.24858971694
RET-05150,0.0,7890000.0,0.0
RET-05151,19000.0,10220000.0,546364.4032045086
RET-05152,6000.0,2020000.0,173656.80478718513
RET-05153,37000.0,11080000.0,564217.0873330398
RET-05154,10000.0,8340000.0,124380.5998626127
RET-05155,26000.0,5280000.0,790060.468625079
RET-05156,1000.0,12700000.0,30077.273625054786
RET-05157,8000.0,1500000.0,121555.3997002965
RET-05158,20000.0,1580000.0,352538.30693053076
RET-05159,3000.0,6850000.0,47038.40951282173
RET-05160,30000.0,8740000.0,727457.6102815139
RET-05161,27000.0,5280000.0,723231.828583869
RET-05162,1000.0,870000.0,34543.17317473762
RET-05163,1000.0,5730000.0,15303.921422322726
RET-05164,91000.0,11850000.0,2159598.322426245
RET-05165,9000.0,2520000.0,116630.72395042496
RET-05166,2000.0,1550000.0,44705.57432699807
RET-05167,16000.0,3720000.0,488436.1872235953
RET-05168,12000.0,2580000.0,216926.25317669305
RET-05169,2000.0,7530000.0,50761.764032503335
RET-05170,7000.0,14490000.0,192341.8162953877
RET-05171,25000.0,5230000.0,362965.01681265945
RET-05172,10000.0,3530000.0,110297.22370015168
RET-05173,11000.0,2310000.0,160331.07254808178
RET-05174,17000.0,3750000.0,415156.2251327206
RET-05175,2000.0,3180000.0,50391.828259184345
RET-05176,3000.0,5170000.0,81627.71098542561
RET-05177,8000.0,5900000.0,191057.65799224644
RET-05178,14000.0,960000.0,306385.8231119106
RET-05179,4000.0,9330000.0,130821.01772716276
RET-05180,3000.0,930000.0,48208.61679279067
RET-05181,5000.0,2420000.0,115355.34014586663
RET-05182,12000.0,1070000.0,297402.7831208482
RET-05183,5000.0,2750000.0,65568.83324493718
RET-05184,10000.0,8410000.0,332951.0322435022
RET-05185,5000.0,3250000.0,135399.84301720915
RET-05186,23000.0,6300000.0,256059.8415939108
RET-05187,20000.0,7370000.0,233879.1697313676
RET-05188,19000.0,9070000.0,600075.5525689784
RET-05189,35000.0,9420000.0,555508.335350515
RET-05190,11000.0,1520000.0,331031.76687480265
RET-05191,58000.0,18480000.0,1453954.4885216707
RET-05192,19000.0,3250000.0,616073.2788774209
RET-05193,7000.0,2990000.0,180520.4552579823
RET-05194,7000.0,3230000.0,185720.98867003177
RET-05195,16000.0,4040000.0,509424.6199389045
RET-05196,2000.0,1180000.0,48534.23519779048
RET-05197,19000.0,8800000.0,371314.86909828405
RET-05198,11000.0,4980000.0,342319.39889510104
RET-05199,32000.0,11210000.0,630591.1824734973
RET-05200,18000.0,6610000.0,537982.4043662029
RET-05201,1000.0,920000.0,24898.885819000334
RET-05202,11000.0,14630000.0,284256.95228335843
RET-05203,44000.0,16940000.0,884763.1752943681
RET-05204,10000.0,1700000.0,265242.7915334904
RET-05205,4000.0,1160000.0,75862.53000303925
RET-05206,31000.0,3890000.0,778971.2465790733
RET-05207,26000.0,9750000.0,337424.08136337524
RET-05208,65000.0,21560000.0,2255914.3929247214
RET-05209,43000.0,3590000.0,494176.14989322366
RET-05210,118000.0,20620000.0,1224169.2542441837
RET-05211,18000.0,6010000.0,462157.16781216767
RET-05212,11000.0,7250000.0,283813.4742905306
RET-05213,5000.0,4890000.0,170388.68496437347
RET-05214,7000.0,3370000.0,75865.92214159896
RET-05215,12000.0,6680000.0,248961.39194974766
RET-05216,18000.0,3320000.0,372854.57816162024
RET-05217,4000.0,2230000.0,68613.64559547989
RET-05218,18000.0,5680000.0,571022.3794732145
RET-05219,48000.0,6430000.0,1434223.3988866867
RET-05220,15000.0,7440000.0,479826.18945629324
RET-05221,8000.0,7410000.0,194020.1864475535
RET-05222,9000.0,3180000.0,225573.72436599282
RET-05223,34000.0,6290000.0,929010.3610465406
RET-05224,21000.0,5400000.0,628915.9009618167
RET-05225,39000.0,10630000.0,761788.3455643572
RET-05226,2000.0,10420000.0,61242.93292244841
RET-05227,5000.0,4180000.0,55925.24001511917
RET-05228,76000.0,10460000.0,1636952.4387534787
RET-05229,41000.0,4840000.0,477714.8757381624
RET-05230,11000.0,1110000.0,110272.30947290403
RET-05231,4000.0,790000.0,94455.89760291824
RET-05232,11000.0,3490000.0,112913.80183465737
RET-05233,15000.0,4670000.0,488837.04207712796
RET-05234,43000.0,12330000.0,433202.9633627862
RET-05235,47000.0,4000000.0,1173355.2015085616
RET-05236,26000.0,7880000.0,560103.2562700644
RET-05237,23000.0,6720000.0,421841.6896299253
RET-05238,72000.0,7760000.0,1841793.7263193454
RET-05239,13000.0,6300000.0,174576.84594129422
RET-05240,4000.0,6510000.0,64623.83237091539
RET-05241,0.0,2200000.0,0.0
RET-05242,27000.0,10150000.0,768984.8679197156
RET-05243,17000.0,7810000.0,231703.82863961198
RET-05244,5000.0,3190000.0,124509.01750749868
RET-05245,13000.0,1690000.0,358037.1789625181
RET-05246,3000.0,2330000.0,101855.88913605109
RET-05247,20000.0,7020000.0,452437.3361043896
RET-05248,2000.0,3550000.0,55192.000862997666
RET-05249,13000.0,3250000.0,249741.0741599237
RET-05250,10000.0,14590000.0,260830.56103362446
RET-05251,48000.0,5130000.0,850500.3271464342
RET-05252,27000.0,7070000.0,604343.7333813293
RET-05253,10000.0,3470000.0,260413.57306968284
RET-05254,4000.0,3650000.0,132345.44047491567
RET-05255,13000.0,1490000.0,392954.447977714
RET-05256,51000.0,12010000.0,1655003.268581321
RET-05257,19000.0,5720000.0,440875.3736445421
RET-05258,43000.0,8970000.0,1033579.7040138404
RET-05259,40000.0,5560000.0,738927.8724235011
RET-05260,13000.0,4890000.0,291537.08518507663
RET-05261,27000.0,8310000.0,727561.3790463213
RET-05262,7000.0,650000.0,149984.0022551559
RET-05263,6000.0,930000.0,143759.93912507893
RET-05264,22000.0,5800000.0,639142.4944976261
RET-05265,7000.0,2400000.0,163657.51164701037
RET-05266,8000.0,6930000.0,174540.8140902962
RET-05267,12000.0,1720000.0,427301.14741333475
RET-05268,15000.0,5220000.0,179610.3809078105
RET-05269,23000.0,7130000.0,751186.7142994339
RET-05270,17000.0,4430000.0,259260.14779276427
RET-05271,25000.0,7990000.0,614634.9507710219
RET-05272,18000.0,3080000.0,451399.0134022429
RET-05273,14000.0,10870000.0,318592.7384292612
RET-05274,6000.0,9240000.0,98311.1591138692
RET-05275,4000.0,5080000.0,135677.57793100065
RET-05276,20000.0,2570000.0,202224.9443065186
RET-05277,9000.0,2320000.0,318099.51281638624
RET-05278,2000.0,2750000.0,30089.016995224527
RET-05279,9000.0,1040000.0,256941.0228593674
RET-05280,10000.0,5530000.0,186578.19331506858
RET-05281,23000.0,6870000.0,454658.41242964554
RET-05282,9000.0,3970000.0,168341.99356413734
RET-05283,28000.0,8700000.0,550566.4794622413
RET-05284,10000.0,2780000.0,263063.7632688611
RET-05285,20000.0,7110000.0,607798.6934317866
RET-05286,6000.0,1800000.0,80823.6698749532
RET-05287,3000.0,5230000.0,95193.50202752616
RET-05288,21000.0,2960000.0,748366.0227731963
RET-05289,10000.0,5640000.0,282434.1578519467
RET-05290,18000.0,1460000.0,370592.367098039
RET-05291,4000.0,3470000.0,80649.63646073824
RET-05292,10000.0,13730000.0,337515.67282969726
RET-05293,11000.0,15780000.0,350736.1051475051
RET-05294,4000.0,3080000.0,143155.8079167652
RET-05295,8000.0,3120000.0,234102.92081830924
RET-05296,6000.0,2390000.0,111487.4321018913
RET-05297,23000.0,2860000.0,740135.6794436079
RET-05298,12000.0,1690000.0,225417.46941787505
RET-05299,19000.0,4240000.0,240619.26657927514
RET-05300,13000.0,3020000.0,406195.5558573534
RET-05301,6000.0,1720000.0,155452.42404772877
RET-05302,2000.0,4320000.0,53679.41892314329
RET-05303,11000.0,1670000.0,201034.4081045355
RET-05304,0.0,2480000.0,0.0
RET-05305,18000.0,11930000.0,444755.7624506881
RET-05306,22000.0,2090000.0,656475.749530057
RET-05307,65000.0,5820000.0,2152426.9855583785
RET-05308,15000.0,3650000.0,514660.4586170334
RET-05309,8000.0,2160000.0,246449.5211378603
RET-05310,16000.0,14190000.0,341182.8202440948
RET-05311,15000.0,3810000.0,272473.2427740008
RET-05312,16000.0,5340000.0,291325.8367789625
RET-05313,55000.0,17220000.0,1307628.79402704
RET-05314,3000.0,5990000.0,53988.37666519681
RET-05315,39000.0,4270000.0,936563.2599833986
RET-05316,2000.0,5490000.0,58724.122347996905
RET-05317,12000.0,3290000.0,141119.4598499442
RET-05318,18000.0,1430000.0,409420.2752677354
RET-05319,39000.0,5860000.0,1056925.7916055229
RET-05320,1000.0,2740000.0,33580.57319289807
RET-05321,34000.0,10280000.0,1036794.6724381179
RET-05322,5000.0,1150000.0,131010.59279277326
RET-05323,9000.0,2470000.0,265488.9546673277
RET-05324,4000.0,2830000.0,79547.06292135376
RET-05325,5000.0,6700000.0,61669.99303448444
RET-05326,6000.0,1530000.0,162322.64328381664
RET-05327,56000.0,17340000.0,1390418.082503264
RET-05328,27000.0,5170000.0,857396.7342591838
RET-05329,19000.0,9710000.0,279140.9773146583
RET-05330,9000.0,3640000.0,316111.45424064307
RET-05331,4000.0,850000.0,130221.21771530237
RET-05332,56000.0,19930000.0,1750578.2019924435
RET-05333,20000.0,23350000.0,431834.2036227519
RET-05334,20000.0,4120000.0,371243.83334280254
RET-05335,2000.0,2520000.0,64133.22363080854
RET-05336,12000.0,6790000.0,242560.73760245647
RET-05337,22000.0,5650000.0,522784.27217734617
RET-05338,20000.0,5780000.0,366023.57719895506
RET-05339,8000.0,2200000.0,208633.87451994326
RET-05340,50000.0,9630000.0,1334205.2299686428
RET-05341,12000.0,2530000.0,126480.73837719187
RET-05342,12000.0,1250000.0,164431.78409566835
RET-05343,19000.0,3230000.0,511213.3085802544
RET-05344,18000.0,8850000.0,574279.8870906617
RET-05345,35000.0,4280000.0,1128088.984970918
RET-05346,8000.0,3340000.0,137538.91561204527
RET-05347,0.0,1000000.0,0.0
RET-05348,10000.0,1700000.0,175425.55437344298
RET-05349,5000.0,4740000.0,127856.8787633772
RET-05350,6000.0,3210000.0,102828.35795714916
RET-05351,31000.0,8390000.0,923135.9872652146
RET-05352,14000.0,4120000.0,486586.3903313749
RET-05353,21000.0,13500000.0,734399.2101405608
RET-05354,31000.0,7350000.0,394414.8587484254
RET-05355,13000.0,1050000.0,441950.49252457015
RET-05356,33000.0,10400000.0,910145.883639276
RET-05357,63000.0,4800000.0,1103890.4179448164
RET-05358,2000.0,1370000.0,49826.21162182271
RET-05359,6000.0,6450000.0,90073.53888492266
RET-05360,6000.0,3330000.0,208819.61499553488
RET-05361,19000.0,1410000.0,545002.5438143907
RET-05362,34000.0,3170000.0,1155340.0852205309
RET-05363,6000.0,9970000.0,69761.17861464943
RET-05364,9000.0,8140000.0,288956.0142743033
RET-05365,19000.0,2010000.0,439383.65147394885
RET-05366,10000.0,1930000.0,142009.1339942141
RET-05367,36000.0,9900000.0,402631.9587803728
RET-05368,9000.0,3960000.0,207063.94951127496
RET-05369,18000.0,25890000.0,647714.3125686995
RET-05370,57000.0,14060000.0,1541161.69657309
RET-05371,9000.0,15540000.0,128181.79645126543
RET-05372,12000.0,2510000.0,128096.90801512603
RET-05373,15000.0,6820000.0,329107.90240180504
RET-05374,10000.0,2560000.0,289756.86898212734
RET-05375,1000.0,1390000.0,18587.371193960676
RET-05376,6000.0,4250000.0,71078.46775367498
RET-05377,5000.0,6410000.0,99013.62014265057
RET-05378,17000.0,2460000.0,376022.45622843574
RET-05379,20000.0,12860000.0,492429.964805465
RET-05380,2000.0,1140000.0,42331.888997060676
RET-05381,48000.0,16000000.0,616290.7574268762
RET-05382,6000.0,1580000.0,77139.67553312228
RET-05383,18000.0,5240000.0,386038.0249689773
RET-05384,4000.0,5850000.0,47135.17407371254
RET-05385,26000.0,2440000.0,492177.2866672243
RET-05386,4000.0,2250000.0,63113.39980200576
RET-05387,40000.0,15990000.0,505466.4654819487
RET-05388,21000.0,3390000.0,380249.91213706596
RET-05389,10000.0,1330000.0,316912.9804537577
RET-05390,5000.0,5220000.0,148016.4523685055
RET-05391,7000.0,4350000.0,129103.6313644861
RET-05392,4000.0,3250000.0,56116.90169451771
RET-05393,9000.0,5630000.0,159319.96084691718
RET-05394,21000.0,4150000.0,601562.1408219773
RET-05395,24000.0,8730000.0,459195.33696744306
RET-05396,18000.0,2090000.0,422217.6354556182
RET-05397,43000.0,10120000.0,1507352.5581256018
RET-05398,44000.0,4830000.0,1053166.4679634757
RET-05399,33000.0,3890000.0,614572.23490652
RET-05400,79000.0,13620000.0,792493.9150087213
RET-05401,26000.0,9780000.0,566927.2196883686
RET-05402,4000.0,3740000.0,113647.64977466849
RET-05403,30000.0,1740000.0,573136.9371475796
RET-05404,1000.0,2810000.0,21561.8972727897
RET-05405,21000.0,2620000.0,633200.7790119139
RET-05406,12000.0,4490000.0,394008.90048043383
RET-05407,26000.0,2350000.0,824525.2167289833
RET-05408,24000.0,6330000.0,507718.1607441615
RET-05409,6000.0,8810000.0,106695.85458112726
RET-05410,4000.0,2140000.0,98606.05794654385
RET-05411,7000.0,960000.0,143490.8748361656
RET-05412,12000.0,1100000.0,159543.92104399644
RET-05413,33000.0,21530000.0,764493.5066643583
RET-05414,11000.0,3130000.0,212163.5966726066
RET-05415,18000.0,2650000.0,288635.85758852854
RET-05416,23000.0,3000000.0,351453.6394996768
RET-05417,5000.0,2350000.0,147675.51770985185
RET-05418,8000.0,3750000.0,193247.6409073285
RET-05419,32000.0,10680000.0,1004982.4193504943
RET-05420,21000.0,4040000.0,753959.5028121846
RET-05421,31000.0,8470000.0,1066681.124681736
RET-05422,3000.0,2930000.0,48393.868059863256
RET-05423,2000.0,4590000.0,63649.98112664788
RET-05424,6000.0,1030000.0,148498.38963728247
RET-05425,7000.0,4220000.0,191110.21616282078
RET-05426,8000.0,1400000.0,241045.34792201797
RET-05427,14000.0,3230000.0,183112.60518025153
RET-05428,29000.0,10950000.0,628568.6963452896
RET-05429,2000.0,3050000.0,36025.821299908814
RET-05430,11000.0,1000000.0,358887.0703724171
RET-05431,79000.0,24100000.0,1527905.9069958988
RET-05432,15000.0,8130000.0,530285.4076285894
RET-05433,30000.0,2760000.0,458370.4864986975
RET-05434,35000.0,12230000.0,852913.7485325962
RET-05435,9000.0,7890000.0,241134.12365804412
RET-05436,0.0,4700000.0,0.0
RET-05437,9000.0,1770000.0,151563.0944457453
RET-05438,1000.0,2280000.0,22134.3672969958
RET-05439,9000.0,4190000.0,91485.69644196522
RET-05440,8000.0,4010000.0,186464.85109571222
RET-05441,15000.0,5250000.0,245758.52334292786
RET-05442,14000.0,4160000.0,492926.7752426265
RET-05443,4000.0,4340000.0,45907.415139320474
RET-05444,25000.0,6080000.0,423872.57722573297
RET-05445,15000.0,4610000.0,521073.95471374283
RET-05446,14000.0,4780000.0,224840.56504105264
RET-05447,30000.0,5450000.0,487093.81555936055
RET-05448,8000.0,10540000.0,179999.46935484582
RET-05449,8000.0,4720000.0,190492.2421283274
RET-05450,16000.0,6630000.0,365273.1929405179
RET-05451,13000.0,4780000.0,322712.2603466195
RET-05452,3000.0,1180000.0,98500.8582369456
RET-05453,12000.0,4190000.0,346301.8378387508
RET-05454,18000.0,2820000.0,346835.6252965933
RET-05455,35000.0,12640000.0,835945.8849660733
RET-05456,13000.0,4790000.0,305117.0563094435
RET-05457,12000.0,13300000.0,193271.396882884
RET-05458,25000.0,5920000.0,294686.94057413726
RET-05459,56000.0,13210000.0,1750252.5213559768
RET-05460,14000.0,6270000.0,478711.35089017556
RET-05461,5000.0,2750000.0,51062.12786371238
RET-05462,30000.0,2570000.0,348679.54283509305
RET-05463,4000.0,11170000.0,45308.87473423247
RET-05464,2000.0,3870000.0,65234.32149633808
RET-05465,8000.0,1960000.0,181652.60159927863
RET-05466,11000.0,2180000.0,252560.77617908933
RET-05467,30000.0,2490000.0,639796.7173200272
RET-05468,45000.0,2690000.0,1048158.4611253047
RET-05469,3000.0,6180000.0,37126.49774706215
RET-05470,17000.0,2310000.0,573637.501832953
RET-05471,4000.0,2880000.0,113815.30240332222
RET-05472,7000.0,11920000.0,239931.49189436605
RET-05473,14000.0,2200000.0,148055.42798730632
RET-05474,14000.0,5060000.0,385449.7049147909
RET-05475,13000.0,8080000.0,402948.29087535455
RET-05476,17000.0,10430000.0,543772.1296083042
RET-05477,21000.0,2250000.0,397398.0853920419
RET-05478,1000.0,4020000.0,18179.38976753546
RET-05479,20000.0,2800000.0,657266.7313468896
RET-05480,27000.0,1520000.0,659769.2128975136
RET-05481,9000.0,5120000.0,214846.43758817314
RET-05482,8000.0,2480000.0,120419.50221212789
RET-05483,3000.0,3740000.0,33692.92615718268
RET-05484,8000.0,9330000.0,225156.26291216575
RET-05485,20000.0,5360000.0,231779.13095624963
RET-05486,24000.0,2130000.0,460301.00666567887
RET-05487,7000.0,2140000.0,230610.70806061398
RET-05488,2000.0,3530000.0,67366.70879190862
RET-05489,6000.0,6230000.0,115228.41552955683
RET-05490,13000.0,2030000.0,265461.34613348544
RET-05491,21000.0,7750000.0,528356.1608982261
RET-05492,6000.0,1960000.0,213251.22796059254
RET-05493,8000.0,3460000.0,173837.58523745273
RET-05494,34000.0,8760000.0,1037092.2684944795
RET-05495,7000.0,2090000.0,152535.3883668562
RET-05496,18000.0,2390000.0,227979.85935043756
RET-05497,11000.0,6210000.0,288765.763681832
RET-05498,9000.0,6500000.0,162973.57408988586
RET-05499,14000.0,1030000.0,355761.3056330857
RET-05500,17000.0,5410000.0,284958.2614571796
RET-05501,15000.0,1920000.0,299669.5281154548
RET-05502,7000.0,8680000.0,163800.93348570555
RET-05503,8000.0,2790000.0,151172.6538108869
RET-05504,15000.0,4680000.0,521663.6760888104
RET-05505,2000.0,1200000.0,49403.37010016064
RET-05506,4000.0,2450000.0,138595.27785899004
RET-05507,27000.0,7510000.0,361130.6158054921
RET-05508,7000.0,6800000.0,132645.45507528627
RET-05509,7000.0,610000.0,163622.06531957941
RET-05510,2000.0,2070000.0,65909.11628705534
RET-05511,41000.0,6860000.0,878148.2520430428
RET-05512,1000.0,7910000.0,28232.809430933037
RET-05513,12000.0,2870000.0,312766.0025133877
RET-05514,24000.0,3920000.0,244241.13789040834
RET-05515,18000.0,12840000.0,483128.13288820744
RET-05516,17000.0,2460000.0,425140.5817200016
RET-05517,2000.0,3230000.0,36635.40875199453
RET-05518,5000.0,6930000.0,119075.09766572788
RET-05519,14000.0,5320000.0,161345.21973225815
RET-05520,53000.0,12380000.0,635669.9929773075
RET-05521,2000.0,670000.0,58627.0121423899
RET-05522,8000.0,840000.0,256494.5008491228
RET-05523,12000.0,1210000.0,282049.11377331795
RET-05524,1000.0,8400000.0,24895.270890586096
RET-05525,7000.0,6840000.0,76634.52193420073
RET-05526,1000.0,1090000.0,18640.44186814284
RET-05527,4000.0,2490000.0,143099.80536910894
RET-05528,18000.0,2020000.0,515341.7041793259
RET-05529,7000.0,4710000.0,104009.56919224786
RET-05530,19000.0,4960000.0,649931.5153189878
RET-05531,97000.0,23440000.0,2760450.999686818
RET-05532,0.0,1920000.0,0.0
RET-05533,10000.0,1060000.0,293131.45736005384
RET-05534,9000.0,3160000.0,109691.30549014156
RET-05535,38000.0,10840000.0,1047747.216860738
RET-05536,13000.0,1940000.0,223350.38869630973
RET-05537,9000.0,3220000.0,282051.45232017623
RET-05538,23000.0,10030000.0,543131.4836802797
RET-05539,20000.0,11340000.0,320193.41922094027
RET-05540,11000.0,4150000.0,321657.0892998135
RET-05541,7000.0,4310000.0,123447.82066464626
RET-05542,2000.0,2840000.0,54369.803854297155
RET-05543,18000.0,3080000.0,424644.8282053576
RET-05544,19000.0,4670000.0,437562.18431919755
RET-05545,15000.0,3290000.0,438889.5696447097
RET-05546,10000.0,2050000.0,292748.38626736985
RET-05547,15000.0,3680000.0,373031.7082739926
RET-05548,12000.0,4180000.0,161235.63025317443
RET-05549,27000.0,1940000.0,557452.4123006689
RET-05550,32000.0,20130000.0,1130856.0895362538
RET-05551,47000.0,8000000.0,743475.6942296145
RET-05552,80000.0,23140000.0,1303172.7124667587
RET-05553,37000.0,7940000.0,606076.132761331
RET-05554,7000.0,6330000.0,116453.38955290699
RET-05555,5000.0,2500000.0,101363.19944493276
RET-05556,15000.0,9090000.0,509536.42868880194
RET-05557,9000.0,5330000.0,115422.8667182837
RET-05558,4000.0,3710000.0,136280.11964690473
RET-05559,10000.0,1130000.0,158052.00742172817
RET-05560,3000.0,3900000.0,68153.96213853195
RET-05561,17000.0,12030000.0,541053.1153116758
RET-05562,16000.0,17700000.0,470130.80913982075
RET-05563,117000.0,54110000.0,4166192.074336695
RET-05564,11000.0,6310000.0,182570.31245251404
RET-05565,17000.0,2100000.0,282799.0166853761
RET-05566,21000.0,1810000.0,605644.726239599
RET-05567,22000.0,5100000.0,780113.7239349545
RET-05568,10000.0,11750000.0,357389.06779047666
RET-05569,3000.0,8430000.0,41253.10409773257
RET-05570,8000.0,2210000.0,283387.0378695755
RET-05571,19000.0,7820000.0,208893.85569947807
RET-05572,5000.0,2810000.0,73433.57045467423
RET-05573,5000.0,4090000.0,133324.20796482722
RET-05574,5000.0,3940000.0,110608.93475997326
RET-05575,10000.0,3390000.0,265153.3355876469
RET-05576,6000.0,2510000.0,98294.01659975616
RET-05577,4000.0,11590000.0,92724.29607133035
RET-05578,25000.0,6070000.0,723257.5041125714
RET-05579,2000.0,3300000.0,29535.60836989792
RET-05580,1000.0,4820000.0,34362.85561785201
RET-05581,8000.0,2920000.0,248932.4673836936
RET-05582,20000.0,1190000.0,589469.0612881439
RET-05583,15000.0,5370000.0,417366.0138988455
RET-05584,10000.0,1730000.0,143635.26724805828
RET-05585,12000.0,15020000.0,403349.899701914
RET-05586,6000.0,2710000.0,145020.0803650405
RET-05587,26000.0,4390000.0,331113.8511039094
RET-05588,30000.0,8980000.0,1024504.2829234496
RET-05589,78000.0,4930000.0,2091215.3302669134
RET-05590,15000.0,5330000.0,468393.4121130631
RET-05591,14000.0,2980000.0,338842.2138127982
RET-05592,8000.0,3100000.0,253528.80477231627
RET-05593,0.0,10670000.0,0.0
RET-05594,8000.0,3510000.0,196774.60709665247
RET-05595,9000.0,3290000.0,202570.08137871342
RET-05596,12000.0,4980000.0,297235.8027827811
RET-05597,1000.0,910000.0,12275.114975163944
RET-05598,2000.0,1510000.0,67597.95277115845
RET-05599,18000.0,7910000.0,574856.4038133618
RET-05600,0.0,1980000.0,0.0
RET-05601,25000.0,4770000.0,655866.8207422874
RET-05602,28000.0,7510000.0,319636.4280577291
RET-05603,4000.0,1740000.0,40883.034868580246
RET-05604,3000.0,1990000.0,53314.53844352211
RET-05605,13000.0,1240000.0,449422.88654979493
RET-05606,42000.0,8950000.0,1290931.960305509
RET-05607,16000.0,3200000.0,364447.6269787795
RET-05608,15000.0,3540000.0,372775.59655365744
RET-05609,23000.0,8640000.0,697583.433175469
RET-05610,4000.0,4830000.0,59141.299768932964
RET-05611,14000.0,8120000.0,354340.757003466
RET-05612,66000.0,21870000.0,1440504.3318890962
RET-05613,16000.0,2040000.0,533205.6558076802
RET-05614,91000.0,10160000.0,1934557.8614962804
RET-05615,17000.0,5930000.0,381734.37497326575
RET-05616,4000.0,2760000.0,120381.46140607679
RET-05617,21000.0,4500000.0,287664.0030587305
RET-05618,3000.0,7010000.0,64240.14626284926
RET-05619,11000.0,5900000.0,392532.4419458109
RET-05620,15000.0,4290000.0,166763.31229806633
RET-05621,23000.0,7910000.0,810473.6707315438
RET-05622,14000.0,4000000.0,269003.9051561536
RET-05623,15000.0,5310000.0,182068.22574083804
RET-05624,38000.0,8480000.0,1270597.9637659993
RET-05625,28000.0,4970000.0,727812.8070109745
RET-05626,1000.0,700000.0,22683.558078574802
RET-05627,56000.0,20810000.0,1851131.4683700064
RET-05628,36000.0,8260000.0,953105.1909979992
RET-05629,35000.0,8570000.0,1199528.3996463714
RET-05630,40000.0,8500000.0,634361.0537977114
RET-05631,41000.0,6570000.0,809994.0439424217
RET-05632,2000.0,870000.0,32207.734297715568
RET-05633,10000.0,2730000.0,341054.8116178267
RET-05634,71000.0,35020000.0,1798395.3823190602
RET-05635,7000.0,3610000.0,216721.99179516025
RET-05636,5000.0,6830000.0,137234.05936636485
RET-05637,42000.0,17020000.0,822217.2813461303
RET-05638,22000.0,6230000.0,540192.8779994154
RET-05639,15000.0,1180000.0,350508.2245452373
RET-05640,15000.0,13360000.0,345222.2459007884
RET-05641,9000.0,2880000.0,289946.0775091684
RET-05642,6000.0,6580000.0,201296.40084061332
RET-05643,23000.0,2240000.0,329855.8081387138
RET-05644,1000.0,1880000.0,16779.88001816874
RET-05645,10000.0,6310000.0,184238.19485016126
RET-05646,25000.0,17800000.0,278946.03910527553
RET-05647,6000.0,1880000.0,91872.70410078189
RET-05648,23000.0,5370000.0,826558.2947690438
RET-05649,5000.0,1420000.0,69825.81519642213
RET-05650,99000.0,8210000.0,3267869.061840671
RET-05651,33000.0,4800000.0,1149227.1700150657
RET-05652,13000.0,4800000.0,401547.8287079516
RET-05653,14000.0,6740000.0,439394.964977948
RET-05654,13000.0,4920000.0,221720.96265214612
RET-05655,12000.0,3040000.0,134815.12928862643
RET-05656,8000.0,1110000.0,257911.97661419143
RET-05657,14000.0,4800000.0,186546.64267424744
RET-05658,13000.0,4030000.0,457099.39529192034
RET-05659,1000.0,1470000.0,21268.59228974848
RET-05660,0.0,4950000.0,0.0
RET-05661,23000.0,3940000.0,230198.8522938059
RET-05662,2000.0,2400000.0,29560.27227022002
RET-05663,10000.0,3470000.0,146768.0562385936
RET-05664,5000.0,2770000.0,59702.50766544019
RET-05665,8000.0,5650000.0,80756.95460607584
RET-05666,23000.0,5420000.0,337981.9456223781
RET-05667,6000.0,1410000.0,179462.10412015812
RET-05668,13000.0,1570000.0,190486.65023064578
RET-05669,2000.0,1950000.0,63402.57609003756
RET-05670,9000.0,6110000.0,201756.65992774352
RET-05671,7000.0,4930000.0,90950.4146588248
RET-05672,4000.0,2490000.0,138228.91815340277
RET-05673,6000.0,1190000.0,141155.1218834935
RET-05674,5000.0,860000.0,159576.6820458569
RET-05675,37000.0,10230000.0,960644.0234225376
RET-05676,42000.0,3390000.0,740196.301362388
RET-05677,2000.0,5930000.0,57877.55276571884
RET-05678,6000.0,8040000.0,135141.2124874614
RET-05679,5000.0,3820000.0,172189.78197893148
RET-05680,53000.0,4880000.0,975426.5789778497
RET-05681,8000.0,7570000.0,247869.27070595458
RET-05682,11000.0,6190000.0,181296.29751694697
RET-05683,25000.0,5320000.0,469435.73645797523
RET-05684,2000.0,2160000.0,34790.005559938276
RET-05685,14000.0,2230000.0,451435.2300205188
RET-05686,6000.0,3870000.0,185987.13494154398
RET-05687,23000.0,9430000.0,460692.9493561438
RET-05688,47000.0,2150000.0,1584374.4843225486
RET-05689,9000.0,710000.0,257850.83249294752
RET-05690,11000.0,920000.0,140114.57717988
RET-05691,2000.0,9780000.0,29074.575733810994
RET-05692,11000.0,6180000.0,267458.9746084895
RET-05693,21000.0,5880000.0,403049.55272031116
RET-05694,3000.0,6590000.0,91031.91524954796
RET-05695,5000.0,2110000.0,137887.49044251099
RET-05696,7000.0,940000.0,181659.61571228635
RET-05697,33000.0,9100000.0,1009679.9229158923
RET-05698,47000.0,9560000.0,1034107.8279165681
RET-05699,9000.0,4420000.0,150399.37037863242
RET-05700,14000.0,4310000.0,148700.6344221243
RET-05701,22000.0,8960000.0,401733.76016650355
RET-05702,68000.0,9430000.0,1640671.6879542542
RET-05703,15000.0,4570000.0,528140.7609592517
RET-05704,7000.0,2030000.0,232011.738707522
RET-05705,0.0,3760000.0,0.0
RET-05706,15000.0,2230000.0,286549.5241539916
RET-05707,2000.0,3790000.0,24845.38144546413
RET-05708,31000.0,2140000.0,825039.5690570701
RET-05709,10000.0,5610000.0,228652.1212951932
RET-05710,9000.0,2500000.0,97265.65211031544
RET-05711,17000.0,2470000.0,249459.77358876882
RET-05712,28000.0,5230000.0,530303.1799839963
RET-05713,5000.0,3200000.0,179626.69877577576
RET-05714,21000.0,5030000.0,519017.45225117286
RET-05715,8000.0,1520000.0,164218.44670684755
RET-05716,28000.0,8220000.0,642398.6589746234
RET-05717,12000.0,2330000.0,161074.36918092374
RET-05718,7000.0,7590000.0,205852.16415364246
RET-05719,10000.0,1610000.0,325534.20103455335
RET-05720,46000.0,8680000.0,1418770.4710010723
RET-05721,16000.0,2640000.0,564519.672316739
RET-05722,18000.0,8010000.0,591945.4914289416
RET-05723,35000.0,13250000.0,773997.2580083833
RET-05724,21000.0,3180000.0,231504.32606938574
RET-05725,6000.0,2120000.0,115465.03513529772
RET-05726,13000.0,2830000.0,172073.42532473686
RET-05727,6000.0,2370000.0,185315.5369001831
RET-05728,20000.0,5870000.0,647118.9689447897
RET-05729,7000.0,2960000.0,144235.69792266746
RET-05730,9000.0,4220000.0,121334.8324622752
RET-05731,11000.0,2760000.0,328470.9704782504
RET-05732,15000.0,4480000.0,289616.07179897337
RET-05733,2000.0,5680000.0,46868.176838884014
RET-05734,1000.0,8560000.0,10417.394697488504
RET-05735,8000.0,1180000.0,248196.82598704635
RET-05736,2000.0,3690000.0,70135.51071009626
RET-05737,11000.0,4470000.0,271746.86082107393
RET-05738,14000.0,7060000.0,212865.62150806343
RET-05739,9000.0,3090000.0,228502.64336064018
RET-05740,1000.0,16110000.0,34153.708820481
RET-05741,14000.0,5410000.0,269417.07424551045
RET-05742,3000.0,2440000.0,86810.77607907413
RET-05743,10000.0,590000.0,319940.70983486547
RET-05744,18000.0,7270000.0,256803.33341743646
RET-05745,2000.0,19510000.0,43754.41975422479
RET-05746,35000.0,17430000.0,362526.8599002578
RET-05747,25000.0,3400000.0,814721.0196620993
RET-05748,8000.0,5380000.0,217876.86215281123
RET-05749,22000.0,2240000.0,360411.66819637077
RET-05750,25000.0,5750000.0,824357.0325164694
RET-05751,11000.0,13960000.0,126501.36307929736
RET-05752,25000.0,8920000.0,292404.2012160397
RET-05753,4000.0,8900000.0,59858.804719743144
RET-05754,3000.0,5040000.0,51816.833013332434
RET-05755,39000.0,15100000.0,1095088.252571151
RET-05756,5000.0,2230000.0,147334.92806402256
RET-05757,7000.0,1650000.0,89457.82943317591
RET-05758,13000.0,2270000.0,428474.6208434977
RET-05759,1000.0,2150000.0,30003.822378960762
RET-05760,0.0,8030000.0,0.0
RET-05761,3000.0,810000.0,31062.580738925746
RET-05762,4000.0,2150000.0,49921.44122382214
RET-05763,13000.0,2500000.0,317386.5118979227
RET-05764,0.0,3210000.0,0.0
RET-05765,20000.0,4210000.0,606637.5823215299
RET-05766,36000.0,9330000.0,1062403.72157956
RET-05767,2000.0,1270000.0,35377.00635575354
RET-05768,29000.0,7770000.0,389029.5159686836
RET-05769,6000.0,3620000.0,69500.98389620376
RET-05770,28000.0,3190000.0,638059.584175587
RET-05771,13000.0,4140000.0,280613.4511341119
RET-05772,23000.0,1760000.0,597425.3565657765
RET-05773,22000.0,2160000.0,566664.479139158
RET-05774,11000.0,11140000.0,350978.00993051653
RET-05775,7000.0,4020000.0,210322.3172978763
RET-05776,3000.0,5950000.0,76595.36016185336
RET-05777,18000.0,9200000.0,626373.481688872
RET-05778,26000.0,6780000.0,579912.5977059404
RET-05779,5000.0,3770000.0,174221.0061703229
RET-05780,19000.0,4320000.0,306755.50825215795
RET-05781,9000.0,1970000.0,322106.8134452998
RET-05782,4000.0,2460000.0,107835.13039652426
RET-05783,20000.0,3590000.0,205535.4737717483
RET-05784,11000.0,7990000.0,184784.01996919606
RET-05785,12000.0,15840000.0,372597.7184017061
RET-05786,4000.0,2390000.0,58055.40807316945
RET-05787,27000.0,8010000.0,684153.1526727034
RET-05788,22000.0,6190000.0,577164.1599183154
RET-05789,52000.0,14120000.0,710570.3162957273
RET-05790,5000.0,4340000.0,137881.67860159153
RET-05791,35000.0,2600000.0,456367.7987862324
RET-05792,11000.0,4340000.0,230158.38800754622
RET-05793,6000.0,3610000.0,121401.98474155857
RET-05794,1000.0,3970000.0,16181.19582966505
RET-05795,3000.0,1420000.0,35125.450031715336
RET-05796,7000.0,3340000.0,108710.36284292037
RET-05797,22000.0,4700000.0,518388.5756939627
RET-05798,64000.0,19780000.0,1583799.9963307711
RET-05799,5000.0,4090000.0,52877.010728272064
RET-05800,19000.0,5530000.0,601677.5953366134
RET-05801,12000.0,3700000.0,393032.636626009
RET-05802,43000.0,11320000.0,1066347.0059378394
RET-05803,15000.0,4780000.0,532584.614279487
RET-05804,11000.0,5520000.0,395298.29302884993
RET-05805,21000.0,3470000.0,257055.73185580017
RET-05806,8000.0,1180000.0,280206.1005960296
RET-05807,11000.0,2960000.0,237136.50613435498
RET-05808,9000.0,2670000.0,232350.74442985456
RET-05809,4000.0,1960000.0,72029.64905653434
RET-05810,2000.0,1310000.0,33065.428405064995
RET-05811,13000.0,4180000.0,422746.88403472403
RET-05812,7000.0,7750000.0,196443.70059628674
RET-05813,9000.0,2460000.0,287458.16866872984
RET-05814,12000.0,3940000.0,131330.8897734057
RET-05815,5000.0,11370000.0,176219.1833926616
RET-05816,8000.0,710000.0,205622.92311454428
RET-05817,8000.0,3570000.0,219001.99353282226
RET-05818,112000.0,20140000.0,1395382.5870828624
RET-05819,2000.0,9900000.0,42842.16519423924
RET-05820,17000.0,7460000.0,397154.72079611546
RET-05821,3000.0,1300000.0,97937.77631404123
RET-05822,18000.0,4770000.0,215393.73234335385
RET-05823,38000.0,4290000.0,776671.3893205004
RET-05824,8000.0,1410000.0,168255.2352259632
RET-05825,3000.0,2440000.0,81221.86195165914
RET-05826,15000.0,2280000.0,430669.3300858126
RET-05827,15000.0,7880000.0,383768.07494330883
RET-05828,25000.0,7290000.0,653273.8284697162
RET-05829,6000.0,930000.0,64579.82365343123
RET-05830,22000.0,7690000.0,458724.21003939863
RET-05831,22000.0,1790000.0,432234.29045031837
RET-05832,15000.0,4460000.0,311100.6529536768
RET-05833,16000.0,1350000.0,413502.2058657314
RET-05834,6000.0,1390000.0,209995.0100714369
RET-05835,36000.0,2430000.0,842614.9922656552
RET-05836,20000.0,6750000.0,336609.06204116414
RET-05837,1000.0,3420000.0,14286.327692096222
RET-05838,46000.0,14080000.0,817834.1289483745
RET-05839,1000.0,2310000.0,29114.965240756792
RET-05840,4000.0,1530000.0,49603.89793927702
RET-05841,13000.0,2380000.0,261756.0298933271
RET-05842,11000.0,1250000.0,294829.9180721009
RET-05843,23000.0,6350000.0,505531.67139123706
RET-05844,1000.0,2880000.0,17408.392851829187
RET-05845,36000.0,2450000.0,372504.59468718065
RET-05846,61000.0,12410000.0,1539565.3955778661
RET-05847,1000.0,6240000.0,21767.845283141996
RET-05848,5000.0,3750000.0,91527.44428139002
RET-05849,4000.0,850000.0,77012.33644230737
RET-05850,12000.0,4760000.0,168625.36270835495
RET-05851,3000.0,5070000.0,61967.062168734126
RET-05852,15000.0,2950000.0,452850.1097895375
RET-05853,17000.0,4460000.0,508800.74002660415
RET-05854,1000.0,5390000.0,17346.645745386075
RET-05855,3000.0,2910000.0,52408.57767922214
RET-05856,12000.0,6250000.0,229208.970752796
RET-05857,7000.0,870000.0,239268.00435839
RET-05858,41000.0,13440000.0,729543.8980291248
RET-05859,19000.0,9960000.0,244378.38210831585
RET-05860,26000.0,10240000.0,850715.2387853456
RET-05861,30000.0,14050000.0,866672.3435748034
RET-05862,15000.0,2990000.0,180470.10754789208
RET-05863,32000.0,2720000.0,1055805.243954992
RET-05864,3000.0,15500000.0,98035.6227746744
RET-05865,15000.0,2350000.0,251519.80740539456
RET-05866,6000.0,2940000.0,69129.45363854076
RET-05867,19000.0,2230000.0,495328.8571428557
RET-05868,40000.0,8470000.0,852688.0043597183
RET-05869,16000.0,3410000.0,564615.8517770696
RET-05870,11000.0,2760000.0,263895.3758316812
RET-05871,13000.0,5120000.0,294778.95030507416
RET-05872,15000.0,1190000.0,403822.24250581634
RET-05873,4000.0,3310000.0,123500.25938528133
RET-05874,4000.0,1490000.0,140006.48904552968
RET-05875,7000.0,1910000.0,235717.86905361086
RET-05876,23000.0,6710000.0,500472.78718415194
RET-05877,36000.0,13340000.0,1031317.031292317
RET-05878,28000.0,4650000.0,993605.9857132084
RET-05879,11000.0,4080000.0,112494.59987780421
RET-05880,5000.0,2120000.0,57755.81243773052
RET-05881,10000.0,5480000.0,201265.97238110084
RET-05882,15000.0,2890000.0,369227.4979995214
RET-05883,13000.0,2340000.0,422472.9746754955
RET-05884,13000.0,4430000.0,156970.55100257625
RET-05885,3000.0,1110000.0,70830.76835610994
RET-05886,30000.0,6070000.0,331568.96988245577
RET-05887,0.0,4690000.0,0.0
RET-05888,4000.0,3970000.0,135130.7710836442
RET-05889,51000.0,24020000.0,1587025.6260728922
RET-05890,16000.0,7100000.0,182717.01279506614
RET-05891,1000.0,660000.0,30270.693662926973
RET-05892,36000.0,9790000.0,629025.0116503509
RET-05893,7000.0,1590000.0,99634.45625739747
RET-05894,39000.0,11910000.0,1195045.2674645258
RET-05895,12000.0,5170000.0,133901.30875922574
RET-05896,11000.0,4150000.0,334340.7808361769
RET-05897,7000.0,7320000.0,229260.5572487076
RET-05898,38000.0,3570000.0,661471.2707889961
RET-05899,10000.0,1310000.0,107906.46621096878
RET-05900,1000.0,7200000.0,24236.365167634376
RET-05901,4000.0,8380000.0,138153.69515265131
RET-05902,1000.0,2330000.0,26250.441696103047
RET-05903,22000.0,2360000.0,310076.77191403025
RET-05904,18000.0,5570000.0,571871.587805123
RET-05905,16000.0,4830000.0,513898.83412198356
RET-05906,24000.0,2430000.0,660186.3154034531
RET-05907,61000.0,4680000.0,907694.1973204638
RET-05908,24000.0,2600000.0,348422.21592846717
RET-05909,22000.0,7600000.0,296156.6831192591
RET-05910,13000.0,5180000.0,393260.99926140707
RET-05911,8000.0,2570000.0,191973.28207973146
RET-05912,29000.0,4750000.0,304843.023643264
RET-05913,13000.0,940000.0,235769.25007887068
RET-05914,7000.0,740000.0,141599.72045409254
RET-05915,25000.0,3550000.0,602036.6190445193
RET-05916,9000.0,5950000.0,263398.19905885484
RET-05917,11000.0,4980000.0,285822.26082742633
RET-05918,22000.0,5860000.0,513073.5700440916
RET-05919,2000.0,1590000.0,55488.89290955688
RET-05920,32000.0,2370000.0,885640.4033221882
RET-05921,36000.0,8580000.0,497941.013208169
RET-05922,56000.0,10160000.0,2013724.3983159424
RET-05923,5000.0,3830000.0,138808.4578147892
RET-05924,9000.0,7390000.0,221519.64316497048
RET-05925,1000.0,760000.0,12358.506774913707
RET-05926,5000.0,4980000.0,100815.33248437107
RET-05927,7000.0,770000.0,171847.42995365243
RET-05928,32000.0,8990000.0,504179.98516898096
RET-05929,5000.0,2650000.0,55388.16974783676
RET-05930,21000.0,5820000.0,633835.1274244651
RET-05931,23000.0,7580000.0,334285.87261620996
RET-05932,17000.0,5820000.0,603608.5435383796
RET-05933,10000.0,1400000.0,327106.4457276641
RET-05934,17000.0,20400000.0,176810.40691204963
RET-05935,2000.0,8580000.0,62105.44760631465
RET-05936,70000.0,5880000.0,1504697.565239731
RET-05937,6000.0,1100000.0,117830.83174651129
RET-05938,7000.0,1920000.0,162679.8603640108
RET-05939,3000.0,4970000.0,73292.69636021975
RET-05940,27000.0,3950000.0,800239.1636467598
RET-05941,61000.0,15970000.0,2121368.817904706
RET-05942,13000.0,4380000.0,436838.23132035026
RET-05943,17000.0,5350000.0,482372.0088264539
RET-05944,25000.0,8130000.0,639551.1236274824
RET-05945,19000.0,14070000.0,438282.98869423126
RET-05946,25000.0,2510000.0,509211.3941018868
RET-05947,27000.0,4850000.0,848233.7721010899
RET-05948,7000.0,15820000.0,200612.26022013897
RET-05949,3000.0,3600000.0,41661.756850153615
RET-05950,25000.0,9630000.0,681844.9328595103
RET-05951,22000.0,9690000.0,330708.24332086433
RET-05952,63000.0,5250000.0,672574.7184395187
RET-05953,9000.0,3440000.0,244636.4730258671
RET-05954,42000.0,15040000.0,1056635.1005931199
RET-05955,22000.0,7540000.0,632228.8806308128
RET-05956,13000.0,7080000.0,417762.4934837408
RET-05957,28000.0,6380000.0,621956.7528760306
RET-05958,22000.0,2640000.0,397225.3716194471
RET-05959,9000.0,8880000.0,240510.5853842913
RET-05960,19000.0,3040000.0,205575.77773664158
RET-05961,22000.0,12510000.0,560566.68046996
RET-05962,18000.0,4050000.0,234691.30333090012
RET-05963,23000.0,7100000.0,677539.5531793003
RET-05964,9000.0,5310000.0,170147.10533192972
RET-05965,42000.0,3970000.0,1281986.8029180653
RET-05966,22000.0,7020000.0,494065.10338799783
RET-05967,8000.0,2570000.0,104137.5326197329
RET-05968,3000.0,3940000.0,66877.43142876322
RET-05969,23000.0,8310000.0,459560.7337984026
RET-05970,4000.0,3520000.0,51172.55668543753
RET-05971,6000.0,8660000.0,186629.23764864
RET-05972,8000.0,2330000.0,194294.45695163764
RET-05973,31000.0,5810000.0,708599.3251681828
RET-05974,19000.0,3070000.0,514773.64373209816
RET-05975,24000.0,4390000.0,545749.1667413
RET-05976,9000.0,810000.0,255624.14782804385
RET-05977,23000.0,3520000.0,792631.4768309243
RET-05978,14000.0,3540000.0,261057.58068490244
RET-05979,18000.0,4050000.0,536989.6044983992
RET-05980,13000.0,6360000.0,213173.39833525094
RET-05981,11000.0,6380000.0,376766.6599683764
RET-05982,40000.0,9250000.0,1401217.1193484403
RET-05983,8000.0,1600000.0,135570.8555147569
RET-05984,11000.0,6970000.0,230724.0942193824
RET-05985,5000.0,3820000.0,59670.86090777777
RET-05986,10000.0,7090000.0,176699.28506846726
RET-05987,19000.0,2710000.0,254180.83185161056
RET-05988,24000.0,15430000.0,246638.91792582226
RET-05989,13000.0,7320000.0,288718.3277469891
RET-05990,24000.0,7310000.0,374972.25749262556
RET-05991,1000.0,12100000.0,33938.1132507834
RET-05992,25000.0,4270000.0,658471.0870505336
RET-05993,11000.0,2390000.0,198068.54877624777
RET-05994,20000.0,5400000.0,633101.5561107027
RET-05995,21000.0,5040000.0,409545.07192972803
RET-05996,1000.0,2540000.0,28633.785057319226
RET-05997,15000.0,4130000.0,506264.5360224817
RET-05998,20000.0,3720000.0,264053.481969124
RET-05999,81000.0,11600000.0,2018062.231814403
RET-06000,4000.0,9430000.0,104217.52979201755
RET-06001,18000.0,4310000.0,592028.7117348023
RET-06002,50000.0,23350000.0,1635294.2735344893
RET-06003,14000.0,3460000.0,265771.3602685718
RET-06004,43000.0,11980000.0,492559.1400395671
RET-06005,21000.0,5150000.0,572347.076332211
RET-06006,1000.0,3490000.0,13381.922118323455
RET-06007,15000.0,9210000.0,275814.26957003324
RET-06008,40000.0,12730000.0,580999.5956707268
RET-06009,9000.0,9930000.0,222229.77030003883
RET-06010,43000.0,5650000.0,1364903.769913876
RET-06011,12000.0,3520000.0,168542.87112108598
RET-06012,5000.0,640000.0,158900.77735149363
RET-06013,2000.0,2360000.0,28473.07364270653
RET-06014,20000.0,6470000.0,356130.4738308044
RET-06015,2000.0,5360000.0,49999.68737808622
RET-06016,35000.0,3300000.0,579244.3499132121
RET-06017,7000.0,1220000.0,156911.27824620283
RET-06018,14000.0,5460000.0,362778.7603587716
RET-06019,3000.0,4860000.0,89330.0557213263
RET-06020,6000.0,11700000.0,87727.47854021478
RET-06021,35000.0,9840000.0,1186671.6748786718
RET-06022,17000.0,1170000.0,267786.4471855421
RET-06023,45000.0,3000000.0,670268.3762190435
RET-06024,5000.0,1880000.0,52194.79695265415
RET-06025,4000.0,720000.0,41396.11909463002
RET-06026,2000.0,4190000.0,34771.199764159304
RET-06027,4000.0,990000.0,131423.80531033804
RET-06028,3000.0,7810000.0,56293.477859905885
RET-06029,27000.0,2310000.0,871413.6979489679
RET-06030,4000.0,1930000.0,45746.96295601569
RET-06031,15000.0,9680000.0,385563.82312987646
RET-06032,13000.0,1670000.0,419395.71198626317
RET-06033,6000.0,2910000.0,99945.1991864533
RET-06034,15000.0,4880000.0,332198.85381449846
RET-06035,0.0,940000.0,0.0
RET-06036,18000.0,5560000.0,345866.2127400209
RET-06037,10000.0,10530000.0,201886.76470208896
RET-06038,1000.0,2840000.0,35496.284832760226
RET-06039,13000.0,6450000.0,446139.3275532004
RET-06040,37000.0,5550000.0,992197.4898826524
RET-06041,35000.0,9490000.0,1043009.4329520154
RET-06042,5000.0,2710000.0,77208.18405704662
RET-06043,86000.0,21720000.0,1889106.3010851347
RET-06044,2000.0,3490000.0,55767.004086232286
RET-06045,18000.0,7400000.0,497421.351987839
RET-06046,14000.0,2840000.0,496413.21835983713
RET-06047,13000.0,5090000.0,442993.2756624124
RET-06048,56000.0,38370000.0,1327628.8274107052
RET-06049,6000.0,8070000.0,65946.67833170814
RET-06050,33000.0,3820000.0,582095.085904896
RET-06051,13000.0,4870000.0,340460.7595078809
RET-06052,1000.0,3390000.0,11715.414523189856
RET-06053,35000.0,7920000.0,1238998.4093900523
RET-06054,21000.0,10740000.0,531275.1991480945
RET-06055,19000.0,4860000.0,285443.3380885104
RET-06056,21000.0,8160000.0,640841.3592768023
RET-06057,38000.0,11110000.0,623896.1986868634
RET-06058,53000.0,3590000.0,1437091.132669878
RET-06059,2000.0,2260000.0,71849.82742827802
RET-06060,5000.0,2480000.0,85008.86349440583
RET-06061,26000.0,10420000.0,290720.18831595033
RET-06062,21000.0,3830000.0,698879.5605141458
RET-06063,35000.0,7330000.0,461779.21115817677
RET-06064,4000.0,3110000.0,131852.63815263266
RET-06065,34000.0,8550000.0,567731.1318031907
RET-06066,3000.0,6930000.0,84202.59001912577
RET-06067,32000.0,6400000.0,325024.44564736227
RET-06068,5000.0,9700000.0,121554.91839172285
RET-06069,4000.0,17790000.0,46713.89184847854
RET-06070,19000.0,12020000.0,649728.2311836896
RET-06071,8000.0,1420000.0,244058.8608205407
RET-06072,2000.0,1230000.0,30138.166949342532
RET-06073,19000.0,4660000.0,249914.4792466267
RET-06074,23000.0,6470000.0,733959.5361118378
RET-06075,4000.0,970000.0,53536.818983156125
RET-06076,15000.0,3250000.0,169267.9101849921
RET-06077,27000.0,18110000.0,480639.3160398758
RET-06078,48000.0,11270000.0,688092.5424115208
RET-06079,6000.0,1390000.0,144145.8753727734
RET-06080,9000.0,600000.0,108072.12994244442
RET-06081,19000.0,5300000.0,252734.75258232083
RET-06082,1000.0,1890000.0,29414.190136231915
RET-06083,4000.0,650000.0,136255.67930307516
RET-06084,2000.0,1730000.0,43953.66749041017
RET-06085,2000.0,2800000.0,58741.432457929324
RET-06086,8000.0,750000.0,199402.23199862379
RET-06087,20000.0,6920000.0,395254.6348966927
RET-06088,8000.0,6440000.0,247089.67723326536
RET-06089,21000.0,6060000.0,211770.06998190962
RET-06090,42000.0,7300000.0,1061872.183555506
RET-06091,17000.0,8630000.0,467408.6122227657
RET-06092,2000.0,6170000.0,38172.16176359595
RET-06093,15000.0,1020000.0,364895.9975814981
RET-06094,17000.0,4010000.0,465988.06044490554
RET-06095,14000.0,1190000.0,178325.37487541864
RET-06096,10000.0,4000000.0,244807.0287802264
RET-06097,13000.0,3080000.0,368364.5826909242
RET-06098,25000.0,15750000.0,528671.7944950474
RET-06099,67000.0,9210000.0,987343.6744007332
RET-06100,13000.0,6730000.0,356653.20009606855
RET-06101,15000.0,5030000.0,331684.84298526926
RET-06102,6000.0,10300000.0,99191.85246217309
RET-06103,24000.0,9580000.0,655165.4176182039
RET-06104,7000.0,5520000.0,195891.6231121457
RET-06105,40000.0,7610000.0,711479.8819433035
RET-06106,18000.0,4240000.0,444302.59056087857
RET-06107,12000.0,1830000.0,389762.8762883289
RET-06108,22000.0,6910000.0,759810.7070270873
RET-06109,12000.0,12520000.0,299545.02996204054
RET-06110,16000.0,3080000.0,260306.14190957125
RET-06111,3000.0,1470000.0,93907.30518588901
RET-06112,0.0,3800000.0,0.0
RET-06113,54000.0,5250000.0,979413.9809704503
RET-06114,31000.0,3030000.0,596494.2410591453
RET-06115,21000.0,3580000.0,242158.01949400903
RET-06116,18000.0,4530000.0,545401.183801018
RET-06117,23000.0,6320000.0,572002.0026228336
RET-06118,36000.0,14070000.0,772371.3016588769
RET-06119,9000.0,1180000.0,109927.19861471152
RET-06120,47000.0,6490000.0,1522403.763892661
RET-06121,37000.0,5510000.0,1327107.2888831655
RET-06122,38000.0,19760000.0,765735.4465686913
RET-06123,11000.0,4540000.0,332400.9826697767
RET-06124,38000.0,9490000.0,913727.6775172501
RET-06125,31000.0,8350000.0,625587.7280955669
RET-06126,12000.0,1860000.0,259864.96950847455
RET-06127,5000.0,8630000.0,144943.22715330677
RET-06128,41000.0,12700000.0,1088530.0302487644
RET-06129,0.0,5610000.0,0.0
RET-06130,20000.0,2740000.0,557888.0611438098
RET-06131,82000.0,23640000.0,1416208.961821536
RET-06132,1000.0,2860000.0,21304.820522367972
RET-06133,22000.0,3020000.0,708701.3258744095
RET-06134,0.0,2950000.0,0.0
RET-06135,10000.0,5570000.0,304076.51858907
RET-06136,1000.0,10750000.0,32146.72288970904
RET-06137,30000.0,6550000.0,909669.6975008636
RET-06138,2000.0,6260000.0,27332.772385095464
RET-06139,59000.0,8330000.0,1357811.304107281
RET-06140,6000.0,1440000.0,206823.62222884689
RET-06141,8000.0,3700000.0,109716.29536792872
RET-06142,6000.0,10180000.0,208456.56612486226
RET-06143,5000.0,3080000.0,133865.73193877382
RET-06144,17000.0,3850000.0,488272.2363640311
RET-06145,43000.0,12920000.0,747138.1675101157
RET-06146,15000.0,5120000.0,275538.9720500751
RET-06147,7000.0,1560000.0,84444.86465275828
RET-06148,13000.0,2140000.0,343331.5967326292
RET-06149,3000.0,1640000.0,45777.57196855739
RET-06150,15000.0,5850000.0,340579.6193855499
RET-06151,23000.0,8590000.0,578419.07939827
RET-06152,23000.0,6580000.0,419565.8516664236
RET-06153,4000.0,1500000.0,52273.168751512814
RET-06154,35000.0,15420000.0,1220915.9901421606
RET-06155,17000.0,5760000.0,439057.3704743219
RET-06156,10000.0,11330000.0,113118.90328676999
RET-06157,20000.0,5190000.0,214714.2014056949
RET-06158,6000.0,2760000.0,168493.57108709335
RET-06159,19000.0,12110000.0,560685.4178912484
RET-06160,29000.0,11260000.0,909777.5631091034
RET-06161,17000.0,5970000.0,252316.87857441042
RET-06162,3000.0,6290000.0,62673.468622492976
RET-06163,4000.0,4010000.0,71736.86882631974
RET-06164,11000.0,8490000.0,233911.2555792168
RET-06165,87000.0,5050000.0,1028080.0952483143
RET-06166,18000.0,5910000.0,447138.7604009626
RET-06167,6000.0,4810000.0,112099.21100359963
RET-06168,9000.0,4220000.0,249146.03468620425
RET-06169,7000.0,1170000.0,107181.91178326354
RET-06170,15000.0,3620000.0,371515.8890318789
RET-06171,59000.0,16800000.0,1415116.864450112
RET-06172,50000.0,18820000.0,1273157.6405895262
RET-06173,21000.0,3360000.0,383097.7943067744
RET-06174,3000.0,5480000.0,98484.7973067938
RET-06175,9000.0,3810000.0,145948.68239106413
RET-06176,20000.0,8000000.0,268484.36776338174
RET-06177,17000.0,1090000.0,319815.6622965549
RET-06178,29000.0,4560000.0,1026447.084092443
RET-06179,7000.0,3620000.0,173506.61473239548
RET-06180,9000.0,2320000.0,184028.43592133047
RET-06181,48000.0,8830000.0,1242302.54705064
RET-06182,57000.0,17690000.0,788969.7059736884
RET-06183,18000.0,3370000.0,399105.13477692154
RET-06184,20000.0,4950000.0,615351.0559018507
RET-06185,12000.0,4020000.0,177318.75009318904
RET-06186,4000.0,4960000.0,125260.27100922704
RET-06187,10000.0,3720000.0,138853.71661617188
RET-06188,13000.0,2930000.0,381766.13568701845
RET-06189,25000.0,2380000.0,285525.53885733924
RET-06190,1000.0,5230000.0,20432.808554749037
RET-06191,8000.0,4630000.0,232383.92700295016
RET-06192,31000.0,4230000.0,609209.7096992967
RET-06193,2000.0,12450000.0,36251.69038271357
RET-06194,53000.0,8210000.0,1189253.6082390365
RET-06195,8000.0,7680000.0,183665.48562701012
RET-06196,13000.0,2140000.0,144096.28086192458
RET-06197,12000.0,2430000.0,162818.8217756206
RET-06198,11000.0,1880000.0,265950.098800384
RET-06199,1000.0,3200000.0,23142.041818393423
RET-06200,15000.0,2790000.0,318295.06247874774
RET-06201,40000.0,3760000.0,822896.0956589427
RET-06202,23000.0,1730000.0,260553.62110722758
RET-06203,29000.0,9420000.0,344533.5884581136
RET-06204,1000.0,710000.0,32641.034967478063
RET-06205,25000.0,3360000.0,516943.0122571501
RET-06206,6000.0,5340000.0,120093.19002396957
RET-06207,105000.0,22370000.0,1203502.9153810763
RET-06208,8000.0,3380000.0,105472.51212292978
RET-06209,14000.0,3770000.0,225862.36304022613
RET-06210,28000.0,6450000.0,792738.3923138132
RET-06211,10000.0,1870000.0,340529.1456811621
RET-06212,69000.0,5090000.0,1719144.6655275926
RET-06213,32000.0,9140000.0,817738.8572940838
RET-06214,13000.0,4830000.0,290719.373822741
RET-06215,14000.0,5860000.0,196813.6168810641
RET-06216,100000.0,22090000.0,1894869.9477591298
RET-06217,45000.0,18780000.0,1532177.7701613277
RET-06218,6000.0,1790000.0,122150.81739183055
RET-06219,15000.0,9070000.0,256245.72932474842
RET-06220,8000.0,3160000.0,111307.59270033267
RET-06221,25000.0,27490000.0,560317.6854722466
RET-06222,12000.0,8030000.0,397961.5779231377
RET-06223,20000.0,4900000.0,633720.9643448918
RET-06224,6000.0,1830000.0,105219.21388998718
RET-06225,8000.0,3370000.0,194676.24929727401
RET-06226,38000.0,5740000.0,798940.0756514145
RET-06227,25000.0,27330000.0,375723.1881363097
RET-06228,6000.0,6260000.0,208208.7121932779
RET-06229,7000.0,2930000.0,172474.64420682084
RET-06230,3000.0,10180000.0,60302.47965209784
RET-06231,39000.0,22320000.0,551831.9756965648
RET-06232,1000.0,1130000.0,35875.43692028967
RET-06233,13000.0,5160000.0,226556.75184399454
RET-06234,28000.0,5500000.0,802533.2211048366
RET-06235,33000.0,6080000.0,1152849.9401257322
RET-06236,23000.0,2600000.0,368484.3947918826
RET-06237,20000.0,2890000.0,315931.6474020473
RET-06238,31000.0,7340000.0,999086.7446227439
RET-06239,23000.0,6020000.0,681709.8912916793
RET-06240,13000.0,4840000.0,301585.04713111895
RET-06241,6000.0,11320000.0,194292.09177688623
RET-06242,2000.0,3960000.0,52014.29061409295
RET-06243,46000.0,13050000.0,822730.7981996294
RET-06244,22000.0,3350000.0,503610.039103105
RET-06245,21000.0,14630000.0,457385.6433114332
RET-06246,12000.0,2990000.0,220799.12531351927
RET-06247,10000.0,2960000.0,300985.7078220349
RET-06248,7000.0,8040000.0,168177.12655119924
RET-06249,7000.0,2810000.0,137164.52388749924
RET-06250,33000.0,17720000.0,1052788.0814271169
RET-06251,31000.0,4910000.0,751165.1046120534
RET-06252,23000.0,4940000.0,309113.1968048224
RET-06253,53000.0,14150000.0,1622824.2100529866
RET-06254,37000.0,7540000.0,1033191.5480035079
RET-06255,92000.0,11090000.0,3272650.0216165115
RET-06256,3000.0,1600000.0,85673.91938820158
RET-06257,10000.0,13440000.0,234271.49939611752
RET-06258,45000.0,6890000.0,1501129.2666527207
RET-06259,5000.0,960000.0,94454.86460097262
RET-06260,15000.0,3310000.0,454823.0002734716
RET-06261,14000.0,1060000.0,160317.3719752775
RET-06262,8000.0,2330000.0,115474.58601114826
RET-06263,22000.0,1370000.0,547463.4692684469
RET-06264,6000.0,1970000.0,163768.50335360918
RET-06265,6000.0,4420000.0,136599.98379651055
RET-06266,10000.0,3780000.0,280485.1027994318
RET-06267,73000.0,26140000.0,2596818.0969247106
RET-06268,2000.0,2790000.0,53229.665263340314
RET-06269,13000.0,2710000.0,393156.02852945117
RET-06270,21000.0,3920000.0,323661.3593315537
RET-06271,10000.0,2060000.0,231300.79182530046
RET-06272,11000.0,1570000.0,366864.5572219036
RET-06273,4000.0,1110000.0,128100.80929131425
RET-06274,13000.0,1320000.0,181686.67878367688
RET-06275,16000.0,4620000.0,532276.587909969
RET-06276,30000.0,9860000.0,747331.9107446171
RET-06277,26000.0,4880000.0,625973.1453923744
RET-06278,13000.0,2360000.0,338839.1714063566
RET-06279,8000.0,2040000.0,227005.06495130988
RET-06280,2000.0,4190000.0,28641.128948394682
RET-06281,11000.0,1960000.0,189318.57348929328
RET-06282,21000.0,15100000.0,328767.0585083402
RET-06283,8000.0,2310000.0,142244.79414121696
RET-06284,5000.0,3800000.0,150431.47886778263
RET-06285,37000.0,12240000.0,1021850.129139234
RET-06286,19000.0,6420000.0,655829.0930707626
RET-06287,11000.0,8180000.0,377324.1994920026
RET-06288,76000.0,5750000.0,2625911.467533588
RET-06289,22000.0,12530000.0,717095.9293560396
RET-06290,2000.0,3580000.0,33036.753475027326
RET-06291,12000.0,1060000.0,170365.20948964203
RET-06292,2000.0,4810000.0,31662.763760082933
RET-06293,36000.0,6140000.0,841249.9358381033
RET-06294,57000.0,15240000.0,1990683.8819008272
RET-06295,12000.0,3580000.0,351662.0003395112
RET-06296,20000.0,6480000.0,703950.2905893272
RET-06297,7000.0,5850000.0,165215.16329899317
RET-06298,6000.0,4550000.0,176625.9888219112
RET-06299,6000.0,4610000.0,191254.28466961533
RET-06300,4000.0,2840000.0,68746.88676741492
RET-06301,23000.0,5300000.0,359453.79019838694
RET-06302,14000.0,2460000.0,185450.9414391573
RET-06303,74000.0,10650000.0,818045.8947062254
RET-06304,16000.0,8050000.0,362016.2541889929
RET-06305,15000.0,13580000.0,306985.53243452864
RET-06306,49000.0,18450000.0,1604678.656048013
RET-06307,9000.0,6780000.0,93327.85840666138
RET-06308,12000.0,1500000.0,156057.44748007218
RET-06309,74000.0,24800000.0,1215516.733025526
RET-06310,50000.0,14170000.0,1289632.3693502948
RET-06311,4000.0,3490000.0,116141.07617663238
RET-06312,18000.0,9280000.0,450234.6137648383
RET-06313,11000.0,3690000.0,117486.13492902821
RET-06314,4000.0,2670000.0,114855.16710237267
RET-06315,9000.0,2910000.0,243584.9258011433
RET-06316,29000.0,11910000.0,464322.9798518164
RET-06317,5000.0,1470000.0,71283.62345891488
RET-06318,5000.0,2270000.0,94925.12507406225
RET-06319,9000.0,1350000.0,94582.28850460579
RET-06320,12000.0,2950000.0,179193.06102509057
RET-06321,23000.0,4910000.0,370310.94129252975
RET-06322,7000.0,2500000.0,152571.45914719382
RET-06323,6000.0,3310000.0,95407.24385175925
RET-06324,13000.0,3910000.0,460205.41297631356
RET-06325,28000.0,2990000.0,814389.4590438688
RET-06326,16000.0,8650000.0,164326.663635518
RET-06327,10000.0,6840000.0,170968.4328085644
RET-06328,39000.0,4290000.0,1330391.0312811523
RET-06329,7000.0,6860000.0,75976.2334284142
RET-06330,18000.0,3630000.0,483073.81699798617
RET-06331,24000.0,2330000.0,643410.2467878485
RET-06332,10000.0,3520000.0,294720.003716206
RET-06333,33000.0,3070000.0,819636.0609724249
RET-06334,14000.0,2760000.0,430422.0904486362
RET-06335,17000.0,8700000.0,522065.71175124636
RET-06336,5000.0,16410000.0,51803.61484148818
RET-06337,26000.0,7480000.0,769338.2155988464
RET-06338,22000.0,7290000.0,595112.0702777624
RET-06339,4000.0,9520000.0,123300.62653474165
RET-06340,16000.0,6690000.0,385644.80898451485
RET-06341,79000.0,29630000.0,1631724.6972716807
RET-06342,37000.0,12140000.0,522575.3562503168
RET-06343,21000.0,2690000.0,600636.4994992547
RET-06344,17000.0,6100000.0,575353.8516755244
RET-06345,1000.0,3860000.0,12671.016457857573
RET-06346,1000.0,910000.0,19889.02170576668
RET-06347,10000.0,2580000.0,344558.5043040724
RET-06348,21000.0,1870000.0,581050.1762648505
RET-06349,11000.0,1290000.0,292362.7885408289
RET-06350,11000.0,6040000.0,367449.3435805845
RET-06351,13000.0,4890000.0,313708.0696400785
RET-06352,5000.0,3680000.0,112746.86326046854
RET-06353,9000.0,1340000.0,322523.81655028573
RET-06354,9000.0,4080000.0,223917.9469509304
RET-06355,7000.0,1580000.0,235149.13136521817
RET-06356,30000.0,4400000.0,898226.8056295916
RET-06357,24000.0,3870000.0,585865.2412587858
RET-06358,12000.0,5220000.0,284226.1837094428
RET-06359,40000.0,17450000.0,1043377.5880465681
RET-06360,1000.0,5910000.0,30051.063277501813
RET-06361,4000.0,6110000.0,90008.00989960862
RET-06362,25000.0,10400000.0,719751.9453629338
RET-06363,21000.0,1520000.0,637500.2761677407
RET-06364,21000.0,4090000.0,570123.5900191662
RET-06365,1000.0,5020000.0,11090.774111112643
RET-06366,1000.0,1300000.0,31169.336223741328
RET-06367,78000.0,10170000.0,1427995.6585076065
RET-06368,24000.0,7430000.0,366808.27454787947
RET-06369,2000.0,4520000.0,52435.289801582214
RET-06370,5000.0,26620000.0,136500.89102008755
RET-06371,2000.0,800000.0,39843.34594246267
RET-06372,35000.0,10020000.0,924035.7278555209
RET-06373,30000.0,5750000.0,700619.9606625632
RET-06374,27000.0,6220000.0,741699.2882791184
RET-06375,7000.0,5360000.0,162848.34933989742
RET-06376,7000.0,4920000.0,87866.4678350016
RET-06377,8000.0,6090000.0,86121.81330589994
RET-06378,8000.0,3110000.0,175932.84073588348
RET-06379,2000.0,6490000.0,23394.088921872408
RET-06380,0.0,1990000.0,0.0
RET-06381,1000.0,2110000.0,25346.301428966668
RET-06382,17000.0,1390000.0,554115.5912818289
RET-06383,9000.0,2660000.0,254774.4984433956
RET-06384,6000.0,16550000.0,154229.77470046014
RET-06385,24000.0,10390000.0,749879.5780697461
RET-06386,27000.0,8450000.0,755218.3625891609
RET-06387,16000.0,8190000.0,374335.6442765245
RET-06388,3000.0,1350000.0,96053.17731297993
RET-06389,40000.0,5010000.0,762893.6577423209
RET-06390,3000.0,2950000.0,54995.00382476324
RET-06391,26000.0,7420000.0,845748.8501030884
RET-06392,12000.0,2670000.0,135337.8262373997
RET-06393,8000.0,2600000.0,146305.8100748985
RET-06394,6000.0,4330000.0,111727.15641590644
RET-06395,18000.0,1350000.0,339987.9741087358
RET-06396,27000.0,6500000.0,509632.85537848104
RET-06397,38000.0,2860000.0,565781.3530045232
RET-06398,19000.0,4560000.0,418922.70249209355
RET-06399,8000.0,5640000.0,160814.27115573417
RET-06400,9000.0,2560000.0,224812.67522970782
RET-06401,11000.0,3740000.0,259401.07723456764
RET-06402,2000.0,3540000.0,34341.78270686724
RET-06403,25000.0,3990000.0,437864.7218535834
RET-06404,13000.0,5460000.0,292135.54911834735
RET-06405,41000.0,8360000.0,1161107.540157625
RET-06406,8000.0,2960000.0,230659.41049534368
RET-06407,25000.0,6010000.0,609613.3725442004
RET-06408,8000.0,3420000.0,252877.60970678047
RET-06409,16000.0,860000.0,507376.67094489356
RET-06410,2000.0,4320000.0,66811.35662433412
RET-06411,5000.0,8050000.0,128831.78067138437
RET-06412,33000.0,2910000.0,987812.7362842897
RET-06413,5000.0,3480000.0,113721.43815439186
RET-06414,9000.0,6150000.0,248430.7659339687
RET-06415,1000.0,2850000.0,35832.656629258905
RET-06416,34000.0,6700000.0,1130181.649400718
RET-06417,21000.0,2260000.0,504754.8553161634
RET-06418,29000.0,3880000.0,942454.8243305054
RET-06419,9000.0,3920000.0,91520.34008527045
RET-06420,3000.0,4190000.0,37486.23119602201
RET-06421,4000.0,12140000.0,140618.27179586346
RET-06422,34000.0,4170000.0,688374.7963861921
RET-06423,18000.0,2500000.0,384605.58090179326
RET-06424,2000.0,10580000.0,25698.30214168687
RET-06425,36000.0,2690000.0,734449.4221319827
RET-06426,11000.0,5860000.0,338754.5268077101
RET-06427,8000.0,750000.0,175447.03957432092
RET-06428,42000.0,7120000.0,543480.418877447
RET-06429,9000.0,5750000.0,296317.6489376178
RET-06430,6000.0,3280000.0,192640.60130197945
RET-06431,20000.0,1590000.0,378828.08918542473
RET-06432,53000.0,3500000.0,1259728.1366335321
RET-06433,10000.0,9530000.0,290491.88006513345
RET-06434,2000.0,1190000.0,64466.46674124267
RET-06435,8000.0,2220000.0,280959.25618477265
RET-06436,2000.0,4260000.0,58478.07291165393
RET-06437,5000.0,4410000.0,60987.416617443174
RET-06438,23000.0,3640000.0,417032.74346238776
RET-06439,59000.0,27120000.0,1392759.2301285737
RET-06440,2000.0,7310000.0,31396.56412150191
RET-06441,15000.0,4000000.0,348249.1852074077
RET-06442,4000.0,1360000.0,122256.2265251227
RET-06443,31000.0,4690000.0,745880.0143345552
RET-06444,37000.0,12470000.0,1321419.8962261165
RET-06445,51000.0,12990000.0,1719484.030034787
RET-06446,23000.0,1360000.0,622214.4295168623
RET-06447,53000.0,20130000.0,1570721.5993031345
RET-06448,1000.0,1840000.0,18554.377277838037
RET-06449,6000.0,3870000.0,123332.58180042062
RET-06450,2000.0,3130000.0,20215.802740827723
RET-06451,19000.0,2650000.0,610581.15598052
RET-06452,8000.0,2480000.0,282827.254434711
RET-06453,11000.0,6440000.0,201113.77874763016
RET-06454,10000.0,820000.0,122779.75419184049
RET-06455,75000.0,12770000.0,1781196.1175185766
RET-06456,14000.0,5300000.0,296722.0320461582
RET-06457,17000.0,5400000.0,234628.44865968756
RET-06458,4000.0,2890000.0,108838.89058153315
RET-06459,3000.0,1460000.0,87437.91890691196
RET-06460,4000.0,3000000.0,65925.22224703882
RET-06461,8000.0,4980000.0,244137.86738784297
RET-06462,20000.0,11160000.0,415356.8376593785
RET-06463,50000.0,4960000.0,908053.5290667788
RET-06464,8000.0,2150000.0,99377.37148998793
RET-06465,8000.0,5690000.0,120575.80024303275
RET-06466,5000.0,3160000.0,167054.39813467805
RET-06467,3000.0,4320000.0,67419.39704599629
RET-06468,3000.0,4650000.0,107100.2356590219
RET-06469,24000.0,3220000.0,633411.1029714956
RET-06470,27000.0,9050000.0,336744.102738273
RET-06471,15000.0,7140000.0,406758.30746615236
RET-06472,12000.0,2200000.0,160022.45974038067
RET-06473,15000.0,12280000.0,477011.8561994775
RET-06474,54000.0,15650000.0,1672676.3331275405
RET-06475,28000.0,10860000.0,473492.8246637777
RET-06476,4000.0,5770000.0,117433.51822189036
RET-06477,25000.0,12340000.0,723705.5412869619
RET-06478,15000.0,17130000.0,269165.50090105814
RET-06479,0.0,4990000.0,0.0
RET-06480,5000.0,5950000.0,51353.47542202628
RET-06481,55000.0,8330000.0,1084862.5262332174
RET-06482,20000.0,7240000.0,280486.3057296
RET-06483,7000.0,10460000.0,90625.03550645908
RET-06484,35000.0,7550000.0,966261.9552022238
RET-06485,8000.0,650000.0,92697.39496460611
RET-06486,10000.0,1050000.0,127676.03201674657
RET-06487,47000.0,11310000.0,1148149.475731073
RET-06488,23000.0,1440000.0,761605.1381502653
RET-06489,6000.0,1380000.0,158843.2899746688
RET-06490,0.0,4070000.0,0.0
RET-06491,45000.0,3640000.0,1426555.679654475
RET-06492,15000.0,3170000.0,339756.8268629129
RET-06493,15000.0,5200000.0,192509.16551845468
RET-06494,16000.0,1790000.0,551643.488873402
RET-06495,8000.0,1830000.0,155420.64256341365
RET-06496,11000.0,12320000.0,336281.33403361886
RET-06497,49000.0,7180000.0,1450924.240948206
RET-06498,5000.0,4420000.0,132429.59149447412
RET-06499,24000.0,5210000.0,453790.43472221016
RET-06500,27000.0,7860000.0,816375.1059523906
RET-06501,31000.0,8340000.0,1034812.3810039132
RET-06502,17000.0,8360000.0,594504.0567164394
RET-06503,22000.0,2490000.0,411750.6298837793
RET-06504,5000.0,10380000.0,123374.37362745625
RET-06505,44000.0,5470000.0,1344399.3341072625
RET-06506,15000.0,12800000.0,536690.038111987
RET-06507,17000.0,5360000.0,375873.5909931473
RET-06508,32000.0,8820000.0,496240.7133869591
RET-06509,23000.0,4240000.0,764137.8355679855
RET-06510,22000.0,6640000.0,681986.0135556357
RET-06511,4000.0,1820000.0,134127.88720788047
RET-06512,7000.0,9580000.0,79293.60379440688
RET-06513,58000.0,22110000.0,895211.5321996906
RET-06514,9000.0,1400000.0,162140.9804159738
RET-06515,8000.0,2080000.0,206050.3808705742
RET-06516,45000.0,7020000.0,1448076.3427088724
RET-06517,15000.0,3710000.0,461474.44656599243
RET-06518,33000.0,10000000.0,609875.012871163
RET-06519,20000.0,3660000.0,601928.9554987834
RET-06520,6000.0,2170000.0,157347.31453807058
RET-06521,9000.0,2280000.0,168073.89190720973
RET-06522,55000.0,3710000.0,688893.2039994166
RET-06523,4000.0,2340000.0,106372.64129090245
RET-06524,11000.0,5780000.0,292911.90972445154
RET-06525,6000.0,2390000.0,81482.43976767472
RET-06526,7000.0,2610000.0,244233.205963296
RET-06527,9000.0,12950000.0,103201.77024030998
RET-06528,8000.0,4130000.0,226575.67346143333
RET-06529,16000.0,14290000.0,562173.2485338199
RET-06530,9000.0,4230000.0,252169.38134295613
RET-06531,6000.0,1520000.0,174133.92195967052
RET-06532,14000.0,1640000.0,156583.05895864603
RET-06533,18000.0,1470000.0,549624.9876528282
RET-06534,14000.0,2610000.0,177418.781024341
RET-06535,2000.0,1340000.0,25985.607183934153
RET-06536,0.0,7760000.0,0.0
RET-06537,2000.0,3000000.0,45214.36142969029
RET-06538,10000.0,1510000.0,189390.8709109094
RET-06539,29000.0,19990000.0,491853.88827294874
RET-06540,30000.0,7520000.0,502185.62608978734
RET-06541,21000.0,6400000.0,617978.4465977305
RET-06542,6000.0,4290000.0,206006.49234035215
RET-06543,10000.0,12950000.0,259055.94937045683
RET-06544,32000.0,6810000.0,1095003.4508374033
RET-06545,10000.0,1000000.0,117226.57756781112
RET-06546,4000.0,1340000.0,120995.6653575703
RET-06547,9000.0,1720000.0,194303.35027937178
RET-06548,33000.0,17200000.0,424960.9330002423
RET-06549,2000.0,4100000.0,67238.76050197014
RET-06550,9000.0,7370000.0,171665.7224512878
RET-06551,9000.0,1700000.0,235469.15497062795
RET-06552,48000.0,6430000.0,1029463.7470099225
RET-06553,13000.0,6400000.0,170851.86504808857
RET-06554,9000.0,2240000.0,222139.87342891598
RET-06555,2000.0,1930000.0,38482.797889502566
RET-06556,12000.0,2790000.0,342982.4369753263
RET-06557,10000.0,2780000.0,334372.6312925433
RET-06558,0.0,1790000.0,0.0
RET-06559,10000.0,2060000.0,200387.21758344962
RET-06560,19000.0,3160000.0,315174.09555896895
RET-06561,1000.0,1000000.0,26603.31826273116
RET-06562,14000.0,5970000.0,250949.49094103844
RET-06563,21000.0,6610000.0,444787.5612893553
RET-06564,22000.0,4660000.0,510073.55134679674
RET-06565,5000.0,2320000.0,102348.15582688164
RET-06566,9000.0,790000.0,185507.83536696463
RET-06567,7000.0,7610000.0,94639.45037812354
RET-06568,0.0,4020000.0,0.0
RET-06569,8000.0,6670000.0,263695.29656865686
RET-06570,32000.0,4590000.0,408537.61064287444
RET-06571,21000.0,9790000.0,645560.6924259453
RET-06572,3000.0,800000.0,82251.40007653613
RET-06573,1000.0,1150000.0,29998.756295740775
RET-06574,7000.0,4260000.0,247419.95498862112
RET-06575,0.0,1300000.0,0.0
RET-06576,2000.0,3080000.0,22734.90205723798
RET-06577,55000.0,15440000.0,1599474.1724226892
RET-06578,8000.0,2690000.0,113305.34788981792
RET-06579,8000.0,780000.0,203009.19244382795
RET-06580,4000.0,3000000.0,87748.44336488673
RET-06581,49000.0,15200000.0,1592133.1511531963
RET-06582,5000.0,1950000.0,155558.93680997135
RET-06583,0.0,1520000.0,0.0
RET-06584,5000.0,4400000.0,105508.5970801197
RET-06585,27000.0,7990000.0,564511.2543373401
RET-06586,9000.0,7650000.0,226534.01881264
RET-06587,39000.0,6480000.0,911384.8308686031
RET-06588,13000.0,5350000.0,304642.0557678379
RET-06589,21000.0,4450000.0,637064.4149746048
RET-06590,61000.0,19770000.0,1510160.5521858556
RET-06591,25000.0,11490000.0,842968.9147753365
RET-06592,3000.0,5910000.0,74085.36914824686
RET-06593,7000.0,2670000.0,246134.87409163985
RET-06594,5000.0,3300000.0,167586.75147195498
RET-06595,3000.0,2010000.0,60480.60844735877
RET-06596,4000.0,2490000.0,137042.53008306603
RET-06597,4000.0,3630000.0,84964.05753050474
RET-06598,20000.0,3570000.0,254499.35364459117
RET-06599,15000.0,6740000.0,250252.5794913445
RET-06600,17000.0,3780000.0,268761.92386742984
RET-06601,12000.0,3470000.0,230672.25029866686
RET-06602,12000.0,1330000.0,353554.85000342986
RET-06603,7000.0,1580000.0,234404.69894471075
RET-06604,3000.0,1510000.0,62505.71648503956
RET-06605,5000.0,7930000.0,105958.3281225472
RET-06606,11000.0,2520000.0,142289.8126986774
RET-06607,1000.0,4760000.0,26655.957627016167
RET-06608,19000.0,2230000.0,362974.26465563755
RET-06609,4000.0,7370000.0,47473.39481684731
RET-06610,26000.0,4870000.0,877263.54416943
RET-06611,11000.0,3540000.0,153955.4867212722
RET-06612,13000.0,5860000.0,217278.6684170131
RET-06613,12000.0,1470000.0,157863.54900330986
RET-06614,12000.0,16140000.0,235536.38628242383
RET-06615,24000.0,3090000.0,764420.4780620908
RET-06616,35000.0,8420000.0,759310.8147354187
RET-06617,1000.0,1160000.0,16526.038501676125
RET-06618,19000.0,5770000.0,597454.1854863126
RET-06619,29000.0,4380000.0,713511.5891647367
RET-06620,24000.0,5490000.0,414004.3170527457
RET-06621,4000.0,11380000.0,99736.07830668695
RET-06622,21000.0,10520000.0,474390.1917325545
RET-06623,10000.0,3170000.0,294362.16682620376
RET-06624,22000.0,12410000.0,474353.44973024057
RET-06625,29000.0,3490000.0,1038030.080881859
RET-06626,9000.0,940000.0,146220.73829068575
RET-06627,5000.0,2110000.0,123499.61076007683
RET-06628,7000.0,2590000.0,125420.29266678522
RET-06629,7000.0,3530000.0,200584.2031054735
RET-06630,38000.0,13580000.0,1257652.1418208247
RET-06631,5000.0,2200000.0,117170.22900240199
RET-06632,6000.0,3770000.0,74353.33158204745
RET-06633,15000.0,14490000.0,241306.01071800225
RET-06634,0.0,5390000.0,0.0
RET-06635,37000.0,3660000.0,745060.1405314318
RET-06636,30000.0,15340000.0,1060362.8910257947
RET-06637,35000.0,12190000.0,1149796.9919842998
RET-06638,13000.0,9280000.0,411803.4881938967
RET-06639,11000.0,5000000.0,350109.17241483444
RET-06640,39000.0,7550000.0,715139.0002599892
RET-06641,23000.0,3050000.0,676363.4576615191
RET-06642,26000.0,12860000.0,270248.83210905496
RET-06643,7000.0,2370000.0,136441.54783691958
RET-06644,20000.0,6880000.0,550993.1456619379
RET-06645,30000.0,22210000.0,471355.6368311409
RET-06646,5000.0,1640000.0,84327.96018094695
RET-06647,1000.0,1800000.0,27454.991043629536
RET-06648,26000.0,2790000.0,632924.0635559029
RET-06649,2000.0,11520000.0,53747.68533804505
RET-06650,4000.0,3870000.0,100042.80276915754
RET-06651,12000.0,3590000.0,416294.5418080318
RET-06652,17000.0,2920000.0,598007.8865470943
RET-06653,5000.0,4060000.0,84650.40863052025
RET-06654,9000.0,12670000.0,238273.03896150715
RET-06655,38000.0,5810000.0,935772.4422759952
RET-06656,21000.0,14880000.0,238369.58262330372
RET-06657,13000.0,2770000.0,175778.70010575297
RET-06658,7000.0,1390000.0,139884.35664473337
RET-06659,2000.0,4380000.0,36672.65278483773
RET-06660,22000.0,11580000.0,394223.49544705026
RET-06661,20000.0,4130000.0,296689.6648306367
RET-06662,19000.0,3450000.0,670884.7212391065
RET-06663,1000.0,1390000.0,32790.52219703944
RET-06664,6000.0,5460000.0,67917.49504577712
RET-06665,26000.0,4580000.0,934217.4793960995
RET-06666,20000.0,2580000.0,214047.799689469
RET-06667,34000.0,5500000.0,419778.3786764457
RET-06668,11000.0,4770000.0,298276.919092182
RET-06669,20000.0,1410000.0,285385.2163795709
RET-06670,6000.0,13400000.0,84136.04175385502
RET-06671,7000.0,7950000.0,102299.04001584019
RET-06672,19000.0,1230000.0,682839.9981316065
RET-06673,7000.0,2120000.0,157947.5474998786
RET-06674,12000.0,2360000.0,290039.688063319
RET-06675,13000.0,3830000.0,350313.02604357403
RET-06676,14000.0,2910000.0,454616.1037705176
RET-06677,21000.0,1740000.0,455326.70706313214
RET-06678,15000.0,3100000.0,280811.674506443
RET-06679,49000.0,20990000.0,490324.3125771796
RET-06680,39000.0,7700000.0,500035.42837701045
RET-06681,1000.0,2910000.0,24133.683789268693
RET-06682,62000.0,17430000.0,2163413.2890882245
RET-06683,11000.0,1640000.0,267459.4191375441
RET-06684,27000.0,3240000.0,918713.6679559665
RET-06685,4000.0,2670000.0,137954.94065406456
RET-06686,16000.0,6560000.0,193630.4563353335
RET-06687,11000.0,1380000.0,332256.1635553279
RET-06688,24000.0,9650000.0,462450.2464246099
RET-06689,14000.0,1650000.0,480835.8016897231
RET-06690,7000.0,6840000.0,246301.09208947688
RET-06691,7000.0,1180000.0,90534.74278494928
RET-06692,2000.0,1690000.0,21315.2040834029
RET-06693,18000.0,4620000.0,222182.06578865938
RET-06694,4000.0,8730000.0,92138.21357789994
RET-06695,8000.0,5010000.0,114800.90545436012
RET-06696,32000.0,3810000.0,320532.92707410705
RET-06697,22000.0,7320000.0,757720.4885319825
RET-06698,29000.0,2770000.0,860297.0152172839
RET-06699,12000.0,8690000.0,231565.3194740281
RET-06700,27000.0,7860000.0,926364.4427950741
RET-06701,24000.0,6600000.0,393471.4780196276
RET-06702,7000.0,5530000.0,91927.02802829651
RET-06703,2000.0,12820000.0,20508.566002644027
RET-06704,34000.0,9840000.0,623985.6934997311
RET-06705,47000.0,12670000.0,1514459.6163361554
RET-06706,25000.0,5910000.0,515315.605870205
RET-06707,41000.0,15630000.0,791137.7229076782
RET-06708,10000.0,5000000.0,166780.2345939119
RET-06709,41000.0,3110000.0,1029914.5384754229
RET-06710,6000.0,2210000.0,174935.9406199291
RET-06711,46000.0,4550000.0,892477.5262781836
RET-06712,19000.0,9100000.0,641315.1770744013
RET-06713,42000.0,8200000.0,451742.2460024409
RET-06714,33000.0,7700000.0,553178.1545000258
RET-06715,12000.0,6440000.0,342084.2519711057
RET-06716,9000.0,1410000.0,222626.90653970567
RET-06717,10000.0,2800000.0,338703.1197671946
RET-06718,5000.0,9430000.0,73157.22747437368
RET-06719,21000.0,5710000.0,241268.61594234148
RET-06720,34000.0,11830000.0,646388.2628512743
RET-06721,12000.0,4110000.0,254532.45239221814
RET-06722,7000.0,3890000.0,248805.06555104261
RET-06723,21000.0,5820000.0,423822.59249035706
RET-06724,39000.0,3400000.0,649573.0583562094
RET-06725,27000.0,6070000.0,961885.7092146171
RET-06726,4000.0,4420000.0,142706.79009676253
RET-06727,35000.0,20620000.0,1039726.1611381816
RET-06728,10000.0,4250000.0,274219.42851712875
RET-06729,9000.0,590000.0,272077.3733896714
RET-06730,16000.0,9600000.0,375053.73939325934
RET-06731,1000.0,5890000.0,14694.8513598197
RET-06732,15000.0,5550000.0,342997.75860838866
RET-06733,13000.0,6860000.0,301465.4625929268
RET-06734,7000.0,6880000.0,223759.99918679814
RET-06735,77000.0,21520000.0,1196104.525229415
RET-06736,36000.0,8390000.0,918403.4695765494
RET-06737,20000.0,1590000.0,714451.388023603
RET-06738,1000.0,4670000.0,20604.397735052316
RET-06739,82000.0,9610000.0,2794753.637576344
RET-06740,16000.0,7450000.0,337249.0240534046
RET-06741,45000.0,4170000.0,1567656.6849223084
RET-06742,4000.0,7540000.0,41549.744314498974
RET-06743,22000.0,10540000.0,337236.7494500195
RET-06744,19000.0,6750000.0,486528.0056113523
RET-06745,2000.0,3600000.0,71906.7488768295
RET-06746,3000.0,5140000.0,36647.50073391908
RET-06747,41000.0,15790000.0,634948.5751290404
RET-06748,5000.0,6850000.0,117453.26891515026
RET-06749,24000.0,5730000.0,286845.8858431232
RET-06750,50000.0,3140000.0,1667814.0302626987
RET-06751,14000.0,5760000.0,501995.09323984693
RET-06752,68000.0,6460000.0,701106.7492878585
RET-06753,0.0,2080000.0,0.0
RET-06754,4000.0,1910000.0,118156.59931558796
RET-06755,76000.0,24650000.0,2637481.83009403
RET-06756,12000.0,930000.0,216326.20787218466
RET-06757,11000.0,6480000.0,250627.2962532991
RET-06758,76000.0,12710000.0,2380932.65238378
RET-06759,16000.0,9770000.0,357305.454697466
RET-06760,0.0,17180000.0,0.0
RET-06761,5000.0,5480000.0,166966.58815601282
RET-06762,25000.0,12360000.0,646995.8757505663
RET-06763,10000.0,2240000.0,125358.7625534089
RET-06764,35000.0,19300000.0,417127.88955475535
RET-06765,6000.0,3060000.0,201413.1651962448
RET-06766,5000.0,2330000.0,114381.24563020938
RET-06767,3000.0,5870000.0,40634.02436765555
RET-06768,3000.0,4400000.0,75691.88873477493
RET-06769,7000.0,3860000.0,179193.59362105717
RET-06770,15000.0,2880000.0,442567.7177713258
RET-06771,54000.0,3360000.0,1204348.3251976299
RET-06772,37000.0,15170000.0,663368.5634882494
RET-06773,1000.0,9230000.0,15143.803911712903
RET-06774,15000.0,4720000.0,527848.5375135007
RET-06775,19000.0,5220000.0,454032.3592376102
RET-06776,7000.0,1370000.0,180845.68767881175
RET-06777,31000.0,10340000.0,351457.9893500658
RET-06778,3000.0,5730000.0,37815.98909884808
RET-06779,7000.0,17930000.0,206160.91547027003
RET-06780,10000.0,3170000.0,278915.0852595039
RET-06781,13000.0,5040000.0,255425.9332759191
RET-06782,16000.0,2790000.0,295988.33383628057
RET-06783,20000.0,6120000.0,648766.0978119557
RET-06784,29000.0,6510000.0,983630.0999837116
RET-06785,11000.0,2110000.0,329890.00125804555
RET-06786,3000.0,3930000.0,36537.77381400127
RET-06787,12000.0,710000.0,404562.6772419682
RET-06788,39000.0,10050000.0,748017.085721366
RET-06789,12000.0,1390000.0,193618.52236202479
RET-06790,11000.0,5500000.0,376698.2736886602
RET-06791,11000.0,3880000.0,327028.3711174705
RET-06792,14000.0,7630000.0,373395.25272701343
RET-06793,13000.0,7780000.0,281248.1902698196
RET-06794,9000.0,2670000.0,225738.6106066278
RET-06795,1000.0,4800000.0,26384.925585244702
RET-06796,4000.0,1650000.0,138000.05073272937
RET-06797,28000.0,2910000.0,400531.77992158866
RET-06798,16000.0,3870000.0,465746.2468097892
RET-06799,10000.0,2560000.0,202034.69992076262
RET-06800,89000.0,30120000.0,3069716.750060613
RET-06801,21000.0,3840000.0,360900.164367075
RET-06802,102000.0,25490000.0,2350114.34717151
RET-06803,8000.0,3600000.0,96100.26304921409
RET-06804,7000.0,1560000.0,245379.62181870168
RET-06805,37000.0,8490000.0,713941.6838912321
RET-06806,48000.0,15390000.0,1026517.2297393592
RET-06807,32000.0,2810000.0,586694.605875608
RET-06808,9000.0,2660000.0,260247.74539052983
RET-06809,9000.0,1240000.0,323741.06545085396
RET-06810,34000.0,10520000.0,349548.0300481028
RET-06811,12000.0,5680000.0,381300.36572521506
RET-06812,1000.0,2800000.0,25849.6687155995
RET-06813,5000.0,1620000.0,75665.27884611406
RET-06814,6000.0,1620000.0,71925.41340292174
RET-06815,10000.0,3350000.0,114588.25890808475
RET-06816,21000.0,2400000.0,435272.8743649245
RET-06817,31000.0,9300000.0,942175.8328294924
RET-06818,26000.0,2520000.0,368160.7444096093
RET-06819,3000.0,4150000.0,67522.58012078615
RET-06820,15000.0,3020000.0,173086.548004371
RET-06821,4000.0,2370000.0,70700.1714392272
RET-06822,1000.0,1280000.0,24895.093914659697
RET-06823,15000.0,8130000.0,338743.2521674064
RET-06824,9000.0,890000.0,153327.84258788152
RET-06825,6000.0,2160000.0,86496.63966258132
RET-06826,2000.0,4980000.0,35759.212241666035
RET-06827,1000.0,3440000.0,13750.214059870645
RET-06828,26000.0,2060000.0,804600.0831072478
RET-06829,6000.0,1290000.0,213000.5720584938
RET-06830,4000.0,6080000.0,54779.587871162665
RET-06831,10000.0,3750000.0,106845.84340097889
RET-06832,49000.0,7780000.0,1497319.023660401
RET-06833,15000.0,9500000.0,259828.29973924224
RET-06834,1000.0,4930000.0,14780.140029584352
RET-06835,13000.0,3530000.0,380387.5395252594
RET-06836,8000.0,9000000.0,212541.95646640315
RET-06837,20000.0,15980000.0,357049.7981567624
RET-06838,2000.0,2580000.0,69595.28027887308
RET-06839,29000.0,14390000.0,367407.62495671335
RET-06840,0.0,12770000.0,0.0
RET-06841,18000.0,2510000.0,306905.76539092365
RET-06842,8000.0,2000000.0,276063.20915494935
RET-06843,19000.0,4480000.0,631566.1387559156
RET-06844,1000.0,1040000.0,11183.271720556366
RET-06845,8000.0,2400000.0,235203.12275433936
RET-06846,4000.0,3350000.0,143006.95570275004
RET-06847,12000.0,10500000.0,355554.21948176663
RET-06848,24000.0,8830000.0,309077.99528251763
RET-06849,116000.0,16950000.0,2994950.297812685
RET-06850,31000.0,7780000.0,769256.8675659939
RET-06851,27000.0,3860000.0,509617.9257123085
RET-06852,9000.0,1550000.0,155360.07044723208
RET-06853,20000.0,8140000.0,466096.6046743552
RET-06854,72000.0,21420000.0,2407467.617045778
RET-06855,15000.0,1770000.0,509988.14172093966
RET-06856,21000.0,7780000.0,385238.97264933557
RET-06857,18000.0,3720000.0,269994.3966660211
RET-06858,19000.0,6660000.0,443231.93436851987
RET-06859,5000.0,3390000.0,116501.85994341335
RET-06860,5000.0,3730000.0,68110.90017404417
RET-06861,7000.0,5200000.0,143528.24312148427
RET-06862,5000.0,5150000.0,133108.91757120486
RET-06863,4000.0,1040000.0,56929.908230540335
RET-06864,29000.0,10220000.0,514681.0405301809
RET-06865,31000.0,8280000.0,862365.3096438022
RET-06866,3000.0,6200000.0,94878.87914183004
RET-06867,34000.0,12690000.0,998224.8248533146
RET-06868,8000.0,2640000.0,272466.33722430636
RET-06869,18000.0,5540000.0,578060.0259497263
RET-06870,1000.0,5470000.0,21378.824210058287
RET-06871,9000.0,2840000.0,301779.4774456654
RET-06872,18000.0,4020000.0,366502.41959530575
RET-06873,4000.0,2730000.0,64142.925532301735
RET-06874,0.0,3910000.0,0.0
RET-06875,1000.0,5850000.0,35341.28108459602
RET-06876,21000.0,4000000.0,640771.6953320275
RET-06877,54000.0,14390000.0,1448298.4525087005
RET-06878,4000.0,3770000.0,124428.5492009802
RET-06879,1000.0,500000.0,11811.100845670679
RET-06880,7000.0,7500000.0,97950.56649829801
RET-06881,7000.0,2720000.0,198263.0411829493
RET-06882,18000.0,2840000.0,371431.2120500622
RET-06883,16000.0,4590000.0,529797.903893221
RET-06884,1000.0,7820000.0,12800.782862893617
RET-06885,8000.0,3620000.0,157619.3294749092
RET-06886,11000.0,1350000.0,298149.7061893466
RET-06887,12000.0,10280000.0,167191.78962742304
RET-06888,11000.0,6760000.0,227359.92024362966
RET-06889,5000.0,4250000.0,162508.8209421965
RET-06890,9000.0,3560000.0,100299.70342455056
RET-06891,11000.0,1610000.0,373000.55046457873
RET-06892,1000.0,2100000.0,23496.984009572774
RET-06893,8000.0,1710000.0,205336.53770665903
RET-06894,10000.0,4590000.0,160071.87817738508
RET-06895,4000.0,1740000.0,84057.5026088243
RET-06896,27000.0,2580000.0,876500.8548442461
RET-06897,11000.0,2770000.0,325095.79907140863
RET-06898,27000.0,9170000.0,942568.686410683
RET-06899,8000.0,1910000.0,228367.87888214493
RET-06900,10000.0,5360000.0,186715.6503258213
RET-06901,29000.0,5920000.0,952265.5565951355
RET-06902,12000.0,6510000.0,228594.22617051034
RET-06903,9000.0,2390000.0,147906.8353493565
RET-06904,7000.0,730000.0,82983.76256283135
RET-06905,21000.0,9570000.0,368322.3582697802
RET-06906,15000.0,2380000.0,238224.1303699466
RET-06907,4000.0,6330000.0,141167.95708770922
RET-06908,12000.0,7260000.0,304500.7187909425
RET-06909,10000.0,17180000.0,121751.01291257086
RET-06910,2000.0,2240000.0,57843.002656007986
RET-06911,49000.0,17880000.0,1530670.2179784195
RET-06912,30000.0,2880000.0,310942.9469272464
RET-06913,18000.0,7670000.0,421741.93213496543
RET-06914,12000.0,980000.0,327912.4148100063
RET-06915,2000.0,2450000.0,24063.180910528834
RET-06916,6000.0,4070000.0,74349.41279999758
RET-06917,1000.0,2990000.0,30410.420520679083
RET-06918,25000.0,4920000.0,730126.2000250475
RET-06919,25000.0,9730000.0,750021.2750601115
RET-06920,5000.0,1750000.0,57939.205347589224
RET-06921,7000.0,8420000.0,194837.49904402575
RET-06922,29000.0,11960000.0,593434.8295448819
RET-06923,23000.0,5710000.0,367782.50957197294
RET-06924,3000.0,1260000.0,60760.76381330673
RET-06925,22000.0,2770000.0,272353.00420097547
RET-06926,22000.0,6300000.0,290185.83722635667
RET-06927,10000.0,5000000.0,186953.20660940759
RET-06928,45000.0,10630000.0,798740.5011192985
RET-06929,55000.0,38010000.0,1344568.1932668034
RET-06930,14000.0,3780000.0,169229.7117037883
RET-06931,20000.0,8570000.0,397980.39190116926
RET-06932,25000.0,5710000.0,818414.186712861
RET-06933,17000.0,4420000.0,555218.3717431731
RET-06934,45000.0,17470000.0,1019938.6363121178
RET-06935,11000.0,7130000.0,342436.1775477033
RET-06936,7000.0,1440000.0,99086.61789099096
RET-06937,1000.0,1810000.0,14728.814339850183
RET-06938,7000.0,2400000.0,79995.12313824604
RET-06939,19000.0,2120000.0,565126.1303062814
RET-06940,10000.0,2760000.0,270963.85271381336
RET-06941,18000.0,4820000.0,542410.0574664578
RET-06942,10000.0,530000.0,182752.35544936603
RET-06943,3000.0,650000.0,49381.97979145864
RET-06944,10000.0,2660000.0,229461.9648032682
RET-06945,11000.0,1170000.0,167465.99738709824
RET-06946,40000.0,2850000.0,699078.8544847888
RET-06947,17000.0,7390000.0,276909.7961921048
RET-06948,13000.0,1600000.0,464192.2083900946
RET-06949,6000.0,1670000.0,206288.98760609646
RET-06950,15000.0,4180000.0,256262.47817074473
RET-06951,7000.0,9580000.0,207994.87340113343
RET-06952,21000.0,5130000.0,625821.013567424
RET-06953,5000.0,2110000.0,92573.53661126338
RET-06954,6000.0,4950000.0,138421.90543351742
RET-06955,10000.0,1600000.0,278900.84988849674
RET-06956,5000.0,1060000.0,70592.85387688984
RET-06957,37000.0,6530000.0,516366.4898860633
RET-06958,17000.0,1630000.0,331419.7725515513
RET-06959,9000.0,14930000.0,213690.78387623292
RET-06960,53000.0,18030000.0,959438.3186075954
RET-06961,5000.0,1430000.0,166742.57893311785
RET-06962,24000.0,5340000.0,581341.0573647775
RET-06963,109000.0,32250000.0,1119378.0804404507
RET-06964,35000.0,6020000.0,1187379.6666768338
RET-06965,9000.0,6170000.0,275207.21169866953
RET-06966,7000.0,9680000.0,240129.80063700886
RET-06967,26000.0,6430000.0,359960.6382954107
RET-06968,5000.0,7510000.0,55585.05923251735
RET-06969,6000.0,4510000.0,211086.08073202622
RET-06970,5000.0,6350000.0,137846.462681141
RET-06971,1000.0,3400000.0,19694.460821806857
RET-06972,18000.0,10530000.0,502691.44289639697
RET-06973,26000.0,4250000.0,503145.36020880187
RET-06974,22000.0,8260000.0,564823.9018126664
RET-06975,7000.0,1010000.0,207254.6310324387
RET-06976,61000.0,7820000.0,1561545.2155711756
RET-06977,56000.0,7160000.0,1935624.3150012412
RET-06978,11000.0,1780000.0,146584.25265776317
RET-06979,13000.0,4900000.0,346764.8099452337
RET-06980,1000.0,1980000.0,14618.87039197459
RET-06981,2000.0,2450000.0,31720.12286867855
RET-06982,14000.0,7030000.0,210010.8937888508
RET-06983,7000.0,5370000.0,169197.46400465953
RET-06984,17000.0,3120000.0,573972.4294426122
RET-06985,5000.0,870000.0,133817.755377966
RET-06986,21000.0,9890000.0,328898.13975996675
RET-06987,1000.0,3300000.0,30390.259848997783
RET-06988,5000.0,4540000.0,144532.67252441915
RET-06989,41000.0,23420000.0,658618.6502697121
RET-06990,11000.0,8610000.0,217297.50614606842
RET-06991,14000.0,1630000.0,174149.69629588918
RET-06992,2000.0,3460000.0,45668.63983805311
RET-06993,12000.0,13440000.0,337154.96685089695
RET-06994,22000.0,12010000.0,697015.4757725245
RET-06995,6000.0,6250000.0,181744.99832522962
RET-06996,10000.0,1150000.0,240857.80911105635
RET-06997,32000.0,4620000.0,559792.438900804
RET-06998,39000.0,5510000.0,1388894.920751079
RET-06999,5000.0,4860000.0,153139.01031989936
RET-07000,12000.0,3660000.0,286941.8345132169
RET-07001,29000.0,3810000.0,719397.6463907517
RET-07002,19000.0,11340000.0,556530.896430554
RET-07003,14000.0,5690000.0,394102.9872954251
RET-07004,32000.0,5280000.0,1095671.0258818604
RET-07005,14000.0,3030000.0,190284.19398365432
RET-07006,49000.0,8880000.0,884370.2657213582
RET-07007,19000.0,5360000.0,543174.4153459712
RET-07008,1000.0,1670000.0,24328.619696713766
RET-07009,1000.0,3950000.0,33935.25610023714
RET-07010,0.0,6510000.0,0.0
RET-07011,3000.0,2620000.0,47225.252250333186
RET-07012,7000.0,2620000.0,83659.91936206078
RET-07013,6000.0,2890000.0,136181.23230870464
RET-07014,18000.0,4140000.0,553383.8325203571
RET-07015,25000.0,1400000.0,338848.786883717
RET-07016,14000.0,6940000.0,458151.96719590813
RET-07017,32000.0,14340000.0,953060.1813063346
RET-07018,13000.0,6550000.0,179260.41064120244
RET-07019,32000.0,14240000.0,862443.8054571693
RET-07020,4000.0,2560000.0,96884.45672063655
RET-07021,4000.0,2600000.0,65352.98036834742
RET-07022,11000.0,2710000.0,270588.63731422013
RET-07023,4000.0,2690000.0,40901.14466387989
RET-07024,10000.0,5620000.0,109527.084919551
RET-07025,14000.0,6770000.0,350243.76531794696
RET-07026,21000.0,2390000.0,333518.5284827704
RET-07027,10000.0,4870000.0,246021.83632496608
RET-07028,3000.0,4960000.0,69985.1019365673
RET-07029,13000.0,2570000.0,343319.1622112956
RET-07030,9000.0,3120000.0,109952.73473862548
RET-07031,22000.0,7810000.0,488077.5292522062
RET-07032,25000.0,26560000.0,426440.0349797663
RET-07033,18000.0,2660000.0,440701.9319028332
RET-07034,4000.0,940000.0,117825.09228181737
RET-07035,29000.0,2910000.0,645420.9911050297
RET-07036,72000.0,20150000.0,1561618.7654744291
RET-07037,16000.0,3920000.0,221488.61596686026
RET-07038,63000.0,14320000.0,1967115.5099059115
RET-07039,14000.0,1800000.0,197391.2630211032
RET-07040,41000.0,3100000.0,545571.6503275352
RET-07041,13000.0,6900000.0,390851.4342502012
RET-07042,4000.0,1910000.0,141387.50577332426
RET-07043,7000.0,13810000.0,101682.41440348508
RET-07044,73000.0,23430000.0,1570043.0644478123
RET-07045,2000.0,1560000.0,23056.044667210197
RET-07046,24000.0,4450000.0,845344.9025654634
RET-07047,45000.0,12220000.0,1210800.6653033574
RET-07048,8000.0,1480000.0,254643.39087787954
RET-07049,18000.0,5650000.0,417922.80216891796
RET-07050,10000.0,1060000.0,283323.21766440145
RET-07051,36000.0,11640000.0,804627.418178419
RET-07052,2000.0,3920000.0,44168.1162317887
RET-07053,9000.0,3790000.0,235294.509350734
RET-07054,2000.0,1110000.0,57199.89193410086
RET-07055,7000.0,2000000.0,230054.850361443
RET-07056,29000.0,6270000.0,820044.4564758702
RET-07057,4000.0,2690000.0,133745.890696832
RET-07058,46000.0,17900000.0,736126.623087573
RET-07059,20000.0,10850000.0,335875.92023872625
RET-07060,27000.0,3410000.0,434107.85761205957
RET-07061,7000.0,1450000.0,89001.44078824329
RET-07062,34000.0,5660000.0,859192.2311420033
RET-07063,6000.0,950000.0,121359.48700348695
RET-07064,3000.0,3200000.0,77187.05914194556
RET-07065,24000.0,13430000.0,566972.8415109251
RET-07066,10000.0,3430000.0,250126.88364290434
RET-07067,7000.0,3220000.0,134310.64617330107
RET-07068,14000.0,2860000.0,212514.09662360692
RET-07069,8000.0,6770000.0,222128.94942605053
RET-07070,22000.0,6720000.0,625222.4567349157
RET-07071,14000.0,21280000.0,479483.45554260525
RET-07072,10000.0,1730000.0,167710.76203507435
RET-07073,26000.0,10800000.0,825747.2039605239
RET-07074,3000.0,7420000.0,32459.14105959731
RET-07075,17000.0,2480000.0,190151.76244328474
RET-07076,17000.0,2690000.0,458315.5139154295
RET-07077,9000.0,3600000.0,129696.90126309916
RET-07078,22000.0,6130000.0,365869.2753790728
RET-07079,3000.0,1360000.0,97848.15878615009
RET-07080,7000.0,2740000.0,185419.5194711782
RET-07081,27000.0,2400000.0,859466.5647397203
RET-07082,3000.0,7320000.0,65280.19877077833
RET-07083,21000.0,2490000.0,612635.0170972056
RET-07084,12000.0,2110000.0,214153.48425311633
RET-07085,11000.0,7950000.0,155511.52871521478
RET-07086,6000.0,2820000.0,92372.5859503702
RET-07087,5000.0,8180000.0,170154.6542716023
RET-07088,40000.0,41160000.0,999525.0335050976
RET-07089,10000.0,1190000.0,153406.94098831966
RET-07090,4000.0,6440000.0,60333.669029282035
RET-07091,8000.0,9560000.0,216595.697793049
RET-07092,3000.0,4560000.0,80829.44914863697
RET-07093,4000.0,3710000.0,120405.22235749268
RET-07094,30000.0,11920000.0,909452.8080449959
RET-07095,28000.0,6990000.0,359901.7523702083
RET-07096,25000.0,5180000.0,335189.1306894295
RET-07097,15000.0,2960000.0,303561.941237397
RET-07098,19000.0,1310000.0,610457.0631040432
RET-07099,75000.0,23340000.0,783226.9721418296
RET-07100,10000.0,620000.0,308923.94775069476
RET-07101,2000.0,1560000.0,24546.734479845454
RET-07102,12000.0,9550000.0,361126.6961556919
RET-07103,22000.0,8410000.0,292919.09053676575
RET-07104,27000.0,3440000.0,925854.9460352336
RET-07105,3000.0,2580000.0,80726.62776886484
RET-07106,10000.0,3890000.0,255275.76647963122
RET-07107,21000.0,7210000.0,739072.2628921671
RET-07108,16000.0,9550000.0,441650.32853954413
RET-07109,14000.0,1960000.0,339026.84126044356
RET-07110,7000.0,5820000.0,250415.44391802917
RET-07111,19000.0,6240000.0,600020.0874758344
RET-07112,11000.0,2660000.0,354244.0021375688
RET-07113,7000.0,630000.0,146465.259107393
RET-07114,44000.0,11630000.0,452614.8716170184
RET-07115,12000.0,4590000.0,288794.29621284123
RET-07116,56000.0,15280000.0,1433322.5647823706
RET-07117,14000.0,6680000.0,147189.310055501
RET-07118,8000.0,1460000.0,170436.89157838025
RET-07119,9000.0,11470000.0,170838.00830682178
RET-07120,1000.0,3710000.0,19974.289195869413
RET-07121,20000.0,6030000.0,570454.0351808816
RET-07122,42000.0,2720000.0,1274627.01724777
RET-07123,8000.0,1580000.0,280655.1018337957
RET-07124,7000.0,6090000.0,182514.57222391714
RET-07125,1000.0,900000.0,31220.346248634985
RET-07126,11000.0,1750000.0,193244.0911224473
RET-07127,7000.0,1280000.0,93926.13144784045
RET-07128,2000.0,1350000.0,47166.36625358768
RET-07129,8000.0,3980000.0,180753.06018700218
RET-07130,24000.0,5710000.0,686343.3694167769
RET-07131,12000.0,5310000.0,239366.13436332552
RET-07132,4000.0,1430000.0,60848.558030315115
RET-07133,35000.0,10110000.0,762584.7239464496
RET-07134,13000.0,1560000.0,307142.09550363425
RET-07135,31000.0,4040000.0,779221.1424348631
RET-07136,21000.0,3490000.0,526971.2089527396
RET-07137,0.0,5830000.0,0.0
RET-07138,9000.0,2390000.0,112888.43399174136
RET-07139,10000.0,880000.0,249782.50274766848
RET-07140,7000.0,1960000.0,242899.10877369004
RET-07141,26000.0,3140000.0,749689.8044883909
RET-07142,7000.0,4920000.0,216598.85756375903
RET-07143,30000.0,11650000.0,317707.9744023887
RET-07144,14000.0,2620000.0,252612.12613473923
RET-07145,13000.0,10390000.0,278080.6986656849
RET-07146,8000.0,4050000.0,286517.08767718886
RET-07147,6000.0,2050000.0,110446.40325910908
RET-07148,32000.0,10540000.0,1096870.9187374488
RET-07149,17000.0,5300000.0,274493.7308081033
RET-07150,1000.0,4220000.0,24317.290215027937
RET-07151,39000.0,8160000.0,570669.8937950998
RET-07152,7000.0,1230000.0,97192.62759395533
RET-07153,11000.0,9060000.0,119443.9814854997
RET-07154,12000.0,7280000.0,254169.25842864803
RET-07155,3000.0,1960000.0,59281.61780895099
RET-07156,7000.0,2090000.0,142450.79491881817
RET-07157,11000.0,3090000.0,134331.43344814223
RET-07158,4000.0,7880000.0,52257.68084424665
RET-07159,5000.0,9010000.0,152454.64625906572
RET-07160,8000.0,3810000.0,138617.1644913776
RET-07161,6000.0,6340000.0,92082.27253713965
RET-07162,42000.0,2520000.0,431357.0354362932
RET-07163,1000.0,5740000.0,33227.53773462313
RET-07164,17000.0,13320000.0,262246.5062604085
RET-07165,19000.0,15350000.0,480021.06519574515
RET-07166,22000.0,1740000.0,440473.33580344974
RET-07167,15000.0,10360000.0,423974.57495573716
RET-07168,20000.0,7430000.0,408648.57491363824
RET-07169,2000.0,3980000.0,49343.55467298026
RET-07170,6000.0,4020000.0,202834.0829459586
RET-07171,25000.0,2580000.0,543055.20802369
RET-07172,8000.0,2190000.0,135779.15426146114
RET-07173,23000.0,2730000.0,690481.1294919094
RET-07174,28000.0,3760000.0,982299.1970587012
RET-07175,11000.0,2990000.0,351608.444317646
RET-07176,8000.0,1510000.0,273604.53782635374
RET-07177,7000.0,4900000.0,188582.28032966793
RET-07178,24000.0,21210000.0,260736.99972250636
RET-07179,19000.0,1790000.0,289224.15724864905
RET-07180,65000.0,15050000.0,1042588.2651009192
RET-07181,4000.0,8200000.0,63609.523792813845
RET-07182,17000.0,4300000.0,294819.0414217771
RET-07183,8000.0,10940000.0,109640.72080087209
RET-07184,3000.0,8590000.0,70071.04186334755
RET-07185,4000.0,3990000.0,113032.53991701711
RET-07186,10000.0,5080000.0,187774.384486499
RET-07187,14000.0,1690000.0,333606.994350164
RET-07188,18000.0,7890000.0,209920.98363073694
RET-07189,15000.0,1600000.0,389163.274681931
RET-07190,5000.0,2770000.0,140512.60336315943
RET-07191,28000.0,6330000.0,680984.839489097
RET-07192,28000.0,18250000.0,938294.0019860204
RET-07193,15000.0,9640000.0,495354.39247543114
RET-07194,16000.0,1340000.0,364620.471311498
RET-07195,104000.0,6330000.0,2112854.756383841
RET-07196,6000.0,3860000.0,88983.59569882933
RET-07197,15000.0,1570000.0,371612.8179845423
RET-07198,33000.0,4000000.0,415455.304231949
RET-07199,32000.0,38570000.0,884105.4215934424
RET-07200,12000.0,7410000.0,137553.12568689144
RET-07201,7000.0,1760000.0,213799.68533557927
RET-07202,9000.0,1110000.0,248471.6471247975
RET-07203,10000.0,1300000.0,159058.4285432812
RET-07204,29000.0,7030000.0,1002726.6910227488
RET-07205,34000.0,5580000.0,445442.3413600204
RET-07206,7000.0,2710000.0,237345.26109749486
RET-07207,2000.0,7650000.0,61092.96957432848
RET-07208,8000.0,2440000.0,81310.60171725486
RET-07209,12000.0,4000000.0,313942.0698871108
RET-07210,32000.0,3430000.0,1120994.4235911611
RET-07211,11000.0,3510000.0,193192.4412810337
RET-07212,41000.0,17940000.0,778963.3923651448
RET-07213,4000.0,2670000.0,56675.70469722479
RET-07214,4000.0,4200000.0,105258.16311543879
RET-07215,19000.0,14330000.0,465744.6980094786
RET-07216,0.0,2410000.0,0.0
RET-07217,118000.0,35460000.0,1722570.0973468018
RET-07218,9000.0,8490000.0,166462.91026347302
RET-07219,13000.0,4170000.0,388234.18648912583
RET-07220,20000.0,4500000.0,471125.95506451454
RET-07221,4000.0,3090000.0,60005.49658620588
RET-07222,14000.0,13230000.0,175706.0147634421
RET-07223,8000.0,4750000.0,88944.78819605242
RET-07224,62000.0,16510000.0,913984.2809306174
RET-07225,10000.0,640000.0,308932.8854136034
RET-07226,23000.0,2760000.0,282129.1637567221
RET-07227,7000.0,1690000.0,82486.9779208055
RET-07228,49000.0,5130000.0,963066.4742938956
RET-07229,1000.0,4380000.0,21965.25142489009
RET-07230,26000.0,11550000.0,777319.9829733288
RET-07231,8000.0,5900000.0,200315.91119309148
RET-07232,9000.0,2810000.0,169381.89744504343
RET-07233,1000.0,3690000.0,18932.122873748747
RET-07234,21000.0,9580000.0,411942.0956656496
RET-07235,3000.0,9420000.0,48349.27487192005
RET-07236,7000.0,1760000.0,111182.24561821329
RET-07237,34000.0,5830000.0,1095528.074916126
RET-07238,12000.0,1610000.0,420827.45699948573
RET-07239,15000.0,8270000.0,186727.1312074019
RET-07240,18000.0,3720000.0,502601.23413017625
RET-07241,8000.0,1670000.0,80937.8113916209
RET-07242,26000.0,5730000.0,426174.3354108554
RET-07243,14000.0,3710000.0,351479.95369229343
RET-07244,6000.0,4200000.0,108587.48792319252
RET-07245,5000.0,9260000.0,81448.42734344571
RET-07246,27000.0,19340000.0,373748.24364695046
RET-07247,13000.0,7800000.0,432578.128912363
RET-07248,1000.0,3400000.0,14592.874251396872
RET-07249,6000.0,1220000.0,83967.8690166787
RET-07250,8000.0,6410000.0,126349.67413165348
RET-07251,7000.0,3080000.0,233054.2787854408
RET-07252,23000.0,3900000.0,252463.67894445508
RET-07253,17000.0,7800000.0,224113.77610518335
RET-07254,12000.0,3920000.0,368942.4281711839
RET-07255,31000.0,4420000.0,947172.2422291634
RET-07256,2000.0,3460000.0,32232.755246657354
RET-07257,15000.0,10550000.0,236805.67749429538
RET-07258,54000.0,10460000.0,1667512.7479122058
RET-07259,38000.0,10680000.0,694256.25069454
RET-07260,28000.0,11280000.0,307833.4678549551
RET-07261,22000.0,22220000.0,610994.902411556
RET-07262,33000.0,4970000.0,990190.275041228
RET-07263,17000.0,4790000.0,390427.2845518965
RET-07264,14000.0,10310000.0,319654.33948576386
RET-07265,18000.0,15930000.0,541019.572634016
RET-07266,27000.0,29510000.0,652371.5280170606
RET-07267,25000.0,5180000.0,684635.3148040278
RET-07268,7000.0,2670000.0,223891.97601617768
RET-07269,3000.0,17050000.0,100590.20393240875
RET-07270,11000.0,630000.0,386436.43718369934
RET-07271,7000.0,3020000.0,148632.18562409407
RET-07272,15000.0,7210000.0,193566.9616008583
RET-07273,16000.0,2440000.0,349576.01565125963
RET-07274,19000.0,1300000.0,589431.3694556024
RET-07275,11000.0,1170000.0,313075.2742456171
RET-07276,4000.0,1500000.0,63649.301953943694
RET-07277,15000.0,14470000.0,172515.22546647512
RET-07278,7000.0,2360000.0,129306.58237010177
RET-07279,12000.0,5060000.0,175639.3679849594
RET-07280,10000.0,3670000.0,299935.0831771455
RET-07281,7000.0,1730000.0,126719.04453337437
RET-07282,35000.0,15770000.0,972468.8962194291
RET-07283,8000.0,2570000.0,166141.30868870192
RET-07284,3000.0,4040000.0,96390.20102640029
RET-07285,11000.0,2180000.0,346359.49747977604
RET-07286,12000.0,3050000.0,143900.1808801056
RET-07287,2000.0,2880000.0,52630.20382307893
RET-07288,1000.0,1770000.0,17017.00205831039
RET-07289,19000.0,1500000.0,349320.60309755814
RET-07290,2000.0,980000.0,51719.40338933855
RET-07291,5000.0,2790000.0,79788.14467122122
RET-07292,35000.0,14380000.0,459760.305836814
RET-07293,25000.0,2950000.0,365166.8644890667
RET-07294,11000.0,2400000.0,155251.52669461144
RET-07295,12000.0,4920000.0,194793.39051907577
RET-07296,46000.0,4830000.0,1302706.4499099555
RET-07297,16000.0,2420000.0,182607.37946826257
RET-07298,1000.0,1130000.0,11778.964157340424
RET-07299,11000.0,5850000.0,250762.11633442965
RET-07300,1000.0,1090000.0,11667.405472456545
RET-07301,29000.0,11440000.0,594634.1370236465
RET-07302,28000.0,13890000.0,701163.4753725396
RET-07303,34000.0,9800000.0,919104.6218425024
RET-07304,2000.0,5400000.0,41020.792708841785
RET-07305,25000.0,5380000.0,730003.3683056618
RET-07306,29000.0,6190000.0,950437.5288966413
RET-07307,34000.0,11630000.0,591094.6301530525
RET-07308,3000.0,4260000.0,33192.47924038507
RET-07309,19000.0,7290000.0,312721.7932548399
RET-07310,84000.0,10210000.0,1868486.4588227274
RET-07311,9000.0,2100000.0,121742.9785747308
RET-07312,9000.0,3420000.0,225260.67490898998
RET-07313,83000.0,23190000.0,2175334.864212457
RET-07314,1000.0,4010000.0,29102.25082057917
RET-07315,10000.0,1540000.0,119009.65712666186
RET-07316,10000.0,2320000.0,300831.01107879076
RET-07317,76000.0,23690000.0,1624713.1462863726
RET-07318,52000.0,12780000.0,1694522.504819009
RET-07319,1000.0,1570000.0,23840.891636629265
RET-07320,35000.0,6420000.0,788282.0516437943
RET-07321,17000.0,3400000.0,487758.2334011292
RET-07322,34000.0,12860000.0,603165.1120258176
RET-07323,19000.0,4860000.0,246238.731584393
RET-07324,12000.0,4870000.0,392295.56697244034
RET-07325,44000.0,23970000.0,782104.7881637347
RET-07326,3000.0,670000.0,71206.1596759387
RET-07327,9000.0,9940000.0,188555.76214055056
RET-07328,61000.0,7310000.0,1240714.6101729565
RET-07329,3000.0,1230000.0,83243.83044525965
RET-07330,3000.0,3340000.0,52878.218762717246
RET-07331,11000.0,2350000.0,223085.06198363984
RET-07332,19000.0,1000000.0,535887.6470899546
RET-07333,1000.0,1780000.0,19710.034709158903
RET-07334,19000.0,1610000.0,462748.9824643798
RET-07335,16000.0,6880000.0,214540.3416976069
RET-07336,31000.0,16130000.0,747485.1780591129
RET-07337,47000.0,16610000.0,680872.8552426427
RET-07338,22000.0,9530000.0,695725.369044986
RET-07339,20000.0,24490000.0,377804.9252092085
RET-07340,90000.0,10670000.0,2866679.739699968
RET-07341,28000.0,3290000.0,790493.0739693923
RET-07342,16000.0,19380000.0,202556.8340877872
RET-07343,23000.0,10450000.0,494218.1139639897
RET-07344,24000.0,2610000.0,756654.5119052479
RET-07345,4000.0,5820000.0,83665.0520341423
RET-07346,9000.0,12800000.0,161087.43929373208
RET-07347,9000.0,5160000.0,131035.11623933716
RET-07348,11000.0,6040000.0,346086.3458392808
RET-07349,7000.0,1630000.0,246957.15009630538
RET-07350,0.0,2930000.0,0.0
RET-07351,9000.0,920000.0,282222.57728198246
RET-07352,23000.0,5490000.0,652659.3202819971
RET-07353,24000.0,6970000.0,757597.2982925018
RET-07354,12000.0,2920000.0,199926.76545150037
RET-07355,2000.0,10860000.0,69140.02188369034
RET-07356,37000.0,6590000.0,1208202.6390941164
RET-07357,1000.0,2040000.0,24436.04035622267
RET-07358,3000.0,2330000.0,48697.70920880361
RET-07359,55000.0,7810000.0,1525511.4252157724
RET-07360,11000.0,980000.0,368807.2434750245
RET-07361,22000.0,8320000.0,511207.3592026803
RET-07362,12000.0,9640000.0,335095.75832002726
RET-07363,2000.0,2100000.0,35329.84811782296
RET-07364,24000.0,7000000.0,776737.9984965614
RET-07365,3000.0,2520000.0,87635.12077276236
RET-07366,5000.0,17540000.0,155599.01544069688
RET-07367,2000.0,1840000.0,52946.38881597624
RET-07368,10000.0,6400000.0,239539.43367867224
RET-07369,5000.0,10390000.0,79041.68589589855
RET-07370,20000.0,3690000.0,282308.1294692163
RET-07371,14000.0,2840000.0,309446.2925633029
RET-07372,13000.0,3890000.0,268271.4736011294
RET-07373,19000.0,3180000.0,555829.1241114895
RET-07374,2000.0,2260000.0,29224.89728462997
RET-07375,17000.0,4960000.0,456583.05508907686
RET-07376,25000.0,4970000.0,430355.3562777829
RET-07377,5000.0,3600000.0,73274.49541714221
RET-07378,4000.0,610000.0,86245.90868490632
RET-07379,10000.0,5040000.0,312362.21700656443
RET-07380,3000.0,580000.0,63952.25442007445
RET-07381,2000.0,3100000.0,25835.53085971909
RET-07382,7000.0,2150000.0,225669.49907411452
RET-07383,24000.0,13670000.0,364601.9498082538
RET-07384,21000.0,6970000.0,367882.36646893946
RET-07385,23000.0,8680000.0,604230.6683053472
RET-07386,12000.0,2500000.0,385452.472994583
RET-07387,9000.0,5840000.0,311272.102647935
RET-07388,8000.0,17520000.0,127252.77320615097
RET-07389,15000.0,4290000.0,208945.6988047911
RET-07390,8000.0,2430000.0,259663.55676337218
RET-07391,51000.0,7020000.0,665828.6976257359
RET-07392,1000.0,1800000.0,18378.97258007917
RET-07393,82000.0,23140000.0,1375137.7189345418
RET-07394,1000.0,10620000.0,28182.654502743397
RET-07395,23000.0,10060000.0,749196.0770207196
RET-07396,1000.0,2040000.0,16065.553469999539
RET-07397,33000.0,8290000.0,490273.02689504327
RET-07398,6000.0,4810000.0,165170.0891875825
RET-07399,38000.0,7470000.0,1096272.8922142584
RET-07400,7000.0,3660000.0,77280.50150054843
RET-07401,33000.0,4120000.0,787223.2664750776
RET-07402,11000.0,4530000.0,230627.03295213295
RET-07403,3000.0,2090000.0,96801.4752745242
RET-07404,25000.0,2670000.0,385903.6378832417
RET-07405,20000.0,5790000.0,357173.7995592028
RET-07406,1000.0,5060000.0,18496.808108735033
RET-07407,0.0,2700000.0,0.0
RET-07408,8000.0,2580000.0,266707.6318160973
RET-07409,36000.0,8140000.0,1228500.5713006824
RET-07410,1000.0,3430000.0,31650.668736261072
RET-07411,16000.0,3940000.0,509208.1911106052
RET-07412,15000.0,4050000.0,375796.1479939591
RET-07413,43000.0,6610000.0,1129819.1112865424
RET-07414,2000.0,3260000.0,24955.249613355987
RET-07415,6000.0,6430000.0,108833.79983065408
RET-07416,30000.0,9750000.0,780306.9515238123
RET-07417,7000.0,1130000.0,214184.02073045098
RET-07418,5000.0,3100000.0,55312.23295107542
RET-07419,1000.0,6380000.0,33159.02601063052
RET-07420,6000.0,3140000.0,114067.68655996566
RET-07421,34000.0,5150000.0,1086547.598070949
RET-07422,7000.0,4520000.0,140659.62307962522
RET-07423,3000.0,6180000.0,44327.31504917403
RET-07424,7000.0,3650000.0,191248.2673987714
RET-07425,32000.0,8280000.0,845687.9625702148
RET-07426,29000.0,1870000.0,915174.3177353503
RET-07427,8000.0,5360000.0,247940.3690317984
RET-07428,8000.0,4520000.0,192778.45499822657
RET-07429,26000.0,4900000.0,420450.0387203345
RET-07430,12000.0,1840000.0,167627.95063646114
RET-07431,17000.0,11410000.0,272050.2366742201
RET-07432,51000.0,4720000.0,1671108.2387574473
RET-07433,12000.0,4160000.0,376333.7274746443
RET-07434,18000.0,5100000.0,199073.29780562266
RET-07435,15000.0,2420000.0,461183.8128831152
RET-07436,1000.0,6670000.0,10897.777812305305
RET-07437,16000.0,12990000.0,221682.5942515902
RET-07438,31000.0,3230000.0,490491.3565834026
RET-07439,39000.0,5490000.0,503939.3345608859
RET-07440,5000.0,13760000.0,66748.56836866566
RET-07441,30000.0,7180000.0,363489.9126488554
RET-07442,5000.0,1930000.0,137466.79076020984
RET-07443,13000.0,3850000.0,146734.26085079546
RET-07444,23000.0,11240000.0,612963.3223360929
RET-07445,2000.0,5450000.0,53093.564412663785
RET-07446,2000.0,10330000.0,37993.37758349776
RET-07447,30000.0,5150000.0,562703.8568602612
RET-07448,11000.0,3760000.0,138989.19939929136
RET-07449,8000.0,2480000.0,156948.61414621925
RET-07450,14000.0,11640000.0,151652.42646235862
RET-07451,22000.0,5880000.0,466620.47783860925
RET-07452,33000.0,12740000.0,1170931.5881430982
RET-07453,13000.0,5020000.0,164117.92321834053
RET-07454,4000.0,2450000.0,132566.150487581
RET-07455,23000.0,2280000.0,260090.92283939393
RET-07456,17000.0,7990000.0,490486.8302082916
RET-07457,13000.0,4420000.0,439323.42765699234
RET-07458,55000.0,15250000.0,1874363.3015166973
RET-07459,12000.0,1910000.0,188105.7068590574
RET-07460,17000.0,8230000.0,365682.80931235134
RET-07461,18000.0,2410000.0,263155.8894715764
RET-07462,60000.0,41230000.0,862731.1102001927
RET-07463,0.0,3730000.0,0.0
RET-07464,27000.0,7690000.0,729171.1326426475
RET-07465,3000.0,1510000.0,103889.10261170522
RET-07466,15000.0,6880000.0,499786.16785386804
RET-07467,16000.0,2350000.0,562531.0057640396
RET-07468,56000.0,14150000.0,1877870.6448696062
RET-07469,19000.0,2880000.0,277684.27447423944
RET-07470,5000.0,5660000.0,151405.58558881393
RET-07471,5000.0,3820000.0,68671.66733506267
RET-07472,10000.0,6950000.0,136303.30490794545
RET-07473,21000.0,3860000.0,594132.3336495655
RET-07474,12000.0,8310000.0,281983.54078554444
RET-07475,13000.0,1520000.0,322811.6381952486
RET-07476,14000.0,9150000.0,429925.2788997081
RET-07477,26000.0,12870000.0,397753.82114969427
RET-07478,1000.0,2390000.0,19720.66233000822
RET-07479,14000.0,4890000.0,188704.69898060925
RET-07480,19000.0,5040000.0,628942.8017148304
RET-07481,20000.0,14170000.0,600900.1161580512
RET-07482,10000.0,4590000.0,217418.28288948923
RET-07483,20000.0,1570000.0,466507.97017790127
RET-07484,36000.0,10720000.0,1205946.8921264405
RET-07485,15000.0,6470000.0,191170.97618928636
RET-07486,8000.0,2300000.0,223976.22731584872
RET-07487,14000.0,2420000.0,232692.2878574286
RET-07488,15000.0,14990000.0,505734.8688340728
RET-07489,19000.0,8330000.0,382394.1016557961
RET-07490,1000.0,2480000.0,10411.28788250413
RET-07491,29000.0,4520000.0,775072.1496139865
RET-07492,46000.0,8290000.0,660907.6218753888
RET-07493,26000.0,8810000.0,848290.4880969351
RET-07494,7000.0,9920000.0,104752.44676295311
RET-07495,53000.0,7980000.0,859175.5485327545
RET-07496,5000.0,2110000.0,134231.87817755775
RET-07497,26000.0,7930000.0,824280.7041894877
RET-07498,15000.0,800000.0,157227.70937972688
RET-07499,8000.0,5490000.0,171749.14333588685
RET-07500,4000.0,5540000.0,54460.32710293274
RET-07501,49000.0,12170000.0,1066133.908070054
RET-07502,2000.0,4370000.0,58382.11441448908
RET-07503,21000.0,12030000.0,356516.54247253825
RET-07504,11000.0,4510000.0,229101.93046183698
RET-07505,20000.0,2170000.0,236190.9586352164
RET-07506,28000.0,6130000.0,907349.370271384
RET-07507,11000.0,9720000.0,333888.1898872948
RET-07508,45000.0,5950000.0,883065.6520796546
RET-07509,14000.0,3190000.0,237156.74865118013
RET-07510,21000.0,5150000.0,680770.3206350143
RET-07511,4000.0,2220000.0,99739.81265755174
RET-07512,4000.0,5990000.0,109535.98696346041
RET-07513,25000.0,6840000.0,521721.51171486743
RET-07514,39000.0,3880000.0,604242.9710407673
RET-07515,21000.0,6710000.0,314910.1361731757
RET-07516,25000.0,2040000.0,377178.3860252959
RET-07517,5000.0,2040000.0,83287.98595536406
RET-07518,30000.0,10790000.0,1048473.3306076507
RET-07519,2000.0,4590000.0,62264.81258931743
RET-07520,1000.0,2360000.0,11098.264367143078
RET-07521,7000.0,990000.0,222535.96895103517
RET-07522,14000.0,3570000.0,474535.61390537256
RET-07523,16000.0,3620000.0,278737.0305041916
RET-07524,9000.0,3290000.0,233458.2345246069
RET-07525,39000.0,6680000.0,1104491.6064112624
RET-07526,1000.0,800000.0,12307.69587708215
RET-07527,42000.0,15840000.0,658399.0210551379
RET-07528,19000.0,6480000.0,358616.63572350197
RET-07529,13000.0,7570000.0,334440.5604038578
RET-07530,15000.0,3890000.0,272099.1567170094
RET-07531,11000.0,5160000.0,234591.58081848375
RET-07532,4000.0,1940000.0,48216.51196816553
RET-07533,9000.0,2380000.0,155602.0506452807
RET-07534,7000.0,2300000.0,245365.47829517024
RET-07535,56000.0,7390000.0,1851992.8985559826
RET-07536,15000.0,1810000.0,441900.02138705953
RET-07537,8000.0,2830000.0,105860.89807626813
RET-07538,4000.0,4410000.0,131656.9740170025
RET-07539,87000.0,14070000.0,1086541.4709974516
RET-07540,35000.0,14400000.0,593517.8535773486
RET-07541,17000.0,2250000.0,255887.3768742017
RET-07542,12000.0,4460000.0,175203.49173517426
RET-07543,0.0,3860000.0,0.0
RET-07544,5000.0,3330000.0,66795.0810218811
RET-07545,29000.0,1980000.0,947894.0040372382
RET-07546,5000.0,6910000.0,104002.8178349538
RET-07547,15000.0,2230000.0,166932.48056460233
RET-07548,6000.0,3400000.0,191811.77027328764
RET-07549,25000.0,19860000.0,705479.8911767277
RET-07550,2000.0,5950000.0,61033.08724171128
RET-07551,16000.0,3970000.0,356302.3426919271
RET-07552,3000.0,9270000.0,93854.9537856512
RET-07553,4000.0,4290000.0,44027.17437504332
RET-07554,16000.0,1610000.0,416829.55406615033
RET-07555,2000.0,1940000.0,22402.653192258567
RET-07556,11000.0,3520000.0,178283.17888635886
RET-07557,5000.0,1850000.0,138568.75598587818
RET-07558,19000.0,7880000.0,380775.86766560085
RET-07559,8000.0,1550000.0,234873.8130783071
RET-07560,20000.0,6030000.0,288682.31975404517
RET-07561,52000.0,17430000.0,1398020.982718827
RET-07562,53000.0,14870000.0,1153544.939696121
RET-07563,12000.0,5270000.0,165177.27676283993
RET-07564,9000.0,2300000.0,247563.01023213394
RET-07565,1000.0,470000.0,29181.967526216766
RET-07566,24000.0,9400000.0,838691.2101530888
RET-07567,14000.0,5730000.0,494225.86166765285
RET-07568,2000.0,7660000.0,54185.746989224484
RET-07569,23000.0,21680000.0,549991.7751087323
RET-07570,22000.0,2660000.0,600026.2474587765
RET-07571,19000.0,4730000.0,412473.2817306918
RET-07572,6000.0,1970000.0,122965.97543622863
RET-07573,4000.0,19830000.0,49909.901102604825
RET-07574,3000.0,2990000.0,99222.77752226939
RET-07575,1000.0,1980000.0,30733.361553045022
RET-07576,30000.0,2050000.0,1046757.9258667213
RET-07577,24000.0,13730000.0,678695.431633887
RET-07578,85000.0,13200000.0,1396337.9619256335
RET-07579,11000.0,1720000.0,288153.60447157896
RET-07580,34000.0,4990000.0,648528.8257934091
RET-07581,14000.0,6190000.0,341056.136062417
RET-07582,41000.0,14160000.0,1233618.204001209
RET-07583,28000.0,2370000.0,988526.8106689748
RET-07584,1000.0,3290000.0,13951.707304333415
RET-07585,14000.0,8680000.0,274320.0746932236
RET-07586,10000.0,690000.0,343657.00020820944
RET-07587,32000.0,3830000.0,453312.62813345826
RET-07588,3000.0,3390000.0,35588.53497064155
RET-07589,7000.0,2320000.0,137587.62004212342
RET-07590,23000.0,4950000.0,754703.5458223308
RET-07591,2000.0,1240000.0,41631.508662856126
RET-07592,14000.0,4400000.0,351203.9436538399
RET-07593,3000.0,2890000.0,46786.76688434884
RET-07594,18000.0,3370000.0,190905.77360534747
RET-07595,33000.0,5980000.0,413668.3171183919
RET-07596,2000.0,2470000.0,48079.826347956296
RET-07597,16000.0,4890000.0,376436.3209028099
RET-07598,28000.0,16650000.0,400414.0635851431
RET-07599,26000.0,3430000.0,411126.59366660897
RET-07600,53000.0,12930000.0,1031988.7342579395
RET-07601,0.0,1590000.0,0.0
RET-07602,7000.0,9090000.0,212602.9764630265
RET-07603,20000.0,5600000.0,509832.92312032735
RET-07604,3000.0,850000.0,51324.042869423436
RET-07605,60000.0,24960000.0,1753776.1623889657
RET-07606,6000.0,1050000.0,165727.5343956251
RET-07607,19000.0,3780000.0,501271.79275611596
RET-07608,22000.0,5100000.0,619367.3775154
RET-07609,18000.0,8760000.0,386473.45673483156
RET-07610,1000.0,9960000.0,34434.60978786152
RET-07611,24000.0,10760000.0,686474.2453160795
RET-07612,13000.0,910000.0,232246.31096711764
RET-07613,11000.0,1810000.0,116732.579746578
RET-07614,38000.0,8180000.0,683978.0139779194
RET-07615,7000.0,2040000.0,154968.2922095159
RET-07616,46000.0,5490000.0,812008.7941510235
RET-07617,55000.0,9520000.0,623177.2827558977
RET-07618,6000.0,17860000.0,77584.37198946564
RET-07619,25000.0,3770000.0,889764.3499140552
RET-07620,52000.0,12890000.0,731908.9441442877
RET-07621,11000.0,9730000.0,229022.48935535018
RET-07622,11000.0,2620000.0,177172.70493731328
RET-07623,4000.0,4300000.0,124278.36533728012
RET-07624,5000.0,4570000.0,101928.90475691865
RET-07625,7000.0,5190000.0,112752.23406386108
RET-07626,26000.0,5830000.0,797438.7259908024
RET-07627,9000.0,3510000.0,196888.473204783
RET-07628,2000.0,6320000.0,35462.22443503672
RET-07629,30000.0,4140000.0,566029.5915129402
RET-07630,15000.0,8100000.0,311296.21595402143
RET-07631,34000.0,9480000.0,712391.3270801288
RET-07632,5000.0,2360000.0,87690.80110636583
RET-07633,30000.0,5780000.0,1075853.401770843
RET-07634,35000.0,10070000.0,858669.7563917582
RET-07635,59000.0,4610000.0,1396170.712696764
RET-07636,39000.0,8080000.0,823574.7131523682
RET-07637,32000.0,2660000.0,963216.7363644505
RET-07638,4000.0,5890000.0,51485.44345158132
RET-07639,2000.0,1540000.0,62517.07374498517
RET-07640,16000.0,9350000.0,243822.3744432612
RET-07641,11000.0,2510000.0,384322.08474923635
RET-07642,39000.0,3860000.0,1196169.5517471095
RET-07643,25000.0,7410000.0,720376.5587347094
RET-07644,15000.0,8080000.0,483172.84246977285
RET-07645,47000.0,15870000.0,1074232.24300307
RET-07646,8000.0,11920000.0,235892.94895623738
RET-07647,20000.0,5610000.0,705153.4203315339
RET-07648,3000.0,1530000.0,79817.99929524629
RET-07649,75000.0,14150000.0,1538946.0056260347
RET-07650,25000.0,10370000.0,824999.2385020878
RET-07651,31000.0,5820000.0,561503.1166384299
RET-07652,29000.0,2410000.0,965081.4031974651
RET-07653,4000.0,3290000.0,45819.84799665362
RET-07654,23000.0,2930000.0,373096.4950178262
RET-07655,1000.0,4800000.0,13485.105512924634
RET-07656,18000.0,8170000.0,643700.4306572364
RET-07657,4000.0,490000.0,61653.28127793731
RET-07658,16000.0,1580000.0,530260.3894889373
RET-07659,11000.0,7510000.0,365643.22451389005
RET-07660,1000.0,1740000.0,26339.875754305478
RET-07661,6000.0,6250000.0,85597.42271231022
RET-07662,15000.0,1930000.0,519118.7969755116
RET-07663,15000.0,6780000.0,269092.9918120816
RET-07664,21000.0,5020000.0,633286.6534037177
RET-07665,2000.0,10360000.0,31934.183147668682
RET-07666,40000.0,5240000.0,1240202.8734838753
RET-07667,2000.0,6490000.0,33128.06006898145
RET-07668,2000.0,2500000.0,66413.38287614584
RET-07669,56000.0,37690000.0,1316119.2190413289
RET-07670,8000.0,6940000.0,117949.43169674417
RET-07671,8000.0,1820000.0,171178.67623889504
RET-07672,1000.0,2990000.0,18421.038758776573
RET-07673,36000.0,5490000.0,424830.98326379934
RET-07674,31000.0,6740000.0,511360.34714737185
RET-07675,13000.0,1830000.0,287257.06932619424
RET-07676,10000.0,4560000.0,172511.87702132875
RET-07677,11000.0,1950000.0,242370.27670215935
RET-07678,23000.0,2770000.0,283754.8199219138
RET-07679,6000.0,2750000.0,160347.67683167337
RET-07680,5000.0,7200000.0,58021.713894452994
RET-07681,46000.0,14220000.0,1516091.9894812764
RET-07682,8000.0,630000.0,236668.7372054142
RET-07683,78000.0,22660000.0,946907.8365434199
RET-07684,72000.0,15540000.0,2216716.3041217313
RET-07685,7000.0,2050000.0,198341.60889503738
RET-07686,1000.0,1040000.0,33052.41607392193
RET-07687,14000.0,3230000.0,501880.4069319806
RET-07688,39000.0,10900000.0,641837.8192925911
RET-07689,33000.0,7960000.0,507413.4288135944
RET-07690,21000.0,3370000.0,287808.40468280343
RET-07691,16000.0,10830000.0,280838.3840179181
RET-07692,3000.0,5320000.0,31133.771008390875
RET-07693,20000.0,11050000.0,456111.75730325625
RET-07694,16000.0,5790000.0,169359.8489050891
RET-07695,4000.0,3100000.0,54961.19921303785
RET-07696,9000.0,3770000.0,231862.33419972833
RET-07697,27000.0,7700000.0,667592.3308785738
RET-07698,19000.0,1420000.0,381636.23819166404
RET-07699,20000.0,5270000.0,233805.8278451604
RET-07700,21000.0,5630000.0,740960.4824412238
RET-07701,10000.0,7750000.0,187527.54382867992
RET-07702,2000.0,3430000.0,40446.47025640968
RET-07703,51000.0,11050000.0,1831898.5806784448
RET-07704,17000.0,2940000.0,473373.9993975467
RET-07705,15000.0,9880000.0,264651.54107762565
RET-07706,7000.0,7920000.0,187821.3840970288
RET-07707,5000.0,1820000.0,113124.00123226659
RET-07708,27000.0,6910000.0,274955.4810110402
RET-07709,10000.0,8240000.0,232453.30369561966
RET-07710,12000.0,7510000.0,330769.1242211871
RET-07711,10000.0,2740000.0,252214.69912773767
RET-07712,39000.0,4460000.0,1372748.1050354764
RET-07713,26000.0,4900000.0,591276.4048603474
RET-07714,29000.0,7650000.0,482937.58111833635
RET-07715,6000.0,7740000.0,97929.7373069838
RET-07716,9000.0,8300000.0,272528.0740389449
RET-07717,23000.0,3410000.0,317149.25963623816
RET-07718,22000.0,6120000.0,452081.6927728672
RET-07719,18000.0,38690000.0,460071.7552386838
RET-07720,30000.0,9940000.0,923761.0630384176
RET-07721,1000.0,7510000.0,20047.28405234782
RET-07722,9000.0,5030000.0,235732.04251703754
RET-07723,3000.0,1450000.0,81881.44278494827
RET-07724,1000.0,2960000.0,14468.85018494182
RET-07725,53000.0,11680000.0,662755.3032958221
RET-07726,8000.0,1300000.0,271892.13291140273
RET-07727,11000.0,3230000.0,249333.10595561154
RET-07728,27000.0,8120000.0,723065.4692131089
RET-07729,24000.0,3620000.0,335780.7982979985
RET-07730,6000.0,1810000.0,131246.4390211245
RET-07731,13000.0,7620000.0,192756.90749048596
RET-07732,7000.0,9140000.0,79958.16537517271
RET-07733,4000.0,2800000.0,134821.18967216634
RET-07734,9000.0,2080000.0,227655.3208559123
RET-07735,15000.0,1920000.0,321948.4702624622
RET-07736,15000.0,3710000.0,478167.0986349533
RET-07737,18000.0,3170000.0,412800.17051338294
RET-07738,25000.0,8120000.0,312453.9217942432
RET-07739,9000.0,2910000.0,279605.89334429824
RET-07740,10000.0,4200000.0,229746.85529346636
RET-07741,3000.0,6670000.0,62705.58180621746
RET-07742,9000.0,1370000.0,262553.02661021677
RET-07743,1000.0,800000.0,25328.739517358947
RET-07744,17000.0,26470000.0,439621.9285180639
RET-07745,2000.0,2930000.0,65659.90586814372
RET-07746,8000.0,9520000.0,177012.79473530583
RET-07747,10000.0,11870000.0,174513.6330696409
RET-07748,16000.0,10540000.0,291301.1633911648
RET-07749,10000.0,2480000.0,348065.82038918696
RET-07750,15000.0,8140000.0,164712.4701829725
RET-07751,7000.0,6100000.0,163773.51444985965
RET-07752,0.0,8950000.0,0.0
RET-07753,19000.0,1490000.0,573617.0090086121
RET-07754,11000.0,3910000.0,372018.9513328903
RET-07755,16000.0,2030000.0,532916.0369954127
RET-07756,8000.0,1290000.0,285167.3080548944
RET-07757,11000.0,4300000.0,191818.86776528382
RET-07758,61000.0,15730000.0,1156985.3167326394
RET-07759,126000.0,8870000.0,3548411.062767573
RET-07760,23000.0,5690000.0,385911.68096376903
RET-07761,15000.0,5100000.0,413476.74747578223
RET-07762,32000.0,8500000.0,823553.0218894851
RET-07763,1000.0,6070000.0,22029.103930069192
RET-07764,7000.0,5680000.0,111789.37774118052
RET-07765,51000.0,8990000.0,898786.4543521221
RET-07766,40000.0,18540000.0,1268847.4775349982
RET-07767,9000.0,2300000.0,275980.17008070165
RET-07768,94000.0,32220000.0,1180743.2211622552
RET-07769,5000.0,2420000.0,75415.30836540161
RET-07770,2000.0,5920000.0,32499.17231636171
RET-07771,4000.0,4740000.0,62452.6539979328
RET-07772,7000.0,2380000.0,186667.1606136673
RET-07773,37000.0,6410000.0,508185.6538083744
RET-07774,41000.0,8400000.0,589634.7160754505
RET-07775,12000.0,5440000.0,370879.3994584377
RET-07776,18000.0,1850000.0,500995.2978308878
RET-07777,2000.0,540000.0,25759.078824447526
RET-07778,8000.0,1400000.0,183358.31994374856
RET-07779,18000.0,1600000.0,203990.57214273556
RET-07780,31000.0,4010000.0,945751.1715664102
RET-07781,3000.0,3880000.0,81071.00071912585
RET-07782,9000.0,3100000.0,138470.85080138306
RET-07783,16000.0,6450000.0,160882.47910052058
RET-07784,18000.0,4790000.0,547645.6297024259
RET-07785,4000.0,3660000.0,42578.9949003215
RET-07786,10000.0,1190000.0,338190.1440005774
RET-07787,10000.0,1110000.0,167969.6972180709
RET-07788,50000.0,3520000.0,925481.5119028594
RET-07789,0.0,3190000.0,0.0
RET-07790,4000.0,10210000.0,75724.5648801616
RET-07791,63000.0,4150000.0,1062241.3047956007
RET-07792,6000.0,4860000.0,116635.60764506426
RET-07793,2000.0,6030000.0,67219.88769766573
RET-07794,46000.0,11720000.0,1171255.226952321
RET-07795,49000.0,10720000.0,667753.1617382601
RET-07796,9000.0,1100000.0,210434.41553017797
RET-07797,2000.0,1920000.0,38689.52777671394
RET-07798,36000.0,13230000.0,667589.303952204
RET-07799,6000.0,11830000.0,162721.5904188402
RET-07800,12000.0,2230000.0,325480.2840084162
RET-07801,45000.0,12010000.0,1428487.4647065755
RET-07802,10000.0,2970000.0,166539.93974345902
RET-07803,28000.0,7180000.0,632162.1586774618
RET-07804,5000.0,1320000.0,147572.1983677318
RET-07805,3000.0,2290000.0,91635.75631985662
RET-07806,11000.0,10280000.0,138639.5493029362
RET-07807,36000.0,4760000.0,844472.6647846792
RET-07808,37000.0,10810000.0,1313117.2807810137
RET-07809,19000.0,5340000.0,213856.62846382463
RET-07810,27000.0,3410000.0,439350.23802258447
RET-07811,19000.0,9590000.0,303109.4714499176
RET-07812,16000.0,2000000.0,489652.7798633799
RET-07813,23000.0,4630000.0,718827.3131435759
RET-07814,3000.0,6040000.0,66406.54360889051
RET-07815,1000.0,9270000.0,15045.94055477088
RET-07816,19000.0,2560000.0,435323.6425742594
RET-07817,14000.0,1930000.0,376964.3222905613
RET-07818,1000.0,2200000.0,17401.595070602118
RET-07819,10000.0,4000000.0,128094.56904999059
RET-07820,13000.0,6130000.0,292081.3732260907
RET-07821,10000.0,1360000.0,203830.56468484845
RET-07822,11000.0,4780000.0,373558.8277944425
RET-07823,6000.0,700000.0,136617.0621446459
RET-07824,7000.0,2220000.0,170160.03627501804
RET-07825,26000.0,7220000.0,539725.9991785458
RET-07826,21000.0,3110000.0,702284.8465635108
RET-07827,19000.0,9380000.0,286520.45302661165
RET-07828,5000.0,3160000.0,56838.02770982588
RET-07829,8000.0,2970000.0,178762.96660438378
RET-07830,28000.0,5500000.0,965638.5447741182
RET-07831,36000.0,6870000.0,763647.7362943129
RET-07832,32000.0,19500000.0,686144.7896068546
RET-07833,19000.0,3960000.0,621654.8672854167
RET-07834,14000.0,10220000.0,466206.84264800913
RET-07835,11000.0,5120000.0,162711.99793959776
RET-07836,17000.0,8460000.0,494510.8455548632
RET-07837,23000.0,13410000.0,717429.964277888
RET-07838,8000.0,5690000.0,100596.63869727032
RET-07839,2000.0,4050000.0,64019.581977229565
RET-07840,10000.0,1340000.0,182838.07252715982
RET-07841,0.0,3240000.0,0.0
RET-07842,6000.0,3360000.0,206965.53239021625
RET-07843,41000.0,9490000.0,894761.6269949764
RET-07844,40000.0,10200000.0,1233866.7437249776
RET-07845,16000.0,4230000.0,265836.67540013563
RET-07846,4000.0,1080000.0,114401.19113599994
RET-07847,3000.0,4290000.0,46475.52623330451
RET-07848,9000.0,2530000.0,286152.95672140305
RET-07849,13000.0,9620000.0,137575.5080867271
RET-07850,11000.0,3440000.0,300015.7377071829
RET-07851,105000.0,28170000.0,2026817.0131272029
RET-07852,25000.0,4100000.0,317277.50378566724
RET-07853,13000.0,5860000.0,166526.83721165566
RET-07854,24000.0,13930000.0,609508.1416176062
RET-07855,5000.0,2000000.0,78858.34410166617
RET-07856,31000.0,4240000.0,425769.0834815431
RET-07857,2000.0,820000.0,33476.10329443143
RET-07858,1000.0,520000.0,28379.70672717038
RET-07859,11000.0,7100000.0,344421.6609687513
RET-07860,22000.0,9880000.0,777535.4219189209
RET-07861,30000.0,3920000.0,672933.8716471101
RET-07862,29000.0,2870000.0,612018.8493745975
RET-07863,2000.0,620000.0,49675.75159565991
RET-07864,6000.0,4110000.0,135848.17798342157
RET-07865,15000.0,3600000.0,312403.0233294895
RET-07866,42000.0,6680000.0,1394453.329068871
RET-07867,12000.0,2660000.0,202952.46254767946
RET-07868,3000.0,10030000.0,83514.1900451822
RET-07869,18000.0,2830000.0,628864.2995600359
RET-07870,21000.0,1330000.0,539940.022297873
RET-07871,13000.0,6640000.0,170603.2068621156
RET-07872,5000.0,2700000.0,132319.27795207777
RET-07873,25000.0,5040000.0,818969.6861614177
RET-07874,12000.0,1620000.0,402929.3612657673
RET-07875,7000.0,9800000.0,169493.59067891163
RET-07876,15000.0,3790000.0,197657.5155454655
RET-07877,13000.0,4270000.0,190631.36360130153
RET-07878,3000.0,2090000.0,72358.18069195711
RET-07879,13000.0,4780000.0,442181.8680079694
RET-07880,9000.0,4640000.0,281819.76061222085
RET-07881,8000.0,15620000.0,174229.13365637028
RET-07882,25000.0,7280000.0,558204.0983185101
RET-07883,4000.0,1550000.0,48581.44811988644
RET-07884,30000.0,4230000.0,1040249.3581110383
RET-07885,21000.0,4450000.0,614192.6180796482
RET-07886,14000.0,15770000.0,272043.7262311111
RET-07887,17000.0,1620000.0,232319.94024765925
RET-07888,11000.0,2060000.0,200451.24801533896
RET-07889,47000.0,6000000.0,1605825.1337720787
RET-07890,37000.0,3540000.0,719284.4734496049
RET-07891,49000.0,8660000.0,1333578.7262232944
RET-07892,15000.0,5440000.0,515708.4226204869
RET-07893,2000.0,8510000.0,55726.85920641369
RET-07894,12000.0,26880000.0,370482.25552213256
RET-07895,30000.0,3810000.0,733569.0705882871
RET-07896,11000.0,4270000.0,197556.1446377609
RET-07897,24000.0,4720000.0,626637.0865039399
RET-07898,31000.0,9270000.0,817091.7117208793
RET-07899,21000.0,5830000.0,652690.9025141343
RET-07900,60000.0,23640000.0,770763.9261884531
RET-07901,4000.0,2710000.0,109108.49453823983
RET-07902,7000.0,8910000.0,123371.2828034987
RET-07903,32000.0,14980000.0,371139.98027104366
RET-07904,9000.0,14500000.0,141155.5658159033
RET-07905,15000.0,2020000.0,234301.91042386417
RET-07906,3000.0,2960000.0,106101.98587886964
RET-07907,23000.0,9570000.0,555090.5046398464
RET-07908,3000.0,12710000.0,106580.12770142934
RET-07909,2000.0,1410000.0,29524.877402022372
RET-07910,24000.0,9860000.0,554559.2563913106
RET-07911,9000.0,3510000.0,248505.12935598538
RET-07912,50000.0,10300000.0,1155385.7717525589
RET-07913,21000.0,2060000.0,562379.1224157729
RET-07914,19000.0,1540000.0,308432.23910022114
RET-07915,9000.0,4630000.0,108784.41011543838
RET-07916,22000.0,3680000.0,455270.6376107934
RET-07917,2000.0,3650000.0,30318.392926660646
RET-07918,35000.0,15930000.0,1180506.5841556906
RET-07919,23000.0,3230000.0,524025.887756515
RET-07920,9000.0,12480000.0,232470.134334886
RET-07921,9000.0,1090000.0,165334.5940464626
RET-07922,3000.0,1810000.0,33195.410001375545
RET-07923,2000.0,2960000.0,24547.817187697816
RET-07924,6000.0,5640000.0,127755.16612952019
RET-07925,38000.0,3790000.0,1103617.2505681552
RET-07926,31000.0,2720000.0,639926.3924218753
RET-07927,7000.0,3400000.0,146339.70200789493
RET-07928,6000.0,1190000.0,150685.55173432227
RET-07929,57000.0,6150000.0,1064669.0725466372
RET-07930,15000.0,2140000.0,443696.38468968775
RET-07931,19000.0,9710000.0,654407.4623027883
RET-07932,12000.0,7780000.0,369376.8865353742
RET-07933,10000.0,7200000.0,330559.0478646649
RET-07934,21000.0,3890000.0,574094.3764617998
RET-07935,4000.0,2040000.0,66663.50682826353
RET-07936,17000.0,10530000.0,178302.71645055842
RET-07937,1000.0,920000.0,29506.58874217764
RET-07938,13000.0,5580000.0,425879.3427714055
RET-07939,17000.0,6960000.0,177010.21100922726
RET-07940,67000.0,29900000.0,1297117.999836589
RET-07941,8000.0,9890000.0,96088.77474729829
RET-07942,26000.0,6670000.0,685609.3892631291
RET-07943,12000.0,12200000.0,386896.01894213917
RET-07944,19000.0,2160000.0,256308.88282568112
RET-07945,2000.0,8560000.0,33498.55722475904
RET-07946,25000.0,6640000.0,735889.6078619912
RET-07947,51000.0,4080000.0,1234425.8332009749
RET-07948,31000.0,4520000.0,616754.8190732816
RET-07949,14000.0,4240000.0,438048.2130962626
RET-07950,49000.0,14190000.0,1304316.5942452387
RET-07951,14000.0,1000000.0,289076.3226588476
RET-07952,27000.0,9290000.0,786860.8614882849
RET-07953,38000.0,8090000.0,1069705.906316762
RET-07954,20000.0,4630000.0,378692.1954737843
RET-07955,15000.0,3980000.0,521798.0463474746
RET-07956,3000.0,2340000.0,64033.56212738647
RET-07957,21000.0,5170000.0,749033.8180344331
RET-07958,2000.0,1950000.0,70051.92035703133
RET-07959,17000.0,4800000.0,435558.99356875004
RET-07960,9000.0,630000.0,211584.38703623952
RET-07961,32000.0,11840000.0,1085024.829083516
RET-07962,4000.0,9880000.0,80052.981007767
RET-07963,30000.0,9760000.0,338733.1790957063
RET-07964,1000.0,1490000.0,11851.369324262103
RET-07965,4000.0,2120000.0,91164.40978869353
RET-07966,13000.0,4840000.0,208693.85526635495
RET-07967,39000.0,9110000.0,650324.631900909
RET-07968,4000.0,2050000.0,95876.25709582528
RET-07969,29000.0,3710000.0,763687.8796266
RET-07970,12000.0,5220000.0,368072.4993942759
RET-07971,17000.0,21470000.0,564254.0982828892
RET-07972,38000.0,4530000.0,785802.3591373562
RET-07973,29000.0,4980000.0,742780.6600980661
RET-07974,10000.0,3100000.0,319275.8117339875
RET-07975,9000.0,960000.0,275792.276218569
RET-07976,29000.0,11420000.0,552550.5334127637
RET-07977,9000.0,21230000.0,323688.49750756874
RET-07978,10000.0,7900000.0,271268.7732677673
RET-07979,2000.0,8590000.0,37541.334681819026
RET-07980,26000.0,2790000.0,920672.1136229634
RET-07981,16000.0,6790000.0,574517.559525985
RET-07982,15000.0,2320000.0,179726.14259441366
RET-07983,17000.0,1760000.0,492342.9232266269
RET-07984,2000.0,1810000.0,40161.09056461003
RET-07985,29000.0,5530000.0,405313.65145287215
RET-07986,6000.0,5670000.0,202441.8334383178
RET-07987,18000.0,9910000.0,504462.71232390834
RET-07988,6000.0,1040000.0,174412.87433678395
RET-07989,22000.0,2930000.0,461528.4048559687
RET-07990,33000.0,10590000.0,992424.5364191938
RET-07991,64000.0,16270000.0,1923631.5293310266
RET-07992,7000.0,23480000.0,101262.32252715503
RET-07993,17000.0,4970000.0,493452.82155809086
RET-07994,44000.0,12810000.0,1024011.3406603225
RET-07995,12000.0,8930000.0,236090.35883057388
RET-07996,1000.0,4380000.0,26002.058268331744
RET-07997,25000.0,7980000.0,352815.13848864683
RET-07998,25000.0,6900000.0,486169.5684429778
RET-07999,6000.0,5410000.0,146484.1031983959
RET-08000,3000.0,2430000.0,107101.28191709025
RET-08001,6000.0,5750000.0,85945.18322606255
RET-08002,36000.0,9470000.0,1227289.4103937622
RET-08003,4000.0,13810000.0,95716.07287513686
RET-08004,5000.0,6860000.0,119733.39443434417
RET-08005,7000.0,5480000.0,198346.6777901278
RET-08006,10000.0,13750000.0,115169.93071257783
RET-08007,52000.0,13740000.0,610236.9202293257
RET-08008,3000.0,2270000.0,102196.56422825194
RET-08009,19000.0,7260000.0,289170.51852395386
RET-08010,11000.0,2340000.0,198398.91779158378
RET-08011,6000.0,5030000.0,189643.1811893717
RET-08012,14000.0,7140000.0,312716.1201433468
RET-08013,13000.0,3250000.0,327971.4756400688
RET-08014,8000.0,2650000.0,189185.4473209351
RET-08015,12000.0,1790000.0,251914.64812153086
RET-08016,13000.0,810000.0,375865.09342554526
RET-08017,2000.0,10410000.0,44818.53591819446
RET-08018,4000.0,2380000.0,77871.50832262415
RET-08019,6000.0,2460000.0,93481.59795561581
RET-08020,51000.0,19910000.0,569159.3510193833
RET-08021,8000.0,1270000.0,284666.6677958016
RET-08022,13000.0,1970000.0,427317.0277370923
RET-08023,48000.0,9960000.0,1302965.4315091998
RET-08024,9000.0,2820000.0,206444.41354695955
RET-08025,3000.0,1620000.0,105717.69635020361
RET-08026,10000.0,3520000.0,148196.0208663442
RET-08027,32000.0,5170000.0,811527.4929271295
RET-08028,27000.0,5910000.0,569042.4178091638
RET-08029,3000.0,2420000.0,66973.64297358216
RET-08030,9000.0,3160000.0,118072.50632889623
RET-08031,23000.0,1990000.0,628867.856482351
RET-08032,7000.0,11010000.0,151403.68322263358
RET-08033,119000.0,17740000.0,2653066.501960982
RET-08034,13000.0,1320000.0,190032.13350058303
RET-08035,43000.0,20670000.0,1028630.0704254082
RET-08036,38000.0,6040000.0,804641.2381698398
RET-08037,20000.0,10050000.0,359552.00915318803
RET-08038,8000.0,2550000.0,223953.54578801384
RET-08039,6000.0,5830000.0,147435.42428300288
RET-08040,4000.0,6060000.0,141504.16162247187
RET-08041,4000.0,2800000.0,94127.84444686277
RET-08042,14000.0,6410000.0,417904.23645405076
RET-08043,13000.0,5360000.0,420145.2867279097
RET-08044,68000.0,9680000.0,2163501.7496769675
RET-08045,48000.0,18020000.0,1495948.9476542685
RET-08046,2000.0,1120000.0,33773.16687490041
RET-08047,24000.0,7100000.0,614096.0725152516
RET-08048,38000.0,3330000.0,1353460.1877960248
RET-08049,26000.0,19320000.0,899945.0716209596
RET-08050,10000.0,6760000.0,329462.41897930607
RET-08051,16000.0,3250000.0,478901.60741882684
RET-08052,5000.0,6750000.0,61513.77863048951
RET-08053,12000.0,12700000.0,253108.88565239703
RET-08054,11000.0,1650000.0,196311.78104111276
RET-08055,2000.0,2590000.0,40180.56203929979
RET-08056,34000.0,5720000.0,855606.2825789605
RET-08057,2000.0,3990000.0,40463.4562967021
RET-08058,1000.0,7020000.0,21058.017178177433
RET-08059,16000.0,2080000.0,411464.8607236528
RET-08060,10000.0,4830000.0,329008.9729090213
RET-08061,21000.0,3760000.0,294749.081435692
RET-08062,8000.0,580000.0,136216.66066940333
RET-08063,29000.0,42550000.0,302391.66403671727
RET-08064,19000.0,3960000.0,630514.9669490937
RET-08065,2000.0,3600000.0,22363.335275959274
RET-08066,10000.0,4260000.0,315974.1838508141
RET-08067,1000.0,9140000.0,31899.644316013986
RET-08068,31000.0,1990000.0,326693.2500442239
RET-08069,1000.0,4420000.0,32747.95151178617
RET-08070,7000.0,3820000.0,157775.85439534832
RET-08071,31000.0,14620000.0,1085636.1477611582
RET-08072,17000.0,5230000.0,418192.0905032659
RET-08073,6000.0,2770000.0,183395.56215388505
RET-08074,5000.0,5410000.0,127088.08099066849
RET-08075,14000.0,2060000.0,438487.56362814514
RET-08076,33000.0,17540000.0,983453.1667528466
RET-08077,10000.0,5200000.0,149212.45295994863
RET-08078,5000.0,7300000.0,123155.31440032621
RET-08079,23000.0,8000000.0,464998.70787966845
RET-08080,4000.0,5410000.0,40935.07295424676
RET-08081,12000.0,7240000.0,312553.59713882336
RET-08082,16000.0,810000.0,250170.46217284896
RET-08083,11000.0,7310000.0,360890.92496078194
RET-08084,30000.0,8930000.0,834197.0939679936
RET-08085,28000.0,7110000.0,379896.2091649655
RET-08086,17000.0,1740000.0,196221.7745808587
RET-08087,6000.0,1200000.0,200169.25021955746
RET-08088,38000.0,4950000.0,1329627.9959455389
RET-08089,12000.0,3120000.0,383569.5072336739
RET-08090,3000.0,1740000.0,50314.056794973454
RET-08091,53000.0,16370000.0,930618.7820559455
RET-08092,24000.0,8430000.0,463946.9248024874
RET-08093,12000.0,3410000.0,197741.61554506142
RET-08094,23000.0,2310000.0,659624.1170980682
RET-08095,15000.0,2280000.0,346986.27768947324
RET-08096,8000.0,8480000.0,186839.3551316683
RET-08097,16000.0,1000000.0,366361.619916192
RET-08098,40000.0,3040000.0,652086.2929768626
RET-08099,11000.0,1390000.0,341441.619716977
RET-08100,18000.0,4050000.0,529988.321937234
RET-08101,17000.0,5290000.0,554601.5323626489
RET-08102,8000.0,2570000.0,161326.88011221256
RET-08103,5000.0,6720000.0,63192.43458505044
RET-08104,26000.0,9240000.0,619481.1305469115
RET-08105,7000.0,1550000.0,224693.96588534824
RET-08106,7000.0,7870000.0,201255.68534099462
RET-08107,5000.0,5080000.0,60434.41102203763
RET-08108,16000.0,4010000.0,208849.8327873171
RET-08109,4000.0,3100000.0,55490.94647003852
RET-08110,25000.0,3180000.0,366879.74935409985
RET-08111,5000.0,1760000.0,175700.72115309077
RET-08112,6000.0,7800000.0,124575.63560428844
RET-08113,1000.0,5860000.0,27376.587142858847
RET-08114,18000.0,5620000.0,256681.9464087721
RET-08115,1000.0,10240000.0,25545.451353335844
RET-08116,20000.0,1580000.0,327339.7187758998
RET-08117,14000.0,5160000.0,497673.3886086734
RET-08118,19000.0,1790000.0,462281.6037640962
RET-08119,9000.0,5100000.0,167920.77027579275
RET-08120,21000.0,14570000.0,553854.1633977527
RET-08121,72000.0,11640000.0,1811994.705831673
RET-08122,51000.0,3260000.0,1123344.0988523227
RET-08123,45000.0,15290000.0,1513330.4377827412
RET-08124,18000.0,10840000.0,611213.7028318034
RET-08125,10000.0,2070000.0,138562.25012061207
RET-08126,1000.0,2230000.0,14119.461604170845
RET-08127,15000.0,4400000.0,536667.627830662
RET-08128,15000.0,2910000.0,397197.9950121448
RET-08129,46000.0,14110000.0,681102.1500886721
RET-08130,32000.0,6930000.0,385997.8247725793
RET-08131,16000.0,1680000.0,472949.195053556
RET-08132,8000.0,1690000.0,268474.0858114477
RET-08133,73000.0,18790000.0,2263925.1311397753
RET-08134,13000.0,2430000.0,220430.84055776082
RET-08135,20000.0,13020000.0,685488.8766164092
RET-08136,15000.0,2830000.0,150769.32604166583
RET-08137,15000.0,4290000.0,491144.1804463914
RET-08138,8000.0,3600000.0,282309.5927772272
RET-08139,13000.0,2660000.0,436822.9327996573
RET-08140,79000.0,21300000.0,1019989.9333072965
RET-08141,7000.0,2860000.0,243177.21675856225
RET-08142,25000.0,3770000.0,483834.96463663265
RET-08143,21000.0,1960000.0,592995.6124216458
RET-08144,15000.0,1380000.0,218925.5418565064
RET-08145,52000.0,5730000.0,1786571.9151339957
RET-08146,1000.0,890000.0,19541.42864664891
RET-08147,40000.0,20000000.0,1207646.0915823427
RET-08148,1000.0,2040000.0,34497.544577704946
RET-08149,11000.0,1990000.0,376010.87549555674
RET-08150,13000.0,2340000.0,313384.7445548233
RET-08151,7000.0,5340000.0,195501.2083140903
RET-08152,15000.0,3070000.0,334874.30174541596
RET-08153,5000.0,6360000.0,131541.3103157267
RET-08154,8000.0,6520000.0,266300.0350442131
RET-08155,10000.0,2120000.0,167025.92947781697
RET-08156,22000.0,7620000.0,537923.5229258839
RET-08157,25000.0,7700000.0,601379.900196967
RET-08158,3000.0,14460000.0,100443.65483700803
RET-08159,6000.0,6900000.0,107630.6391556008
RET-08160,16000.0,3430000.0,224666.16749901357
RET-08161,42000.0,20600000.0,998367.8652042933
RET-08162,4000.0,2730000.0,41438.37236529512
RET-08163,23000.0,6550000.0,265812.1657839114
RET-08164,14000.0,1930000.0,343270.57777418476
RET-08165,7000.0,8440000.0,246642.9254307389
RET-08166,57000.0,21410000.0,1271284.8782298695
RET-08167,16000.0,9740000.0,420686.3584040996
RET-08168,40000.0,9680000.0,1190223.2780142874
RET-08169,25000.0,5430000.0,702150.2783988757
RET-08170,2000.0,2710000.0,67783.37496460708
RET-08171,2000.0,7490000.0,32372.189195330633
RET-08172,4000.0,2690000.0,50539.45926076409
RET-08173,8000.0,870000.0,94942.77176838733
RET-08174,13000.0,3120000.0,429159.06408394285
RET-08175,48000.0,13280000.0,1133373.044943966
RET-08176,16000.0,4300000.0,235589.78226690012
RET-08177,19000.0,6490000.0,541983.2518613943
RET-08178,7000.0,9130000.0,200228.52706662056
RET-08179,3000.0,10330000.0,36321.57558781472
RET-08180,5000.0,10330000.0,112834.05556569487
RET-08181,13000.0,980000.0,394831.2971544114
RET-08182,15000.0,5200000.0,415890.69006558467
RET-08183,13000.0,3750000.0,259816.41776966647
RET-08184,26000.0,5420000.0,680918.7746916267
RET-08185,42000.0,11670000.0,1262298.6469940585
RET-08186,32000.0,2600000.0,851560.7597652653
RET-08187,1000.0,8280000.0,22392.025087763282
RET-08188,53000.0,14550000.0,1025662.1478553856
RET-08189,23000.0,6270000.0,705534.3765061324
RET-08190,23000.0,9200000.0,417344.77436104463
RET-08191,19000.0,1470000.0,538646.3552008849
RET-08192,37000.0,2950000.0,1042723.9729634469
RET-08193,51000.0,3300000.0,1206465.4672107052
RET-08194,1000.0,5940000.0,29780.065818931842
RET-08195,16000.0,1920000.0,506353.0922531447
RET-08196,64000.0,12560000.0,778568.5137600349
RET-08197,28000.0,1900000.0,680159.3210409121
RET-08198,27000.0,3920000.0,433164.934604293
RET-08199,31000.0,10730000.0,951041.3553930019
RET-08200,18000.0,2240000.0,384625.5032455083
RET-08201,10000.0,1870000.0,327400.69447328156
RET-08202,7000.0,4960000.0,187118.628483432
RET-08203,2000.0,12830000.0,25919.86760101654
RET-08204,5000.0,7070000.0,82556.05018757314
RET-08205,15000.0,3680000.0,306841.78349376563
RET-08206,40000.0,5700000.0,802386.9287131049
RET-08207,14000.0,8930000.0,284434.8241377611
RET-08208,13000.0,3490000.0,435357.4933793304
RET-08209,43000.0,12990000.0,944109.9906991891
RET-08210,6000.0,3030000.0,74227.11394789559
RET-08211,37000.0,4990000.0,664956.2446198825
RET-08212,2000.0,4960000.0,42933.355060302754
RET-08213,8000.0,3510000.0,152363.39941915174
RET-08214,8000.0,2720000.0,129643.20009107962
RET-08215,14000.0,6430000.0,292724.6311434984
RET-08216,13000.0,1370000.0,430998.0736485476
RET-08217,6000.0,1790000.0,125201.39567205362
RET-08218,12000.0,6340000.0,231253.01111927794
RET-08219,9000.0,7340000.0,188435.35498366616
RET-08220,11000.0,930000.0,302010.41750984447
RET-08221,3000.0,1720000.0,30702.01420841891
RET-08222,9000.0,6910000.0,184648.08950513383
RET-08223,6000.0,1990000.0,129082.82754736379
RET-08224,5000.0,1460000.0,141719.79934286626
RET-08225,10000.0,6070000.0,349190.83831456606
RET-08226,17000.0,10650000.0,298720.2948156007
RET-08227,4000.0,4860000.0,48165.78575124609
RET-08228,93000.0,9530000.0,2861880.774716285
RET-08229,39000.0,13740000.0,852825.2792138972
RET-08230,15000.0,3290000.0,277618.9476498875
RET-08231,15000.0,4820000.0,315496.49817381485
RET-08232,3000.0,570000.0,83999.6979818829
RET-08233,48000.0,9380000.0,540225.6963438746
RET-08234,9000.0,7660000.0,237177.41972991923
RET-08235,11000.0,11580000.0,250709.64333521505
RET-08236,0.0,2860000.0,0.0
RET-08237,6000.0,7720000.0,146919.11920304614
RET-08238,11000.0,6080000.0,152188.2583500096
RET-08239,24000.0,10440000.0,598414.8494375768
RET-08240,27000.0,6500000.0,956739.7262674149
RET-08241,24000.0,6060000.0,314255.4564251538
RET-08242,16000.0,5390000.0,465973.19034209184
RET-08243,15000.0,5040000.0,475215.5697856328
RET-08244,5000.0,4980000.0,83399.1356007509
RET-08245,13000.0,13080000.0,206818.59548865212
RET-08246,2000.0,1400000.0,36932.73440845753
RET-08247,5000.0,7490000.0,176810.1709913955
RET-08248,14000.0,2280000.0,300680.0373104572
RET-08249,9000.0,1760000.0,275553.48411598994
RET-08250,7000.0,2730000.0,102172.11399919346
RET-08251,15000.0,5170000.0,180985.87604504486
RET-08252,42000.0,29900000.0,855447.0823714859
RET-08253,20000.0,9310000.0,503320.4412748164
RET-08254,10000.0,10350000.0,284092.38382047525
RET-08255,11000.0,5050000.0,347474.1327281101
RET-08256,31000.0,5910000.0,432334.7657063681
RET-08257,11000.0,7130000.0,342028.3270639328
RET-08258,8000.0,3620000.0,238091.97585335787
RET-08259,8000.0,2130000.0,90668.5634213448
RET-08260,69000.0,15370000.0,2374126.2555218614
RET-08261,3000.0,5320000.0,54181.83475430322
RET-08262,5000.0,8600000.0,176501.238113145
RET-08263,5000.0,13950000.0,119311.44621091554
RET-08264,23000.0,4210000.0,754518.5704717938
RET-08265,3000.0,4250000.0,80473.83459634321
RET-08266,55000.0,17250000.0,985310.435522666
RET-08267,79000.0,16320000.0,1456179.797572096
RET-08268,9000.0,1290000.0,236742.0003593195
RET-08269,18000.0,7540000.0,530292.9703178557
RET-08270,6000.0,8170000.0,102373.61581113921
RET-08271,4000.0,3780000.0,98350.94454572683
RET-08272,9000.0,1400000.0,225226.98294416707
RET-08273,10000.0,4770000.0,294552.0193151515
RET-08274,5000.0,2890000.0,123712.27786944176
RET-08275,46000.0,7190000.0,1072439.82153549
RET-08276,38000.0,14580000.0,883464.2459822943
RET-08277,17000.0,12110000.0,413738.6594015444
RET-08278,4000.0,7150000.0,89952.17631122548
RET-08279,20000.0,10080000.0,385948.3836102823
RET-08280,1000.0,4650000.0,18921.658932342758
RET-08281,23000.0,3540000.0,256722.8506859011
RET-08282,0.0,4130000.0,0.0
RET-08283,6000.0,3470000.0,195175.8543541225
RET-08284,28000.0,4440000.0,840624.5417233196
RET-08285,7000.0,1350000.0,199863.1739805426
RET-08286,7000.0,7940000.0,209818.7440518126
RET-08287,1000.0,2770000.0,26641.34595360239
RET-08288,15000.0,3550000.0,324694.88797693193
RET-08289,5000.0,2060000.0,139934.05380173458
RET-08290,13000.0,1760000.0,151921.00648216708
RET-08291,5000.0,1500000.0,123616.71408180275
RET-08292,37000.0,5800000.0,1182804.0873113812
RET-08293,20000.0,2650000.0,634341.9806428779
RET-08294,3000.0,1420000.0,101305.32448785985
RET-08295,2000.0,8900000.0,68935.06001685285
RET-08296,10000.0,2920000.0,128432.10531168125
RET-08297,8000.0,1900000.0,113529.7023546832
RET-08298,6000.0,3390000.0,121182.03842085894
RET-08299,4000.0,3120000.0,142911.4118135803
RET-08300,14000.0,9080000.0,214453.48174755587
RET-08301,4000.0,7990000.0,90669.07697096361
RET-08302,13000.0,7570000.0,279500.02565432596
RET-08303,2000.0,4770000.0,24336.987354736033
RET-08304,28000.0,8810000.0,961719.7183323427
RET-08305,4000.0,1690000.0,125063.64600307483
RET-08306,8000.0,4050000.0,121300.55066081996
RET-08307,52000.0,10760000.0,963063.4573073764
RET-08308,3000.0,2750000.0,76978.3698766867
RET-08309,2000.0,1040000.0,45463.11724098277
RET-08310,1000.0,7720000.0,13458.532652031248
RET-08311,22000.0,10090000.0,504156.5523895961
RET-08312,19000.0,4590000.0,362266.9689647312
RET-08313,11000.0,4570000.0,282403.9091587974
RET-08314,39000.0,8810000.0,570980.4644423408
RET-08315,10000.0,2230000.0,290776.1768372931
RET-08316,18000.0,5770000.0,554970.1174572273
RET-08317,1000.0,7570000.0,34503.29538201522
RET-08318,11000.0,2470000.0,166010.14053992115
RET-08319,18000.0,1350000.0,635068.019175753
RET-08320,48000.0,4180000.0,1216519.934138332
RET-08321,11000.0,6090000.0,283198.97994417726
RET-08322,9000.0,11900000.0,284250.6259746446
RET-08323,10000.0,3400000.0,264918.74236450036
RET-08324,41000.0,4200000.0,1140184.5455641062
RET-08325,15000.0,2720000.0,328885.76483557053
RET-08326,8000.0,8070000.0,229876.24323440815
RET-08327,4000.0,11050000.0,41710.347144677944
RET-08328,7000.0,3550000.0,100775.96683204532
RET-08329,31000.0,3770000.0,1083002.9844871412
RET-08330,24000.0,7140000.0,541952.8164826676
RET-08331,28000.0,1910000.0,803971.5510744357
RET-08332,4000.0,5710000.0,77706.06768327676
RET-08333,9000.0,13640000.0,194264.6021079215
RET-08334,9000.0,800000.0,130876.47345854269
RET-08335,26000.0,3760000.0,715440.9487624526
RET-08336,1000.0,1440000.0,27169.143294864152
RET-08337,16000.0,4500000.0,515351.91195238655
RET-08338,42000.0,7010000.0,1045913.3200030152
RET-08339,21000.0,5840000.0,400774.0496323378
RET-08340,3000.0,1300000.0,66365.7511220559
RET-08341,6000.0,1940000.0,78075.98592081999
RET-08342,2000.0,940000.0,52789.7936251583
RET-08343,22000.0,2830000.0,544655.5134952451
RET-08344,13000.0,6850000.0,132361.2924610905
RET-08345,8000.0,4140000.0,203230.55018374795
RET-08346,11000.0,3720000.0,285675.7309655109
RET-08347,24000.0,2330000.0,755314.8895073652
RET-08348,2000.0,3110000.0,70324.06890762187
RET-08349,42000.0,8180000.0,1322046.952536491
RET-08350,3000.0,7960000.0,88374.89312697643
RET-08351,14000.0,3100000.0,197580.58563028244
RET-08352,3000.0,4750000.0,54652.077992466264
RET-08353,0.0,4180000.0,0.0
RET-08354,7000.0,2830000.0,118045.12695117824
RET-08355,11000.0,6760000.0,183191.80009199795
RET-08356,32000.0,9310000.0,1100620.2773361187
RET-08357,2000.0,4930000.0,34401.76184985747
RET-08358,24000.0,10860000.0,251305.95065818058
RET-08359,93000.0,35970000.0,2501331.6638288116
RET-08360,5000.0,2800000.0,173988.36944106268
RET-08361,9000.0,7310000.0,160767.798746057
RET-08362,8000.0,3710000.0,165136.39133262553
RET-08363,74000.0,19230000.0,1098336.0096438294
RET-08364,8000.0,3730000.0,84619.65348732503
RET-08365,5000.0,3930000.0,114451.13048219969
RET-08366,16000.0,2480000.0,226105.81975110367
RET-08367,58000.0,13960000.0,1314249.0981039403
RET-08368,12000.0,8670000.0,239295.17373283242
RET-08369,24000.0,2870000.0,523550.7803292753
RET-08370,61000.0,20010000.0,1833199.0571419494
RET-08371,47000.0,11920000.0,814697.9738949655
RET-08372,50000.0,16690000.0,1555032.9051436118
RET-08373,13000.0,5950000.0,198986.87286418414
RET-08374,3000.0,2520000.0,96988.99919984104
RET-08375,12000.0,7920000.0,417518.29471880884
RET-08376,9000.0,1100000.0,233014.18896429308
RET-08377,20000.0,5640000.0,442054.2463975282
RET-08378,1000.0,2000000.0,10211.717214952052
RET-08379,29000.0,4040000.0,841878.5489143239
RET-08380,18000.0,5950000.0,451591.9668184041
RET-08381,35000.0,7700000.0,817611.5703051767
RET-08382,36000.0,5670000.0,487554.16912493727
RET-08383,5000.0,5020000.0,63677.34062056603
RET-08384,18000.0,6210000.0,619918.3934607814
RET-08385,29000.0,6760000.0,812643.8148022176
RET-08386,8000.0,11930000.0,125597.47834389102
RET-08387,5000.0,9160000.0,125197.24261440846
RET-08388,10000.0,7460000.0,280393.6651419015
RET-08389,22000.0,2120000.0,628185.5776122436
RET-08390,12000.0,2380000.0,125513.88119193054
RET-08391,10000.0,2930000.0,347996.1576040684
RET-08392,5000.0,690000.0,112349.98475055072
RET-08393,24000.0,6130000.0,703308.2847820825
RET-08394,1000.0,2430000.0,28252.094486472746
RET-08395,12000.0,7280000.0,416440.2625254456
RET-08396,17000.0,4860000.0,305710.09258887585
RET-08397,16000.0,3860000.0,437477.8740343186
RET-08398,30000.0,3970000.0,332033.40024755086
RET-08399,0.0,1280000.0,0.0
RET-08400,9000.0,1900000.0,252070.0162460709
RET-08401,7000.0,1750000.0,132501.31918337318
RET-08402,10000.0,2530000.0,157087.1094657236
RET-08403,13000.0,3550000.0,302062.9978733083
RET-08404,5000.0,2280000.0,126596.72966456255
RET-08405,1000.0,3970000.0,10491.15748861775
RET-08406,7000.0,2620000.0,251131.77803981074
RET-08407,25000.0,5480000.0,522623.6253708736
RET-08408,17000.0,6380000.0,269398.17140669574
RET-08409,14000.0,5970000.0,170403.9806892047
RET-08410,12000.0,3940000.0,185181.46734432352
RET-08411,3000.0,5910000.0,87980.0128997822
RET-08412,68000.0,6180000.0,2397109.7794753043
RET-08413,26000.0,4640000.0,401355.3729900993
RET-08414,16000.0,5500000.0,569105.2352848165
RET-08415,15000.0,3110000.0,268762.06528326985
RET-08416,6000.0,1900000.0,150770.49240513417
RET-08417,13000.0,6530000.0,450661.6317065736
RET-08418,10000.0,9140000.0,197969.51641198047
RET-08419,30000.0,12440000.0,487381.89865021996
RET-08420,15000.0,6680000.0,273709.1801565419
RET-08421,0.0,6510000.0,0.0
RET-08422,2000.0,2350000.0,69866.62648410689
RET-08423,22000.0,13290000.0,395636.1481064347
RET-08424,4000.0,3370000.0,122862.03669699004
RET-08425,10000.0,4300000.0,238760.85878484845
RET-08426,47000.0,12100000.0,602463.5326043004
RET-08427,26000.0,6540000.0,859673.607332968
RET-08428,5000.0,1040000.0,95706.91396373579
RET-08429,1000.0,5370000.0,26755.827517970203
RET-08430,8000.0,1660000.0,264414.3694684245
RET-08431,15000.0,2750000.0,523138.7263016767
RET-08432,9000.0,3200000.0,274871.94195668196
RET-08433,11000.0,16140000.0,346800.2477500093
RET-08434,25000.0,8600000.0,361390.29235389025
RET-08435,37000.0,12070000.0,772515.599443284
RET-08436,40000.0,5750000.0,481701.11872865463
RET-08437,3000.0,4780000.0,77323.93268251987
RET-08438,7000.0,3360000.0,162504.0751064786
RET-08439,35000.0,8010000.0,799785.3940080354
RET-08440,4000.0,1060000.0,70981.1363608172
RET-08441,8000.0,3250000.0,176499.0125745274
RET-08442,49000.0,7050000.0,1360552.8539734157
RET-08443,10000.0,3410000.0,137761.7098223287
RET-08444,6000.0,8470000.0,189013.87140326534
RET-08445,7000.0,3630000.0,126890.7460710057
RET-08446,27000.0,2580000.0,655315.283590747
RET-08447,4000.0,1650000.0,99274.08953276426
RET-08448,35000.0,4660000.0,629577.0936781057
RET-08449,5000.0,3960000.0,140315.55819411678
RET-08450,11000.0,1560000.0,312962.07649759616
RET-08451,48000.0,13160000.0,1386204.867571908
RET-08452,6000.0,8650000.0,91845.1170470831
RET-08453,16000.0,3230000.0,379254.56677783723
RET-08454,7000.0,5480000.0,178849.24556601717
RET-08455,16000.0,2840000.0,232034.97440835423
RET-08456,13000.0,4810000.0,226106.65638792285
RET-08457,26000.0,6600000.0,365551.02484853356
RET-08458,42000.0,10410000.0,599069.2287427197
RET-08459,6000.0,4450000.0,85424.8506581961
RET-08460,65000.0,10340000.0,1510246.7363137049
RET-08461,5000.0,2540000.0,174227.69215210003
RET-08462,14000.0,790000.0,179224.97633214545
RET-08463,29000.0,13510000.0,546687.527770073
RET-08464,43000.0,11490000.0,956789.4726832067
RET-08465,5000.0,1250000.0,64112.5962686375
RET-08466,0.0,7420000.0,0.0
RET-08467,5000.0,1410000.0,64794.838933444546
RET-08468,13000.0,13660000.0,374240.0237664005
RET-08469,81000.0,15250000.0,1187150.7825652964
RET-08470,14000.0,1860000.0,203257.0342121977
RET-08471,8000.0,2670000.0,117535.67150613939
RET-08472,48000.0,2950000.0,773362.8806322286
RET-08473,25000.0,1380000.0,418892.3274875259
RET-08474,4000.0,2910000.0,131475.09375515857
RET-08475,18000.0,2280000.0,440040.9552394449
RET-08476,20000.0,2080000.0,464105.9628338962
RET-08477,2000.0,7930000.0,54945.7152373286
RET-08478,0.0,1440000.0,0.0
RET-08479,27000.0,4500000.0,699332.2640083466
RET-08480,11000.0,2040000.0,120625.7170886274
RET-08481,29000.0,6170000.0,708283.7547883602
RET-08482,1000.0,1290000.0,28427.863601663033
RET-08483,33000.0,9560000.0,336728.18609094084
RET-08484,17000.0,8450000.0,204907.11249380794
RET-08485,8000.0,7030000.0,120870.2830646322
RET-08486,3000.0,2400000.0,91748.52277386423
RET-08487,14000.0,2950000.0,439540.66189604305
RET-08488,5000.0,1940000.0,143840.8068944908
RET-08489,6000.0,7170000.0,80630.67656267677
RET-08490,16000.0,5310000.0,417708.237143385
RET-08491,2000.0,7230000.0,35390.90842051958
RET-08492,10000.0,2950000.0,120043.29755991664
RET-08493,12000.0,2450000.0,279939.0920430451
RET-08494,2000.0,2900000.0,67242.01275870507
RET-08495,6000.0,3930000.0,94693.77366885688
RET-08496,18000.0,2470000.0,463008.7210171766
RET-08497,16000.0,3620000.0,414002.2264477165
RET-08498,1000.0,6770000.0,33228.18581785251
RET-08499,6000.0,12720000.0,143880.80206353404
RET-08500,19000.0,4430000.0,279705.95397513313
RET-08501,10000.0,10910000.0,108744.11243440061
RET-08502,25000.0,3160000.0,590682.6791630671
RET-08503,2000.0,4630000.0,40816.81636585882
RET-08504,6000.0,7970000.0,108918.07067392704
RET-08505,13000.0,7190000.0,451990.52895290597
RET-08506,3000.0,4230000.0,106557.16238491294
RET-08507,21000.0,4920000.0,578686.2854595218
RET-08508,22000.0,2750000.0,589933.1502038536
RET-08509,48000.0,7880000.0,862425.6505884881
RET-08510,18000.0,4700000.0,213804.273001836
RET-08511,1000.0,6520000.0,16936.62937807946
RET-08512,57000.0,9330000.0,851268.7777967014
RET-08513,13000.0,2000000.0,445023.0132253885
RET-08514,7000.0,5880000.0,157679.1943488625
RET-08515,70000.0,18390000.0,753983.4266457256
RET-08516,25000.0,9790000.0,377065.4576467429
RET-08517,37000.0,7060000.0,1114427.3211933973
RET-08518,46000.0,19860000.0,948501.7388935892
RET-08519,10000.0,1660000.0,350187.37039335654
RET-08520,23000.0,9690000.0,676273.653242177
RET-08521,1000.0,2500000.0,26605.741322473776
RET-08522,82000.0,25370000.0,2707663.3359540785
RET-08523,65000.0,12670000.0,1451749.3705425798
RET-08524,43000.0,2610000.0,1126894.465811766
RET-08525,33000.0,12150000.0,923761.6658965964
RET-08526,12000.0,4690000.0,174077.15149089458
RET-08527,47000.0,8040000.0,625909.789505304
RET-08528,7000.0,4680000.0,119020.68045730618
RET-08529,32000.0,10400000.0,725361.6886371687
RET-08530,0.0,3090000.0,0.0
RET-08531,13000.0,10150000.0,245994.74816792764
RET-08532,77000.0,4020000.0,1082944.072173214
RET-08533,6000.0,10750000.0,99353.36250192343
RET-08534,31000.0,4760000.0,509538.8228929681
RET-08535,21000.0,8030000.0,504368.578666483
RET-08536,20000.0,4160000.0,302480.1865861657
RET-08537,15000.0,3960000.0,225166.86889634968
RET-08538,33000.0,22550000.0,1076269.3089962422
RET-08539,1000.0,10240000.0,24497.9599867131
RET-08540,15000.0,4370000.0,336311.5598029002
RET-08541,7000.0,6450000.0,206164.19509216334
RET-08542,35000.0,36150000.0,494125.9098080761
RET-08543,10000.0,5520000.0,177914.77325970092
RET-08544,24000.0,5730000.0,526198.3900978144
RET-08545,4000.0,5640000.0,124658.40867465346
RET-08546,38000.0,9960000.0,534143.1496177558
RET-08547,13000.0,1850000.0,452015.212436415
RET-08548,9000.0,3780000.0,176921.18143419788
RET-08549,2000.0,5990000.0,71325.27627884873
RET-08550,15000.0,1310000.0,367558.2452322746
RET-08551,5000.0,2860000.0,102525.13783939168
RET-08552,28000.0,8750000.0,698203.1028695549
RET-08553,17000.0,2560000.0,340526.68448275607
RET-08554,16000.0,3520000.0,272168.5844885066
RET-08555,7000.0,1950000.0,161318.9956313457
RET-08556,6000.0,2090000.0,105961.7818973024
RET-08557,2000.0,5190000.0,68165.88225118758
RET-08558,22000.0,2350000.0,459982.1967666341
RET-08559,7000.0,10210000.0,130001.63738836683
RET-08560,16000.0,4940000.0,337368.41620765836
RET-08561,20000.0,4350000.0,422754.19051707763
RET-08562,20000.0,3790000.0,532619.7013160215
RET-08563,14000.0,1700000.0,270640.5891952385
RET-08564,36000.0,12170000.0,797228.1785850067
RET-08565,12000.0,2950000.0,280608.13141801546
RET-08566,12000.0,2310000.0,261401.3774849786
RET-08567,24000.0,10730000.0,384653.0563775989
RET-08568,5000.0,5030000.0,54258.12918299319
RET-08569,9000.0,1690000.0,190353.8570310071
RET-08570,24000.0,1770000.0,733513.2808668545
RET-08571,38000.0,9460000.0,718483.2207303542
RET-08572,25000.0,7180000.0,565434.1434541714
RET-08573,15000.0,17910000.0,279277.3808697301
RET-08574,97000.0,19570000.0,2625114.5735042575
RET-08575,19000.0,9660000.0,336083.1593134454
RET-08576,12000.0,1630000.0,186300.91763568373
RET-08577,6000.0,2590000.0,113098.1072392086
RET-08578,9000.0,3890000.0,310034.63392667525
RET-08579,6000.0,1130000.0,78535.6201592177
RET-08580,8000.0,3640000.0,192355.54990796823
RET-08581,9000.0,10030000.0,242675.10657966573
RET-08582,17000.0,1210000.0,316140.80771538557
RET-08583,9000.0,14390000.0,290437.45509015425
RET-08584,9000.0,840000.0,251392.1703711331
RET-08585,18000.0,8880000.0,260771.8173399005
RET-08586,17000.0,4690000.0,290796.1354886602
RET-08587,8000.0,6050000.0,184758.76189515705
RET-08588,18000.0,4570000.0,337521.2174070272
RET-08589,10000.0,6010000.0,323014.82129982446
RET-08590,27000.0,2290000.0,628066.7866099409
RET-08591,20000.0,9530000.0,247551.32781556604
RET-08592,0.0,5070000.0,0.0
RET-08593,43000.0,11520000.0,1508545.1795637095
RET-08594,36000.0,8360000.0,804117.4078075865
RET-08595,11000.0,5080000.0,322149.1215603861
RET-08596,4000.0,4590000.0,122982.25518300626
RET-08597,2000.0,4140000.0,21339.880282223425
RET-08598,25000.0,10830000.0,557705.2744103936
RET-08599,9000.0,1180000.0,130006.74612166978
RET-08600,9000.0,8360000.0,227324.8113345529
RET-08601,6000.0,6200000.0,108317.77319805292
RET-08602,16000.0,3160000.0,375224.03376350505
RET-08603,17000.0,3620000.0,227350.1120051994
RET-08604,68000.0,7630000.0,952562.2830195505
RET-08605,13000.0,4940000.0,296766.7096468896
RET-08606,26000.0,1270000.0,821935.8776448373
RET-08607,1000.0,12760000.0,33070.64044630292
RET-08608,8000.0,6580000.0,268386.3764488818
RET-08609,9000.0,5770000.0,115984.55431593255
RET-08610,22000.0,5700000.0,346445.02945542167
RET-08611,6000.0,3470000.0,68608.31780887871
RET-08612,28000.0,5430000.0,465658.7850561219
RET-08613,0.0,9290000.0,0.0
RET-08614,40000.0,4980000.0,760096.0315095749
RET-08615,10000.0,5360000.0,320260.8197350436
RET-08616,10000.0,3940000.0,136903.5364983603
RET-08617,38000.0,6330000.0,1082091.4095140104
RET-08618,35000.0,16740000.0,786141.1175849304
RET-08619,6000.0,2980000.0,67241.86066341093
RET-08620,2000.0,3620000.0,44615.04587796803
RET-08621,23000.0,1700000.0,249286.186132726
RET-08622,18000.0,3120000.0,410618.74864800175
RET-08623,65000.0,9630000.0,1783036.262148653
RET-08624,13000.0,2890000.0,130188.15533417935
RET-08625,0.0,5530000.0,0.0
RET-08626,10000.0,4360000.0,246985.67163491226
RET-08627,18000.0,6460000.0,627033.4958532262
RET-08628,4000.0,2070000.0,81006.54315873912
RET-08629,11000.0,1290000.0,239510.09542108641
RET-08630,6000.0,1980000.0,160908.49897580052
RET-08631,12000.0,1880000.0,378224.0225368019
RET-08632,18000.0,5290000.0,247202.1251925658
RET-08633,30000.0,7580000.0,587941.0228938769
RET-08634,9000.0,1590000.0,274823.7124287344
RET-08635,18000.0,5160000.0,339906.63597832
RET-08636,15000.0,8050000.0,327727.8391200193
RET-08637,21000.0,5440000.0,488323.42675436416
RET-08638,24000.0,7270000.0,449963.323051321
RET-08639,17000.0,2860000.0,517613.7915511569
RET-08640,7000.0,4690000.0,128022.94862258613
RET-08641,2000.0,2950000.0,55675.13573998887
RET-08642,30000.0,10460000.0,594387.4883948149
RET-08643,17000.0,6980000.0,555069.6844550914
RET-08644,14000.0,3100000.0,258390.0582891232
RET-08645,30000.0,12820000.0,423626.81775759126
RET-08646,2000.0,3540000.0,42050.563085508606
RET-08647,6000.0,1190000.0,214538.57863578992
RET-08648,15000.0,12920000.0,489241.9883329929
RET-08649,11000.0,2120000.0,176001.27130558406
RET-08650,4000.0,2100000.0,87600.56561929059
RET-08651,24000.0,4890000.0,828294.5735708002
RET-08652,3000.0,3260000.0,80321.73841371787
RET-08653,78000.0,18690000.0,2010246.9056286777
RET-08654,49000.0,19810000.0,1157064.6154050196
RET-08655,5000.0,1670000.0,57486.24968156508
RET-08656,2000.0,3150000.0,30540.552275393187
RET-08657,8000.0,4550000.0,117134.57024310986
RET-08658,2000.0,4000000.0,66980.20336835606
RET-08659,18000.0,2590000.0,563460.0401115334
RET-08660,10000.0,7540000.0,210089.16815846608
RET-08661,5000.0,1710000.0,174596.24757967316
RET-08662,10000.0,1850000.0,353590.1174710184
RET-08663,5000.0,3630000.0,80762.13445764278
RET-08664,45000.0,10010000.0,695343.6003746486
RET-08665,3000.0,1110000.0,40043.80174453189
RET-08666,10000.0,1070000.0,157134.77641780055
RET-08667,3000.0,890000.0,81472.58567673713
RET-08668,17000.0,1610000.0,473405.69193427265
RET-08669,7000.0,9150000.0,86223.30126081637
RET-08670,27000.0,8860000.0,552110.3275879007
RET-08671,0.0,11220000.0,0.0
RET-08672,0.0,3850000.0,0.0
RET-08673,8000.0,1740000.0,181242.05442559812
RET-08674,50000.0,12440000.0,654881.8834800173
RET-08675,22000.0,6260000.0,254642.956230684
RET-08676,11000.0,1730000.0,148990.0426177874
RET-08677,4000.0,7470000.0,88359.1037758466
RET-08678,12000.0,1750000.0,216231.46112450352
RET-08679,7000.0,1140000.0,240493.77601559853
RET-08680,3000.0,2490000.0,61306.04012579173
RET-08681,29000.0,9760000.0,511688.2075219682
RET-08682,15000.0,3710000.0,390871.01032625756
RET-08683,3000.0,1650000.0,84438.24726734767
RET-08684,2000.0,2900000.0,64955.28298588877
RET-08685,120000.0,24140000.0,3661818.5144523517
RET-08686,16000.0,3860000.0,474085.1257804007
RET-08687,16000.0,15610000.0,239558.9339403135
RET-08688,14000.0,3960000.0,235457.36061125674
RET-08689,17000.0,5110000.0,256632.19006837322
RET-08690,61000.0,16880000.0,1121993.2055395935
RET-08691,28000.0,4220000.0,891558.3803853363
RET-08692,26000.0,8460000.0,592802.4493745083
RET-08693,25000.0,9510000.0,641218.8037650409
RET-08694,114000.0,18160000.0,3254558.5932303746
RET-08695,1000.0,4900000.0,22263.481510050115
RET-08696,26000.0,10590000.0,356832.4578631217
RET-08697,9000.0,2310000.0,166099.85374183816
RET-08698,12000.0,4350000.0,294381.69563120947
RET-08699,12000.0,1070000.0,304871.4714755738
RET-08700,42000.0,18060000.0,670279.2495427832
RET-08701,9000.0,1240000.0,265246.0686778884
RET-08702,33000.0,4510000.0,481737.52894
RET-08703,18000.0,5000000.0,202142.91381939832
RET-08704,22000.0,7660000.0,266022.3363379521
RET-08705,13000.0,2070000.0,225426.7971726331
RET-08706,17000.0,5580000.0,566384.213371424
RET-08707,70000.0,21870000.0,2016820.5417152836
RET-08708,43000.0,6670000.0,628461.3035546715
RET-08709,20000.0,9000000.0,352939.2900200754
RET-08710,24000.0,13190000.0,302300.6829645868
RET-08711,3000.0,4500000.0,94949.51186565415
RET-08712,40000.0,6100000.0,767931.249535622
RET-08713,8000.0,1540000.0,119570.9481739199
RET-08714,26000.0,1790000.0,860423.6670399498
RET-08715,24000.0,4440000.0,515410.1690386861
RET-08716,4000.0,3290000.0,142677.4465618708
RET-08717,38000.0,8180000.0,772563.4931119026
RET-08718,13000.0,5270000.0,347645.46838275174
RET-08719,13000.0,2720000.0,167975.977631417
RET-08720,7000.0,1530000.0,218522.2264037986
RET-08721,5000.0,2010000.0,153624.8707576105
RET-08722,25000.0,7070000.0,633632.2081168249
RET-08723,5000.0,1600000.0,61113.95563845614
RET-08724,14000.0,2040000.0,198844.9781105126
RET-08725,15000.0,4980000.0,444300.3119885321
RET-08726,46000.0,2790000.0,734067.7446857718
RET-08727,10000.0,7760000.0,241168.55881737202
RET-08728,15000.0,1670000.0,208318.25963367228
RET-08729,21000.0,5840000.0,396620.6501300735
RET-08730,10000.0,2450000.0,292607.5463849553
RET-08731,15000.0,5470000.0,238498.79579518127
RET-08732,16000.0,4850000.0,341738.4316743523
RET-08733,3000.0,5240000.0,87427.5193356898
RET-08734,23000.0,10770000.0,773831.9353627339
RET-08735,13000.0,2630000.0,457562.730255536
RET-08736,18000.0,8250000.0,317664.6666221215
RET-08737,9000.0,1010000.0,141284.28792839998
RET-08738,1000.0,850000.0,31461.301043292446
RET-08739,15000.0,3550000.0,174359.49047635956
RET-08740,8000.0,1340000.0,223099.41869804336
RET-08741,35000.0,6940000.0,1091735.422109812
RET-08742,43000.0,2650000.0,947799.902091702
RET-08743,7000.0,2940000.0,231001.97933847003
RET-08744,15000.0,1820000.0,246429.4162612899
RET-08745,24000.0,8920000.0,725483.6171199706
RET-08746,26000.0,5980000.0,751368.3456487998
RET-08747,33000.0,15900000.0,1008533.7653155181
RET-08748,37000.0,4910000.0,664244.7972590107
RET-08749,6000.0,2940000.0,85157.01729208439
RET-08750,21000.0,1630000.0,704877.0616934192
RET-08751,18000.0,6340000.0,325818.79298249184
RET-08752,16000.0,1970000.0,176684.00481246898
RET-08753,32000.0,5180000.0,583835.1792853186
RET-08754,11000.0,5890000.0,289222.11296293786
RET-08755,2000.0,4030000.0,30546.751547840773
RET-08756,24000.0,4760000.0,302119.6585789602
RET-08757,4000.0,1770000.0,71603.97871840087
RET-08758,36000.0,7240000.0,906662.9042491784
RET-08759,31000.0,3950000.0,385059.71013856796
RET-08760,93000.0,12300000.0,1726568.9614805523
RET-08761,3000.0,3340000.0,77933.82678455315
RET-08762,10000.0,4100000.0,156297.93660671357
RET-08763,11000.0,1700000.0,170435.96057127614
RET-08764,0.0,3980000.0,0.0
RET-08765,1000.0,2370000.0,29463.33036626574
RET-08766,33000.0,10040000.0,391876.81809619436
RET-08767,24000.0,14330000.0,695394.5146943018
RET-08768,5000.0,4090000.0,59595.69387033392
RET-08769,7000.0,4600000.0,212847.6668806038
RET-08770,1000.0,2070000.0,18891.39110986986
RET-08771,6000.0,3070000.0,146863.02592547436
RET-08772,3000.0,9380000.0,59475.02424303508
RET-08773,8000.0,4970000.0,141968.30374358958
RET-08774,89000.0,6080000.0,2798273.9441491202
RET-08775,50000.0,6730000.0,1355037.8236330033
RET-08776,10000.0,4870000.0,157849.87347130183
RET-08777,19000.0,2490000.0,451995.0101971223
RET-08778,1000.0,4180000.0,11714.182516652443
RET-08779,13000.0,22300000.0,322618.9282436907
RET-08780,3000.0,1710000.0,91644.1709969762
RET-08781,29000.0,11000000.0,821573.0352411497
RET-08782,3000.0,7920000.0,74787.79619844531
RET-08783,3000.0,11220000.0,94753.54303884672
RET-08784,17000.0,1720000.0,307391.8946953341
RET-08785,23000.0,4110000.0,514745.86807349935
RET-08786,9000.0,6730000.0,156794.12858677172
RET-08787,19000.0,3280000.0,385337.3349028957
RET-08788,30000.0,9360000.0,700065.9140932142
RET-08789,12000.0,4030000.0,236602.81885092976
RET-08790,1000.0,1170000.0,11945.899562511539
RET-08791,41000.0,4820000.0,589823.1755421823
RET-08792,43000.0,15710000.0,1376853.2820635752
RET-08793,48000.0,12590000.0,788580.6784111429
RET-08794,8000.0,780000.0,118529.18202718397
RET-08795,20000.0,8220000.0,461481.61486621434
RET-08796,25000.0,2620000.0,581968.6037395502
RET-08797,15000.0,5120000.0,509222.6331305954
RET-08798,31000.0,8400000.0,768699.2144091731
RET-08799,19000.0,3810000.0,619435.6781192134
RET-08800,23000.0,8040000.0,307108.13677169866
RET-08801,146000.0,32100000.0,1696410.441188526
RET-08802,24000.0,7570000.0,361698.8371667301
RET-08803,12000.0,9150000.0,390718.2084332879
RET-08804,12000.0,7950000.0,314660.14731213957
RET-08805,26000.0,4260000.0,545726.4026507299
RET-08806,14000.0,3990000.0,227937.7727668791
RET-08807,10000.0,1490000.0,260652.5270345549
RET-08808,23000.0,1780000.0,316455.91184372205
RET-08809,10000.0,6640000.0,252465.1750056944
RET-08810,4000.0,850000.0,86383.04284097836
RET-08811,61000.0,22940000.0,918881.5397706394
RET-08812,16000.0,2210000.0,188233.58259983247
RET-08813,61000.0,16330000.0,1297239.2249817157
RET-08814,0.0,1060000.0,0.0
RET-08815,66000.0,15470000.0,895384.9760249547
RET-08816,17000.0,3610000.0,177170.69329050794
RET-08817,42000.0,9010000.0,1066197.7233636684
RET-08818,9000.0,7160000.0,158498.6556460916
RET-08819,38000.0,6510000.0,569797.4411060347
RET-08820,31000.0,9690000.0,744246.1382759374
RET-08821,14000.0,2400000.0,245240.26283403023
RET-08822,12000.0,1860000.0,236296.59922344147
RET-08823,18000.0,3210000.0,610212.6979014506
RET-08824,9000.0,1650000.0,114604.97197883617
RET-08825,10000.0,5670000.0,354801.71381932026
RET-08826,3000.0,5470000.0,70710.11504691276
RET-08827,1000.0,2610000.0,18950.654381379758
RET-08828,18000.0,6710000.0,379874.6588370745
RET-08829,9000.0,5560000.0,134726.67144136172
RET-08830,3000.0,4350000.0,34020.47747200422
RET-08831,23000.0,10530000.0,402523.8758107077
RET-08832,23000.0,6270000.0,642005.1037624079
RET-08833,11000.0,1290000.0,150393.44537771767
RET-08834,5000.0,4670000.0,53890.70011679997
RET-08835,8000.0,1180000.0,117230.77022095062
RET-08836,6000.0,7260000.0,209411.9304788869
RET-08837,24000.0,12360000.0,746712.4405458022
RET-08838,52000.0,14230000.0,755469.3990852769
RET-08839,16000.0,5590000.0,334380.6045714178
RET-08840,8000.0,2580000.0,137265.8166955495
RET-08841,5000.0,1580000.0,101030.16874708374
RET-08842,43000.0,9140000.0,681817.7474931598
RET-08843,5000.0,1630000.0,116363.73595022253
RET-08844,68000.0,17270000.0,2439028.7383140647
RET-08845,11000.0,2920000.0,284904.73567714787
RET-08846,22000.0,4100000.0,428833.03351306834
RET-08847,74000.0,10470000.0,1755743.7146915528
RET-08848,31000.0,7740000.0,409382.81224026467
RET-08849,10000.0,1080000.0,173551.13270070002
RET-08850,108000.0,13990000.0,3769862.857748177
RET-08851,68000.0,8110000.0,1500219.2356642787
RET-08852,5000.0,3560000.0,82132.74205396541
RET-08853,31000.0,13190000.0,658795.106319118
RET-08854,13000.0,10810000.0,451624.60284414096
RET-08855,4000.0,10830000.0,95960.52210968871
RET-08856,9000.0,3450000.0,129527.4919927515
RET-08857,9000.0,5100000.0,236226.08109881793
RET-08858,10000.0,17780000.0,329630.5703917581
RET-08859,22000.0,4690000.0,610162.2833444776
RET-08860,4000.0,10850000.0,128516.72440167332
RET-08861,12000.0,3870000.0,311836.77237518167
RET-08862,12000.0,4460000.0,259676.76802572387
RET-08863,1000.0,2850000.0,24551.29181392396
RET-08864,31000.0,13050000.0,836539.7230234303
RET-08865,16000.0,4980000.0,537692.2166068176
RET-08866,2000.0,3450000.0,52442.347139907
RET-08867,37000.0,15170000.0,759349.2289850827
RET-08868,14000.0,2520000.0,358881.3314705726
RET-08869,8000.0,1140000.0,185284.22608702755
RET-08870,9000.0,1900000.0,159343.04577717095
RET-08871,11000.0,3480000.0,126400.6357077826
RET-08872,6000.0,4920000.0,99558.32362625761
RET-08873,17000.0,1200000.0,582380.0779842146
RET-08874,17000.0,14590000.0,362909.92547115224
RET-08875,33000.0,7780000.0,817001.9919101819
RET-08876,7000.0,5660000.0,160102.60407372986
RET-08877,19000.0,1410000.0,519814.3485720713
RET-08878,21000.0,3160000.0,442273.5031815094
RET-08879,13000.0,4500000.0,311948.15535720263
RET-08880,14000.0,9840000.0,343341.09709866764
RET-08881,7000.0,6040000.0,101705.80955406846
RET-08882,13000.0,5510000.0,330061.3096277521
RET-08883,5000.0,3090000.0,74945.97173490417
RET-08884,23000.0,12010000.0,451811.6758197646
RET-08885,29000.0,4200000.0,566222.4223998764
RET-08886,38000.0,7390000.0,1348025.2033707814
RET-08887,14000.0,2010000.0,366031.45436021854
RET-08888,6000.0,2490000.0,62465.91496287059
RET-08889,38000.0,15520000.0,1311654.7006738093
RET-08890,3000.0,2830000.0,65806.04580267954
RET-08891,25000.0,8150000.0,281452.69468666456
RET-08892,32000.0,2050000.0,559597.6709949719
RET-08893,6000.0,4750000.0,144433.15398959335
RET-08894,21000.0,6870000.0,635371.6602989415
RET-08895,9000.0,9240000.0,208968.45470044643
RET-08896,18000.0,3200000.0,465571.3001964648
RET-08897,8000.0,5050000.0,220113.58793642776
RET-08898,29000.0,9180000.0,541834.2426021128
RET-08899,13000.0,1410000.0,228279.15534462803
RET-08900,3000.0,3210000.0,57295.726993628035
RET-08901,7000.0,3090000.0,247497.62199226237
RET-08902,15000.0,6510000.0,307101.2955281595
RET-08903,33000.0,4180000.0,366751.74599616294
RET-08904,19000.0,6250000.0,626467.0928210784
RET-08905,9000.0,3850000.0,202327.16909474044
RET-08906,1000.0,1910000.0,14579.132112484342
RET-08907,4000.0,7920000.0,60204.70625429716
RET-08908,16000.0,6980000.0,357608.8516216588
RET-08909,57000.0,24500000.0,1431856.3288673407
RET-08910,4000.0,3930000.0,89772.75134800251
RET-08911,4000.0,6390000.0,75526.13485053951
RET-08912,9000.0,6890000.0,118006.5606028304
RET-08913,0.0,1910000.0,0.0
RET-08914,57000.0,25350000.0,1708061.5914907258
RET-08915,6000.0,5350000.0,123719.60858362608
RET-08916,13000.0,4200000.0,400167.02323191223
RET-08917,4000.0,4770000.0,98471.76294294666
RET-08918,20000.0,14220000.0,366040.95501187147
RET-08919,2000.0,1370000.0,25031.887135635876
RET-08920,33000.0,19110000.0,359044.7231265578
RET-08921,14000.0,2640000.0,248827.94416261642
RET-08922,43000.0,10230000.0,1247272.7397576943
RET-08923,6000.0,5150000.0,178258.83510785678
RET-08924,18000.0,6700000.0,374735.8378034518
RET-08925,6000.0,870000.0,94684.88571356887
RET-08926,35000.0,7210000.0,551408.0623896248
RET-08927,10000.0,1020000.0,255594.66312098553
RET-08928,7000.0,7870000.0,79647.0159082481
RET-08929,21000.0,5480000.0,743624.5491788383
RET-08930,10000.0,830000.0,198163.3702158996
RET-08931,14000.0,1300000.0,324942.9913038621
RET-08932,8000.0,3000000.0,210557.23707781307
RET-08933,7000.0,2300000.0,111579.87062301469
RET-08934,19000.0,1680000.0,285656.0534486433
RET-08935,0.0,6010000.0,0.0
RET-08936,13000.0,2670000.0,461966.3809861325
RET-08937,1000.0,10300000.0,23498.057953442145
RET-08938,11000.0,5000000.0,334162.7915922609
RET-08939,21000.0,7870000.0,428969.34938235924
RET-08940,5000.0,5270000.0,64009.844162542715
RET-08941,14000.0,960000.0,348061.52337954607
RET-08942,17000.0,3580000.0,611539.9711963909
RET-08943,2000.0,980000.0,63940.233601387314
RET-08944,34000.0,3510000.0,931913.8572390691
RET-08945,27000.0,6510000.0,460101.48353093606
RET-08946,6000.0,2350000.0,173706.3034902954
RET-08947,47000.0,3570000.0,1048812.5408423252
RET-08948,6000.0,1090000.0,131462.45990132928
RET-08949,14000.0,4700000.0,141119.60405777468
RET-08950,20000.0,5530000.0,225290.8350646263
RET-08951,17000.0,7280000.0,288500.41768605117
RET-08952,38000.0,5310000.0,1001725.5640058022
RET-08953,1000.0,2560000.0,22235.768715101683
RET-08954,4000.0,3160000.0,71945.33480265108
RET-08955,31000.0,8610000.0,1057166.7164039249
RET-08956,5000.0,8130000.0,113974.34871134345
RET-08957,4000.0,3540000.0,41982.13268110259
RET-08958,36000.0,19880000.0,1014297.2817319016
RET-08959,16000.0,23840000.0,430056.6486521165
RET-08960,8000.0,1900000.0,287655.24117851973
RET-08961,35000.0,3140000.0,1170544.8926794273
RET-08962,1000.0,3080000.0,29782.79606836926
RET-08963,7000.0,9970000.0,120423.09165585223
RET-08964,9000.0,2430000.0,204802.18715953288
RET-08965,1000.0,8570000.0,26766.63232502829
RET-08966,9000.0,2660000.0,200438.64412909807
RET-08967,6000.0,2360000.0,170118.34030180713
RET-08968,5000.0,3060000.0,68110.17865523462
RET-08969,3000.0,4990000.0,43559.556923923476
RET-08970,10000.0,2140000.0,358738.5018220532
RET-08971,15000.0,4010000.0,394373.97647262766
RET-08972,17000.0,4700000.0,230048.72299371575
RET-08973,2000.0,2490000.0,42349.33727131794
RET-08974,39000.0,14910000.0,1400134.0659684446
RET-08975,6000.0,3650000.0,74659.3492936992
RET-08976,4000.0,8280000.0,104040.75987598924
RET-08977,4000.0,3300000.0,121028.90546404778
RET-08978,8000.0,3890000.0,281932.6508057261
RET-08979,0.0,2950000.0,0.0
RET-08980,10000.0,1110000.0,172159.94200728723
RET-08981,4000.0,2390000.0,77101.44678247042
RET-08982,67000.0,4730000.0,1359489.7871818754
RET-08983,10000.0,7000000.0,219944.69280846862
RET-08984,39000.0,13700000.0,539980.0329405351
RET-08985,5000.0,7810000.0,93833.37790602817
RET-08986,4000.0,4730000.0,77069.76842028786
RET-08987,18000.0,17040000.0,636604.1382742786
RET-08988,6000.0,7580000.0,184871.7573330309
RET-08989,22000.0,3430000.0,482196.95692722633
RET-08990,31000.0,8260000.0,1099288.0897338109
RET-08991,40000.0,6320000.0,949272.9693293711
RET-08992,42000.0,10370000.0,815052.0211154843
RET-08993,34000.0,11250000.0,385828.4892528947
RET-08994,16000.0,5570000.0,471149.89475989074
RET-08995,12000.0,5010000.0,385472.7975126442
RET-08996,6000.0,1160000.0,130098.50768822823
RET-08997,0.0,2310000.0,0.0
RET-08998,46000.0,14390000.0,1262836.3213407795
RET-08999,12000.0,11200000.0,325839.4833365885
RET-09000,6000.0,1130000.0,84898.97876467538
RET-09001,19000.0,3290000.0,216877.2656130837
RET-09002,5000.0,1870000.0,97768.30141245539
RET-09003,6000.0,6340000.0,164343.61737768937
RET-09004,41000.0,27130000.0,634423.5300668223
RET-09005,16000.0,5890000.0,550754.3459407015
RET-09006,3000.0,3530000.0,30959.510337474047
RET-09007,42000.0,3730000.0,846474.9265464953
RET-09008,9000.0,4170000.0,154347.91863419037
RET-09009,11000.0,6020000.0,281432.98368216533
RET-09010,17000.0,5230000.0,578887.6061106621
RET-09011,27000.0,9180000.0,489651.182410645
RET-09012,17000.0,3670000.0,341015.9196049167
RET-09013,18000.0,7540000.0,598923.1542684606
RET-09014,34000.0,9800000.0,1105087.2605826678
RET-09015,5000.0,2150000.0,66194.57148285511
RET-09016,7000.0,3010000.0,200109.00852338815
RET-09017,5000.0,3350000.0,116700.04078524944
RET-09018,12000.0,8890000.0,409689.74221315066
RET-09019,3000.0,5230000.0,54894.31619098937
RET-09020,29000.0,4300000.0,782644.2754889338
RET-09021,4000.0,12290000.0,137746.11301606035
RET-09022,14000.0,9510000.0,304220.16678005067
RET-09023,21000.0,2600000.0,585716.4373467996
RET-09024,10000.0,2280000.0,312501.68521947716
RET-09025,1000.0,2900000.0,24459.029905296404
RET-09026,122000.0,14430000.0,2438682.3294847873
RET-09027,29000.0,10740000.0,649986.572220089
RET-09028,79000.0,7080000.0,1915842.4621705809
RET-09029,1000.0,3500000.0,16464.256731142996
RET-09030,10000.0,6080000.0,167800.38282499238
RET-09031,9000.0,4770000.0,315885.56132428604
RET-09032,17000.0,4090000.0,534762.435973281
RET-09033,4000.0,1950000.0,90244.71202515869
RET-09034,7000.0,900000.0,193414.42488345213
RET-09035,2000.0,3940000.0,51162.6705581561
RET-09036,8000.0,3820000.0,168218.30788095185
RET-09037,15000.0,2500000.0,251057.69607296234
RET-09038,25000.0,4630000.0,565534.0294235323
RET-09039,16000.0,2100000.0,217236.9290789345
RET-09040,26000.0,3990000.0,777905.3825990446
RET-09041,16000.0,5930000.0,389278.5110032965
RET-09042,64000.0,20040000.0,866884.1486036972
RET-09043,4000.0,2970000.0,135394.6108112977
RET-09044,22000.0,1760000.0,437662.02058496367
RET-09045,52000.0,19800000.0,1357318.7370102108
RET-09046,12000.0,4430000.0,363863.37878600205
RET-09047,6000.0,2630000.0,128613.56578675004
RET-09048,14000.0,1610000.0,441602.5811570907
RET-09049,13000.0,3380000.0,467717.6289036403
RET-09050,5000.0,4480000.0,161559.9644825388
RET-09051,1000.0,4510000.0,35244.56249691881
RET-09052,26000.0,6780000.0,448925.6028832381
RET-09053,18000.0,5440000.0,421378.2348730765
RET-09054,14000.0,8330000.0,395799.8268184542
RET-09055,0.0,2380000.0,0.0
RET-09056,8000.0,4760000.0,191395.63329753475
RET-09057,14000.0,7130000.0,411618.5073414715
RET-09058,25000.0,8110000.0,768936.6353967293
RET-09059,4000.0,9750000.0,62619.135483863356
RET-09060,31000.0,6080000.0,350501.46386471414
RET-09061,16000.0,6710000.0,329798.7091076478
RET-09062,14000.0,2800000.0,334102.09149783873
RET-09063,12000.0,5100000.0,148932.56927008592
RET-09064,36000.0,1880000.0,420953.78042406595
RET-09065,9000.0,1360000.0,311377.4123148162
RET-09066,22000.0,1980000.0,535195.355823744
RET-09067,29000.0,10130000.0,368507.3436227719
RET-09068,36000.0,15380000.0,734106.7869196113
RET-09069,14000.0,3620000.0,280895.8956570229
RET-09070,0.0,6630000.0,0.0
RET-09071,6000.0,2750000.0,168037.8901441944
RET-09072,5000.0,4630000.0,87951.87115890377
RET-09073,14000.0,1930000.0,451822.72469939064
RET-09074,9000.0,9380000.0,303783.4590275112
RET-09075,62000.0,5250000.0,1999234.8712996366
RET-09076,37000.0,10000000.0,965734.5785811517
RET-09077,6000.0,12050000.0,170437.54327771216
RET-09078,18000.0,4810000.0,490576.86687704525
RET-09079,3000.0,1170000.0,40504.67035634552
RET-09080,18000.0,3100000.0,200233.8240476244
RET-09081,17000.0,2070000.0,601607.4974119748
RET-09082,0.0,2800000.0,0.0
RET-09083,31000.0,1880000.0,354056.44538300077
RET-09084,5000.0,930000.0,146871.74907791126
RET-09085,27000.0,13740000.0,616948.0441701487
RET-09086,17000.0,6940000.0,498039.14437843027
RET-09087,11000.0,2400000.0,147343.57520558982
RET-09088,17000.0,8810000.0,199059.1537917463
RET-09089,4000.0,4130000.0,125068.68592020834
RET-09090,11000.0,12060000.0,266603.5850819707
RET-09091,11000.0,2820000.0,119427.84036085653
RET-09092,18000.0,10980000.0,318010.6935374271
RET-09093,22000.0,4860000.0,690810.4000928154
RET-09094,7000.0,13300000.0,232829.0227366976
RET-09095,18000.0,5870000.0,582011.4712605949
RET-09096,3000.0,12310000.0,81347.6372905954
RET-09097,19000.0,1230000.0,650098.043601123
RET-09098,26000.0,9400000.0,920887.9144408816
RET-09099,39000.0,12910000.0,987350.9059179093
RET-09100,26000.0,2950000.0,523965.7552445572
RET-09101,14000.0,17370000.0,358904.5170649307
RET-09102,5000.0,7720000.0,129573.15824193317
RET-09103,10000.0,2230000.0,261693.68144693394
RET-09104,3000.0,4840000.0,47108.76815311786
RET-09105,17000.0,14900000.0,207819.20447584701
RET-09106,2000.0,3010000.0,29500.89724689665
RET-09107,31000.0,10060000.0,505628.76345755055
RET-09108,2000.0,1130000.0,51510.78983638769
RET-09109,3000.0,2720000.0,72496.5090488228
RET-09110,31000.0,4580000.0,1025302.7944576202
RET-09111,11000.0,2720000.0,115242.51690265074
RET-09112,15000.0,6180000.0,174334.37622203425
RET-09113,7000.0,5570000.0,157160.72962466083
RET-09114,12000.0,7690000.0,236233.14287793147
RET-09115,15000.0,3770000.0,358839.1178426923
RET-09116,5000.0,4340000.0,152694.40476569626
RET-09117,14000.0,6700000.0,306667.03068240127
RET-09118,3000.0,10450000.0,76983.68504502613
RET-09119,50000.0,5550000.0,994755.3287318872
RET-09120,31000.0,5450000.0,834139.4337223704
RET-09121,20000.0,3430000.0,243429.05712677748
RET-09122,12000.0,810000.0,157122.1464241955
RET-09123,0.0,4220000.0,0.0
RET-09124,4000.0,9290000.0,104733.88367501118
RET-09125,11000.0,25270000.0,295898.0361115902
RET-09126,7000.0,2510000.0,78352.34511831793
RET-09127,29000.0,8280000.0,766198.6104043789
RET-09128,13000.0,2340000.0,459208.0140031815
RET-09129,18000.0,5360000.0,337504.75079015846
RET-09130,0.0,2060000.0,0.0
RET-09131,9000.0,710000.0,145925.3211053913
RET-09132,54000.0,9140000.0,1459874.4378249962
RET-09133,12000.0,6050000.0,262183.5001666538
RET-09134,17000.0,6160000.0,543455.5733907565
RET-09135,14000.0,4340000.0,466431.61649323866
RET-09136,5000.0,3930000.0,98262.5121145731
RET-09137,1000.0,1980000.0,35806.7175198057
RET-09138,26000.0,4710000.0,855666.9849283941
RET-09139,19000.0,14670000.0,210635.41751667816
RET-09140,5000.0,1730000.0,60753.21173167056
RET-09141,38000.0,2370000.0,1205449.8539189803
RET-09142,7000.0,990000.0,204012.57731245414
RET-09143,26000.0,6520000.0,899540.8064836035
RET-09144,55000.0,3770000.0,1846521.4797162886
RET-09145,10000.0,1430000.0,136084.57972276388
RET-09146,23000.0,9520000.0,769069.143781707
RET-09147,7000.0,6800000.0,103331.71920084054
RET-09148,2000.0,750000.0,45767.65826451931
RET-09149,14000.0,4990000.0,462837.12202503614
RET-09150,59000.0,12430000.0,1401551.825894478
RET-09151,19000.0,5410000.0,344208.1136251674
RET-09152,11000.0,6840000.0,197806.00829700855
RET-09153,3000.0,3200000.0,51592.522685989476
RET-09154,9000.0,920000.0,91756.53344897869
RET-09155,15000.0,1560000.0,368807.76281536574
RET-09156,10000.0,11670000.0,176119.0204365949
RET-09157,26000.0,6000000.0,667369.9561066102
RET-09158,35000.0,15060000.0,836702.4885182848
RET-09159,12000.0,6140000.0,314745.14110054227
RET-09160,16000.0,3240000.0,423853.77799212397
RET-09161,35000.0,4570000.0,866186.8130921925
RET-09162,7000.0,3110000.0,217501.14583193272
RET-09163,12000.0,5680000.0,411431.031292557
RET-09164,26000.0,13640000.0,458181.79670799815
RET-09165,27000.0,4320000.0,910973.6834580108
RET-09166,27000.0,2600000.0,378019.02834789554
RET-09167,5000.0,1900000.0,174918.07991486933
RET-09168,2000.0,2980000.0,45646.227364618055
RET-09169,19000.0,5200000.0,235803.77938868335
RET-09170,5000.0,1350000.0,173960.50693189068
RET-09171,19000.0,6080000.0,228973.72348720487
RET-09172,22000.0,3620000.0,669012.668336311
RET-09173,6000.0,2490000.0,202863.70379021944
RET-09174,14000.0,2840000.0,208193.68909184844
RET-09175,18000.0,2820000.0,227210.06113901685
RET-09176,12000.0,3550000.0,202238.3527323511
RET-09177,11000.0,3380000.0,390095.31401273626
RET-09178,10000.0,2360000.0,291699.07972148526
RET-09179,46000.0,14410000.0,1485134.0354991327
RET-09180,46000.0,14340000.0,802892.1476588607
RET-09181,29000.0,8480000.0,337911.1417442459
RET-09182,2000.0,1360000.0,51500.5461548423
RET-09183,6000.0,4330000.0,60043.22727497947
RET-09184,3000.0,2750000.0,103879.33796679252
RET-09185,23000.0,5580000.0,678829.9218738027
RET-09186,26000.0,2000000.0,849957.9391587075
RET-09187,27000.0,5200000.0,937894.44932392
RET-09188,29000.0,8090000.0,575530.3028418134
RET-09189,2000.0,1420000.0,60007.27573159499
RET-09190,29000.0,7190000.0,790390.7781300024
RET-09191,17000.0,2920000.0,485567.86865009065
RET-09192,18000.0,3950000.0,515751.0396968209
RET-09193,8000.0,1250000.0,160993.3314422379
RET-09194,4000.0,8700000.0,92737.04010619406
RET-09195,3000.0,2890000.0,94319.42515548485
RET-09196,9000.0,5190000.0,282979.8466696492
RET-09197,2000.0,2210000.0,22051.222779412397
RET-09198,8000.0,2050000.0,171027.9321420562
RET-09199,16000.0,2820000.0,405329.44746231457
RET-09200,19000.0,6630000.0,242841.98554210263
RET-09201,41000.0,12150000.0,1097628.8157691064
RET-09202,19000.0,2280000.0,606719.5449415675
RET-09203,4000.0,12360000.0,44238.65759307
RET-09204,0.0,8210000.0,0.0
RET-09205,23000.0,5390000.0,811207.8526715485
RET-09206,35000.0,2310000.0,900794.0235393719
RET-09207,8000.0,1890000.0,122641.26239189834
RET-09208,12000.0,3520000.0,245664.12206446164
RET-09209,11000.0,2630000.0,172538.86625798087
RET-09210,13000.0,1990000.0,437186.995213955
RET-09211,14000.0,6940000.0,272835.3585835986
RET-09212,43000.0,12240000.0,614547.6461672622
RET-09213,3000.0,3850000.0,36289.97950294722
RET-09214,7000.0,10130000.0,139815.51331175584
RET-09215,10000.0,4240000.0,196587.69548060626
RET-09216,2000.0,1270000.0,53490.40687228519
RET-09217,10000.0,3970000.0,276756.9236682268
RET-09218,17000.0,3410000.0,394533.68503098545
RET-09219,41000.0,6140000.0,644583.2995576123
RET-09220,15000.0,4770000.0,496713.25811518484
RET-09221,7000.0,2170000.0,95019.96243829122
RET-09222,7000.0,2980000.0,171421.2033485895
RET-09223,16000.0,2720000.0,434543.92254374735
RET-09224,5000.0,2300000.0,96941.3414658781
RET-09225,61000.0,27150000.0,2091385.1495127622
RET-09226,46000.0,4220000.0,1461704.0535739546
RET-09227,5000.0,1270000.0,172879.07817883661
RET-09228,5000.0,670000.0,147168.62926910177
RET-09229,5000.0,5360000.0,164706.32580937212
RET-09230,8000.0,2900000.0,261431.92256182554
RET-09231,4000.0,22070000.0,65847.9454398278
RET-09232,2000.0,3930000.0,68279.28315550549
RET-09233,29000.0,3450000.0,498336.6415061225
RET-09234,16000.0,5890000.0,269814.2799097161
RET-09235,10000.0,1000000.0,112563.46939585236
RET-09236,5000.0,15270000.0,150204.50157257813
RET-09237,4000.0,8940000.0,111504.93342963654
RET-09238,10000.0,7340000.0,333047.1902052345
RET-09239,43000.0,12950000.0,1414601.2458939822
RET-09240,15000.0,7100000.0,285592.8329923759
RET-09241,16000.0,4490000.0,508343.2741939741
RET-09242,86000.0,5380000.0,1628695.5009722237
RET-09243,5000.0,1840000.0,111468.06608357896
RET-09244,37000.0,20730000.0,1066259.0487704077
RET-09245,7000.0,2200000.0,160570.71826435393
RET-09246,9000.0,470000.0,163938.13312449146
RET-09247,9000.0,2350000.0,228616.50161435106
RET-09248,26000.0,12030000.0,817776.2356494968
RET-09249,20000.0,3260000.0,502792.69845230144
RET-09250,17000.0,2120000.0,481182.9643285216
RET-09251,11000.0,16030000.0,322102.11502783577
RET-09252,0.0,7290000.0,0.0
RET-09253,3000.0,1240000.0,85506.85072661965
RET-09254,29000.0,6210000.0,813322.2484118541
RET-09255,30000.0,7660000.0,711236.6480918549
RET-09256,21000.0,2630000.0,659360.3641721148
RET-09257,1000.0,1630000.0,17325.016046688692
RET-09258,4000.0,5450000.0,41916.793324651975
RET-09259,25000.0,1310000.0,728949.6728625849
RET-09260,10000.0,3070000.0,181852.44130309016
RET-09261,11000.0,1680000.0,264285.069511561
RET-09262,15000.0,1610000.0,466375.40587114764
RET-09263,6000.0,940000.0,81414.62359851689
RET-09264,17000.0,3280000.0,516597.6230167219
RET-09265,4000.0,8920000.0,93184.66756110308
RET-09266,15000.0,5100000.0,179627.5537772143
RET-09267,6000.0,1750000.0,189433.25949359377
RET-09268,36000.0,3630000.0,1125897.7572001773
RET-09269,4000.0,5870000.0,73310.8831952344
RET-09270,17000.0,3030000.0,360413.8074817137
RET-09271,15000.0,8840000.0,521720.42417211784
RET-09272,37000.0,11260000.0,1245076.5206444866
RET-09273,17000.0,5320000.0,406629.8256541789
RET-09274,3000.0,4890000.0,39735.31852985024
RET-09275,17000.0,7330000.0,295753.7918101984
RET-09276,18000.0,3680000.0,214444.85899668993
RET-09277,1000.0,2210000.0,26804.043851109735
RET-09278,35000.0,12630000.0,1173720.8211277972
RET-09279,1000.0,1480000.0,20745.158605902365
RET-09280,16000.0,2840000.0,571610.5467508215
RET-09281,2000.0,1010000.0,34385.16883922187
RET-09282,9000.0,1740000.0,172032.68871828442
RET-09283,37000.0,11790000.0,1308116.0934711217
RET-09284,25000.0,10290000.0,777442.6857032258
RET-09285,26000.0,3860000.0,825447.2989293314
RET-09286,8000.0,560000.0,155885.9251312296
RET-09287,16000.0,4220000.0,478248.7847665668
RET-09288,6000.0,1560000.0,211905.96051998387
RET-09289,23000.0,2650000.0,587665.312269007
RET-09290,13000.0,970000.0,396484.2156491378
RET-09291,13000.0,5810000.0,234650.32420064136
RET-09292,6000.0,5950000.0,130579.3295910146
RET-09293,7000.0,3690000.0,164795.3718252521
RET-09294,21000.0,5920000.0,306439.9210227179
RET-09295,36000.0,16300000.0,1205048.5956456936
RET-09296,12000.0,4360000.0,265813.0480386315
RET-09297,44000.0,11730000.0,1498530.1321403773
RET-09298,3000.0,2930000.0,79939.49497524732
RET-09299,37000.0,11380000.0,816080.7881061977
RET-09300,7000.0,5350000.0,223624.87435644754
RET-09301,5000.0,4100000.0,166079.48198290353
RET-09302,13000.0,4950000.0,138936.0891381152
RET-09303,23000.0,6480000.0,742693.781886322
RET-09304,7000.0,2510000.0,143105.1005346055
RET-09305,13000.0,14210000.0,234347.45169170076
RET-09306,12000.0,3520000.0,401285.9796252177
RET-09307,16000.0,830000.0,301582.36154634337
RET-09308,25000.0,5320000.0,414846.7324264468
RET-09309,9000.0,8830000.0,301346.4994655833
RET-09310,33000.0,2980000.0,945364.6395089857
RET-09311,19000.0,1530000.0,506370.103977665
RET-09312,45000.0,9540000.0,773353.0176540165
RET-09313,15000.0,2160000.0,230238.96738732656
RET-09314,6000.0,1070000.0,121415.00446399051
RET-09315,2000.0,500000.0,57517.42852313711
RET-09316,10000.0,6010000.0,158245.33268997024
RET-09317,24000.0,18010000.0,603493.9900477212
RET-09318,4000.0,1740000.0,104343.92753212014
RET-09319,4000.0,3600000.0,118995.70670323432
RET-09320,17000.0,10330000.0,449218.1748426683
RET-09321,26000.0,3040000.0,320529.5798337645
RET-09322,5000.0,5520000.0,177415.40268103237
RET-09323,16000.0,11130000.0,515635.7860344068
RET-09324,3000.0,2120000.0,57035.95310839609
RET-09325,13000.0,1350000.0,209361.14550398392
RET-09326,15000.0,3260000.0,312760.6380313652
RET-09327,17000.0,4370000.0,312200.2260295889
RET-09328,28000.0,4780000.0,825856.0603612064
RET-09329,2000.0,1080000.0,63189.17745165941
RET-09330,39000.0,8110000.0,597305.8783211126
RET-09331,12000.0,1060000.0,389756.0663659065
RET-09332,25000.0,6490000.0,429671.61394322186
RET-09333,1000.0,1200000.0,25013.159219573878
RET-09334,17000.0,9490000.0,296308.1376086444
RET-09335,6000.0,4390000.0,90996.99981186917
RET-09336,41000.0,12740000.0,1116973.8087756308
RET-09337,14000.0,6670000.0,204284.69892811484
RET-09338,27000.0,6980000.0,935036.5667742813
RET-09339,40000.0,12590000.0,674097.1405110845
RET-09340,20000.0,3020000.0,674866.3073449918
RET-09341,11000.0,1540000.0,138113.67607535847
RET-09342,15000.0,9610000.0,310082.7327416658
RET-09343,22000.0,5650000.0,481183.31820037216
RET-09344,10000.0,1270000.0,268929.63548499113
RET-09345,2000.0,3720000.0,68137.86504349862
RET-09346,3000.0,1330000.0,95253.18888163446
RET-09347,5000.0,4760000.0,78795.68516427276
RET-09348,1000.0,9630000.0,33030.578856235
RET-09349,0.0,4450000.0,0.0
RET-09350,27000.0,8500000.0,298913.25834719767
RET-09351,23000.0,11590000.0,722457.6665684739
RET-09352,22000.0,6410000.0,244532.02122677545
RET-09353,0.0,2870000.0,0.0
RET-09354,42000.0,2650000.0,684012.7153504825
RET-09355,16000.0,4850000.0,484120.84740118333
RET-09356,4000.0,13790000.0,67447.88532396953
RET-09357,33000.0,5100000.0,658156.7876315092
RET-09358,42000.0,4720000.0,1382490.1078671836
RET-09359,0.0,11730000.0,0.0
RET-09360,71000.0,8710000.0,1259897.3838603348
RET-09361,7000.0,6580000.0,137189.8846752157
RET-09362,13000.0,1210000.0,240662.25373047643
RET-09363,45000.0,10320000.0,1492250.7944340885
RET-09364,1000.0,4070000.0,34644.278664220925
RET-09365,65000.0,6950000.0,1573009.78350428
RET-09366,48000.0,3750000.0,1289670.545489831
RET-09367,23000.0,11910000.0,814388.6565579193
RET-09368,7000.0,3330000.0,234229.70798861008
RET-09369,20000.0,4180000.0,611478.5872600678
RET-09370,52000.0,5080000.0,1103019.9692717183
RET-09371,40000.0,9520000.0,822872.8883413385
RET-09372,16000.0,3950000.0,532090.6936562872
RET-09373,4000.0,3490000.0,72462.1261255076
RET-09374,13000.0,2590000.0,360625.60329929675
RET-09375,1000.0,1900000.0,34156.90588039952
RET-09376,21000.0,7990000.0,522264.23539106833
RET-09377,9000.0,10350000.0,217682.55767729852
RET-09378,4000.0,890000.0,104518.18546126105
RET-09379,29000.0,11550000.0,656322.2561641802
RET-09380,29000.0,5030000.0,783180.0088030184
RET-09381,28000.0,5620000.0,643829.0547450666
RET-09382,47000.0,10610000.0,728079.3112976023
RET-09383,3000.0,8800000.0,54911.295845115885
RET-09384,22000.0,6140000.0,547309.1661894699
RET-09385,16000.0,5320000.0,231406.34150609752
RET-09386,26000.0,13240000.0,752768.1719613585
RET-09387,12000.0,11580000.0,141742.11354530815
RET-09388,16000.0,6000000.0,212622.46944144327
RET-09389,10000.0,2570000.0,195556.40930948415
RET-09390,5000.0,4640000.0,58998.87199348069
RET-09391,24000.0,2140000.0,523857.73873873206
RET-09392,8000.0,15820000.0,192380.2372094751
RET-09393,3000.0,3630000.0,77781.721819505
RET-09394,35000.0,5090000.0,752042.8810052057
RET-09395,10000.0,1910000.0,331856.54523108894
RET-09396,6000.0,3730000.0,169060.42907269121
RET-09397,16000.0,1860000.0,305240.05591935973
RET-09398,7000.0,4920000.0,243116.3477015028
RET-09399,7000.0,1880000.0,78728.24363264443
RET-09400,18000.0,14020000.0,446020.56865705264
RET-09401,10000.0,4550000.0,113817.71840016558
RET-09402,30000.0,3230000.0,739239.0867763751
RET-09403,14000.0,8190000.0,465215.58203472354
RET-09404,22000.0,3850000.0,432597.69219743466
RET-09405,9000.0,3490000.0,183837.60836497182
RET-09406,11000.0,5330000.0,272219.69733561564
RET-09407,7000.0,4900000.0,71290.69265644642
RET-09408,10000.0,4100000.0,316280.9118898921
RET-09409,21000.0,2290000.0,549017.3870165341
RET-09410,15000.0,3070000.0,527131.7698605908
RET-09411,9000.0,4740000.0,271284.8592107874
RET-09412,38000.0,10430000.0,939334.8963559475
RET-09413,2000.0,7290000.0,36672.5860798696
RET-09414,11000.0,1200000.0,363235.3890414203
RET-09415,14000.0,2810000.0,243693.25906918288
RET-09416,8000.0,6240000.0,96898.64103987227
RET-09417,7000.0,5860000.0,134750.29436326132
RET-09418,16000.0,1910000.0,223993.44049681362
RET-09419,25000.0,12490000.0,608901.936654355
RET-09420,1000.0,1630000.0,21902.603770621474
RET-09421,2000.0,6310000.0,58137.95606650487
RET-09422,9000.0,1920000.0,262683.3357131661
RET-09423,5000.0,10190000.0,105772.94791008526
RET-09424,11000.0,1750000.0,121529.86639519353
RET-09425,13000.0,5210000.0,375104.31093741354
RET-09426,20000.0,2530000.0,256440.70893311137
RET-09427,34000.0,15140000.0,824494.8976766124
RET-09428,7000.0,1380000.0,159711.16435236158
RET-09429,36000.0,3250000.0,1164718.4476210377
RET-09430,11000.0,4080000.0,328543.1695113007
RET-09431,15000.0,6910000.0,155135.0265434309
RET-09432,28000.0,9490000.0,361874.0510415417
RET-09433,10000.0,930000.0,211014.22763277605
RET-09434,45000.0,3940000.0,1010815.2438647414
RET-09435,30000.0,5480000.0,1073259.8132724054
RET-09436,26000.0,6900000.0,400963.78834426095
RET-09437,30000.0,7120000.0,914964.5831087343
RET-09438,27000.0,6350000.0,551559.1178443686
RET-09439,19000.0,4930000.0,607402.4492857462
RET-09440,15000.0,3810000.0,328265.0354211106
RET-09441,48000.0,10290000.0,1347537.2939329303
RET-09442,1000.0,9670000.0,25629.327201788703
RET-09443,15000.0,7140000.0,158579.2224577143
RET-09444,3000.0,16910000.0,71342.47932353173
RET-09445,22000.0,6580000.0,520870.0185291854
RET-09446,29000.0,8470000.0,479847.2106266497
RET-09447,32000.0,9400000.0,1063425.3282109457
RET-09448,20000.0,4570000.0,475527.8832900463
RET-09449,10000.0,6700000.0,152903.8517188214
RET-09450,16000.0,1700000.0,423064.14062114956
RET-09451,18000.0,2710000.0,573457.8588526438
RET-09452,4000.0,1920000.0,82190.8805479604
RET-09453,9000.0,2620000.0,137907.64923699285
RET-09454,16000.0,2910000.0,381039.54707076494
RET-09455,3000.0,1980000.0,90931.22426526133
RET-09456,20000.0,3600000.0,469031.54926616745
RET-09457,2000.0,2480000.0,63743.88911129372
RET-09458,43000.0,19590000.0,637292.7358606464
RET-09459,20000.0,5590000.0,396316.5605891726
RET-09460,57000.0,17250000.0,1815903.3322434456
RET-09461,7000.0,2160000.0,177263.9218831992
RET-09462,1000.0,1430000.0,31159.739918725467
RET-09463,25000.0,3350000.0,714226.2683829857
RET-09464,10000.0,1560000.0,216987.9809868298
RET-09465,11000.0,2690000.0,148881.5906704952
RET-09466,2000.0,770000.0,45167.61985291719
RET-09467,14000.0,2350000.0,399344.06360172236
RET-09468,11000.0,1750000.0,191008.8515896558
RET-09469,0.0,4730000.0,0.0
RET-09470,17000.0,6460000.0,509680.4743814711
RET-09471,22000.0,3390000.0,601869.3116718156
RET-09472,19000.0,2570000.0,642291.4270540844
RET-09473,21000.0,14200000.0,214161.68017937534
RET-09474,24000.0,2050000.0,627104.8388781548
RET-09475,16000.0,3420000.0,353014.94400820095
RET-09476,5000.0,5020000.0,137337.52765391587
RET-09477,12000.0,1830000.0,334815.13440383057
RET-09478,23000.0,2290000.0,478942.0202837188
RET-09479,22000.0,7160000.0,526331.9490086088
RET-09480,3000.0,6390000.0,37796.12862186495
RET-09481,4000.0,3970000.0,139872.88700584677
RET-09482,25000.0,6040000.0,456394.76955425186
RET-09483,6000.0,5510000.0,161001.3308923326
RET-09484,18000.0,6400000.0,281316.1500092974
RET-09485,6000.0,18700000.0,189875.80716698762
RET-09486,18000.0,6570000.0,437617.1195825699
RET-09487,40000.0,10300000.0,846162.0006644421
RET-09488,19000.0,11970000.0,280039.57860547345
RET-09489,17000.0,1440000.0,420033.390520395
RET-09490,17000.0,10430000.0,212107.17395673515
RET-09491,11000.0,1100000.0,366986.05650416174
RET-09492,36000.0,9370000.0,882328.4232736994
RET-09493,11000.0,5270000.0,302582.4611624379
RET-09494,14000.0,8300000.0,344956.37572857854
RET-09495,6000.0,8580000.0,111859.22015118472
RET-09496,30000.0,4710000.0,738325.6474967654
RET-09497,5000.0,8190000.0,61368.579643410674
RET-09498,12000.0,2870000.0,376575.7528263113
RET-09499,14000.0,1220000.0,163949.91408288642
RET-09500,0.0,3970000.0,0.0
RET-09501,12000.0,5660000.0,161847.49729465568
RET-09502,14000.0,7560000.0,372713.47803562484
RET-09503,29000.0,3790000.0,427126.05642779113
RET-09504,3000.0,6250000.0,65891.96079254971
RET-09505,27000.0,6140000.0,276397.06948746816
RET-09506,6000.0,840000.0,159633.2314750976
RET-09507,19000.0,6050000.0,640100.2565908405
RET-09508,34000.0,8080000.0,1199169.0887996682
RET-09509,4000.0,1520000.0,98116.3048469063
RET-09510,54000.0,8450000.0,1620144.8835883506
RET-09511,4000.0,2760000.0,48043.63404618621
RET-09512,38000.0,13140000.0,860018.1762682748
RET-09513,6000.0,1760000.0,99786.4879700757
RET-09514,6000.0,3210000.0,203282.6239678536
RET-09515,11000.0,2080000.0,254807.4542769684
RET-09516,0.0,1460000.0,0.0
RET-09517,6000.0,3990000.0,69731.97184656597
RET-09518,16000.0,2320000.0,347446.7137195087
RET-09519,8000.0,3050000.0,80301.92877337632
RET-09520,4000.0,3950000.0,109907.23458091747
RET-09521,14000.0,13780000.0,327382.4422523348
RET-09522,67000.0,8450000.0,2192627.308564751
RET-09523,5000.0,730000.0,163106.82882362863
RET-09524,67000.0,13220000.0,1025237.2414906941
RET-09525,7000.0,5430000.0,202504.1294841867
RET-09526,10000.0,4370000.0,214460.09155401395
RET-09527,16000.0,5800000.0,531826.2648169514
RET-09528,22000.0,5390000.0,310094.62633003265
RET-09529,36000.0,5340000.0,983870.5609440043
RET-09530,61000.0,33980000.0,1084098.5966865087
RET-09531,87000.0,23160000.0,2170505.7370671215
RET-09532,8000.0,2210000.0,91084.98255327599
RET-09533,16000.0,2860000.0,170664.42237534482
RET-09534,23000.0,5250000.0,666487.0863432456
RET-09535,30000.0,18880000.0,882192.1659622492
RET-09536,5000.0,7500000.0,140755.5982248999
RET-09537,16000.0,1140000.0,311156.0578172079
RET-09538,19000.0,3320000.0,290605.117141677
RET-09539,6000.0,4450000.0,105228.42852061162
RET-09540,47000.0,3430000.0,1078948.8973085405
RET-09541,115000.0,25660000.0,2460228.9773378633
RET-09542,21000.0,10940000.0,584243.5059431136
RET-09543,31000.0,7440000.0,382584.4529345628
RET-09544,51000.0,4800000.0,1741977.3114457554
RET-09545,26000.0,2140000.0,658204.6319876417
RET-09546,10000.0,2940000.0,157169.39371528494
RET-09547,1000.0,4820000.0,29087.778231223583
RET-09548,22000.0,9910000.0,305715.3273774146
RET-09549,34000.0,6600000.0,480170.20360541815
RET-09550,4000.0,2600000.0,80645.44105377079
RET-09551,37000.0,5490000.0,815445.0201816569
RET-09552,3000.0,1740000.0,36889.025282359406
RET-09553,7000.0,4050000.0,94063.23045089272
RET-09554,12000.0,3840000.0,365000.86256204726
RET-09555,28000.0,8010000.0,824951.835302224
RET-09556,33000.0,8370000.0,1013141.7862178307
RET-09557,2000.0,2330000.0,53013.623758845984
RET-09558,11000.0,4290000.0,344595.6306809569
RET-09559,8000.0,4270000.0,196800.83476457844
RET-09560,11000.0,8930000.0,291374.83691727795
RET-09561,23000.0,7900000.0,238104.43045293627
RET-09562,20000.0,6270000.0,641728.839894522
RET-09563,19000.0,4230000.0,423269.0656646641
RET-09564,32000.0,9670000.0,1097124.3676823652
RET-09565,5000.0,2230000.0,157648.38263967948
RET-09566,101000.0,14570000.0,3537123.3998845643
RET-09567,21000.0,10780000.0,594301.2078987741
RET-09568,9000.0,4610000.0,291562.40767252323
RET-09569,28000.0,2510000.0,589420.8060322374
RET-09570,0.0,1160000.0,0.0
RET-09571,10000.0,4250000.0,118946.71979386298
RET-09572,49000.0,10630000.0,1754027.3509952542
RET-09573,22000.0,5930000.0,257778.6346819933
RET-09574,37000.0,16890000.0,1253909.9684609685
RET-09575,10000.0,990000.0,248371.17735013034
RET-09576,1000.0,2560000.0,27108.81204892381
RET-09577,3000.0,8840000.0,61737.76143232927
RET-09578,15000.0,5030000.0,335585.8253514844
RET-09579,2000.0,1600000.0,56957.61524028559
RET-09580,7000.0,4030000.0,158281.6377699733
RET-09581,1000.0,2390000.0,19151.07494726049
RET-09582,6000.0,1960000.0,137160.3756266535
RET-09583,14000.0,5710000.0,291198.8758302459
RET-09584,13000.0,2030000.0,217761.62153382675
RET-09585,7000.0,1870000.0,238982.9554052632
RET-09586,10000.0,2080000.0,169442.6609889178
RET-09587,11000.0,9770000.0,264398.3310522653
RET-09588,23000.0,5480000.0,414243.26170243765
RET-09589,8000.0,3530000.0,101082.14911719847
RET-09590,8000.0,1920000.0,222217.49808642227
RET-09591,20000.0,3740000.0,607022.3537841009
RET-09592,10000.0,5260000.0,263984.36249200423
RET-09593,4000.0,4000000.0,120605.79518775428
RET-09594,17000.0,7990000.0,329893.1295402033
RET-09595,9000.0,1440000.0,107590.33614393267
RET-09596,1000.0,4050000.0,32873.632258390404
RET-09597,7000.0,6540000.0,240158.03797172545
RET-09598,20000.0,6440000.0,430633.7978172405
RET-09599,33000.0,12200000.0,369152.3443806075
RET-09600,10000.0,5060000.0,219964.85684893408
RET-09601,21000.0,4960000.0,369373.41879829037
RET-09602,6000.0,2210000.0,204538.86311380612
RET-09603,73000.0,24720000.0,1706931.7377519256
RET-09604,4000.0,1640000.0,132356.61664732362
RET-09605,20000.0,6150000.0,462190.9601664459
RET-09606,9000.0,2990000.0,242752.4193317658
RET-09607,10000.0,3080000.0,299245.99213428376
RET-09608,34000.0,11040000.0,1064028.8387585687
RET-09609,34000.0,10870000.0,471089.7449829531
RET-09610,49000.0,6150000.0,1447792.180206462
RET-09611,25000.0,3790000.0,557268.6269095194
RET-09612,38000.0,18630000.0,396221.4422401379
RET-09613,22000.0,3870000.0,763189.429522137
RET-09614,16000.0,7940000.0,260601.27568234366
RET-09615,52000.0,41000000.0,1768314.788741481
RET-09616,28000.0,11460000.0,540807.7288532788
RET-09617,14000.0,7190000.0,418214.81019102584
RET-09618,33000.0,4890000.0,343776.06824516103
RET-09619,5000.0,18180000.0,90985.92473054044
RET-09620,34000.0,8050000.0,467253.2913939273
RET-09621,19000.0,7420000.0,193892.47880772068
RET-09622,41000.0,6760000.0,1014263.8502331966
RET-09623,104000.0,17890000.0,2721515.6067392123
RET-09624,12000.0,1020000.0,417158.3265162841
RET-09625,31000.0,6290000.0,909218.2699457363
RET-09626,33000.0,2870000.0,449025.9363919847
RET-09627,1000.0,5090000.0,31064.88289068501
RET-09628,13000.0,1720000.0,135095.96903741604
RET-09629,57000.0,11240000.0,1449475.546756671
RET-09630,9000.0,1310000.0,169098.0628739627
RET-09631,2000.0,1890000.0,57912.25504841296
RET-09632,8000.0,1490000.0,149812.08914668337
RET-09633,6000.0,1120000.0,213180.1702643706
RET-09634,4000.0,1260000.0,59048.90564588824
RET-09635,14000.0,2670000.0,406177.90873072715
RET-09636,18000.0,4020000.0,466646.9681746626
RET-09637,9000.0,7420000.0,274697.9164613919
RET-09638,2000.0,3210000.0,61592.140608968155
RET-09639,23000.0,6120000.0,786863.1742697635
RET-09640,3000.0,7550000.0,94348.50454484917
RET-09641,6000.0,1420000.0,184322.47468491385
RET-09642,17000.0,5120000.0,443469.5433799088
RET-09643,15000.0,6070000.0,166952.65040504176
RET-09644,2000.0,2360000.0,27758.4917954846
RET-09645,3000.0,7480000.0,50517.68627891041
RET-09646,4000.0,2170000.0,58553.76969099226
RET-09647,15000.0,4930000.0,527025.2708418996
RET-09648,16000.0,2380000.0,299654.85473438626
RET-09649,6000.0,2400000.0,143759.9275903428
RET-09650,7000.0,2800000.0,216037.5009825559
RET-09651,23000.0,2520000.0,238816.15031828795
RET-09652,19000.0,2210000.0,522132.96545283706
RET-09653,40000.0,8140000.0,571870.3533456252
RET-09654,5000.0,1580000.0,83980.99491707796
RET-09655,23000.0,4600000.0,799258.3673360802
RET-09656,21000.0,4130000.0,595440.4330993146
RET-09657,12000.0,3580000.0,201845.64690270455
RET-09658,11000.0,3400000.0,354572.124263998
RET-09659,7000.0,1480000.0,106282.95747921473
RET-09660,3000.0,5310000.0,50134.11969550335
RET-09661,4000.0,3450000.0,118145.64422103991
RET-09662,3000.0,1820000.0,53494.621632077884
RET-09663,26000.0,9740000.0,539823.3206955871
RET-09664,21000.0,7940000.0,396117.5841949396
RET-09665,38000.0,5370000.0,843803.1061427031
RET-09666,34000.0,5510000.0,754022.6683621238
RET-09667,5000.0,5110000.0,89323.3976952678
RET-09668,5000.0,3690000.0,105371.0240051419
RET-09669,12000.0,6370000.0,144944.001562888
RET-09670,44000.0,4540000.0,722209.2498267418
RET-09671,9000.0,6040000.0,146489.77515965328
RET-09672,11000.0,4040000.0,388496.9872644905
RET-09673,5000.0,3250000.0,145853.5968357939
RET-09674,0.0,4510000.0,0.0
RET-09675,6000.0,2260000.0,173037.4999689958
RET-09676,9000.0,12950000.0,305953.4024879887
RET-09677,34000.0,6710000.0,539488.7900388837
RET-09678,22000.0,6610000.0,627898.698634838
RET-09679,19000.0,6640000.0,680214.3122143773
RET-09680,45000.0,7720000.0,852146.3145284051
RET-09681,13000.0,3170000.0,456761.01737763296
RET-09682,19000.0,2160000.0,257105.48075134982
RET-09683,8000.0,3020000.0,194710.28162969634
RET-09684,2000.0,7970000.0,68750.54330029705
RET-09685,36000.0,14850000.0,923806.5439648601
RET-09686,1000.0,2720000.0,22362.73353184248
RET-09687,21000.0,4860000.0,441245.2245229335
RET-09688,10000.0,4530000.0,173891.60425529908
RET-09689,10000.0,3820000.0,185526.67079752806
RET-09690,6000.0,9910000.0,164537.17108669967
RET-09691,38000.0,6270000.0,729704.844420171
RET-09692,20000.0,7800000.0,236453.8009446384
RET-09693,46000.0,3400000.0,657037.174734399
RET-09694,0.0,12420000.0,0.0
RET-09695,7000.0,2430000.0,161504.75143170697
RET-09696,15000.0,5770000.0,471048.9921628616
RET-09697,27000.0,18050000.0,675314.2714394262
RET-09698,10000.0,6060000.0,104046.63854343296
RET-09699,1000.0,2590000.0,27332.474970076906
RET-09700,15000.0,2220000.0,345792.3687644125
RET-09701,46000.0,4170000.0,478186.55368568184
RET-09702,17000.0,3150000.0,336733.7685610383
RET-09703,8000.0,16780000.0,88121.76175294575
RET-09704,97000.0,19310000.0,2834484.3503345163
RET-09705,10000.0,5780000.0,123455.4201924954
RET-09706,10000.0,3720000.0,109753.27089480459
RET-09707,10000.0,2030000.0,328496.439589651
RET-09708,14000.0,8690000.0,434973.5467939878
RET-09709,9000.0,4270000.0,136495.29494838312
RET-09710,12000.0,4290000.0,311640.93063346477
RET-09711,2000.0,2800000.0,68384.14309741979
RET-09712,6000.0,4150000.0,93609.33386040785
RET-09713,2000.0,3000000.0,45298.86631186293
RET-09714,4000.0,1250000.0,91521.67550664146
RET-09715,8000.0,4840000.0,274537.05692241836
RET-09716,26000.0,9250000.0,835800.8086123434
RET-09717,57000.0,12310000.0,1252474.775697935
RET-09718,5000.0,5360000.0,143853.30911905572
RET-09719,2000.0,8420000.0,44787.35962641483
RET-09720,4000.0,6320000.0,59286.60535972412
RET-09721,15000.0,17860000.0,227675.706481428
RET-09722,1000.0,3420000.0,23956.033033583146
RET-09723,10000.0,3790000.0,331145.66076437605
RET-09724,25000.0,3880000.0,819397.6109586378
RET-09725,32000.0,6390000.0,329804.292256521
RET-09726,24000.0,6220000.0,404182.8879778068
RET-09727,4000.0,1630000.0,129904.24395124581
RET-09728,3000.0,2390000.0,85826.07325351579
RET-09729,23000.0,3800000.0,480543.0711167968
RET-09730,34000.0,9650000.0,1040952.468958152
RET-09731,8000.0,18680000.0,106526.9191073664
RET-09732,5000.0,560000.0,81762.77322372542
RET-09733,4000.0,2270000.0,116431.7311687117
RET-09734,4000.0,1900000.0,139829.72917605267
RET-09735,10000.0,2410000.0,287042.5826461465
RET-09736,18000.0,6900000.0,235420.17124019214
RET-09737,13000.0,5890000.0,443575.50019747415
RET-09738,13000.0,9150000.0,162980.82934149582
RET-09739,19000.0,2840000.0,503707.06657948595
RET-09740,14000.0,2930000.0,252754.2390206917
RET-09741,9000.0,2560000.0,230784.49149988184
RET-09742,9000.0,2820000.0,211726.89416782127
RET-09743,3000.0,8000000.0,78769.19750127007
RET-09744,21000.0,9240000.0,300361.1848941042
RET-09745,6000.0,7130000.0,167751.20582369395
RET-09746,60000.0,16250000.0,965264.1994298191
RET-09747,17000.0,17760000.0,546359.2015348403
RET-09748,26000.0,1750000.0,670319.3891325374
RET-09749,5000.0,3560000.0,87536.4633115056
RET-09750,19000.0,9140000.0,267276.06387697585
RET-09751,9000.0,8610000.0,111423.21094190277
RET-09752,16000.0,6320000.0,273077.5324233771
RET-09753,14000.0,3960000.0,312963.21633618284
RET-09754,2000.0,5340000.0,44178.955662656575
RET-09755,24000.0,14510000.0,597335.9974505488
RET-09756,26000.0,3150000.0,271883.3429498422
RET-09757,63000.0,7130000.0,1558295.9049808898
RET-09758,4000.0,860000.0,101682.99236896877
RET-09759,29000.0,5040000.0,408247.192403224
RET-09760,5000.0,1260000.0,148851.55253701107
RET-09761,36000.0,5950000.0,1285116.9584028458
RET-09762,7000.0,820000.0,175664.96701765273
RET-09763,2000.0,530000.0,34389.0645975675
RET-09764,38000.0,15840000.0,579493.8532055247
RET-09765,3000.0,5480000.0,56200.59785938613
RET-09766,5000.0,11690000.0,53222.46480292503
RET-09767,1000.0,5240000.0,12945.74263619617
RET-09768,18000.0,15220000.0,408548.7685465015
RET-09769,21000.0,6260000.0,232683.24341082238
RET-09770,1000.0,1290000.0,18833.473736843553
RET-09771,42000.0,8860000.0,1017983.449123828
RET-09772,4000.0,12610000.0,107818.46140336174
RET-09773,7000.0,4430000.0,249708.20814628797
RET-09774,4000.0,2990000.0,63455.74924701148
RET-09775,3000.0,1450000.0,68626.26405599627
RET-09776,15000.0,1840000.0,349269.0932979039
RET-09777,2000.0,5650000.0,45313.67070902784
RET-09778,25000.0,5810000.0,879502.6268833617
RET-09779,48000.0,17050000.0,1063711.9660052888
RET-09780,18000.0,6490000.0,339241.26408993325
RET-09781,7000.0,2670000.0,89407.1791595397
RET-09782,3000.0,510000.0,92395.39180567971
RET-09783,1000.0,2610000.0,20304.837493445626
RET-09784,15000.0,1400000.0,480163.3552166822
RET-09785,6000.0,4640000.0,137318.41728359097
RET-09786,10000.0,3500000.0,246532.66486749565
RET-09787,4000.0,3830000.0,61717.90026396811
RET-09788,17000.0,8770000.0,598326.7484935476
RET-09789,15000.0,3720000.0,325762.7970975479
RET-09790,7000.0,500000.0,126880.29615766145
RET-09791,10000.0,1560000.0,154822.41804754853
RET-09792,39000.0,10110000.0,1020921.8043576158
RET-09793,35000.0,13620000.0,1249271.7842215241
RET-09794,16000.0,2890000.0,547503.7385333661
RET-09795,31000.0,7060000.0,535402.6467194747
RET-09796,7000.0,6690000.0,247106.81873086185
RET-09797,3000.0,2040000.0,79864.45270474424
RET-09798,17000.0,3500000.0,367319.7408598218
RET-09799,2000.0,4960000.0,39134.09451778964
RET-09800,8000.0,1180000.0,284753.1423509424
RET-09801,5000.0,6330000.0,133077.66136193374
RET-09802,22000.0,2050000.0,479687.4783211238
RET-09803,17000.0,9500000.0,237999.36694430397
RET-09804,62000.0,14430000.0,1617292.8629827027
RET-09805,64000.0,10750000.0,1645588.3712497926
RET-09806,17000.0,5350000.0,283498.4083035852
RET-09807,2000.0,15850000.0,28371.57135197007
RET-09808,9000.0,3730000.0,222804.92538680547
RET-09809,15000.0,3690000.0,303703.11712072167
RET-09810,6000.0,5300000.0,186674.07159105202
RET-09811,18000.0,3480000.0,265443.71156984847
RET-09812,21000.0,25850000.0,372552.4295262083
RET-09813,21000.0,4940000.0,698212.3763217208
RET-09814,2000.0,5540000.0,61623.86042625757
RET-09815,7000.0,1040000.0,72304.76236288538
RET-09816,1000.0,3640000.0,10903.721632028228
RET-09817,3000.0,1290000.0,30833.256320270666
RET-09818,6000.0,9690000.0,164064.19037767386
RET-09819,16000.0,1610000.0,202272.14214996208
RET-09820,10000.0,7880000.0,341446.4268850115
RET-09821,2000.0,1990000.0,53074.0912747981
RET-09822,17000.0,960000.0,469205.97663751815
RET-09823,3000.0,2430000.0,50216.02689611806
RET-09824,32000.0,7990000.0,368810.2761590517
RET-09825,1000.0,3420000.0,19531.922719163184
RET-09826,14000.0,5800000.0,260306.86989799986
RET-09827,18000.0,5000000.0,302125.96171633893
RET-09828,26000.0,19820000.0,645786.3092340635
RET-09829,80000.0,20230000.0,1564309.5271844964
RET-09830,6000.0,5890000.0,197003.22359360577
RET-09831,14000.0,2260000.0,378568.73238352325
RET-09832,25000.0,5630000.0,648529.52146862
RET-09833,4000.0,17280000.0,140195.67920839222
RET-09834,11000.0,4050000.0,341074.6782281941
RET-09835,34000.0,3980000.0,925490.3871035071
RET-09836,9000.0,2680000.0,205456.99926639113
RET-09837,9000.0,3290000.0,221896.37435401088
RET-09838,41000.0,3480000.0,564374.1921785353
RET-09839,26000.0,8450000.0,437019.9513092643
RET-09840,13000.0,4060000.0,418303.7568481781
RET-09841,7000.0,2030000.0,185687.25689521336
RET-09842,59000.0,6640000.0,1173333.2800632874
RET-09843,29000.0,4490000.0,704217.2376847855
RET-09844,5000.0,1060000.0,76311.21167325748
RET-09845,36000.0,11310000.0,511870.70581528207
RET-09846,12000.0,4540000.0,234984.87198564463
RET-09847,22000.0,3510000.0,710200.0532817595
RET-09848,11000.0,5800000.0,122019.09129124724
RET-09849,1000.0,8040000.0,31976.330964662546
RET-09850,14000.0,5400000.0,375417.85310313606
RET-09851,11000.0,650000.0,273711.79749973846
RET-09852,26000.0,11070000.0,795809.942006168
RET-09853,1000.0,9320000.0,34358.947419778146
RET-09854,14000.0,10800000.0,179194.7067747763
RET-09855,7000.0,4300000.0,170395.84771163762
RET-09856,17000.0,3680000.0,425181.05865486944
RET-09857,13000.0,4840000.0,252244.8996272579
RET-09858,7000.0,1610000.0,238139.25127657698
RET-09859,16000.0,2500000.0,182689.50000301746
RET-09860,0.0,6770000.0,0.0
RET-09861,22000.0,2730000.0,554393.2225622515
RET-09862,18000.0,4720000.0,440989.7839951794
RET-09863,63000.0,14700000.0,1607639.691601991
RET-09864,0.0,1620000.0,0.0
RET-09865,23000.0,7140000.0,635042.8658862938
RET-09866,30000.0,6040000.0,432753.4968563052
RET-09867,16000.0,2260000.0,210759.66221693275
RET-09868,8000.0,6960000.0,162287.18883535863
RET-09869,4000.0,3920000.0,90125.393376658
RET-09870,24000.0,2000000.0,766353.5470631978
RET-09871,14000.0,3930000.0,401822.21187969955
RET-09872,8000.0,7870000.0,250608.07807219264
RET-09873,9000.0,3050000.0,230732.35374097954
RET-09874,14000.0,7730000.0,267752.01154072804
RET-09875,10000.0,4380000.0,348965.86500889657
RET-09876,20000.0,3220000.0,452963.1673258411
RET-09877,8000.0,3970000.0,255788.3571935542
RET-09878,12000.0,5360000.0,393487.09684629994
RET-09879,4000.0,6400000.0,122904.81361635539
RET-09880,10000.0,5010000.0,276873.4627487498
RET-09881,1000.0,8880000.0,31522.567109083186
RET-09882,36000.0,2060000.0,731740.1800569834
RET-09883,15000.0,6650000.0,354650.96971737925
RET-09884,34000.0,7840000.0,579596.9010345214
RET-09885,18000.0,1650000.0,364080.43003724015
RET-09886,33000.0,7570000.0,657161.6506495877
RET-09887,7000.0,8500000.0,189918.0483853669
RET-09888,2000.0,1910000.0,53100.831054913455
RET-09889,2000.0,4860000.0,44253.958407791986
RET-09890,11000.0,9620000.0,197113.28195011418
RET-09891,30000.0,16260000.0,1053513.6755990963
RET-09892,20000.0,8170000.0,551193.0491263693
RET-09893,0.0,4050000.0,0.0
RET-09894,25000.0,13400000.0,496639.6311617329
RET-09895,37000.0,7710000.0,816440.135017515
RET-09896,11000.0,7830000.0,281776.2508022542
RET-09897,48000.0,21290000.0,1498747.210886683
RET-09898,15000.0,2470000.0,204564.74227152354
RET-09899,8000.0,2920000.0,153456.70177204674
RET-09900,9000.0,1840000.0,176915.53265255425
RET-09901,2000.0,1850000.0,66404.65387292898
RET-09902,104000.0,20710000.0,1930653.9000616306
RET-09903,26000.0,9170000.0,895185.6356151591
RET-09904,22000.0,21850000.0,266884.1285671741
RET-09905,23000.0,8120000.0,260807.9964501313
RET-09906,9000.0,3210000.0,293564.33691366005
RET-09907,6000.0,5490000.0,97352.74884786064
RET-09908,37000.0,12780000.0,415297.58383318956
RET-09909,22000.0,6960000.0,748634.2108194453
RET-09910,5000.0,6250000.0,134476.5091430141
RET-09911,20000.0,2640000.0,561700.7597524787
RET-09912,6000.0,6580000.0,73046.02788778744
RET-09913,9000.0,7290000.0,93693.19632167552
RET-09914,27000.0,2450000.0,478092.6026155945
RET-09915,19000.0,3820000.0,385943.20080947026
RET-09916,10000.0,1040000.0,177989.02031439872
RET-09917,1000.0,1870000.0,23510.375516264176
RET-09918,24000.0,2000000.0,329239.8695535757
RET-09919,8000.0,630000.0,256198.1068695136
RET-09920,3000.0,1450000.0,85126.50633943063
RET-09921,21000.0,2780000.0,674071.9966344405
RET-09922,31000.0,9500000.0,936955.6323875366
RET-09923,7000.0,7540000.0,228570.89347500852
RET-09924,19000.0,1100000.0,517333.5170853493
RET-09925,21000.0,4800000.0,230379.57763269442
RET-09926,23000.0,13540000.0,610381.9976096126
RET-09927,13000.0,4260000.0,448832.10325343907
RET-09928,15000.0,880000.0,489275.06869751733
RET-09929,26000.0,10700000.0,464610.0275005904
RET-09930,36000.0,5900000.0,1287240.2623928061
RET-09931,9000.0,1980000.0,288722.35097196256
RET-09932,37000.0,2600000.0,620891.1474664424
RET-09933,26000.0,6650000.0,873756.3867915893
RET-09934,20000.0,4770000.0,310048.0200737272
RET-09935,14000.0,9210000.0,204448.37141926598
RET-09936,9000.0,1400000.0,177798.56319849097
RET-09937,31000.0,5830000.0,408030.6393030722
RET-09938,24000.0,1990000.0,837676.19331056
RET-09939,25000.0,7400000.0,866639.6972516004
RET-09940,8000.0,5890000.0,146922.88712189198
RET-09941,4000.0,4010000.0,97969.69090734879
RET-09942,16000.0,1960000.0,559662.2476838477
RET-09943,22000.0,1860000.0,390791.4783094105
RET-09944,5000.0,6830000.0,52059.483495536544
RET-09945,2000.0,2310000.0,34617.80874660625
RET-09946,25000.0,2420000.0,462543.6985816935
RET-09947,8000.0,4090000.0,175198.85280468134
RET-09948,9000.0,3580000.0,201943.2190070557
RET-09949,26000.0,6300000.0,323119.5256881709
RET-09950,42000.0,8650000.0,689268.0642618603
RET-09951,10000.0,3620000.0,105165.955346604
RET-09952,9000.0,830000.0,252052.56942879895
RET-09953,9000.0,800000.0,282658.3259101429
RET-09954,27000.0,1790000.0,904017.5212724598
RET-09955,20000.0,5350000.0,648438.2390693449
RET-09956,10000.0,2810000.0,237485.85407621769
RET-09957,3000.0,2010000.0,61582.92488590551
RET-09958,11000.0,3580000.0,247147.50588866888
RET-09959,9000.0,4110000.0,188125.04700303698
RET-09960,58000.0,4850000.0,987405.0136063388
RET-09961,5000.0,780000.0,84039.23120369711
RET-09962,5000.0,5900000.0,169158.8410778543
RET-09963,7000.0,4620000.0,192571.42683677707
RET-09964,15000.0,8550000.0,394505.402794837
RET-09965,23000.0,1340000.0,561732.1823777992
RET-09966,25000.0,6480000.0,457576.8341988586
RET-09967,12000.0,2310000.0,267716.5935613708
RET-09968,23000.0,2630000.0,811018.0042988356
RET-09969,1000.0,4900000.0,30477.345286902313
RET-09970,2000.0,3140000.0,24302.273711961097
RET-09971,2000.0,7800000.0,22775.221827996636
RET-09972,86000.0,11050000.0,1038228.4893106549
RET-09973,10000.0,3190000.0,313674.84283796715
RET-09974,8000.0,2840000.0,83679.97914301086
RET-09975,4000.0,7390000.0,50175.49306495189
RET-09976,57000.0,10690000.0,1370088.9222194667
RET-09977,9000.0,9830000.0,145489.21428509487
RET-09978,14000.0,2890000.0,426860.7034193878
RET-09979,6000.0,10260000.0,182739.04691201195
RET-09980,34000.0,7950000.0,713172.5161572278
RET-09981,8000.0,5150000.0,146102.49660622157
RET-09982,42000.0,10990000.0,1107592.8136089302
RET-09983,15000.0,4530000.0,363047.02129560785
RET-09984,2000.0,740000.0,30257.302853631223
RET-09985,5000.0,3850000.0,138174.6557942273
RET-09986,2000.0,5990000.0,44923.52443478447
RET-09987,14000.0,15770000.0,225745.9800443738
RET-09988,10000.0,850000.0,152429.29590293232
RET-09989,2000.0,1240000.0,71706.12986493163
RET-09990,7000.0,2150000.0,195402.34573028778
RET-09991,19000.0,7380000.0,395664.4714057906
RET-09992,28000.0,27340000.0,711035.9149621103
RET-09993,16000.0,6720000.0,474450.5841929452
RET-09994,4000.0,10350000.0,98704.98909255587
RET-09995,16000.0,3770000.0,204434.18354052183
RET-09996,13000.0,2770000.0,177189.32769401366
RET-09997,1000.0,5960000.0,15849.131945039031
RET-09998,23000.0,19250000.0,495504.3537367201
RET-09999,2000.0,5500000.0,54558.194488993875
RET-10000,68000.0,7940000.0,1529809.104282011
