LOAN_ID,CUSTOMER_ID,LOAN_TYPE,SANCTION_AMT,INT_RATE,TENURE_MTHS
LN-HM-00001,RET-00001,Home Loan,5190000.0,9.17,180
LN-HM-00002,RET-00002,Home Loan,5920000.0,8.74,300
LN-HM-00003,RET-00003,Home Loan,3870000.0,9.29,180
LN-HM-00004,RET-00004,Home Loan,7840000.0,8.89,300
LN-HM-00005,RET-00005,Vehicle Loan,1880000.0,9.3,48
LN-HM-00006,RET-00006,Vehicle Loan,1770000.0,9.47,36
LN-HM-00007,RET-00007,Vehicle Loan,2380000.0,10.47,48
LN-HM-00008,RET-00008,Home Loan,3940000.0,9.23,240
LN-HM-00009,RET-00009,Personal Loan,500000.0,12.16,12
LN-HM-00010,RET-00010,Home Loan,5220000.0,8.59,240
LN-HM-00011,RET-00011,Personal Loan,620000.0,11.51,60
LN-HM-00012,RET-00012,Personal Loan,1320000.0,12.37,24
LN-HM-00013,RET-00013,Home Loan,3080000.0,9.07,240
LN-HM-00014,RET-00014,Home Loan,810000.0,9.35,180
LN-HM-00015,RET-00015,Personal Loan,1310000.0,13.98,60
LN-HM-00016,RET-00016,Vehicle Loan,470000.0,10.62,60
LN-HM-00017,RET-00017,Home Loan,1560000.0,8.56,120
LN-HM-00018,RET-00018,Personal Loan,950000.0,11.7,48
LN-HM-00019,RET-00019,Personal Loan,1590000.0,12.26,24
LN-HM-00020,RET-00020,Home Loan,5190000.0,8.91,300
LN-HM-00021,RET-00021,Home Loan,820000.0,8.6,240
LN-HM-00022,RET-00022,Home Loan,4870000.0,9.22,180
LN-HM-00023,RET-00023,Home Loan,3320000.0,9.22,240
LN-HM-00024,RET-00024,Home Loan,6630000.0,9.08,240
LN-HM-00025,RET-00025,Home Loan,10260000.0,8.54,120
LN-HM-00026,RET-00026,Personal Loan,360000.0,12.67,48
LN-HM-00027,RET-00027,Home Loan,3290000.0,9.47,180
LN-HM-00028,RET-00028,Home Loan,7010000.0,9.06,240
LN-HM-00029,RET-00029,Home Loan,2340000.0,8.75,180
LN-HM-00030,RET-00030,Home Loan,11230000.0,8.86,240
LN-HM-00031,RET-00031,Personal Loan,550000.0,13.84,60
LN-HM-00032,RET-00032,Vehicle Loan,1170000.0,9.28,36
LN-HM-00033,RET-00033,Vehicle Loan,550000.0,9.47,72
LN-HM-00034,RET-00034,Home Loan,4520000.0,8.63,240
LN-HM-00035,RET-00035,Home Loan,850000.0,9.07,300
LN-HM-00036,RET-00036,Personal Loan,590000.0,12.96,60
LN-HM-00037,RET-00037,Vehicle Loan,2700000.0,9.43,48
LN-HM-00038,RET-00038,Personal Loan,420000.0,11.93,24
LN-HM-00039,RET-00039,Vehicle Loan,500000.0,10.44,36
LN-HM-00040,RET-00040,Home Loan,7140000.0,9.41,120
LN-HM-00041,RET-00041,Vehicle Loan,1890000.0,9.84,84
LN-HM-00042,RET-00042,Home Loan,1040000.0,8.95,300
LN-HM-00043,RET-00043,Personal Loan,2850000.0,13.95,48
LN-HM-00044,RET-00044,Home Loan,4520000.0,8.79,180
LN-HM-00045,RET-00045,Home Loan,7020000.0,9.28,120
LN-HM-00046,RET-00046,Vehicle Loan,600000.0,9.39,36
LN-HM-00047,RET-00047,Home Loan,7790000.0,9.18,240
LN-HM-00048,RET-00048,Home Loan,2760000.0,8.54,300
LN-HM-00049,RET-00049,Home Loan,2450000.0,9.44,300
LN-HM-00050,RET-00050,Personal Loan,1450000.0,13.49,36
LN-HM-00051,RET-00051,Personal Loan,810000.0,13.16,12
LN-HM-00052,RET-00052,Home Loan,1380000.0,9.37,240
LN-HM-00053,RET-00053,Personal Loan,630000.0,11.09,36
LN-HM-00054,RET-00054,Home Loan,3340000.0,8.88,240
LN-HM-00055,RET-00055,Personal Loan,370000.0,11.84,12
LN-HM-00056,RET-00056,Personal Loan,1580000.0,12.72,48
LN-HM-00057,RET-00057,Home Loan,12050000.0,9.37,180
LN-HM-00058,RET-00058,Personal Loan,580000.0,11.69,48
LN-HM-00059,RET-00059,Home Loan,2840000.0,8.62,240
LN-HM-00060,RET-00060,Vehicle Loan,1150000.0,10.36,48
LN-HM-00061,RET-00061,Home Loan,16380000.0,9.47,240
LN-HM-00062,RET-00062,Home Loan,4670000.0,8.74,300
LN-HM-00063,RET-00063,Home Loan,3910000.0,9.43,300
LN-HM-00064,RET-00064,Home Loan,5010000.0,9.37,300
LN-HM-00065,RET-00065,Vehicle Loan,1390000.0,10.77,60
LN-HM-00066,RET-00066,Personal Loan,880000.0,13.66,12
LN-HM-00067,RET-00067,Home Loan,6490000.0,8.82,300
LN-HM-00068,RET-00068,Vehicle Loan,2270000.0,10.07,36
LN-HM-00069,RET-00069,Home Loan,1470000.0,8.8,120
LN-HM-00070,RET-00070,Home Loan,2720000.0,9.29,120
LN-HM-00071,RET-00071,Vehicle Loan,640000.0,9.09,72
LN-HM-00072,RET-00072,Vehicle Loan,2060000.0,9.57,84
LN-HM-00073,RET-00073,Home Loan,9330000.0,9.44,120
LN-HM-00074,RET-00074,Vehicle Loan,5130000.0,9.23,60
LN-HM-00075,RET-00075,Home Loan,1550000.0,8.7,240
LN-HM-00076,RET-00076,Home Loan,4510000.0,9.24,180
LN-HM-00077,RET-00077,Home Loan,3230000.0,8.53,300
LN-HM-00078,RET-00078,Vehicle Loan,800000.0,10.96,72
LN-HM-00079,RET-00079,Personal Loan,1060000.0,12.99,60
LN-HM-00080,RET-00080,Personal Loan,780000.0,13.16,12
LN-HM-00081,RET-00081,Home Loan,9220000.0,9.12,180
LN-HM-00082,RET-00082,Home Loan,2610000.0,9.36,180
LN-HM-00083,RET-00083,Personal Loan,610000.0,12.46,48
LN-HM-00084,RET-00084,Home Loan,2830000.0,8.8,180
LN-HM-00085,RET-00085,Personal Loan,160000.0,12.72,60
LN-HM-00086,RET-00086,Personal Loan,510000.0,11.23,12
LN-HM-00087,RET-00087,Home Loan,3000000.0,8.7,120
LN-HM-00088,RET-00088,Personal Loan,2310000.0,11.82,60
LN-HM-00089,RET-00089,Personal Loan,410000.0,11.71,48
LN-HM-00090,RET-00090,Home Loan,2800000.0,9.32,240
LN-HM-00091,RET-00091,Personal Loan,1140000.0,11.77,48
LN-HM-00092,RET-00092,Home Loan,2460000.0,8.72,180
LN-HM-00093,RET-00093,Vehicle Loan,1100000.0,9.15,48
LN-HM-00094,RET-00094,Home Loan,2930000.0,8.96,300
LN-HM-00095,RET-00095,Home Loan,3060000.0,9.18,300
LN-HM-00096,RET-00096,Vehicle Loan,500000.0,10.02,72
LN-HM-00097,RET-00097,Personal Loan,580000.0,11.7,12
LN-HM-00098,RET-00098,Vehicle Loan,2070000.0,9.26,36
LN-HM-00099,RET-00099,Vehicle Loan,1780000.0,9.06,48
LN-HM-00100,RET-00100,Home Loan,8000000.0,9.19,180
LN-HM-00101,RET-00101,Home Loan,6230000.0,8.85,120
LN-HM-00102,RET-00102,Vehicle Loan,500000.0,9.49,48
LN-HM-00103,RET-00103,Vehicle Loan,650000.0,9.18,48
LN-HM-00104,RET-00104,Home Loan,1880000.0,8.98,180
LN-HM-00105,RET-00105,Vehicle Loan,700000.0,9.85,84
LN-HM-00106,RET-00106,Personal Loan,360000.0,11.43,48
LN-HM-00107,RET-00107,Home Loan,2100000.0,8.65,120
LN-HM-00108,RET-00108,Home Loan,1610000.0,9.48,300
LN-HM-00109,RET-00109,Personal Loan,700000.0,13.99,48
LN-HM-00110,RET-00110,Personal Loan,510000.0,13.85,60
LN-HM-00111,RET-00111,Home Loan,1460000.0,8.98,180
LN-HM-00112,RET-00112,Home Loan,4000000.0,8.59,120
LN-HM-00113,RET-00113,Vehicle Loan,1940000.0,10.49,60
LN-HM-00114,RET-00114,Vehicle Loan,1030000.0,9.96,48
LN-HM-00115,RET-00115,Personal Loan,940000.0,13.0,60
LN-HM-00116,RET-00116,Home Loan,5020000.0,8.62,120
LN-HM-00117,RET-00117,Home Loan,11320000.0,9.18,120
LN-HM-00118,RET-00118,Personal Loan,840000.0,11.35,24
LN-HM-00119,RET-00119,Home Loan,8120000.0,9.32,300
LN-HM-00120,RET-00120,Personal Loan,880000.0,11.51,24
LN-HM-00121,RET-00121,Home Loan,7470000.0,9.25,180
LN-HM-00122,RET-00122,Vehicle Loan,2370000.0,9.51,84
LN-HM-00123,RET-00123,Home Loan,3070000.0,8.9,300
LN-HM-00124,RET-00124,Vehicle Loan,650000.0,9.54,36
LN-HM-00125,RET-00125,Home Loan,3080000.0,9.04,240
LN-HM-00126,RET-00126,Personal Loan,770000.0,12.03,48
LN-HM-00127,RET-00127,Personal Loan,190000.0,13.89,12
LN-HM-00128,RET-00128,Home Loan,2830000.0,8.73,120
LN-HM-00129,RET-00129,Vehicle Loan,2490000.0,10.65,84
LN-HM-00130,RET-00130,Home Loan,5520000.0,8.71,240
LN-HM-00131,RET-00131,Home Loan,1330000.0,9.13,240
LN-HM-00132,RET-00132,Home Loan,1330000.0,8.68,300
LN-HM-00133,RET-00133,Home Loan,13980000.0,9.16,180
LN-HM-00134,RET-00134,Home Loan,7440000.0,8.68,120
LN-HM-00135,RET-00135,Vehicle Loan,640000.0,10.69,72
LN-HM-00136,RET-00136,Home Loan,1070000.0,9.43,180
LN-HM-00137,RET-00137,Personal Loan,310000.0,12.31,24
LN-HM-00138,RET-00138,Personal Loan,1320000.0,12.07,12
LN-HM-00139,RET-00139,Vehicle Loan,3580000.0,10.9,72
LN-HM-00140,RET-00140,Home Loan,8830000.0,8.5,180
LN-HM-00141,RET-00141,Vehicle Loan,530000.0,10.27,84
LN-HM-00142,RET-00142,Vehicle Loan,840000.0,10.96,60
LN-HM-00143,RET-00143,Home Loan,2560000.0,9.26,240
LN-HM-00144,RET-00144,Home Loan,3190000.0,9.33,120
LN-HM-00145,RET-00145,Vehicle Loan,470000.0,9.18,84
LN-HM-00146,RET-00146,Home Loan,1870000.0,8.65,120
LN-HM-00147,RET-00147,Vehicle Loan,700000.0,9.77,36
LN-HM-00148,RET-00148,Home Loan,5960000.0,9.47,180
LN-HM-00149,RET-00149,Home Loan,1980000.0,9.33,120
LN-HM-00150,RET-00150,Personal Loan,690000.0,11.91,36
LN-HM-00151,RET-00151,Personal Loan,860000.0,12.46,48
LN-HM-00152,RET-00152,Home Loan,8120000.0,9.35,120
LN-HM-00153,RET-00153,Personal Loan,3370000.0,13.64,24
LN-HM-00154,RET-00154,Vehicle Loan,1790000.0,9.18,60
LN-HM-00155,RET-00155,Vehicle Loan,990000.0,9.97,72
LN-HM-00156,RET-00156,Personal Loan,2230000.0,13.85,36
LN-HM-00157,RET-00157,Home Loan,7920000.0,8.9,240
LN-HM-00158,RET-00158,Personal Loan,1230000.0,11.58,60
LN-HM-00159,RET-00159,Vehicle Loan,510000.0,10.15,60
LN-HM-00160,RET-00160,Home Loan,6230000.0,8.89,300
LN-HM-00161,RET-00161,Vehicle Loan,1070000.0,10.13,48
LN-HM-00162,RET-00162,Personal Loan,420000.0,11.72,12
LN-HM-00163,RET-00163,Personal Loan,600000.0,12.07,36
LN-HM-00164,RET-00164,Home Loan,4660000.0,9.33,120
LN-HM-00165,RET-00165,Home Loan,1250000.0,8.88,180
LN-HM-00166,RET-00166,Vehicle Loan,710000.0,9.62,36
LN-HM-00167,RET-00167,Personal Loan,270000.0,13.91,60
LN-HM-00168,RET-00168,Personal Loan,440000.0,12.19,48
LN-HM-00169,RET-00169,Vehicle Loan,910000.0,9.83,84
LN-HM-00170,RET-00170,Home Loan,1720000.0,8.82,300
LN-HM-00171,RET-00171,Home Loan,6520000.0,8.56,300
LN-HM-00172,RET-00172,Home Loan,1030000.0,8.61,240
LN-HM-00173,RET-00173,Personal Loan,640000.0,13.68,36
LN-HM-00174,RET-00174,Vehicle Loan,820000.0,10.09,36
LN-HM-00175,RET-00175,Home Loan,9940000.0,8.87,180
LN-HM-00176,RET-00176,Personal Loan,1000000.0,11.5,12
LN-HM-00177,RET-00177,Home Loan,980000.0,9.17,240
LN-HM-00178,RET-00178,Home Loan,4820000.0,8.61,300
LN-HM-00179,RET-00179,Vehicle Loan,540000.0,9.99,72
LN-HM-00180,RET-00180,Personal Loan,680000.0,13.76,60
LN-HM-00181,RET-00181,Personal Loan,630000.0,12.27,12
LN-HM-00182,RET-00182,Personal Loan,2360000.0,11.4,60
LN-HM-00183,RET-00183,Personal Loan,1200000.0,12.04,12
LN-HM-00184,RET-00184,Home Loan,6120000.0,8.58,180
LN-HM-00185,RET-00185,Home Loan,4370000.0,9.0,120
LN-HM-00186,RET-00186,Home Loan,2300000.0,8.59,120
LN-HM-00187,RET-00187,Personal Loan,1760000.0,12.45,12
LN-HM-00188,RET-00188,Personal Loan,280000.0,11.07,36
LN-HM-00189,RET-00189,Home Loan,3160000.0,9.23,180
LN-HM-00190,RET-00190,Vehicle Loan,950000.0,9.03,72
LN-HM-00191,RET-00191,Home Loan,4550000.0,8.87,180
LN-HM-00192,RET-00192,Home Loan,2420000.0,8.58,120
LN-HM-00193,RET-00193,Home Loan,2820000.0,9.14,300
LN-HM-00194,RET-00194,Vehicle Loan,1320000.0,9.11,60
LN-HM-00195,RET-00195,Vehicle Loan,2410000.0,10.64,84
LN-HM-00196,RET-00196,Vehicle Loan,750000.0,10.18,36
LN-HM-00197,RET-00197,Vehicle Loan,860000.0,9.32,60
LN-HM-00198,RET-00198,Home Loan,1840000.0,9.15,240
LN-HM-00199,RET-00199,Home Loan,1330000.0,9.18,240
LN-HM-00200,RET-00200,Home Loan,4800000.0,8.9,120
LN-HM-00201,RET-00201,Home Loan,3560000.0,9.19,300
LN-HM-00202,RET-00202,Personal Loan,390000.0,12.04,24
LN-HM-00203,RET-00203,Home Loan,11290000.0,9.02,120
LN-HM-00204,RET-00204,Vehicle Loan,350000.0,9.78,60
LN-HM-00205,RET-00205,Personal Loan,3450000.0,12.45,60
LN-HM-00206,RET-00206,Personal Loan,1590000.0,13.56,24
LN-HM-00207,RET-00207,Home Loan,2510000.0,8.51,300
LN-HM-00208,RET-00208,Personal Loan,730000.0,11.91,48
LN-HM-00209,RET-00209,Personal Loan,630000.0,13.47,48
LN-HM-00210,RET-00210,Home Loan,4750000.0,8.65,180
LN-HM-00211,RET-00211,Home Loan,12730000.0,8.88,120
LN-HM-00212,RET-00212,Personal Loan,650000.0,11.03,48
LN-HM-00213,RET-00213,Home Loan,2470000.0,8.7,120
LN-HM-00214,RET-00214,Home Loan,1990000.0,8.69,300
LN-HM-00215,RET-00215,Home Loan,2950000.0,9.21,300
LN-HM-00216,RET-00216,Home Loan,3370000.0,9.32,240
LN-HM-00217,RET-00217,Personal Loan,350000.0,11.17,36
LN-HM-00218,RET-00218,Home Loan,2170000.0,9.32,120
LN-HM-00219,RET-00219,Vehicle Loan,1480000.0,10.53,72
LN-HM-00220,RET-00220,Home Loan,2460000.0,9.18,180
LN-HM-00221,RET-00221,Home Loan,1150000.0,8.5,180
LN-HM-00222,RET-00222,Home Loan,3140000.0,8.9,240
LN-HM-00223,RET-00223,Home Loan,2960000.0,8.84,120
LN-HM-00224,RET-00224,Personal Loan,2620000.0,12.03,36
LN-HM-00225,RET-00225,Home Loan,3100000.0,9.17,180
LN-HM-00226,RET-00226,Home Loan,6220000.0,9.11,300
LN-HM-00227,RET-00227,Personal Loan,320000.0,13.99,36
LN-HM-00228,RET-00228,Home Loan,5360000.0,8.57,120
LN-HM-00229,RET-00229,Personal Loan,600000.0,11.17,12
LN-HM-00230,RET-00230,Home Loan,5370000.0,9.18,120
LN-HM-00231,RET-00231,Home Loan,5640000.0,8.82,240
LN-HM-00232,RET-00232,Vehicle Loan,1520000.0,10.23,48
LN-HM-00233,RET-00233,Home Loan,10550000.0,8.89,120
LN-HM-00234,RET-00234,Home Loan,2170000.0,9.02,180
LN-HM-00235,RET-00235,Personal Loan,990000.0,13.85,48
LN-HM-00236,RET-00236,Home Loan,8530000.0,8.65,180
LN-HM-00237,RET-00237,Personal Loan,600000.0,11.12,60
LN-HM-00238,RET-00238,Home Loan,10710000.0,8.92,120
LN-HM-00239,RET-00239,Home Loan,3210000.0,8.74,120
LN-HM-00240,RET-00240,Personal Loan,900000.0,13.17,48
LN-HM-00241,RET-00241,Home Loan,4350000.0,9.21,240
LN-HM-00242,RET-00242,Home Loan,1740000.0,9.25,120
LN-HM-00243,RET-00243,Home Loan,5450000.0,8.61,120
LN-HM-00244,RET-00244,Home Loan,4520000.0,9.34,120
LN-HM-00245,RET-00245,Home Loan,3600000.0,9.39,240
LN-HM-00246,RET-00246,Personal Loan,2190000.0,12.04,24
LN-HM-00247,RET-00247,Home Loan,2560000.0,8.7,180
LN-HM-00248,RET-00248,Personal Loan,270000.0,11.85,60
LN-HM-00249,RET-00249,Vehicle Loan,3170000.0,10.73,60
LN-HM-00250,RET-00250,Home Loan,8030000.0,8.68,120
LN-HM-00251,RET-00251,Home Loan,4490000.0,8.99,180
LN-HM-00252,RET-00252,Home Loan,2440000.0,8.91,180
LN-HM-00253,RET-00253,Home Loan,3240000.0,8.87,180
LN-HM-00254,RET-00254,Home Loan,1890000.0,8.79,120
LN-HM-00255,RET-00255,Personal Loan,530000.0,13.98,24
LN-HM-00256,RET-00256,Personal Loan,270000.0,13.32,60
LN-HM-00257,RET-00257,Home Loan,2950000.0,8.73,120
LN-HM-00258,RET-00258,Vehicle Loan,1270000.0,9.55,84
LN-HM-00259,RET-00259,Home Loan,1950000.0,8.94,300
LN-HM-00260,RET-00260,Vehicle Loan,1510000.0,10.55,48
LN-HM-00261,RET-00261,Home Loan,3130000.0,9.23,300
LN-HM-00262,RET-00262,Home Loan,3850000.0,9.15,180
LN-HM-00263,RET-00263,Vehicle Loan,740000.0,10.0,84
LN-HM-00264,RET-00264,Home Loan,5910000.0,9.43,120
LN-HM-00265,RET-00265,Vehicle Loan,870000.0,10.2,60
LN-HM-00266,RET-00266,Vehicle Loan,360000.0,10.06,60
LN-HM-00267,RET-00267,Personal Loan,420000.0,12.32,36
LN-HM-00268,RET-00268,Personal Loan,290000.0,12.4,60
LN-HM-00269,RET-00269,Home Loan,1230000.0,8.81,300
LN-HM-00270,RET-00270,Vehicle Loan,3500000.0,10.34,72
LN-HM-00271,RET-00271,Vehicle Loan,770000.0,10.13,60
LN-HM-00272,RET-00272,Vehicle Loan,1770000.0,9.75,48
LN-HM-00273,RET-00273,Home Loan,5060000.0,9.26,240
LN-HM-00274,RET-00274,Home Loan,4150000.0,8.55,120
LN-HM-00275,RET-00275,Home Loan,18680000.0,9.28,300
LN-HM-00276,RET-00276,Home Loan,24280000.0,9.42,120
LN-HM-00277,RET-00277,Home Loan,8070000.0,8.7,240
LN-HM-00278,RET-00278,Vehicle Loan,470000.0,10.29,36
LN-HM-00279,RET-00279,Home Loan,6200000.0,8.73,180
LN-HM-00280,RET-00280,Home Loan,1290000.0,9.46,120
LN-HM-00281,RET-00281,Vehicle Loan,2460000.0,10.77,36
LN-HM-00282,RET-00282,Personal Loan,150000.0,12.89,48
LN-HM-00283,RET-00283,Personal Loan,650000.0,12.81,24
LN-HM-00284,RET-00284,Vehicle Loan,2580000.0,9.14,84
LN-HM-00285,RET-00285,Home Loan,4830000.0,8.62,300
LN-HM-00286,RET-00286,Vehicle Loan,370000.0,10.99,36
LN-HM-00287,RET-00287,Vehicle Loan,1350000.0,9.63,36
LN-HM-00288,RET-00288,Home Loan,5440000.0,9.44,120
LN-HM-00289,RET-00289,Personal Loan,1220000.0,11.1,12
LN-HM-00290,RET-00290,Home Loan,2470000.0,9.17,300
LN-HM-00291,RET-00291,Personal Loan,830000.0,13.95,12
LN-HM-00292,RET-00292,Home Loan,7030000.0,9.09,300
LN-HM-00293,RET-00293,Home Loan,3840000.0,8.88,240
LN-HM-00294,RET-00294,Home Loan,7570000.0,8.62,180
LN-HM-00295,RET-00295,Vehicle Loan,1100000.0,10.82,60
LN-HM-00296,RET-00296,Personal Loan,660000.0,11.64,12
LN-HM-00297,RET-00297,Personal Loan,2400000.0,13.85,24
LN-HM-00298,RET-00298,Personal Loan,860000.0,12.53,24
LN-HM-00299,RET-00299,Home Loan,2100000.0,9.19,180
LN-HM-00300,RET-00300,Personal Loan,550000.0,12.64,60
LN-HM-00301,RET-00301,Personal Loan,3160000.0,12.87,48
LN-HM-00302,RET-00302,Vehicle Loan,1120000.0,9.9,48
LN-HM-00303,RET-00303,Personal Loan,590000.0,13.04,24
LN-HM-00304,RET-00304,Personal Loan,820000.0,11.72,36
LN-HM-00305,RET-00305,Home Loan,6880000.0,8.78,180
LN-HM-00306,RET-00306,Vehicle Loan,2870000.0,10.13,48
LN-HM-00307,RET-00307,Personal Loan,1010000.0,12.3,60
LN-HM-00308,RET-00308,Home Loan,16530000.0,8.85,240
LN-HM-00309,RET-00309,Personal Loan,650000.0,11.35,24
LN-HM-00310,RET-00310,Home Loan,2520000.0,9.23,120
LN-HM-00311,RET-00311,Home Loan,3320000.0,9.37,120
LN-HM-00312,RET-00312,Home Loan,1640000.0,8.74,120
LN-HM-00313,RET-00313,Home Loan,4240000.0,9.02,300
LN-HM-00314,RET-00314,Personal Loan,430000.0,12.96,48
LN-HM-00315,RET-00315,Home Loan,990000.0,9.05,240
LN-HM-00316,RET-00316,Vehicle Loan,440000.0,9.64,48
LN-HM-00317,RET-00317,Vehicle Loan,1080000.0,9.82,48
LN-HM-00318,RET-00318,Home Loan,3460000.0,8.61,240
LN-HM-00319,RET-00319,Personal Loan,420000.0,13.26,36
LN-HM-00320,RET-00320,Home Loan,2870000.0,8.97,120
LN-HM-00321,RET-00321,Home Loan,3070000.0,8.69,180
LN-HM-00322,RET-00322,Personal Loan,870000.0,11.76,12
LN-HM-00323,RET-00323,Home Loan,1280000.0,8.81,180
LN-HM-00324,RET-00324,Home Loan,2960000.0,8.54,300
LN-HM-00325,RET-00325,Home Loan,2210000.0,9.48,240
LN-HM-00326,RET-00326,Home Loan,7570000.0,9.46,300
LN-HM-00327,RET-00327,Vehicle Loan,450000.0,10.98,48
LN-HM-00328,RET-00328,Personal Loan,1060000.0,11.61,48
LN-HM-00329,RET-00329,Personal Loan,350000.0,11.09,36
LN-HM-00330,RET-00330,Home Loan,2820000.0,9.01,120
LN-HM-00331,RET-00331,Vehicle Loan,680000.0,9.11,36
LN-HM-00332,RET-00332,Vehicle Loan,640000.0,10.46,84
LN-HM-00333,RET-00333,Vehicle Loan,1040000.0,9.09,48
LN-HM-00334,RET-00334,Home Loan,1690000.0,9.31,240
LN-HM-00335,RET-00335,Home Loan,9920000.0,8.91,240
LN-HM-00336,RET-00336,Vehicle Loan,1750000.0,9.83,72
LN-HM-00337,RET-00337,Personal Loan,1750000.0,12.79,36
LN-HM-00338,RET-00338,Home Loan,6440000.0,8.82,120
LN-HM-00339,RET-00339,Home Loan,3630000.0,9.4,240
LN-HM-00340,RET-00340,Home Loan,6830000.0,8.7,300
LN-HM-00341,RET-00341,Home Loan,3540000.0,9.31,120
LN-HM-00342,RET-00342,Personal Loan,3900000.0,12.6,12
LN-HM-00343,RET-00343,Home Loan,1490000.0,9.02,300
LN-HM-00344,RET-00344,Personal Loan,490000.0,13.85,24
LN-HM-00345,RET-00345,Personal Loan,210000.0,13.22,60
LN-HM-00346,RET-00346,Home Loan,1920000.0,9.09,240
LN-HM-00347,RET-00347,Home Loan,1470000.0,8.85,240
LN-HM-00348,RET-00348,Personal Loan,1240000.0,11.7,36
LN-HM-00349,RET-00349,Home Loan,7180000.0,8.75,300
LN-HM-00350,RET-00350,Vehicle Loan,1390000.0,10.94,72
LN-HM-00351,RET-00351,Home Loan,1740000.0,8.89,240
LN-HM-00352,RET-00352,Home Loan,2900000.0,8.55,180
LN-HM-00353,RET-00353,Home Loan,6910000.0,8.79,300
LN-HM-00354,RET-00354,Home Loan,2940000.0,9.02,120
LN-HM-00355,RET-00355,Personal Loan,390000.0,12.32,36
LN-HM-00356,RET-00356,Home Loan,1510000.0,9.37,180
LN-HM-00357,RET-00357,Home Loan,2500000.0,9.13,120
LN-HM-00358,RET-00358,Personal Loan,270000.0,11.78,24
LN-HM-00359,RET-00359,Home Loan,3200000.0,9.31,300
LN-HM-00360,RET-00360,Vehicle Loan,1050000.0,10.38,72
LN-HM-00361,RET-00361,Home Loan,2350000.0,9.17,300
LN-HM-00362,RET-00362,Personal Loan,860000.0,13.4,12
LN-HM-00363,RET-00363,Home Loan,4950000.0,9.38,240
LN-HM-00364,RET-00364,Personal Loan,310000.0,11.89,12
LN-HM-00365,RET-00365,Home Loan,10490000.0,9.47,240
LN-HM-00366,RET-00366,Home Loan,2460000.0,8.86,300
LN-HM-00367,RET-00367,Personal Loan,820000.0,11.27,60
LN-HM-00368,RET-00368,Vehicle Loan,590000.0,10.34,84
LN-HM-00369,RET-00369,Vehicle Loan,980000.0,9.33,60
LN-HM-00370,RET-00370,Home Loan,2440000.0,8.62,180
LN-HM-00371,RET-00371,Home Loan,9500000.0,9.47,300
LN-HM-00372,RET-00372,Home Loan,3790000.0,9.26,240
LN-HM-00373,RET-00373,Vehicle Loan,2240000.0,9.6,48
LN-HM-00374,RET-00374,Vehicle Loan,960000.0,9.89,84
LN-HM-00375,RET-00375,Home Loan,9670000.0,8.67,180
LN-HM-00376,RET-00376,Home Loan,1270000.0,9.38,120
LN-HM-00377,RET-00377,Personal Loan,960000.0,13.72,60
LN-HM-00378,RET-00378,Home Loan,1300000.0,9.45,180
LN-HM-00379,RET-00379,Personal Loan,740000.0,13.54,12
LN-HM-00380,RET-00380,Home Loan,5530000.0,8.64,300
LN-HM-00381,RET-00381,Home Loan,5640000.0,8.93,120
LN-HM-00382,RET-00382,Personal Loan,1150000.0,11.79,12
LN-HM-00383,RET-00383,Vehicle Loan,1160000.0,10.93,36
LN-HM-00384,RET-00384,Home Loan,3760000.0,8.75,120
LN-HM-00385,RET-00385,Home Loan,11190000.0,9.49,240
LN-HM-00386,RET-00386,Personal Loan,950000.0,13.25,12
LN-HM-00387,RET-00387,Personal Loan,1140000.0,13.14,24
LN-HM-00388,RET-00388,Vehicle Loan,900000.0,9.06,72
LN-HM-00389,RET-00389,Personal Loan,1640000.0,12.87,24
LN-HM-00390,RET-00390,Home Loan,4000000.0,9.28,300
LN-HM-00391,RET-00391,Home Loan,1640000.0,8.7,120
LN-HM-00392,RET-00392,Personal Loan,1030000.0,11.9,48
LN-HM-00393,RET-00393,Vehicle Loan,2280000.0,10.4,84
LN-HM-00394,RET-00394,Vehicle Loan,1990000.0,9.52,84
LN-HM-00395,RET-00395,Personal Loan,860000.0,12.33,48
LN-HM-00396,RET-00396,Home Loan,8490000.0,9.26,300
LN-HM-00397,RET-00397,Personal Loan,230000.0,11.79,60
LN-HM-00398,RET-00398,Home Loan,3450000.0,8.77,240
LN-HM-00399,RET-00399,Home Loan,2680000.0,9.08,240
LN-HM-00400,RET-00400,Home Loan,8760000.0,9.13,240
LN-HM-00401,RET-00401,Personal Loan,470000.0,12.64,48
LN-HM-00402,RET-00402,Vehicle Loan,1490000.0,9.9,36
LN-HM-00403,RET-00403,Vehicle Loan,650000.0,10.41,48
LN-HM-00404,RET-00404,Personal Loan,970000.0,12.54,24
LN-HM-00405,RET-00405,Personal Loan,1280000.0,12.81,12
LN-HM-00406,RET-00406,Personal Loan,410000.0,12.92,48
LN-HM-00407,RET-00407,Home Loan,5470000.0,9.05,180
LN-HM-00408,RET-00408,Personal Loan,530000.0,13.52,60
LN-HM-00409,RET-00409,Home Loan,1540000.0,8.85,300
LN-HM-00410,RET-00410,Personal Loan,840000.0,13.47,12
LN-HM-00411,RET-00411,Personal Loan,2030000.0,11.39,24
LN-HM-00412,RET-00412,Personal Loan,1390000.0,12.25,24
LN-HM-00413,RET-00413,Vehicle Loan,430000.0,9.24,60
LN-HM-00414,RET-00414,Home Loan,1510000.0,9.14,300
LN-HM-00415,RET-00415,Vehicle Loan,1460000.0,10.07,72
LN-HM-00416,RET-00416,Personal Loan,1600000.0,11.61,48
LN-HM-00417,RET-00417,Home Loan,3850000.0,9.29,120
LN-HM-00418,RET-00418,Vehicle Loan,900000.0,9.63,48
LN-HM-00419,RET-00419,Personal Loan,1210000.0,13.96,12
LN-HM-00420,RET-00420,Home Loan,3020000.0,9.26,180
LN-HM-00421,RET-00421,Home Loan,1790000.0,8.62,120
LN-HM-00422,RET-00422,Home Loan,9550000.0,8.92,180
LN-HM-00423,RET-00423,Home Loan,3590000.0,8.5,120
LN-HM-00424,RET-00424,Home Loan,2610000.0,9.34,300
LN-HM-00425,RET-00425,Home Loan,2990000.0,8.54,180
LN-HM-00426,RET-00426,Personal Loan,780000.0,12.35,60
LN-HM-00427,RET-00427,Home Loan,3510000.0,9.32,180
LN-HM-00428,RET-00428,Personal Loan,1080000.0,13.66,60
LN-HM-00429,RET-00429,Home Loan,2090000.0,8.72,300
LN-HM-00430,RET-00430,Home Loan,6980000.0,9.25,180
LN-HM-00431,RET-00431,Personal Loan,570000.0,13.4,12
LN-HM-00432,RET-00432,Personal Loan,350000.0,11.13,36
LN-HM-00433,RET-00433,Personal Loan,370000.0,11.36,24
LN-HM-00434,RET-00434,Personal Loan,350000.0,13.94,24
LN-HM-00435,RET-00435,Home Loan,1250000.0,9.38,300
LN-HM-00436,RET-00436,Personal Loan,970000.0,13.18,48
LN-HM-00437,RET-00437,Home Loan,7740000.0,8.57,300
LN-HM-00438,RET-00438,Vehicle Loan,1360000.0,10.77,84
LN-HM-00439,RET-00439,Home Loan,4970000.0,8.63,300
LN-HM-00440,RET-00440,Home Loan,3380000.0,8.72,240
LN-HM-00441,RET-00441,Personal Loan,650000.0,11.6,12
LN-HM-00442,RET-00442,Home Loan,2010000.0,9.14,180
LN-HM-00443,RET-00443,Personal Loan,350000.0,11.64,12
LN-HM-00444,RET-00444,Home Loan,3950000.0,8.8,300
LN-HM-00445,RET-00445,Home Loan,3890000.0,9.28,180
LN-HM-00446,RET-00446,Personal Loan,490000.0,12.08,48
LN-HM-00447,RET-00447,Vehicle Loan,490000.0,9.28,72
LN-HM-00448,RET-00448,Home Loan,4790000.0,8.79,120
LN-HM-00449,RET-00449,Home Loan,2200000.0,9.34,240
LN-HM-00450,RET-00450,Vehicle Loan,1550000.0,9.19,48
LN-HM-00451,RET-00451,Personal Loan,220000.0,13.87,12
LN-HM-00452,RET-00452,Home Loan,4570000.0,8.91,300
LN-HM-00453,RET-00453,Home Loan,2930000.0,9.42,300
LN-HM-00454,RET-00454,Vehicle Loan,480000.0,10.72,84
LN-HM-00455,RET-00455,Vehicle Loan,2650000.0,10.15,48
LN-HM-00456,RET-00456,Vehicle Loan,1040000.0,9.85,60
LN-HM-00457,RET-00457,Home Loan,1980000.0,8.83,300
LN-HM-00458,RET-00458,Vehicle Loan,1690000.0,9.3,36
LN-HM-00459,RET-00459,Vehicle Loan,1070000.0,10.68,84
LN-HM-00460,RET-00460,Vehicle Loan,1050000.0,10.24,72
LN-HM-00461,RET-00461,Home Loan,1370000.0,8.71,300
LN-HM-00462,RET-00462,Home Loan,3090000.0,8.62,120
LN-HM-00463,RET-00463,Personal Loan,290000.0,13.93,60
LN-HM-00464,RET-00464,Vehicle Loan,960000.0,10.94,72
LN-HM-00465,RET-00465,Personal Loan,1840000.0,11.43,60
LN-HM-00466,RET-00466,Home Loan,1790000.0,9.47,120
LN-HM-00467,RET-00467,Vehicle Loan,940000.0,9.45,72
LN-HM-00468,RET-00468,Home Loan,1260000.0,9.14,300
LN-HM-00469,RET-00469,Personal Loan,510000.0,12.56,12
LN-HM-00470,RET-00470,Personal Loan,1260000.0,13.74,60
LN-HM-00471,RET-00471,Personal Loan,530000.0,13.53,24
LN-HM-00472,RET-00472,Home Loan,2610000.0,9.45,300
LN-HM-00473,RET-00473,Personal Loan,320000.0,12.36,60
LN-HM-00474,RET-00474,Home Loan,1460000.0,9.31,300
LN-HM-00475,RET-00475,Home Loan,4800000.0,8.83,180
LN-HM-00476,RET-00476,Personal Loan,1650000.0,11.78,24
LN-HM-00477,RET-00477,Personal Loan,610000.0,12.73,12
LN-HM-00478,RET-00478,Personal Loan,1170000.0,12.86,12
LN-HM-00479,RET-00479,Vehicle Loan,670000.0,10.13,84
LN-HM-00480,RET-00480,Home Loan,9320000.0,9.07,300
LN-HM-00481,RET-00481,Home Loan,2420000.0,8.88,120
LN-HM-00482,RET-00482,Home Loan,3380000.0,9.46,240
LN-HM-00483,RET-00483,Personal Loan,430000.0,11.06,24
LN-HM-00484,RET-00484,Home Loan,2380000.0,9.24,180
LN-HM-00485,RET-00485,Personal Loan,1100000.0,13.22,36
LN-HM-00486,RET-00486,Personal Loan,370000.0,13.51,24
LN-HM-00487,RET-00487,Home Loan,3610000.0,9.07,300
LN-HM-00488,RET-00488,Home Loan,2220000.0,8.52,120
LN-HM-00489,RET-00489,Home Loan,2190000.0,9.42,180
LN-HM-00490,RET-00490,Vehicle Loan,820000.0,9.15,48
LN-HM-00491,RET-00491,Personal Loan,980000.0,12.32,24
LN-HM-00492,RET-00492,Home Loan,2130000.0,8.78,120
LN-HM-00493,RET-00493,Home Loan,6100000.0,8.56,180
LN-HM-00494,RET-00494,Home Loan,7870000.0,9.35,300
LN-HM-00495,RET-00495,Vehicle Loan,650000.0,9.41,72
LN-HM-00496,RET-00496,Home Loan,1400000.0,9.47,300
LN-HM-00497,RET-00497,Home Loan,1830000.0,9.13,120
LN-HM-00498,RET-00498,Vehicle Loan,2270000.0,10.42,36
LN-HM-00499,RET-00499,Vehicle Loan,700000.0,10.38,72
LN-HM-00500,RET-00500,Personal Loan,1800000.0,11.2,12
LN-HM-00501,RET-00501,Personal Loan,490000.0,11.49,24
LN-HM-00502,RET-00502,Personal Loan,1090000.0,11.3,48
LN-HM-00503,RET-00503,Vehicle Loan,5140000.0,10.63,48
LN-HM-00504,RET-00504,Home Loan,7690000.0,8.57,240
LN-HM-00505,RET-00505,Vehicle Loan,480000.0,9.9,36
LN-HM-00506,RET-00506,Home Loan,1200000.0,8.95,240
LN-HM-00507,RET-00507,Home Loan,2550000.0,8.95,120
LN-HM-00508,RET-00508,Personal Loan,1730000.0,13.51,36
LN-HM-00509,RET-00509,Home Loan,3860000.0,9.28,180
LN-HM-00510,RET-00510,Personal Loan,310000.0,13.01,48
LN-HM-00511,RET-00511,Personal Loan,440000.0,13.7,60
LN-HM-00512,RET-00512,Vehicle Loan,1550000.0,10.59,84
LN-HM-00513,RET-00513,Personal Loan,2590000.0,13.56,12
LN-HM-00514,RET-00514,Home Loan,2770000.0,9.26,180
LN-HM-00515,RET-00515,Home Loan,4850000.0,9.14,240
LN-HM-00516,RET-00516,Personal Loan,2690000.0,12.42,12
LN-HM-00517,RET-00517,Home Loan,2600000.0,9.49,300
LN-HM-00518,RET-00518,Home Loan,2960000.0,8.59,120
LN-HM-00519,RET-00519,Home Loan,4680000.0,9.37,120
LN-HM-00520,RET-00520,Home Loan,3160000.0,8.94,180
LN-HM-00521,RET-00521,Home Loan,5300000.0,8.99,180
LN-HM-00522,RET-00522,Vehicle Loan,960000.0,9.87,84
LN-HM-00523,RET-00523,Home Loan,3510000.0,9.24,240
LN-HM-00524,RET-00524,Personal Loan,440000.0,12.41,36
LN-HM-00525,RET-00525,Home Loan,3000000.0,8.6,240
LN-HM-00526,RET-00526,Home Loan,2070000.0,8.84,120
LN-HM-00527,RET-00527,Home Loan,3980000.0,8.88,180
LN-HM-00528,RET-00528,Home Loan,1190000.0,9.47,300
LN-HM-00529,RET-00529,Home Loan,6730000.0,9.33,240
LN-HM-00530,RET-00530,Personal Loan,280000.0,11.42,48
LN-HM-00531,RET-00531,Home Loan,7730000.0,9.3,120
LN-HM-00532,RET-00532,Home Loan,9590000.0,8.77,300
LN-HM-00533,RET-00533,Home Loan,5400000.0,9.28,300
LN-HM-00534,RET-00534,Home Loan,1600000.0,8.97,180
LN-HM-00535,RET-00535,Personal Loan,370000.0,13.33,12
LN-HM-00536,RET-00536,Home Loan,2220000.0,8.71,240
LN-HM-00537,RET-00537,Home Loan,2690000.0,9.05,180
LN-HM-00538,RET-00538,Home Loan,7310000.0,8.91,120
LN-HM-00539,RET-00539,Personal Loan,460000.0,13.79,60
LN-HM-00540,RET-00540,Personal Loan,700000.0,13.99,48
LN-HM-00541,RET-00541,Personal Loan,340000.0,13.49,24
LN-HM-00542,RET-00542,Home Loan,1710000.0,9.26,120
LN-HM-00543,RET-00543,Vehicle Loan,1120000.0,10.52,72
LN-HM-00544,RET-00544,Personal Loan,360000.0,12.74,24
LN-HM-00545,RET-00545,Home Loan,2490000.0,8.57,240
LN-HM-00546,RET-00546,Personal Loan,1280000.0,11.56,12
LN-HM-00547,RET-00547,Vehicle Loan,450000.0,9.58,84
LN-HM-00548,RET-00548,Home Loan,1800000.0,9.32,120
LN-HM-00549,RET-00549,Home Loan,2580000.0,8.89,120
LN-HM-00550,RET-00550,Personal Loan,1080000.0,12.34,36
LN-HM-00551,RET-00551,Personal Loan,770000.0,12.33,12
LN-HM-00552,RET-00552,Home Loan,2110000.0,8.65,300
LN-HM-00553,RET-00553,Home Loan,8610000.0,9.4,240
LN-HM-00554,RET-00554,Home Loan,2620000.0,8.92,180
LN-HM-00555,RET-00555,Personal Loan,300000.0,13.59,36
LN-HM-00556,RET-00556,Personal Loan,450000.0,11.18,36
LN-HM-00557,RET-00557,Personal Loan,1470000.0,11.13,36
LN-HM-00558,RET-00558,Home Loan,2190000.0,9.44,240
LN-HM-00559,RET-00559,Personal Loan,820000.0,11.14,60
LN-HM-00560,RET-00560,Home Loan,1740000.0,8.53,120
LN-HM-00561,RET-00561,Personal Loan,690000.0,13.38,24
LN-HM-00562,RET-00562,Vehicle Loan,2100000.0,10.66,48
LN-HM-00563,RET-00563,Vehicle Loan,1750000.0,9.97,60
LN-HM-00564,RET-00564,Home Loan,1620000.0,9.3,120
LN-HM-00565,RET-00565,Personal Loan,400000.0,13.97,24
LN-HM-00566,RET-00566,Home Loan,5250000.0,9.39,180
LN-HM-00567,RET-00567,Vehicle Loan,1460000.0,9.35,60
LN-HM-00568,RET-00568,Home Loan,4080000.0,9.17,120
LN-HM-00569,RET-00569,Home Loan,2750000.0,9.03,180
LN-HM-00570,RET-00570,Personal Loan,820000.0,13.84,12
LN-HM-00571,RET-00571,Home Loan,5200000.0,8.75,300
LN-HM-00572,RET-00572,Home Loan,2740000.0,8.59,240
LN-HM-00573,RET-00573,Home Loan,3920000.0,8.72,300
LN-HM-00574,RET-00574,Personal Loan,480000.0,13.62,60
LN-HM-00575,RET-00575,Personal Loan,2310000.0,11.19,48
LN-HM-00576,RET-00576,Personal Loan,410000.0,12.2,60
LN-HM-00577,RET-00577,Home Loan,4130000.0,8.86,180
LN-HM-00578,RET-00578,Vehicle Loan,1250000.0,10.61,48
LN-HM-00579,RET-00579,Personal Loan,400000.0,12.51,60
LN-HM-00580,RET-00580,Personal Loan,1520000.0,11.12,24
LN-HM-00581,RET-00581,Home Loan,5870000.0,8.8,180
LN-HM-00582,RET-00582,Vehicle Loan,730000.0,10.38,60
LN-HM-00583,RET-00583,Home Loan,11570000.0,9.29,120
LN-HM-00584,RET-00584,Vehicle Loan,1480000.0,10.13,48
LN-HM-00585,RET-00585,Vehicle Loan,670000.0,10.28,84
LN-HM-00586,RET-00586,Personal Loan,270000.0,12.87,36
LN-HM-00587,RET-00587,Vehicle Loan,900000.0,9.59,48
LN-HM-00588,RET-00588,Personal Loan,1670000.0,12.35,60
LN-HM-00589,RET-00589,Home Loan,3240000.0,9.31,180
LN-HM-00590,RET-00590,Personal Loan,1680000.0,11.1,60
LN-HM-00591,RET-00591,Home Loan,1990000.0,8.95,300
LN-HM-00592,RET-00592,Personal Loan,580000.0,11.78,48
LN-HM-00593,RET-00593,Home Loan,2310000.0,9.18,240
LN-HM-00594,RET-00594,Personal Loan,880000.0,13.95,12
LN-HM-00595,RET-00595,Home Loan,4240000.0,9.31,180
LN-HM-00596,RET-00596,Vehicle Loan,3360000.0,9.85,84
LN-HM-00597,RET-00597,Personal Loan,1580000.0,11.26,24
LN-HM-00598,RET-00598,Personal Loan,1590000.0,11.35,60
LN-HM-00599,RET-00599,Personal Loan,880000.0,12.3,24
LN-HM-00600,RET-00600,Home Loan,2470000.0,8.93,180
LN-HM-00601,RET-00601,Vehicle Loan,1620000.0,9.08,72
LN-HM-00602,RET-00602,Home Loan,3560000.0,8.5,300
LN-HM-00603,RET-00603,Home Loan,2760000.0,8.62,240
LN-HM-00604,RET-00604,Personal Loan,240000.0,13.17,48
LN-HM-00605,RET-00605,Home Loan,2910000.0,9.39,120
LN-HM-00606,RET-00606,Vehicle Loan,1920000.0,9.31,60
LN-HM-00607,RET-00607,Personal Loan,830000.0,11.39,24
LN-HM-00608,RET-00608,Home Loan,2490000.0,8.78,120
LN-HM-00609,RET-00609,Vehicle Loan,890000.0,9.43,36
LN-HM-00610,RET-00610,Home Loan,1600000.0,9.35,240
LN-HM-00611,RET-00611,Home Loan,2540000.0,8.51,180
LN-HM-00612,RET-00612,Home Loan,2490000.0,8.86,300
LN-HM-00613,RET-00613,Home Loan,2460000.0,8.64,120
LN-HM-00614,RET-00614,Home Loan,1600000.0,8.82,120
LN-HM-00615,RET-00615,Home Loan,2850000.0,9.44,300
LN-HM-00616,RET-00616,Vehicle Loan,1770000.0,9.82,72
LN-HM-00617,RET-00617,Personal Loan,1880000.0,12.14,36
LN-HM-00618,RET-00618,Personal Loan,380000.0,13.34,24
LN-HM-00619,RET-00619,Home Loan,10360000.0,8.6,300
LN-HM-00620,RET-00620,Personal Loan,820000.0,13.49,12
LN-HM-00621,RET-00621,Home Loan,1120000.0,9.23,120
LN-HM-00622,RET-00622,Home Loan,2830000.0,8.52,300
LN-HM-00623,RET-00623,Home Loan,1430000.0,9.11,120
LN-HM-00624,RET-00624,Personal Loan,400000.0,11.66,60
LN-HM-00625,RET-00625,Personal Loan,1330000.0,13.25,24
LN-HM-00626,RET-00626,Home Loan,1460000.0,8.86,180
LN-HM-00627,RET-00627,Vehicle Loan,1760000.0,9.5,48
LN-HM-00628,RET-00628,Personal Loan,720000.0,12.17,48
LN-HM-00629,RET-00629,Personal Loan,580000.0,11.27,24
LN-HM-00630,RET-00630,Home Loan,5050000.0,9.28,300
LN-HM-00631,RET-00631,Home Loan,1220000.0,8.67,180
LN-HM-00632,RET-00632,Home Loan,8670000.0,9.33,180
LN-HM-00633,RET-00633,Home Loan,4020000.0,8.92,120
LN-HM-00634,RET-00634,Vehicle Loan,1010000.0,9.76,36
LN-HM-00635,RET-00635,Personal Loan,500000.0,13.33,12
LN-HM-00636,RET-00636,Vehicle Loan,780000.0,9.46,84
LN-HM-00637,RET-00637,Personal Loan,1180000.0,12.34,24
LN-HM-00638,RET-00638,Home Loan,2180000.0,9.18,300
LN-HM-00639,RET-00639,Home Loan,6450000.0,9.3,180
LN-HM-00640,RET-00640,Personal Loan,390000.0,11.18,60
LN-HM-00641,RET-00641,Vehicle Loan,570000.0,10.45,84
LN-HM-00642,RET-00642,Vehicle Loan,1600000.0,9.16,84
LN-HM-00643,RET-00643,Personal Loan,720000.0,12.69,36
LN-HM-00644,RET-00644,Home Loan,960000.0,9.12,240
LN-HM-00645,RET-00645,Vehicle Loan,1550000.0,9.68,72
LN-HM-00646,RET-00646,Home Loan,2480000.0,8.69,180
LN-HM-00647,RET-00647,Personal Loan,670000.0,11.86,60
LN-HM-00648,RET-00648,Home Loan,1370000.0,8.6,240
LN-HM-00649,RET-00649,Personal Loan,520000.0,11.24,12
LN-HM-00650,RET-00650,Home Loan,8400000.0,8.85,240
LN-HM-00651,RET-00651,Personal Loan,1730000.0,11.7,36
LN-HM-00652,RET-00652,Home Loan,2650000.0,9.14,300
LN-HM-00653,RET-00653,Home Loan,4170000.0,8.87,240
LN-HM-00654,RET-00654,Home Loan,3890000.0,8.58,180
LN-HM-00655,RET-00655,Home Loan,3950000.0,9.27,120
LN-HM-00656,RET-00656,Home Loan,1770000.0,9.14,180
LN-HM-00657,RET-00657,Personal Loan,1080000.0,12.7,36
LN-HM-00658,RET-00658,Home Loan,4390000.0,9.24,120
LN-HM-00659,RET-00659,Personal Loan,1120000.0,12.15,60
LN-HM-00660,RET-00660,Personal Loan,580000.0,11.34,24
LN-HM-00661,RET-00661,Vehicle Loan,1480000.0,10.88,72
LN-HM-00662,RET-00662,Personal Loan,610000.0,11.41,12
LN-HM-00663,RET-00663,Personal Loan,1320000.0,13.85,60
LN-HM-00664,RET-00664,Personal Loan,2420000.0,12.07,12
LN-HM-00665,RET-00665,Home Loan,1490000.0,8.51,120
LN-HM-00666,RET-00666,Vehicle Loan,1500000.0,10.27,72
LN-HM-00667,RET-00667,Personal Loan,3070000.0,13.12,12
LN-HM-00668,RET-00668,Home Loan,5570000.0,8.94,180
LN-HM-00669,RET-00669,Personal Loan,1210000.0,12.13,48
LN-HM-00670,RET-00670,Home Loan,2560000.0,8.57,120
LN-HM-00671,RET-00671,Vehicle Loan,1020000.0,9.64,72
LN-HM-00672,RET-00672,Home Loan,3700000.0,8.73,240
LN-HM-00673,RET-00673,Home Loan,2110000.0,9.41,240
LN-HM-00674,RET-00674,Home Loan,1160000.0,8.5,300
LN-HM-00675,RET-00675,Vehicle Loan,900000.0,10.05,60
LN-HM-00676,RET-00676,Personal Loan,1660000.0,13.42,24
LN-HM-00677,RET-00677,Home Loan,1370000.0,9.46,180
LN-HM-00678,RET-00678,Personal Loan,470000.0,13.78,48
LN-HM-00679,RET-00679,Vehicle Loan,940000.0,9.55,72
LN-HM-00680,RET-00680,Vehicle Loan,770000.0,9.88,84
LN-HM-00681,RET-00681,Personal Loan,540000.0,12.86,48
LN-HM-00682,RET-00682,Vehicle Loan,1670000.0,10.28,48
LN-HM-00683,RET-00683,Vehicle Loan,1100000.0,10.86,60
LN-HM-00684,RET-00684,Home Loan,6900000.0,9.48,240
LN-HM-00685,RET-00685,Personal Loan,1210000.0,12.94,48
LN-HM-00686,RET-00686,Home Loan,5930000.0,8.62,240
LN-HM-00687,RET-00687,Personal Loan,440000.0,12.05,60
LN-HM-00688,RET-00688,Home Loan,3570000.0,9.43,300
LN-HM-00689,RET-00689,Home Loan,2750000.0,9.15,180
LN-HM-00690,RET-00690,Personal Loan,860000.0,12.22,48
LN-HM-00691,RET-00691,Vehicle Loan,1000000.0,9.37,84
LN-HM-00692,RET-00692,Home Loan,2590000.0,8.9,240
LN-HM-00693,RET-00693,Vehicle Loan,3800000.0,9.13,48
LN-HM-00694,RET-00694,Personal Loan,440000.0,11.37,48
LN-HM-00695,RET-00695,Home Loan,4500000.0,9.17,180
LN-HM-00696,RET-00696,Home Loan,3290000.0,9.39,180
LN-HM-00697,RET-00697,Personal Loan,700000.0,12.73,12
LN-HM-00698,RET-00698,Home Loan,2070000.0,9.38,300
LN-HM-00699,RET-00699,Home Loan,2480000.0,8.93,300
LN-HM-00700,RET-00700,Home Loan,2470000.0,9.43,120
LN-HM-00701,RET-00701,Home Loan,4780000.0,9.47,120
LN-HM-00702,RET-00702,Personal Loan,1070000.0,13.42,48
LN-HM-00703,RET-00703,Personal Loan,290000.0,11.45,60
LN-HM-00704,RET-00704,Home Loan,1240000.0,9.07,300
LN-HM-00705,RET-00705,Personal Loan,1370000.0,11.35,48
LN-HM-00706,RET-00706,Vehicle Loan,1350000.0,9.67,60
LN-HM-00707,RET-00707,Vehicle Loan,460000.0,10.54,36
LN-HM-00708,RET-00708,Home Loan,5840000.0,9.38,180
LN-HM-00709,RET-00709,Home Loan,2920000.0,9.32,300
LN-HM-00710,RET-00710,Home Loan,6580000.0,9.38,240
LN-HM-00711,RET-00711,Personal Loan,240000.0,13.67,12
LN-HM-00712,RET-00712,Home Loan,1260000.0,9.37,180
LN-HM-00713,RET-00713,Home Loan,2980000.0,9.3,240
LN-HM-00714,RET-00714,Vehicle Loan,1070000.0,10.04,72
LN-HM-00715,RET-00715,Home Loan,3400000.0,9.41,120
LN-HM-00716,RET-00716,Vehicle Loan,690000.0,9.7,48
LN-HM-00717,RET-00717,Home Loan,9260000.0,8.8,300
LN-HM-00718,RET-00718,Personal Loan,140000.0,13.26,24
LN-HM-00719,RET-00719,Vehicle Loan,860000.0,9.85,60
LN-HM-00720,RET-00720,Home Loan,3300000.0,9.19,240
LN-HM-00721,RET-00721,Vehicle Loan,970000.0,10.02,60
LN-HM-00722,RET-00722,Vehicle Loan,2220000.0,10.53,72
LN-HM-00723,RET-00723,Vehicle Loan,2040000.0,10.7,36
LN-HM-00724,RET-00724,Home Loan,7540000.0,8.6,300
LN-HM-00725,RET-00725,Personal Loan,1160000.0,11.99,36
LN-HM-00726,RET-00726,Vehicle Loan,420000.0,10.42,84
LN-HM-00727,RET-00727,Home Loan,1100000.0,8.78,300
LN-HM-00728,RET-00728,Vehicle Loan,2890000.0,10.01,60
LN-HM-00729,RET-00729,Home Loan,5080000.0,8.57,240
LN-HM-00730,RET-00730,Vehicle Loan,2120000.0,9.52,72
LN-HM-00731,RET-00731,Personal Loan,400000.0,11.82,12
LN-HM-00732,RET-00732,Home Loan,2530000.0,9.32,300
LN-HM-00733,RET-00733,Personal Loan,390000.0,13.72,48
LN-HM-00734,RET-00734,Home Loan,2230000.0,9.18,180
LN-HM-00735,RET-00735,Home Loan,4090000.0,9.21,180
LN-HM-00736,RET-00736,Home Loan,13650000.0,9.28,180
LN-HM-00737,RET-00737,Personal Loan,780000.0,11.67,60
LN-HM-00738,RET-00738,Personal Loan,1270000.0,13.07,60
LN-HM-00739,RET-00739,Home Loan,2350000.0,9.35,180
LN-HM-00740,RET-00740,Home Loan,1620000.0,9.08,120
LN-HM-00741,RET-00741,Home Loan,5110000.0,8.65,240
LN-HM-00742,RET-00742,Personal Loan,370000.0,13.86,48
LN-HM-00743,RET-00743,Home Loan,5420000.0,8.9,120
LN-HM-00744,RET-00744,Personal Loan,1440000.0,12.59,48
LN-HM-00745,RET-00745,Home Loan,3670000.0,8.93,240
LN-HM-00746,RET-00746,Personal Loan,950000.0,12.56,24
LN-HM-00747,RET-00747,Home Loan,1650000.0,9.4,300
LN-HM-00748,RET-00748,Vehicle Loan,840000.0,9.28,36
LN-HM-00749,RET-00749,Personal Loan,1060000.0,11.63,12
LN-HM-00750,RET-00750,Vehicle Loan,330000.0,9.24,48
LN-HM-00751,RET-00751,Home Loan,2620000.0,9.29,180
LN-HM-00752,RET-00752,Vehicle Loan,1880000.0,9.51,84
LN-HM-00753,RET-00753,Vehicle Loan,2980000.0,10.76,84
LN-HM-00754,RET-00754,Home Loan,2390000.0,8.83,180
LN-HM-00755,RET-00755,Personal Loan,1630000.0,12.94,12
LN-HM-00756,RET-00756,Home Loan,1670000.0,9.34,180
LN-HM-00757,RET-00757,Personal Loan,380000.0,11.95,60
LN-HM-00758,RET-00758,Vehicle Loan,1200000.0,10.3,36
LN-HM-00759,RET-00759,Home Loan,4640000.0,8.64,300
LN-HM-00760,RET-00760,Home Loan,1480000.0,8.65,120
LN-HM-00761,RET-00761,Personal Loan,1720000.0,13.54,48
LN-HM-00762,RET-00762,Home Loan,1110000.0,8.77,240
LN-HM-00763,RET-00763,Personal Loan,740000.0,13.53,24
LN-HM-00764,RET-00764,Home Loan,4000000.0,9.08,300
LN-HM-00765,RET-00765,Personal Loan,200000.0,13.53,12
LN-HM-00766,RET-00766,Personal Loan,1740000.0,11.95,48
LN-HM-00767,RET-00767,Personal Loan,300000.0,13.54,12
LN-HM-00768,RET-00768,Home Loan,3510000.0,9.08,240
LN-HM-00769,RET-00769,Personal Loan,950000.0,12.99,24
LN-HM-00770,RET-00770,Home Loan,1640000.0,8.97,240
LN-HM-00771,RET-00771,Personal Loan,190000.0,11.44,24
LN-HM-00772,RET-00772,Vehicle Loan,3660000.0,10.39,48
LN-HM-00773,RET-00773,Personal Loan,940000.0,12.58,12
LN-HM-00774,RET-00774,Home Loan,1390000.0,8.74,240
LN-HM-00775,RET-00775,Personal Loan,880000.0,12.73,60
LN-HM-00776,RET-00776,Home Loan,3280000.0,8.55,180
LN-HM-00777,RET-00777,Vehicle Loan,1550000.0,9.63,84
LN-HM-00778,RET-00778,Home Loan,1000000.0,9.5,300
LN-HM-00779,RET-00779,Vehicle Loan,1050000.0,10.38,84
LN-HM-00780,RET-00780,Home Loan,2040000.0,8.52,120
LN-HM-00781,RET-00781,Home Loan,4290000.0,8.94,120
LN-HM-00782,RET-00782,Personal Loan,820000.0,11.78,12
LN-HM-00783,RET-00783,Home Loan,3810000.0,8.73,240
LN-HM-00784,RET-00784,Home Loan,7460000.0,8.62,300
LN-HM-00785,RET-00785,Personal Loan,2410000.0,13.52,60
LN-HM-00786,RET-00786,Home Loan,1170000.0,8.61,120
LN-HM-00787,RET-00787,Home Loan,2550000.0,8.8,240
LN-HM-00788,RET-00788,Home Loan,4860000.0,8.59,240
LN-HM-00789,RET-00789,Personal Loan,350000.0,11.5,60
LN-HM-00790,RET-00790,Home Loan,1330000.0,9.13,180
LN-HM-00791,RET-00791,Personal Loan,910000.0,13.63,36
LN-HM-00792,RET-00792,Personal Loan,1210000.0,13.45,24
LN-HM-00793,RET-00793,Personal Loan,340000.0,12.71,60
LN-HM-00794,RET-00794,Home Loan,3350000.0,9.28,300
LN-HM-00795,RET-00795,Vehicle Loan,460000.0,10.42,72
LN-HM-00796,RET-00796,Home Loan,3980000.0,8.72,120
LN-HM-00797,RET-00797,Home Loan,3330000.0,8.71,120
LN-HM-00798,RET-00798,Home Loan,1710000.0,9.38,240
LN-HM-00799,RET-00799,Vehicle Loan,730000.0,9.84,72
LN-HM-00800,RET-00800,Vehicle Loan,300000.0,9.79,84
LN-HM-00801,RET-00801,Home Loan,6940000.0,8.56,120
LN-HM-00802,RET-00802,Home Loan,1440000.0,9.48,300
LN-HM-00803,RET-00803,Home Loan,3430000.0,8.93,300
LN-HM-00804,RET-00804,Home Loan,2030000.0,8.53,120
LN-HM-00805,RET-00805,Personal Loan,1710000.0,11.39,60
LN-HM-00806,RET-00806,Personal Loan,2430000.0,12.2,24
LN-HM-00807,RET-00807,Vehicle Loan,2660000.0,10.14,84
LN-HM-00808,RET-00808,Home Loan,14030000.0,9.1,180
LN-HM-00809,RET-00809,Vehicle Loan,620000.0,10.87,60
LN-HM-00810,RET-00810,Home Loan,1840000.0,8.77,180
LN-HM-00811,RET-00811,Home Loan,10290000.0,9.06,300
LN-HM-00812,RET-00812,Home Loan,2580000.0,9.48,240
LN-HM-00813,RET-00813,Personal Loan,770000.0,11.94,12
LN-HM-00814,RET-00814,Home Loan,1690000.0,8.88,180
LN-HM-00815,RET-00815,Personal Loan,390000.0,13.26,48
LN-HM-00816,RET-00816,Home Loan,7120000.0,8.94,240
LN-HM-00817,RET-00817,Personal Loan,170000.0,11.16,12
LN-HM-00818,RET-00818,Home Loan,4450000.0,9.43,120
LN-HM-00819,RET-00819,Personal Loan,590000.0,13.72,48
LN-HM-00820,RET-00820,Personal Loan,390000.0,12.91,60
LN-HM-00821,RET-00821,Personal Loan,840000.0,11.31,24
LN-HM-00822,RET-00822,Vehicle Loan,1460000.0,9.13,60
LN-HM-00823,RET-00823,Vehicle Loan,1590000.0,9.08,60
LN-HM-00824,RET-00824,Home Loan,5130000.0,8.72,180
LN-HM-00825,RET-00825,Home Loan,2300000.0,8.64,120
LN-HM-00826,RET-00826,Personal Loan,4580000.0,13.46,48
LN-HM-00827,RET-00827,Personal Loan,860000.0,12.95,24
LN-HM-00828,RET-00828,Vehicle Loan,1290000.0,10.04,60
LN-HM-00829,RET-00829,Home Loan,11120000.0,9.35,180
LN-HM-00830,RET-00830,Vehicle Loan,410000.0,9.67,60
LN-HM-00831,RET-00831,Personal Loan,1350000.0,12.05,24
LN-HM-00832,RET-00832,Home Loan,3260000.0,9.35,120
LN-HM-00833,RET-00833,Vehicle Loan,950000.0,10.35,36
LN-HM-00834,RET-00834,Personal Loan,430000.0,13.24,36
LN-HM-00835,RET-00835,Vehicle Loan,620000.0,10.75,84
LN-HM-00836,RET-00836,Home Loan,2480000.0,9.22,300
LN-HM-00837,RET-00837,Home Loan,4270000.0,8.84,240
LN-HM-00838,RET-00838,Vehicle Loan,1640000.0,9.32,36
LN-HM-00839,RET-00839,Home Loan,3620000.0,9.1,180
LN-HM-00840,RET-00840,Vehicle Loan,960000.0,9.83,72
LN-HM-00841,RET-00841,Personal Loan,1890000.0,12.5,24
LN-HM-00842,RET-00842,Home Loan,12920000.0,9.44,180
LN-HM-00843,RET-00843,Home Loan,6900000.0,9.33,240
LN-HM-00844,RET-00844,Personal Loan,430000.0,13.81,24
LN-HM-00845,RET-00845,Personal Loan,1450000.0,12.53,24
LN-HM-00846,RET-00846,Home Loan,5430000.0,8.87,120
LN-HM-00847,RET-00847,Home Loan,10710000.0,9.39,180
LN-HM-00848,RET-00848,Home Loan,2130000.0,9.28,120
LN-HM-00849,RET-00849,Vehicle Loan,710000.0,10.81,72
LN-HM-00850,RET-00850,Vehicle Loan,1620000.0,9.18,36
LN-HM-00851,RET-00851,Home Loan,3800000.0,8.94,120
LN-HM-00852,RET-00852,Personal Loan,500000.0,13.67,48
LN-HM-00853,RET-00853,Personal Loan,1070000.0,12.54,12
LN-HM-00854,RET-00854,Home Loan,9460000.0,9.38,300
LN-HM-00855,RET-00855,Personal Loan,300000.0,12.16,60
LN-HM-00856,RET-00856,Home Loan,2320000.0,9.23,300
LN-HM-00857,RET-00857,Vehicle Loan,850000.0,10.85,84
LN-HM-00858,RET-00858,Home Loan,4320000.0,9.44,180
LN-HM-00859,RET-00859,Vehicle Loan,820000.0,10.78,48
LN-HM-00860,RET-00860,Home Loan,6840000.0,9.12,240
LN-HM-00861,RET-00861,Vehicle Loan,1120000.0,10.48,72
LN-HM-00862,RET-00862,Home Loan,6600000.0,8.9,180
LN-HM-00863,RET-00863,Personal Loan,400000.0,12.66,24
LN-HM-00864,RET-00864,Home Loan,1790000.0,8.83,120
LN-HM-00865,RET-00865,Personal Loan,500000.0,13.06,12
LN-HM-00866,RET-00866,Vehicle Loan,650000.0,9.93,36
LN-HM-00867,RET-00867,Personal Loan,1100000.0,12.86,12
LN-HM-00868,RET-00868,Home Loan,1140000.0,9.05,120
LN-HM-00869,RET-00869,Home Loan,2800000.0,9.4,120
LN-HM-00870,RET-00870,Home Loan,3400000.0,9.0,300
LN-HM-00871,RET-00871,Personal Loan,240000.0,12.98,48
LN-HM-00872,RET-00872,Home Loan,2890000.0,8.78,300
LN-HM-00873,RET-00873,Home Loan,4150000.0,9.32,120
LN-HM-00874,RET-00874,Personal Loan,1680000.0,11.05,12
LN-HM-00875,RET-00875,Vehicle Loan,570000.0,10.77,48
LN-HM-00876,RET-00876,Personal Loan,1230000.0,12.56,60
LN-HM-00877,RET-00877,Home Loan,4630000.0,8.64,120
LN-HM-00878,RET-00878,Personal Loan,970000.0,11.55,36
LN-HM-00879,RET-00879,Vehicle Loan,720000.0,10.08,36
LN-HM-00880,RET-00880,Vehicle Loan,700000.0,10.53,84
LN-HM-00881,RET-00881,Personal Loan,2930000.0,12.86,48
LN-HM-00882,RET-00882,Home Loan,2410000.0,8.72,180
LN-HM-00883,RET-00883,Home Loan,1940000.0,9.11,300
LN-HM-00884,RET-00884,Vehicle Loan,2670000.0,9.73,84
LN-HM-00885,RET-00885,Home Loan,4740000.0,9.46,300
LN-HM-00886,RET-00886,Home Loan,10620000.0,9.11,240
LN-HM-00887,RET-00887,Personal Loan,390000.0,12.24,48
LN-HM-00888,RET-00888,Personal Loan,780000.0,11.29,36
LN-HM-00889,RET-00889,Vehicle Loan,560000.0,9.62,72
LN-HM-00890,RET-00890,Vehicle Loan,1210000.0,9.6,72
LN-HM-00891,RET-00891,Personal Loan,970000.0,12.7,36
LN-HM-00892,RET-00892,Personal Loan,640000.0,13.39,36
LN-HM-00893,RET-00893,Home Loan,2670000.0,8.52,120
LN-HM-00894,RET-00894,Home Loan,3220000.0,9.3,180
LN-HM-00895,RET-00895,Home Loan,2960000.0,9.12,240
LN-HM-00896,RET-00896,Personal Loan,630000.0,12.41,60
LN-HM-00897,RET-00897,Vehicle Loan,2790000.0,10.47,60
LN-HM-00898,RET-00898,Home Loan,2200000.0,8.95,120
LN-HM-00899,RET-00899,Vehicle Loan,1500000.0,10.59,72
LN-HM-00900,RET-00900,Home Loan,1550000.0,8.79,300
LN-HM-00901,RET-00901,Home Loan,2420000.0,8.94,300
LN-HM-00902,RET-00902,Home Loan,2810000.0,9.07,180
LN-HM-00903,RET-00903,Personal Loan,800000.0,13.41,36
LN-HM-00904,RET-00904,Home Loan,4480000.0,8.8,180
LN-HM-00905,RET-00905,Personal Loan,450000.0,11.08,60
LN-HM-00906,RET-00906,Vehicle Loan,1140000.0,9.76,36
LN-HM-00907,RET-00907,Vehicle Loan,430000.0,9.18,36
LN-HM-00908,RET-00908,Vehicle Loan,480000.0,10.01,72
LN-HM-00909,RET-00909,Personal Loan,2080000.0,12.38,60
LN-HM-00910,RET-00910,Home Loan,1240000.0,9.49,180
LN-HM-00911,RET-00911,Home Loan,4350000.0,8.52,120
LN-HM-00912,RET-00912,Personal Loan,2680000.0,12.3,24
LN-HM-00913,RET-00913,Personal Loan,2150000.0,11.11,24
LN-HM-00914,RET-00914,Home Loan,4400000.0,8.73,300
LN-HM-00915,RET-00915,Home Loan,2620000.0,8.55,120
LN-HM-00916,RET-00916,Home Loan,5310000.0,8.51,240
LN-HM-00917,RET-00917,Home Loan,4820000.0,8.78,300
LN-HM-00918,RET-00918,Personal Loan,2540000.0,12.93,12
LN-HM-00919,RET-00919,Home Loan,3210000.0,9.46,240
LN-HM-00920,RET-00920,Personal Loan,1940000.0,13.75,48
LN-HM-00921,RET-00921,Personal Loan,750000.0,11.86,48
LN-HM-00922,RET-00922,Vehicle Loan,4400000.0,9.28,84
LN-HM-00923,RET-00923,Home Loan,3040000.0,9.19,180
LN-HM-00924,RET-00924,Home Loan,1460000.0,8.92,300
LN-HM-00925,RET-00925,Home Loan,3030000.0,8.91,300
LN-HM-00926,RET-00926,Vehicle Loan,2080000.0,9.2,48
LN-HM-00927,RET-00927,Home Loan,6140000.0,9.48,300
LN-HM-00928,RET-00928,Home Loan,1440000.0,9.42,240
LN-HM-00929,RET-00929,Vehicle Loan,410000.0,10.22,36
LN-HM-00930,RET-00930,Personal Loan,720000.0,12.47,24
LN-HM-00931,RET-00931,Home Loan,3420000.0,8.85,120
LN-HM-00932,RET-00932,Home Loan,1350000.0,8.86,180
LN-HM-00933,RET-00933,Home Loan,2160000.0,8.62,120
LN-HM-00934,RET-00934,Personal Loan,400000.0,12.36,36
LN-HM-00935,RET-00935,Vehicle Loan,1620000.0,10.08,36
LN-HM-00936,RET-00936,Vehicle Loan,630000.0,9.1,72
LN-HM-00937,RET-00937,Home Loan,2810000.0,8.73,300
LN-HM-00938,RET-00938,Home Loan,2560000.0,9.29,180
LN-HM-00939,RET-00939,Home Loan,970000.0,8.55,120
LN-HM-00940,RET-00940,Personal Loan,1220000.0,13.17,60
LN-HM-00941,RET-00941,Home Loan,5580000.0,9.16,300
LN-HM-00942,RET-00942,Personal Loan,670000.0,11.09,48
LN-HM-00943,RET-00943,Personal Loan,220000.0,12.86,60
LN-HM-00944,RET-00944,Personal Loan,200000.0,12.51,36
LN-HM-00945,RET-00945,Home Loan,5050000.0,9.42,180
LN-HM-00946,RET-00946,Personal Loan,550000.0,11.94,60
LN-HM-00947,RET-00947,Personal Loan,330000.0,13.16,48
LN-HM-00948,RET-00948,Vehicle Loan,450000.0,9.71,72
LN-HM-00949,RET-00949,Personal Loan,1230000.0,13.67,48
LN-HM-00950,RET-00950,Home Loan,4580000.0,8.59,240
LN-HM-00951,RET-00951,Personal Loan,820000.0,13.18,12
LN-HM-00952,RET-00952,Home Loan,4390000.0,9.09,180
LN-HM-00953,RET-00953,Home Loan,3980000.0,8.63,300
LN-HM-00954,RET-00954,Vehicle Loan,1610000.0,10.3,36
LN-HM-00955,RET-00955,Personal Loan,730000.0,11.17,12
LN-HM-00956,RET-00956,Home Loan,1160000.0,8.95,180
LN-HM-00957,RET-00957,Home Loan,3850000.0,9.36,300
LN-HM-00958,RET-00958,Home Loan,2850000.0,9.24,180
LN-HM-00959,RET-00959,Vehicle Loan,2390000.0,10.66,84
LN-HM-00960,RET-00960,Home Loan,2940000.0,9.48,120
LN-HM-00961,RET-00961,Personal Loan,850000.0,13.07,36
LN-HM-00962,RET-00962,Vehicle Loan,660000.0,10.19,36
LN-HM-00963,RET-00963,Personal Loan,2430000.0,11.94,36
LN-HM-00964,RET-00964,Personal Loan,150000.0,13.22,12
LN-HM-00965,RET-00965,Home Loan,3460000.0,9.15,300
LN-HM-00966,RET-00966,Home Loan,2600000.0,9.29,180
LN-HM-00967,RET-00967,Home Loan,2360000.0,9.3,300
LN-HM-00968,RET-00968,Vehicle Loan,980000.0,10.04,84
LN-HM-00969,RET-00969,Home Loan,4100000.0,9.22,240
LN-HM-00970,RET-00970,Personal Loan,920000.0,13.39,12
LN-HM-00971,RET-00971,Vehicle Loan,850000.0,9.43,84
LN-HM-00972,RET-00972,Home Loan,2730000.0,8.67,240
LN-HM-00973,RET-00973,Vehicle Loan,1350000.0,9.8,36
LN-HM-00974,RET-00974,Vehicle Loan,770000.0,10.8,48
LN-HM-00975,RET-00975,Home Loan,2990000.0,8.65,120
LN-HM-00976,RET-00976,Personal Loan,1250000.0,12.7,36
LN-HM-00977,RET-00977,Home Loan,2410000.0,8.73,180
LN-HM-00978,RET-00978,Personal Loan,350000.0,11.12,60
LN-HM-00979,RET-00979,Vehicle Loan,500000.0,10.52,60
LN-HM-00980,RET-00980,Home Loan,2930000.0,9.46,300
LN-HM-00981,RET-00981,Home Loan,3720000.0,8.68,120
LN-HM-00982,RET-00982,Personal Loan,1310000.0,12.67,48
LN-HM-00983,RET-00983,Vehicle Loan,970000.0,10.78,36
LN-HM-00984,RET-00984,Personal Loan,370000.0,11.87,48
LN-HM-00985,RET-00985,Vehicle Loan,2040000.0,10.66,72
LN-HM-00986,RET-00986,Personal Loan,210000.0,12.22,60
LN-HM-00987,RET-00987,Personal Loan,480000.0,13.6,12
LN-HM-00988,RET-00988,Home Loan,1580000.0,8.54,120
LN-HM-00989,RET-00989,Home Loan,800000.0,8.9,120
LN-HM-00990,RET-00990,Home Loan,5760000.0,8.81,120
LN-HM-00991,RET-00991,Home Loan,7690000.0,9.35,300
LN-HM-00992,RET-00992,Vehicle Loan,2250000.0,9.97,84
LN-HM-00993,RET-00993,Vehicle Loan,3150000.0,9.27,72
LN-HM-00994,RET-00994,Home Loan,8620000.0,8.55,180
LN-HM-00995,RET-00995,Home Loan,2060000.0,8.81,180
LN-HM-00996,RET-00996,Vehicle Loan,2760000.0,9.57,60
LN-HM-00997,RET-00997,Home Loan,3500000.0,8.56,180
LN-HM-00998,RET-00998,Personal Loan,730000.0,12.16,60
LN-HM-00999,RET-00999,Personal Loan,490000.0,12.48,24
LN-HM-01000,RET-01000,Home Loan,2120000.0,8.76,240
LN-HM-01001,RET-01001,Personal Loan,970000.0,12.47,12
LN-HM-01002,RET-01002,Home Loan,6770000.0,9.02,120
LN-HM-01003,RET-01003,Personal Loan,980000.0,12.34,12
LN-HM-01004,RET-01004,Home Loan,2420000.0,9.08,240
LN-HM-01005,RET-01005,Home Loan,1600000.0,8.75,240
LN-HM-01006,RET-01006,Home Loan,3500000.0,9.05,240
LN-HM-01007,RET-01007,Personal Loan,1390000.0,11.15,36
LN-HM-01008,RET-01008,Vehicle Loan,2490000.0,10.1,72
LN-HM-01009,RET-01009,Personal Loan,600000.0,13.6,48
LN-HM-01010,RET-01010,Home Loan,5250000.0,9.06,120
LN-HM-01011,RET-01011,Home Loan,5950000.0,9.15,120
LN-HM-01012,RET-01012,Personal Loan,200000.0,11.72,24
LN-HM-01013,RET-01013,Home Loan,3190000.0,9.36,180
LN-HM-01014,RET-01014,Home Loan,4940000.0,8.88,120
LN-HM-01015,RET-01015,Vehicle Loan,1420000.0,10.54,60
LN-HM-01016,RET-01016,Home Loan,3340000.0,8.65,240
LN-HM-01017,RET-01017,Home Loan,13640000.0,8.77,300
LN-HM-01018,RET-01018,Home Loan,11110000.0,8.71,240
LN-HM-01019,RET-01019,Vehicle Loan,1390000.0,10.93,60
LN-HM-01020,RET-01020,Home Loan,3900000.0,9.28,120
LN-HM-01021,RET-01021,Home Loan,6260000.0,8.67,180
LN-HM-01022,RET-01022,Home Loan,3820000.0,9.19,120
LN-HM-01023,RET-01023,Home Loan,7090000.0,9.11,240
LN-HM-01024,RET-01024,Personal Loan,210000.0,13.27,48
LN-HM-01025,RET-01025,Vehicle Loan,1180000.0,10.43,60
LN-HM-01026,RET-01026,Personal Loan,730000.0,13.14,12
LN-HM-01027,RET-01027,Vehicle Loan,1430000.0,10.25,72
LN-HM-01028,RET-01028,Home Loan,920000.0,8.77,240
LN-HM-01029,RET-01029,Personal Loan,400000.0,13.87,12
LN-HM-01030,RET-01030,Personal Loan,220000.0,11.25,48
LN-HM-01031,RET-01031,Home Loan,1930000.0,8.83,180
LN-HM-01032,RET-01032,Personal Loan,320000.0,13.52,60
LN-HM-01033,RET-01033,Vehicle Loan,1540000.0,10.91,84
LN-HM-01034,RET-01034,Personal Loan,460000.0,11.68,60
LN-HM-01035,RET-01035,Personal Loan,370000.0,13.42,36
LN-HM-01036,RET-01036,Vehicle Loan,800000.0,9.49,72
LN-HM-01037,RET-01037,Vehicle Loan,2430000.0,9.25,72
LN-HM-01038,RET-01038,Personal Loan,460000.0,12.44,12
LN-HM-01039,RET-01039,Personal Loan,370000.0,11.24,36
LN-HM-01040,RET-01040,Vehicle Loan,1770000.0,10.61,36
LN-HM-01041,RET-01041,Home Loan,2220000.0,9.02,300
LN-HM-01042,RET-01042,Home Loan,1810000.0,9.06,240
LN-HM-01043,RET-01043,Home Loan,5000000.0,9.14,300
LN-HM-01044,RET-01044,Vehicle Loan,420000.0,9.25,36
LN-HM-01045,RET-01045,Home Loan,1520000.0,9.42,300
LN-HM-01046,RET-01046,Vehicle Loan,500000.0,10.15,36
LN-HM-01047,RET-01047,Personal Loan,660000.0,13.79,12
LN-HM-01048,RET-01048,Home Loan,8450000.0,8.83,120
LN-HM-01049,RET-01049,Home Loan,2950000.0,9.29,180
LN-HM-01050,RET-01050,Home Loan,2000000.0,8.66,120
LN-HM-01051,RET-01051,Home Loan,10760000.0,9.37,120
LN-HM-01052,RET-01052,Vehicle Loan,1330000.0,9.89,36
LN-HM-01053,RET-01053,Home Loan,12240000.0,8.64,120
LN-HM-01054,RET-01054,Home Loan,3830000.0,9.34,180
LN-HM-01055,RET-01055,Home Loan,4540000.0,8.95,300
LN-HM-01056,RET-01056,Home Loan,10230000.0,9.25,300
LN-HM-01057,RET-01057,Home Loan,2820000.0,9.32,300
LN-HM-01058,RET-01058,Personal Loan,820000.0,13.6,36
LN-HM-01059,RET-01059,Vehicle Loan,300000.0,10.6,60
LN-HM-01060,RET-01060,Vehicle Loan,2550000.0,9.24,48
LN-HM-01061,RET-01061,Home Loan,4750000.0,9.3,300
LN-HM-01062,RET-01062,Vehicle Loan,890000.0,9.01,60
LN-HM-01063,RET-01063,Home Loan,6860000.0,8.56,120
LN-HM-01064,RET-01064,Vehicle Loan,550000.0,9.14,48
LN-HM-01065,RET-01065,Personal Loan,390000.0,13.64,36
LN-HM-01066,RET-01066,Vehicle Loan,1180000.0,10.53,72
LN-HM-01067,RET-01067,Home Loan,4430000.0,8.86,120
LN-HM-01068,RET-01068,Home Loan,3060000.0,9.06,120
LN-HM-01069,RET-01069,Vehicle Loan,1690000.0,10.71,84
LN-HM-01070,RET-01070,Vehicle Loan,1840000.0,9.28,60
LN-HM-01071,RET-01071,Vehicle Loan,410000.0,9.25,48
LN-HM-01072,RET-01072,Personal Loan,1130000.0,11.05,36
LN-HM-01073,RET-01073,Home Loan,1870000.0,9.03,240
LN-HM-01074,RET-01074,Home Loan,4410000.0,9.43,180
LN-HM-01075,RET-01075,Home Loan,2490000.0,8.6,180
LN-HM-01076,RET-01076,Home Loan,2750000.0,8.82,120
LN-HM-01077,RET-01077,Home Loan,3410000.0,9.49,180
LN-HM-01078,RET-01078,Vehicle Loan,2160000.0,9.08,60
LN-HM-01079,RET-01079,Home Loan,5380000.0,9.21,300
LN-HM-01080,RET-01080,Personal Loan,990000.0,12.73,48
LN-HM-01081,RET-01081,Home Loan,1940000.0,9.14,300
LN-HM-01082,RET-01082,Home Loan,2970000.0,8.82,180
LN-HM-01083,RET-01083,Vehicle Loan,1570000.0,10.43,84
LN-HM-01084,RET-01084,Vehicle Loan,1510000.0,9.61,72
LN-HM-01085,RET-01085,Personal Loan,520000.0,11.16,36
LN-HM-01086,RET-01086,Personal Loan,360000.0,11.22,60
LN-HM-01087,RET-01087,Personal Loan,210000.0,11.08,12
LN-HM-01088,RET-01088,Home Loan,7090000.0,9.11,240
LN-HM-01089,RET-01089,Personal Loan,830000.0,12.03,12
LN-HM-01090,RET-01090,Home Loan,4330000.0,9.25,240
LN-HM-01091,RET-01091,Personal Loan,290000.0,13.6,12
LN-HM-01092,RET-01092,Home Loan,4740000.0,8.6,180
LN-HM-01093,RET-01093,Home Loan,5120000.0,9.08,300
LN-HM-01094,RET-01094,Home Loan,3540000.0,8.93,240
LN-HM-01095,RET-01095,Vehicle Loan,1680000.0,10.43,60
LN-HM-01096,RET-01096,Home Loan,1080000.0,9.12,180
LN-HM-01097,RET-01097,Personal Loan,790000.0,13.87,12
LN-HM-01098,RET-01098,Personal Loan,2190000.0,14.0,36
LN-HM-01099,RET-01099,Home Loan,4490000.0,8.73,240
LN-HM-01100,RET-01100,Home Loan,3810000.0,9.18,120
LN-HM-01101,RET-01101,Home Loan,3270000.0,9.49,300
LN-HM-01102,RET-01102,Personal Loan,1740000.0,11.4,24
LN-HM-01103,RET-01103,Vehicle Loan,1580000.0,9.89,60
LN-HM-01104,RET-01104,Home Loan,2810000.0,9.32,120
LN-HM-01105,RET-01105,Home Loan,3810000.0,8.98,180
LN-HM-01106,RET-01106,Vehicle Loan,1570000.0,9.85,48
LN-HM-01107,RET-01107,Home Loan,5310000.0,9.23,300
LN-HM-01108,RET-01108,Personal Loan,620000.0,11.99,60
LN-HM-01109,RET-01109,Home Loan,7200000.0,8.74,240
LN-HM-01110,RET-01110,Personal Loan,1380000.0,12.99,48
LN-HM-01111,RET-01111,Personal Loan,990000.0,11.45,36
LN-HM-01112,RET-01112,Home Loan,1580000.0,9.25,240
LN-HM-01113,RET-01113,Personal Loan,570000.0,13.03,24
LN-HM-01114,RET-01114,Vehicle Loan,3530000.0,10.13,84
LN-HM-01115,RET-01115,Vehicle Loan,2820000.0,9.85,84
LN-HM-01116,RET-01116,Home Loan,2240000.0,8.51,180
LN-HM-01117,RET-01117,Vehicle Loan,1960000.0,10.28,84
LN-HM-01118,RET-01118,Vehicle Loan,620000.0,9.36,72
LN-HM-01119,RET-01119,Personal Loan,160000.0,11.57,12
LN-HM-01120,RET-01120,Personal Loan,150000.0,12.08,36
LN-HM-01121,RET-01121,Home Loan,4240000.0,8.78,180
LN-HM-01122,RET-01122,Vehicle Loan,2180000.0,10.97,84
LN-HM-01123,RET-01123,Home Loan,5600000.0,8.71,120
LN-HM-01124,RET-01124,Home Loan,6980000.0,9.13,240
LN-HM-01125,RET-01125,Vehicle Loan,1810000.0,9.07,84
LN-HM-01126,RET-01126,Vehicle Loan,1000000.0,10.03,36
LN-HM-01127,RET-01127,Vehicle Loan,2710000.0,10.45,48
LN-HM-01128,RET-01128,Home Loan,1480000.0,9.07,120
LN-HM-01129,RET-01129,Personal Loan,1190000.0,11.68,36
LN-HM-01130,RET-01130,Vehicle Loan,690000.0,9.47,72
LN-HM-01131,RET-01131,Personal Loan,550000.0,13.15,48
LN-HM-01132,RET-01132,Personal Loan,980000.0,12.68,12
LN-HM-01133,RET-01133,Personal Loan,1580000.0,11.61,36
LN-HM-01134,RET-01134,Home Loan,2850000.0,9.15,120
LN-HM-01135,RET-01135,Vehicle Loan,1190000.0,10.23,72
LN-HM-01136,RET-01136,Personal Loan,1540000.0,12.75,60
LN-HM-01137,RET-01137,Home Loan,1860000.0,8.53,120
LN-HM-01138,RET-01138,Personal Loan,560000.0,12.51,60
LN-HM-01139,RET-01139,Personal Loan,3370000.0,12.08,48
LN-HM-01140,RET-01140,Home Loan,3000000.0,9.49,240
LN-HM-01141,RET-01141,Home Loan,3620000.0,9.41,180
LN-HM-01142,RET-01142,Home Loan,3150000.0,9.12,300
LN-HM-01143,RET-01143,Vehicle Loan,850000.0,9.81,36
LN-HM-01144,RET-01144,Vehicle Loan,2240000.0,10.16,36
LN-HM-01145,RET-01145,Personal Loan,1420000.0,11.47,48
LN-HM-01146,RET-01146,Vehicle Loan,1010000.0,10.56,84
LN-HM-01147,RET-01147,Vehicle Loan,850000.0,9.58,48
LN-HM-01148,RET-01148,Home Loan,11290000.0,8.85,180
LN-HM-01149,RET-01149,Personal Loan,570000.0,13.02,60
LN-HM-01150,RET-01150,Vehicle Loan,260000.0,9.76,72
LN-HM-01151,RET-01151,Personal Loan,3230000.0,13.05,24
LN-HM-01152,RET-01152,Home Loan,7540000.0,9.35,300
LN-HM-01153,RET-01153,Personal Loan,2470000.0,11.71,48
LN-HM-01154,RET-01154,Home Loan,8890000.0,8.9,300
LN-HM-01155,RET-01155,Personal Loan,4080000.0,12.51,48
LN-HM-01156,RET-01156,Home Loan,1290000.0,9.19,300
LN-HM-01157,RET-01157,Vehicle Loan,860000.0,9.69,72
LN-HM-01158,RET-01158,Vehicle Loan,820000.0,9.04,48
LN-HM-01159,RET-01159,Personal Loan,400000.0,11.04,60
LN-HM-01160,RET-01160,Home Loan,2750000.0,8.7,180
LN-HM-01161,RET-01161,Personal Loan,290000.0,13.29,48
LN-HM-01162,RET-01162,Vehicle Loan,530000.0,9.34,84
LN-HM-01163,RET-01163,Personal Loan,630000.0,14.0,36
LN-HM-01164,RET-01164,Personal Loan,550000.0,11.67,48
LN-HM-01165,RET-01165,Home Loan,7000000.0,9.05,120
LN-HM-01166,RET-01166,Personal Loan,450000.0,13.21,12
LN-HM-01167,RET-01167,Home Loan,6350000.0,8.76,240
LN-HM-01168,RET-01168,Home Loan,1190000.0,8.91,300
LN-HM-01169,RET-01169,Vehicle Loan,250000.0,10.16,36
LN-HM-01170,RET-01170,Vehicle Loan,1280000.0,9.81,84
LN-HM-01171,RET-01171,Vehicle Loan,670000.0,9.65,84
LN-HM-01172,RET-01172,Vehicle Loan,450000.0,10.72,60
LN-HM-01173,RET-01173,Home Loan,1360000.0,9.05,180
LN-HM-01174,RET-01174,Home Loan,2790000.0,8.73,120
LN-HM-01175,RET-01175,Personal Loan,420000.0,11.45,60
LN-HM-01176,RET-01176,Home Loan,2500000.0,8.81,180
LN-HM-01177,RET-01177,Vehicle Loan,420000.0,10.56,72
LN-HM-01178,RET-01178,Home Loan,1030000.0,8.57,240
LN-HM-01179,RET-01179,Vehicle Loan,450000.0,9.07,84
LN-HM-01180,RET-01180,Home Loan,12640000.0,9.35,180
LN-HM-01181,RET-01181,Personal Loan,1020000.0,13.06,48
LN-HM-01182,RET-01182,Personal Loan,1320000.0,13.61,12
LN-HM-01183,RET-01183,Personal Loan,370000.0,11.33,12
LN-HM-01184,RET-01184,Home Loan,2600000.0,9.44,300
LN-HM-01185,RET-01185,Home Loan,4820000.0,9.45,300
LN-HM-01186,RET-01186,Personal Loan,1090000.0,11.87,60
LN-HM-01187,RET-01187,Personal Loan,440000.0,11.06,48
LN-HM-01188,RET-01188,Personal Loan,440000.0,11.2,60
LN-HM-01189,RET-01189,Home Loan,5100000.0,8.73,240
LN-HM-01190,RET-01190,Home Loan,1290000.0,9.03,240
LN-HM-01191,RET-01191,Home Loan,9500000.0,9.27,240
LN-HM-01192,RET-01192,Home Loan,6210000.0,8.51,120
LN-HM-01193,RET-01193,Home Loan,980000.0,9.17,180
LN-HM-01194,RET-01194,Home Loan,1460000.0,8.87,240
LN-HM-01195,RET-01195,Home Loan,3350000.0,8.57,180
LN-HM-01196,RET-01196,Vehicle Loan,1240000.0,9.36,84
LN-HM-01197,RET-01197,Vehicle Loan,2180000.0,9.54,72
LN-HM-01198,RET-01198,Personal Loan,280000.0,11.54,60
LN-HM-01199,RET-01199,Vehicle Loan,4840000.0,10.08,36
LN-HM-01200,RET-01200,Personal Loan,750000.0,13.69,60
LN-HM-01201,RET-01201,Home Loan,2500000.0,8.63,180
LN-HM-01202,RET-01202,Personal Loan,540000.0,13.39,36
LN-HM-01203,RET-01203,Home Loan,3740000.0,9.4,180
LN-HM-01204,RET-01204,Home Loan,2690000.0,8.83,120
LN-HM-01205,RET-01205,Vehicle Loan,4720000.0,10.04,72
LN-HM-01206,RET-01206,Home Loan,2650000.0,9.11,240
LN-HM-01207,RET-01207,Vehicle Loan,590000.0,10.7,84
LN-HM-01208,RET-01208,Vehicle Loan,840000.0,9.9,84
LN-HM-01209,RET-01209,Home Loan,9920000.0,9.21,180
LN-HM-01210,RET-01210,Vehicle Loan,1600000.0,9.33,48
LN-HM-01211,RET-01211,Home Loan,1070000.0,8.9,240
LN-HM-01212,RET-01212,Vehicle Loan,490000.0,10.83,60
LN-HM-01213,RET-01213,Home Loan,3050000.0,8.64,180
LN-HM-01214,RET-01214,Home Loan,4280000.0,8.53,240
LN-HM-01215,RET-01215,Home Loan,2780000.0,9.11,240
LN-HM-01216,RET-01216,Personal Loan,170000.0,11.91,24
LN-HM-01217,RET-01217,Home Loan,1860000.0,9.45,240
LN-HM-01218,RET-01218,Personal Loan,1470000.0,12.97,12
LN-HM-01219,RET-01219,Vehicle Loan,1780000.0,10.93,36
LN-HM-01220,RET-01220,Personal Loan,940000.0,12.25,60
LN-HM-01221,RET-01221,Home Loan,4450000.0,9.31,120
LN-HM-01222,RET-01222,Home Loan,1520000.0,9.19,180
LN-HM-01223,RET-01223,Home Loan,2610000.0,9.12,180
LN-HM-01224,RET-01224,Home Loan,3600000.0,8.7,180
LN-HM-01225,RET-01225,Home Loan,3940000.0,8.63,240
LN-HM-01226,RET-01226,Home Loan,8400000.0,9.28,300
LN-HM-01227,RET-01227,Vehicle Loan,3070000.0,9.05,72
LN-HM-01228,RET-01228,Home Loan,3820000.0,9.36,180
LN-HM-01229,RET-01229,Personal Loan,1330000.0,11.62,36
LN-HM-01230,RET-01230,Vehicle Loan,3270000.0,9.21,48
LN-HM-01231,RET-01231,Home Loan,2510000.0,8.92,180
LN-HM-01232,RET-01232,Vehicle Loan,2040000.0,10.25,48
LN-HM-01233,RET-01233,Personal Loan,730000.0,13.53,24
LN-HM-01234,RET-01234,Home Loan,5450000.0,9.04,240
LN-HM-01235,RET-01235,Home Loan,2170000.0,9.39,240
LN-HM-01236,RET-01236,Vehicle Loan,540000.0,9.65,60
LN-HM-01237,RET-01237,Home Loan,4000000.0,9.4,240
LN-HM-01238,RET-01238,Personal Loan,1150000.0,12.93,24
LN-HM-01239,RET-01239,Home Loan,2600000.0,9.28,120
LN-HM-01240,RET-01240,Personal Loan,890000.0,11.28,48
LN-HM-01241,RET-01241,Home Loan,2060000.0,9.42,300
LN-HM-01242,RET-01242,Personal Loan,500000.0,12.59,48
LN-HM-01243,RET-01243,Home Loan,2120000.0,9.43,240
LN-HM-01244,RET-01244,Home Loan,1460000.0,8.65,300
LN-HM-01245,RET-01245,Home Loan,2830000.0,8.68,120
LN-HM-01246,RET-01246,Personal Loan,1320000.0,12.69,48
LN-HM-01247,RET-01247,Home Loan,5440000.0,9.03,180
LN-HM-01248,RET-01248,Personal Loan,2200000.0,13.79,12
LN-HM-01249,RET-01249,Home Loan,1920000.0,9.27,120
LN-HM-01250,RET-01250,Home Loan,8140000.0,8.57,180
LN-HM-01251,RET-01251,Personal Loan,950000.0,13.7,60
LN-HM-01252,RET-01252,Home Loan,3100000.0,9.2,120
LN-HM-01253,RET-01253,Vehicle Loan,1770000.0,9.48,60
LN-HM-01254,RET-01254,Home Loan,6740000.0,9.13,300
LN-HM-01255,RET-01255,Personal Loan,760000.0,12.34,24
LN-HM-01256,RET-01256,Personal Loan,750000.0,11.34,24
LN-HM-01257,RET-01257,Vehicle Loan,1130000.0,10.86,60
LN-HM-01258,RET-01258,Home Loan,2220000.0,8.76,240
LN-HM-01259,RET-01259,Home Loan,4840000.0,8.57,180
LN-HM-01260,RET-01260,Home Loan,1900000.0,8.97,240
LN-HM-01261,RET-01261,Home Loan,2470000.0,9.21,240
LN-HM-01262,RET-01262,Home Loan,3630000.0,9.12,120
LN-HM-01263,RET-01263,Personal Loan,630000.0,11.67,24
LN-HM-01264,RET-01264,Personal Loan,360000.0,13.07,48
LN-HM-01265,RET-01265,Vehicle Loan,2670000.0,9.87,48
LN-HM-01266,RET-01266,Personal Loan,700000.0,12.41,12
LN-HM-01267,RET-01267,Vehicle Loan,1080000.0,9.89,60
LN-HM-01268,RET-01268,Personal Loan,130000.0,12.18,24
LN-HM-01269,RET-01269,Vehicle Loan,860000.0,9.51,48
LN-HM-01270,RET-01270,Home Loan,1460000.0,8.8,240
LN-HM-01271,RET-01271,Personal Loan,450000.0,12.65,60
LN-HM-01272,RET-01272,Home Loan,1430000.0,8.9,120
LN-HM-01273,RET-01273,Personal Loan,330000.0,12.31,60
LN-HM-01274,RET-01274,Home Loan,2770000.0,8.8,240
LN-HM-01275,RET-01275,Personal Loan,550000.0,13.88,60
LN-HM-01276,RET-01276,Home Loan,1800000.0,9.17,300
LN-HM-01277,RET-01277,Home Loan,2290000.0,9.08,240
LN-HM-01278,RET-01278,Personal Loan,640000.0,12.97,48
LN-HM-01279,RET-01279,Home Loan,3460000.0,9.29,300
LN-HM-01280,RET-01280,Home Loan,4060000.0,8.52,300
LN-HM-01281,RET-01281,Vehicle Loan,1060000.0,10.48,84
LN-HM-01282,RET-01282,Personal Loan,900000.0,11.43,12
LN-HM-01283,RET-01283,Personal Loan,710000.0,12.74,60
LN-HM-01284,RET-01284,Personal Loan,1290000.0,13.02,36
LN-HM-01285,RET-01285,Vehicle Loan,1800000.0,10.22,84
LN-HM-01286,RET-01286,Home Loan,4270000.0,8.8,300
LN-HM-01287,RET-01287,Home Loan,5110000.0,9.19,180
LN-HM-01288,RET-01288,Vehicle Loan,1270000.0,10.15,72
LN-HM-01289,RET-01289,Vehicle Loan,1050000.0,10.44,72
LN-HM-01290,RET-01290,Home Loan,3830000.0,8.74,180
LN-HM-01291,RET-01291,Home Loan,4070000.0,9.49,180
LN-HM-01292,RET-01292,Personal Loan,630000.0,12.17,48
LN-HM-01293,RET-01293,Vehicle Loan,310000.0,10.36,84
LN-HM-01294,RET-01294,Home Loan,4120000.0,9.27,120
LN-HM-01295,RET-01295,Vehicle Loan,2020000.0,10.71,72
LN-HM-01296,RET-01296,Home Loan,1930000.0,8.78,240
LN-HM-01297,RET-01297,Home Loan,5140000.0,8.86,240
LN-HM-01298,RET-01298,Personal Loan,280000.0,11.22,36
LN-HM-01299,RET-01299,Home Loan,2880000.0,9.34,240
LN-HM-01300,RET-01300,Personal Loan,2030000.0,12.54,12
LN-HM-01301,RET-01301,Vehicle Loan,1200000.0,9.84,72
LN-HM-01302,RET-01302,Home Loan,2540000.0,9.47,120
LN-HM-01303,RET-01303,Home Loan,2970000.0,9.16,240
LN-HM-01304,RET-01304,Vehicle Loan,1680000.0,9.24,72
LN-HM-01305,RET-01305,Home Loan,1300000.0,9.38,300
LN-HM-01306,RET-01306,Home Loan,6550000.0,9.13,120
LN-HM-01307,RET-01307,Home Loan,2020000.0,8.61,120
LN-HM-01308,RET-01308,Personal Loan,1220000.0,11.15,48
LN-HM-01309,RET-01309,Vehicle Loan,530000.0,9.09,60
LN-HM-01310,RET-01310,Vehicle Loan,2250000.0,10.54,72
LN-HM-01311,RET-01311,Home Loan,4210000.0,8.91,120
LN-HM-01312,RET-01312,Home Loan,1870000.0,9.22,120
LN-HM-01313,RET-01313,Home Loan,5550000.0,8.54,120
LN-HM-01314,RET-01314,Home Loan,7770000.0,8.68,120
LN-HM-01315,RET-01315,Home Loan,8090000.0,8.88,180
LN-HM-01316,RET-01316,Home Loan,3870000.0,9.49,240
LN-HM-01317,RET-01317,Vehicle Loan,1220000.0,10.15,84
LN-HM-01318,RET-01318,Vehicle Loan,1120000.0,10.46,48
LN-HM-01319,RET-01319,Home Loan,4210000.0,8.72,120
LN-HM-01320,RET-01320,Personal Loan,700000.0,12.78,60
LN-HM-01321,RET-01321,Vehicle Loan,430000.0,9.86,48
LN-HM-01322,RET-01322,Home Loan,2360000.0,9.17,180
LN-HM-01323,RET-01323,Personal Loan,740000.0,13.61,24
LN-HM-01324,RET-01324,Personal Loan,610000.0,13.0,48
LN-HM-01325,RET-01325,Vehicle Loan,880000.0,9.95,36
LN-HM-01326,RET-01326,Personal Loan,960000.0,11.53,60
LN-HM-01327,RET-01327,Personal Loan,1010000.0,11.19,24
LN-HM-01328,RET-01328,Vehicle Loan,990000.0,10.87,72
LN-HM-01329,RET-01329,Personal Loan,370000.0,11.7,24
LN-HM-01330,RET-01330,Vehicle Loan,3470000.0,10.12,36
LN-HM-01331,RET-01331,Personal Loan,220000.0,12.25,12
LN-HM-01332,RET-01332,Home Loan,4520000.0,8.75,120
LN-HM-01333,RET-01333,Personal Loan,430000.0,12.27,60
LN-HM-01334,RET-01334,Vehicle Loan,1910000.0,10.71,72
LN-HM-01335,RET-01335,Home Loan,2430000.0,8.63,300
LN-HM-01336,RET-01336,Home Loan,4770000.0,9.09,180
LN-HM-01337,RET-01337,Personal Loan,260000.0,13.75,24
LN-HM-01338,RET-01338,Home Loan,5590000.0,8.72,180
LN-HM-01339,RET-01339,Home Loan,4660000.0,8.51,180
LN-HM-01340,RET-01340,Personal Loan,1330000.0,13.23,24
LN-HM-01341,RET-01341,Personal Loan,1930000.0,12.9,48
LN-HM-01342,RET-01342,Personal Loan,1170000.0,12.97,36
LN-HM-01343,RET-01343,Home Loan,2460000.0,9.22,180
LN-HM-01344,RET-01344,Personal Loan,580000.0,13.45,48
LN-HM-01345,RET-01345,Vehicle Loan,740000.0,9.83,60
LN-HM-01346,RET-01346,Vehicle Loan,1620000.0,10.31,60
LN-HM-01347,RET-01347,Home Loan,2300000.0,9.07,240
LN-HM-01348,RET-01348,Personal Loan,270000.0,12.89,48
LN-HM-01349,RET-01349,Home Loan,1380000.0,8.59,240
LN-HM-01350,RET-01350,Personal Loan,620000.0,12.87,48
LN-HM-01351,RET-01351,Home Loan,2460000.0,8.76,240
LN-HM-01352,RET-01352,Home Loan,3840000.0,8.75,120
LN-HM-01353,RET-01353,Home Loan,1320000.0,8.55,120
LN-HM-01354,RET-01354,Home Loan,1070000.0,9.42,300
LN-HM-01355,RET-01355,Personal Loan,860000.0,12.73,24
LN-HM-01356,RET-01356,Personal Loan,1360000.0,13.12,24
LN-HM-01357,RET-01357,Home Loan,1310000.0,8.88,120
LN-HM-01358,RET-01358,Vehicle Loan,1440000.0,9.25,72
LN-HM-01359,RET-01359,Personal Loan,1640000.0,12.64,24
LN-HM-01360,RET-01360,Vehicle Loan,1330000.0,9.45,36
LN-HM-01361,RET-01361,Personal Loan,1660000.0,12.98,24
LN-HM-01362,RET-01362,Home Loan,2810000.0,9.17,240
LN-HM-01363,RET-01363,Home Loan,3280000.0,9.3,180
LN-HM-01364,RET-01364,Vehicle Loan,2160000.0,9.97,60
LN-HM-01365,RET-01365,Home Loan,12950000.0,9.38,300
LN-HM-01366,RET-01366,Personal Loan,760000.0,11.57,36
LN-HM-01367,RET-01367,Personal Loan,890000.0,12.14,24
LN-HM-01368,RET-01368,Vehicle Loan,760000.0,10.23,84
LN-HM-01369,RET-01369,Home Loan,3840000.0,8.59,240
LN-HM-01370,RET-01370,Home Loan,3150000.0,8.59,120
LN-HM-01371,RET-01371,Vehicle Loan,2690000.0,9.89,84
LN-HM-01372,RET-01372,Personal Loan,1600000.0,12.95,48
LN-HM-01373,RET-01373,Personal Loan,1750000.0,12.52,60
LN-HM-01374,RET-01374,Vehicle Loan,1770000.0,9.67,36
LN-HM-01375,RET-01375,Personal Loan,450000.0,11.28,24
LN-HM-01376,RET-01376,Home Loan,2050000.0,8.98,240
LN-HM-01377,RET-01377,Personal Loan,1230000.0,12.88,12
LN-HM-01378,RET-01378,Vehicle Loan,930000.0,9.11,60
LN-HM-01379,RET-01379,Home Loan,12190000.0,8.62,300
LN-HM-01380,RET-01380,Home Loan,1150000.0,8.78,240
LN-HM-01381,RET-01381,Home Loan,6240000.0,9.4,300
LN-HM-01382,RET-01382,Vehicle Loan,1420000.0,10.01,60
LN-HM-01383,RET-01383,Vehicle Loan,670000.0,9.28,36
LN-HM-01384,RET-01384,Home Loan,1910000.0,8.62,120
LN-HM-01385,RET-01385,Home Loan,2810000.0,9.45,180
LN-HM-01386,RET-01386,Home Loan,1390000.0,8.78,300
LN-HM-01387,RET-01387,Vehicle Loan,3040000.0,10.31,36
LN-HM-01388,RET-01388,Home Loan,16060000.0,8.66,120
LN-HM-01389,RET-01389,Home Loan,3390000.0,8.98,120
LN-HM-01390,RET-01390,Home Loan,2180000.0,9.0,300
LN-HM-01391,RET-01391,Home Loan,1810000.0,9.26,300
LN-HM-01392,RET-01392,Personal Loan,440000.0,12.55,48
LN-HM-01393,RET-01393,Personal Loan,420000.0,11.09,36
LN-HM-01394,RET-01394,Personal Loan,1050000.0,13.31,36
LN-HM-01395,RET-01395,Personal Loan,2810000.0,13.63,12
LN-HM-01396,RET-01396,Personal Loan,460000.0,13.2,60
LN-HM-01397,RET-01397,Personal Loan,370000.0,11.46,36
LN-HM-01398,RET-01398,Personal Loan,310000.0,11.85,60
LN-HM-01399,RET-01399,Vehicle Loan,1910000.0,10.06,84
LN-HM-01400,RET-01400,Vehicle Loan,1490000.0,9.9,36
LN-HM-01401,RET-01401,Home Loan,3170000.0,8.86,120
LN-HM-01402,RET-01402,Home Loan,1970000.0,9.08,300
LN-HM-01403,RET-01403,Home Loan,9800000.0,8.63,300
LN-HM-01404,RET-01404,Home Loan,4220000.0,9.25,240
LN-HM-01405,RET-01405,Personal Loan,1270000.0,13.81,60
LN-HM-01406,RET-01406,Personal Loan,1140000.0,13.79,60
LN-HM-01407,RET-01407,Personal Loan,640000.0,12.94,60
LN-HM-01408,RET-01408,Personal Loan,250000.0,12.52,48
LN-HM-01409,RET-01409,Home Loan,4970000.0,8.64,240
LN-HM-01410,RET-01410,Personal Loan,1170000.0,12.09,60
LN-HM-01411,RET-01411,Home Loan,5800000.0,8.69,120
LN-HM-01412,RET-01412,Personal Loan,190000.0,11.66,36
LN-HM-01413,RET-01413,Personal Loan,1230000.0,11.66,12
LN-HM-01414,RET-01414,Personal Loan,470000.0,13.08,12
LN-HM-01415,RET-01415,Personal Loan,640000.0,12.6,36
LN-HM-01416,RET-01416,Personal Loan,1350000.0,12.91,12
LN-HM-01417,RET-01417,Home Loan,2960000.0,8.54,180
LN-HM-01418,RET-01418,Vehicle Loan,4220000.0,10.95,72
LN-HM-01419,RET-01419,Vehicle Loan,1210000.0,9.66,72
LN-HM-01420,RET-01420,Home Loan,2520000.0,9.0,240
LN-HM-01421,RET-01421,Personal Loan,760000.0,11.18,12
LN-HM-01422,RET-01422,Personal Loan,250000.0,13.61,48
LN-HM-01423,RET-01423,Home Loan,7020000.0,8.92,300
LN-HM-01424,RET-01424,Personal Loan,440000.0,11.33,24
LN-HM-01425,RET-01425,Vehicle Loan,980000.0,9.33,60
LN-HM-01426,RET-01426,Vehicle Loan,620000.0,9.55,60
LN-HM-01427,RET-01427,Personal Loan,1670000.0,12.75,60
LN-HM-01428,RET-01428,Personal Loan,460000.0,13.62,12
LN-HM-01429,RET-01429,Home Loan,2600000.0,9.27,120
LN-HM-01430,RET-01430,Home Loan,4280000.0,9.08,180
LN-HM-01431,RET-01431,Personal Loan,700000.0,12.42,60
LN-HM-01432,RET-01432,Home Loan,1530000.0,9.32,120
LN-HM-01433,RET-01433,Home Loan,2320000.0,8.8,120
LN-HM-01434,RET-01434,Personal Loan,1240000.0,13.68,60
LN-HM-01435,RET-01435,Personal Loan,1400000.0,12.97,60
LN-HM-01436,RET-01436,Home Loan,3390000.0,8.8,300
LN-HM-01437,RET-01437,Vehicle Loan,1080000.0,10.96,60
LN-HM-01438,RET-01438,Home Loan,2740000.0,9.03,240
LN-HM-01439,RET-01439,Vehicle Loan,2220000.0,9.88,72
LN-HM-01440,RET-01440,Home Loan,870000.0,8.52,180
LN-HM-01441,RET-01441,Personal Loan,570000.0,11.82,36
LN-HM-01442,RET-01442,Home Loan,6230000.0,8.79,120
LN-HM-01443,RET-01443,Home Loan,3500000.0,9.04,120
LN-HM-01444,RET-01444,Personal Loan,470000.0,11.58,48
LN-HM-01445,RET-01445,Home Loan,4270000.0,8.94,120
LN-HM-01446,RET-01446,Home Loan,1610000.0,9.06,180
LN-HM-01447,RET-01447,Personal Loan,1160000.0,13.45,24
LN-HM-01448,RET-01448,Home Loan,4820000.0,8.82,120
LN-HM-01449,RET-01449,Vehicle Loan,1640000.0,10.68,84
LN-HM-01450,RET-01450,Vehicle Loan,1380000.0,9.34,72
LN-HM-01451,RET-01451,Personal Loan,1120000.0,11.98,24
LN-HM-01452,RET-01452,Vehicle Loan,1640000.0,9.36,84
LN-HM-01453,RET-01453,Personal Loan,300000.0,12.05,48
LN-HM-01454,RET-01454,Home Loan,1110000.0,8.56,240
LN-HM-01455,RET-01455,Personal Loan,1110000.0,12.74,12
LN-HM-01456,RET-01456,Vehicle Loan,1300000.0,9.86,72
LN-HM-01457,RET-01457,Personal Loan,230000.0,11.27,48
LN-HM-01458,RET-01458,Home Loan,3490000.0,8.66,300
LN-HM-01459,RET-01459,Vehicle Loan,2140000.0,9.95,36
LN-HM-01460,RET-01460,Home Loan,3460000.0,8.56,180
LN-HM-01461,RET-01461,Home Loan,6470000.0,8.58,180
LN-HM-01462,RET-01462,Home Loan,8300000.0,8.62,180
LN-HM-01463,RET-01463,Personal Loan,700000.0,13.6,12
LN-HM-01464,RET-01464,Vehicle Loan,970000.0,9.97,36
LN-HM-01465,RET-01465,Home Loan,1980000.0,9.04,180
LN-HM-01466,RET-01466,Vehicle Loan,1000000.0,9.63,84
LN-HM-01467,RET-01467,Vehicle Loan,600000.0,9.16,36
LN-HM-01468,RET-01468,Personal Loan,290000.0,12.64,36
LN-HM-01469,RET-01469,Home Loan,1060000.0,8.67,180
LN-HM-01470,RET-01470,Home Loan,2830000.0,9.29,240
LN-HM-01471,RET-01471,Home Loan,10150000.0,9.3,300
LN-HM-01472,RET-01472,Vehicle Loan,330000.0,10.71,84
LN-HM-01473,RET-01473,Home Loan,3320000.0,8.59,300
LN-HM-01474,RET-01474,Home Loan,2620000.0,9.15,120
LN-HM-01475,RET-01475,Home Loan,3850000.0,9.44,240
LN-HM-01476,RET-01476,Home Loan,5820000.0,9.45,300
LN-HM-01477,RET-01477,Personal Loan,390000.0,12.53,36
LN-HM-01478,RET-01478,Home Loan,970000.0,9.04,120
LN-HM-01479,RET-01479,Home Loan,2380000.0,8.54,180
LN-HM-01480,RET-01480,Home Loan,2810000.0,8.68,240
LN-HM-01481,RET-01481,Vehicle Loan,400000.0,10.43,60
LN-HM-01482,RET-01482,Home Loan,4350000.0,8.65,300
LN-HM-01483,RET-01483,Vehicle Loan,640000.0,10.16,72
LN-HM-01484,RET-01484,Personal Loan,600000.0,13.1,24
LN-HM-01485,RET-01485,Personal Loan,570000.0,13.42,24
LN-HM-01486,RET-01486,Home Loan,2200000.0,8.61,180
LN-HM-01487,RET-01487,Home Loan,6510000.0,8.68,240
LN-HM-01488,RET-01488,Home Loan,3450000.0,8.77,180
LN-HM-01489,RET-01489,Home Loan,4170000.0,8.78,180
LN-HM-01490,RET-01490,Home Loan,5090000.0,8.69,120
LN-HM-01491,RET-01491,Personal Loan,690000.0,12.36,60
LN-HM-01492,RET-01492,Home Loan,3450000.0,9.08,120
LN-HM-01493,RET-01493,Home Loan,2360000.0,8.7,300
LN-HM-01494,RET-01494,Vehicle Loan,470000.0,10.0,36
LN-HM-01495,RET-01495,Home Loan,2580000.0,9.12,240
LN-HM-01496,RET-01496,Home Loan,1820000.0,9.28,300
LN-HM-01497,RET-01497,Vehicle Loan,2360000.0,9.47,36
LN-HM-01498,RET-01498,Home Loan,3470000.0,9.07,180
LN-HM-01499,RET-01499,Home Loan,5880000.0,9.38,300
LN-HM-01500,RET-01500,Vehicle Loan,700000.0,10.71,48
LN-HM-01501,RET-01501,Home Loan,1370000.0,9.32,120
LN-HM-01502,RET-01502,Home Loan,10550000.0,9.45,240
LN-HM-01503,RET-01503,Personal Loan,870000.0,11.65,12
LN-HM-01504,RET-01504,Home Loan,6550000.0,9.01,300
LN-HM-01505,RET-01505,Home Loan,1430000.0,8.78,120
LN-HM-01506,RET-01506,Personal Loan,920000.0,13.31,36
LN-HM-01507,RET-01507,Home Loan,7860000.0,9.38,180
LN-HM-01508,RET-01508,Home Loan,1380000.0,8.88,240
LN-HM-01509,RET-01509,Vehicle Loan,3350000.0,10.23,60
LN-HM-01510,RET-01510,Home Loan,4440000.0,9.47,240
LN-HM-01511,RET-01511,Vehicle Loan,520000.0,9.51,84
LN-HM-01512,RET-01512,Vehicle Loan,1580000.0,10.73,48
LN-HM-01513,RET-01513,Home Loan,7560000.0,8.68,120
LN-HM-01514,RET-01514,Home Loan,2580000.0,8.84,120
LN-HM-01515,RET-01515,Personal Loan,440000.0,13.36,24
LN-HM-01516,RET-01516,Vehicle Loan,1640000.0,9.1,60
LN-HM-01517,RET-01517,Personal Loan,810000.0,11.81,12
LN-HM-01518,RET-01518,Home Loan,3870000.0,8.97,180
LN-HM-01519,RET-01519,Home Loan,3670000.0,9.44,120
LN-HM-01520,RET-01520,Home Loan,4840000.0,9.28,240
LN-HM-01521,RET-01521,Vehicle Loan,980000.0,10.45,84
LN-HM-01522,RET-01522,Home Loan,1650000.0,9.23,240
LN-HM-01523,RET-01523,Home Loan,2520000.0,8.77,240
LN-HM-01524,RET-01524,Home Loan,6790000.0,8.8,300
LN-HM-01525,RET-01525,Home Loan,4410000.0,8.51,240
LN-HM-01526,RET-01526,Home Loan,7940000.0,9.13,180
LN-HM-01527,RET-01527,Home Loan,2390000.0,8.87,120
LN-HM-01528,RET-01528,Personal Loan,830000.0,13.6,12
LN-HM-01529,RET-01529,Vehicle Loan,1490000.0,10.74,36
LN-HM-01530,RET-01530,Home Loan,9300000.0,9.29,180
LN-HM-01531,RET-01531,Home Loan,5320000.0,9.23,300
LN-HM-01532,RET-01532,Personal Loan,300000.0,13.75,48
LN-HM-01533,RET-01533,Home Loan,5080000.0,8.7,120
LN-HM-01534,RET-01534,Home Loan,11110000.0,9.05,180
LN-HM-01535,RET-01535,Home Loan,1760000.0,9.43,240
LN-HM-01536,RET-01536,Home Loan,1460000.0,8.57,120
LN-HM-01537,RET-01537,Personal Loan,590000.0,13.24,48
LN-HM-01538,RET-01538,Home Loan,3140000.0,9.4,300
LN-HM-01539,RET-01539,Personal Loan,620000.0,11.16,48
LN-HM-01540,RET-01540,Personal Loan,220000.0,13.3,24
LN-HM-01541,RET-01541,Vehicle Loan,2910000.0,9.96,36
LN-HM-01542,RET-01542,Home Loan,2130000.0,8.89,180
LN-HM-01543,RET-01543,Home Loan,2500000.0,9.41,120
LN-HM-01544,RET-01544,Vehicle Loan,1470000.0,9.59,84
LN-HM-01545,RET-01545,Home Loan,1370000.0,8.86,300
LN-HM-01546,RET-01546,Home Loan,1430000.0,8.92,120
LN-HM-01547,RET-01547,Vehicle Loan,640000.0,9.56,48
LN-HM-01548,RET-01548,Home Loan,4830000.0,9.34,300
LN-HM-01549,RET-01549,Vehicle Loan,1240000.0,9.62,84
LN-HM-01550,RET-01550,Vehicle Loan,300000.0,10.26,36
LN-HM-01551,RET-01551,Home Loan,9900000.0,8.64,180
LN-HM-01552,RET-01552,Home Loan,6170000.0,9.12,240
LN-HM-01553,RET-01553,Personal Loan,690000.0,13.74,48
LN-HM-01554,RET-01554,Personal Loan,840000.0,11.47,48
LN-HM-01555,RET-01555,Home Loan,4820000.0,8.87,120
LN-HM-01556,RET-01556,Home Loan,10970000.0,8.87,300
LN-HM-01557,RET-01557,Home Loan,5070000.0,8.96,300
LN-HM-01558,RET-01558,Personal Loan,990000.0,12.32,36
LN-HM-01559,RET-01559,Vehicle Loan,630000.0,10.89,72
LN-HM-01560,RET-01560,Personal Loan,830000.0,12.99,24
LN-HM-01561,RET-01561,Vehicle Loan,1190000.0,9.21,48
LN-HM-01562,RET-01562,Personal Loan,710000.0,12.37,36
LN-HM-01563,RET-01563,Home Loan,2070000.0,8.79,120
LN-HM-01564,RET-01564,Personal Loan,1060000.0,11.86,36
LN-HM-01565,RET-01565,Home Loan,1830000.0,8.5,300
LN-HM-01566,RET-01566,Home Loan,6560000.0,9.02,300
LN-HM-01567,RET-01567,Home Loan,2790000.0,9.23,180
LN-HM-01568,RET-01568,Personal Loan,280000.0,11.21,60
LN-HM-01569,RET-01569,Vehicle Loan,720000.0,10.86,48
LN-HM-01570,RET-01570,Vehicle Loan,910000.0,9.42,72
LN-HM-01571,RET-01571,Home Loan,3180000.0,9.16,120
LN-HM-01572,RET-01572,Vehicle Loan,1470000.0,10.92,84
LN-HM-01573,RET-01573,Personal Loan,210000.0,12.71,24
LN-HM-01574,RET-01574,Personal Loan,640000.0,12.11,60
LN-HM-01575,RET-01575,Home Loan,2880000.0,9.33,240
LN-HM-01576,RET-01576,Vehicle Loan,640000.0,10.79,72
LN-HM-01577,RET-01577,Home Loan,1940000.0,8.92,180
LN-HM-01578,RET-01578,Home Loan,2880000.0,9.18,120
LN-HM-01579,RET-01579,Home Loan,14860000.0,8.83,120
LN-HM-01580,RET-01580,Home Loan,8780000.0,9.37,240
LN-HM-01581,RET-01581,Vehicle Loan,630000.0,10.24,36
LN-HM-01582,RET-01582,Home Loan,2730000.0,8.99,240
LN-HM-01583,RET-01583,Home Loan,2110000.0,9.26,300
LN-HM-01584,RET-01584,Home Loan,4610000.0,9.47,300
LN-HM-01585,RET-01585,Personal Loan,920000.0,11.72,48
LN-HM-01586,RET-01586,Home Loan,2330000.0,9.17,300
LN-HM-01587,RET-01587,Home Loan,2700000.0,8.96,300
LN-HM-01588,RET-01588,Home Loan,6670000.0,9.02,120
LN-HM-01589,RET-01589,Home Loan,1750000.0,8.96,120
LN-HM-01590,RET-01590,Personal Loan,900000.0,12.09,36
LN-HM-01591,RET-01591,Personal Loan,360000.0,13.56,36
LN-HM-01592,RET-01592,Personal Loan,400000.0,13.84,12
LN-HM-01593,RET-01593,Home Loan,3840000.0,8.51,300
LN-HM-01594,RET-01594,Vehicle Loan,630000.0,10.54,60
LN-HM-01595,RET-01595,Home Loan,920000.0,9.14,180
LN-HM-01596,RET-01596,Home Loan,1590000.0,9.08,120
LN-HM-01597,RET-01597,Vehicle Loan,840000.0,10.84,48
LN-HM-01598,RET-01598,Home Loan,1450000.0,8.86,300
LN-HM-01599,RET-01599,Home Loan,3540000.0,9.29,300
LN-HM-01600,RET-01600,Personal Loan,320000.0,12.73,48
LN-HM-01601,RET-01601,Home Loan,1870000.0,8.6,240
LN-HM-01602,RET-01602,Vehicle Loan,1240000.0,10.59,72
LN-HM-01603,RET-01603,Home Loan,1960000.0,8.67,240
LN-HM-01604,RET-01604,Home Loan,3050000.0,9.24,240
LN-HM-01605,RET-01605,Personal Loan,390000.0,13.78,60
LN-HM-01606,RET-01606,Personal Loan,230000.0,13.76,36
LN-HM-01607,RET-01607,Personal Loan,720000.0,11.24,48
LN-HM-01608,RET-01608,Home Loan,3490000.0,9.48,180
LN-HM-01609,RET-01609,Home Loan,1960000.0,9.02,240
LN-HM-01610,RET-01610,Home Loan,2590000.0,8.76,240
LN-HM-01611,RET-01611,Home Loan,6580000.0,8.77,240
LN-HM-01612,RET-01612,Home Loan,5090000.0,9.03,180
LN-HM-01613,RET-01613,Home Loan,1230000.0,9.45,180
LN-HM-01614,RET-01614,Home Loan,3620000.0,8.69,300
LN-HM-01615,RET-01615,Home Loan,6740000.0,8.58,180
LN-HM-01616,RET-01616,Personal Loan,770000.0,11.75,60
LN-HM-01617,RET-01617,Home Loan,1040000.0,8.7,240
LN-HM-01618,RET-01618,Vehicle Loan,950000.0,9.03,48
LN-HM-01619,RET-01619,Personal Loan,610000.0,11.78,12
LN-HM-01620,RET-01620,Home Loan,4530000.0,8.58,180
LN-HM-01621,RET-01621,Home Loan,2630000.0,9.26,180
LN-HM-01622,RET-01622,Home Loan,1500000.0,9.31,180
LN-HM-01623,RET-01623,Personal Loan,310000.0,13.27,36
LN-HM-01624,RET-01624,Personal Loan,1350000.0,11.52,12
LN-HM-01625,RET-01625,Home Loan,10630000.0,8.67,120
LN-HM-01626,RET-01626,Personal Loan,870000.0,13.79,12
LN-HM-01627,RET-01627,Home Loan,8510000.0,9.18,180
LN-HM-01628,RET-01628,Vehicle Loan,730000.0,9.59,36
LN-HM-01629,RET-01629,Personal Loan,630000.0,11.23,12
LN-HM-01630,RET-01630,Home Loan,1480000.0,9.08,240
LN-HM-01631,RET-01631,Home Loan,3690000.0,8.79,180
LN-HM-01632,RET-01632,Personal Loan,480000.0,13.87,48
LN-HM-01633,RET-01633,Home Loan,3880000.0,9.21,180
LN-HM-01634,RET-01634,Vehicle Loan,820000.0,10.42,84
LN-HM-01635,RET-01635,Vehicle Loan,4270000.0,10.38,84
LN-HM-01636,RET-01636,Home Loan,6730000.0,8.69,300
LN-HM-01637,RET-01637,Vehicle Loan,450000.0,10.13,36
LN-HM-01638,RET-01638,Home Loan,3910000.0,8.9,120
LN-HM-01639,RET-01639,Personal Loan,700000.0,11.47,60
LN-HM-01640,RET-01640,Personal Loan,1030000.0,13.66,60
LN-HM-01641,RET-01641,Vehicle Loan,390000.0,9.61,36
LN-HM-01642,RET-01642,Home Loan,5750000.0,9.46,180
LN-HM-01643,RET-01643,Home Loan,7730000.0,9.07,120
LN-HM-01644,RET-01644,Vehicle Loan,370000.0,10.12,72
LN-HM-01645,RET-01645,Home Loan,2830000.0,9.11,180
LN-HM-01646,RET-01646,Home Loan,3250000.0,9.28,120
LN-HM-01647,RET-01647,Home Loan,5400000.0,8.77,120
LN-HM-01648,RET-01648,Personal Loan,680000.0,13.39,48
LN-HM-01649,RET-01649,Personal Loan,1050000.0,12.46,36
LN-HM-01650,RET-01650,Vehicle Loan,800000.0,10.02,36
LN-HM-01651,RET-01651,Home Loan,6240000.0,9.1,120
LN-HM-01652,RET-01652,Personal Loan,340000.0,12.01,24
LN-HM-01653,RET-01653,Home Loan,2810000.0,8.69,120
LN-HM-01654,RET-01654,Home Loan,6000000.0,9.41,240
LN-HM-01655,RET-01655,Vehicle Loan,3380000.0,9.1,48
LN-HM-01656,RET-01656,Vehicle Loan,850000.0,10.94,84
LN-HM-01657,RET-01657,Vehicle Loan,990000.0,10.73,72
LN-HM-01658,RET-01658,Vehicle Loan,3160000.0,9.95,72
LN-HM-01659,RET-01659,Home Loan,3830000.0,8.96,180
LN-HM-01660,RET-01660,Home Loan,5870000.0,9.34,180
LN-HM-01661,RET-01661,Home Loan,2870000.0,8.87,180
LN-HM-01662,RET-01662,Home Loan,4360000.0,9.14,120
LN-HM-01663,RET-01663,Personal Loan,390000.0,11.6,36
LN-HM-01664,RET-01664,Home Loan,1370000.0,8.65,300
LN-HM-01665,RET-01665,Personal Loan,1180000.0,12.84,36
LN-HM-01666,RET-01666,Vehicle Loan,2200000.0,9.54,84
LN-HM-01667,RET-01667,Home Loan,2600000.0,8.85,180
LN-HM-01668,RET-01668,Home Loan,3830000.0,8.97,120
LN-HM-01669,RET-01669,Home Loan,4560000.0,9.03,120
LN-HM-01670,RET-01670,Home Loan,5370000.0,9.0,180
LN-HM-01671,RET-01671,Personal Loan,230000.0,12.68,24
LN-HM-01672,RET-01672,Personal Loan,1490000.0,11.49,36
LN-HM-01673,RET-01673,Personal Loan,180000.0,12.85,24
LN-HM-01674,RET-01674,Home Loan,2760000.0,9.01,180
LN-HM-01675,RET-01675,Personal Loan,370000.0,11.99,24
LN-HM-01676,RET-01676,Home Loan,2510000.0,9.19,180
LN-HM-01677,RET-01677,Personal Loan,980000.0,12.62,48
LN-HM-01678,RET-01678,Personal Loan,1040000.0,12.07,24
LN-HM-01679,RET-01679,Home Loan,4030000.0,8.51,240
LN-HM-01680,RET-01680,Home Loan,8170000.0,9.17,120
LN-HM-01681,RET-01681,Personal Loan,1080000.0,13.11,12
LN-HM-01682,RET-01682,Vehicle Loan,1870000.0,10.32,60
LN-HM-01683,RET-01683,Home Loan,3460000.0,9.25,180
LN-HM-01684,RET-01684,Home Loan,2280000.0,9.19,300
LN-HM-01685,RET-01685,Vehicle Loan,1130000.0,10.72,84
LN-HM-01686,RET-01686,Home Loan,5750000.0,8.7,180
LN-HM-01687,RET-01687,Personal Loan,770000.0,13.14,48
LN-HM-01688,RET-01688,Personal Loan,290000.0,13.55,48
LN-HM-01689,RET-01689,Personal Loan,490000.0,12.05,24
LN-HM-01690,RET-01690,Home Loan,1010000.0,9.02,180
LN-HM-01691,RET-01691,Personal Loan,880000.0,11.58,12
LN-HM-01692,RET-01692,Home Loan,2660000.0,8.54,300
LN-HM-01693,RET-01693,Home Loan,1810000.0,9.35,240
LN-HM-01694,RET-01694,Vehicle Loan,1240000.0,9.15,60
LN-HM-01695,RET-01695,Home Loan,2280000.0,9.27,300
LN-HM-01696,RET-01696,Vehicle Loan,800000.0,10.56,48
LN-HM-01697,RET-01697,Home Loan,1540000.0,8.62,240
LN-HM-01698,RET-01698,Home Loan,4160000.0,8.76,300
LN-HM-01699,RET-01699,Vehicle Loan,1630000.0,9.23,36
LN-HM-01700,RET-01700,Personal Loan,400000.0,13.36,12
LN-HM-01701,RET-01701,Personal Loan,1220000.0,13.12,12
LN-HM-01702,RET-01702,Personal Loan,1080000.0,12.6,48
LN-HM-01703,RET-01703,Home Loan,3200000.0,8.86,180
LN-HM-01704,RET-01704,Home Loan,1860000.0,9.28,180
LN-HM-01705,RET-01705,Home Loan,6510000.0,9.35,120
LN-HM-01706,RET-01706,Vehicle Loan,1480000.0,9.48,60
LN-HM-01707,RET-01707,Vehicle Loan,1080000.0,10.12,48
LN-HM-01708,RET-01708,Personal Loan,420000.0,13.67,60
LN-HM-01709,RET-01709,Personal Loan,1710000.0,11.26,60
LN-HM-01710,RET-01710,Vehicle Loan,1490000.0,9.29,36
LN-HM-01711,RET-01711,Home Loan,1980000.0,9.2,300
LN-HM-01712,RET-01712,Vehicle Loan,2190000.0,10.55,36
LN-HM-01713,RET-01713,Vehicle Loan,1760000.0,9.28,60
LN-HM-01714,RET-01714,Vehicle Loan,2880000.0,10.75,60
LN-HM-01715,RET-01715,Vehicle Loan,440000.0,9.44,48
LN-HM-01716,RET-01716,Personal Loan,1180000.0,11.71,60
LN-HM-01717,RET-01717,Personal Loan,1120000.0,12.98,36
LN-HM-01718,RET-01718,Personal Loan,1170000.0,11.55,48
LN-HM-01719,RET-01719,Vehicle Loan,900000.0,9.85,36
LN-HM-01720,RET-01720,Personal Loan,170000.0,13.92,36
LN-HM-01721,RET-01721,Home Loan,8500000.0,9.0,180
LN-HM-01722,RET-01722,Home Loan,1780000.0,9.11,300
LN-HM-01723,RET-01723,Home Loan,3520000.0,9.14,120
LN-HM-01724,RET-01724,Personal Loan,1650000.0,13.67,60
LN-HM-01725,RET-01725,Vehicle Loan,410000.0,10.32,36
LN-HM-01726,RET-01726,Home Loan,5100000.0,9.4,240
LN-HM-01727,RET-01727,Home Loan,2820000.0,9.04,300
LN-HM-01728,RET-01728,Home Loan,2450000.0,8.77,300
LN-HM-01729,RET-01729,Personal Loan,1150000.0,12.8,24
LN-HM-01730,RET-01730,Vehicle Loan,1460000.0,9.96,72
LN-HM-01731,RET-01731,Vehicle Loan,2280000.0,10.18,72
LN-HM-01732,RET-01732,Home Loan,8190000.0,8.81,120
LN-HM-01733,RET-01733,Personal Loan,300000.0,13.86,24
LN-HM-01734,RET-01734,Personal Loan,390000.0,13.88,24
LN-HM-01735,RET-01735,Personal Loan,540000.0,11.89,48
LN-HM-01736,RET-01736,Personal Loan,1160000.0,11.66,36
LN-HM-01737,RET-01737,Home Loan,2100000.0,8.6,240
LN-HM-01738,RET-01738,Home Loan,1410000.0,8.77,180
LN-HM-01739,RET-01739,Personal Loan,190000.0,13.33,48
LN-HM-01740,RET-01740,Vehicle Loan,1170000.0,9.81,60
LN-HM-01741,RET-01741,Home Loan,5170000.0,8.6,120
LN-HM-01742,RET-01742,Personal Loan,330000.0,12.69,48
LN-HM-01743,RET-01743,Vehicle Loan,1860000.0,10.59,48
LN-HM-01744,RET-01744,Vehicle Loan,380000.0,9.67,36
LN-HM-01745,RET-01745,Personal Loan,610000.0,12.66,36
LN-HM-01746,RET-01746,Personal Loan,1190000.0,12.05,48
LN-HM-01747,RET-01747,Home Loan,2940000.0,8.74,300
LN-HM-01748,RET-01748,Home Loan,2320000.0,8.84,300
LN-HM-01749,RET-01749,Home Loan,1620000.0,9.49,120
LN-HM-01750,RET-01750,Home Loan,6510000.0,8.5,180
LN-HM-01751,RET-01751,Vehicle Loan,580000.0,9.08,84
LN-HM-01752,RET-01752,Home Loan,1420000.0,8.8,180
LN-HM-01753,RET-01753,Home Loan,5260000.0,9.05,240
LN-HM-01754,RET-01754,Home Loan,4000000.0,8.64,300
LN-HM-01755,RET-01755,Vehicle Loan,1700000.0,10.26,84
LN-HM-01756,RET-01756,Home Loan,5610000.0,9.21,300
LN-HM-01757,RET-01757,Home Loan,4490000.0,8.81,180
LN-HM-01758,RET-01758,Personal Loan,930000.0,11.61,48
LN-HM-01759,RET-01759,Home Loan,1670000.0,8.71,180
LN-HM-01760,RET-01760,Personal Loan,4480000.0,11.37,24
LN-HM-01761,RET-01761,Personal Loan,820000.0,13.21,48
LN-HM-01762,RET-01762,Vehicle Loan,970000.0,10.66,72
LN-HM-01763,RET-01763,Home Loan,4730000.0,9.48,120
LN-HM-01764,RET-01764,Personal Loan,580000.0,11.34,48
LN-HM-01765,RET-01765,Vehicle Loan,600000.0,9.27,72
LN-HM-01766,RET-01766,Home Loan,10310000.0,9.43,300
LN-HM-01767,RET-01767,Personal Loan,320000.0,11.68,12
LN-HM-01768,RET-01768,Personal Loan,830000.0,12.33,36
LN-HM-01769,RET-01769,Vehicle Loan,1760000.0,9.91,60
LN-HM-01770,RET-01770,Home Loan,2240000.0,9.49,120
LN-HM-01771,RET-01771,Personal Loan,760000.0,12.14,36
LN-HM-01772,RET-01772,Personal Loan,740000.0,13.32,12
LN-HM-01773,RET-01773,Home Loan,3720000.0,9.18,180
LN-HM-01774,RET-01774,Home Loan,780000.0,8.59,120
LN-HM-01775,RET-01775,Home Loan,10710000.0,8.55,120
LN-HM-01776,RET-01776,Home Loan,1440000.0,9.49,120
LN-HM-01777,RET-01777,Vehicle Loan,1580000.0,9.83,84
LN-HM-01778,RET-01778,Vehicle Loan,450000.0,10.8,36
LN-HM-01779,RET-01779,Personal Loan,520000.0,13.15,24
LN-HM-01780,RET-01780,Home Loan,3350000.0,8.95,180
LN-HM-01781,RET-01781,Home Loan,4590000.0,8.79,240
LN-HM-01782,RET-01782,Home Loan,1400000.0,8.69,180
LN-HM-01783,RET-01783,Home Loan,10430000.0,8.53,240
LN-HM-01784,RET-01784,Vehicle Loan,1400000.0,10.98,48
LN-HM-01785,RET-01785,Home Loan,3820000.0,8.89,180
LN-HM-01786,RET-01786,Home Loan,3420000.0,9.45,180
LN-HM-01787,RET-01787,Personal Loan,1060000.0,13.33,36
LN-HM-01788,RET-01788,Home Loan,1060000.0,8.64,180
LN-HM-01789,RET-01789,Personal Loan,340000.0,11.48,48
LN-HM-01790,RET-01790,Home Loan,2370000.0,9.41,180
LN-HM-01791,RET-01791,Personal Loan,450000.0,12.88,48
LN-HM-01792,RET-01792,Home Loan,4100000.0,8.64,120
LN-HM-01793,RET-01793,Home Loan,3870000.0,8.53,240
LN-HM-01794,RET-01794,Home Loan,4040000.0,8.73,180
LN-HM-01795,RET-01795,Home Loan,3790000.0,9.35,300
LN-HM-01796,RET-01796,Personal Loan,2820000.0,12.91,60
LN-HM-01797,RET-01797,Vehicle Loan,1040000.0,10.18,36
LN-HM-01798,RET-01798,Personal Loan,150000.0,13.6,12
LN-HM-01799,RET-01799,Home Loan,4660000.0,9.35,240
LN-HM-01800,RET-01800,Personal Loan,530000.0,11.57,24
LN-HM-01801,RET-01801,Personal Loan,2020000.0,13.12,24
LN-HM-01802,RET-01802,Vehicle Loan,2030000.0,9.78,36
LN-HM-01803,RET-01803,Vehicle Loan,630000.0,9.01,60
LN-HM-01804,RET-01804,Home Loan,6270000.0,9.49,180
LN-HM-01805,RET-01805,Home Loan,2400000.0,8.59,300
LN-HM-01806,RET-01806,Personal Loan,1790000.0,13.92,36
LN-HM-01807,RET-01807,Vehicle Loan,2180000.0,10.45,72
LN-HM-01808,RET-01808,Vehicle Loan,690000.0,10.35,36
LN-HM-01809,RET-01809,Personal Loan,700000.0,12.28,24
LN-HM-01810,RET-01810,Vehicle Loan,1930000.0,10.19,72
LN-HM-01811,RET-01811,Home Loan,3760000.0,9.15,180
LN-HM-01812,RET-01812,Vehicle Loan,3490000.0,9.61,72
LN-HM-01813,RET-01813,Home Loan,7370000.0,8.67,300
LN-HM-01814,RET-01814,Home Loan,2120000.0,8.81,120
LN-HM-01815,RET-01815,Home Loan,3630000.0,9.05,240
LN-HM-01816,RET-01816,Vehicle Loan,2120000.0,9.06,48
LN-HM-01817,RET-01817,Home Loan,8340000.0,9.03,180
LN-HM-01818,RET-01818,Home Loan,4350000.0,9.15,240
LN-HM-01819,RET-01819,Home Loan,4070000.0,9.42,120
LN-HM-01820,RET-01820,Home Loan,6340000.0,8.93,300
LN-HM-01821,RET-01821,Home Loan,2260000.0,9.19,240
LN-HM-01822,RET-01822,Personal Loan,240000.0,13.84,12
LN-HM-01823,RET-01823,Home Loan,4180000.0,8.61,180
LN-HM-01824,RET-01824,Personal Loan,600000.0,13.2,60
LN-HM-01825,RET-01825,Home Loan,13830000.0,9.31,300
LN-HM-01826,RET-01826,Home Loan,2600000.0,9.31,120
LN-HM-01827,RET-01827,Vehicle Loan,1640000.0,10.06,72
LN-HM-01828,RET-01828,Home Loan,2380000.0,8.62,240
LN-HM-01829,RET-01829,Home Loan,5900000.0,8.86,120
LN-HM-01830,RET-01830,Personal Loan,470000.0,12.04,60
LN-HM-01831,RET-01831,Personal Loan,550000.0,13.8,36
LN-HM-01832,RET-01832,Personal Loan,940000.0,12.11,12
LN-HM-01833,RET-01833,Home Loan,1700000.0,9.02,300
LN-HM-01834,RET-01834,Home Loan,2940000.0,9.49,120
LN-HM-01835,RET-01835,Home Loan,6000000.0,8.66,300
LN-HM-01836,RET-01836,Home Loan,1360000.0,8.82,240
LN-HM-01837,RET-01837,Personal Loan,780000.0,11.67,12
LN-HM-01838,RET-01838,Home Loan,2550000.0,9.17,240
LN-HM-01839,RET-01839,Personal Loan,1040000.0,12.57,12
LN-HM-01840,RET-01840,Home Loan,840000.0,9.39,240
LN-HM-01841,RET-01841,Home Loan,3100000.0,8.65,300
LN-HM-01842,RET-01842,Home Loan,2130000.0,8.8,240
LN-HM-01843,RET-01843,Personal Loan,500000.0,13.32,24
LN-HM-01844,RET-01844,Home Loan,1320000.0,8.6,120
LN-HM-01845,RET-01845,Home Loan,1640000.0,9.29,300
LN-HM-01846,RET-01846,Personal Loan,570000.0,12.47,60
LN-HM-01847,RET-01847,Home Loan,3630000.0,9.0,180
LN-HM-01848,RET-01848,Home Loan,5110000.0,8.99,120
LN-HM-01849,RET-01849,Home Loan,1300000.0,8.93,120
LN-HM-01850,RET-01850,Personal Loan,430000.0,11.6,48
LN-HM-01851,RET-01851,Vehicle Loan,920000.0,10.75,36
LN-HM-01852,RET-01852,Home Loan,3190000.0,9.45,240
LN-HM-01853,RET-01853,Personal Loan,530000.0,11.13,12
LN-HM-01854,RET-01854,Vehicle Loan,1740000.0,9.97,72
LN-HM-01855,RET-01855,Home Loan,11100000.0,9.02,300
LN-HM-01856,RET-01856,Vehicle Loan,500000.0,10.27,60
LN-HM-01857,RET-01857,Personal Loan,330000.0,11.28,48
LN-HM-01858,RET-01858,Personal Loan,510000.0,13.68,36
LN-HM-01859,RET-01859,Home Loan,3350000.0,9.17,180
LN-HM-01860,RET-01860,Vehicle Loan,1770000.0,9.55,84
LN-HM-01861,RET-01861,Home Loan,5380000.0,9.08,240
LN-HM-01862,RET-01862,Vehicle Loan,1310000.0,9.6,36
LN-HM-01863,RET-01863,Home Loan,3360000.0,9.33,240
LN-HM-01864,RET-01864,Personal Loan,620000.0,11.02,36
LN-HM-01865,RET-01865,Home Loan,4320000.0,8.94,120
LN-HM-01866,RET-01866,Personal Loan,730000.0,12.19,12
LN-HM-01867,RET-01867,Home Loan,4360000.0,9.24,240
LN-HM-01868,RET-01868,Home Loan,1200000.0,8.66,300
LN-HM-01869,RET-01869,Home Loan,4010000.0,9.27,240
LN-HM-01870,RET-01870,Personal Loan,340000.0,12.97,36
LN-HM-01871,RET-01871,Home Loan,4810000.0,9.45,120
LN-HM-01872,RET-01872,Home Loan,4200000.0,8.62,180
LN-HM-01873,RET-01873,Home Loan,5330000.0,9.02,300
LN-HM-01874,RET-01874,Home Loan,2600000.0,9.29,180
LN-HM-01875,RET-01875,Vehicle Loan,1650000.0,9.82,48
LN-HM-01876,RET-01876,Vehicle Loan,2290000.0,10.0,36
LN-HM-01877,RET-01877,Home Loan,1640000.0,8.9,120
LN-HM-01878,RET-01878,Home Loan,1720000.0,9.16,240
LN-HM-01879,RET-01879,Personal Loan,1640000.0,12.37,24
LN-HM-01880,RET-01880,Personal Loan,630000.0,12.72,12
LN-HM-01881,RET-01881,Home Loan,6060000.0,8.9,300
LN-HM-01882,RET-01882,Vehicle Loan,1220000.0,10.28,60
LN-HM-01883,RET-01883,Home Loan,5250000.0,9.37,180
LN-HM-01884,RET-01884,Personal Loan,530000.0,13.44,48
LN-HM-01885,RET-01885,Home Loan,3710000.0,9.32,120
LN-HM-01886,RET-01886,Personal Loan,890000.0,11.91,24
LN-HM-01887,RET-01887,Personal Loan,250000.0,13.02,12
LN-HM-01888,RET-01888,Home Loan,4110000.0,9.18,120
LN-HM-01889,RET-01889,Personal Loan,220000.0,12.67,12
LN-HM-01890,RET-01890,Personal Loan,920000.0,12.09,36
LN-HM-01891,RET-01891,Home Loan,1100000.0,9.13,120
LN-HM-01892,RET-01892,Home Loan,1850000.0,8.98,120
LN-HM-01893,RET-01893,Home Loan,7150000.0,8.93,120
LN-HM-01894,RET-01894,Home Loan,1280000.0,8.62,180
LN-HM-01895,RET-01895,Personal Loan,470000.0,12.01,24
LN-HM-01896,RET-01896,Home Loan,4380000.0,8.83,240
LN-HM-01897,RET-01897,Home Loan,1200000.0,9.5,240
LN-HM-01898,RET-01898,Home Loan,5650000.0,9.47,120
LN-HM-01899,RET-01899,Home Loan,4520000.0,8.57,240
LN-HM-01900,RET-01900,Home Loan,2170000.0,8.95,300
LN-HM-01901,RET-01901,Personal Loan,1700000.0,11.76,12
LN-HM-01902,RET-01902,Personal Loan,240000.0,11.1,36
LN-HM-01903,RET-01903,Home Loan,2980000.0,8.63,120
LN-HM-01904,RET-01904,Vehicle Loan,580000.0,10.09,60
LN-HM-01905,RET-01905,Personal Loan,720000.0,12.96,36
LN-HM-01906,RET-01906,Vehicle Loan,680000.0,9.65,84
LN-HM-01907,RET-01907,Home Loan,7400000.0,9.14,120
LN-HM-01908,RET-01908,Personal Loan,320000.0,13.38,36
LN-HM-01909,RET-01909,Personal Loan,800000.0,13.58,60
LN-HM-01910,RET-01910,Home Loan,2100000.0,9.33,240
LN-HM-01911,RET-01911,Home Loan,1890000.0,9.22,120
LN-HM-01912,RET-01912,Home Loan,2310000.0,9.12,240
LN-HM-01913,RET-01913,Personal Loan,560000.0,12.18,36
LN-HM-01914,RET-01914,Home Loan,4000000.0,8.83,300
LN-HM-01915,RET-01915,Personal Loan,1330000.0,11.66,12
LN-HM-01916,RET-01916,Home Loan,3770000.0,9.42,180
LN-HM-01917,RET-01917,Home Loan,3640000.0,8.8,240
LN-HM-01918,RET-01918,Vehicle Loan,2150000.0,10.63,36
LN-HM-01919,RET-01919,Personal Loan,760000.0,12.89,12
LN-HM-01920,RET-01920,Home Loan,1680000.0,8.62,240
LN-HM-01921,RET-01921,Home Loan,4920000.0,9.12,240
LN-HM-01922,RET-01922,Home Loan,2900000.0,8.96,240
LN-HM-01923,RET-01923,Home Loan,2920000.0,8.58,240
LN-HM-01924,RET-01924,Personal Loan,400000.0,12.06,48
LN-HM-01925,RET-01925,Personal Loan,610000.0,11.09,24
LN-HM-01926,RET-01926,Home Loan,1450000.0,8.73,300
LN-HM-01927,RET-01927,Vehicle Loan,1120000.0,10.18,60
LN-HM-01928,RET-01928,Personal Loan,300000.0,12.69,24
LN-HM-01929,RET-01929,Personal Loan,1610000.0,11.94,60
LN-HM-01930,RET-01930,Personal Loan,690000.0,13.23,36
LN-HM-01931,RET-01931,Personal Loan,240000.0,12.53,48
LN-HM-01932,RET-01932,Personal Loan,1960000.0,11.9,12
LN-HM-01933,RET-01933,Home Loan,12230000.0,9.17,300
LN-HM-01934,RET-01934,Vehicle Loan,910000.0,10.77,48
LN-HM-01935,RET-01935,Home Loan,4130000.0,9.4,120
LN-HM-01936,RET-01936,Vehicle Loan,1110000.0,10.18,36
LN-HM-01937,RET-01937,Home Loan,10670000.0,9.45,180
LN-HM-01938,RET-01938,Home Loan,1080000.0,9.15,300
LN-HM-01939,RET-01939,Vehicle Loan,1220000.0,10.39,72
LN-HM-01940,RET-01940,Vehicle Loan,1310000.0,10.9,60
LN-HM-01941,RET-01941,Personal Loan,640000.0,11.24,12
LN-HM-01942,RET-01942,Home Loan,3430000.0,9.24,300
LN-HM-01943,RET-01943,Home Loan,6300000.0,8.86,240
LN-HM-01944,RET-01944,Vehicle Loan,1040000.0,10.01,36
LN-HM-01945,RET-01945,Home Loan,4450000.0,9.49,300
LN-HM-01946,RET-01946,Personal Loan,860000.0,13.21,36
LN-HM-01947,RET-01947,Personal Loan,700000.0,13.81,36
LN-HM-01948,RET-01948,Home Loan,4180000.0,8.72,120
LN-HM-01949,RET-01949,Home Loan,1920000.0,8.87,300
LN-HM-01950,RET-01950,Home Loan,14470000.0,8.7,180
LN-HM-01951,RET-01951,Home Loan,3230000.0,8.96,120
LN-HM-01952,RET-01952,Personal Loan,1020000.0,11.68,24
LN-HM-01953,RET-01953,Personal Loan,2830000.0,12.37,48
LN-HM-01954,RET-01954,Home Loan,1730000.0,8.96,120
LN-HM-01955,RET-01955,Personal Loan,1040000.0,13.36,60
LN-HM-01956,RET-01956,Home Loan,2370000.0,9.13,120
LN-HM-01957,RET-01957,Vehicle Loan,4300000.0,9.56,60
LN-HM-01958,RET-01958,Home Loan,1340000.0,9.23,300
LN-HM-01959,RET-01959,Home Loan,2070000.0,8.77,120
LN-HM-01960,RET-01960,Personal Loan,360000.0,13.31,60
LN-HM-01961,RET-01961,Personal Loan,490000.0,13.11,36
LN-HM-01962,RET-01962,Vehicle Loan,560000.0,9.2,36
LN-HM-01963,RET-01963,Personal Loan,2920000.0,11.85,12
LN-HM-01964,RET-01964,Vehicle Loan,900000.0,10.87,48
LN-HM-01965,RET-01965,Personal Loan,500000.0,13.12,48
LN-HM-01966,RET-01966,Vehicle Loan,1120000.0,9.42,48
LN-HM-01967,RET-01967,Home Loan,4240000.0,9.05,300
LN-HM-01968,RET-01968,Vehicle Loan,1600000.0,10.38,48
LN-HM-01969,RET-01969,Home Loan,1640000.0,9.41,300
LN-HM-01970,RET-01970,Home Loan,970000.0,9.18,180
LN-HM-01971,RET-01971,Home Loan,3480000.0,9.29,240
LN-HM-01972,RET-01972,Home Loan,4050000.0,9.29,120
LN-HM-01973,RET-01973,Home Loan,2390000.0,8.82,120
LN-HM-01974,RET-01974,Vehicle Loan,1690000.0,9.98,60
LN-HM-01975,RET-01975,Vehicle Loan,2020000.0,9.21,48
LN-HM-01976,RET-01976,Personal Loan,990000.0,13.07,48
LN-HM-01977,RET-01977,Home Loan,2440000.0,8.92,120
LN-HM-01978,RET-01978,Personal Loan,2420000.0,11.76,36
LN-HM-01979,RET-01979,Vehicle Loan,550000.0,9.39,48
LN-HM-01980,RET-01980,Home Loan,3210000.0,8.69,180
LN-HM-01981,RET-01981,Home Loan,2340000.0,8.92,240
LN-HM-01982,RET-01982,Vehicle Loan,940000.0,10.88,48
LN-HM-01983,RET-01983,Home Loan,6480000.0,8.74,180
LN-HM-01984,RET-01984,Personal Loan,270000.0,13.23,60
LN-HM-01985,RET-01985,Personal Loan,420000.0,11.07,36
LN-HM-01986,RET-01986,Home Loan,3610000.0,8.82,120
LN-HM-01987,RET-01987,Home Loan,2500000.0,8.51,300
LN-HM-01988,RET-01988,Vehicle Loan,790000.0,9.5,60
LN-HM-01989,RET-01989,Vehicle Loan,1170000.0,10.31,84
LN-HM-01990,RET-01990,Home Loan,1430000.0,9.04,300
LN-HM-01991,RET-01991,Home Loan,5000000.0,8.92,240
LN-HM-01992,RET-01992,Home Loan,3970000.0,8.83,240
LN-HM-01993,RET-01993,Home Loan,2850000.0,9.47,300
LN-HM-01994,RET-01994,Home Loan,7930000.0,8.54,300
LN-HM-01995,RET-01995,Home Loan,5030000.0,8.96,240
LN-HM-01996,RET-01996,Home Loan,3590000.0,9.25,120
LN-HM-01997,RET-01997,Personal Loan,400000.0,12.38,36
LN-HM-01998,RET-01998,Vehicle Loan,2330000.0,9.55,72
LN-HM-01999,RET-01999,Home Loan,2580000.0,8.79,120
LN-HM-02000,RET-02000,Personal Loan,810000.0,12.25,60
LN-HM-02001,RET-02001,Personal Loan,510000.0,13.86,36
LN-HM-02002,RET-02002,Personal Loan,950000.0,13.07,48
LN-HM-02003,RET-02003,Home Loan,10950000.0,9.29,300
LN-HM-02004,RET-02004,Vehicle Loan,1220000.0,10.57,84
LN-HM-02005,RET-02005,Home Loan,3160000.0,9.1,240
LN-HM-02006,RET-02006,Home Loan,4160000.0,8.78,120
LN-HM-02007,RET-02007,Personal Loan,340000.0,13.67,12
LN-HM-02008,RET-02008,Home Loan,3500000.0,8.58,300
LN-HM-02009,RET-02009,Home Loan,11100000.0,8.98,120
LN-HM-02010,RET-02010,Home Loan,6340000.0,9.18,120
LN-HM-02011,RET-02011,Home Loan,7730000.0,8.97,240
LN-HM-02012,RET-02012,Home Loan,4200000.0,9.42,120
LN-HM-02013,RET-02013,Personal Loan,640000.0,13.87,36
LN-HM-02014,RET-02014,Vehicle Loan,4350000.0,10.91,72
LN-HM-02015,RET-02015,Vehicle Loan,480000.0,10.65,60
LN-HM-02016,RET-02016,Home Loan,3000000.0,9.2,120
LN-HM-02017,RET-02017,Home Loan,1380000.0,9.18,120
LN-HM-02018,RET-02018,Home Loan,910000.0,9.05,180
LN-HM-02019,RET-02019,Personal Loan,650000.0,11.87,36
LN-HM-02020,RET-02020,Vehicle Loan,700000.0,9.72,72
LN-HM-02021,RET-02021,Vehicle Loan,2320000.0,10.1,72
LN-HM-02022,RET-02022,Home Loan,820000.0,9.46,240
LN-HM-02023,RET-02023,Home Loan,2250000.0,8.7,240
LN-HM-02024,RET-02024,Home Loan,1360000.0,9.46,120
LN-HM-02025,RET-02025,Vehicle Loan,1130000.0,9.16,84
LN-HM-02026,RET-02026,Vehicle Loan,2860000.0,9.2,48
LN-HM-02027,RET-02027,Vehicle Loan,4140000.0,10.68,36
LN-HM-02028,RET-02028,Home Loan,4800000.0,8.88,300
LN-HM-02029,RET-02029,Personal Loan,390000.0,13.05,24
LN-HM-02030,RET-02030,Personal Loan,450000.0,11.98,48
LN-HM-02031,RET-02031,Vehicle Loan,1440000.0,10.77,72
LN-HM-02032,RET-02032,Personal Loan,230000.0,13.58,12
LN-HM-02033,RET-02033,Home Loan,6290000.0,8.97,180
LN-HM-02034,RET-02034,Home Loan,10860000.0,9.3,120
LN-HM-02035,RET-02035,Vehicle Loan,530000.0,9.49,60
LN-HM-02036,RET-02036,Home Loan,1310000.0,8.54,180
LN-HM-02037,RET-02037,Home Loan,2000000.0,8.83,240
LN-HM-02038,RET-02038,Personal Loan,600000.0,11.88,36
LN-HM-02039,RET-02039,Vehicle Loan,1190000.0,10.12,84
LN-HM-02040,RET-02040,Personal Loan,500000.0,12.2,60
LN-HM-02041,RET-02041,Home Loan,6010000.0,8.97,300
LN-HM-02042,RET-02042,Home Loan,2890000.0,9.0,180
LN-HM-02043,RET-02043,Personal Loan,1040000.0,13.35,36
LN-HM-02044,RET-02044,Personal Loan,380000.0,13.97,36
LN-HM-02045,RET-02045,Home Loan,3610000.0,9.43,300
LN-HM-02046,RET-02046,Personal Loan,410000.0,13.59,36
LN-HM-02047,RET-02047,Home Loan,2500000.0,8.91,180
LN-HM-02048,RET-02048,Personal Loan,340000.0,12.83,12
LN-HM-02049,RET-02049,Personal Loan,870000.0,13.01,12
LN-HM-02050,RET-02050,Personal Loan,650000.0,11.62,60
LN-HM-02051,RET-02051,Vehicle Loan,1200000.0,10.25,84
LN-HM-02052,RET-02052,Vehicle Loan,980000.0,9.78,84
LN-HM-02053,RET-02053,Vehicle Loan,1430000.0,9.58,60
LN-HM-02054,RET-02054,Personal Loan,950000.0,11.2,12
LN-HM-02055,RET-02055,Home Loan,1560000.0,9.42,180
LN-HM-02056,RET-02056,Vehicle Loan,4020000.0,10.05,48
LN-HM-02057,RET-02057,Home Loan,990000.0,8.88,120
LN-HM-02058,RET-02058,Home Loan,9920000.0,9.49,120
LN-HM-02059,RET-02059,Home Loan,4290000.0,9.28,240
LN-HM-02060,RET-02060,Home Loan,2360000.0,9.37,300
LN-HM-02061,RET-02061,Personal Loan,350000.0,11.65,36
LN-HM-02062,RET-02062,Home Loan,2410000.0,8.61,120
LN-HM-02063,RET-02063,Home Loan,2230000.0,8.85,300
LN-HM-02064,RET-02064,Personal Loan,750000.0,12.79,24
LN-HM-02065,RET-02065,Home Loan,9490000.0,9.15,300
LN-HM-02066,RET-02066,Home Loan,3690000.0,9.34,120
LN-HM-02067,RET-02067,Personal Loan,870000.0,12.13,48
LN-HM-02068,RET-02068,Personal Loan,540000.0,11.33,48
LN-HM-02069,RET-02069,Home Loan,2320000.0,9.23,180
LN-HM-02070,RET-02070,Home Loan,3030000.0,9.43,180
LN-HM-02071,RET-02071,Home Loan,3890000.0,8.96,120
LN-HM-02072,RET-02072,Personal Loan,850000.0,12.58,12
LN-HM-02073,RET-02073,Home Loan,2150000.0,9.1,180
LN-HM-02074,RET-02074,Home Loan,2210000.0,8.6,240
LN-HM-02075,RET-02075,Personal Loan,1130000.0,11.2,36
LN-HM-02076,RET-02076,Home Loan,1330000.0,9.08,180
LN-HM-02077,RET-02077,Home Loan,4420000.0,8.56,300
LN-HM-02078,RET-02078,Vehicle Loan,690000.0,9.8,48
LN-HM-02079,RET-02079,Personal Loan,700000.0,11.61,12
LN-HM-02080,RET-02080,Vehicle Loan,2030000.0,9.81,60
LN-HM-02081,RET-02081,Personal Loan,380000.0,12.45,12
LN-HM-02082,RET-02082,Home Loan,5370000.0,8.57,240
LN-HM-02083,RET-02083,Personal Loan,690000.0,12.46,36
LN-HM-02084,RET-02084,Home Loan,1840000.0,9.26,300
LN-HM-02085,RET-02085,Vehicle Loan,1410000.0,9.14,48
LN-HM-02086,RET-02086,Personal Loan,1430000.0,11.48,48
LN-HM-02087,RET-02087,Vehicle Loan,1310000.0,9.02,84
LN-HM-02088,RET-02088,Personal Loan,2040000.0,11.89,48
LN-HM-02089,RET-02089,Home Loan,3100000.0,9.21,240
LN-HM-02090,RET-02090,Personal Loan,440000.0,11.69,36
LN-HM-02091,RET-02091,Personal Loan,460000.0,11.48,60
LN-HM-02092,RET-02092,Home Loan,1310000.0,9.04,300
LN-HM-02093,RET-02093,Vehicle Loan,720000.0,9.49,36
LN-HM-02094,RET-02094,Home Loan,1960000.0,9.17,120
LN-HM-02095,RET-02095,Home Loan,7330000.0,9.2,300
LN-HM-02096,RET-02096,Home Loan,7580000.0,8.55,300
LN-HM-02097,RET-02097,Home Loan,2820000.0,9.18,240
LN-HM-02098,RET-02098,Vehicle Loan,1660000.0,10.67,48
LN-HM-02099,RET-02099,Home Loan,2100000.0,8.97,240
LN-HM-02100,RET-02100,Home Loan,1090000.0,8.55,300
LN-HM-02101,RET-02101,Home Loan,3860000.0,8.72,240
LN-HM-02102,RET-02102,Home Loan,5360000.0,9.26,120
LN-HM-02103,RET-02103,Vehicle Loan,720000.0,9.06,72
LN-HM-02104,RET-02104,Home Loan,2240000.0,8.96,240
LN-HM-02105,RET-02105,Home Loan,6380000.0,9.02,120
LN-HM-02106,RET-02106,Personal Loan,250000.0,12.23,60
LN-HM-02107,RET-02107,Vehicle Loan,1060000.0,9.38,48
LN-HM-02108,RET-02108,Home Loan,1840000.0,8.96,300
LN-HM-02109,RET-02109,Home Loan,4290000.0,9.37,300
LN-HM-02110,RET-02110,Home Loan,5710000.0,9.32,120
LN-HM-02111,RET-02111,Vehicle Loan,520000.0,10.76,84
LN-HM-02112,RET-02112,Home Loan,1430000.0,8.65,240
LN-HM-02113,RET-02113,Vehicle Loan,2890000.0,9.63,48
LN-HM-02114,RET-02114,Home Loan,3450000.0,8.58,300
LN-HM-02115,RET-02115,Home Loan,4170000.0,8.65,240
LN-HM-02116,RET-02116,Home Loan,7020000.0,9.18,300
LN-HM-02117,RET-02117,Vehicle Loan,440000.0,10.2,36
LN-HM-02118,RET-02118,Personal Loan,1100000.0,11.37,24
LN-HM-02119,RET-02119,Home Loan,5790000.0,9.12,300
LN-HM-02120,RET-02120,Vehicle Loan,3370000.0,10.51,60
LN-HM-02121,RET-02121,Home Loan,5410000.0,9.31,180
LN-HM-02122,RET-02122,Vehicle Loan,1120000.0,10.93,84
LN-HM-02123,RET-02123,Personal Loan,900000.0,13.91,24
LN-HM-02124,RET-02124,Vehicle Loan,1410000.0,9.49,72
LN-HM-02125,RET-02125,Personal Loan,1030000.0,13.32,12
LN-HM-02126,RET-02126,Personal Loan,240000.0,11.49,36
LN-HM-02127,RET-02127,Home Loan,3810000.0,8.98,300
LN-HM-02128,RET-02128,Personal Loan,360000.0,11.03,48
LN-HM-02129,RET-02129,Personal Loan,500000.0,13.92,12
LN-HM-02130,RET-02130,Home Loan,4950000.0,8.56,180
LN-HM-02131,RET-02131,Vehicle Loan,1590000.0,9.15,60
LN-HM-02132,RET-02132,Personal Loan,740000.0,11.38,24
LN-HM-02133,RET-02133,Personal Loan,660000.0,12.45,36
LN-HM-02134,RET-02134,Personal Loan,440000.0,12.1,24
LN-HM-02135,RET-02135,Personal Loan,220000.0,13.95,36
LN-HM-02136,RET-02136,Vehicle Loan,1850000.0,10.53,36
LN-HM-02137,RET-02137,Home Loan,1400000.0,9.24,300
LN-HM-02138,RET-02138,Home Loan,1540000.0,9.38,240
LN-HM-02139,RET-02139,Home Loan,7470000.0,9.24,300
LN-HM-02140,RET-02140,Home Loan,3450000.0,9.08,240
LN-HM-02141,RET-02141,Home Loan,3850000.0,8.99,300
LN-HM-02142,RET-02142,Personal Loan,1210000.0,12.56,60
LN-HM-02143,RET-02143,Personal Loan,1520000.0,12.42,12
LN-HM-02144,RET-02144,Vehicle Loan,900000.0,9.01,72
LN-HM-02145,RET-02145,Personal Loan,1280000.0,11.45,60
LN-HM-02146,RET-02146,Home Loan,9920000.0,9.01,240
LN-HM-02147,RET-02147,Home Loan,2630000.0,9.3,300
LN-HM-02148,RET-02148,Home Loan,11330000.0,9.31,120
LN-HM-02149,RET-02149,Personal Loan,360000.0,12.72,60
LN-HM-02150,RET-02150,Personal Loan,260000.0,13.94,36
LN-HM-02151,RET-02151,Personal Loan,340000.0,11.63,36
LN-HM-02152,RET-02152,Home Loan,4410000.0,9.43,120
LN-HM-02153,RET-02153,Vehicle Loan,3180000.0,10.63,48
LN-HM-02154,RET-02154,Personal Loan,480000.0,13.24,36
LN-HM-02155,RET-02155,Vehicle Loan,1590000.0,10.0,60
LN-HM-02156,RET-02156,Home Loan,13830000.0,8.97,120
LN-HM-02157,RET-02157,Personal Loan,1990000.0,13.87,48
LN-HM-02158,RET-02158,Personal Loan,520000.0,13.65,36
LN-HM-02159,RET-02159,Personal Loan,1430000.0,12.27,48
LN-HM-02160,RET-02160,Personal Loan,690000.0,12.76,12
LN-HM-02161,RET-02161,Vehicle Loan,890000.0,11.0,72
LN-HM-02162,RET-02162,Personal Loan,730000.0,11.71,12
LN-HM-02163,RET-02163,Home Loan,2440000.0,9.14,240
LN-HM-02164,RET-02164,Personal Loan,780000.0,11.32,12
LN-HM-02165,RET-02165,Vehicle Loan,390000.0,9.79,60
LN-HM-02166,RET-02166,Home Loan,1090000.0,8.52,120
LN-HM-02167,RET-02167,Vehicle Loan,950000.0,10.75,72
LN-HM-02168,RET-02168,Vehicle Loan,1540000.0,9.92,84
LN-HM-02169,RET-02169,Home Loan,1980000.0,9.0,120
LN-HM-02170,RET-02170,Home Loan,4670000.0,9.39,120
LN-HM-02171,RET-02171,Personal Loan,700000.0,12.09,48
LN-HM-02172,RET-02172,Home Loan,4060000.0,9.45,240
LN-HM-02173,RET-02173,Home Loan,4560000.0,9.04,240
LN-HM-02174,RET-02174,Personal Loan,1770000.0,11.27,36
LN-HM-02175,RET-02175,Personal Loan,1110000.0,11.99,60
LN-HM-02176,RET-02176,Personal Loan,420000.0,11.29,24
LN-HM-02177,RET-02177,Vehicle Loan,1500000.0,9.26,60
LN-HM-02178,RET-02178,Vehicle Loan,4490000.0,10.82,36
LN-HM-02179,RET-02179,Home Loan,7390000.0,9.17,180
LN-HM-02180,RET-02180,Home Loan,3900000.0,8.87,240
LN-HM-02181,RET-02181,Personal Loan,980000.0,12.59,36
LN-HM-02182,RET-02182,Vehicle Loan,770000.0,10.17,48
LN-HM-02183,RET-02183,Home Loan,1170000.0,8.81,240
LN-HM-02184,RET-02184,Home Loan,11150000.0,9.08,240
LN-HM-02185,RET-02185,Personal Loan,960000.0,12.04,24
LN-HM-02186,RET-02186,Personal Loan,320000.0,11.5,60
LN-HM-02187,RET-02187,Home Loan,4070000.0,8.7,300
LN-HM-02188,RET-02188,Personal Loan,990000.0,13.27,36
LN-HM-02189,RET-02189,Personal Loan,520000.0,13.93,24
LN-HM-02190,RET-02190,Home Loan,1990000.0,8.94,120
LN-HM-02191,RET-02191,Personal Loan,690000.0,11.14,48
LN-HM-02192,RET-02192,Home Loan,6480000.0,8.95,240
LN-HM-02193,RET-02193,Home Loan,2540000.0,9.05,180
LN-HM-02194,RET-02194,Home Loan,2500000.0,8.69,180
LN-HM-02195,RET-02195,Personal Loan,1250000.0,11.04,36
LN-HM-02196,RET-02196,Home Loan,1570000.0,9.06,120
LN-HM-02197,RET-02197,Vehicle Loan,700000.0,9.47,36
LN-HM-02198,RET-02198,Home Loan,2680000.0,8.71,240
LN-HM-02199,RET-02199,Vehicle Loan,2100000.0,9.12,72
LN-HM-02200,RET-02200,Vehicle Loan,950000.0,9.15,84
LN-HM-02201,RET-02201,Home Loan,4710000.0,9.07,240
LN-HM-02202,RET-02202,Home Loan,6950000.0,8.89,180
LN-HM-02203,RET-02203,Vehicle Loan,690000.0,10.43,84
LN-HM-02204,RET-02204,Personal Loan,5430000.0,13.96,12
LN-HM-02205,RET-02205,Home Loan,7970000.0,8.73,300
LN-HM-02206,RET-02206,Vehicle Loan,1020000.0,10.76,84
LN-HM-02207,RET-02207,Home Loan,1980000.0,9.05,180
LN-HM-02208,RET-02208,Vehicle Loan,820000.0,10.89,72
LN-HM-02209,RET-02209,Personal Loan,2150000.0,13.76,36
LN-HM-02210,RET-02210,Home Loan,2660000.0,9.32,120
LN-HM-02211,RET-02211,Personal Loan,340000.0,11.08,36
LN-HM-02212,RET-02212,Vehicle Loan,400000.0,9.89,84
LN-HM-02213,RET-02213,Personal Loan,1030000.0,11.36,60
LN-HM-02214,RET-02214,Home Loan,3110000.0,9.07,300
LN-HM-02215,RET-02215,Home Loan,1490000.0,8.95,180
LN-HM-02216,RET-02216,Home Loan,1140000.0,8.72,120
LN-HM-02217,RET-02217,Home Loan,810000.0,9.47,240
LN-HM-02218,RET-02218,Home Loan,1600000.0,9.03,180
LN-HM-02219,RET-02219,Home Loan,2090000.0,9.0,120
LN-HM-02220,RET-02220,Personal Loan,800000.0,13.36,24
LN-HM-02221,RET-02221,Vehicle Loan,1360000.0,10.29,60
LN-HM-02222,RET-02222,Vehicle Loan,1940000.0,10.28,48
LN-HM-02223,RET-02223,Personal Loan,1560000.0,11.06,24
LN-HM-02224,RET-02224,Vehicle Loan,1190000.0,10.16,60
LN-HM-02225,RET-02225,Home Loan,6860000.0,9.3,240
LN-HM-02226,RET-02226,Home Loan,1560000.0,9.39,300
LN-HM-02227,RET-02227,Personal Loan,410000.0,11.5,24
LN-HM-02228,RET-02228,Personal Loan,4090000.0,13.18,36
LN-HM-02229,RET-02229,Home Loan,1160000.0,8.68,180
LN-HM-02230,RET-02230,Vehicle Loan,760000.0,9.92,72
LN-HM-02231,RET-02231,Home Loan,5780000.0,8.68,300
LN-HM-02232,RET-02232,Home Loan,1100000.0,8.51,300
LN-HM-02233,RET-02233,Vehicle Loan,490000.0,10.51,84
LN-HM-02234,RET-02234,Personal Loan,3490000.0,11.06,60
LN-HM-02235,RET-02235,Home Loan,3630000.0,9.35,300
LN-HM-02236,RET-02236,Home Loan,2180000.0,8.98,240
LN-HM-02237,RET-02237,Personal Loan,790000.0,13.13,12
LN-HM-02238,RET-02238,Vehicle Loan,860000.0,9.32,48
LN-HM-02239,RET-02239,Home Loan,10620000.0,8.6,120
LN-HM-02240,RET-02240,Vehicle Loan,800000.0,10.19,48
LN-HM-02241,RET-02241,Personal Loan,510000.0,13.01,12
LN-HM-02242,RET-02242,Home Loan,970000.0,8.54,120
LN-HM-02243,RET-02243,Vehicle Loan,1130000.0,10.74,48
LN-HM-02244,RET-02244,Vehicle Loan,1040000.0,10.53,36
LN-HM-02245,RET-02245,Home Loan,8080000.0,8.51,240
LN-HM-02246,RET-02246,Home Loan,1380000.0,9.33,180
LN-HM-02247,RET-02247,Vehicle Loan,1340000.0,9.67,72
LN-HM-02248,RET-02248,Vehicle Loan,1130000.0,9.25,36
LN-HM-02249,RET-02249,Home Loan,760000.0,8.65,240
LN-HM-02250,RET-02250,Personal Loan,280000.0,13.53,24
LN-HM-02251,RET-02251,Home Loan,1660000.0,8.7,120
LN-HM-02252,RET-02252,Vehicle Loan,2280000.0,9.45,84
LN-HM-02253,RET-02253,Home Loan,3310000.0,9.04,300
LN-HM-02254,RET-02254,Home Loan,4240000.0,9.38,300
LN-HM-02255,RET-02255,Vehicle Loan,450000.0,9.3,84
LN-HM-02256,RET-02256,Personal Loan,230000.0,11.46,60
LN-HM-02257,RET-02257,Personal Loan,1580000.0,11.25,48
LN-HM-02258,RET-02258,Vehicle Loan,2010000.0,9.24,48
LN-HM-02259,RET-02259,Personal Loan,370000.0,12.63,12
LN-HM-02260,RET-02260,Personal Loan,420000.0,11.55,24
LN-HM-02261,RET-02261,Home Loan,3890000.0,9.26,300
LN-HM-02262,RET-02262,Vehicle Loan,1000000.0,9.21,84
LN-HM-02263,RET-02263,Home Loan,3000000.0,8.84,300
LN-HM-02264,RET-02264,Vehicle Loan,1920000.0,10.74,84
LN-HM-02265,RET-02265,Personal Loan,1190000.0,12.85,60
LN-HM-02266,RET-02266,Home Loan,2340000.0,8.71,300
LN-HM-02267,RET-02267,Vehicle Loan,390000.0,10.39,84
LN-HM-02268,RET-02268,Personal Loan,660000.0,12.43,24
LN-HM-02269,RET-02269,Home Loan,3720000.0,8.97,120
LN-HM-02270,RET-02270,Personal Loan,1290000.0,14.0,60
LN-HM-02271,RET-02271,Home Loan,6160000.0,9.21,120
LN-HM-02272,RET-02272,Home Loan,7440000.0,8.63,300
LN-HM-02273,RET-02273,Home Loan,4500000.0,9.21,300
LN-HM-02274,RET-02274,Home Loan,2680000.0,8.94,180
LN-HM-02275,RET-02275,Personal Loan,1630000.0,11.87,48
LN-HM-02276,RET-02276,Home Loan,3480000.0,9.09,120
LN-HM-02277,RET-02277,Personal Loan,1190000.0,13.37,36
LN-HM-02278,RET-02278,Home Loan,5280000.0,9.16,240
LN-HM-02279,RET-02279,Vehicle Loan,800000.0,9.16,48
LN-HM-02280,RET-02280,Home Loan,3350000.0,8.58,180
LN-HM-02281,RET-02281,Personal Loan,1280000.0,12.52,48
LN-HM-02282,RET-02282,Vehicle Loan,730000.0,9.7,48
LN-HM-02283,RET-02283,Home Loan,2380000.0,9.4,120
LN-HM-02284,RET-02284,Home Loan,2310000.0,9.12,180
LN-HM-02285,RET-02285,Home Loan,3920000.0,9.38,240
LN-HM-02286,RET-02286,Home Loan,3230000.0,8.91,300
LN-HM-02287,RET-02287,Home Loan,4210000.0,8.62,240
LN-HM-02288,RET-02288,Personal Loan,660000.0,11.72,24
LN-HM-02289,RET-02289,Home Loan,2420000.0,9.21,240
LN-HM-02290,RET-02290,Home Loan,1780000.0,8.54,240
LN-HM-02291,RET-02291,Vehicle Loan,510000.0,9.85,60
LN-HM-02292,RET-02292,Personal Loan,380000.0,12.11,48
LN-HM-02293,RET-02293,Home Loan,1300000.0,9.48,300
LN-HM-02294,RET-02294,Personal Loan,1340000.0,11.2,48
LN-HM-02295,RET-02295,Home Loan,13570000.0,8.97,300
LN-HM-02296,RET-02296,Home Loan,1980000.0,8.9,180
LN-HM-02297,RET-02297,Home Loan,3110000.0,9.03,120
LN-HM-02298,RET-02298,Home Loan,1650000.0,9.19,240
LN-HM-02299,RET-02299,Personal Loan,930000.0,11.8,48
LN-HM-02300,RET-02300,Home Loan,3160000.0,8.52,180
LN-HM-02301,RET-02301,Home Loan,2270000.0,8.87,180
LN-HM-02302,RET-02302,Home Loan,1640000.0,9.23,120
LN-HM-02303,RET-02303,Vehicle Loan,750000.0,9.33,60
LN-HM-02304,RET-02304,Home Loan,4160000.0,8.66,180
LN-HM-02305,RET-02305,Personal Loan,890000.0,12.56,36
LN-HM-02306,RET-02306,Vehicle Loan,1250000.0,10.85,72
LN-HM-02307,RET-02307,Home Loan,4690000.0,9.35,120
LN-HM-02308,RET-02308,Personal Loan,440000.0,13.93,48
LN-HM-02309,RET-02309,Vehicle Loan,1310000.0,10.07,48
LN-HM-02310,RET-02310,Home Loan,3350000.0,9.34,300
LN-HM-02311,RET-02311,Home Loan,1660000.0,9.45,300
LN-HM-02312,RET-02312,Personal Loan,670000.0,13.78,12
LN-HM-02313,RET-02313,Vehicle Loan,1760000.0,10.71,36
LN-HM-02314,RET-02314,Home Loan,2040000.0,9.11,120
LN-HM-02315,RET-02315,Personal Loan,2770000.0,11.78,12
LN-HM-02316,RET-02316,Personal Loan,640000.0,11.03,48
LN-HM-02317,RET-02317,Personal Loan,610000.0,11.57,36
LN-HM-02318,RET-02318,Personal Loan,730000.0,11.71,48
LN-HM-02319,RET-02319,Personal Loan,1630000.0,11.97,24
LN-HM-02320,RET-02320,Personal Loan,390000.0,11.82,36
LN-HM-02321,RET-02321,Vehicle Loan,870000.0,10.66,72
LN-HM-02322,RET-02322,Personal Loan,2370000.0,11.1,12
LN-HM-02323,RET-02323,Vehicle Loan,900000.0,9.33,72
LN-HM-02324,RET-02324,Home Loan,3310000.0,8.91,300
LN-HM-02325,RET-02325,Vehicle Loan,810000.0,10.81,84
LN-HM-02326,RET-02326,Personal Loan,1120000.0,13.56,24
LN-HM-02327,RET-02327,Personal Loan,1000000.0,11.33,12
LN-HM-02328,RET-02328,Home Loan,7280000.0,8.88,240
LN-HM-02329,RET-02329,Personal Loan,580000.0,12.09,60
LN-HM-02330,RET-02330,Personal Loan,160000.0,12.43,36
LN-HM-02331,RET-02331,Personal Loan,840000.0,11.5,12
LN-HM-02332,RET-02332,Personal Loan,530000.0,11.04,48
LN-HM-02333,RET-02333,Vehicle Loan,1270000.0,10.06,60
LN-HM-02334,RET-02334,Vehicle Loan,1840000.0,9.01,72
LN-HM-02335,RET-02335,Vehicle Loan,4260000.0,11.0,72
LN-HM-02336,RET-02336,Home Loan,2230000.0,8.65,240
LN-HM-02337,RET-02337,Personal Loan,330000.0,12.07,36
LN-HM-02338,RET-02338,Home Loan,2530000.0,9.15,240
LN-HM-02339,RET-02339,Personal Loan,1340000.0,12.79,60
LN-HM-02340,RET-02340,Home Loan,2340000.0,9.34,180
LN-HM-02341,RET-02341,Personal Loan,850000.0,13.02,48
LN-HM-02342,RET-02342,Vehicle Loan,1010000.0,9.85,84
LN-HM-02343,RET-02343,Home Loan,4720000.0,8.74,240
LN-HM-02344,RET-02344,Vehicle Loan,1430000.0,10.52,60
LN-HM-02345,RET-02345,Personal Loan,990000.0,12.68,12
LN-HM-02346,RET-02346,Personal Loan,1100000.0,11.52,36
LN-HM-02347,RET-02347,Vehicle Loan,490000.0,9.15,48
LN-HM-02348,RET-02348,Personal Loan,510000.0,11.77,60
LN-HM-02349,RET-02349,Home Loan,3000000.0,9.38,120
LN-HM-02350,RET-02350,Home Loan,1740000.0,8.82,180
LN-HM-02351,RET-02351,Home Loan,3360000.0,9.22,240
LN-HM-02352,RET-02352,Home Loan,2490000.0,9.43,240
LN-HM-02353,RET-02353,Home Loan,2550000.0,8.94,180
LN-HM-02354,RET-02354,Home Loan,3910000.0,8.61,120
LN-HM-02355,RET-02355,Home Loan,3110000.0,9.16,120
LN-HM-02356,RET-02356,Vehicle Loan,420000.0,10.31,84
LN-HM-02357,RET-02357,Personal Loan,510000.0,12.06,24
LN-HM-02358,RET-02358,Home Loan,3470000.0,8.66,300
LN-HM-02359,RET-02359,Personal Loan,690000.0,11.08,60
LN-HM-02360,RET-02360,Home Loan,4540000.0,9.17,240
LN-HM-02361,RET-02361,Home Loan,5670000.0,9.09,300
LN-HM-02362,RET-02362,Home Loan,1850000.0,9.44,300
LN-HM-02363,RET-02363,Personal Loan,2250000.0,11.95,12
LN-HM-02364,RET-02364,Personal Loan,2420000.0,11.35,48
LN-HM-02365,RET-02365,Personal Loan,130000.0,11.06,60
LN-HM-02366,RET-02366,Home Loan,2770000.0,9.11,240
LN-HM-02367,RET-02367,Personal Loan,350000.0,13.18,36
LN-HM-02368,RET-02368,Home Loan,3160000.0,8.85,120
LN-HM-02369,RET-02369,Home Loan,2100000.0,8.91,240
LN-HM-02370,RET-02370,Personal Loan,540000.0,13.99,60
LN-HM-02371,RET-02371,Vehicle Loan,2500000.0,9.65,36
LN-HM-02372,RET-02372,Home Loan,1560000.0,9.36,300
LN-HM-02373,RET-02373,Vehicle Loan,1470000.0,9.31,84
LN-HM-02374,RET-02374,Personal Loan,380000.0,12.11,24
LN-HM-02375,RET-02375,Vehicle Loan,2740000.0,9.81,84
LN-HM-02376,RET-02376,Personal Loan,930000.0,13.38,12
LN-HM-02377,RET-02377,Vehicle Loan,1430000.0,9.95,48
LN-HM-02378,RET-02378,Home Loan,3420000.0,8.81,300
LN-HM-02379,RET-02379,Personal Loan,420000.0,13.41,12
LN-HM-02380,RET-02380,Home Loan,3430000.0,9.05,240
LN-HM-02381,RET-02381,Home Loan,10490000.0,9.08,300
LN-HM-02382,RET-02382,Vehicle Loan,580000.0,10.4,60
LN-HM-02383,RET-02383,Home Loan,1300000.0,9.35,240
LN-HM-02384,RET-02384,Personal Loan,660000.0,13.01,36
LN-HM-02385,RET-02385,Vehicle Loan,700000.0,9.44,72
LN-HM-02386,RET-02386,Home Loan,4330000.0,8.6,180
LN-HM-02387,RET-02387,Personal Loan,830000.0,11.72,12
LN-HM-02388,RET-02388,Home Loan,6190000.0,9.03,300
LN-HM-02389,RET-02389,Home Loan,2750000.0,8.53,240
LN-HM-02390,RET-02390,Home Loan,3050000.0,8.91,120
LN-HM-02391,RET-02391,Home Loan,4510000.0,9.12,240
LN-HM-02392,RET-02392,Vehicle Loan,2860000.0,10.11,60
LN-HM-02393,RET-02393,Home Loan,4170000.0,9.12,180
LN-HM-02394,RET-02394,Vehicle Loan,2380000.0,9.31,84
LN-HM-02395,RET-02395,Home Loan,7520000.0,8.75,240
LN-HM-02396,RET-02396,Home Loan,3210000.0,8.54,120
LN-HM-02397,RET-02397,Vehicle Loan,1110000.0,10.72,36
LN-HM-02398,RET-02398,Personal Loan,700000.0,11.05,60
LN-HM-02399,RET-02399,Home Loan,8480000.0,9.45,120
LN-HM-02400,RET-02400,Vehicle Loan,730000.0,10.49,84
LN-HM-02401,RET-02401,Home Loan,2240000.0,9.05,240
LN-HM-02402,RET-02402,Home Loan,3560000.0,8.58,120
LN-HM-02403,RET-02403,Home Loan,1750000.0,9.22,120
LN-HM-02404,RET-02404,Home Loan,2380000.0,9.37,180
LN-HM-02405,RET-02405,Home Loan,7640000.0,8.8,240
LN-HM-02406,RET-02406,Personal Loan,1100000.0,12.65,24
LN-HM-02407,RET-02407,Home Loan,1840000.0,8.85,300
LN-HM-02408,RET-02408,Personal Loan,1510000.0,12.85,12
LN-HM-02409,RET-02409,Vehicle Loan,4410000.0,9.37,84
LN-HM-02410,RET-02410,Home Loan,4820000.0,9.21,300
LN-HM-02411,RET-02411,Home Loan,8020000.0,9.41,240
LN-HM-02412,RET-02412,Home Loan,5940000.0,9.48,300
LN-HM-02413,RET-02413,Vehicle Loan,980000.0,10.19,60
LN-HM-02414,RET-02414,Vehicle Loan,1560000.0,9.46,36
LN-HM-02415,RET-02415,Personal Loan,1450000.0,12.52,24
LN-HM-02416,RET-02416,Personal Loan,460000.0,11.08,36
LN-HM-02417,RET-02417,Home Loan,1050000.0,9.47,180
LN-HM-02418,RET-02418,Home Loan,2260000.0,9.07,300
LN-HM-02419,RET-02419,Vehicle Loan,340000.0,9.98,36
LN-HM-02420,RET-02420,Home Loan,2070000.0,9.19,120
LN-HM-02421,RET-02421,Home Loan,960000.0,9.18,300
LN-HM-02422,RET-02422,Vehicle Loan,1670000.0,10.77,36
LN-HM-02423,RET-02423,Home Loan,2020000.0,9.01,180
LN-HM-02424,RET-02424,Home Loan,5740000.0,9.02,180
LN-HM-02425,RET-02425,Personal Loan,1380000.0,11.39,24
LN-HM-02426,RET-02426,Personal Loan,1270000.0,11.44,12
LN-HM-02427,RET-02427,Home Loan,1050000.0,8.73,120
LN-HM-02428,RET-02428,Home Loan,8380000.0,8.85,180
LN-HM-02429,RET-02429,Home Loan,4100000.0,8.75,300
LN-HM-02430,RET-02430,Vehicle Loan,1230000.0,10.24,84
LN-HM-02431,RET-02431,Home Loan,8740000.0,9.38,180
LN-HM-02432,RET-02432,Personal Loan,1340000.0,13.17,36
LN-HM-02433,RET-02433,Personal Loan,260000.0,13.69,36
LN-HM-02434,RET-02434,Home Loan,4720000.0,8.51,180
LN-HM-02435,RET-02435,Home Loan,1300000.0,9.47,300
LN-HM-02436,RET-02436,Home Loan,3140000.0,9.23,120
LN-HM-02437,RET-02437,Personal Loan,480000.0,11.32,12
LN-HM-02438,RET-02438,Home Loan,3700000.0,8.91,300
LN-HM-02439,RET-02439,Vehicle Loan,340000.0,10.54,84
LN-HM-02440,RET-02440,Personal Loan,250000.0,12.54,60
LN-HM-02441,RET-02441,Personal Loan,530000.0,13.61,36
LN-HM-02442,RET-02442,Vehicle Loan,800000.0,10.7,84
LN-HM-02443,RET-02443,Personal Loan,420000.0,13.86,24
LN-HM-02444,RET-02444,Vehicle Loan,3350000.0,9.26,36
LN-HM-02445,RET-02445,Personal Loan,1030000.0,13.42,48
LN-HM-02446,RET-02446,Vehicle Loan,1330000.0,10.6,36
LN-HM-02447,RET-02447,Home Loan,3140000.0,8.91,300
LN-HM-02448,RET-02448,Home Loan,1190000.0,9.44,300
LN-HM-02449,RET-02449,Home Loan,3530000.0,9.33,180
LN-HM-02450,RET-02450,Personal Loan,1090000.0,11.79,12
LN-HM-02451,RET-02451,Personal Loan,1100000.0,13.95,24
LN-HM-02452,RET-02452,Home Loan,6930000.0,9.27,300
LN-HM-02453,RET-02453,Home Loan,7590000.0,8.53,240
LN-HM-02454,RET-02454,Home Loan,5490000.0,8.63,300
LN-HM-02455,RET-02455,Home Loan,4130000.0,9.36,240
LN-HM-02456,RET-02456,Home Loan,1710000.0,9.39,240
LN-HM-02457,RET-02457,Vehicle Loan,950000.0,9.05,72
LN-HM-02458,RET-02458,Home Loan,3280000.0,9.37,240
LN-HM-02459,RET-02459,Home Loan,3860000.0,9.38,300
LN-HM-02460,RET-02460,Vehicle Loan,580000.0,10.59,60
LN-HM-02461,RET-02461,Vehicle Loan,630000.0,9.43,48
LN-HM-02462,RET-02462,Personal Loan,1230000.0,11.1,12
LN-HM-02463,RET-02463,Home Loan,2090000.0,8.97,120
LN-HM-02464,RET-02464,Home Loan,1550000.0,9.26,240
LN-HM-02465,RET-02465,Home Loan,1470000.0,9.27,120
LN-HM-02466,RET-02466,Home Loan,2980000.0,8.86,240
LN-HM-02467,RET-02467,Vehicle Loan,450000.0,9.19,84
LN-HM-02468,RET-02468,Personal Loan,500000.0,12.3,48
LN-HM-02469,RET-02469,Home Loan,5300000.0,9.0,180
LN-HM-02470,RET-02470,Personal Loan,1060000.0,11.88,48
LN-HM-02471,RET-02471,Home Loan,3030000.0,8.95,300
LN-HM-02472,RET-02472,Home Loan,830000.0,8.87,180
LN-HM-02473,RET-02473,Home Loan,2110000.0,8.78,240
LN-HM-02474,RET-02474,Personal Loan,360000.0,13.98,24
LN-HM-02475,RET-02475,Home Loan,4650000.0,8.54,300
LN-HM-02476,RET-02476,Personal Loan,1530000.0,11.85,24
LN-HM-02477,RET-02477,Home Loan,7320000.0,8.88,240
LN-HM-02478,RET-02478,Personal Loan,410000.0,12.23,60
LN-HM-02479,RET-02479,Personal Loan,670000.0,12.75,12
LN-HM-02480,RET-02480,Home Loan,9380000.0,8.78,240
LN-HM-02481,RET-02481,Personal Loan,540000.0,13.04,60
LN-HM-02482,RET-02482,Personal Loan,500000.0,13.65,12
LN-HM-02483,RET-02483,Vehicle Loan,1050000.0,10.14,36
LN-HM-02484,RET-02484,Personal Loan,1600000.0,12.17,36
LN-HM-02485,RET-02485,Home Loan,1510000.0,9.48,240
LN-HM-02486,RET-02486,Personal Loan,670000.0,13.27,24
LN-HM-02487,RET-02487,Personal Loan,220000.0,13.57,24
LN-HM-02488,RET-02488,Home Loan,5250000.0,8.8,120
LN-HM-02489,RET-02489,Home Loan,4000000.0,9.05,300
LN-HM-02490,RET-02490,Personal Loan,980000.0,13.46,48
LN-HM-02491,RET-02491,Home Loan,9400000.0,8.51,240
LN-HM-02492,RET-02492,Personal Loan,430000.0,13.84,48
LN-HM-02493,RET-02493,Home Loan,1810000.0,9.31,300
LN-HM-02494,RET-02494,Personal Loan,710000.0,13.57,12
LN-HM-02495,RET-02495,Personal Loan,690000.0,13.15,60
LN-HM-02496,RET-02496,Vehicle Loan,1160000.0,11.0,36
LN-HM-02497,RET-02497,Home Loan,2180000.0,9.06,240
LN-HM-02498,RET-02498,Personal Loan,360000.0,12.34,60
LN-HM-02499,RET-02499,Vehicle Loan,2420000.0,10.44,36
LN-HM-02500,RET-02500,Home Loan,3640000.0,8.75,240
LN-HM-02501,RET-02501,Home Loan,4620000.0,9.13,120
LN-HM-02502,RET-02502,Personal Loan,240000.0,11.93,24
LN-HM-02503,RET-02503,Home Loan,4940000.0,8.64,120
LN-HM-02504,RET-02504,Home Loan,3760000.0,8.97,240
LN-HM-02505,RET-02505,Home Loan,2270000.0,8.74,120
LN-HM-02506,RET-02506,Personal Loan,380000.0,11.53,12
LN-HM-02507,RET-02507,Home Loan,2450000.0,9.1,300
LN-HM-02508,RET-02508,Personal Loan,420000.0,11.39,12
LN-HM-02509,RET-02509,Home Loan,1030000.0,8.59,300
LN-HM-02510,RET-02510,Home Loan,1430000.0,8.59,180
LN-HM-02511,RET-02511,Personal Loan,150000.0,11.06,48
LN-HM-02512,RET-02512,Home Loan,3300000.0,9.46,180
LN-HM-02513,RET-02513,Home Loan,1550000.0,8.92,120
LN-HM-02514,RET-02514,Home Loan,4070000.0,8.98,120
LN-HM-02515,RET-02515,Home Loan,810000.0,8.57,300
LN-HM-02516,RET-02516,Home Loan,5980000.0,8.9,240
LN-HM-02517,RET-02517,Home Loan,6570000.0,8.88,300
LN-HM-02518,RET-02518,Home Loan,1360000.0,8.63,120
LN-HM-02519,RET-02519,Vehicle Loan,960000.0,10.83,84
LN-HM-02520,RET-02520,Home Loan,2630000.0,8.76,300
LN-HM-02521,RET-02521,Personal Loan,1530000.0,11.83,24
LN-HM-02522,RET-02522,Home Loan,12370000.0,8.57,120
LN-HM-02523,RET-02523,Personal Loan,1520000.0,12.26,60
LN-HM-02524,RET-02524,Home Loan,1640000.0,9.13,180
LN-HM-02525,RET-02525,Home Loan,3980000.0,8.9,120
LN-HM-02526,RET-02526,Personal Loan,2660000.0,11.44,12
LN-HM-02527,RET-02527,Home Loan,4020000.0,8.55,240
LN-HM-02528,RET-02528,Home Loan,7500000.0,9.28,240
LN-HM-02529,RET-02529,Home Loan,5360000.0,8.9,180
LN-HM-02530,RET-02530,Home Loan,2900000.0,9.17,180
LN-HM-02531,RET-02531,Vehicle Loan,1350000.0,10.08,48
LN-HM-02532,RET-02532,Personal Loan,190000.0,13.91,12
LN-HM-02533,RET-02533,Home Loan,2030000.0,8.62,120
LN-HM-02534,RET-02534,Home Loan,1890000.0,9.21,240
LN-HM-02535,RET-02535,Personal Loan,710000.0,13.88,48
LN-HM-02536,RET-02536,Home Loan,4660000.0,8.77,300
LN-HM-02537,RET-02537,Home Loan,3900000.0,8.68,120
LN-HM-02538,RET-02538,Home Loan,3410000.0,8.65,180
LN-HM-02539,RET-02539,Vehicle Loan,1290000.0,9.55,84
LN-HM-02540,RET-02540,Personal Loan,660000.0,12.26,12
LN-HM-02541,RET-02541,Home Loan,5820000.0,9.16,300
LN-HM-02542,RET-02542,Vehicle Loan,2550000.0,10.63,60
LN-HM-02543,RET-02543,Personal Loan,850000.0,13.56,12
LN-HM-02544,RET-02544,Home Loan,3140000.0,8.8,300
LN-HM-02545,RET-02545,Personal Loan,1160000.0,13.75,48
LN-HM-02546,RET-02546,Personal Loan,900000.0,12.49,12
LN-HM-02547,RET-02547,Home Loan,5210000.0,8.94,180
LN-HM-02548,RET-02548,Home Loan,9000000.0,8.61,300
LN-HM-02549,RET-02549,Personal Loan,1180000.0,12.18,36
LN-HM-02550,RET-02550,Vehicle Loan,3190000.0,10.91,60
LN-HM-02551,RET-02551,Home Loan,2190000.0,8.67,180
LN-HM-02552,RET-02552,Home Loan,2680000.0,9.02,240
LN-HM-02553,RET-02553,Personal Loan,1510000.0,11.82,36
LN-HM-02554,RET-02554,Personal Loan,570000.0,12.53,60
LN-HM-02555,RET-02555,Personal Loan,1370000.0,11.52,36
LN-HM-02556,RET-02556,Vehicle Loan,2580000.0,10.78,72
LN-HM-02557,RET-02557,Vehicle Loan,900000.0,10.11,60
LN-HM-02558,RET-02558,Home Loan,5420000.0,8.59,120
LN-HM-02559,RET-02559,Personal Loan,1010000.0,11.53,48
LN-HM-02560,RET-02560,Home Loan,1860000.0,8.82,240
LN-HM-02561,RET-02561,Home Loan,1580000.0,8.56,120
LN-HM-02562,RET-02562,Vehicle Loan,880000.0,9.9,60
LN-HM-02563,RET-02563,Personal Loan,790000.0,13.92,60
LN-HM-02564,RET-02564,Vehicle Loan,1710000.0,9.53,84
LN-HM-02565,RET-02565,Personal Loan,620000.0,13.18,12
LN-HM-02566,RET-02566,Home Loan,1060000.0,8.96,180
LN-HM-02567,RET-02567,Vehicle Loan,650000.0,9.6,36
LN-HM-02568,RET-02568,Home Loan,6540000.0,8.75,240
LN-HM-02569,RET-02569,Home Loan,960000.0,9.08,120
LN-HM-02570,RET-02570,Home Loan,1580000.0,8.74,240
LN-HM-02571,RET-02571,Home Loan,3230000.0,8.83,120
LN-HM-02572,RET-02572,Vehicle Loan,1940000.0,9.74,36
LN-HM-02573,RET-02573,Home Loan,3470000.0,9.42,120
LN-HM-02574,RET-02574,Vehicle Loan,1540000.0,10.25,48
LN-HM-02575,RET-02575,Personal Loan,690000.0,13.87,60
LN-HM-02576,RET-02576,Home Loan,2340000.0,8.61,180
LN-HM-02577,RET-02577,Personal Loan,300000.0,13.32,12
LN-HM-02578,RET-02578,Home Loan,4830000.0,8.62,180
LN-HM-02579,RET-02579,Home Loan,1860000.0,9.38,240
LN-HM-02580,RET-02580,Home Loan,2580000.0,9.26,240
LN-HM-02581,RET-02581,Personal Loan,1880000.0,13.07,60
LN-HM-02582,RET-02582,Personal Loan,230000.0,13.53,60
LN-HM-02583,RET-02583,Home Loan,1360000.0,8.83,300
LN-HM-02584,RET-02584,Personal Loan,200000.0,11.03,12
LN-HM-02585,RET-02585,Home Loan,5220000.0,8.61,180
LN-HM-02586,RET-02586,Vehicle Loan,1150000.0,10.86,84
LN-HM-02587,RET-02587,Personal Loan,780000.0,12.62,48
LN-HM-02588,RET-02588,Home Loan,1550000.0,9.43,300
LN-HM-02589,RET-02589,Personal Loan,700000.0,12.34,24
LN-HM-02590,RET-02590,Personal Loan,1100000.0,11.31,48
LN-HM-02591,RET-02591,Home Loan,1130000.0,9.09,120
LN-HM-02592,RET-02592,Home Loan,5760000.0,9.0,240
LN-HM-02593,RET-02593,Vehicle Loan,510000.0,10.5,36
LN-HM-02594,RET-02594,Home Loan,1570000.0,8.68,300
LN-HM-02595,RET-02595,Vehicle Loan,1160000.0,9.09,48
LN-HM-02596,RET-02596,Personal Loan,1160000.0,11.56,60
LN-HM-02597,RET-02597,Home Loan,10520000.0,8.6,180
LN-HM-02598,RET-02598,Home Loan,6630000.0,8.61,300
LN-HM-02599,RET-02599,Personal Loan,1290000.0,12.98,60
LN-HM-02600,RET-02600,Personal Loan,680000.0,11.22,36
LN-HM-02601,RET-02601,Home Loan,1630000.0,8.59,180
LN-HM-02602,RET-02602,Home Loan,7360000.0,9.18,180
LN-HM-02603,RET-02603,Home Loan,7560000.0,9.42,240
LN-HM-02604,RET-02604,Vehicle Loan,2550000.0,10.32,72
LN-HM-02605,RET-02605,Vehicle Loan,1910000.0,9.54,48
LN-HM-02606,RET-02606,Personal Loan,1660000.0,12.03,48
LN-HM-02607,RET-02607,Home Loan,4200000.0,9.22,240
LN-HM-02608,RET-02608,Home Loan,2670000.0,9.26,300
LN-HM-02609,RET-02609,Home Loan,4790000.0,8.71,240
LN-HM-02610,RET-02610,Home Loan,5240000.0,9.05,300
LN-HM-02611,RET-02611,Vehicle Loan,1750000.0,9.53,48
LN-HM-02612,RET-02612,Home Loan,3910000.0,9.36,120
LN-HM-02613,RET-02613,Home Loan,7380000.0,9.4,300
LN-HM-02614,RET-02614,Home Loan,7120000.0,9.11,300
LN-HM-02615,RET-02615,Home Loan,3580000.0,8.77,240
LN-HM-02616,RET-02616,Personal Loan,270000.0,11.75,24
LN-HM-02617,RET-02617,Personal Loan,1450000.0,11.99,60
LN-HM-02618,RET-02618,Personal Loan,330000.0,12.05,60
LN-HM-02619,RET-02619,Personal Loan,270000.0,11.63,36
LN-HM-02620,RET-02620,Home Loan,3740000.0,8.71,300
LN-HM-02621,RET-02621,Personal Loan,350000.0,11.18,12
LN-HM-02622,RET-02622,Home Loan,8610000.0,9.03,180
LN-HM-02623,RET-02623,Vehicle Loan,800000.0,9.4,36
LN-HM-02624,RET-02624,Vehicle Loan,3060000.0,10.64,48
LN-HM-02625,RET-02625,Personal Loan,2330000.0,13.7,48
LN-HM-02626,RET-02626,Home Loan,3350000.0,8.51,120
LN-HM-02627,RET-02627,Personal Loan,2430000.0,13.22,60
LN-HM-02628,RET-02628,Personal Loan,470000.0,11.8,48
LN-HM-02629,RET-02629,Vehicle Loan,1660000.0,9.2,72
LN-HM-02630,RET-02630,Home Loan,2370000.0,8.58,300
LN-HM-02631,RET-02631,Home Loan,5560000.0,8.9,120
LN-HM-02632,RET-02632,Home Loan,6380000.0,9.44,180
LN-HM-02633,RET-02633,Vehicle Loan,1120000.0,9.44,48
LN-HM-02634,RET-02634,Personal Loan,1120000.0,12.43,24
LN-HM-02635,RET-02635,Personal Loan,880000.0,11.37,12
LN-HM-02636,RET-02636,Personal Loan,710000.0,12.55,12
LN-HM-02637,RET-02637,Vehicle Loan,5950000.0,9.87,84
LN-HM-02638,RET-02638,Personal Loan,870000.0,13.48,36
LN-HM-02639,RET-02639,Home Loan,6940000.0,9.1,180
LN-HM-02640,RET-02640,Home Loan,5960000.0,9.23,300
LN-HM-02641,RET-02641,Home Loan,1240000.0,8.97,240
LN-HM-02642,RET-02642,Home Loan,9110000.0,8.51,120
LN-HM-02643,RET-02643,Personal Loan,1330000.0,11.02,24
LN-HM-02644,RET-02644,Personal Loan,530000.0,11.01,60
LN-HM-02645,RET-02645,Vehicle Loan,1740000.0,10.76,84
LN-HM-02646,RET-02646,Personal Loan,1390000.0,11.35,12
LN-HM-02647,RET-02647,Home Loan,5980000.0,9.11,240
LN-HM-02648,RET-02648,Home Loan,3330000.0,8.76,180
LN-HM-02649,RET-02649,Vehicle Loan,2260000.0,9.02,36
LN-HM-02650,RET-02650,Vehicle Loan,510000.0,10.01,36
LN-HM-02651,RET-02651,Home Loan,1110000.0,8.63,300
LN-HM-02652,RET-02652,Vehicle Loan,1050000.0,10.2,60
LN-HM-02653,RET-02653,Personal Loan,1650000.0,11.04,60
LN-HM-02654,RET-02654,Vehicle Loan,1200000.0,9.85,60
LN-HM-02655,RET-02655,Vehicle Loan,310000.0,9.96,84
LN-HM-02656,RET-02656,Home Loan,1300000.0,9.1,240
LN-HM-02657,RET-02657,Home Loan,5690000.0,8.76,300
LN-HM-02658,RET-02658,Personal Loan,930000.0,12.52,36
LN-HM-02659,RET-02659,Home Loan,9330000.0,8.59,240
LN-HM-02660,RET-02660,Home Loan,4060000.0,8.78,240
LN-HM-02661,RET-02661,Home Loan,1810000.0,9.13,120
LN-HM-02662,RET-02662,Personal Loan,510000.0,11.96,12
LN-HM-02663,RET-02663,Personal Loan,2020000.0,11.82,12
LN-HM-02664,RET-02664,Home Loan,5850000.0,9.17,240
LN-HM-02665,RET-02665,Personal Loan,500000.0,12.42,48
LN-HM-02666,RET-02666,Home Loan,2570000.0,9.43,240
LN-HM-02667,RET-02667,Home Loan,6220000.0,8.93,180
LN-HM-02668,RET-02668,Vehicle Loan,750000.0,10.17,84
LN-HM-02669,RET-02669,Personal Loan,600000.0,12.55,36
LN-HM-02670,RET-02670,Personal Loan,600000.0,12.8,36
LN-HM-02671,RET-02671,Vehicle Loan,1040000.0,10.76,84
LN-HM-02672,RET-02672,Home Loan,2590000.0,9.32,300
LN-HM-02673,RET-02673,Personal Loan,1100000.0,11.98,12
LN-HM-02674,RET-02674,Vehicle Loan,3370000.0,10.18,36
LN-HM-02675,RET-02675,Home Loan,1790000.0,8.51,300
LN-HM-02676,RET-02676,Home Loan,1710000.0,9.36,120
LN-HM-02677,RET-02677,Vehicle Loan,2390000.0,10.55,84
LN-HM-02678,RET-02678,Vehicle Loan,1810000.0,10.31,84
LN-HM-02679,RET-02679,Personal Loan,970000.0,13.32,36
LN-HM-02680,RET-02680,Home Loan,2170000.0,8.82,300
LN-HM-02681,RET-02681,Home Loan,2760000.0,9.1,300
LN-HM-02682,RET-02682,Home Loan,5880000.0,8.62,180
LN-HM-02683,RET-02683,Home Loan,2890000.0,9.49,120
LN-HM-02684,RET-02684,Home Loan,3430000.0,9.01,180
LN-HM-02685,RET-02685,Vehicle Loan,1220000.0,9.64,72
LN-HM-02686,RET-02686,Personal Loan,740000.0,11.56,48
LN-HM-02687,RET-02687,Home Loan,5110000.0,9.47,120
LN-HM-02688,RET-02688,Vehicle Loan,2040000.0,10.5,84
LN-HM-02689,RET-02689,Vehicle Loan,1300000.0,9.87,60
LN-HM-02690,RET-02690,Vehicle Loan,1570000.0,10.23,36
LN-HM-02691,RET-02691,Home Loan,9130000.0,8.57,240
LN-HM-02692,RET-02692,Personal Loan,540000.0,13.95,36
LN-HM-02693,RET-02693,Vehicle Loan,1640000.0,9.85,60
LN-HM-02694,RET-02694,Vehicle Loan,670000.0,10.38,60
LN-HM-02695,RET-02695,Personal Loan,310000.0,12.85,36
LN-HM-02696,RET-02696,Home Loan,3180000.0,8.63,180
LN-HM-02697,RET-02697,Home Loan,1680000.0,8.51,300
LN-HM-02698,RET-02698,Vehicle Loan,1270000.0,9.57,60
LN-HM-02699,RET-02699,Home Loan,1830000.0,8.66,300
LN-HM-02700,RET-02700,Home Loan,1810000.0,8.75,120
LN-HM-02701,RET-02701,Home Loan,6150000.0,8.61,180
LN-HM-02702,RET-02702,Home Loan,4800000.0,9.06,240
LN-HM-02703,RET-02703,Personal Loan,840000.0,11.67,36
LN-HM-02704,RET-02704,Home Loan,4890000.0,8.78,240
LN-HM-02705,RET-02705,Personal Loan,340000.0,11.58,12
LN-HM-02706,RET-02706,Home Loan,2780000.0,8.92,180
LN-HM-02707,RET-02707,Home Loan,5050000.0,9.36,240
LN-HM-02708,RET-02708,Home Loan,6640000.0,8.59,240
LN-HM-02709,RET-02709,Home Loan,2290000.0,9.4,180
LN-HM-02710,RET-02710,Vehicle Loan,660000.0,10.07,84
LN-HM-02711,RET-02711,Home Loan,7040000.0,8.76,240
LN-HM-02712,RET-02712,Home Loan,4950000.0,8.89,180
LN-HM-02713,RET-02713,Home Loan,2420000.0,8.52,300
LN-HM-02714,RET-02714,Home Loan,5670000.0,9.34,240
LN-HM-02715,RET-02715,Personal Loan,1190000.0,13.12,36
LN-HM-02716,RET-02716,Vehicle Loan,1000000.0,10.75,84
LN-HM-02717,RET-02717,Home Loan,1940000.0,9.41,180
LN-HM-02718,RET-02718,Personal Loan,610000.0,13.76,24
LN-HM-02719,RET-02719,Personal Loan,370000.0,12.21,24
LN-HM-02720,RET-02720,Vehicle Loan,2380000.0,9.31,48
LN-HM-02721,RET-02721,Personal Loan,330000.0,12.85,12
LN-HM-02722,RET-02722,Home Loan,3610000.0,9.02,120
LN-HM-02723,RET-02723,Personal Loan,610000.0,13.26,24
LN-HM-02724,RET-02724,Personal Loan,790000.0,12.57,24
LN-HM-02725,RET-02725,Home Loan,3740000.0,8.88,300
LN-HM-02726,RET-02726,Home Loan,4760000.0,9.18,240
LN-HM-02727,RET-02727,Vehicle Loan,1160000.0,10.69,84
LN-HM-02728,RET-02728,Home Loan,2910000.0,9.3,180
LN-HM-02729,RET-02729,Home Loan,2540000.0,9.5,300
LN-HM-02730,RET-02730,Personal Loan,490000.0,13.64,48
LN-HM-02731,RET-02731,Personal Loan,420000.0,12.69,60
LN-HM-02732,RET-02732,Home Loan,5370000.0,9.08,240
LN-HM-02733,RET-02733,Home Loan,3510000.0,9.44,180
LN-HM-02734,RET-02734,Vehicle Loan,2970000.0,9.14,48
LN-HM-02735,RET-02735,Home Loan,3600000.0,9.32,180
LN-HM-02736,RET-02736,Home Loan,1430000.0,8.99,240
LN-HM-02737,RET-02737,Home Loan,2440000.0,8.96,120
LN-HM-02738,RET-02738,Home Loan,2960000.0,9.04,240
LN-HM-02739,RET-02739,Vehicle Loan,1160000.0,10.72,36
LN-HM-02740,RET-02740,Home Loan,6040000.0,9.28,300
LN-HM-02741,RET-02741,Home Loan,3490000.0,9.35,300
LN-HM-02742,RET-02742,Home Loan,3010000.0,9.32,180
LN-HM-02743,RET-02743,Home Loan,2500000.0,8.74,300
LN-HM-02744,RET-02744,Home Loan,2250000.0,8.51,240
LN-HM-02745,RET-02745,Home Loan,3300000.0,8.98,300
LN-HM-02746,RET-02746,Personal Loan,860000.0,12.08,24
LN-HM-02747,RET-02747,Vehicle Loan,500000.0,10.88,60
LN-HM-02748,RET-02748,Home Loan,7460000.0,9.1,300
LN-HM-02749,RET-02749,Home Loan,4160000.0,8.97,240
LN-HM-02750,RET-02750,Home Loan,2300000.0,8.68,300
LN-HM-02751,RET-02751,Home Loan,4170000.0,8.8,120
LN-HM-02752,RET-02752,Personal Loan,470000.0,12.64,48
LN-HM-02753,RET-02753,Personal Loan,440000.0,12.27,60
LN-HM-02754,RET-02754,Personal Loan,390000.0,12.8,48
LN-HM-02755,RET-02755,Home Loan,4910000.0,8.83,300
LN-HM-02756,RET-02756,Personal Loan,500000.0,12.02,12
LN-HM-02757,RET-02757,Personal Loan,920000.0,13.84,36
LN-HM-02758,RET-02758,Home Loan,7410000.0,8.76,300
LN-HM-02759,RET-02759,Vehicle Loan,1370000.0,9.88,72
LN-HM-02760,RET-02760,Home Loan,3940000.0,9.2,240
LN-HM-02761,RET-02761,Home Loan,2030000.0,9.35,120
LN-HM-02762,RET-02762,Home Loan,1920000.0,8.59,180
LN-HM-02763,RET-02763,Personal Loan,460000.0,11.68,24
LN-HM-02764,RET-02764,Personal Loan,360000.0,12.55,12
LN-HM-02765,RET-02765,Home Loan,2680000.0,9.5,180
LN-HM-02766,RET-02766,Vehicle Loan,470000.0,9.43,60
LN-HM-02767,RET-02767,Home Loan,3280000.0,9.28,300
LN-HM-02768,RET-02768,Home Loan,2360000.0,9.24,300
LN-HM-02769,RET-02769,Personal Loan,570000.0,13.67,24
LN-HM-02770,RET-02770,Personal Loan,1070000.0,11.78,24
LN-HM-02771,RET-02771,Vehicle Loan,870000.0,10.75,48
LN-HM-02772,RET-02772,Personal Loan,420000.0,11.09,48
LN-HM-02773,RET-02773,Home Loan,3070000.0,9.18,300
LN-HM-02774,RET-02774,Home Loan,1320000.0,9.24,180
LN-HM-02775,RET-02775,Home Loan,8500000.0,8.83,180
LN-HM-02776,RET-02776,Vehicle Loan,1220000.0,9.21,60
LN-HM-02777,RET-02777,Personal Loan,1730000.0,11.94,48
LN-HM-02778,RET-02778,Home Loan,2420000.0,8.69,120
LN-HM-02779,RET-02779,Vehicle Loan,930000.0,10.48,72
LN-HM-02780,RET-02780,Personal Loan,600000.0,13.28,36
LN-HM-02781,RET-02781,Vehicle Loan,830000.0,9.77,48
LN-HM-02782,RET-02782,Home Loan,1770000.0,9.47,180
LN-HM-02783,RET-02783,Vehicle Loan,1150000.0,9.24,60
LN-HM-02784,RET-02784,Personal Loan,300000.0,13.5,60
LN-HM-02785,RET-02785,Vehicle Loan,810000.0,9.73,84
LN-HM-02786,RET-02786,Personal Loan,150000.0,12.22,24
LN-HM-02787,RET-02787,Home Loan,8600000.0,8.6,240
LN-HM-02788,RET-02788,Vehicle Loan,1040000.0,9.25,60
LN-HM-02789,RET-02789,Home Loan,4080000.0,8.93,120
LN-HM-02790,RET-02790,Vehicle Loan,1140000.0,9.03,72
LN-HM-02791,RET-02791,Home Loan,1690000.0,9.07,120
LN-HM-02792,RET-02792,Home Loan,2410000.0,8.84,240
LN-HM-02793,RET-02793,Personal Loan,660000.0,13.92,36
LN-HM-02794,RET-02794,Vehicle Loan,1130000.0,9.0,60
LN-HM-02795,RET-02795,Home Loan,2360000.0,9.0,240
LN-HM-02796,RET-02796,Vehicle Loan,1940000.0,10.07,36
LN-HM-02797,RET-02797,Vehicle Loan,1090000.0,9.98,84
LN-HM-02798,RET-02798,Home Loan,4170000.0,9.39,300
LN-HM-02799,RET-02799,Personal Loan,510000.0,11.67,24
LN-HM-02800,RET-02800,Personal Loan,410000.0,13.37,36
LN-HM-02801,RET-02801,Personal Loan,600000.0,12.07,36
LN-HM-02802,RET-02802,Home Loan,1180000.0,9.18,180
LN-HM-02803,RET-02803,Home Loan,2990000.0,9.07,300
LN-HM-02804,RET-02804,Home Loan,3240000.0,9.29,180
LN-HM-02805,RET-02805,Personal Loan,920000.0,13.19,60
LN-HM-02806,RET-02806,Home Loan,5120000.0,8.79,300
LN-HM-02807,RET-02807,Vehicle Loan,510000.0,9.53,84
LN-HM-02808,RET-02808,Personal Loan,460000.0,11.43,12
LN-HM-02809,RET-02809,Personal Loan,2350000.0,12.04,24
LN-HM-02810,RET-02810,Personal Loan,850000.0,12.15,24
LN-HM-02811,RET-02811,Home Loan,3720000.0,8.94,180
LN-HM-02812,RET-02812,Home Loan,6500000.0,9.19,180
LN-HM-02813,RET-02813,Home Loan,3460000.0,9.02,180
LN-HM-02814,RET-02814,Vehicle Loan,1220000.0,10.76,72
LN-HM-02815,RET-02815,Home Loan,2800000.0,8.71,180
LN-HM-02816,RET-02816,Personal Loan,420000.0,11.75,60
LN-HM-02817,RET-02817,Personal Loan,1050000.0,11.31,36
LN-HM-02818,RET-02818,Home Loan,1400000.0,9.35,300
LN-HM-02819,RET-02819,Home Loan,3010000.0,9.18,120
LN-HM-02820,RET-02820,Home Loan,4130000.0,8.61,300
LN-HM-02821,RET-02821,Personal Loan,1310000.0,13.27,48
LN-HM-02822,RET-02822,Home Loan,9020000.0,9.26,120
LN-HM-02823,RET-02823,Personal Loan,610000.0,11.06,60
LN-HM-02824,RET-02824,Home Loan,5430000.0,8.76,180
LN-HM-02825,RET-02825,Home Loan,4130000.0,8.55,300
LN-HM-02826,RET-02826,Home Loan,1840000.0,9.3,120
LN-HM-02827,RET-02827,Home Loan,3250000.0,9.13,240
LN-HM-02828,RET-02828,Vehicle Loan,910000.0,10.92,60
LN-HM-02829,RET-02829,Personal Loan,650000.0,13.33,24
LN-HM-02830,RET-02830,Home Loan,2540000.0,8.72,180
LN-HM-02831,RET-02831,Vehicle Loan,1170000.0,9.98,84
LN-HM-02832,RET-02832,Personal Loan,2050000.0,12.02,36
LN-HM-02833,RET-02833,Home Loan,2910000.0,8.95,180
LN-HM-02834,RET-02834,Home Loan,3710000.0,8.75,240
LN-HM-02835,RET-02835,Vehicle Loan,1240000.0,10.59,48
LN-HM-02836,RET-02836,Vehicle Loan,1060000.0,9.1,84
LN-HM-02837,RET-02837,Vehicle Loan,1480000.0,9.23,72
LN-HM-02838,RET-02838,Vehicle Loan,1250000.0,10.25,48
LN-HM-02839,RET-02839,Personal Loan,550000.0,11.41,48
LN-HM-02840,RET-02840,Home Loan,5180000.0,9.31,240
LN-HM-02841,RET-02841,Personal Loan,410000.0,13.57,12
LN-HM-02842,RET-02842,Home Loan,8470000.0,9.41,180
LN-HM-02843,RET-02843,Home Loan,3870000.0,9.21,180
LN-HM-02844,RET-02844,Home Loan,2390000.0,8.59,120
LN-HM-02845,RET-02845,Home Loan,5350000.0,9.12,180
LN-HM-02846,RET-02846,Home Loan,2760000.0,8.61,120
LN-HM-02847,RET-02847,Home Loan,6000000.0,8.71,300
LN-HM-02848,RET-02848,Personal Loan,760000.0,11.43,12
LN-HM-02849,RET-02849,Vehicle Loan,1170000.0,9.98,72
LN-HM-02850,RET-02850,Home Loan,1760000.0,9.42,120
LN-HM-02851,RET-02851,Home Loan,2140000.0,9.17,180
LN-HM-02852,RET-02852,Home Loan,940000.0,9.06,180
LN-HM-02853,RET-02853,Home Loan,2450000.0,9.13,240
LN-HM-02854,RET-02854,Home Loan,1740000.0,9.21,120
LN-HM-02855,RET-02855,Home Loan,2450000.0,8.53,180
LN-HM-02856,RET-02856,Personal Loan,630000.0,11.29,60
LN-HM-02857,RET-02857,Vehicle Loan,1080000.0,9.78,60
LN-HM-02858,RET-02858,Vehicle Loan,1400000.0,10.33,72
LN-HM-02859,RET-02859,Home Loan,5680000.0,9.13,300
LN-HM-02860,RET-02860,Home Loan,5090000.0,9.47,180
LN-HM-02861,RET-02861,Home Loan,6580000.0,8.7,240
LN-HM-02862,RET-02862,Vehicle Loan,1110000.0,9.37,48
LN-HM-02863,RET-02863,Personal Loan,790000.0,11.06,12
LN-HM-02864,RET-02864,Personal Loan,1460000.0,12.41,60
LN-HM-02865,RET-02865,Vehicle Loan,1260000.0,9.8,48
LN-HM-02866,RET-02866,Home Loan,1570000.0,8.78,300
LN-HM-02867,RET-02867,Home Loan,2150000.0,8.65,240
LN-HM-02868,RET-02868,Home Loan,1120000.0,9.27,240
LN-HM-02869,RET-02869,Home Loan,1080000.0,8.91,120
LN-HM-02870,RET-02870,Home Loan,3040000.0,9.35,240
LN-HM-02871,RET-02871,Personal Loan,780000.0,12.47,12
LN-HM-02872,RET-02872,Personal Loan,290000.0,12.94,36
LN-HM-02873,RET-02873,Personal Loan,210000.0,14.0,60
LN-HM-02874,RET-02874,Home Loan,3810000.0,8.78,120
LN-HM-02875,RET-02875,Personal Loan,430000.0,11.37,36
LN-HM-02876,RET-02876,Home Loan,5860000.0,8.94,120
LN-HM-02877,RET-02877,Home Loan,1730000.0,8.9,300
LN-HM-02878,RET-02878,Vehicle Loan,730000.0,10.47,48
LN-HM-02879,RET-02879,Vehicle Loan,1260000.0,10.06,72
LN-HM-02880,RET-02880,Home Loan,3240000.0,9.26,180
LN-HM-02881,RET-02881,Home Loan,3480000.0,8.79,240
LN-HM-02882,RET-02882,Vehicle Loan,1430000.0,10.01,48
LN-HM-02883,RET-02883,Vehicle Loan,520000.0,9.3,60
LN-HM-02884,RET-02884,Home Loan,3090000.0,8.57,180
LN-HM-02885,RET-02885,Home Loan,1840000.0,8.57,120
LN-HM-02886,RET-02886,Home Loan,2220000.0,9.47,120
LN-HM-02887,RET-02887,Home Loan,2740000.0,9.13,300
LN-HM-02888,RET-02888,Home Loan,5710000.0,8.61,180
LN-HM-02889,RET-02889,Home Loan,1030000.0,9.01,300
LN-HM-02890,RET-02890,Personal Loan,760000.0,11.49,48
LN-HM-02891,RET-02891,Personal Loan,1160000.0,11.2,12
LN-HM-02892,RET-02892,Vehicle Loan,930000.0,9.69,48
LN-HM-02893,RET-02893,Personal Loan,620000.0,12.62,60
LN-HM-02894,RET-02894,Home Loan,2190000.0,8.8,300
LN-HM-02895,RET-02895,Home Loan,3820000.0,8.6,180
LN-HM-02896,RET-02896,Home Loan,2060000.0,9.09,120
LN-HM-02897,RET-02897,Vehicle Loan,350000.0,9.82,48
LN-HM-02898,RET-02898,Home Loan,2180000.0,9.19,300
LN-HM-02899,RET-02899,Personal Loan,1560000.0,11.24,48
LN-HM-02900,RET-02900,Home Loan,5470000.0,8.92,120
LN-HM-02901,RET-02901,Home Loan,10610000.0,8.54,180
LN-HM-02902,RET-02902,Home Loan,3560000.0,9.13,120
LN-HM-02903,RET-02903,Home Loan,3330000.0,8.51,300
LN-HM-02904,RET-02904,Vehicle Loan,1110000.0,10.13,84
LN-HM-02905,RET-02905,Home Loan,2160000.0,8.78,300
LN-HM-02906,RET-02906,Home Loan,2360000.0,9.44,300
LN-HM-02907,RET-02907,Personal Loan,420000.0,12.18,48
LN-HM-02908,RET-02908,Home Loan,1380000.0,8.86,240
LN-HM-02909,RET-02909,Personal Loan,730000.0,12.33,24
LN-HM-02910,RET-02910,Vehicle Loan,1260000.0,9.12,84
LN-HM-02911,RET-02911,Personal Loan,1150000.0,13.97,36
LN-HM-02912,RET-02912,Personal Loan,550000.0,11.95,36
LN-HM-02913,RET-02913,Personal Loan,320000.0,12.57,36
LN-HM-02914,RET-02914,Home Loan,5340000.0,9.14,300
LN-HM-02915,RET-02915,Home Loan,1670000.0,9.14,120
LN-HM-02916,RET-02916,Home Loan,3050000.0,9.29,300
LN-HM-02917,RET-02917,Home Loan,7150000.0,9.09,300
LN-HM-02918,RET-02918,Home Loan,2750000.0,9.04,300
LN-HM-02919,RET-02919,Home Loan,1670000.0,8.8,180
LN-HM-02920,RET-02920,Home Loan,11570000.0,9.13,120
LN-HM-02921,RET-02921,Vehicle Loan,1730000.0,9.16,60
LN-HM-02922,RET-02922,Personal Loan,1710000.0,13.28,36
LN-HM-02923,RET-02923,Home Loan,2390000.0,8.62,180
LN-HM-02924,RET-02924,Home Loan,5170000.0,9.05,120
LN-HM-02925,RET-02925,Vehicle Loan,360000.0,9.57,60
LN-HM-02926,RET-02926,Home Loan,2240000.0,8.91,300
LN-HM-02927,RET-02927,Vehicle Loan,1520000.0,10.48,48
LN-HM-02928,RET-02928,Vehicle Loan,470000.0,10.35,48
LN-HM-02929,RET-02929,Personal Loan,820000.0,11.16,36
LN-HM-02930,RET-02930,Personal Loan,530000.0,11.83,12
LN-HM-02931,RET-02931,Home Loan,2270000.0,8.85,180
LN-HM-02932,RET-02932,Vehicle Loan,1390000.0,10.02,48
LN-HM-02933,RET-02933,Vehicle Loan,1290000.0,10.05,84
LN-HM-02934,RET-02934,Vehicle Loan,910000.0,10.1,48
LN-HM-02935,RET-02935,Home Loan,1920000.0,8.74,240
LN-HM-02936,RET-02936,Vehicle Loan,840000.0,9.97,72
LN-HM-02937,RET-02937,Vehicle Loan,1350000.0,9.02,48
LN-HM-02938,RET-02938,Home Loan,3090000.0,9.06,180
LN-HM-02939,RET-02939,Home Loan,4140000.0,8.93,240
LN-HM-02940,RET-02940,Personal Loan,1060000.0,13.08,36
LN-HM-02941,RET-02941,Home Loan,4270000.0,8.8,240
LN-HM-02942,RET-02942,Home Loan,6640000.0,8.64,120
LN-HM-02943,RET-02943,Home Loan,4460000.0,8.95,300
LN-HM-02944,RET-02944,Home Loan,2770000.0,8.74,240
LN-HM-02945,RET-02945,Personal Loan,440000.0,11.57,24
LN-HM-02946,RET-02946,Home Loan,5170000.0,8.91,240
LN-HM-02947,RET-02947,Home Loan,1950000.0,8.63,180
LN-HM-02948,RET-02948,Home Loan,3390000.0,8.79,240
LN-HM-02949,RET-02949,Vehicle Loan,620000.0,9.64,60
LN-HM-02950,RET-02950,Personal Loan,270000.0,13.3,12
LN-HM-02951,RET-02951,Home Loan,3340000.0,9.06,240
LN-HM-02952,RET-02952,Personal Loan,970000.0,11.93,12
LN-HM-02953,RET-02953,Home Loan,2570000.0,9.13,240
LN-HM-02954,RET-02954,Home Loan,3530000.0,8.7,240
LN-HM-02955,RET-02955,Home Loan,6590000.0,9.39,240
LN-HM-02956,RET-02956,Personal Loan,1100000.0,11.58,12
LN-HM-02957,RET-02957,Home Loan,2120000.0,9.23,180
LN-HM-02958,RET-02958,Home Loan,8090000.0,9.49,120
LN-HM-02959,RET-02959,Home Loan,2960000.0,8.62,240
LN-HM-02960,RET-02960,Personal Loan,930000.0,13.29,24
LN-HM-02961,RET-02961,Vehicle Loan,1310000.0,9.11,72
LN-HM-02962,RET-02962,Vehicle Loan,1130000.0,9.65,36
LN-HM-02963,RET-02963,Home Loan,5960000.0,9.48,300
LN-HM-02964,RET-02964,Home Loan,5720000.0,9.29,120
LN-HM-02965,RET-02965,Vehicle Loan,2040000.0,10.64,60
LN-HM-02966,RET-02966,Personal Loan,930000.0,13.06,36
LN-HM-02967,RET-02967,Home Loan,2870000.0,9.29,120
LN-HM-02968,RET-02968,Personal Loan,280000.0,11.03,48
LN-HM-02969,RET-02969,Personal Loan,780000.0,13.63,12
LN-HM-02970,RET-02970,Home Loan,6190000.0,8.96,120
LN-HM-02971,RET-02971,Home Loan,2220000.0,9.4,120
LN-HM-02972,RET-02972,Vehicle Loan,2580000.0,10.35,72
LN-HM-02973,RET-02973,Vehicle Loan,2130000.0,10.6,48
LN-HM-02974,RET-02974,Home Loan,6940000.0,8.65,300
LN-HM-02975,RET-02975,Personal Loan,520000.0,12.11,48
LN-HM-02976,RET-02976,Home Loan,2410000.0,8.83,120
LN-HM-02977,RET-02977,Personal Loan,450000.0,11.96,36
LN-HM-02978,RET-02978,Personal Loan,1950000.0,11.47,12
LN-HM-02979,RET-02979,Home Loan,4060000.0,9.08,300
LN-HM-02980,RET-02980,Personal Loan,920000.0,11.33,12
LN-HM-02981,RET-02981,Personal Loan,1170000.0,12.61,48
LN-HM-02982,RET-02982,Personal Loan,820000.0,12.45,12
LN-HM-02983,RET-02983,Home Loan,3570000.0,8.72,120
LN-HM-02984,RET-02984,Home Loan,4240000.0,8.53,180
LN-HM-02985,RET-02985,Home Loan,8380000.0,9.37,120
LN-HM-02986,RET-02986,Home Loan,3370000.0,8.91,180
LN-HM-02987,RET-02987,Home Loan,1740000.0,8.92,300
LN-HM-02988,RET-02988,Personal Loan,1180000.0,13.22,60
LN-HM-02989,RET-02989,Home Loan,1910000.0,9.13,120
LN-HM-02990,RET-02990,Personal Loan,750000.0,13.32,60
LN-HM-02991,RET-02991,Vehicle Loan,2200000.0,10.76,72
LN-HM-02992,RET-02992,Personal Loan,540000.0,13.99,48
LN-HM-02993,RET-02993,Personal Loan,730000.0,13.83,48
LN-HM-02994,RET-02994,Personal Loan,420000.0,12.0,24
LN-HM-02995,RET-02995,Home Loan,5100000.0,9.18,240
LN-HM-02996,RET-02996,Vehicle Loan,1180000.0,10.1,48
LN-HM-02997,RET-02997,Personal Loan,490000.0,12.93,12
LN-HM-02998,RET-02998,Vehicle Loan,2620000.0,10.25,84
LN-HM-02999,RET-02999,Personal Loan,640000.0,12.54,36
LN-HM-03000,RET-03000,Home Loan,1410000.0,8.67,180
LN-HM-03001,RET-03001,Home Loan,15780000.0,9.29,240
LN-HM-03002,RET-03002,Home Loan,2350000.0,9.23,300
LN-HM-03003,RET-03003,Home Loan,5230000.0,8.51,180
LN-HM-03004,RET-03004,Home Loan,14410000.0,9.43,240
LN-HM-03005,RET-03005,Home Loan,6860000.0,9.04,180
LN-HM-03006,RET-03006,Vehicle Loan,1400000.0,9.09,48
LN-HM-03007,RET-03007,Home Loan,1560000.0,9.02,300
LN-HM-03008,RET-03008,Personal Loan,3280000.0,11.48,60
LN-HM-03009,RET-03009,Personal Loan,680000.0,13.87,48
LN-HM-03010,RET-03010,Personal Loan,330000.0,11.39,60
LN-HM-03011,RET-03011,Vehicle Loan,2800000.0,9.07,36
LN-HM-03012,RET-03012,Home Loan,2330000.0,8.75,300
LN-HM-03013,RET-03013,Home Loan,3040000.0,9.3,240
LN-HM-03014,RET-03014,Home Loan,2790000.0,8.8,240
LN-HM-03015,RET-03015,Personal Loan,760000.0,11.98,24
LN-HM-03016,RET-03016,Home Loan,3860000.0,9.34,300
LN-HM-03017,RET-03017,Home Loan,2860000.0,9.2,180
LN-HM-03018,RET-03018,Vehicle Loan,1240000.0,9.47,36
LN-HM-03019,RET-03019,Home Loan,24190000.0,9.24,300
LN-HM-03020,RET-03020,Home Loan,4920000.0,9.46,240
LN-HM-03021,RET-03021,Home Loan,4130000.0,9.19,120
LN-HM-03022,RET-03022,Home Loan,1640000.0,9.07,120
LN-HM-03023,RET-03023,Home Loan,1440000.0,8.54,180
LN-HM-03024,RET-03024,Home Loan,6440000.0,9.47,240
LN-HM-03025,RET-03025,Home Loan,8740000.0,8.86,240
LN-HM-03026,RET-03026,Vehicle Loan,3610000.0,9.28,48
LN-HM-03027,RET-03027,Personal Loan,640000.0,11.77,60
LN-HM-03028,RET-03028,Vehicle Loan,1570000.0,10.68,36
LN-HM-03029,RET-03029,Home Loan,800000.0,9.44,120
LN-HM-03030,RET-03030,Vehicle Loan,1290000.0,9.29,36
LN-HM-03031,RET-03031,Home Loan,6300000.0,9.13,120
LN-HM-03032,RET-03032,Home Loan,2450000.0,8.57,180
LN-HM-03033,RET-03033,Personal Loan,1350000.0,13.09,12
LN-HM-03034,RET-03034,Vehicle Loan,1180000.0,10.65,72
LN-HM-03035,RET-03035,Home Loan,2500000.0,9.25,180
LN-HM-03036,RET-03036,Personal Loan,420000.0,11.09,48
LN-HM-03037,RET-03037,Personal Loan,2020000.0,13.07,36
LN-HM-03038,RET-03038,Vehicle Loan,1050000.0,10.37,36
LN-HM-03039,RET-03039,Home Loan,2740000.0,9.4,180
LN-HM-03040,RET-03040,Vehicle Loan,800000.0,10.91,48
LN-HM-03041,RET-03041,Home Loan,2480000.0,9.35,300
LN-HM-03042,RET-03042,Personal Loan,1180000.0,13.43,36
LN-HM-03043,RET-03043,Home Loan,4960000.0,8.57,120
LN-HM-03044,RET-03044,Personal Loan,390000.0,12.67,60
LN-HM-03045,RET-03045,Vehicle Loan,1100000.0,10.05,72
LN-HM-03046,RET-03046,Home Loan,5130000.0,8.98,300
LN-HM-03047,RET-03047,Home Loan,1420000.0,9.13,120
LN-HM-03048,RET-03048,Personal Loan,480000.0,11.31,60
LN-HM-03049,RET-03049,Home Loan,4050000.0,9.36,120
LN-HM-03050,RET-03050,Home Loan,3540000.0,8.54,120
LN-HM-03051,RET-03051,Home Loan,1600000.0,8.61,120
LN-HM-03052,RET-03052,Personal Loan,420000.0,11.78,24
LN-HM-03053,RET-03053,Home Loan,3090000.0,8.63,120
LN-HM-03054,RET-03054,Vehicle Loan,3340000.0,9.51,72
LN-HM-03055,RET-03055,Personal Loan,620000.0,13.76,60
LN-HM-03056,RET-03056,Personal Loan,1890000.0,13.07,12
LN-HM-03057,RET-03057,Home Loan,5970000.0,8.92,240
LN-HM-03058,RET-03058,Home Loan,1060000.0,8.54,240
LN-HM-03059,RET-03059,Home Loan,2210000.0,8.9,300
LN-HM-03060,RET-03060,Vehicle Loan,2450000.0,10.11,72
LN-HM-03061,RET-03061,Vehicle Loan,1010000.0,9.94,84
LN-HM-03062,RET-03062,Vehicle Loan,850000.0,10.72,36
LN-HM-03063,RET-03063,Home Loan,3710000.0,8.97,240
LN-HM-03064,RET-03064,Personal Loan,1080000.0,11.4,48
LN-HM-03065,RET-03065,Personal Loan,810000.0,13.8,60
LN-HM-03066,RET-03066,Home Loan,2220000.0,9.46,120
LN-HM-03067,RET-03067,Home Loan,1100000.0,9.46,120
LN-HM-03068,RET-03068,Personal Loan,390000.0,13.77,24
LN-HM-03069,RET-03069,Home Loan,2540000.0,8.9,180
LN-HM-03070,RET-03070,Personal Loan,580000.0,13.82,48
LN-HM-03071,RET-03071,Home Loan,3740000.0,9.35,300
LN-HM-03072,RET-03072,Home Loan,2280000.0,8.83,240
LN-HM-03073,RET-03073,Vehicle Loan,1460000.0,9.47,84
LN-HM-03074,RET-03074,Home Loan,2590000.0,8.62,180
LN-HM-03075,RET-03075,Vehicle Loan,1670000.0,9.62,60
LN-HM-03076,RET-03076,Personal Loan,610000.0,12.22,36
LN-HM-03077,RET-03077,Personal Loan,1340000.0,12.34,36
LN-HM-03078,RET-03078,Home Loan,2920000.0,8.7,240
LN-HM-03079,RET-03079,Home Loan,9210000.0,8.98,180
LN-HM-03080,RET-03080,Vehicle Loan,1920000.0,9.71,36
LN-HM-03081,RET-03081,Home Loan,8210000.0,8.96,120
LN-HM-03082,RET-03082,Personal Loan,610000.0,12.79,12
LN-HM-03083,RET-03083,Home Loan,3560000.0,9.13,180
LN-HM-03084,RET-03084,Vehicle Loan,680000.0,10.05,60
LN-HM-03085,RET-03085,Home Loan,8020000.0,8.96,180
LN-HM-03086,RET-03086,Personal Loan,1000000.0,11.13,48
LN-HM-03087,RET-03087,Personal Loan,270000.0,12.6,48
LN-HM-03088,RET-03088,Personal Loan,1310000.0,11.99,60
LN-HM-03089,RET-03089,Personal Loan,360000.0,11.19,36
LN-HM-03090,RET-03090,Home Loan,3510000.0,8.59,180
LN-HM-03091,RET-03091,Personal Loan,1620000.0,12.46,60
LN-HM-03092,RET-03092,Personal Loan,1560000.0,12.04,12
LN-HM-03093,RET-03093,Personal Loan,720000.0,11.96,12
LN-HM-03094,RET-03094,Home Loan,2110000.0,8.8,240
LN-HM-03095,RET-03095,Home Loan,3180000.0,8.79,120
LN-HM-03096,RET-03096,Personal Loan,1910000.0,11.58,48
LN-HM-03097,RET-03097,Personal Loan,1660000.0,12.86,24
LN-HM-03098,RET-03098,Home Loan,2730000.0,9.35,180
LN-HM-03099,RET-03099,Home Loan,1490000.0,8.93,300
LN-HM-03100,RET-03100,Home Loan,1360000.0,9.06,120
LN-HM-03101,RET-03101,Home Loan,4860000.0,9.38,240
LN-HM-03102,RET-03102,Home Loan,1810000.0,9.06,120
LN-HM-03103,RET-03103,Home Loan,2300000.0,9.15,180
LN-HM-03104,RET-03104,Home Loan,2840000.0,8.89,300
LN-HM-03105,RET-03105,Home Loan,8530000.0,8.75,120
LN-HM-03106,RET-03106,Personal Loan,420000.0,12.83,12
LN-HM-03107,RET-03107,Home Loan,6750000.0,9.15,120
LN-HM-03108,RET-03108,Personal Loan,820000.0,13.02,36
LN-HM-03109,RET-03109,Home Loan,1170000.0,8.96,120
LN-HM-03110,RET-03110,Personal Loan,530000.0,11.31,12
LN-HM-03111,RET-03111,Personal Loan,360000.0,13.97,48
LN-HM-03112,RET-03112,Personal Loan,1170000.0,12.4,60
LN-HM-03113,RET-03113,Home Loan,1260000.0,9.45,180
LN-HM-03114,RET-03114,Personal Loan,380000.0,12.77,48
LN-HM-03115,RET-03115,Personal Loan,420000.0,12.14,36
LN-HM-03116,RET-03116,Vehicle Loan,670000.0,10.16,60
LN-HM-03117,RET-03117,Home Loan,4090000.0,9.48,180
LN-HM-03118,RET-03118,Home Loan,3020000.0,8.53,300
LN-HM-03119,RET-03119,Home Loan,3850000.0,8.91,300
LN-HM-03120,RET-03120,Home Loan,5480000.0,9.09,120
LN-HM-03121,RET-03121,Vehicle Loan,1650000.0,9.83,84
LN-HM-03122,RET-03122,Home Loan,4930000.0,8.79,120
LN-HM-03123,RET-03123,Personal Loan,1960000.0,11.95,48
LN-HM-03124,RET-03124,Personal Loan,230000.0,13.98,36
LN-HM-03125,RET-03125,Personal Loan,1200000.0,12.6,48
LN-HM-03126,RET-03126,Home Loan,1960000.0,8.64,180
LN-HM-03127,RET-03127,Personal Loan,310000.0,13.93,60
LN-HM-03128,RET-03128,Home Loan,4340000.0,8.9,180
LN-HM-03129,RET-03129,Home Loan,3680000.0,9.24,240
LN-HM-03130,RET-03130,Home Loan,4990000.0,9.13,300
LN-HM-03131,RET-03131,Home Loan,2430000.0,9.45,240
LN-HM-03132,RET-03132,Home Loan,8050000.0,8.94,240
LN-HM-03133,RET-03133,Home Loan,1860000.0,8.55,240
LN-HM-03134,RET-03134,Vehicle Loan,730000.0,9.87,84
LN-HM-03135,RET-03135,Home Loan,1480000.0,9.21,180
LN-HM-03136,RET-03136,Personal Loan,340000.0,12.78,36
LN-HM-03137,RET-03137,Vehicle Loan,350000.0,10.86,60
LN-HM-03138,RET-03138,Personal Loan,490000.0,13.31,60
LN-HM-03139,RET-03139,Home Loan,3490000.0,8.77,300
LN-HM-03140,RET-03140,Vehicle Loan,860000.0,9.34,48
LN-HM-03141,RET-03141,Home Loan,1740000.0,9.3,120
LN-HM-03142,RET-03142,Vehicle Loan,790000.0,10.23,72
LN-HM-03143,RET-03143,Vehicle Loan,1070000.0,9.02,48
LN-HM-03144,RET-03144,Vehicle Loan,970000.0,10.93,60
LN-HM-03145,RET-03145,Home Loan,1380000.0,8.91,180
LN-HM-03146,RET-03146,Personal Loan,680000.0,12.17,24
LN-HM-03147,RET-03147,Home Loan,10840000.0,8.93,300
LN-HM-03148,RET-03148,Personal Loan,490000.0,13.42,24
LN-HM-03149,RET-03149,Home Loan,2730000.0,9.37,120
LN-HM-03150,RET-03150,Personal Loan,1330000.0,11.65,48
LN-HM-03151,RET-03151,Home Loan,1820000.0,9.47,120
LN-HM-03152,RET-03152,Vehicle Loan,1290000.0,10.93,72
LN-HM-03153,RET-03153,Personal Loan,270000.0,12.36,48
LN-HM-03154,RET-03154,Home Loan,3760000.0,8.55,120
LN-HM-03155,RET-03155,Personal Loan,540000.0,11.55,48
LN-HM-03156,RET-03156,Home Loan,1540000.0,9.06,120
LN-HM-03157,RET-03157,Home Loan,4610000.0,8.58,240
LN-HM-03158,RET-03158,Home Loan,1560000.0,9.49,180
LN-HM-03159,RET-03159,Home Loan,2520000.0,9.04,180
LN-HM-03160,RET-03160,Home Loan,3960000.0,9.38,300
LN-HM-03161,RET-03161,Home Loan,1940000.0,8.53,300
LN-HM-03162,RET-03162,Personal Loan,300000.0,13.36,60
LN-HM-03163,RET-03163,Personal Loan,820000.0,11.16,12
LN-HM-03164,RET-03164,Personal Loan,280000.0,13.78,60
LN-HM-03165,RET-03165,Home Loan,9600000.0,9.3,180
LN-HM-03166,RET-03166,Home Loan,1120000.0,9.05,120
LN-HM-03167,RET-03167,Personal Loan,420000.0,11.13,48
LN-HM-03168,RET-03168,Personal Loan,490000.0,12.72,24
LN-HM-03169,RET-03169,Personal Loan,1160000.0,13.67,12
LN-HM-03170,RET-03170,Vehicle Loan,1260000.0,10.02,84
LN-HM-03171,RET-03171,Home Loan,4340000.0,8.67,300
LN-HM-03172,RET-03172,Home Loan,2730000.0,9.02,120
LN-HM-03173,RET-03173,Personal Loan,2350000.0,11.22,24
LN-HM-03174,RET-03174,Vehicle Loan,1520000.0,9.29,48
LN-HM-03175,RET-03175,Personal Loan,1820000.0,12.31,36
LN-HM-03176,RET-03176,Personal Loan,750000.0,13.42,24
LN-HM-03177,RET-03177,Home Loan,1210000.0,8.7,300
LN-HM-03178,RET-03178,Vehicle Loan,2550000.0,9.61,84
LN-HM-03179,RET-03179,Personal Loan,1230000.0,12.11,36
LN-HM-03180,RET-03180,Home Loan,3710000.0,9.07,120
LN-HM-03181,RET-03181,Home Loan,1920000.0,8.58,180
LN-HM-03182,RET-03182,Vehicle Loan,630000.0,9.94,48
LN-HM-03183,RET-03183,Personal Loan,570000.0,13.09,60
LN-HM-03184,RET-03184,Home Loan,3320000.0,8.53,120
LN-HM-03185,RET-03185,Personal Loan,250000.0,12.94,24
LN-HM-03186,RET-03186,Home Loan,5870000.0,8.57,120
LN-HM-03187,RET-03187,Home Loan,7890000.0,9.21,240
LN-HM-03188,RET-03188,Home Loan,1720000.0,9.19,180
LN-HM-03189,RET-03189,Vehicle Loan,430000.0,10.35,84
LN-HM-03190,RET-03190,Personal Loan,350000.0,13.37,60
LN-HM-03191,RET-03191,Home Loan,2950000.0,8.96,120
LN-HM-03192,RET-03192,Home Loan,5150000.0,9.43,300
LN-HM-03193,RET-03193,Personal Loan,1620000.0,11.47,48
LN-HM-03194,RET-03194,Home Loan,4200000.0,9.14,180
LN-HM-03195,RET-03195,Personal Loan,360000.0,13.38,48
LN-HM-03196,RET-03196,Home Loan,1550000.0,8.8,180
LN-HM-03197,RET-03197,Home Loan,3390000.0,8.65,180
LN-HM-03198,RET-03198,Vehicle Loan,610000.0,9.44,36
LN-HM-03199,RET-03199,Personal Loan,1120000.0,12.67,60
LN-HM-03200,RET-03200,Personal Loan,320000.0,13.63,36
LN-HM-03201,RET-03201,Home Loan,4510000.0,9.47,120
LN-HM-03202,RET-03202,Vehicle Loan,940000.0,10.4,72
LN-HM-03203,RET-03203,Personal Loan,840000.0,12.04,36
LN-HM-03204,RET-03204,Vehicle Loan,530000.0,9.58,48
LN-HM-03205,RET-03205,Home Loan,5650000.0,9.39,240
LN-HM-03206,RET-03206,Vehicle Loan,2680000.0,10.87,60
LN-HM-03207,RET-03207,Home Loan,4830000.0,8.75,120
LN-HM-03208,RET-03208,Home Loan,11830000.0,9.07,300
LN-HM-03209,RET-03209,Personal Loan,260000.0,13.32,24
LN-HM-03210,RET-03210,Vehicle Loan,1550000.0,9.13,60
LN-HM-03211,RET-03211,Personal Loan,1750000.0,12.97,24
LN-HM-03212,RET-03212,Home Loan,1510000.0,9.45,300
LN-HM-03213,RET-03213,Home Loan,3540000.0,9.18,240
LN-HM-03214,RET-03214,Personal Loan,1560000.0,13.62,12
LN-HM-03215,RET-03215,Personal Loan,1430000.0,12.75,36
LN-HM-03216,RET-03216,Vehicle Loan,1970000.0,9.27,72
LN-HM-03217,RET-03217,Home Loan,2300000.0,8.68,120
LN-HM-03218,RET-03218,Home Loan,3620000.0,9.17,180
LN-HM-03219,RET-03219,Home Loan,1080000.0,8.96,240
LN-HM-03220,RET-03220,Vehicle Loan,780000.0,10.6,84
LN-HM-03221,RET-03221,Home Loan,3510000.0,9.24,120
LN-HM-03222,RET-03222,Home Loan,4760000.0,9.26,240
LN-HM-03223,RET-03223,Home Loan,5850000.0,9.28,240
LN-HM-03224,RET-03224,Personal Loan,1090000.0,11.36,36
LN-HM-03225,RET-03225,Vehicle Loan,1190000.0,10.66,36
LN-HM-03226,RET-03226,Vehicle Loan,1350000.0,10.77,48
LN-HM-03227,RET-03227,Home Loan,3020000.0,9.36,240
LN-HM-03228,RET-03228,Vehicle Loan,750000.0,9.56,60
LN-HM-03229,RET-03229,Home Loan,1550000.0,9.05,300
LN-HM-03230,RET-03230,Home Loan,2520000.0,8.6,300
LN-HM-03231,RET-03231,Personal Loan,670000.0,11.05,48
LN-HM-03232,RET-03232,Home Loan,5680000.0,9.4,240
LN-HM-03233,RET-03233,Home Loan,10900000.0,8.63,300
LN-HM-03234,RET-03234,Vehicle Loan,1340000.0,10.33,36
LN-HM-03235,RET-03235,Vehicle Loan,290000.0,10.42,84
LN-HM-03236,RET-03236,Vehicle Loan,920000.0,10.98,72
LN-HM-03237,RET-03237,Vehicle Loan,1230000.0,10.67,36
LN-HM-03238,RET-03238,Home Loan,1330000.0,8.88,180
LN-HM-03239,RET-03239,Home Loan,3880000.0,9.1,240
LN-HM-03240,RET-03240,Home Loan,5210000.0,8.55,240
LN-HM-03241,RET-03241,Personal Loan,2200000.0,12.91,12
LN-HM-03242,RET-03242,Vehicle Loan,3690000.0,9.59,36
LN-HM-03243,RET-03243,Home Loan,1160000.0,9.27,180
LN-HM-03244,RET-03244,Home Loan,2860000.0,9.08,240
LN-HM-03245,RET-03245,Home Loan,3940000.0,8.55,180
LN-HM-03246,RET-03246,Personal Loan,390000.0,13.86,48
LN-HM-03247,RET-03247,Personal Loan,760000.0,11.92,24
LN-HM-03248,RET-03248,Vehicle Loan,740000.0,10.8,84
LN-HM-03249,RET-03249,Personal Loan,810000.0,12.22,24
LN-HM-03250,RET-03250,Home Loan,9840000.0,8.95,180
LN-HM-03251,RET-03251,Personal Loan,700000.0,11.02,48
LN-HM-03252,RET-03252,Vehicle Loan,890000.0,9.42,84
LN-HM-03253,RET-03253,Personal Loan,300000.0,12.21,12
LN-HM-03254,RET-03254,Vehicle Loan,4930000.0,9.64,60
LN-HM-03255,RET-03255,Vehicle Loan,2020000.0,9.33,48
LN-HM-03256,RET-03256,Vehicle Loan,990000.0,10.45,60
LN-HM-03257,RET-03257,Vehicle Loan,670000.0,9.97,60
LN-HM-03258,RET-03258,Personal Loan,1600000.0,11.27,24
LN-HM-03259,RET-03259,Home Loan,1990000.0,9.15,300
LN-HM-03260,RET-03260,Home Loan,1100000.0,8.81,300
LN-HM-03261,RET-03261,Personal Loan,1020000.0,11.61,60
LN-HM-03262,RET-03262,Home Loan,1250000.0,9.28,120
LN-HM-03263,RET-03263,Home Loan,3340000.0,9.22,180
LN-HM-03264,RET-03264,Vehicle Loan,1800000.0,9.48,36
LN-HM-03265,RET-03265,Home Loan,1060000.0,8.7,300
LN-HM-03266,RET-03266,Vehicle Loan,580000.0,9.61,84
LN-HM-03267,RET-03267,Vehicle Loan,1860000.0,10.7,72
LN-HM-03268,RET-03268,Vehicle Loan,820000.0,10.06,36
LN-HM-03269,RET-03269,Home Loan,5570000.0,8.96,180
LN-HM-03270,RET-03270,Personal Loan,580000.0,13.2,48
LN-HM-03271,RET-03271,Personal Loan,1210000.0,11.22,12
LN-HM-03272,RET-03272,Personal Loan,600000.0,12.32,24
LN-HM-03273,RET-03273,Personal Loan,270000.0,12.95,48
LN-HM-03274,RET-03274,Personal Loan,500000.0,11.73,36
LN-HM-03275,RET-03275,Vehicle Loan,500000.0,10.17,60
LN-HM-03276,RET-03276,Vehicle Loan,1480000.0,10.45,48
LN-HM-03277,RET-03277,Vehicle Loan,1030000.0,9.16,48
LN-HM-03278,RET-03278,Personal Loan,520000.0,13.06,60
LN-HM-03279,RET-03279,Personal Loan,1600000.0,11.34,36
LN-HM-03280,RET-03280,Personal Loan,210000.0,13.16,60
LN-HM-03281,RET-03281,Personal Loan,770000.0,13.34,24
LN-HM-03282,RET-03282,Personal Loan,820000.0,12.91,48
LN-HM-03283,RET-03283,Home Loan,4190000.0,8.94,240
LN-HM-03284,RET-03284,Home Loan,2590000.0,9.45,240
LN-HM-03285,RET-03285,Personal Loan,460000.0,13.86,24
LN-HM-03286,RET-03286,Home Loan,9080000.0,9.18,120
LN-HM-03287,RET-03287,Vehicle Loan,1730000.0,10.41,72
LN-HM-03288,RET-03288,Home Loan,2220000.0,8.82,120
LN-HM-03289,RET-03289,Home Loan,8460000.0,9.23,180
LN-HM-03290,RET-03290,Vehicle Loan,2280000.0,9.5,84
LN-HM-03291,RET-03291,Home Loan,3300000.0,9.03,300
LN-HM-03292,RET-03292,Vehicle Loan,1890000.0,10.87,48
LN-HM-03293,RET-03293,Personal Loan,430000.0,11.31,36
LN-HM-03294,RET-03294,Personal Loan,1900000.0,12.31,12
LN-HM-03295,RET-03295,Personal Loan,740000.0,13.0,36
LN-HM-03296,RET-03296,Home Loan,2720000.0,9.05,240
LN-HM-03297,RET-03297,Personal Loan,1190000.0,11.81,60
LN-HM-03298,RET-03298,Home Loan,3970000.0,8.53,240
LN-HM-03299,RET-03299,Home Loan,2630000.0,9.45,180
LN-HM-03300,RET-03300,Home Loan,5970000.0,9.26,180
LN-HM-03301,RET-03301,Home Loan,2230000.0,9.39,300
LN-HM-03302,RET-03302,Personal Loan,520000.0,13.92,36
LN-HM-03303,RET-03303,Home Loan,4680000.0,9.08,240
LN-HM-03304,RET-03304,Personal Loan,870000.0,13.38,36
LN-HM-03305,RET-03305,Vehicle Loan,2460000.0,9.91,48
LN-HM-03306,RET-03306,Home Loan,4430000.0,9.05,120
LN-HM-03307,RET-03307,Home Loan,5740000.0,8.66,240
LN-HM-03308,RET-03308,Personal Loan,210000.0,12.71,48
LN-HM-03309,RET-03309,Personal Loan,590000.0,12.59,60
LN-HM-03310,RET-03310,Personal Loan,890000.0,11.76,24
LN-HM-03311,RET-03311,Personal Loan,790000.0,12.65,60
LN-HM-03312,RET-03312,Home Loan,1790000.0,9.33,120
LN-HM-03313,RET-03313,Vehicle Loan,2800000.0,9.72,84
LN-HM-03314,RET-03314,Vehicle Loan,1290000.0,10.52,72
LN-HM-03315,RET-03315,Personal Loan,270000.0,13.37,24
LN-HM-03316,RET-03316,Home Loan,3010000.0,9.23,120
LN-HM-03317,RET-03317,Personal Loan,1610000.0,13.08,60
LN-HM-03318,RET-03318,Home Loan,3480000.0,9.08,180
LN-HM-03319,RET-03319,Vehicle Loan,1280000.0,10.37,84
LN-HM-03320,RET-03320,Vehicle Loan,1080000.0,9.75,84
LN-HM-03321,RET-03321,Vehicle Loan,1780000.0,9.47,84
LN-HM-03322,RET-03322,Personal Loan,850000.0,12.21,12
LN-HM-03323,RET-03323,Home Loan,1540000.0,9.28,240
LN-HM-03324,RET-03324,Personal Loan,400000.0,13.18,24
LN-HM-03325,RET-03325,Home Loan,3940000.0,9.08,240
LN-HM-03326,RET-03326,Home Loan,1650000.0,9.12,240
LN-HM-03327,RET-03327,Home Loan,1090000.0,9.24,120
LN-HM-03328,RET-03328,Vehicle Loan,680000.0,10.44,36
LN-HM-03329,RET-03329,Home Loan,2690000.0,9.39,120
LN-HM-03330,RET-03330,Vehicle Loan,1000000.0,10.85,84
LN-HM-03331,RET-03331,Personal Loan,1000000.0,13.01,12
LN-HM-03332,RET-03332,Home Loan,1440000.0,9.08,120
LN-HM-03333,RET-03333,Personal Loan,250000.0,13.88,60
LN-HM-03334,RET-03334,Home Loan,6420000.0,8.62,300
LN-HM-03335,RET-03335,Home Loan,2770000.0,9.18,120
LN-HM-03336,RET-03336,Home Loan,1570000.0,8.76,240
LN-HM-03337,RET-03337,Vehicle Loan,920000.0,9.65,84
LN-HM-03338,RET-03338,Home Loan,4410000.0,9.09,120
LN-HM-03339,RET-03339,Vehicle Loan,910000.0,9.07,36
LN-HM-03340,RET-03340,Home Loan,2360000.0,9.03,240
LN-HM-03341,RET-03341,Home Loan,5150000.0,9.43,120
LN-HM-03342,RET-03342,Home Loan,5260000.0,9.2,180
LN-HM-03343,RET-03343,Personal Loan,470000.0,11.56,60
LN-HM-03344,RET-03344,Vehicle Loan,1450000.0,9.0,48
LN-HM-03345,RET-03345,Personal Loan,360000.0,11.29,48
LN-HM-03346,RET-03346,Personal Loan,1260000.0,13.87,24
LN-HM-03347,RET-03347,Home Loan,5400000.0,9.03,240
LN-HM-03348,RET-03348,Home Loan,3090000.0,9.15,180
LN-HM-03349,RET-03349,Home Loan,4760000.0,8.85,300
LN-HM-03350,RET-03350,Personal Loan,330000.0,11.2,60
LN-HM-03351,RET-03351,Personal Loan,440000.0,12.72,24
LN-HM-03352,RET-03352,Home Loan,2560000.0,8.9,120
LN-HM-03353,RET-03353,Home Loan,3500000.0,8.64,120
LN-HM-03354,RET-03354,Home Loan,3520000.0,9.01,240
LN-HM-03355,RET-03355,Vehicle Loan,840000.0,10.57,36
LN-HM-03356,RET-03356,Home Loan,3780000.0,8.93,240
LN-HM-03357,RET-03357,Personal Loan,630000.0,12.85,12
LN-HM-03358,RET-03358,Vehicle Loan,1680000.0,10.66,60
LN-HM-03359,RET-03359,Personal Loan,370000.0,12.42,12
LN-HM-03360,RET-03360,Vehicle Loan,4180000.0,10.92,72
LN-HM-03361,RET-03361,Home Loan,2470000.0,9.04,300
LN-HM-03362,RET-03362,Home Loan,3370000.0,9.1,180
LN-HM-03363,RET-03363,Home Loan,6160000.0,9.49,300
LN-HM-03364,RET-03364,Personal Loan,1470000.0,13.59,48
LN-HM-03365,RET-03365,Vehicle Loan,1910000.0,9.71,72
LN-HM-03366,RET-03366,Vehicle Loan,2960000.0,9.75,36
LN-HM-03367,RET-03367,Personal Loan,600000.0,13.04,24
LN-HM-03368,RET-03368,Personal Loan,1160000.0,12.45,24
LN-HM-03369,RET-03369,Personal Loan,190000.0,12.92,36
LN-HM-03370,RET-03370,Vehicle Loan,1360000.0,10.65,36
LN-HM-03371,RET-03371,Vehicle Loan,2030000.0,9.83,60
LN-HM-03372,RET-03372,Home Loan,5610000.0,8.67,300
LN-HM-03373,RET-03373,Vehicle Loan,1820000.0,10.88,60
LN-HM-03374,RET-03374,Home Loan,2520000.0,8.74,120
LN-HM-03375,RET-03375,Home Loan,2510000.0,9.28,180
LN-HM-03376,RET-03376,Personal Loan,330000.0,11.31,12
LN-HM-03377,RET-03377,Personal Loan,630000.0,13.73,48
LN-HM-03378,RET-03378,Personal Loan,420000.0,13.08,60
LN-HM-03379,RET-03379,Personal Loan,1500000.0,13.29,36
LN-HM-03380,RET-03380,Personal Loan,1860000.0,12.91,36
LN-HM-03381,RET-03381,Personal Loan,1040000.0,13.5,12
LN-HM-03382,RET-03382,Home Loan,4940000.0,9.46,180
LN-HM-03383,RET-03383,Personal Loan,950000.0,13.41,60
LN-HM-03384,RET-03384,Personal Loan,440000.0,12.8,36
LN-HM-03385,RET-03385,Home Loan,3720000.0,9.39,300
LN-HM-03386,RET-03386,Home Loan,5160000.0,9.3,180
LN-HM-03387,RET-03387,Home Loan,2340000.0,9.48,120
LN-HM-03388,RET-03388,Home Loan,1230000.0,8.91,240
LN-HM-03389,RET-03389,Home Loan,1090000.0,9.09,240
LN-HM-03390,RET-03390,Home Loan,2490000.0,9.07,120
LN-HM-03391,RET-03391,Personal Loan,510000.0,12.43,12
LN-HM-03392,RET-03392,Personal Loan,890000.0,12.39,48
LN-HM-03393,RET-03393,Vehicle Loan,740000.0,10.86,36
LN-HM-03394,RET-03394,Vehicle Loan,1410000.0,9.27,48
LN-HM-03395,RET-03395,Home Loan,3230000.0,9.23,180
LN-HM-03396,RET-03396,Personal Loan,730000.0,12.24,36
LN-HM-03397,RET-03397,Personal Loan,990000.0,13.0,60
LN-HM-03398,RET-03398,Home Loan,2100000.0,9.02,240
LN-HM-03399,RET-03399,Home Loan,2620000.0,8.59,300
LN-HM-03400,RET-03400,Vehicle Loan,710000.0,9.9,48
LN-HM-03401,RET-03401,Personal Loan,830000.0,12.19,60
LN-HM-03402,RET-03402,Home Loan,3320000.0,9.3,180
LN-HM-03403,RET-03403,Home Loan,3080000.0,9.06,120
LN-HM-03404,RET-03404,Personal Loan,590000.0,12.04,24
LN-HM-03405,RET-03405,Vehicle Loan,2330000.0,9.77,84
LN-HM-03406,RET-03406,Home Loan,2600000.0,8.7,300
LN-HM-03407,RET-03407,Home Loan,2300000.0,8.88,300
LN-HM-03408,RET-03408,Home Loan,4290000.0,9.21,180
LN-HM-03409,RET-03409,Vehicle Loan,1030000.0,10.43,60
LN-HM-03410,RET-03410,Home Loan,5690000.0,9.36,240
LN-HM-03411,RET-03411,Home Loan,2790000.0,8.94,240
LN-HM-03412,RET-03412,Personal Loan,190000.0,12.08,48
LN-HM-03413,RET-03413,Personal Loan,2310000.0,12.98,12
LN-HM-03414,RET-03414,Home Loan,2740000.0,9.12,240
LN-HM-03415,RET-03415,Vehicle Loan,370000.0,10.43,60
LN-HM-03416,RET-03416,Personal Loan,1550000.0,11.02,60
LN-HM-03417,RET-03417,Personal Loan,210000.0,12.35,24
LN-HM-03418,RET-03418,Vehicle Loan,580000.0,10.03,36
LN-HM-03419,RET-03419,Personal Loan,450000.0,11.92,36
LN-HM-03420,RET-03420,Home Loan,2850000.0,8.65,300
LN-HM-03421,RET-03421,Home Loan,3510000.0,9.06,240
LN-HM-03422,RET-03422,Personal Loan,1090000.0,11.3,36
LN-HM-03423,RET-03423,Home Loan,2340000.0,9.05,180
LN-HM-03424,RET-03424,Home Loan,2250000.0,9.03,300
LN-HM-03425,RET-03425,Home Loan,6280000.0,8.96,180
LN-HM-03426,RET-03426,Home Loan,2430000.0,9.4,300
LN-HM-03427,RET-03427,Home Loan,3250000.0,8.6,240
LN-HM-03428,RET-03428,Home Loan,1960000.0,9.44,180
LN-HM-03429,RET-03429,Personal Loan,750000.0,13.59,12
LN-HM-03430,RET-03430,Home Loan,3320000.0,9.16,240
LN-HM-03431,RET-03431,Home Loan,3170000.0,8.97,240
LN-HM-03432,RET-03432,Home Loan,2500000.0,9.11,240
LN-HM-03433,RET-03433,Home Loan,5240000.0,9.11,240
LN-HM-03434,RET-03434,Home Loan,5570000.0,8.5,240
LN-HM-03435,RET-03435,Vehicle Loan,650000.0,10.67,84
LN-HM-03436,RET-03436,Home Loan,2750000.0,8.52,300
LN-HM-03437,RET-03437,Home Loan,5540000.0,9.09,180
LN-HM-03438,RET-03438,Home Loan,1700000.0,8.89,300
LN-HM-03439,RET-03439,Personal Loan,950000.0,13.72,36
LN-HM-03440,RET-03440,Home Loan,5390000.0,8.94,300
LN-HM-03441,RET-03441,Home Loan,1380000.0,8.7,120
LN-HM-03442,RET-03442,Home Loan,1750000.0,9.28,120
LN-HM-03443,RET-03443,Personal Loan,970000.0,12.23,12
LN-HM-03444,RET-03444,Personal Loan,660000.0,13.63,36
LN-HM-03445,RET-03445,Vehicle Loan,660000.0,10.33,84
LN-HM-03446,RET-03446,Home Loan,5860000.0,9.01,120
LN-HM-03447,RET-03447,Personal Loan,1520000.0,12.25,60
LN-HM-03448,RET-03448,Home Loan,2900000.0,8.94,180
LN-HM-03449,RET-03449,Vehicle Loan,3700000.0,10.36,48
LN-HM-03450,RET-03450,Home Loan,1400000.0,8.99,300
LN-HM-03451,RET-03451,Vehicle Loan,580000.0,9.49,48
LN-HM-03452,RET-03452,Personal Loan,610000.0,13.99,60
LN-HM-03453,RET-03453,Vehicle Loan,910000.0,10.5,72
LN-HM-03454,RET-03454,Personal Loan,390000.0,12.65,24
LN-HM-03455,RET-03455,Personal Loan,330000.0,12.56,60
LN-HM-03456,RET-03456,Home Loan,2500000.0,8.74,240
LN-HM-03457,RET-03457,Home Loan,2450000.0,9.08,180
LN-HM-03458,RET-03458,Home Loan,2680000.0,8.93,240
LN-HM-03459,RET-03459,Home Loan,4460000.0,8.8,240
LN-HM-03460,RET-03460,Vehicle Loan,1480000.0,10.93,36
LN-HM-03461,RET-03461,Home Loan,2420000.0,8.67,240
LN-HM-03462,RET-03462,Home Loan,2360000.0,8.8,120
LN-HM-03463,RET-03463,Home Loan,4960000.0,8.87,120
LN-HM-03464,RET-03464,Home Loan,1790000.0,8.61,180
LN-HM-03465,RET-03465,Home Loan,1790000.0,9.49,240
LN-HM-03466,RET-03466,Personal Loan,260000.0,11.49,36
LN-HM-03467,RET-03467,Home Loan,3390000.0,8.68,300
LN-HM-03468,RET-03468,Vehicle Loan,1790000.0,9.47,84
LN-HM-03469,RET-03469,Vehicle Loan,2110000.0,9.12,60
LN-HM-03470,RET-03470,Home Loan,10260000.0,8.86,120
LN-HM-03471,RET-03471,Home Loan,5370000.0,9.28,120
LN-HM-03472,RET-03472,Personal Loan,360000.0,11.31,24
LN-HM-03473,RET-03473,Personal Loan,340000.0,12.12,60
LN-HM-03474,RET-03474,Home Loan,1270000.0,8.83,180
LN-HM-03475,RET-03475,Home Loan,2070000.0,9.12,240
LN-HM-03476,RET-03476,Home Loan,2680000.0,9.42,240
LN-HM-03477,RET-03477,Home Loan,1350000.0,9.35,120
LN-HM-03478,RET-03478,Home Loan,12190000.0,8.52,180
LN-HM-03479,RET-03479,Vehicle Loan,620000.0,9.51,84
LN-HM-03480,RET-03480,Home Loan,1300000.0,8.82,240
LN-HM-03481,RET-03481,Vehicle Loan,710000.0,10.72,48
LN-HM-03482,RET-03482,Home Loan,8350000.0,8.5,300
LN-HM-03483,RET-03483,Personal Loan,1460000.0,12.45,36
LN-HM-03484,RET-03484,Personal Loan,620000.0,13.24,60
LN-HM-03485,RET-03485,Home Loan,2690000.0,9.39,120
LN-HM-03486,RET-03486,Personal Loan,1500000.0,11.95,48
LN-HM-03487,RET-03487,Personal Loan,870000.0,11.79,48
LN-HM-03488,RET-03488,Home Loan,4570000.0,8.93,120
LN-HM-03489,RET-03489,Personal Loan,1070000.0,12.73,48
LN-HM-03490,RET-03490,Personal Loan,220000.0,13.94,60
LN-HM-03491,RET-03491,Home Loan,7600000.0,9.28,240
LN-HM-03492,RET-03492,Home Loan,1410000.0,8.94,240
LN-HM-03493,RET-03493,Vehicle Loan,980000.0,9.39,84
LN-HM-03494,RET-03494,Home Loan,3320000.0,8.74,300
LN-HM-03495,RET-03495,Personal Loan,1370000.0,12.99,48
LN-HM-03496,RET-03496,Personal Loan,840000.0,13.3,24
LN-HM-03497,RET-03497,Personal Loan,1010000.0,11.03,48
LN-HM-03498,RET-03498,Vehicle Loan,1270000.0,9.96,60
LN-HM-03499,RET-03499,Home Loan,4890000.0,9.29,120
LN-HM-03500,RET-03500,Vehicle Loan,1430000.0,9.62,36
LN-HM-03501,RET-03501,Personal Loan,320000.0,12.23,60
LN-HM-03502,RET-03502,Vehicle Loan,780000.0,9.72,48
LN-HM-03503,RET-03503,Home Loan,4460000.0,9.41,180
LN-HM-03504,RET-03504,Home Loan,2660000.0,9.35,120
LN-HM-03505,RET-03505,Home Loan,1040000.0,8.87,120
LN-HM-03506,RET-03506,Home Loan,3190000.0,9.15,180
LN-HM-03507,RET-03507,Personal Loan,890000.0,13.39,12
LN-HM-03508,RET-03508,Home Loan,6240000.0,9.49,240
LN-HM-03509,RET-03509,Vehicle Loan,490000.0,9.18,84
LN-HM-03510,RET-03510,Home Loan,3750000.0,9.25,120
LN-HM-03511,RET-03511,Personal Loan,1950000.0,12.56,12
LN-HM-03512,RET-03512,Home Loan,1440000.0,8.92,300
LN-HM-03513,RET-03513,Personal Loan,520000.0,13.14,60
LN-HM-03514,RET-03514,Personal Loan,160000.0,12.92,48
LN-HM-03515,RET-03515,Personal Loan,1320000.0,13.88,12
LN-HM-03516,RET-03516,Personal Loan,960000.0,12.82,36
LN-HM-03517,RET-03517,Personal Loan,780000.0,11.79,24
LN-HM-03518,RET-03518,Vehicle Loan,420000.0,10.69,72
LN-HM-03519,RET-03519,Home Loan,3720000.0,8.8,120
LN-HM-03520,RET-03520,Home Loan,3250000.0,9.39,180
LN-HM-03521,RET-03521,Home Loan,1420000.0,9.38,300
LN-HM-03522,RET-03522,Home Loan,6140000.0,9.01,120
LN-HM-03523,RET-03523,Home Loan,7010000.0,9.07,240
LN-HM-03524,RET-03524,Personal Loan,1640000.0,12.74,48
LN-HM-03525,RET-03525,Personal Loan,240000.0,13.61,12
LN-HM-03526,RET-03526,Home Loan,1040000.0,8.61,180
LN-HM-03527,RET-03527,Home Loan,1970000.0,9.01,180
LN-HM-03528,RET-03528,Personal Loan,510000.0,13.49,24
LN-HM-03529,RET-03529,Vehicle Loan,770000.0,10.98,60
LN-HM-03530,RET-03530,Personal Loan,330000.0,13.17,36
LN-HM-03531,RET-03531,Home Loan,5990000.0,8.76,180
LN-HM-03532,RET-03532,Home Loan,3420000.0,8.76,240
LN-HM-03533,RET-03533,Vehicle Loan,1230000.0,10.52,84
LN-HM-03534,RET-03534,Vehicle Loan,830000.0,10.71,72
LN-HM-03535,RET-03535,Vehicle Loan,930000.0,10.34,84
LN-HM-03536,RET-03536,Home Loan,2850000.0,9.33,240
LN-HM-03537,RET-03537,Home Loan,1890000.0,9.41,240
LN-HM-03538,RET-03538,Personal Loan,770000.0,12.52,24
LN-HM-03539,RET-03539,Personal Loan,270000.0,11.57,12
LN-HM-03540,RET-03540,Vehicle Loan,1880000.0,9.93,60
LN-HM-03541,RET-03541,Home Loan,8340000.0,8.97,240
LN-HM-03542,RET-03542,Vehicle Loan,590000.0,9.55,84
LN-HM-03543,RET-03543,Vehicle Loan,2860000.0,9.36,60
LN-HM-03544,RET-03544,Home Loan,4190000.0,9.28,120
LN-HM-03545,RET-03545,Vehicle Loan,1300000.0,10.2,84
LN-HM-03546,RET-03546,Vehicle Loan,1300000.0,9.03,84
LN-HM-03547,RET-03547,Home Loan,4610000.0,8.55,120
LN-HM-03548,RET-03548,Home Loan,2030000.0,8.52,180
LN-HM-03549,RET-03549,Home Loan,5940000.0,8.77,180
LN-HM-03550,RET-03550,Home Loan,7060000.0,8.69,300
LN-HM-03551,RET-03551,Vehicle Loan,690000.0,10.09,36
LN-HM-03552,RET-03552,Personal Loan,570000.0,11.19,12
LN-HM-03553,RET-03553,Home Loan,2390000.0,9.29,240
LN-HM-03554,RET-03554,Home Loan,2420000.0,9.25,240
LN-HM-03555,RET-03555,Home Loan,2850000.0,8.66,180
LN-HM-03556,RET-03556,Home Loan,1550000.0,9.09,180
LN-HM-03557,RET-03557,Home Loan,3010000.0,9.08,240
LN-HM-03558,RET-03558,Home Loan,4670000.0,8.67,180
LN-HM-03559,RET-03559,Home Loan,2880000.0,9.07,240
LN-HM-03560,RET-03560,Home Loan,2400000.0,8.87,300
LN-HM-03561,RET-03561,Personal Loan,490000.0,11.73,60
LN-HM-03562,RET-03562,Home Loan,6870000.0,9.34,300
LN-HM-03563,RET-03563,Home Loan,2360000.0,9.29,180
LN-HM-03564,RET-03564,Personal Loan,870000.0,11.85,36
LN-HM-03565,RET-03565,Personal Loan,700000.0,11.47,36
LN-HM-03566,RET-03566,Home Loan,3850000.0,8.58,120
LN-HM-03567,RET-03567,Vehicle Loan,2060000.0,10.08,60
LN-HM-03568,RET-03568,Personal Loan,230000.0,13.88,24
LN-HM-03569,RET-03569,Vehicle Loan,1970000.0,9.73,36
LN-HM-03570,RET-03570,Home Loan,5270000.0,9.23,120
LN-HM-03571,RET-03571,Home Loan,3390000.0,8.51,240
LN-HM-03572,RET-03572,Home Loan,4900000.0,8.54,240
LN-HM-03573,RET-03573,Personal Loan,500000.0,12.26,12
LN-HM-03574,RET-03574,Vehicle Loan,1440000.0,10.31,48
LN-HM-03575,RET-03575,Home Loan,15460000.0,9.23,240
LN-HM-03576,RET-03576,Home Loan,1100000.0,9.2,300
LN-HM-03577,RET-03577,Home Loan,2090000.0,8.98,180
LN-HM-03578,RET-03578,Home Loan,3600000.0,9.31,240
LN-HM-03579,RET-03579,Personal Loan,2320000.0,12.59,48
LN-HM-03580,RET-03580,Home Loan,1820000.0,9.45,120
LN-HM-03581,RET-03581,Personal Loan,740000.0,12.38,36
LN-HM-03582,RET-03582,Personal Loan,330000.0,11.34,60
LN-HM-03583,RET-03583,Home Loan,2180000.0,8.86,240
LN-HM-03584,RET-03584,Vehicle Loan,700000.0,10.28,72
LN-HM-03585,RET-03585,Home Loan,1380000.0,8.57,120
LN-HM-03586,RET-03586,Vehicle Loan,1250000.0,9.93,72
LN-HM-03587,RET-03587,Vehicle Loan,520000.0,10.06,36
LN-HM-03588,RET-03588,Home Loan,2130000.0,8.85,300
LN-HM-03589,RET-03589,Personal Loan,670000.0,11.37,48
LN-HM-03590,RET-03590,Personal Loan,960000.0,12.45,12
LN-HM-03591,RET-03591,Vehicle Loan,460000.0,10.1,36
LN-HM-03592,RET-03592,Personal Loan,1810000.0,11.82,60
LN-HM-03593,RET-03593,Vehicle Loan,1050000.0,9.92,84
LN-HM-03594,RET-03594,Home Loan,3360000.0,9.25,180
LN-HM-03595,RET-03595,Personal Loan,760000.0,12.68,60
LN-HM-03596,RET-03596,Vehicle Loan,1280000.0,9.15,72
LN-HM-03597,RET-03597,Personal Loan,710000.0,12.62,36
LN-HM-03598,RET-03598,Home Loan,3710000.0,9.38,120
LN-HM-03599,RET-03599,Vehicle Loan,1080000.0,10.91,60
LN-HM-03600,RET-03600,Personal Loan,590000.0,12.93,12
LN-HM-03601,RET-03601,Personal Loan,540000.0,12.73,48
LN-HM-03602,RET-03602,Personal Loan,760000.0,12.55,60
LN-HM-03603,RET-03603,Home Loan,2970000.0,8.58,120
LN-HM-03604,RET-03604,Vehicle Loan,550000.0,9.96,36
LN-HM-03605,RET-03605,Personal Loan,1140000.0,11.66,60
LN-HM-03606,RET-03606,Personal Loan,300000.0,11.06,60
LN-HM-03607,RET-03607,Personal Loan,1950000.0,13.16,12
LN-HM-03608,RET-03608,Home Loan,3260000.0,9.36,300
LN-HM-03609,RET-03609,Home Loan,7160000.0,9.04,180
LN-HM-03610,RET-03610,Personal Loan,570000.0,11.36,36
LN-HM-03611,RET-03611,Vehicle Loan,360000.0,9.01,72
LN-HM-03612,RET-03612,Personal Loan,350000.0,11.91,48
LN-HM-03613,RET-03613,Home Loan,12280000.0,9.07,240
LN-HM-03614,RET-03614,Vehicle Loan,920000.0,10.04,60
LN-HM-03615,RET-03615,Home Loan,6290000.0,8.77,300
LN-HM-03616,RET-03616,Vehicle Loan,630000.0,10.92,48
LN-HM-03617,RET-03617,Home Loan,4680000.0,9.38,300
LN-HM-03618,RET-03618,Vehicle Loan,1680000.0,9.66,84
LN-HM-03619,RET-03619,Vehicle Loan,6010000.0,10.84,48
LN-HM-03620,RET-03620,Home Loan,3340000.0,9.29,300
LN-HM-03621,RET-03621,Vehicle Loan,850000.0,9.47,60
LN-HM-03622,RET-03622,Home Loan,4380000.0,8.63,120
LN-HM-03623,RET-03623,Home Loan,1800000.0,9.48,120
LN-HM-03624,RET-03624,Vehicle Loan,1210000.0,10.86,60
LN-HM-03625,RET-03625,Home Loan,3160000.0,9.35,300
LN-HM-03626,RET-03626,Home Loan,2420000.0,9.31,300
LN-HM-03627,RET-03627,Home Loan,3760000.0,9.25,300
LN-HM-03628,RET-03628,Home Loan,3120000.0,8.77,120
LN-HM-03629,RET-03629,Home Loan,4900000.0,9.46,240
LN-HM-03630,RET-03630,Home Loan,8330000.0,9.13,300
LN-HM-03631,RET-03631,Home Loan,3170000.0,9.16,240
LN-HM-03632,RET-03632,Personal Loan,730000.0,11.6,12
LN-HM-03633,RET-03633,Home Loan,1360000.0,9.07,180
LN-HM-03634,RET-03634,Home Loan,5360000.0,9.02,120
LN-HM-03635,RET-03635,Personal Loan,730000.0,11.96,48
LN-HM-03636,RET-03636,Personal Loan,760000.0,11.28,24
LN-HM-03637,RET-03637,Vehicle Loan,2740000.0,9.87,36
LN-HM-03638,RET-03638,Home Loan,2230000.0,9.46,120
LN-HM-03639,RET-03639,Home Loan,1720000.0,9.26,300
LN-HM-03640,RET-03640,Home Loan,4840000.0,9.27,180
LN-HM-03641,RET-03641,Personal Loan,740000.0,13.84,12
LN-HM-03642,RET-03642,Home Loan,5170000.0,9.44,180
LN-HM-03643,RET-03643,Home Loan,3210000.0,8.89,120
LN-HM-03644,RET-03644,Home Loan,1530000.0,8.98,300
LN-HM-03645,RET-03645,Personal Loan,250000.0,13.44,24
LN-HM-03646,RET-03646,Home Loan,1370000.0,9.39,180
LN-HM-03647,RET-03647,Vehicle Loan,1870000.0,10.96,48
LN-HM-03648,RET-03648,Home Loan,4260000.0,9.21,120
LN-HM-03649,RET-03649,Home Loan,2910000.0,9.39,300
LN-HM-03650,RET-03650,Vehicle Loan,1000000.0,10.67,60
LN-HM-03651,RET-03651,Vehicle Loan,1410000.0,9.35,72
LN-HM-03652,RET-03652,Home Loan,2050000.0,9.44,300
LN-HM-03653,RET-03653,Personal Loan,320000.0,12.55,36
LN-HM-03654,RET-03654,Home Loan,12980000.0,8.77,300
LN-HM-03655,RET-03655,Personal Loan,500000.0,12.99,60
LN-HM-03656,RET-03656,Personal Loan,950000.0,13.05,24
LN-HM-03657,RET-03657,Vehicle Loan,1750000.0,9.95,48
LN-HM-03658,RET-03658,Personal Loan,240000.0,12.26,36
LN-HM-03659,RET-03659,Home Loan,2870000.0,9.24,120
LN-HM-03660,RET-03660,Personal Loan,1420000.0,11.79,36
LN-HM-03661,RET-03661,Home Loan,3250000.0,9.43,120
LN-HM-03662,RET-03662,Home Loan,980000.0,8.58,300
LN-HM-03663,RET-03663,Home Loan,2860000.0,9.23,120
LN-HM-03664,RET-03664,Home Loan,2870000.0,8.85,180
LN-HM-03665,RET-03665,Home Loan,4920000.0,9.04,180
LN-HM-03666,RET-03666,Home Loan,18070000.0,9.05,180
LN-HM-03667,RET-03667,Personal Loan,1180000.0,12.83,12
LN-HM-03668,RET-03668,Home Loan,3280000.0,8.75,180
LN-HM-03669,RET-03669,Personal Loan,400000.0,13.11,12
LN-HM-03670,RET-03670,Personal Loan,430000.0,12.27,60
LN-HM-03671,RET-03671,Home Loan,6700000.0,9.4,240
LN-HM-03672,RET-03672,Vehicle Loan,1010000.0,9.74,72
LN-HM-03673,RET-03673,Home Loan,2020000.0,8.67,240
LN-HM-03674,RET-03674,Home Loan,12680000.0,9.02,300
LN-HM-03675,RET-03675,Home Loan,3540000.0,8.73,180
LN-HM-03676,RET-03676,Home Loan,6400000.0,8.76,300
LN-HM-03677,RET-03677,Personal Loan,950000.0,11.26,36
LN-HM-03678,RET-03678,Vehicle Loan,580000.0,10.88,48
LN-HM-03679,RET-03679,Home Loan,5300000.0,8.61,180
LN-HM-03680,RET-03680,Personal Loan,440000.0,13.84,60
LN-HM-03681,RET-03681,Home Loan,3850000.0,9.33,300
LN-HM-03682,RET-03682,Personal Loan,1680000.0,13.81,24
LN-HM-03683,RET-03683,Home Loan,3340000.0,9.16,240
LN-HM-03684,RET-03684,Vehicle Loan,2420000.0,10.1,60
LN-HM-03685,RET-03685,Personal Loan,1110000.0,11.8,24
LN-HM-03686,RET-03686,Personal Loan,1080000.0,12.24,48
LN-HM-03687,RET-03687,Personal Loan,2370000.0,13.57,48
LN-HM-03688,RET-03688,Personal Loan,4650000.0,13.42,60
LN-HM-03689,RET-03689,Home Loan,2420000.0,8.67,240
LN-HM-03690,RET-03690,Home Loan,4150000.0,8.67,120
LN-HM-03691,RET-03691,Vehicle Loan,430000.0,9.82,36
LN-HM-03692,RET-03692,Personal Loan,1140000.0,12.41,48
LN-HM-03693,RET-03693,Home Loan,3060000.0,9.2,120
LN-HM-03694,RET-03694,Personal Loan,520000.0,11.17,12
LN-HM-03695,RET-03695,Personal Loan,1580000.0,11.94,12
LN-HM-03696,RET-03696,Home Loan,2140000.0,8.65,180
LN-HM-03697,RET-03697,Vehicle Loan,820000.0,10.91,48
LN-HM-03698,RET-03698,Home Loan,3870000.0,9.48,300
LN-HM-03699,RET-03699,Home Loan,1680000.0,8.87,120
LN-HM-03700,RET-03700,Home Loan,3210000.0,9.14,240
LN-HM-03701,RET-03701,Vehicle Loan,2940000.0,10.77,60
LN-HM-03702,RET-03702,Personal Loan,320000.0,12.76,12
LN-HM-03703,RET-03703,Personal Loan,1320000.0,12.92,48
LN-HM-03704,RET-03704,Personal Loan,600000.0,11.93,24
LN-HM-03705,RET-03705,Personal Loan,360000.0,12.41,24
LN-HM-03706,RET-03706,Vehicle Loan,1100000.0,9.55,36
LN-HM-03707,RET-03707,Personal Loan,5240000.0,13.28,12
LN-HM-03708,RET-03708,Personal Loan,1210000.0,11.43,60
LN-HM-03709,RET-03709,Personal Loan,900000.0,11.13,60
LN-HM-03710,RET-03710,Home Loan,3170000.0,8.98,120
LN-HM-03711,RET-03711,Vehicle Loan,1070000.0,9.11,72
LN-HM-03712,RET-03712,Vehicle Loan,600000.0,10.03,48
LN-HM-03713,RET-03713,Vehicle Loan,2480000.0,9.66,84
LN-HM-03714,RET-03714,Personal Loan,890000.0,13.3,12
LN-HM-03715,RET-03715,Personal Loan,890000.0,12.2,12
LN-HM-03716,RET-03716,Home Loan,3640000.0,8.99,300
LN-HM-03717,RET-03717,Home Loan,10770000.0,9.1,180
LN-HM-03718,RET-03718,Personal Loan,1230000.0,12.95,48
LN-HM-03719,RET-03719,Personal Loan,690000.0,13.97,24
LN-HM-03720,RET-03720,Vehicle Loan,2270000.0,10.11,60
LN-HM-03721,RET-03721,Home Loan,3910000.0,8.71,180
LN-HM-03722,RET-03722,Home Loan,1330000.0,9.35,120
LN-HM-03723,RET-03723,Vehicle Loan,510000.0,10.42,36
LN-HM-03724,RET-03724,Home Loan,2570000.0,8.69,120
LN-HM-03725,RET-03725,Home Loan,4640000.0,8.86,300
LN-HM-03726,RET-03726,Home Loan,7180000.0,9.01,300
LN-HM-03727,RET-03727,Personal Loan,560000.0,12.03,36
LN-HM-03728,RET-03728,Home Loan,3480000.0,8.53,120
LN-HM-03729,RET-03729,Personal Loan,470000.0,13.84,48
LN-HM-03730,RET-03730,Vehicle Loan,2050000.0,9.54,36
LN-HM-03731,RET-03731,Personal Loan,1170000.0,12.51,48
LN-HM-03732,RET-03732,Vehicle Loan,3760000.0,10.78,84
LN-HM-03733,RET-03733,Home Loan,5280000.0,9.2,300
LN-HM-03734,RET-03734,Vehicle Loan,2550000.0,11.0,48
LN-HM-03735,RET-03735,Personal Loan,350000.0,12.41,12
LN-HM-03736,RET-03736,Home Loan,4950000.0,8.77,300
LN-HM-03737,RET-03737,Home Loan,1800000.0,9.39,180
LN-HM-03738,RET-03738,Home Loan,3400000.0,9.18,120
LN-HM-03739,RET-03739,Home Loan,5010000.0,8.7,180
LN-HM-03740,RET-03740,Personal Loan,260000.0,13.81,48
LN-HM-03741,RET-03741,Personal Loan,1130000.0,11.71,60
LN-HM-03742,RET-03742,Home Loan,7060000.0,9.06,300
LN-HM-03743,RET-03743,Home Loan,2670000.0,9.39,120
LN-HM-03744,RET-03744,Home Loan,4960000.0,8.85,300
LN-HM-03745,RET-03745,Personal Loan,230000.0,13.04,24
LN-HM-03746,RET-03746,Vehicle Loan,910000.0,9.77,72
LN-HM-03747,RET-03747,Home Loan,6700000.0,9.15,180
LN-HM-03748,RET-03748,Home Loan,1580000.0,9.43,240
LN-HM-03749,RET-03749,Home Loan,4230000.0,8.61,300
LN-HM-03750,RET-03750,Home Loan,1700000.0,8.77,300
LN-HM-03751,RET-03751,Vehicle Loan,1220000.0,10.68,84
LN-HM-03752,RET-03752,Home Loan,4090000.0,8.9,240
LN-HM-03753,RET-03753,Home Loan,5040000.0,8.52,180
LN-HM-03754,RET-03754,Home Loan,4960000.0,8.72,120
LN-HM-03755,RET-03755,Vehicle Loan,2570000.0,9.0,72
LN-HM-03756,RET-03756,Home Loan,2940000.0,8.69,240
LN-HM-03757,RET-03757,Home Loan,1570000.0,8.64,180
LN-HM-03758,RET-03758,Home Loan,1820000.0,8.62,180
LN-HM-03759,RET-03759,Home Loan,1190000.0,8.6,120
LN-HM-03760,RET-03760,Home Loan,2730000.0,8.91,300
LN-HM-03761,RET-03761,Vehicle Loan,690000.0,10.84,48
LN-HM-03762,RET-03762,Personal Loan,1160000.0,11.97,24
LN-HM-03763,RET-03763,Personal Loan,250000.0,13.2,36
LN-HM-03764,RET-03764,Personal Loan,890000.0,11.89,24
LN-HM-03765,RET-03765,Vehicle Loan,1580000.0,9.86,72
LN-HM-03766,RET-03766,Home Loan,5060000.0,9.19,180
LN-HM-03767,RET-03767,Home Loan,1150000.0,9.22,120
LN-HM-03768,RET-03768,Personal Loan,1080000.0,11.61,60
LN-HM-03769,RET-03769,Personal Loan,580000.0,12.05,60
LN-HM-03770,RET-03770,Vehicle Loan,1380000.0,10.3,84
LN-HM-03771,RET-03771,Vehicle Loan,610000.0,9.7,48
LN-HM-03772,RET-03772,Personal Loan,2530000.0,13.48,36
LN-HM-03773,RET-03773,Home Loan,2450000.0,8.54,180
LN-HM-03774,RET-03774,Home Loan,4720000.0,9.11,180
LN-HM-03775,RET-03775,Personal Loan,980000.0,12.41,48
LN-HM-03776,RET-03776,Personal Loan,920000.0,13.7,12
LN-HM-03777,RET-03777,Personal Loan,880000.0,12.11,12
LN-HM-03778,RET-03778,Personal Loan,1530000.0,11.17,12
LN-HM-03779,RET-03779,Home Loan,3230000.0,9.44,300
LN-HM-03780,RET-03780,Home Loan,6970000.0,8.64,300
LN-HM-03781,RET-03781,Home Loan,3040000.0,9.03,180
LN-HM-03782,RET-03782,Personal Loan,350000.0,12.47,24
LN-HM-03783,RET-03783,Personal Loan,780000.0,13.2,48
LN-HM-03784,RET-03784,Personal Loan,550000.0,13.16,36
LN-HM-03785,RET-03785,Home Loan,4330000.0,8.53,300
LN-HM-03786,RET-03786,Personal Loan,1060000.0,13.63,48
LN-HM-03787,RET-03787,Vehicle Loan,1160000.0,10.78,72
LN-HM-03788,RET-03788,Vehicle Loan,980000.0,9.94,48
LN-HM-03789,RET-03789,Personal Loan,740000.0,12.01,12
LN-HM-03790,RET-03790,Personal Loan,1740000.0,13.59,36
LN-HM-03791,RET-03791,Personal Loan,1630000.0,11.42,48
LN-HM-03792,RET-03792,Home Loan,4640000.0,8.69,180
LN-HM-03793,RET-03793,Home Loan,10100000.0,9.37,120
LN-HM-03794,RET-03794,Home Loan,8500000.0,8.77,240
LN-HM-03795,RET-03795,Home Loan,2010000.0,9.37,240
LN-HM-03796,RET-03796,Home Loan,6090000.0,8.84,180
LN-HM-03797,RET-03797,Personal Loan,340000.0,13.59,24
LN-HM-03798,RET-03798,Home Loan,4860000.0,8.61,180
LN-HM-03799,RET-03799,Home Loan,1220000.0,9.05,300
LN-HM-03800,RET-03800,Personal Loan,740000.0,11.81,60
LN-HM-03801,RET-03801,Home Loan,1720000.0,9.21,240
LN-HM-03802,RET-03802,Personal Loan,810000.0,13.87,60
LN-HM-03803,RET-03803,Home Loan,1950000.0,8.85,120
LN-HM-03804,RET-03804,Home Loan,6200000.0,8.79,120
LN-HM-03805,RET-03805,Vehicle Loan,1110000.0,10.36,48
LN-HM-03806,RET-03806,Home Loan,840000.0,8.99,180
LN-HM-03807,RET-03807,Home Loan,3260000.0,8.88,240
LN-HM-03808,RET-03808,Vehicle Loan,990000.0,10.37,36
LN-HM-03809,RET-03809,Personal Loan,1060000.0,11.81,24
LN-HM-03810,RET-03810,Home Loan,6610000.0,9.44,180
LN-HM-03811,RET-03811,Home Loan,8430000.0,9.47,180
LN-HM-03812,RET-03812,Vehicle Loan,720000.0,10.88,36
LN-HM-03813,RET-03813,Personal Loan,220000.0,12.46,24
LN-HM-03814,RET-03814,Vehicle Loan,700000.0,9.4,36
LN-HM-03815,RET-03815,Vehicle Loan,1060000.0,10.79,60
LN-HM-03816,RET-03816,Home Loan,2640000.0,8.91,120
LN-HM-03817,RET-03817,Personal Loan,330000.0,13.42,60
LN-HM-03818,RET-03818,Vehicle Loan,1010000.0,10.81,84
LN-HM-03819,RET-03819,Home Loan,5000000.0,9.23,180
LN-HM-03820,RET-03820,Home Loan,4620000.0,9.06,120
LN-HM-03821,RET-03821,Personal Loan,970000.0,13.11,12
LN-HM-03822,RET-03822,Vehicle Loan,600000.0,10.58,60
LN-HM-03823,RET-03823,Personal Loan,570000.0,11.53,60
LN-HM-03824,RET-03824,Home Loan,4600000.0,8.65,300
LN-HM-03825,RET-03825,Home Loan,4630000.0,8.98,180
LN-HM-03826,RET-03826,Vehicle Loan,1530000.0,10.47,36
LN-HM-03827,RET-03827,Home Loan,3100000.0,8.73,180
LN-HM-03828,RET-03828,Home Loan,3890000.0,9.12,300
LN-HM-03829,RET-03829,Home Loan,2830000.0,9.11,180
LN-HM-03830,RET-03830,Home Loan,2850000.0,9.02,300
LN-HM-03831,RET-03831,Home Loan,2300000.0,9.02,120
LN-HM-03832,RET-03832,Home Loan,7910000.0,8.95,300
LN-HM-03833,RET-03833,Personal Loan,870000.0,11.45,48
LN-HM-03834,RET-03834,Personal Loan,710000.0,12.43,48
LN-HM-03835,RET-03835,Personal Loan,710000.0,12.46,60
LN-HM-03836,RET-03836,Home Loan,2050000.0,9.42,240
LN-HM-03837,RET-03837,Home Loan,4920000.0,8.58,300
LN-HM-03838,RET-03838,Personal Loan,2610000.0,12.04,36
LN-HM-03839,RET-03839,Home Loan,1570000.0,9.12,240
LN-HM-03840,RET-03840,Home Loan,2880000.0,9.25,240
LN-HM-03841,RET-03841,Personal Loan,650000.0,11.52,12
LN-HM-03842,RET-03842,Vehicle Loan,1140000.0,10.77,60
LN-HM-03843,RET-03843,Home Loan,2130000.0,9.01,180
LN-HM-03844,RET-03844,Home Loan,6370000.0,8.93,120
LN-HM-03845,RET-03845,Home Loan,1860000.0,9.1,180
LN-HM-03846,RET-03846,Home Loan,3930000.0,8.54,120
LN-HM-03847,RET-03847,Personal Loan,400000.0,12.47,12
LN-HM-03848,RET-03848,Home Loan,960000.0,9.36,240
LN-HM-03849,RET-03849,Vehicle Loan,1470000.0,9.12,60
LN-HM-03850,RET-03850,Home Loan,4400000.0,9.44,120
LN-HM-03851,RET-03851,Home Loan,2350000.0,9.38,300
LN-HM-03852,RET-03852,Vehicle Loan,930000.0,10.85,84
LN-HM-03853,RET-03853,Vehicle Loan,640000.0,10.03,72
LN-HM-03854,RET-03854,Home Loan,2380000.0,9.15,120
LN-HM-03855,RET-03855,Vehicle Loan,1280000.0,10.37,84
LN-HM-03856,RET-03856,Vehicle Loan,500000.0,10.83,60
LN-HM-03857,RET-03857,Vehicle Loan,720000.0,10.3,72
LN-HM-03858,RET-03858,Home Loan,1680000.0,9.16,120
LN-HM-03859,RET-03859,Home Loan,4160000.0,8.78,300
LN-HM-03860,RET-03860,Home Loan,3000000.0,8.59,180
LN-HM-03861,RET-03861,Vehicle Loan,480000.0,10.78,48
LN-HM-03862,RET-03862,Personal Loan,250000.0,11.8,12
LN-HM-03863,RET-03863,Home Loan,4210000.0,9.48,300
LN-HM-03864,RET-03864,Vehicle Loan,1300000.0,9.43,84
LN-HM-03865,RET-03865,Vehicle Loan,790000.0,9.51,60
LN-HM-03866,RET-03866,Personal Loan,2170000.0,12.62,60
LN-HM-03867,RET-03867,Home Loan,3950000.0,9.02,180
LN-HM-03868,RET-03868,Vehicle Loan,690000.0,9.63,48
LN-HM-03869,RET-03869,Home Loan,2950000.0,9.04,300
LN-HM-03870,RET-03870,Personal Loan,840000.0,11.2,60
LN-HM-03871,RET-03871,Personal Loan,1010000.0,11.27,36
LN-HM-03872,RET-03872,Home Loan,1330000.0,9.28,180
LN-HM-03873,RET-03873,Personal Loan,600000.0,11.22,12
LN-HM-03874,RET-03874,Personal Loan,370000.0,13.58,36
LN-HM-03875,RET-03875,Home Loan,4260000.0,8.92,300
LN-HM-03876,RET-03876,Personal Loan,1170000.0,11.04,12
LN-HM-03877,RET-03877,Home Loan,2020000.0,9.37,120
LN-HM-03878,RET-03878,Personal Loan,750000.0,11.19,12
LN-HM-03879,RET-03879,Vehicle Loan,3450000.0,10.37,48
LN-HM-03880,RET-03880,Personal Loan,430000.0,11.25,48
LN-HM-03881,RET-03881,Home Loan,1680000.0,8.91,180
LN-HM-03882,RET-03882,Personal Loan,240000.0,13.83,60
LN-HM-03883,RET-03883,Personal Loan,540000.0,11.73,60
LN-HM-03884,RET-03884,Home Loan,2010000.0,8.8,120
LN-HM-03885,RET-03885,Personal Loan,460000.0,11.11,48
LN-HM-03886,RET-03886,Personal Loan,1250000.0,12.58,24
LN-HM-03887,RET-03887,Home Loan,2250000.0,9.08,120
LN-HM-03888,RET-03888,Home Loan,3040000.0,8.72,300
LN-HM-03889,RET-03889,Vehicle Loan,280000.0,10.61,36
LN-HM-03890,RET-03890,Personal Loan,700000.0,11.34,12
LN-HM-03891,RET-03891,Home Loan,3540000.0,9.1,180
LN-HM-03892,RET-03892,Home Loan,3940000.0,9.0,120
LN-HM-03893,RET-03893,Vehicle Loan,740000.0,10.23,60
LN-HM-03894,RET-03894,Personal Loan,800000.0,13.94,24
LN-HM-03895,RET-03895,Home Loan,1890000.0,9.42,300
LN-HM-03896,RET-03896,Vehicle Loan,640000.0,10.28,84
LN-HM-03897,RET-03897,Home Loan,1690000.0,8.76,300
LN-HM-03898,RET-03898,Home Loan,3450000.0,9.15,240
LN-HM-03899,RET-03899,Personal Loan,960000.0,12.98,36
LN-HM-03900,RET-03900,Home Loan,2500000.0,8.74,240
LN-HM-03901,RET-03901,Home Loan,1920000.0,8.51,120
LN-HM-03902,RET-03902,Personal Loan,550000.0,11.79,12
LN-HM-03903,RET-03903,Home Loan,5320000.0,8.58,300
LN-HM-03904,RET-03904,Personal Loan,440000.0,13.74,12
LN-HM-03905,RET-03905,Personal Loan,860000.0,13.18,60
LN-HM-03906,RET-03906,Home Loan,2130000.0,8.65,120
LN-HM-03907,RET-03907,Home Loan,7620000.0,8.97,180
LN-HM-03908,RET-03908,Home Loan,2800000.0,9.21,120
LN-HM-03909,RET-03909,Vehicle Loan,1320000.0,10.3,72
LN-HM-03910,RET-03910,Home Loan,4500000.0,9.31,120
LN-HM-03911,RET-03911,Personal Loan,2730000.0,13.82,24
LN-HM-03912,RET-03912,Personal Loan,270000.0,13.46,60
LN-HM-03913,RET-03913,Personal Loan,200000.0,13.46,12
LN-HM-03914,RET-03914,Home Loan,5750000.0,8.65,240
LN-HM-03915,RET-03915,Home Loan,6850000.0,8.81,180
LN-HM-03916,RET-03916,Personal Loan,480000.0,13.89,24
LN-HM-03917,RET-03917,Personal Loan,230000.0,11.32,36
LN-HM-03918,RET-03918,Home Loan,3880000.0,9.45,120
LN-HM-03919,RET-03919,Home Loan,1600000.0,8.6,240
LN-HM-03920,RET-03920,Personal Loan,570000.0,13.46,24
LN-HM-03921,RET-03921,Personal Loan,730000.0,11.59,24
LN-HM-03922,RET-03922,Home Loan,2640000.0,9.47,240
LN-HM-03923,RET-03923,Home Loan,8840000.0,9.31,240
LN-HM-03924,RET-03924,Vehicle Loan,790000.0,9.97,84
LN-HM-03925,RET-03925,Home Loan,2320000.0,9.29,180
LN-HM-03926,RET-03926,Home Loan,7470000.0,8.63,240
LN-HM-03927,RET-03927,Personal Loan,810000.0,13.39,12
LN-HM-03928,RET-03928,Home Loan,1940000.0,9.04,180
LN-HM-03929,RET-03929,Home Loan,4040000.0,8.88,300
LN-HM-03930,RET-03930,Vehicle Loan,610000.0,9.39,36
LN-HM-03931,RET-03931,Home Loan,5550000.0,9.15,180
LN-HM-03932,RET-03932,Personal Loan,2960000.0,12.39,12
LN-HM-03933,RET-03933,Home Loan,1660000.0,8.77,300
LN-HM-03934,RET-03934,Home Loan,3670000.0,8.72,120
LN-HM-03935,RET-03935,Home Loan,1180000.0,9.08,240
LN-HM-03936,RET-03936,Personal Loan,410000.0,11.88,24
LN-HM-03937,RET-03937,Home Loan,5390000.0,9.38,240
LN-HM-03938,RET-03938,Home Loan,2580000.0,9.05,300
LN-HM-03939,RET-03939,Home Loan,2150000.0,8.7,240
LN-HM-03940,RET-03940,Vehicle Loan,1410000.0,10.42,36
LN-HM-03941,RET-03941,Vehicle Loan,1470000.0,10.68,72
LN-HM-03942,RET-03942,Home Loan,1480000.0,8.69,180
LN-HM-03943,RET-03943,Personal Loan,2460000.0,11.92,60
LN-HM-03944,RET-03944,Home Loan,4350000.0,8.88,180
LN-HM-03945,RET-03945,Home Loan,3870000.0,8.64,120
LN-HM-03946,RET-03946,Home Loan,2640000.0,8.79,180
LN-HM-03947,RET-03947,Home Loan,7390000.0,9.03,120
LN-HM-03948,RET-03948,Home Loan,6600000.0,9.26,180
LN-HM-03949,RET-03949,Home Loan,3390000.0,8.75,240
LN-HM-03950,RET-03950,Home Loan,4410000.0,8.64,300
LN-HM-03951,RET-03951,Home Loan,1470000.0,8.94,300
LN-HM-03952,RET-03952,Vehicle Loan,1030000.0,10.14,72
LN-HM-03953,RET-03953,Personal Loan,980000.0,13.63,12
LN-HM-03954,RET-03954,Personal Loan,1030000.0,12.58,60
LN-HM-03955,RET-03955,Vehicle Loan,1540000.0,9.4,72
LN-HM-03956,RET-03956,Vehicle Loan,2840000.0,10.53,60
LN-HM-03957,RET-03957,Personal Loan,1120000.0,13.07,60
LN-HM-03958,RET-03958,Home Loan,2160000.0,8.71,300
LN-HM-03959,RET-03959,Home Loan,9100000.0,9.22,300
LN-HM-03960,RET-03960,Home Loan,5660000.0,8.74,300
LN-HM-03961,RET-03961,Home Loan,4000000.0,8.89,180
LN-HM-03962,RET-03962,Home Loan,3310000.0,9.15,300
LN-HM-03963,RET-03963,Home Loan,4330000.0,9.13,300
LN-HM-03964,RET-03964,Personal Loan,1300000.0,13.8,36
LN-HM-03965,RET-03965,Home Loan,3230000.0,9.45,180
LN-HM-03966,RET-03966,Home Loan,6100000.0,9.3,180
LN-HM-03967,RET-03967,Vehicle Loan,1310000.0,10.58,48
LN-HM-03968,RET-03968,Vehicle Loan,390000.0,9.04,48
LN-HM-03969,RET-03969,Personal Loan,360000.0,13.87,12
LN-HM-03970,RET-03970,Personal Loan,510000.0,12.88,60
LN-HM-03971,RET-03971,Personal Loan,1880000.0,13.71,60
LN-HM-03972,RET-03972,Vehicle Loan,1490000.0,9.54,36
LN-HM-03973,RET-03973,Personal Loan,1020000.0,11.48,60
LN-HM-03974,RET-03974,Personal Loan,3490000.0,13.41,48
LN-HM-03975,RET-03975,Home Loan,4910000.0,9.01,300
LN-HM-03976,RET-03976,Home Loan,3310000.0,9.39,300
LN-HM-03977,RET-03977,Personal Loan,750000.0,12.86,60
LN-HM-03978,RET-03978,Home Loan,10960000.0,9.17,180
LN-HM-03979,RET-03979,Home Loan,1740000.0,9.01,180
LN-HM-03980,RET-03980,Vehicle Loan,2020000.0,9.64,48
LN-HM-03981,RET-03981,Home Loan,2460000.0,8.85,180
LN-HM-03982,RET-03982,Home Loan,1930000.0,8.88,240
LN-HM-03983,RET-03983,Personal Loan,320000.0,12.38,24
LN-HM-03984,RET-03984,Vehicle Loan,3050000.0,9.01,48
LN-HM-03985,RET-03985,Home Loan,1950000.0,8.97,180
LN-HM-03986,RET-03986,Vehicle Loan,1450000.0,10.77,60
LN-HM-03987,RET-03987,Home Loan,2190000.0,8.94,180
LN-HM-03988,RET-03988,Home Loan,10580000.0,8.86,300
LN-HM-03989,RET-03989,Home Loan,2410000.0,9.11,120
LN-HM-03990,RET-03990,Vehicle Loan,360000.0,10.38,60
LN-HM-03991,RET-03991,Home Loan,2670000.0,9.01,120
LN-HM-03992,RET-03992,Home Loan,8760000.0,8.59,240
LN-HM-03993,RET-03993,Personal Loan,260000.0,12.34,24
LN-HM-03994,RET-03994,Vehicle Loan,800000.0,9.22,48
LN-HM-03995,RET-03995,Vehicle Loan,2080000.0,9.64,84
LN-HM-03996,RET-03996,Personal Loan,1020000.0,12.5,48
LN-HM-03997,RET-03997,Vehicle Loan,650000.0,9.34,48
LN-HM-03998,RET-03998,Home Loan,4610000.0,9.48,180
LN-HM-03999,RET-03999,Vehicle Loan,1140000.0,9.11,36
LN-HM-04000,RET-04000,Vehicle Loan,1090000.0,10.75,36
LN-HM-04001,RET-04001,Personal Loan,1650000.0,13.68,36
LN-HM-04002,RET-04002,Home Loan,4780000.0,8.87,300
LN-HM-04003,RET-04003,Home Loan,3500000.0,8.98,240
LN-HM-04004,RET-04004,Vehicle Loan,710000.0,9.33,48
LN-HM-04005,RET-04005,Vehicle Loan,1660000.0,9.39,60
LN-HM-04006,RET-04006,Home Loan,1760000.0,8.76,240
LN-HM-04007,RET-04007,Home Loan,1260000.0,8.72,300
LN-HM-04008,RET-04008,Home Loan,2950000.0,8.66,180
LN-HM-04009,RET-04009,Home Loan,5080000.0,8.6,300
LN-HM-04010,RET-04010,Vehicle Loan,820000.0,10.93,72
LN-HM-04011,RET-04011,Home Loan,2550000.0,8.58,180
LN-HM-04012,RET-04012,Home Loan,2800000.0,9.17,240
LN-HM-04013,RET-04013,Personal Loan,440000.0,11.16,24
LN-HM-04014,RET-04014,Vehicle Loan,650000.0,9.09,72
LN-HM-04015,RET-04015,Home Loan,5120000.0,9.36,240
LN-HM-04016,RET-04016,Personal Loan,370000.0,13.52,12
LN-HM-04017,RET-04017,Home Loan,3410000.0,9.0,120
LN-HM-04018,RET-04018,Vehicle Loan,1050000.0,10.28,48
LN-HM-04019,RET-04019,Vehicle Loan,1680000.0,9.43,60
LN-HM-04020,RET-04020,Home Loan,1400000.0,8.51,300
LN-HM-04021,RET-04021,Personal Loan,1140000.0,12.99,12
LN-HM-04022,RET-04022,Home Loan,3130000.0,8.6,180
LN-HM-04023,RET-04023,Personal Loan,2740000.0,13.79,48
LN-HM-04024,RET-04024,Home Loan,2940000.0,8.59,180
LN-HM-04025,RET-04025,Personal Loan,320000.0,11.54,36
LN-HM-04026,RET-04026,Home Loan,1280000.0,8.81,240
LN-HM-04027,RET-04027,Personal Loan,280000.0,13.8,12
LN-HM-04028,RET-04028,Personal Loan,800000.0,12.34,36
LN-HM-04029,RET-04029,Vehicle Loan,2400000.0,10.18,84
LN-HM-04030,RET-04030,Home Loan,4550000.0,9.07,120
LN-HM-04031,RET-04031,Vehicle Loan,780000.0,9.67,36
LN-HM-04032,RET-04032,Home Loan,3200000.0,9.21,300
LN-HM-04033,RET-04033,Home Loan,2590000.0,9.4,240
LN-HM-04034,RET-04034,Personal Loan,1260000.0,12.13,24
LN-HM-04035,RET-04035,Home Loan,2220000.0,8.85,240
LN-HM-04036,RET-04036,Personal Loan,790000.0,12.96,24
LN-HM-04037,RET-04037,Home Loan,2570000.0,9.31,180
LN-HM-04038,RET-04038,Home Loan,7760000.0,8.65,180
LN-HM-04039,RET-04039,Home Loan,5710000.0,9.39,180
LN-HM-04040,RET-04040,Home Loan,7670000.0,8.54,300
LN-HM-04041,RET-04041,Vehicle Loan,4520000.0,10.6,72
LN-HM-04042,RET-04042,Home Loan,800000.0,9.29,300
LN-HM-04043,RET-04043,Home Loan,4120000.0,8.76,120
LN-HM-04044,RET-04044,Vehicle Loan,1080000.0,10.13,84
LN-HM-04045,RET-04045,Personal Loan,960000.0,12.64,24
LN-HM-04046,RET-04046,Home Loan,3790000.0,9.19,240
LN-HM-04047,RET-04047,Home Loan,4540000.0,9.39,120
LN-HM-04048,RET-04048,Vehicle Loan,1180000.0,9.0,60
LN-HM-04049,RET-04049,Vehicle Loan,2290000.0,10.3,60
LN-HM-04050,RET-04050,Home Loan,4980000.0,9.44,180
LN-HM-04051,RET-04051,Home Loan,2830000.0,9.11,300
LN-HM-04052,RET-04052,Home Loan,2210000.0,9.45,300
LN-HM-04053,RET-04053,Personal Loan,1050000.0,11.84,24
LN-HM-04054,RET-04054,Personal Loan,690000.0,12.35,36
LN-HM-04055,RET-04055,Home Loan,9790000.0,9.4,180
LN-HM-04056,RET-04056,Personal Loan,310000.0,13.48,24
LN-HM-04057,RET-04057,Personal Loan,1060000.0,11.94,12
LN-HM-04058,RET-04058,Personal Loan,890000.0,12.6,24
LN-HM-04059,RET-04059,Personal Loan,460000.0,12.47,24
LN-HM-04060,RET-04060,Home Loan,3630000.0,8.79,180
LN-HM-04061,RET-04061,Home Loan,5900000.0,9.02,180
LN-HM-04062,RET-04062,Vehicle Loan,900000.0,9.79,60
LN-HM-04063,RET-04063,Home Loan,7650000.0,8.7,300
LN-HM-04064,RET-04064,Personal Loan,1970000.0,13.59,24
LN-HM-04065,RET-04065,Home Loan,2710000.0,9.04,120
LN-HM-04066,RET-04066,Personal Loan,530000.0,11.15,36
LN-HM-04067,RET-04067,Home Loan,2870000.0,9.19,240
LN-HM-04068,RET-04068,Home Loan,1430000.0,8.68,300
LN-HM-04069,RET-04069,Home Loan,1490000.0,9.03,300
LN-HM-04070,RET-04070,Home Loan,2350000.0,8.95,300
LN-HM-04071,RET-04071,Home Loan,11500000.0,8.75,240
LN-HM-04072,RET-04072,Vehicle Loan,980000.0,10.95,60
LN-HM-04073,RET-04073,Vehicle Loan,1230000.0,9.37,48
LN-HM-04074,RET-04074,Personal Loan,1650000.0,12.26,24
LN-HM-04075,RET-04075,Personal Loan,420000.0,13.53,48
LN-HM-04076,RET-04076,Home Loan,2440000.0,8.92,300
LN-HM-04077,RET-04077,Personal Loan,1360000.0,12.9,24
LN-HM-04078,RET-04078,Home Loan,3140000.0,9.43,180
LN-HM-04079,RET-04079,Personal Loan,520000.0,14.0,36
LN-HM-04080,RET-04080,Personal Loan,1700000.0,13.64,36
LN-HM-04081,RET-04081,Home Loan,1970000.0,9.03,300
LN-HM-04082,RET-04082,Home Loan,1220000.0,9.47,180
LN-HM-04083,RET-04083,Personal Loan,240000.0,11.88,24
LN-HM-04084,RET-04084,Home Loan,3390000.0,9.13,120
LN-HM-04085,RET-04085,Personal Loan,740000.0,13.21,36
LN-HM-04086,RET-04086,Personal Loan,1770000.0,13.9,60
LN-HM-04087,RET-04087,Vehicle Loan,1410000.0,9.31,60
LN-HM-04088,RET-04088,Home Loan,1620000.0,9.01,120
LN-HM-04089,RET-04089,Vehicle Loan,930000.0,9.7,84
LN-HM-04090,RET-04090,Personal Loan,1850000.0,13.1,12
LN-HM-04091,RET-04091,Home Loan,3500000.0,9.27,240
LN-HM-04092,RET-04092,Home Loan,6550000.0,8.69,120
LN-HM-04093,RET-04093,Home Loan,2480000.0,9.38,180
LN-HM-04094,RET-04094,Home Loan,5830000.0,8.77,120
LN-HM-04095,RET-04095,Home Loan,1410000.0,9.31,300
LN-HM-04096,RET-04096,Home Loan,3360000.0,9.15,180
LN-HM-04097,RET-04097,Home Loan,1830000.0,9.41,240
LN-HM-04098,RET-04098,Home Loan,1500000.0,8.72,300
LN-HM-04099,RET-04099,Home Loan,6630000.0,8.61,300
LN-HM-04100,RET-04100,Home Loan,2120000.0,8.55,300
LN-HM-04101,RET-04101,Vehicle Loan,620000.0,9.3,72
LN-HM-04102,RET-04102,Home Loan,6390000.0,8.77,120
LN-HM-04103,RET-04103,Home Loan,3440000.0,8.55,180
LN-HM-04104,RET-04104,Home Loan,6070000.0,8.7,120
LN-HM-04105,RET-04105,Personal Loan,310000.0,11.45,12
LN-HM-04106,RET-04106,Vehicle Loan,530000.0,10.89,36
LN-HM-04107,RET-04107,Personal Loan,2750000.0,13.88,36
LN-HM-04108,RET-04108,Personal Loan,1340000.0,11.93,48
LN-HM-04109,RET-04109,Personal Loan,330000.0,12.74,48
LN-HM-04110,RET-04110,Personal Loan,1150000.0,12.04,60
LN-HM-04111,RET-04111,Home Loan,1360000.0,8.97,240
LN-HM-04112,RET-04112,Home Loan,8130000.0,8.71,300
LN-HM-04113,RET-04113,Personal Loan,340000.0,13.44,24
LN-HM-04114,RET-04114,Home Loan,2650000.0,8.99,240
LN-HM-04115,RET-04115,Home Loan,3950000.0,8.6,300
LN-HM-04116,RET-04116,Personal Loan,520000.0,11.04,36
LN-HM-04117,RET-04117,Home Loan,2210000.0,9.08,120
LN-HM-04118,RET-04118,Personal Loan,960000.0,13.55,60
LN-HM-04119,RET-04119,Home Loan,800000.0,9.29,240
LN-HM-04120,RET-04120,Home Loan,1220000.0,9.15,240
LN-HM-04121,RET-04121,Personal Loan,620000.0,12.61,12
LN-HM-04122,RET-04122,Vehicle Loan,680000.0,10.08,72
LN-HM-04123,RET-04123,Home Loan,3100000.0,8.64,300
LN-HM-04124,RET-04124,Personal Loan,980000.0,11.69,60
LN-HM-04125,RET-04125,Home Loan,2030000.0,8.57,300
LN-HM-04126,RET-04126,Personal Loan,750000.0,12.75,48
LN-HM-04127,RET-04127,Vehicle Loan,1110000.0,9.06,60
LN-HM-04128,RET-04128,Vehicle Loan,1370000.0,10.07,72
LN-HM-04129,RET-04129,Home Loan,1500000.0,9.13,180
LN-HM-04130,RET-04130,Vehicle Loan,590000.0,10.31,72
LN-HM-04131,RET-04131,Vehicle Loan,1670000.0,10.1,72
LN-HM-04132,RET-04132,Home Loan,1330000.0,9.42,180
LN-HM-04133,RET-04133,Personal Loan,760000.0,13.79,12
LN-HM-04134,RET-04134,Home Loan,2820000.0,9.08,180
LN-HM-04135,RET-04135,Home Loan,820000.0,8.66,240
LN-HM-04136,RET-04136,Personal Loan,280000.0,13.57,12
LN-HM-04137,RET-04137,Vehicle Loan,1040000.0,9.57,84
LN-HM-04138,RET-04138,Home Loan,3710000.0,9.07,180
LN-HM-04139,RET-04139,Home Loan,2150000.0,8.68,240
LN-HM-04140,RET-04140,Personal Loan,520000.0,13.77,48
LN-HM-04141,RET-04141,Vehicle Loan,2130000.0,9.78,48
LN-HM-04142,RET-04142,Home Loan,4450000.0,8.67,180
LN-HM-04143,RET-04143,Home Loan,2080000.0,9.05,180
LN-HM-04144,RET-04144,Personal Loan,170000.0,12.57,36
LN-HM-04145,RET-04145,Home Loan,5680000.0,8.72,300
LN-HM-04146,RET-04146,Vehicle Loan,550000.0,9.5,48
LN-HM-04147,RET-04147,Vehicle Loan,890000.0,10.34,72
LN-HM-04148,RET-04148,Home Loan,4790000.0,9.12,300
LN-HM-04149,RET-04149,Home Loan,7010000.0,9.3,120
LN-HM-04150,RET-04150,Personal Loan,920000.0,12.42,60
LN-HM-04151,RET-04151,Home Loan,3710000.0,9.18,240
LN-HM-04152,RET-04152,Personal Loan,690000.0,12.24,60
LN-HM-04153,RET-04153,Home Loan,1910000.0,9.14,240
LN-HM-04154,RET-04154,Vehicle Loan,4100000.0,9.16,84
LN-HM-04155,RET-04155,Home Loan,2050000.0,8.75,300
LN-HM-04156,RET-04156,Home Loan,3930000.0,9.03,180
LN-HM-04157,RET-04157,Home Loan,4010000.0,9.1,240
LN-HM-04158,RET-04158,Personal Loan,270000.0,12.18,48
LN-HM-04159,RET-04159,Home Loan,2910000.0,8.56,300
LN-HM-04160,RET-04160,Personal Loan,200000.0,13.96,36
LN-HM-04161,RET-04161,Personal Loan,1820000.0,13.84,36
LN-HM-04162,RET-04162,Personal Loan,730000.0,13.34,60
LN-HM-04163,RET-04163,Vehicle Loan,2290000.0,10.7,72
LN-HM-04164,RET-04164,Vehicle Loan,810000.0,10.14,36
LN-HM-04165,RET-04165,Vehicle Loan,630000.0,9.65,36
LN-HM-04166,RET-04166,Personal Loan,240000.0,13.22,12
LN-HM-04167,RET-04167,Home Loan,1920000.0,9.26,300
LN-HM-04168,RET-04168,Home Loan,1480000.0,8.63,120
LN-HM-04169,RET-04169,Home Loan,4010000.0,9.3,240
LN-HM-04170,RET-04170,Home Loan,3200000.0,9.31,240
LN-HM-04171,RET-04171,Vehicle Loan,3160000.0,9.28,60
LN-HM-04172,RET-04172,Personal Loan,350000.0,11.79,48
LN-HM-04173,RET-04173,Personal Loan,1720000.0,11.32,48
LN-HM-04174,RET-04174,Home Loan,2150000.0,8.73,120
LN-HM-04175,RET-04175,Home Loan,4310000.0,9.12,300
LN-HM-04176,RET-04176,Personal Loan,370000.0,12.22,24
LN-HM-04177,RET-04177,Vehicle Loan,1480000.0,9.36,60
LN-HM-04178,RET-04178,Vehicle Loan,400000.0,9.44,84
LN-HM-04179,RET-04179,Home Loan,2670000.0,8.62,240
LN-HM-04180,RET-04180,Personal Loan,890000.0,11.32,12
LN-HM-04181,RET-04181,Home Loan,11060000.0,8.59,300
LN-HM-04182,RET-04182,Home Loan,880000.0,9.36,300
LN-HM-04183,RET-04183,Vehicle Loan,1290000.0,10.92,72
LN-HM-04184,RET-04184,Personal Loan,630000.0,11.67,48
LN-HM-04185,RET-04185,Home Loan,950000.0,8.69,180
LN-HM-04186,RET-04186,Personal Loan,210000.0,13.99,60
LN-HM-04187,RET-04187,Home Loan,2340000.0,8.93,120
LN-HM-04188,RET-04188,Home Loan,3410000.0,9.26,240
LN-HM-04189,RET-04189,Home Loan,3660000.0,8.53,240
LN-HM-04190,RET-04190,Personal Loan,240000.0,12.83,24
LN-HM-04191,RET-04191,Home Loan,1260000.0,9.19,300
LN-HM-04192,RET-04192,Personal Loan,750000.0,11.84,36
LN-HM-04193,RET-04193,Home Loan,3800000.0,9.16,300
LN-HM-04194,RET-04194,Personal Loan,1390000.0,13.46,48
LN-HM-04195,RET-04195,Vehicle Loan,880000.0,10.6,72
LN-HM-04196,RET-04196,Home Loan,8150000.0,8.6,180
LN-HM-04197,RET-04197,Home Loan,3340000.0,8.91,120
LN-HM-04198,RET-04198,Home Loan,7090000.0,8.74,180
LN-HM-04199,RET-04199,Home Loan,2860000.0,9.21,300
LN-HM-04200,RET-04200,Personal Loan,890000.0,13.22,24
LN-HM-04201,RET-04201,Home Loan,830000.0,9.39,180
LN-HM-04202,RET-04202,Personal Loan,630000.0,13.7,48
LN-HM-04203,RET-04203,Personal Loan,590000.0,13.27,12
LN-HM-04204,RET-04204,Personal Loan,2130000.0,11.63,48
LN-HM-04205,RET-04205,Home Loan,2330000.0,8.86,300
LN-HM-04206,RET-04206,Home Loan,3590000.0,9.24,300
LN-HM-04207,RET-04207,Home Loan,5360000.0,9.37,240
LN-HM-04208,RET-04208,Personal Loan,980000.0,13.66,12
LN-HM-04209,RET-04209,Home Loan,3850000.0,8.92,240
LN-HM-04210,RET-04210,Home Loan,8080000.0,9.38,180
LN-HM-04211,RET-04211,Personal Loan,930000.0,12.87,48
LN-HM-04212,RET-04212,Home Loan,2270000.0,9.48,240
LN-HM-04213,RET-04213,Home Loan,1050000.0,9.29,120
LN-HM-04214,RET-04214,Home Loan,3390000.0,9.2,240
LN-HM-04215,RET-04215,Vehicle Loan,720000.0,9.88,72
LN-HM-04216,RET-04216,Personal Loan,340000.0,11.48,24
LN-HM-04217,RET-04217,Personal Loan,1830000.0,12.88,12
LN-HM-04218,RET-04218,Home Loan,3790000.0,8.91,120
LN-HM-04219,RET-04219,Home Loan,2270000.0,8.8,120
LN-HM-04220,RET-04220,Home Loan,2460000.0,9.4,180
LN-HM-04221,RET-04221,Home Loan,3290000.0,9.47,180
LN-HM-04222,RET-04222,Vehicle Loan,520000.0,10.88,84
LN-HM-04223,RET-04223,Personal Loan,1240000.0,11.23,24
LN-HM-04224,RET-04224,Home Loan,2750000.0,9.09,120
LN-HM-04225,RET-04225,Personal Loan,670000.0,13.96,12
LN-HM-04226,RET-04226,Personal Loan,550000.0,11.0,60
LN-HM-04227,RET-04227,Home Loan,3710000.0,8.62,120
LN-HM-04228,RET-04228,Personal Loan,860000.0,12.88,24
LN-HM-04229,RET-04229,Home Loan,3910000.0,8.96,180
LN-HM-04230,RET-04230,Vehicle Loan,1240000.0,9.01,72
LN-HM-04231,RET-04231,Home Loan,5090000.0,9.27,240
LN-HM-04232,RET-04232,Home Loan,2290000.0,8.81,240
LN-HM-04233,RET-04233,Personal Loan,440000.0,11.94,24
LN-HM-04234,RET-04234,Personal Loan,580000.0,11.61,36
LN-HM-04235,RET-04235,Personal Loan,340000.0,12.88,60
LN-HM-04236,RET-04236,Personal Loan,400000.0,13.4,48
LN-HM-04237,RET-04237,Home Loan,4730000.0,8.77,300
LN-HM-04238,RET-04238,Home Loan,920000.0,8.53,180
LN-HM-04239,RET-04239,Home Loan,890000.0,8.7,120
LN-HM-04240,RET-04240,Home Loan,11660000.0,8.9,120
LN-HM-04241,RET-04241,Home Loan,10100000.0,8.86,120
LN-HM-04242,RET-04242,Vehicle Loan,860000.0,10.49,36
LN-HM-04243,RET-04243,Vehicle Loan,1390000.0,10.32,72
LN-HM-04244,RET-04244,Personal Loan,1150000.0,12.48,24
LN-HM-04245,RET-04245,Personal Loan,820000.0,12.19,48
LN-HM-04246,RET-04246,Home Loan,2990000.0,8.69,240
LN-HM-04247,RET-04247,Vehicle Loan,1500000.0,10.99,48
LN-HM-04248,RET-04248,Personal Loan,950000.0,12.74,24
LN-HM-04249,RET-04249,Vehicle Loan,1890000.0,10.2,36
LN-HM-04250,RET-04250,Home Loan,870000.0,9.25,240
LN-HM-04251,RET-04251,Personal Loan,2410000.0,12.41,24
LN-HM-04252,RET-04252,Personal Loan,4620000.0,13.28,24
LN-HM-04253,RET-04253,Vehicle Loan,410000.0,9.61,84
LN-HM-04254,RET-04254,Home Loan,4620000.0,9.14,120
LN-HM-04255,RET-04255,Home Loan,11400000.0,8.67,300
LN-HM-04256,RET-04256,Home Loan,4240000.0,9.38,180
LN-HM-04257,RET-04257,Vehicle Loan,2040000.0,10.51,48
LN-HM-04258,RET-04258,Vehicle Loan,410000.0,10.02,72
LN-HM-04259,RET-04259,Vehicle Loan,1510000.0,9.81,36
LN-HM-04260,RET-04260,Home Loan,2820000.0,8.54,120
LN-HM-04261,RET-04261,Personal Loan,690000.0,12.56,48
LN-HM-04262,RET-04262,Vehicle Loan,620000.0,10.15,84
LN-HM-04263,RET-04263,Home Loan,1940000.0,8.81,120
LN-HM-04264,RET-04264,Home Loan,2230000.0,9.33,240
LN-HM-04265,RET-04265,Home Loan,2270000.0,9.44,240
LN-HM-04266,RET-04266,Vehicle Loan,1060000.0,9.38,48
LN-HM-04267,RET-04267,Home Loan,3280000.0,9.05,300
LN-HM-04268,RET-04268,Vehicle Loan,870000.0,9.34,48
LN-HM-04269,RET-04269,Home Loan,1760000.0,9.22,240
LN-HM-04270,RET-04270,Home Loan,2890000.0,9.39,300
LN-HM-04271,RET-04271,Home Loan,1080000.0,9.47,180
LN-HM-04272,RET-04272,Vehicle Loan,1210000.0,10.96,36
LN-HM-04273,RET-04273,Home Loan,3100000.0,8.91,120
LN-HM-04274,RET-04274,Vehicle Loan,370000.0,10.63,60
LN-HM-04275,RET-04275,Home Loan,7690000.0,8.66,120
LN-HM-04276,RET-04276,Vehicle Loan,680000.0,9.7,72
LN-HM-04277,RET-04277,Home Loan,6850000.0,9.4,180
LN-HM-04278,RET-04278,Home Loan,2700000.0,8.61,120
LN-HM-04279,RET-04279,Personal Loan,1290000.0,11.96,36
LN-HM-04280,RET-04280,Vehicle Loan,1410000.0,10.79,36
LN-HM-04281,RET-04281,Home Loan,3210000.0,8.8,240
LN-HM-04282,RET-04282,Personal Loan,1460000.0,11.88,12
LN-HM-04283,RET-04283,Home Loan,10670000.0,9.13,180
LN-HM-04284,RET-04284,Vehicle Loan,2480000.0,10.27,60
LN-HM-04285,RET-04285,Vehicle Loan,1110000.0,9.24,48
LN-HM-04286,RET-04286,Home Loan,1880000.0,9.33,180
LN-HM-04287,RET-04287,Home Loan,960000.0,9.32,120
LN-HM-04288,RET-04288,Home Loan,2980000.0,9.33,120
LN-HM-04289,RET-04289,Personal Loan,410000.0,12.29,36
LN-HM-04290,RET-04290,Home Loan,2470000.0,8.95,300
LN-HM-04291,RET-04291,Personal Loan,980000.0,12.09,60
LN-HM-04292,RET-04292,Vehicle Loan,1970000.0,9.59,36
LN-HM-04293,RET-04293,Home Loan,1950000.0,8.82,180
LN-HM-04294,RET-04294,Personal Loan,1820000.0,11.06,60
LN-HM-04295,RET-04295,Home Loan,3890000.0,9.27,180
LN-HM-04296,RET-04296,Home Loan,3400000.0,8.92,300
LN-HM-04297,RET-04297,Home Loan,10710000.0,9.23,120
LN-HM-04298,RET-04298,Home Loan,4800000.0,9.2,120
LN-HM-04299,RET-04299,Personal Loan,750000.0,13.38,24
LN-HM-04300,RET-04300,Home Loan,5570000.0,8.56,300
LN-HM-04301,RET-04301,Home Loan,11830000.0,8.58,180
LN-HM-04302,RET-04302,Home Loan,2910000.0,8.95,300
LN-HM-04303,RET-04303,Vehicle Loan,1460000.0,9.6,72
LN-HM-04304,RET-04304,Vehicle Loan,1060000.0,10.82,36
LN-HM-04305,RET-04305,Home Loan,3230000.0,8.69,120
LN-HM-04306,RET-04306,Home Loan,1930000.0,8.68,180
LN-HM-04307,RET-04307,Personal Loan,480000.0,13.48,12
LN-HM-04308,RET-04308,Home Loan,8310000.0,8.94,180
LN-HM-04309,RET-04309,Home Loan,2070000.0,8.55,180
LN-HM-04310,RET-04310,Vehicle Loan,520000.0,9.79,48
LN-HM-04311,RET-04311,Personal Loan,610000.0,13.93,60
LN-HM-04312,RET-04312,Home Loan,5320000.0,8.66,240
LN-HM-04313,RET-04313,Vehicle Loan,2430000.0,9.44,48
LN-HM-04314,RET-04314,Home Loan,1380000.0,8.62,180
LN-HM-04315,RET-04315,Personal Loan,1460000.0,11.54,60
LN-HM-04316,RET-04316,Vehicle Loan,2860000.0,10.83,84
LN-HM-04317,RET-04317,Home Loan,1920000.0,9.03,120
LN-HM-04318,RET-04318,Home Loan,3040000.0,9.11,180
LN-HM-04319,RET-04319,Home Loan,1640000.0,8.82,180
LN-HM-04320,RET-04320,Home Loan,11980000.0,9.23,300
LN-HM-04321,RET-04321,Home Loan,1080000.0,9.31,240
LN-HM-04322,RET-04322,Personal Loan,530000.0,13.41,24
LN-HM-04323,RET-04323,Home Loan,4190000.0,9.21,300
LN-HM-04324,RET-04324,Personal Loan,380000.0,13.4,48
LN-HM-04325,RET-04325,Vehicle Loan,630000.0,9.46,60
LN-HM-04326,RET-04326,Home Loan,2900000.0,8.55,300
LN-HM-04327,RET-04327,Home Loan,17520000.0,8.78,120
LN-HM-04328,RET-04328,Vehicle Loan,740000.0,10.94,72
LN-HM-04329,RET-04329,Home Loan,3580000.0,9.31,300
LN-HM-04330,RET-04330,Home Loan,1340000.0,9.03,300
LN-HM-04331,RET-04331,Personal Loan,500000.0,11.02,12
LN-HM-04332,RET-04332,Personal Loan,1160000.0,11.06,60
LN-HM-04333,RET-04333,Home Loan,2720000.0,8.86,180
LN-HM-04334,RET-04334,Home Loan,3320000.0,9.26,300
LN-HM-04335,RET-04335,Home Loan,1920000.0,9.19,120
LN-HM-04336,RET-04336,Vehicle Loan,460000.0,9.87,84
LN-HM-04337,RET-04337,Personal Loan,1400000.0,13.19,60
LN-HM-04338,RET-04338,Vehicle Loan,4220000.0,9.65,60
LN-HM-04339,RET-04339,Personal Loan,330000.0,11.38,24
LN-HM-04340,RET-04340,Personal Loan,500000.0,12.73,12
LN-HM-04341,RET-04341,Home Loan,6720000.0,9.14,180
LN-HM-04342,RET-04342,Home Loan,2590000.0,8.9,120
LN-HM-04343,RET-04343,Home Loan,950000.0,9.33,120
LN-HM-04344,RET-04344,Vehicle Loan,900000.0,10.55,36
LN-HM-04345,RET-04345,Home Loan,6240000.0,8.82,300
LN-HM-04346,RET-04346,Home Loan,3050000.0,8.51,120
LN-HM-04347,RET-04347,Personal Loan,670000.0,11.46,12
LN-HM-04348,RET-04348,Home Loan,1450000.0,9.42,240
LN-HM-04349,RET-04349,Home Loan,4090000.0,9.06,120
LN-HM-04350,RET-04350,Home Loan,4500000.0,8.53,240
LN-HM-04351,RET-04351,Home Loan,4490000.0,8.63,120
LN-HM-04352,RET-04352,Home Loan,3060000.0,8.5,240
LN-HM-04353,RET-04353,Home Loan,4340000.0,9.25,120
LN-HM-04354,RET-04354,Home Loan,5270000.0,8.78,180
LN-HM-04355,RET-04355,Vehicle Loan,1590000.0,10.17,48
LN-HM-04356,RET-04356,Home Loan,3350000.0,9.27,240
LN-HM-04357,RET-04357,Home Loan,2250000.0,9.13,300
LN-HM-04358,RET-04358,Home Loan,13830000.0,9.02,120
LN-HM-04359,RET-04359,Home Loan,3910000.0,8.75,300
LN-HM-04360,RET-04360,Home Loan,3710000.0,8.79,300
LN-HM-04361,RET-04361,Vehicle Loan,510000.0,10.63,84
LN-HM-04362,RET-04362,Home Loan,1590000.0,8.55,240
LN-HM-04363,RET-04363,Personal Loan,310000.0,11.93,36
LN-HM-04364,RET-04364,Home Loan,2870000.0,8.95,180
LN-HM-04365,RET-04365,Home Loan,3210000.0,9.04,300
LN-HM-04366,RET-04366,Vehicle Loan,1430000.0,9.81,72
LN-HM-04367,RET-04367,Personal Loan,390000.0,13.84,12
LN-HM-04368,RET-04368,Personal Loan,1130000.0,11.19,60
LN-HM-04369,RET-04369,Personal Loan,360000.0,11.7,48
LN-HM-04370,RET-04370,Vehicle Loan,970000.0,9.62,60
LN-HM-04371,RET-04371,Home Loan,2870000.0,8.9,180
LN-HM-04372,RET-04372,Personal Loan,640000.0,13.85,12
LN-HM-04373,RET-04373,Home Loan,1480000.0,9.39,120
LN-HM-04374,RET-04374,Personal Loan,620000.0,12.42,48
LN-HM-04375,RET-04375,Home Loan,1290000.0,9.46,240
LN-HM-04376,RET-04376,Home Loan,3070000.0,8.69,240
LN-HM-04377,RET-04377,Vehicle Loan,1040000.0,9.67,36
LN-HM-04378,RET-04378,Home Loan,5540000.0,9.46,300
LN-HM-04379,RET-04379,Home Loan,3720000.0,8.95,180
LN-HM-04380,RET-04380,Personal Loan,710000.0,13.53,36
LN-HM-04381,RET-04381,Home Loan,4860000.0,9.36,120
LN-HM-04382,RET-04382,Home Loan,2290000.0,8.98,180
LN-HM-04383,RET-04383,Home Loan,9570000.0,9.17,300
LN-HM-04384,RET-04384,Home Loan,3130000.0,8.95,240
LN-HM-04385,RET-04385,Personal Loan,530000.0,12.32,48
LN-HM-04386,RET-04386,Personal Loan,730000.0,12.49,12
LN-HM-04387,RET-04387,Vehicle Loan,650000.0,9.94,36
LN-HM-04388,RET-04388,Vehicle Loan,3150000.0,9.81,72
LN-HM-04389,RET-04389,Vehicle Loan,1040000.0,9.57,48
LN-HM-04390,RET-04390,Home Loan,2800000.0,8.7,240
LN-HM-04391,RET-04391,Home Loan,2290000.0,8.98,300
LN-HM-04392,RET-04392,Personal Loan,1500000.0,12.03,48
LN-HM-04393,RET-04393,Personal Loan,790000.0,13.85,24
LN-HM-04394,RET-04394,Home Loan,2890000.0,9.13,180
LN-HM-04395,RET-04395,Personal Loan,3480000.0,12.43,24
LN-HM-04396,RET-04396,Home Loan,2450000.0,8.73,120
LN-HM-04397,RET-04397,Home Loan,4150000.0,9.19,120
LN-HM-04398,RET-04398,Personal Loan,1210000.0,12.67,60
LN-HM-04399,RET-04399,Home Loan,5850000.0,9.02,120
LN-HM-04400,RET-04400,Home Loan,2650000.0,9.48,180
LN-HM-04401,RET-04401,Home Loan,1590000.0,8.85,240
LN-HM-04402,RET-04402,Home Loan,4370000.0,9.47,240
LN-HM-04403,RET-04403,Vehicle Loan,690000.0,9.32,60
LN-HM-04404,RET-04404,Home Loan,830000.0,9.45,300
LN-HM-04405,RET-04405,Vehicle Loan,640000.0,9.88,72
LN-HM-04406,RET-04406,Home Loan,1950000.0,8.76,240
LN-HM-04407,RET-04407,Personal Loan,390000.0,11.43,36
LN-HM-04408,RET-04408,Home Loan,4030000.0,9.08,300
LN-HM-04409,RET-04409,Vehicle Loan,570000.0,9.92,48
LN-HM-04410,RET-04410,Home Loan,2870000.0,8.7,240
LN-HM-04411,RET-04411,Vehicle Loan,2930000.0,10.23,36
LN-HM-04412,RET-04412,Vehicle Loan,2520000.0,10.49,60
LN-HM-04413,RET-04413,Personal Loan,1170000.0,13.47,12
LN-HM-04414,RET-04414,Vehicle Loan,2390000.0,9.68,72
LN-HM-04415,RET-04415,Home Loan,2230000.0,8.67,300
LN-HM-04416,RET-04416,Vehicle Loan,1340000.0,9.68,60
LN-HM-04417,RET-04417,Personal Loan,410000.0,12.74,48
LN-HM-04418,RET-04418,Home Loan,6410000.0,9.21,300
LN-HM-04419,RET-04419,Vehicle Loan,2920000.0,9.52,36
LN-HM-04420,RET-04420,Vehicle Loan,1980000.0,9.59,84
LN-HM-04421,RET-04421,Personal Loan,1620000.0,13.19,24
LN-HM-04422,RET-04422,Home Loan,1410000.0,8.77,300
LN-HM-04423,RET-04423,Home Loan,12010000.0,8.79,120
LN-HM-04424,RET-04424,Home Loan,3840000.0,9.03,300
LN-HM-04425,RET-04425,Personal Loan,3040000.0,11.81,60
LN-HM-04426,RET-04426,Home Loan,7480000.0,8.57,240
LN-HM-04427,RET-04427,Personal Loan,870000.0,12.87,36
LN-HM-04428,RET-04428,Home Loan,2670000.0,8.64,240
LN-HM-04429,RET-04429,Home Loan,4370000.0,8.87,120
LN-HM-04430,RET-04430,Personal Loan,300000.0,11.09,60
LN-HM-04431,RET-04431,Personal Loan,1330000.0,11.8,36
LN-HM-04432,RET-04432,Personal Loan,300000.0,12.47,12
LN-HM-04433,RET-04433,Vehicle Loan,760000.0,10.03,48
LN-HM-04434,RET-04434,Home Loan,7040000.0,8.83,120
LN-HM-04435,RET-04435,Home Loan,3490000.0,8.73,120
LN-HM-04436,RET-04436,Vehicle Loan,560000.0,10.94,72
LN-HM-04437,RET-04437,Home Loan,1900000.0,8.84,300
LN-HM-04438,RET-04438,Home Loan,3030000.0,8.81,240
LN-HM-04439,RET-04439,Home Loan,2360000.0,8.56,120
LN-HM-04440,RET-04440,Home Loan,4540000.0,8.92,120
LN-HM-04441,RET-04441,Home Loan,4310000.0,8.84,180
LN-HM-04442,RET-04442,Home Loan,1470000.0,9.05,240
LN-HM-04443,RET-04443,Home Loan,3500000.0,8.57,300
LN-HM-04444,RET-04444,Home Loan,4470000.0,8.61,240
LN-HM-04445,RET-04445,Personal Loan,500000.0,13.06,24
LN-HM-04446,RET-04446,Personal Loan,2290000.0,13.64,48
LN-HM-04447,RET-04447,Home Loan,4210000.0,9.1,240
LN-HM-04448,RET-04448,Home Loan,4210000.0,9.11,180
LN-HM-04449,RET-04449,Home Loan,12010000.0,8.88,120
LN-HM-04450,RET-04450,Home Loan,5230000.0,9.13,300
LN-HM-04451,RET-04451,Personal Loan,790000.0,13.37,12
LN-HM-04452,RET-04452,Personal Loan,2090000.0,13.5,60
LN-HM-04453,RET-04453,Home Loan,3130000.0,9.08,120
LN-HM-04454,RET-04454,Vehicle Loan,720000.0,10.79,36
LN-HM-04455,RET-04455,Home Loan,1920000.0,8.53,240
LN-HM-04456,RET-04456,Home Loan,7850000.0,9.49,240
LN-HM-04457,RET-04457,Vehicle Loan,1700000.0,9.49,60
LN-HM-04458,RET-04458,Vehicle Loan,1620000.0,11.0,72
LN-HM-04459,RET-04459,Personal Loan,1420000.0,11.58,24
LN-HM-04460,RET-04460,Home Loan,3440000.0,8.79,180
LN-HM-04461,RET-04461,Home Loan,3840000.0,8.98,240
LN-HM-04462,RET-04462,Personal Loan,690000.0,11.79,60
LN-HM-04463,RET-04463,Home Loan,2660000.0,9.09,240
LN-HM-04464,RET-04464,Home Loan,1220000.0,8.68,240
LN-HM-04465,RET-04465,Personal Loan,520000.0,13.8,12
LN-HM-04466,RET-04466,Home Loan,5920000.0,9.2,120
LN-HM-04467,RET-04467,Personal Loan,370000.0,13.89,24
LN-HM-04468,RET-04468,Home Loan,11990000.0,9.39,300
LN-HM-04469,RET-04469,Home Loan,3210000.0,8.86,120
LN-HM-04470,RET-04470,Personal Loan,530000.0,11.58,36
LN-HM-04471,RET-04471,Personal Loan,750000.0,12.9,48
LN-HM-04472,RET-04472,Vehicle Loan,2460000.0,9.94,60
LN-HM-04473,RET-04473,Personal Loan,290000.0,13.04,24
LN-HM-04474,RET-04474,Home Loan,5110000.0,9.18,180
LN-HM-04475,RET-04475,Personal Loan,700000.0,13.42,24
LN-HM-04476,RET-04476,Vehicle Loan,1400000.0,9.3,60
LN-HM-04477,RET-04477,Home Loan,4510000.0,9.46,300
LN-HM-04478,RET-04478,Home Loan,1210000.0,8.66,300
LN-HM-04479,RET-04479,Vehicle Loan,320000.0,10.87,60
LN-HM-04480,RET-04480,Vehicle Loan,600000.0,9.51,84
LN-HM-04481,RET-04481,Home Loan,4710000.0,9.36,180
LN-HM-04482,RET-04482,Home Loan,2970000.0,8.74,120
LN-HM-04483,RET-04483,Home Loan,2090000.0,9.42,180
LN-HM-04484,RET-04484,Home Loan,9270000.0,9.06,120
LN-HM-04485,RET-04485,Home Loan,6380000.0,9.17,120
LN-HM-04486,RET-04486,Personal Loan,1980000.0,13.07,60
LN-HM-04487,RET-04487,Home Loan,1490000.0,8.82,300
LN-HM-04488,RET-04488,Home Loan,4400000.0,9.0,240
LN-HM-04489,RET-04489,Personal Loan,560000.0,13.7,48
LN-HM-04490,RET-04490,Home Loan,2650000.0,8.78,240
LN-HM-04491,RET-04491,Home Loan,2980000.0,8.89,300
LN-HM-04492,RET-04492,Personal Loan,520000.0,13.72,24
LN-HM-04493,RET-04493,Home Loan,2120000.0,8.77,300
LN-HM-04494,RET-04494,Vehicle Loan,560000.0,9.02,60
LN-HM-04495,RET-04495,Home Loan,5240000.0,8.61,240
LN-HM-04496,RET-04496,Vehicle Loan,1050000.0,10.1,84
LN-HM-04497,RET-04497,Home Loan,1420000.0,9.32,120
LN-HM-04498,RET-04498,Home Loan,3330000.0,8.85,120
LN-HM-04499,RET-04499,Vehicle Loan,970000.0,9.72,60
LN-HM-04500,RET-04500,Home Loan,5560000.0,9.4,180
LN-HM-04501,RET-04501,Home Loan,3990000.0,8.99,120
LN-HM-04502,RET-04502,Home Loan,990000.0,8.9,180
LN-HM-04503,RET-04503,Personal Loan,680000.0,11.39,12
LN-HM-04504,RET-04504,Home Loan,1870000.0,8.93,300
LN-HM-04505,RET-04505,Vehicle Loan,1910000.0,10.64,72
LN-HM-04506,RET-04506,Home Loan,5190000.0,8.7,180
LN-HM-04507,RET-04507,Personal Loan,430000.0,12.39,48
LN-HM-04508,RET-04508,Home Loan,3230000.0,8.93,240
LN-HM-04509,RET-04509,Home Loan,5380000.0,9.24,120
LN-HM-04510,RET-04510,Personal Loan,290000.0,12.66,24
LN-HM-04511,RET-04511,Personal Loan,800000.0,11.69,60
LN-HM-04512,RET-04512,Home Loan,3480000.0,9.28,180
LN-HM-04513,RET-04513,Personal Loan,2000000.0,12.77,36
LN-HM-04514,RET-04514,Home Loan,4880000.0,8.77,120
LN-HM-04515,RET-04515,Vehicle Loan,1850000.0,10.82,60
LN-HM-04516,RET-04516,Home Loan,5340000.0,8.72,120
LN-HM-04517,RET-04517,Personal Loan,760000.0,13.22,36
LN-HM-04518,RET-04518,Personal Loan,1980000.0,11.9,48
LN-HM-04519,RET-04519,Home Loan,1920000.0,8.86,120
LN-HM-04520,RET-04520,Home Loan,890000.0,9.14,180
LN-HM-04521,RET-04521,Personal Loan,180000.0,12.09,36
LN-HM-04522,RET-04522,Vehicle Loan,1330000.0,10.51,60
LN-HM-04523,RET-04523,Home Loan,2300000.0,8.65,180
LN-HM-04524,RET-04524,Vehicle Loan,860000.0,10.82,72
LN-HM-04525,RET-04525,Personal Loan,400000.0,13.09,24
LN-HM-04526,RET-04526,Home Loan,8110000.0,8.55,180
LN-HM-04527,RET-04527,Home Loan,5150000.0,8.56,240
LN-HM-04528,RET-04528,Home Loan,5510000.0,8.87,300
LN-HM-04529,RET-04529,Personal Loan,260000.0,11.42,12
LN-HM-04530,RET-04530,Home Loan,1810000.0,8.54,180
LN-HM-04531,RET-04531,Home Loan,3560000.0,8.52,120
LN-HM-04532,RET-04532,Home Loan,2460000.0,9.36,300
LN-HM-04533,RET-04533,Home Loan,5330000.0,9.3,120
LN-HM-04534,RET-04534,Personal Loan,850000.0,11.49,48
LN-HM-04535,RET-04535,Home Loan,3410000.0,9.24,300
LN-HM-04536,RET-04536,Home Loan,6340000.0,9.44,120
LN-HM-04537,RET-04537,Home Loan,2140000.0,8.84,120
LN-HM-04538,RET-04538,Personal Loan,550000.0,13.07,24
LN-HM-04539,RET-04539,Personal Loan,370000.0,12.23,48
LN-HM-04540,RET-04540,Home Loan,3670000.0,8.87,240
LN-HM-04541,RET-04541,Home Loan,3120000.0,8.88,120
LN-HM-04542,RET-04542,Home Loan,9080000.0,9.49,120
LN-HM-04543,RET-04543,Vehicle Loan,1280000.0,10.73,72
LN-HM-04544,RET-04544,Home Loan,3450000.0,8.5,300
LN-HM-04545,RET-04545,Personal Loan,470000.0,12.87,48
LN-HM-04546,RET-04546,Personal Loan,1190000.0,13.56,36
LN-HM-04547,RET-04547,Vehicle Loan,910000.0,9.06,60
LN-HM-04548,RET-04548,Home Loan,3810000.0,8.88,120
LN-HM-04549,RET-04549,Home Loan,3230000.0,8.71,120
LN-HM-04550,RET-04550,Vehicle Loan,1160000.0,9.94,72
LN-HM-04551,RET-04551,Personal Loan,430000.0,13.82,48
LN-HM-04552,RET-04552,Personal Loan,1110000.0,12.34,36
LN-HM-04553,RET-04553,Personal Loan,1050000.0,13.17,12
LN-HM-04554,RET-04554,Personal Loan,460000.0,13.56,48
LN-HM-04555,RET-04555,Home Loan,3220000.0,9.44,240
LN-HM-04556,RET-04556,Vehicle Loan,1880000.0,9.71,72
LN-HM-04557,RET-04557,Personal Loan,460000.0,11.4,36
LN-HM-04558,RET-04558,Home Loan,2710000.0,9.17,240
LN-HM-04559,RET-04559,Home Loan,13640000.0,8.84,300
LN-HM-04560,RET-04560,Personal Loan,2010000.0,13.28,36
LN-HM-04561,RET-04561,Vehicle Loan,1280000.0,10.51,36
LN-HM-04562,RET-04562,Personal Loan,1450000.0,13.4,60
LN-HM-04563,RET-04563,Home Loan,2080000.0,8.8,240
LN-HM-04564,RET-04564,Personal Loan,410000.0,11.65,12
LN-HM-04565,RET-04565,Home Loan,1790000.0,9.39,180
LN-HM-04566,RET-04566,Home Loan,4980000.0,9.19,120
LN-HM-04567,RET-04567,Home Loan,4340000.0,9.0,240
LN-HM-04568,RET-04568,Home Loan,4280000.0,9.06,180
LN-HM-04569,RET-04569,Personal Loan,620000.0,12.9,36
LN-HM-04570,RET-04570,Personal Loan,810000.0,12.74,60
LN-HM-04571,RET-04571,Home Loan,4500000.0,9.16,180
LN-HM-04572,RET-04572,Home Loan,14860000.0,9.34,120
LN-HM-04573,RET-04573,Vehicle Loan,3960000.0,9.2,60
LN-HM-04574,RET-04574,Vehicle Loan,2710000.0,10.0,48
LN-HM-04575,RET-04575,Vehicle Loan,2250000.0,9.17,72
LN-HM-04576,RET-04576,Personal Loan,450000.0,12.6,24
LN-HM-04577,RET-04577,Home Loan,3390000.0,8.51,180
LN-HM-04578,RET-04578,Vehicle Loan,4100000.0,9.64,72
LN-HM-04579,RET-04579,Personal Loan,1210000.0,12.51,48
LN-HM-04580,RET-04580,Home Loan,2310000.0,8.59,120
LN-HM-04581,RET-04581,Home Loan,5190000.0,9.45,240
LN-HM-04582,RET-04582,Personal Loan,240000.0,12.4,48
LN-HM-04583,RET-04583,Vehicle Loan,690000.0,10.41,36
LN-HM-04584,RET-04584,Personal Loan,480000.0,11.1,60
LN-HM-04585,RET-04585,Home Loan,3640000.0,9.25,180
LN-HM-04586,RET-04586,Vehicle Loan,670000.0,10.27,84
LN-HM-04587,RET-04587,Home Loan,2500000.0,8.75,300
LN-HM-04588,RET-04588,Home Loan,1060000.0,8.54,120
LN-HM-04589,RET-04589,Home Loan,4010000.0,8.52,240
LN-HM-04590,RET-04590,Vehicle Loan,440000.0,9.4,60
LN-HM-04591,RET-04591,Home Loan,2700000.0,8.82,180
LN-HM-04592,RET-04592,Vehicle Loan,830000.0,10.09,72
LN-HM-04593,RET-04593,Home Loan,1490000.0,9.27,240
LN-HM-04594,RET-04594,Vehicle Loan,710000.0,9.14,84
LN-HM-04595,RET-04595,Home Loan,3370000.0,8.98,240
LN-HM-04596,RET-04596,Home Loan,3180000.0,9.03,240
LN-HM-04597,RET-04597,Home Loan,3330000.0,8.99,180
LN-HM-04598,RET-04598,Vehicle Loan,970000.0,10.74,72
LN-HM-04599,RET-04599,Home Loan,1350000.0,8.82,120
LN-HM-04600,RET-04600,Home Loan,5080000.0,8.72,120
LN-HM-04601,RET-04601,Personal Loan,800000.0,12.18,48
LN-HM-04602,RET-04602,Personal Loan,580000.0,12.7,24
LN-HM-04603,RET-04603,Home Loan,1190000.0,9.46,180
LN-HM-04604,RET-04604,Personal Loan,330000.0,13.34,48
LN-HM-04605,RET-04605,Home Loan,4040000.0,9.08,300
LN-HM-04606,RET-04606,Personal Loan,1000000.0,12.65,48
LN-HM-04607,RET-04607,Home Loan,3920000.0,8.82,120
LN-HM-04608,RET-04608,Vehicle Loan,670000.0,10.97,48
LN-HM-04609,RET-04609,Personal Loan,500000.0,12.26,36
LN-HM-04610,RET-04610,Home Loan,2260000.0,9.37,300
LN-HM-04611,RET-04611,Home Loan,4240000.0,9.25,300
LN-HM-04612,RET-04612,Personal Loan,320000.0,13.89,36
LN-HM-04613,RET-04613,Vehicle Loan,400000.0,9.35,72
LN-HM-04614,RET-04614,Home Loan,5400000.0,9.02,240
LN-HM-04615,RET-04615,Vehicle Loan,360000.0,9.77,60
LN-HM-04616,RET-04616,Personal Loan,1450000.0,12.92,36
LN-HM-04617,RET-04617,Personal Loan,530000.0,11.66,36
LN-HM-04618,RET-04618,Vehicle Loan,630000.0,10.13,60
LN-HM-04619,RET-04619,Personal Loan,1550000.0,12.5,36
LN-HM-04620,RET-04620,Home Loan,1600000.0,9.31,120
LN-HM-04621,RET-04621,Home Loan,1660000.0,8.54,300
LN-HM-04622,RET-04622,Vehicle Loan,390000.0,9.59,36
LN-HM-04623,RET-04623,Home Loan,3680000.0,8.87,120
LN-HM-04624,RET-04624,Home Loan,1760000.0,8.91,300
LN-HM-04625,RET-04625,Personal Loan,590000.0,12.5,60
LN-HM-04626,RET-04626,Home Loan,3420000.0,8.82,240
LN-HM-04627,RET-04627,Home Loan,3660000.0,8.75,180
LN-HM-04628,RET-04628,Personal Loan,1920000.0,12.85,48
LN-HM-04629,RET-04629,Personal Loan,740000.0,13.23,36
LN-HM-04630,RET-04630,Vehicle Loan,1210000.0,10.97,84
LN-HM-04631,RET-04631,Personal Loan,1000000.0,11.35,24
LN-HM-04632,RET-04632,Vehicle Loan,940000.0,9.41,36
LN-HM-04633,RET-04633,Home Loan,3110000.0,9.2,180
LN-HM-04634,RET-04634,Home Loan,1730000.0,9.24,120
LN-HM-04635,RET-04635,Home Loan,1490000.0,9.44,120
LN-HM-04636,RET-04636,Home Loan,3960000.0,9.36,240
LN-HM-04637,RET-04637,Home Loan,2330000.0,8.77,180
LN-HM-04638,RET-04638,Home Loan,2180000.0,8.51,120
LN-HM-04639,RET-04639,Home Loan,5230000.0,8.73,240
LN-HM-04640,RET-04640,Home Loan,1470000.0,8.55,300
LN-HM-04641,RET-04641,Home Loan,2210000.0,8.69,300
LN-HM-04642,RET-04642,Personal Loan,1610000.0,11.05,24
LN-HM-04643,RET-04643,Personal Loan,770000.0,12.9,12
LN-HM-04644,RET-04644,Home Loan,6050000.0,8.9,120
LN-HM-04645,RET-04645,Home Loan,1990000.0,8.91,120
LN-HM-04646,RET-04646,Personal Loan,760000.0,12.44,24
LN-HM-04647,RET-04647,Personal Loan,1650000.0,11.43,24
LN-HM-04648,RET-04648,Home Loan,2320000.0,9.14,240
LN-HM-04649,RET-04649,Personal Loan,2830000.0,13.12,36
LN-HM-04650,RET-04650,Home Loan,3450000.0,8.95,300
LN-HM-04651,RET-04651,Personal Loan,930000.0,11.97,60
LN-HM-04652,RET-04652,Vehicle Loan,550000.0,9.26,48
LN-HM-04653,RET-04653,Home Loan,6650000.0,8.88,120
LN-HM-04654,RET-04654,Personal Loan,1150000.0,11.82,48
LN-HM-04655,RET-04655,Vehicle Loan,3670000.0,9.22,48
LN-HM-04656,RET-04656,Home Loan,6770000.0,8.89,240
LN-HM-04657,RET-04657,Personal Loan,1670000.0,11.78,36
LN-HM-04658,RET-04658,Home Loan,2090000.0,9.36,300
LN-HM-04659,RET-04659,Home Loan,3460000.0,8.63,180
LN-HM-04660,RET-04660,Home Loan,1890000.0,9.37,300
LN-HM-04661,RET-04661,Home Loan,4230000.0,9.11,180
LN-HM-04662,RET-04662,Home Loan,2900000.0,8.52,180
LN-HM-04663,RET-04663,Vehicle Loan,660000.0,9.51,48
LN-HM-04664,RET-04664,Vehicle Loan,1010000.0,9.72,60
LN-HM-04665,RET-04665,Home Loan,2850000.0,8.59,300
LN-HM-04666,RET-04666,Home Loan,2300000.0,9.2,300
LN-HM-04667,RET-04667,Vehicle Loan,1920000.0,9.02,48
LN-HM-04668,RET-04668,Personal Loan,1250000.0,11.66,48
LN-HM-04669,RET-04669,Personal Loan,1650000.0,12.61,48
LN-HM-04670,RET-04670,Vehicle Loan,1590000.0,10.45,48
LN-HM-04671,RET-04671,Vehicle Loan,410000.0,9.29,72
LN-HM-04672,RET-04672,Personal Loan,310000.0,13.4,48
LN-HM-04673,RET-04673,Home Loan,10140000.0,8.91,300
LN-HM-04674,RET-04674,Personal Loan,1000000.0,12.37,24
LN-HM-04675,RET-04675,Home Loan,1270000.0,8.9,300
LN-HM-04676,RET-04676,Home Loan,4270000.0,9.27,300
LN-HM-04677,RET-04677,Home Loan,1930000.0,8.53,180
LN-HM-04678,RET-04678,Vehicle Loan,480000.0,10.81,84
LN-HM-04679,RET-04679,Home Loan,11840000.0,8.96,300
LN-HM-04680,RET-04680,Personal Loan,920000.0,11.44,12
LN-HM-04681,RET-04681,Home Loan,4750000.0,8.87,300
LN-HM-04682,RET-04682,Home Loan,1170000.0,8.96,180
LN-HM-04683,RET-04683,Home Loan,1760000.0,9.0,120
LN-HM-04684,RET-04684,Personal Loan,180000.0,13.12,24
LN-HM-04685,RET-04685,Personal Loan,1990000.0,13.82,60
LN-HM-04686,RET-04686,Personal Loan,320000.0,12.92,24
LN-HM-04687,RET-04687,Personal Loan,2670000.0,12.11,24
LN-HM-04688,RET-04688,Home Loan,1380000.0,8.57,240
LN-HM-04689,RET-04689,Home Loan,1900000.0,8.8,120
LN-HM-04690,RET-04690,Home Loan,4100000.0,9.22,180
LN-HM-04691,RET-04691,Personal Loan,730000.0,13.76,12
LN-HM-04692,RET-04692,Vehicle Loan,1230000.0,9.1,60
LN-HM-04693,RET-04693,Home Loan,2410000.0,8.9,300
LN-HM-04694,RET-04694,Home Loan,2500000.0,8.53,240
LN-HM-04695,RET-04695,Personal Loan,320000.0,12.35,24
LN-HM-04696,RET-04696,Personal Loan,1380000.0,13.45,12
LN-HM-04697,RET-04697,Home Loan,5040000.0,9.32,240
LN-HM-04698,RET-04698,Personal Loan,770000.0,12.9,24
LN-HM-04699,RET-04699,Vehicle Loan,2310000.0,9.8,36
LN-HM-04700,RET-04700,Vehicle Loan,1040000.0,9.51,72
LN-HM-04701,RET-04701,Personal Loan,630000.0,13.15,60
LN-HM-04702,RET-04702,Vehicle Loan,900000.0,10.78,36
LN-HM-04703,RET-04703,Home Loan,2130000.0,9.17,240
LN-HM-04704,RET-04704,Personal Loan,340000.0,12.56,60
LN-HM-04705,RET-04705,Home Loan,4680000.0,9.49,300
LN-HM-04706,RET-04706,Personal Loan,1510000.0,11.62,12
LN-HM-04707,RET-04707,Personal Loan,570000.0,13.98,12
LN-HM-04708,RET-04708,Home Loan,5640000.0,8.66,240
LN-HM-04709,RET-04709,Home Loan,1980000.0,9.11,120
LN-HM-04710,RET-04710,Home Loan,5780000.0,8.96,120
LN-HM-04711,RET-04711,Home Loan,2630000.0,8.75,300
LN-HM-04712,RET-04712,Personal Loan,410000.0,11.15,12
LN-HM-04713,RET-04713,Home Loan,3190000.0,9.34,180
LN-HM-04714,RET-04714,Home Loan,1350000.0,9.14,180
LN-HM-04715,RET-04715,Personal Loan,480000.0,11.52,12
LN-HM-04716,RET-04716,Vehicle Loan,1590000.0,10.5,72
LN-HM-04717,RET-04717,Vehicle Loan,2450000.0,10.83,48
LN-HM-04718,RET-04718,Home Loan,2700000.0,9.18,300
LN-HM-04719,RET-04719,Home Loan,2320000.0,8.99,120
LN-HM-04720,RET-04720,Home Loan,3720000.0,9.4,120
LN-HM-04721,RET-04721,Personal Loan,630000.0,13.67,12
LN-HM-04722,RET-04722,Home Loan,2540000.0,9.2,120
LN-HM-04723,RET-04723,Vehicle Loan,780000.0,9.38,84
LN-HM-04724,RET-04724,Home Loan,2850000.0,8.86,180
LN-HM-04725,RET-04725,Personal Loan,2570000.0,11.82,12
LN-HM-04726,RET-04726,Vehicle Loan,770000.0,10.47,72
LN-HM-04727,RET-04727,Personal Loan,770000.0,11.88,48
LN-HM-04728,RET-04728,Home Loan,3460000.0,9.26,180
LN-HM-04729,RET-04729,Personal Loan,340000.0,11.44,24
LN-HM-04730,RET-04730,Personal Loan,490000.0,13.29,48
LN-HM-04731,RET-04731,Home Loan,3760000.0,8.95,240
LN-HM-04732,RET-04732,Vehicle Loan,710000.0,9.13,48
LN-HM-04733,RET-04733,Vehicle Loan,1010000.0,9.95,72
LN-HM-04734,RET-04734,Home Loan,2410000.0,9.28,240
LN-HM-04735,RET-04735,Home Loan,1550000.0,9.32,120
LN-HM-04736,RET-04736,Home Loan,5230000.0,9.5,300
LN-HM-04737,RET-04737,Personal Loan,580000.0,12.42,12
LN-HM-04738,RET-04738,Vehicle Loan,2840000.0,9.96,84
LN-HM-04739,RET-04739,Home Loan,3080000.0,8.57,120
LN-HM-04740,RET-04740,Vehicle Loan,2370000.0,9.05,36
LN-HM-04741,RET-04741,Home Loan,3620000.0,9.23,120
LN-HM-04742,RET-04742,Vehicle Loan,850000.0,9.49,84
LN-HM-04743,RET-04743,Personal Loan,1160000.0,12.41,48
LN-HM-04744,RET-04744,Vehicle Loan,710000.0,10.62,36
LN-HM-04745,RET-04745,Home Loan,7420000.0,9.13,120
LN-HM-04746,RET-04746,Personal Loan,830000.0,12.87,36
LN-HM-04747,RET-04747,Home Loan,9690000.0,9.26,300
LN-HM-04748,RET-04748,Home Loan,2230000.0,8.79,300
LN-HM-04749,RET-04749,Personal Loan,1630000.0,13.65,24
LN-HM-04750,RET-04750,Home Loan,2060000.0,9.38,120
LN-HM-04751,RET-04751,Home Loan,1130000.0,9.1,120
LN-HM-04752,RET-04752,Vehicle Loan,1400000.0,9.14,36
LN-HM-04753,RET-04753,Home Loan,3980000.0,9.07,180
LN-HM-04754,RET-04754,Home Loan,6560000.0,8.74,300
LN-HM-04755,RET-04755,Home Loan,3930000.0,9.16,180
LN-HM-04756,RET-04756,Home Loan,2400000.0,9.28,300
LN-HM-04757,RET-04757,Personal Loan,2150000.0,11.36,60
LN-HM-04758,RET-04758,Personal Loan,470000.0,11.05,60
LN-HM-04759,RET-04759,Home Loan,2750000.0,9.03,300
LN-HM-04760,RET-04760,Home Loan,2160000.0,8.77,300
LN-HM-04761,RET-04761,Personal Loan,900000.0,12.41,36
LN-HM-04762,RET-04762,Home Loan,1320000.0,9.06,180
LN-HM-04763,RET-04763,Home Loan,3230000.0,9.4,180
LN-HM-04764,RET-04764,Home Loan,7590000.0,9.22,300
LN-HM-04765,RET-04765,Home Loan,2180000.0,8.84,300
LN-HM-04766,RET-04766,Vehicle Loan,920000.0,9.18,60
LN-HM-04767,RET-04767,Home Loan,4830000.0,9.25,120
LN-HM-04768,RET-04768,Home Loan,6460000.0,8.77,180
LN-HM-04769,RET-04769,Personal Loan,1270000.0,13.58,36
LN-HM-04770,RET-04770,Personal Loan,450000.0,12.65,24
LN-HM-04771,RET-04771,Personal Loan,630000.0,11.44,36
LN-HM-04772,RET-04772,Home Loan,1220000.0,9.26,180
LN-HM-04773,RET-04773,Personal Loan,850000.0,12.01,60
LN-HM-04774,RET-04774,Home Loan,4290000.0,9.18,240
LN-HM-04775,RET-04775,Home Loan,1120000.0,9.34,300
LN-HM-04776,RET-04776,Personal Loan,470000.0,12.28,24
LN-HM-04777,RET-04777,Personal Loan,1140000.0,11.54,24
LN-HM-04778,RET-04778,Vehicle Loan,1110000.0,10.52,60
LN-HM-04779,RET-04779,Home Loan,910000.0,8.89,240
LN-HM-04780,RET-04780,Home Loan,10380000.0,8.81,180
LN-HM-04781,RET-04781,Personal Loan,380000.0,11.78,48
LN-HM-04782,RET-04782,Home Loan,1750000.0,9.22,120
LN-HM-04783,RET-04783,Home Loan,6040000.0,9.31,120
LN-HM-04784,RET-04784,Vehicle Loan,840000.0,9.01,84
LN-HM-04785,RET-04785,Personal Loan,310000.0,12.98,48
LN-HM-04786,RET-04786,Personal Loan,1190000.0,11.25,36
LN-HM-04787,RET-04787,Vehicle Loan,1970000.0,10.35,84
LN-HM-04788,RET-04788,Vehicle Loan,940000.0,9.33,72
LN-HM-04789,RET-04789,Home Loan,2540000.0,8.88,300
LN-HM-04790,RET-04790,Personal Loan,240000.0,11.18,12
LN-HM-04791,RET-04791,Home Loan,1560000.0,9.35,180
LN-HM-04792,RET-04792,Vehicle Loan,750000.0,9.31,48
LN-HM-04793,RET-04793,Personal Loan,680000.0,12.82,36
LN-HM-04794,RET-04794,Home Loan,2510000.0,8.99,300
LN-HM-04795,RET-04795,Personal Loan,1720000.0,13.92,48
LN-HM-04796,RET-04796,Home Loan,7200000.0,9.1,240
LN-HM-04797,RET-04797,Personal Loan,1670000.0,12.7,24
LN-HM-04798,RET-04798,Vehicle Loan,380000.0,9.44,72
LN-HM-04799,RET-04799,Home Loan,2470000.0,8.81,120
LN-HM-04800,RET-04800,Home Loan,5100000.0,9.4,120
LN-HM-04801,RET-04801,Personal Loan,670000.0,12.35,48
LN-HM-04802,RET-04802,Vehicle Loan,350000.0,9.14,60
LN-HM-04803,RET-04803,Home Loan,2680000.0,8.68,180
LN-HM-04804,RET-04804,Vehicle Loan,420000.0,9.62,36
LN-HM-04805,RET-04805,Home Loan,3700000.0,8.52,240
LN-HM-04806,RET-04806,Home Loan,1600000.0,9.21,240
LN-HM-04807,RET-04807,Personal Loan,690000.0,12.99,60
LN-HM-04808,RET-04808,Personal Loan,790000.0,11.49,12
LN-HM-04809,RET-04809,Vehicle Loan,390000.0,9.3,84
LN-HM-04810,RET-04810,Home Loan,1810000.0,8.94,240
LN-HM-04811,RET-04811,Personal Loan,390000.0,11.89,60
LN-HM-04812,RET-04812,Vehicle Loan,1930000.0,10.53,36
LN-HM-04813,RET-04813,Personal Loan,820000.0,13.52,24
LN-HM-04814,RET-04814,Home Loan,4810000.0,9.33,300
LN-HM-04815,RET-04815,Home Loan,3180000.0,9.04,180
LN-HM-04816,RET-04816,Vehicle Loan,500000.0,9.85,48
LN-HM-04817,RET-04817,Home Loan,3850000.0,8.65,180
LN-HM-04818,RET-04818,Personal Loan,320000.0,12.08,24
LN-HM-04819,RET-04819,Personal Loan,900000.0,11.39,60
LN-HM-04820,RET-04820,Home Loan,2070000.0,9.33,300
LN-HM-04821,RET-04821,Vehicle Loan,630000.0,9.21,84
LN-HM-04822,RET-04822,Home Loan,2940000.0,9.35,180
LN-HM-04823,RET-04823,Home Loan,5930000.0,9.01,180
LN-HM-04824,RET-04824,Home Loan,6570000.0,8.72,120
LN-HM-04825,RET-04825,Vehicle Loan,1550000.0,10.41,60
LN-HM-04826,RET-04826,Personal Loan,1790000.0,11.11,48
LN-HM-04827,RET-04827,Home Loan,2560000.0,9.34,180
LN-HM-04828,RET-04828,Home Loan,10630000.0,9.24,180
LN-HM-04829,RET-04829,Home Loan,3110000.0,9.36,180
LN-HM-04830,RET-04830,Vehicle Loan,1100000.0,10.22,84
LN-HM-04831,RET-04831,Vehicle Loan,1100000.0,10.82,48
LN-HM-04832,RET-04832,Home Loan,2950000.0,9.42,240
LN-HM-04833,RET-04833,Personal Loan,830000.0,12.91,12
LN-HM-04834,RET-04834,Personal Loan,280000.0,12.0,48
LN-HM-04835,RET-04835,Personal Loan,1540000.0,11.88,24
LN-HM-04836,RET-04836,Home Loan,1620000.0,9.09,120
LN-HM-04837,RET-04837,Home Loan,4370000.0,8.75,180
LN-HM-04838,RET-04838,Personal Loan,1390000.0,11.96,36
LN-HM-04839,RET-04839,Personal Loan,990000.0,13.6,24
LN-HM-04840,RET-04840,Personal Loan,630000.0,11.22,24
LN-HM-04841,RET-04841,Home Loan,2330000.0,9.17,300
LN-HM-04842,RET-04842,Home Loan,7850000.0,9.41,300
LN-HM-04843,RET-04843,Personal Loan,560000.0,13.12,24
LN-HM-04844,RET-04844,Personal Loan,490000.0,12.29,36
LN-HM-04845,RET-04845,Personal Loan,870000.0,12.5,60
LN-HM-04846,RET-04846,Personal Loan,730000.0,12.12,24
LN-HM-04847,RET-04847,Personal Loan,480000.0,11.96,48
LN-HM-04848,RET-04848,Personal Loan,530000.0,13.95,36
LN-HM-04849,RET-04849,Home Loan,3420000.0,9.35,300
LN-HM-04850,RET-04850,Home Loan,2260000.0,8.69,240
LN-HM-04851,RET-04851,Home Loan,2990000.0,9.07,120
LN-HM-04852,RET-04852,Vehicle Loan,1150000.0,10.13,36
LN-HM-04853,RET-04853,Personal Loan,1050000.0,11.56,36
LN-HM-04854,RET-04854,Vehicle Loan,610000.0,9.61,60
LN-HM-04855,RET-04855,Personal Loan,1710000.0,12.85,60
LN-HM-04856,RET-04856,Home Loan,5120000.0,8.75,300
LN-HM-04857,RET-04857,Personal Loan,1450000.0,11.03,12
LN-HM-04858,RET-04858,Vehicle Loan,1990000.0,9.57,36
LN-HM-04859,RET-04859,Home Loan,1250000.0,9.04,180
LN-HM-04860,RET-04860,Personal Loan,240000.0,11.63,48
LN-HM-04861,RET-04861,Home Loan,6460000.0,8.53,120
LN-HM-04862,RET-04862,Home Loan,2390000.0,9.04,300
LN-HM-04863,RET-04863,Home Loan,3490000.0,9.04,240
LN-HM-04864,RET-04864,Personal Loan,620000.0,13.25,36
LN-HM-04865,RET-04865,Home Loan,4810000.0,9.06,120
LN-HM-04866,RET-04866,Personal Loan,1460000.0,12.96,24
LN-HM-04867,RET-04867,Personal Loan,860000.0,11.73,24
LN-HM-04868,RET-04868,Home Loan,1210000.0,8.84,180
LN-HM-04869,RET-04869,Home Loan,4080000.0,8.82,300
LN-HM-04870,RET-04870,Home Loan,6010000.0,9.0,180
LN-HM-04871,RET-04871,Home Loan,1750000.0,8.87,300
LN-HM-04872,RET-04872,Personal Loan,250000.0,13.46,48
LN-HM-04873,RET-04873,Home Loan,6620000.0,8.93,300
LN-HM-04874,RET-04874,Home Loan,7850000.0,9.12,120
LN-HM-04875,RET-04875,Home Loan,1150000.0,8.85,120
LN-HM-04876,RET-04876,Personal Loan,1210000.0,11.78,36
LN-HM-04877,RET-04877,Home Loan,2340000.0,9.49,300
LN-HM-04878,RET-04878,Home Loan,3420000.0,9.37,120
LN-HM-04879,RET-04879,Vehicle Loan,1000000.0,10.06,84
LN-HM-04880,RET-04880,Home Loan,2700000.0,8.85,180
LN-HM-04881,RET-04881,Personal Loan,1510000.0,11.17,36
LN-HM-04882,RET-04882,Personal Loan,380000.0,13.1,12
LN-HM-04883,RET-04883,Home Loan,4690000.0,9.1,120
LN-HM-04884,RET-04884,Vehicle Loan,2500000.0,10.25,60
LN-HM-04885,RET-04885,Personal Loan,240000.0,13.48,36
LN-HM-04886,RET-04886,Personal Loan,410000.0,12.85,48
LN-HM-04887,RET-04887,Vehicle Loan,1320000.0,9.36,84
LN-HM-04888,RET-04888,Personal Loan,1420000.0,13.39,24
LN-HM-04889,RET-04889,Home Loan,2070000.0,9.49,120
LN-HM-04890,RET-04890,Personal Loan,850000.0,13.03,36
LN-HM-04891,RET-04891,Home Loan,4350000.0,8.62,300
LN-HM-04892,RET-04892,Vehicle Loan,1810000.0,9.45,84
LN-HM-04893,RET-04893,Home Loan,5320000.0,9.31,180
LN-HM-04894,RET-04894,Vehicle Loan,1040000.0,9.38,72
LN-HM-04895,RET-04895,Personal Loan,850000.0,13.21,60
LN-HM-04896,RET-04896,Personal Loan,720000.0,11.18,12
LN-HM-04897,RET-04897,Personal Loan,240000.0,12.21,60
LN-HM-04898,RET-04898,Vehicle Loan,4210000.0,9.52,36
LN-HM-04899,RET-04899,Vehicle Loan,790000.0,10.74,84
LN-HM-04900,RET-04900,Personal Loan,720000.0,11.0,48
LN-HM-04901,RET-04901,Vehicle Loan,2720000.0,10.23,48
LN-HM-04902,RET-04902,Vehicle Loan,900000.0,10.21,84
LN-HM-04903,RET-04903,Home Loan,16280000.0,8.61,180
LN-HM-04904,RET-04904,Vehicle Loan,2040000.0,10.75,48
LN-HM-04905,RET-04905,Vehicle Loan,1620000.0,9.49,36
LN-HM-04906,RET-04906,Home Loan,4430000.0,8.7,300
LN-HM-04907,RET-04907,Personal Loan,640000.0,12.64,12
LN-HM-04908,RET-04908,Personal Loan,280000.0,11.88,60
LN-HM-04909,RET-04909,Home Loan,1730000.0,9.15,180
LN-HM-04910,RET-04910,Personal Loan,1150000.0,11.27,24
LN-HM-04911,RET-04911,Home Loan,1850000.0,8.68,120
LN-HM-04912,RET-04912,Home Loan,1200000.0,8.82,240
LN-HM-04913,RET-04913,Personal Loan,700000.0,12.34,12
LN-HM-04914,RET-04914,Vehicle Loan,1310000.0,10.43,84
LN-HM-04915,RET-04915,Home Loan,3470000.0,8.87,180
LN-HM-04916,RET-04916,Home Loan,4330000.0,9.27,120
LN-HM-04917,RET-04917,Home Loan,6770000.0,8.99,120
LN-HM-04918,RET-04918,Home Loan,5650000.0,8.85,180
LN-HM-04919,RET-04919,Vehicle Loan,780000.0,9.9,72
LN-HM-04920,RET-04920,Personal Loan,490000.0,11.24,36
LN-HM-04921,RET-04921,Home Loan,3560000.0,8.79,240
LN-HM-04922,RET-04922,Personal Loan,450000.0,11.66,36
LN-HM-04923,RET-04923,Home Loan,2360000.0,9.21,120
LN-HM-04924,RET-04924,Personal Loan,1730000.0,12.77,48
LN-HM-04925,RET-04925,Personal Loan,1050000.0,12.72,36
LN-HM-04926,RET-04926,Home Loan,4430000.0,8.85,300
LN-HM-04927,RET-04927,Vehicle Loan,870000.0,9.57,72
LN-HM-04928,RET-04928,Home Loan,6220000.0,9.09,240
LN-HM-04929,RET-04929,Home Loan,1360000.0,8.98,120
LN-HM-04930,RET-04930,Home Loan,11800000.0,9.15,120
LN-HM-04931,RET-04931,Home Loan,1290000.0,9.31,120
LN-HM-04932,RET-04932,Personal Loan,190000.0,11.17,60
LN-HM-04933,RET-04933,Home Loan,3070000.0,8.76,240
LN-HM-04934,RET-04934,Home Loan,2050000.0,9.41,300
LN-HM-04935,RET-04935,Home Loan,2890000.0,9.25,180
LN-HM-04936,RET-04936,Vehicle Loan,620000.0,9.04,84
LN-HM-04937,RET-04937,Home Loan,1690000.0,8.68,240
LN-HM-04938,RET-04938,Home Loan,4020000.0,9.06,300
LN-HM-04939,RET-04939,Home Loan,4110000.0,9.31,180
LN-HM-04940,RET-04940,Personal Loan,1660000.0,13.17,12
LN-HM-04941,RET-04941,Personal Loan,640000.0,12.42,60
LN-HM-04942,RET-04942,Personal Loan,820000.0,12.36,12
LN-HM-04943,RET-04943,Personal Loan,1390000.0,11.21,48
LN-HM-04944,RET-04944,Home Loan,1290000.0,9.18,300
LN-HM-04945,RET-04945,Personal Loan,320000.0,11.1,60
LN-HM-04946,RET-04946,Home Loan,1140000.0,8.84,300
LN-HM-04947,RET-04947,Home Loan,2740000.0,9.13,120
LN-HM-04948,RET-04948,Vehicle Loan,1660000.0,10.59,84
LN-HM-04949,RET-04949,Home Loan,1110000.0,9.48,180
LN-HM-04950,RET-04950,Home Loan,3730000.0,9.18,120
LN-HM-04951,RET-04951,Vehicle Loan,620000.0,9.03,72
LN-HM-04952,RET-04952,Home Loan,2750000.0,8.68,120
LN-HM-04953,RET-04953,Home Loan,1310000.0,8.97,120
LN-HM-04954,RET-04954,Personal Loan,3150000.0,13.74,24
LN-HM-04955,RET-04955,Vehicle Loan,1170000.0,10.95,72
LN-HM-04956,RET-04956,Vehicle Loan,640000.0,10.34,36
LN-HM-04957,RET-04957,Personal Loan,450000.0,11.97,36
LN-HM-04958,RET-04958,Home Loan,6620000.0,9.04,240
LN-HM-04959,RET-04959,Personal Loan,320000.0,13.71,36
LN-HM-04960,RET-04960,Home Loan,1640000.0,9.06,180
LN-HM-04961,RET-04961,Personal Loan,470000.0,11.56,24
LN-HM-04962,RET-04962,Home Loan,2960000.0,8.63,240
LN-HM-04963,RET-04963,Home Loan,6560000.0,8.52,240
LN-HM-04964,RET-04964,Vehicle Loan,2050000.0,9.1,36
LN-HM-04965,RET-04965,Home Loan,4890000.0,8.83,300
LN-HM-04966,RET-04966,Personal Loan,210000.0,12.85,60
LN-HM-04967,RET-04967,Home Loan,1820000.0,9.41,300
LN-HM-04968,RET-04968,Home Loan,2350000.0,9.35,240
LN-HM-04969,RET-04969,Personal Loan,1720000.0,13.73,60
LN-HM-04970,RET-04970,Personal Loan,1490000.0,13.91,60
LN-HM-04971,RET-04971,Vehicle Loan,2010000.0,9.44,36
LN-HM-04972,RET-04972,Personal Loan,570000.0,12.96,36
LN-HM-04973,RET-04973,Home Loan,1780000.0,8.64,240
LN-HM-04974,RET-04974,Home Loan,2490000.0,9.1,180
LN-HM-04975,RET-04975,Personal Loan,430000.0,11.19,36
LN-HM-04976,RET-04976,Home Loan,6240000.0,9.29,240
LN-HM-04977,RET-04977,Vehicle Loan,530000.0,9.3,48
LN-HM-04978,RET-04978,Vehicle Loan,1950000.0,10.18,72
LN-HM-04979,RET-04979,Home Loan,4870000.0,8.79,120
LN-HM-04980,RET-04980,Personal Loan,1420000.0,13.15,60
LN-HM-04981,RET-04981,Home Loan,3520000.0,8.71,180
LN-HM-04982,RET-04982,Vehicle Loan,1280000.0,10.47,72
LN-HM-04983,RET-04983,Home Loan,3640000.0,8.97,300
LN-HM-04984,RET-04984,Home Loan,2330000.0,9.02,240
LN-HM-04985,RET-04985,Vehicle Loan,770000.0,10.37,60
LN-HM-04986,RET-04986,Home Loan,6430000.0,9.29,240
LN-HM-04987,RET-04987,Home Loan,1270000.0,8.92,300
LN-HM-04988,RET-04988,Personal Loan,740000.0,12.74,48
LN-HM-04989,RET-04989,Home Loan,1070000.0,9.06,120
LN-HM-04990,RET-04990,Home Loan,3310000.0,9.35,120
LN-HM-04991,RET-04991,Personal Loan,820000.0,12.72,36
LN-HM-04992,RET-04992,Personal Loan,710000.0,11.32,12
LN-HM-04993,RET-04993,Vehicle Loan,630000.0,10.41,60
LN-HM-04994,RET-04994,Personal Loan,880000.0,12.58,24
LN-HM-04995,RET-04995,Personal Loan,1220000.0,11.31,12
LN-HM-04996,RET-04996,Home Loan,4070000.0,8.91,180
LN-HM-04997,RET-04997,Personal Loan,2010000.0,12.69,60
LN-HM-04998,RET-04998,Vehicle Loan,720000.0,9.86,48
LN-HM-04999,RET-04999,Vehicle Loan,650000.0,10.35,72
LN-HM-05000,RET-05000,Vehicle Loan,2320000.0,10.6,48
LN-HM-05001,RET-05001,Vehicle Loan,700000.0,10.51,36
LN-HM-05002,RET-05002,Home Loan,3310000.0,8.72,240
LN-HM-05003,RET-05003,Personal Loan,1020000.0,11.98,36
LN-HM-05004,RET-05004,Vehicle Loan,730000.0,10.0,36
LN-HM-05005,RET-05005,Home Loan,2160000.0,9.38,120
LN-HM-05006,RET-05006,Vehicle Loan,600000.0,10.68,60
LN-HM-05007,RET-05007,Personal Loan,1300000.0,12.51,12
LN-HM-05008,RET-05008,Vehicle Loan,1020000.0,9.34,84
LN-HM-05009,RET-05009,Vehicle Loan,1000000.0,10.7,72
LN-HM-05010,RET-05010,Vehicle Loan,1200000.0,10.29,48
LN-HM-05011,RET-05011,Home Loan,3240000.0,8.67,120
LN-HM-05012,RET-05012,Home Loan,8470000.0,8.6,240
LN-HM-05013,RET-05013,Home Loan,2670000.0,8.76,180
LN-HM-05014,RET-05014,Home Loan,1450000.0,8.66,300
LN-HM-05015,RET-05015,Personal Loan,3080000.0,13.64,36
LN-HM-05016,RET-05016,Personal Loan,470000.0,12.73,24
LN-HM-05017,RET-05017,Home Loan,3520000.0,9.18,300
LN-HM-05018,RET-05018,Personal Loan,800000.0,12.78,60
LN-HM-05019,RET-05019,Home Loan,2050000.0,9.33,240
LN-HM-05020,RET-05020,Vehicle Loan,1230000.0,9.07,84
LN-HM-05021,RET-05021,Home Loan,4490000.0,9.36,120
LN-HM-05022,RET-05022,Personal Loan,1540000.0,13.38,24
LN-HM-05023,RET-05023,Personal Loan,390000.0,13.92,48
LN-HM-05024,RET-05024,Vehicle Loan,1590000.0,10.58,60
LN-HM-05025,RET-05025,Vehicle Loan,1810000.0,10.12,84
LN-HM-05026,RET-05026,Home Loan,3640000.0,8.76,240
LN-HM-05027,RET-05027,Home Loan,5450000.0,9.28,180
LN-HM-05028,RET-05028,Home Loan,3470000.0,8.58,240
LN-HM-05029,RET-05029,Home Loan,1670000.0,8.64,300
LN-HM-05030,RET-05030,Home Loan,2100000.0,8.58,240
LN-HM-05031,RET-05031,Personal Loan,980000.0,11.91,60
LN-HM-05032,RET-05032,Home Loan,840000.0,9.47,180
LN-HM-05033,RET-05033,Home Loan,2380000.0,8.63,120
LN-HM-05034,RET-05034,Home Loan,1630000.0,9.48,240
LN-HM-05035,RET-05035,Vehicle Loan,2690000.0,10.8,84
LN-HM-05036,RET-05036,Home Loan,9290000.0,9.37,180
LN-HM-05037,RET-05037,Home Loan,1740000.0,9.21,120
LN-HM-05038,RET-05038,Vehicle Loan,7090000.0,9.06,48
LN-HM-05039,RET-05039,Home Loan,6890000.0,9.36,120
LN-HM-05040,RET-05040,Personal Loan,890000.0,11.24,36
LN-HM-05041,RET-05041,Personal Loan,2200000.0,11.37,12
LN-HM-05042,RET-05042,Home Loan,2800000.0,8.81,120
LN-HM-05043,RET-05043,Home Loan,2260000.0,9.49,180
LN-HM-05044,RET-05044,Home Loan,3370000.0,9.07,240
LN-HM-05045,RET-05045,Home Loan,2480000.0,9.28,180
LN-HM-05046,RET-05046,Home Loan,1340000.0,8.81,120
LN-HM-05047,RET-05047,Vehicle Loan,570000.0,9.45,84
LN-HM-05048,RET-05048,Vehicle Loan,1120000.0,9.1,84
LN-HM-05049,RET-05049,Home Loan,5590000.0,8.87,180
LN-HM-05050,RET-05050,Home Loan,3200000.0,9.06,180
LN-HM-05051,RET-05051,Home Loan,990000.0,8.98,120
LN-HM-05052,RET-05052,Personal Loan,1180000.0,13.85,36
LN-HM-05053,RET-05053,Home Loan,7380000.0,8.67,240
LN-HM-05054,RET-05054,Personal Loan,400000.0,12.99,24
LN-HM-05055,RET-05055,Personal Loan,2950000.0,11.69,60
LN-HM-05056,RET-05056,Home Loan,3700000.0,9.39,240
LN-HM-05057,RET-05057,Personal Loan,250000.0,11.72,60
LN-HM-05058,RET-05058,Personal Loan,580000.0,11.21,36
LN-HM-05059,RET-05059,Home Loan,1970000.0,8.64,300
LN-HM-05060,RET-05060,Personal Loan,900000.0,12.19,36
LN-HM-05061,RET-05061,Home Loan,1460000.0,8.5,240
LN-HM-05062,RET-05062,Vehicle Loan,700000.0,9.78,36
LN-HM-05063,RET-05063,Home Loan,1800000.0,8.93,120
LN-HM-05064,RET-05064,Vehicle Loan,3710000.0,9.3,84
LN-HM-05065,RET-05065,Vehicle Loan,1290000.0,10.13,36
LN-HM-05066,RET-05066,Personal Loan,510000.0,11.32,60
LN-HM-05067,RET-05067,Home Loan,2880000.0,9.17,180
LN-HM-05068,RET-05068,Home Loan,4720000.0,8.66,120
LN-HM-05069,RET-05069,Home Loan,2750000.0,9.11,180
LN-HM-05070,RET-05070,Personal Loan,330000.0,13.43,12
LN-HM-05071,RET-05071,Personal Loan,340000.0,11.67,48
LN-HM-05072,RET-05072,Personal Loan,1130000.0,13.61,60
LN-HM-05073,RET-05073,Personal Loan,210000.0,12.1,36
LN-HM-05074,RET-05074,Home Loan,1450000.0,9.16,120
LN-HM-05075,RET-05075,Home Loan,1410000.0,9.37,180
LN-HM-05076,RET-05076,Personal Loan,380000.0,12.35,24
LN-HM-05077,RET-05077,Home Loan,1630000.0,8.55,120
LN-HM-05078,RET-05078,Home Loan,6810000.0,9.45,120
LN-HM-05079,RET-05079,Home Loan,7570000.0,8.93,180
LN-HM-05080,RET-05080,Vehicle Loan,1520000.0,9.39,60
LN-HM-05081,RET-05081,Home Loan,2590000.0,8.72,300
LN-HM-05082,RET-05082,Home Loan,2410000.0,9.24,240
LN-HM-05083,RET-05083,Vehicle Loan,330000.0,10.21,48
LN-HM-05084,RET-05084,Home Loan,4090000.0,8.87,240
LN-HM-05085,RET-05085,Vehicle Loan,1020000.0,9.63,60
LN-HM-05086,RET-05086,Personal Loan,700000.0,12.44,60
LN-HM-05087,RET-05087,Home Loan,1490000.0,9.46,240
LN-HM-05088,RET-05088,Home Loan,1540000.0,9.22,300
LN-HM-05089,RET-05089,Vehicle Loan,1360000.0,10.16,60
LN-HM-05090,RET-05090,Personal Loan,850000.0,11.53,60
LN-HM-05091,RET-05091,Personal Loan,1730000.0,12.49,48
LN-HM-05092,RET-05092,Home Loan,2690000.0,9.32,120
LN-HM-05093,RET-05093,Vehicle Loan,1020000.0,9.67,36
LN-HM-05094,RET-05094,Vehicle Loan,900000.0,10.01,84
LN-HM-05095,RET-05095,Home Loan,2590000.0,8.65,120
LN-HM-05096,RET-05096,Personal Loan,1550000.0,12.91,12
LN-HM-05097,RET-05097,Personal Loan,2100000.0,11.5,48
LN-HM-05098,RET-05098,Vehicle Loan,690000.0,9.33,36
LN-HM-05099,RET-05099,Home Loan,3150000.0,8.75,300
LN-HM-05100,RET-05100,Home Loan,8740000.0,9.34,120
LN-HM-05101,RET-05101,Vehicle Loan,1700000.0,10.87,60
LN-HM-05102,RET-05102,Home Loan,3170000.0,9.32,300
LN-HM-05103,RET-05103,Vehicle Loan,1760000.0,9.66,72
LN-HM-05104,RET-05104,Personal Loan,610000.0,13.57,48
LN-HM-05105,RET-05105,Home Loan,4140000.0,8.54,180
LN-HM-05106,RET-05106,Home Loan,3490000.0,9.48,240
LN-HM-05107,RET-05107,Home Loan,3800000.0,9.15,180
LN-HM-05108,RET-05108,Home Loan,6380000.0,9.36,180
LN-HM-05109,RET-05109,Home Loan,3050000.0,8.83,180
LN-HM-05110,RET-05110,Personal Loan,510000.0,12.83,24
LN-HM-05111,RET-05111,Personal Loan,1470000.0,12.07,36
LN-HM-05112,RET-05112,Personal Loan,1220000.0,12.33,60
LN-HM-05113,RET-05113,Home Loan,3960000.0,9.13,120
LN-HM-05114,RET-05114,Home Loan,5920000.0,8.73,240
LN-HM-05115,RET-05115,Personal Loan,1140000.0,13.39,48
LN-HM-05116,RET-05116,Home Loan,2240000.0,9.24,120
LN-HM-05117,RET-05117,Vehicle Loan,860000.0,9.47,60
LN-HM-05118,RET-05118,Home Loan,2510000.0,8.53,240
LN-HM-05119,RET-05119,Home Loan,10480000.0,9.29,120
LN-HM-05120,RET-05120,Personal Loan,660000.0,11.28,60
LN-HM-05121,RET-05121,Personal Loan,430000.0,12.69,48
LN-HM-05122,RET-05122,Home Loan,2470000.0,9.07,300
LN-HM-05123,RET-05123,Home Loan,5790000.0,9.42,120
LN-HM-05124,RET-05124,Personal Loan,210000.0,13.57,60
LN-HM-05125,RET-05125,Home Loan,15360000.0,8.79,300
LN-HM-05126,RET-05126,Vehicle Loan,470000.0,9.8,48
LN-HM-05127,RET-05127,Personal Loan,740000.0,13.18,48
LN-HM-05128,RET-05128,Personal Loan,290000.0,12.11,48
LN-HM-05129,RET-05129,Home Loan,1790000.0,8.93,180
LN-HM-05130,RET-05130,Home Loan,4740000.0,8.83,120
LN-HM-05131,RET-05131,Home Loan,2000000.0,8.85,120
LN-HM-05132,RET-05132,Personal Loan,2630000.0,11.77,12
LN-HM-05133,RET-05133,Home Loan,1870000.0,8.65,120
LN-HM-05134,RET-05134,Home Loan,5150000.0,9.41,120
LN-HM-05135,RET-05135,Personal Loan,450000.0,11.39,24
LN-HM-05136,RET-05136,Home Loan,4050000.0,9.38,180
LN-HM-05137,RET-05137,Vehicle Loan,1190000.0,9.21,36
LN-HM-05138,RET-05138,Home Loan,1190000.0,9.38,180
LN-HM-05139,RET-05139,Home Loan,4770000.0,9.14,300
LN-HM-05140,RET-05140,Home Loan,4300000.0,9.13,300
LN-HM-05141,RET-05141,Personal Loan,670000.0,13.73,12
LN-HM-05142,RET-05142,Personal Loan,690000.0,12.61,36
LN-HM-05143,RET-05143,Home Loan,1720000.0,8.85,240
LN-HM-05144,RET-05144,Personal Loan,540000.0,13.68,48
LN-HM-05145,RET-05145,Personal Loan,1800000.0,13.4,60
LN-HM-05146,RET-05146,Vehicle Loan,1280000.0,10.58,48
LN-HM-05147,RET-05147,Personal Loan,1020000.0,13.25,36
LN-HM-05148,RET-05148,Home Loan,5450000.0,9.42,120
LN-HM-05149,RET-05149,Home Loan,3430000.0,9.12,120
LN-HM-05150,RET-05150,Home Loan,2960000.0,9.27,300
LN-HM-05151,RET-05151,Home Loan,5230000.0,8.69,240
LN-HM-05152,RET-05152,Personal Loan,260000.0,11.07,24
LN-HM-05153,RET-05153,Home Loan,4620000.0,8.6,180
LN-HM-05154,RET-05154,Personal Loan,1620000.0,11.1,12
LN-HM-05155,RET-05155,Personal Loan,500000.0,13.68,24
LN-HM-05156,RET-05156,Home Loan,5070000.0,8.51,180
LN-HM-05157,RET-05157,Home Loan,2280000.0,8.69,120
LN-HM-05158,RET-05158,Personal Loan,660000.0,12.61,48
LN-HM-05159,RET-05159,Home Loan,3550000.0,9.07,300
LN-HM-05160,RET-05160,Personal Loan,1330000.0,11.96,24
LN-HM-05161,RET-05161,Home Loan,2360000.0,8.77,180
LN-HM-05162,RET-05162,Home Loan,1300000.0,8.74,240
LN-HM-05163,RET-05163,Personal Loan,690000.0,13.32,12
LN-HM-05164,RET-05164,Home Loan,10340000.0,8.7,120
LN-HM-05165,RET-05165,Personal Loan,1380000.0,13.06,24
LN-HM-05166,RET-05166,Home Loan,1130000.0,9.38,180
LN-HM-05167,RET-05167,Vehicle Loan,2120000.0,9.85,48
LN-HM-05168,RET-05168,Personal Loan,350000.0,12.0,12
LN-HM-05169,RET-05169,Home Loan,5630000.0,8.86,300
LN-HM-05170,RET-05170,Personal Loan,1870000.0,13.37,48
LN-HM-05171,RET-05171,Home Loan,2700000.0,9.12,300
LN-HM-05172,RET-05172,Home Loan,1240000.0,8.66,180
LN-HM-05173,RET-05173,Home Loan,2670000.0,9.2,180
LN-HM-05174,RET-05174,Personal Loan,1060000.0,13.98,48
LN-HM-05175,RET-05175,Home Loan,1860000.0,8.69,180
LN-HM-05176,RET-05176,Home Loan,2330000.0,8.63,240
LN-HM-05177,RET-05177,Home Loan,3230000.0,8.99,180
LN-HM-05178,RET-05178,Home Loan,1660000.0,8.92,180
LN-HM-05179,RET-05179,Personal Loan,2550000.0,13.16,60
LN-HM-05180,RET-05180,Personal Loan,210000.0,11.98,36
LN-HM-05181,RET-05181,Home Loan,1050000.0,9.33,300
LN-HM-05182,RET-05182,Personal Loan,600000.0,13.69,12
LN-HM-05183,RET-05183,Personal Loan,1240000.0,11.09,60
LN-HM-05184,RET-05184,Home Loan,5760000.0,9.5,180
LN-HM-05185,RET-05185,Personal Loan,750000.0,13.14,60
LN-HM-05186,RET-05186,Personal Loan,500000.0,13.59,48
LN-HM-05187,RET-05187,Vehicle Loan,820000.0,9.48,60
LN-HM-05188,RET-05188,Personal Loan,1950000.0,12.57,48
LN-HM-05189,RET-05189,Home Loan,4080000.0,8.59,240
LN-HM-05190,RET-05190,Home Loan,1870000.0,9.04,120
LN-HM-05191,RET-05191,Vehicle Loan,3610000.0,9.66,60
LN-HM-05192,RET-05192,Home Loan,3460000.0,8.95,300
LN-HM-05193,RET-05193,Home Loan,800000.0,8.66,120
LN-HM-05194,RET-05194,Home Loan,1560000.0,8.53,120
LN-HM-05195,RET-05195,Home Loan,4070000.0,9.23,300
LN-HM-05196,RET-05196,Personal Loan,280000.0,11.68,24
LN-HM-05197,RET-05197,Home Loan,3960000.0,9.18,180
LN-HM-05198,RET-05198,Vehicle Loan,530000.0,10.88,72
LN-HM-05199,RET-05199,Home Loan,6490000.0,9.25,300
LN-HM-05200,RET-05200,Personal Loan,570000.0,11.16,24
LN-HM-05201,RET-05201,Home Loan,1470000.0,8.55,300
LN-HM-05202,RET-05202,Home Loan,6210000.0,9.37,120
LN-HM-05203,RET-05203,Home Loan,8770000.0,8.69,240
LN-HM-05204,RET-05204,Personal Loan,370000.0,13.96,48
LN-HM-05205,RET-05205,Home Loan,2040000.0,9.23,120
LN-HM-05206,RET-05206,Home Loan,5230000.0,8.88,120
LN-HM-05207,RET-05207,Vehicle Loan,1720000.0,9.74,84
LN-HM-05208,RET-05208,Vehicle Loan,4580000.0,9.94,48
LN-HM-05209,RET-05209,Personal Loan,1030000.0,12.54,24
LN-HM-05210,RET-05210,Home Loan,9910000.0,9.38,300
LN-HM-05211,RET-05211,Personal Loan,460000.0,13.8,36
LN-HM-05212,RET-05212,Home Loan,4730000.0,9.42,180
LN-HM-05213,RET-05213,Home Loan,1870000.0,8.81,180
LN-HM-05214,RET-05214,Home Loan,2600000.0,8.72,180
LN-HM-05215,RET-05215,Personal Loan,490000.0,13.39,60
LN-HM-05216,RET-05216,Home Loan,3100000.0,9.32,240
LN-HM-05217,RET-05217,Home Loan,910000.0,9.5,180
LN-HM-05218,RET-05218,Vehicle Loan,640000.0,10.56,60
LN-HM-05219,RET-05219,Home Loan,6550000.0,9.15,120
LN-HM-05220,RET-05220,Personal Loan,590000.0,11.98,12
LN-HM-05221,RET-05221,Home Loan,3300000.0,9.38,180
LN-HM-05222,RET-05222,Personal Loan,340000.0,12.62,24
LN-HM-05223,RET-05223,Home Loan,5100000.0,9.45,240
LN-HM-05224,RET-05224,Vehicle Loan,3820000.0,10.37,48
LN-HM-05225,RET-05225,Personal Loan,1970000.0,11.49,48
LN-HM-05226,RET-05226,Home Loan,3810000.0,9.3,180
LN-HM-05227,RET-05227,Home Loan,1920000.0,8.89,180
LN-HM-05228,RET-05228,Vehicle Loan,2970000.0,9.04,60
LN-HM-05229,RET-05229,Personal Loan,1200000.0,13.86,36
LN-HM-05230,RET-05230,Personal Loan,160000.0,14.0,48
LN-HM-05231,RET-05231,Personal Loan,270000.0,13.66,60
LN-HM-05232,RET-05232,Personal Loan,260000.0,11.32,24
LN-HM-05233,RET-05233,Vehicle Loan,980000.0,9.57,84
LN-HM-05234,RET-05234,Personal Loan,1530000.0,12.83,36
LN-HM-05235,RET-05235,Personal Loan,1810000.0,13.66,60
LN-HM-05236,RET-05236,Home Loan,2980000.0,9.14,300
LN-HM-05237,RET-05237,Vehicle Loan,1290000.0,9.73,72
LN-HM-05238,RET-05238,Personal Loan,1980000.0,13.98,36
LN-HM-05239,RET-05239,Home Loan,2910000.0,8.93,240
LN-HM-05240,RET-05240,Home Loan,4020000.0,9.36,240
LN-HM-05241,RET-05241,Vehicle Loan,780000.0,9.3,60
LN-HM-05242,RET-05242,Vehicle Loan,4590000.0,10.17,84
LN-HM-05243,RET-05243,Home Loan,6440000.0,8.86,240
LN-HM-05244,RET-05244,Personal Loan,520000.0,12.12,48
LN-HM-05245,RET-05245,Home Loan,2090000.0,9.44,240
LN-HM-05246,RET-05246,Home Loan,1450000.0,9.38,120
LN-HM-05247,RET-05247,Vehicle Loan,1260000.0,9.97,48
LN-HM-05248,RET-05248,Vehicle Loan,370000.0,9.98,36
LN-HM-05249,RET-05249,Home Loan,1970000.0,8.53,120
LN-HM-05250,RET-05250,Personal Loan,840000.0,11.61,12
LN-HM-05251,RET-05251,Home Loan,3760000.0,8.96,240
LN-HM-05252,RET-05252,Home Loan,10570000.0,8.92,120
LN-HM-05253,RET-05253,Personal Loan,150000.0,12.01,48
LN-HM-05254,RET-05254,Home Loan,1770000.0,8.66,120
LN-HM-05255,RET-05255,Personal Loan,440000.0,13.04,24
LN-HM-05256,RET-05256,Vehicle Loan,3490000.0,9.37,48
LN-HM-05257,RET-05257,Personal Loan,870000.0,12.98,12
LN-HM-05258,RET-05258,Home Loan,9050000.0,8.83,120
LN-HM-05259,RET-05259,Home Loan,5330000.0,9.3,300
LN-HM-05260,RET-05260,Personal Loan,590000.0,11.4,12
LN-HM-05261,RET-05261,Home Loan,4080000.0,9.21,240
LN-HM-05262,RET-05262,Home Loan,1150000.0,8.79,300
LN-HM-05263,RET-05263,Home Loan,1290000.0,8.62,240
LN-HM-05264,RET-05264,Home Loan,3460000.0,8.75,120
LN-HM-05265,RET-05265,Home Loan,2270000.0,9.34,240
LN-HM-05266,RET-05266,Vehicle Loan,3240000.0,10.9,60
LN-HM-05267,RET-05267,Vehicle Loan,560000.0,10.29,72
LN-HM-05268,RET-05268,Home Loan,3780000.0,9.1,120
LN-HM-05269,RET-05269,Home Loan,5910000.0,8.82,180
LN-HM-05270,RET-05270,Personal Loan,630000.0,11.06,48
LN-HM-05271,RET-05271,Personal Loan,1860000.0,12.18,24
LN-HM-05272,RET-05272,Home Loan,2860000.0,9.25,120
LN-HM-05273,RET-05273,Home Loan,5210000.0,9.48,240
LN-HM-05274,RET-05274,Vehicle Loan,1620000.0,10.21,72
LN-HM-05275,RET-05275,Vehicle Loan,2860000.0,9.14,84
LN-HM-05276,RET-05276,Home Loan,2940000.0,8.5,300
LN-HM-05277,RET-05277,Home Loan,1750000.0,9.26,300
LN-HM-05278,RET-05278,Home Loan,1980000.0,9.15,120
LN-HM-05279,RET-05279,Vehicle Loan,490000.0,9.41,60
LN-HM-05280,RET-05280,Personal Loan,780000.0,11.29,12
LN-HM-05281,RET-05281,Home Loan,3050000.0,9.01,180
LN-HM-05282,RET-05282,Home Loan,2300000.0,9.05,180
LN-HM-05283,RET-05283,Personal Loan,440000.0,11.94,24
LN-HM-05284,RET-05284,Vehicle Loan,620000.0,10.13,72
LN-HM-05285,RET-05285,Home Loan,3380000.0,8.66,120
LN-HM-05286,RET-05286,Personal Loan,670000.0,13.63,24
LN-HM-05287,RET-05287,Home Loan,4060000.0,9.04,180
LN-HM-05288,RET-05288,Home Loan,4720000.0,9.16,300
LN-HM-05289,RET-05289,Home Loan,2120000.0,9.18,240
LN-HM-05290,RET-05290,Home Loan,2670000.0,8.64,120
LN-HM-05291,RET-05291,Vehicle Loan,920000.0,9.96,48
LN-HM-05292,RET-05292,Vehicle Loan,2220000.0,10.94,60
LN-HM-05293,RET-05293,Home Loan,6800000.0,8.99,300
LN-HM-05294,RET-05294,Personal Loan,380000.0,12.25,48
LN-HM-05295,RET-05295,Vehicle Loan,900000.0,9.79,60
LN-HM-05296,RET-05296,Personal Loan,260000.0,12.95,36
LN-HM-05297,RET-05297,Personal Loan,650000.0,13.63,36
LN-HM-05298,RET-05298,Home Loan,1480000.0,8.53,180
LN-HM-05299,RET-05299,Home Loan,2730000.0,8.97,240
LN-HM-05300,RET-05300,Home Loan,6020000.0,9.17,180
LN-HM-05301,RET-05301,Vehicle Loan,470000.0,9.84,60
LN-HM-05302,RET-05302,Home Loan,1570000.0,9.31,120
LN-HM-05303,RET-05303,Vehicle Loan,650000.0,10.45,84
LN-HM-05304,RET-05304,Personal Loan,150000.0,11.47,12
LN-HM-05305,RET-05305,Vehicle Loan,1510000.0,9.49,60
LN-HM-05306,RET-05306,Vehicle Loan,870000.0,10.22,84
LN-HM-05307,RET-05307,Vehicle Loan,3530000.0,9.28,36
LN-HM-05308,RET-05308,Vehicle Loan,620000.0,9.99,84
LN-HM-05309,RET-05309,Personal Loan,300000.0,11.09,60
LN-HM-05310,RET-05310,Vehicle Loan,2510000.0,10.16,48
LN-HM-05311,RET-05311,Personal Loan,770000.0,13.2,36
LN-HM-05312,RET-05312,Home Loan,2500000.0,9.14,180
LN-HM-05313,RET-05313,Personal Loan,2490000.0,11.32,24
LN-HM-05314,RET-05314,Vehicle Loan,1050000.0,10.32,72
LN-HM-05315,RET-05315,Home Loan,5570000.0,9.24,240
LN-HM-05316,RET-05316,Home Loan,2620000.0,8.57,120
LN-HM-05317,RET-05317,Personal Loan,550000.0,12.76,12
LN-HM-05318,RET-05318,Home Loan,2020000.0,9.3,180
LN-HM-05319,RET-05319,Home Loan,5780000.0,9.17,240
LN-HM-05320,RET-05320,Home Loan,2570000.0,8.84,120
LN-HM-05321,RET-05321,Personal Loan,920000.0,12.53,24
LN-HM-05322,RET-05322,Personal Loan,230000.0,11.88,12
LN-HM-05323,RET-05323,Vehicle Loan,380000.0,9.38,84
LN-HM-05324,RET-05324,Home Loan,1110000.0,9.01,120
LN-HM-05325,RET-05325,Personal Loan,740000.0,13.87,48
LN-HM-05326,RET-05326,Home Loan,1630000.0,9.03,180
LN-HM-05327,RET-05327,Home Loan,8270000.0,8.76,300
LN-HM-05328,RET-05328,Personal Loan,580000.0,13.77,60
LN-HM-05329,RET-05329,Home Loan,3260000.0,8.6,300
LN-HM-05330,RET-05330,Vehicle Loan,550000.0,9.2,36
LN-HM-05331,RET-05331,Vehicle Loan,490000.0,10.73,36
LN-HM-05332,RET-05332,Vehicle Loan,2130000.0,9.35,84
LN-HM-05333,RET-05333,Personal Loan,2790000.0,11.48,60
LN-HM-05334,RET-05334,Home Loan,3650000.0,9.34,120
LN-HM-05335,RET-05335,Vehicle Loan,400000.0,9.05,72
LN-HM-05336,RET-05336,Home Loan,2160000.0,8.53,180
LN-HM-05337,RET-05337,Home Loan,3070000.0,9.47,240
LN-HM-05338,RET-05338,Home Loan,1950000.0,9.5,180
LN-HM-05339,RET-05339,Vehicle Loan,390000.0,9.62,72
LN-HM-05340,RET-05340,Personal Loan,1620000.0,11.42,48
LN-HM-05341,RET-05341,Home Loan,2280000.0,9.38,300
LN-HM-05342,RET-05342,Home Loan,1170000.0,8.64,240
LN-HM-05343,RET-05343,Home Loan,2790000.0,9.18,300
LN-HM-05344,RET-05344,Personal Loan,1190000.0,11.67,60
LN-HM-05345,RET-05345,Personal Loan,1010000.0,12.45,24
LN-HM-05346,RET-05346,Vehicle Loan,500000.0,10.44,60
LN-HM-05347,RET-05347,Vehicle Loan,570000.0,10.26,84
LN-HM-05348,RET-05348,Home Loan,1160000.0,8.95,180
LN-HM-05349,RET-05349,Home Loan,3080000.0,9.46,180
LN-HM-05350,RET-05350,Vehicle Loan,580000.0,10.17,48
LN-HM-05351,RET-05351,Personal Loan,1440000.0,13.55,24
LN-HM-05352,RET-05352,Home Loan,2860000.0,9.47,120
LN-HM-05353,RET-05353,Home Loan,5400000.0,9.1,240
LN-HM-05354,RET-05354,Home Loan,5460000.0,9.24,300
LN-HM-05355,RET-05355,Personal Loan,530000.0,13.94,12
LN-HM-05356,RET-05356,Home Loan,3700000.0,9.38,240
LN-HM-05357,RET-05357,Personal Loan,830000.0,13.76,60
LN-HM-05358,RET-05358,Home Loan,2380000.0,9.47,120
LN-HM-05359,RET-05359,Vehicle Loan,1260000.0,9.84,84
LN-HM-05360,RET-05360,Home Loan,2360000.0,9.18,120
LN-HM-05361,RET-05361,Vehicle Loan,910000.0,9.42,36
LN-HM-05362,RET-05362,Home Loan,6430000.0,9.13,300
LN-HM-05363,RET-05363,Home Loan,5740000.0,9.02,180
LN-HM-05364,RET-05364,Vehicle Loan,1530000.0,9.29,84
LN-HM-05365,RET-05365,Home Loan,3370000.0,8.55,180
LN-HM-05366,RET-05366,Home Loan,1990000.0,9.48,180
LN-HM-05367,RET-05367,Home Loan,4360000.0,8.63,120
LN-HM-05368,RET-05368,Home Loan,1420000.0,8.79,180
LN-HM-05369,RET-05369,Personal Loan,2740000.0,13.81,60
LN-HM-05370,RET-05370,Home Loan,5330000.0,8.83,240
LN-HM-05371,RET-05371,Personal Loan,680000.0,13.09,48
LN-HM-05372,RET-05372,Vehicle Loan,1310000.0,9.33,48
LN-HM-05373,RET-05373,Home Loan,3610000.0,8.56,300
LN-HM-05374,RET-05374,Home Loan,1610000.0,9.19,300
LN-HM-05375,RET-05375,Home Loan,1970000.0,9.38,180
LN-HM-05376,RET-05376,Home Loan,1390000.0,8.7,240
LN-HM-05377,RET-05377,Home Loan,3510000.0,9.28,180
LN-HM-05378,RET-05378,Personal Loan,660000.0,13.9,24
LN-HM-05379,RET-05379,Vehicle Loan,1570000.0,10.01,36
LN-HM-05380,RET-05380,Personal Loan,310000.0,13.13,12
LN-HM-05381,RET-05381,Personal Loan,1190000.0,12.77,12
LN-HM-05382,RET-05382,Personal Loan,290000.0,11.96,24
LN-HM-05383,RET-05383,Vehicle Loan,850000.0,9.31,84
LN-HM-05384,RET-05384,Home Loan,7060000.0,9.01,180
LN-HM-05385,RET-05385,Home Loan,4610000.0,9.46,240
LN-HM-05386,RET-05386,Home Loan,1830000.0,9.47,180
LN-HM-05387,RET-05387,Personal Loan,1890000.0,13.78,12
LN-HM-05388,RET-05388,Vehicle Loan,1410000.0,9.38,60
LN-HM-05389,RET-05389,Personal Loan,270000.0,12.49,24
LN-HM-05390,RET-05390,Vehicle Loan,760000.0,10.85,48
LN-HM-05391,RET-05391,Home Loan,3410000.0,9.49,240
LN-HM-05392,RET-05392,Home Loan,1460000.0,9.21,240
LN-HM-05393,RET-05393,Home Loan,9080000.0,8.81,120
LN-HM-05394,RET-05394,Home Loan,2080000.0,9.0,240
LN-HM-05395,RET-05395,Home Loan,5620000.0,8.66,180
LN-HM-05396,RET-05396,Home Loan,4550000.0,9.45,300
LN-HM-05397,RET-05397,Home Loan,5020000.0,9.24,120
LN-HM-05398,RET-05398,Home Loan,8300000.0,9.02,300
LN-HM-05399,RET-05399,Vehicle Loan,1210000.0,9.99,36
LN-HM-05400,RET-05400,Home Loan,8280000.0,8.58,180
LN-HM-05401,RET-05401,Personal Loan,1280000.0,13.85,24
LN-HM-05402,RET-05402,Personal Loan,740000.0,13.5,48
LN-HM-05403,RET-05403,Home Loan,5060000.0,8.79,120
LN-HM-05404,RET-05404,Home Loan,1470000.0,8.61,180
LN-HM-05405,RET-05405,Home Loan,2270000.0,8.59,300
LN-HM-05406,RET-05406,Home Loan,2530000.0,8.94,180
LN-HM-05407,RET-05407,Home Loan,3910000.0,8.82,120
LN-HM-05408,RET-05408,Home Loan,2880000.0,8.93,120
LN-HM-05409,RET-05409,Home Loan,4350000.0,8.96,180
LN-HM-05410,RET-05410,Personal Loan,380000.0,13.07,12
LN-HM-05411,RET-05411,Personal Loan,320000.0,12.07,36
LN-HM-05412,RET-05412,Home Loan,1580000.0,8.7,180
LN-HM-05413,RET-05413,Home Loan,9350000.0,8.91,180
LN-HM-05414,RET-05414,Vehicle Loan,410000.0,9.45,84
LN-HM-05415,RET-05415,Personal Loan,400000.0,12.09,60
LN-HM-05416,RET-05416,Vehicle Loan,980000.0,10.18,72
LN-HM-05417,RET-05417,Home Loan,1270000.0,9.27,240
LN-HM-05418,RET-05418,Home Loan,2520000.0,8.73,120
LN-HM-05419,RET-05419,Personal Loan,1470000.0,12.88,24
LN-HM-05420,RET-05420,Home Loan,3290000.0,8.56,180
LN-HM-05421,RET-05421,Home Loan,11690000.0,8.64,240
LN-HM-05422,RET-05422,Home Loan,1120000.0,9.48,300
LN-HM-05423,RET-05423,Home Loan,2730000.0,9.38,120
LN-HM-05424,RET-05424,Home Loan,3110000.0,9.24,240
LN-HM-05425,RET-05425,Home Loan,4360000.0,9.38,180
LN-HM-05426,RET-05426,Home Loan,1580000.0,8.63,120
LN-HM-05427,RET-05427,Vehicle Loan,690000.0,9.48,36
LN-HM-05428,RET-05428,Personal Loan,1520000.0,13.76,24
LN-HM-05429,RET-05429,Vehicle Loan,650000.0,10.99,72
LN-HM-05430,RET-05430,Personal Loan,560000.0,13.85,36
LN-HM-05431,RET-05431,Vehicle Loan,3960000.0,10.69,84
LN-HM-05432,RET-05432,Home Loan,4000000.0,9.47,180
LN-HM-05433,RET-05433,Home Loan,3300000.0,9.0,180
LN-HM-05434,RET-05434,Home Loan,5800000.0,8.71,180
LN-HM-05435,RET-05435,Home Loan,2220000.0,9.29,240
LN-HM-05436,RET-05436,Home Loan,1750000.0,8.63,240
LN-HM-05437,RET-05437,Home Loan,2980000.0,9.25,300
LN-HM-05438,RET-05438,Home Loan,2820000.0,8.96,240
LN-HM-05439,RET-05439,Home Loan,4810000.0,8.61,180
LN-HM-05440,RET-05440,Home Loan,3930000.0,9.08,180
LN-HM-05441,RET-05441,Vehicle Loan,2370000.0,9.18,60
LN-HM-05442,RET-05442,Personal Loan,370000.0,13.84,12
LN-HM-05443,RET-05443,Personal Loan,1090000.0,11.14,24
LN-HM-05444,RET-05444,Vehicle Loan,1720000.0,9.1,84
LN-HM-05445,RET-05445,Personal Loan,880000.0,11.53,36
LN-HM-05446,RET-05446,Home Loan,5620000.0,8.51,120
LN-HM-05447,RET-05447,Personal Loan,970000.0,11.9,48
LN-HM-05448,RET-05448,Personal Loan,1150000.0,11.38,36
LN-HM-05449,RET-05449,Personal Loan,810000.0,12.6,12
LN-HM-05450,RET-05450,Vehicle Loan,860000.0,10.49,72
LN-HM-05451,RET-05451,Home Loan,3040000.0,9.23,240
LN-HM-05452,RET-05452,Personal Loan,480000.0,12.21,12
LN-HM-05453,RET-05453,Home Loan,2920000.0,8.9,120
LN-HM-05454,RET-05454,Personal Loan,1550000.0,11.91,12
LN-HM-05455,RET-05455,Home Loan,4120000.0,8.53,240
LN-HM-05456,RET-05456,Personal Loan,750000.0,12.6,24
LN-HM-05457,RET-05457,Home Loan,6080000.0,8.71,180
LN-HM-05458,RET-05458,Home Loan,2500000.0,9.08,120
LN-HM-05459,RET-05459,Home Loan,11480000.0,8.99,300
LN-HM-05460,RET-05460,Personal Loan,700000.0,12.74,24
LN-HM-05461,RET-05461,Home Loan,2590000.0,8.78,240
LN-HM-05462,RET-05462,Home Loan,4770000.0,8.6,180
LN-HM-05463,RET-05463,Personal Loan,810000.0,11.58,24
LN-HM-05464,RET-05464,Vehicle Loan,780000.0,10.72,36
LN-HM-05465,RET-05465,Personal Loan,870000.0,12.47,36
LN-HM-05466,RET-05466,Vehicle Loan,740000.0,9.71,48
LN-HM-05467,RET-05467,Home Loan,3390000.0,9.25,180
LN-HM-05468,RET-05468,Vehicle Loan,1280000.0,10.2,72
LN-HM-05469,RET-05469,Personal Loan,860000.0,12.78,60
LN-HM-05470,RET-05470,Home Loan,6100000.0,8.85,240
LN-HM-05471,RET-05471,Vehicle Loan,410000.0,9.31,84
LN-HM-05472,RET-05472,Home Loan,6640000.0,8.7,240
LN-HM-05473,RET-05473,Home Loan,2480000.0,9.35,240
LN-HM-05474,RET-05474,Vehicle Loan,1000000.0,10.77,60
LN-HM-05475,RET-05475,Home Loan,3800000.0,8.7,120
LN-HM-05476,RET-05476,Personal Loan,880000.0,12.19,48
LN-HM-05477,RET-05477,Vehicle Loan,840000.0,10.6,36
LN-HM-05478,RET-05478,Personal Loan,510000.0,12.1,36
LN-HM-05479,RET-05479,Personal Loan,450000.0,12.39,36
LN-HM-05480,RET-05480,Home Loan,3270000.0,9.16,120
LN-HM-05481,RET-05481,Home Loan,3350000.0,8.79,120
LN-HM-05482,RET-05482,Personal Loan,510000.0,11.98,60
LN-HM-05483,RET-05483,Vehicle Loan,650000.0,10.77,72
LN-HM-05484,RET-05484,Vehicle Loan,1180000.0,10.67,84
LN-HM-05485,RET-05485,Home Loan,2640000.0,8.51,120
LN-HM-05486,RET-05486,Personal Loan,700000.0,12.44,36
LN-HM-05487,RET-05487,Home Loan,1160000.0,8.77,180
LN-HM-05488,RET-05488,Personal Loan,530000.0,13.56,12
LN-HM-05489,RET-05489,Home Loan,5880000.0,9.14,240
LN-HM-05490,RET-05490,Vehicle Loan,760000.0,9.33,60
LN-HM-05491,RET-05491,Personal Loan,630000.0,11.29,24
LN-HM-05492,RET-05492,Home Loan,1990000.0,9.19,300
LN-HM-05493,RET-05493,Vehicle Loan,300000.0,9.04,48
LN-HM-05494,RET-05494,Home Loan,3150000.0,9.48,180
LN-HM-05495,RET-05495,Home Loan,4030000.0,9.0,240
LN-HM-05496,RET-05496,Home Loan,3390000.0,9.32,240
LN-HM-05497,RET-05497,Home Loan,3810000.0,8.85,300
LN-HM-05498,RET-05498,Home Loan,3230000.0,9.14,120
LN-HM-05499,RET-05499,Vehicle Loan,960000.0,9.59,60
LN-HM-05500,RET-05500,Personal Loan,280000.0,12.16,36
LN-HM-05501,RET-05501,Home Loan,1290000.0,9.06,240
LN-HM-05502,RET-05502,Home Loan,5230000.0,8.69,120
LN-HM-05503,RET-05503,Home Loan,2170000.0,9.29,300
LN-HM-05504,RET-05504,Home Loan,6420000.0,8.96,120
LN-HM-05505,RET-05505,Home Loan,1390000.0,8.53,180
LN-HM-05506,RET-05506,Personal Loan,1140000.0,12.84,60
LN-HM-05507,RET-05507,Personal Loan,1040000.0,11.04,36
LN-HM-05508,RET-05508,Vehicle Loan,790000.0,10.44,72
LN-HM-05509,RET-05509,Home Loan,1380000.0,8.55,300
LN-HM-05510,RET-05510,Home Loan,1100000.0,8.75,300
LN-HM-05511,RET-05511,Home Loan,6480000.0,9.24,120
LN-HM-05512,RET-05512,Vehicle Loan,1510000.0,9.21,36
LN-HM-05513,RET-05513,Home Loan,3290000.0,9.13,240
LN-HM-05514,RET-05514,Home Loan,2500000.0,9.3,120
LN-HM-05515,RET-05515,Home Loan,6690000.0,8.88,180
LN-HM-05516,RET-05516,Vehicle Loan,990000.0,9.77,60
LN-HM-05517,RET-05517,Home Loan,2980000.0,9.43,240
LN-HM-05518,RET-05518,Vehicle Loan,920000.0,9.7,36
LN-HM-05519,RET-05519,Home Loan,2400000.0,8.67,240
LN-HM-05520,RET-05520,Vehicle Loan,3210000.0,10.54,60
LN-HM-05521,RET-05521,Personal Loan,290000.0,13.36,12
LN-HM-05522,RET-05522,Home Loan,760000.0,9.48,300
LN-HM-05523,RET-05523,Home Loan,940000.0,8.6,120
LN-HM-05524,RET-05524,Vehicle Loan,2020000.0,9.85,84
LN-HM-05525,RET-05525,Home Loan,2410000.0,9.12,240
LN-HM-05526,RET-05526,Home Loan,1150000.0,8.77,180
LN-HM-05527,RET-05527,Home Loan,3890000.0,8.78,120
LN-HM-05528,RET-05528,Personal Loan,430000.0,11.24,48
LN-HM-05529,RET-05529,Personal Loan,860000.0,12.06,12
LN-HM-05530,RET-05530,Vehicle Loan,2130000.0,9.2,48
LN-HM-05531,RET-05531,Personal Loan,1700000.0,12.07,60
LN-HM-05532,RET-05532,Home Loan,1410000.0,9.39,300
LN-HM-05533,RET-05533,Vehicle Loan,270000.0,9.03,60
LN-HM-05534,RET-05534,Vehicle Loan,2000000.0,9.0,48
LN-HM-05535,RET-05535,Home Loan,4910000.0,8.83,240
LN-HM-05536,RET-05536,Home Loan,1340000.0,8.55,180
LN-HM-05537,RET-05537,Home Loan,1780000.0,9.19,300
LN-HM-05538,RET-05538,Home Loan,4240000.0,8.69,120
LN-HM-05539,RET-05539,Home Loan,10140000.0,9.35,180
LN-HM-05540,RET-05540,Home Loan,2530000.0,8.84,180
LN-HM-05541,RET-05541,Home Loan,3340000.0,8.93,240
LN-HM-05542,RET-05542,Personal Loan,270000.0,13.47,36
LN-HM-05543,RET-05543,Personal Loan,550000.0,11.62,24
LN-HM-05544,RET-05544,Home Loan,2140000.0,8.85,240
LN-HM-05545,RET-05545,Home Loan,8160000.0,8.66,180
LN-HM-05546,RET-05546,Home Loan,2830000.0,8.55,120
LN-HM-05547,RET-05547,Personal Loan,790000.0,11.11,12
LN-HM-05548,RET-05548,Personal Loan,480000.0,12.97,60
LN-HM-05549,RET-05549,Personal Loan,990000.0,13.48,36
LN-HM-05550,RET-05550,Home Loan,11010000.0,8.81,120
LN-HM-05551,RET-05551,Home Loan,8940000.0,8.95,240
LN-HM-05552,RET-05552,Home Loan,10500000.0,8.82,240
LN-HM-05553,RET-05553,Home Loan,5520000.0,9.07,120
LN-HM-05554,RET-05554,Home Loan,2890000.0,8.55,240
LN-HM-05555,RET-05555,Home Loan,2780000.0,9.1,120
LN-HM-05556,RET-05556,Vehicle Loan,1580000.0,9.91,48
LN-HM-05557,RET-05557,Personal Loan,890000.0,11.15,24
LN-HM-05558,RET-05558,Personal Loan,380000.0,11.8,36
LN-HM-05559,RET-05559,Home Loan,2150000.0,8.57,240
LN-HM-05560,RET-05560,Home Loan,2730000.0,8.54,240
LN-HM-05561,RET-05561,Personal Loan,1380000.0,13.85,48
LN-HM-05562,RET-05562,Home Loan,5100000.0,9.27,180
LN-HM-05563,RET-05563,Personal Loan,2600000.0,12.37,12
LN-HM-05564,RET-05564,Home Loan,5360000.0,8.75,120
LN-HM-05565,RET-05565,Vehicle Loan,760000.0,9.02,36
LN-HM-05566,RET-05566,Personal Loan,320000.0,12.25,60
LN-HM-05567,RET-05567,Home Loan,2680000.0,9.09,300
LN-HM-05568,RET-05568,Vehicle Loan,2180000.0,9.03,36
LN-HM-05569,RET-05569,Home Loan,5520000.0,9.42,300
LN-HM-05570,RET-05570,Personal Loan,410000.0,13.37,48
LN-HM-05571,RET-05571,Personal Loan,630000.0,11.71,60
LN-HM-05572,RET-05572,Home Loan,1470000.0,9.23,120
LN-HM-05573,RET-05573,Home Loan,3350000.0,9.2,300
LN-HM-05574,RET-05574,Personal Loan,560000.0,13.61,36
LN-HM-05575,RET-05575,Home Loan,2080000.0,8.6,240
LN-HM-05576,RET-05576,Home Loan,1440000.0,8.62,240
LN-HM-05577,RET-05577,Personal Loan,810000.0,13.79,24
LN-HM-05578,RET-05578,Home Loan,5160000.0,8.75,180
LN-HM-05579,RET-05579,Personal Loan,340000.0,12.11,24
LN-HM-05580,RET-05580,Vehicle Loan,800000.0,9.06,36
LN-HM-05581,RET-05581,Vehicle Loan,930000.0,10.46,48
LN-HM-05582,RET-05582,Home Loan,2080000.0,8.7,240
LN-HM-05583,RET-05583,Home Loan,1780000.0,9.17,240
LN-HM-05584,RET-05584,Vehicle Loan,560000.0,10.05,36
LN-HM-05585,RET-05585,Home Loan,7430000.0,9.15,180
LN-HM-05586,RET-05586,Home Loan,1290000.0,9.08,120
LN-HM-05587,RET-05587,Vehicle Loan,1890000.0,10.55,36
LN-HM-05588,RET-05588,Home Loan,3040000.0,8.96,300
LN-HM-05589,RET-05589,Home Loan,6950000.0,8.68,240
LN-HM-05590,RET-05590,Home Loan,3020000.0,8.6,300
LN-HM-05591,RET-05591,Home Loan,3280000.0,9.16,240
LN-HM-05592,RET-05592,Home Loan,1600000.0,9.36,240
LN-HM-05593,RET-05593,Home Loan,3470000.0,9.48,240
LN-HM-05594,RET-05594,Home Loan,2590000.0,8.52,240
LN-HM-05595,RET-05595,Personal Loan,240000.0,12.17,12
LN-HM-05596,RET-05596,Vehicle Loan,780000.0,10.74,72
LN-HM-05597,RET-05597,Vehicle Loan,640000.0,9.3,60
LN-HM-05598,RET-05598,Personal Loan,350000.0,12.45,48
LN-HM-05599,RET-05599,Home Loan,3600000.0,9.35,300
LN-HM-05600,RET-05600,Personal Loan,400000.0,11.3,60
LN-HM-05601,RET-05601,Home Loan,5390000.0,8.67,240
LN-HM-05602,RET-05602,Home Loan,4420000.0,9.05,180
LN-HM-05603,RET-05603,Home Loan,2130000.0,8.5,180
LN-HM-05604,RET-05604,Home Loan,930000.0,8.56,240
LN-HM-05605,RET-05605,Home Loan,1460000.0,9.18,240
LN-HM-05606,RET-05606,Home Loan,4390000.0,9.14,180
LN-HM-05607,RET-05607,Home Loan,6630000.0,8.92,300
LN-HM-05608,RET-05608,Home Loan,7170000.0,8.97,300
LN-HM-05609,RET-05609,Vehicle Loan,1630000.0,9.17,72
LN-HM-05610,RET-05610,Home Loan,6380000.0,8.95,300
LN-HM-05611,RET-05611,Personal Loan,720000.0,13.72,36
LN-HM-05612,RET-05612,Personal Loan,3240000.0,12.52,60
LN-HM-05613,RET-05613,Vehicle Loan,890000.0,9.89,36
LN-HM-05614,RET-05614,Home Loan,9630000.0,8.58,120
LN-HM-05615,RET-05615,Vehicle Loan,630000.0,9.98,36
LN-HM-05616,RET-05616,Vehicle Loan,780000.0,10.11,72
LN-HM-05617,RET-05617,Home Loan,3440000.0,9.4,240
LN-HM-05618,RET-05618,Home Loan,3000000.0,9.32,180
LN-HM-05619,RET-05619,Vehicle Loan,610000.0,10.13,36
LN-HM-05620,RET-05620,Home Loan,3580000.0,9.16,120
LN-HM-05621,RET-05621,Home Loan,2500000.0,8.54,120
LN-HM-05622,RET-05622,Personal Loan,350000.0,11.24,12
LN-HM-05623,RET-05623,Personal Loan,480000.0,13.46,48
LN-HM-05624,RET-05624,Home Loan,8000000.0,9.44,300
LN-HM-05625,RET-05625,Personal Loan,780000.0,12.35,36
LN-HM-05626,RET-05626,Personal Loan,160000.0,13.35,60
LN-HM-05627,RET-05627,Home Loan,10550000.0,8.54,120
LN-HM-05628,RET-05628,Home Loan,4680000.0,9.3,180
LN-HM-05629,RET-05629,Personal Loan,1210000.0,12.35,60
LN-HM-05630,RET-05630,Personal Loan,790000.0,13.17,48
LN-HM-05631,RET-05631,Home Loan,5790000.0,8.81,120
LN-HM-05632,RET-05632,Home Loan,2430000.0,9.43,240
LN-HM-05633,RET-05633,Personal Loan,310000.0,12.8,12
LN-HM-05634,RET-05634,Home Loan,18030000.0,9.12,300
LN-HM-05635,RET-05635,Vehicle Loan,910000.0,10.38,60
LN-HM-05636,RET-05636,Home Loan,3590000.0,9.05,300
LN-HM-05637,RET-05637,Personal Loan,1650000.0,12.01,48
LN-HM-05638,RET-05638,Home Loan,1710000.0,8.55,300
LN-HM-05639,RET-05639,Personal Loan,400000.0,11.08,12
LN-HM-05640,RET-05640,Home Loan,7460000.0,8.91,180
LN-HM-05641,RET-05641,Home Loan,4480000.0,8.78,240
LN-HM-05642,RET-05642,Personal Loan,1440000.0,11.93,48
LN-HM-05643,RET-05643,Vehicle Loan,800000.0,9.86,48
LN-HM-05644,RET-05644,Personal Loan,700000.0,11.92,24
LN-HM-05645,RET-05645,Personal Loan,360000.0,13.14,12
LN-HM-05646,RET-05646,Home Loan,7230000.0,8.82,120
LN-HM-05647,RET-05647,Home Loan,3260000.0,9.4,180
LN-HM-05648,RET-05648,Home Loan,3910000.0,8.65,300
LN-HM-05649,RET-05649,Home Loan,1890000.0,9.49,300
LN-HM-05650,RET-05650,Personal Loan,3540000.0,13.09,12
LN-HM-05651,RET-05651,Home Loan,3960000.0,8.78,300
LN-HM-05652,RET-05652,Home Loan,3360000.0,8.54,180
LN-HM-05653,RET-05653,Home Loan,4940000.0,8.61,120
LN-HM-05654,RET-05654,Home Loan,2730000.0,9.31,300
LN-HM-05655,RET-05655,Personal Loan,2020000.0,13.85,48
LN-HM-05656,RET-05656,Home Loan,1550000.0,8.75,180
LN-HM-05657,RET-05657,Home Loan,1840000.0,8.53,120
LN-HM-05658,RET-05658,Vehicle Loan,850000.0,9.01,72
LN-HM-05659,RET-05659,Home Loan,1110000.0,8.62,120
LN-HM-05660,RET-05660,Personal Loan,500000.0,11.59,24
LN-HM-05661,RET-05661,Vehicle Loan,1050000.0,9.36,72
LN-HM-05662,RET-05662,Personal Loan,240000.0,13.85,12
LN-HM-05663,RET-05663,Personal Loan,460000.0,12.19,60
LN-HM-05664,RET-05664,Home Loan,3830000.0,9.0,180
LN-HM-05665,RET-05665,Home Loan,2960000.0,8.83,240
LN-HM-05666,RET-05666,Home Loan,2220000.0,8.88,300
LN-HM-05667,RET-05667,Personal Loan,390000.0,12.3,36
LN-HM-05668,RET-05668,Vehicle Loan,690000.0,9.58,60
LN-HM-05669,RET-05669,Personal Loan,660000.0,13.43,60
LN-HM-05670,RET-05670,Home Loan,2560000.0,8.8,180
LN-HM-05671,RET-05671,Vehicle Loan,760000.0,10.52,84
LN-HM-05672,RET-05672,Home Loan,3290000.0,8.6,240
LN-HM-05673,RET-05673,Home Loan,1160000.0,9.4,300
LN-HM-05674,RET-05674,Personal Loan,340000.0,13.3,48
LN-HM-05675,RET-05675,Home Loan,3720000.0,9.48,240
LN-HM-05676,RET-05676,Personal Loan,690000.0,12.2,60
LN-HM-05677,RET-05677,Personal Loan,370000.0,11.89,60
LN-HM-05678,RET-05678,Home Loan,2610000.0,9.31,120
LN-HM-05679,RET-05679,Home Loan,2190000.0,8.68,300
LN-HM-05680,RET-05680,Vehicle Loan,2590000.0,10.2,84
LN-HM-05681,RET-05681,Vehicle Loan,720000.0,9.98,48
LN-HM-05682,RET-05682,Home Loan,2660000.0,8.97,180
LN-HM-05683,RET-05683,Home Loan,5870000.0,8.68,240
LN-HM-05684,RET-05684,Vehicle Loan,610000.0,10.94,84
LN-HM-05685,RET-05685,Home Loan,4450000.0,9.33,180
LN-HM-05686,RET-05686,Personal Loan,450000.0,11.84,36
LN-HM-05687,RET-05687,Personal Loan,1130000.0,11.98,12
LN-HM-05688,RET-05688,Home Loan,4320000.0,9.17,120
LN-HM-05689,RET-05689,Home Loan,1870000.0,8.94,120
LN-HM-05690,RET-05690,Home Loan,1130000.0,9.19,180
LN-HM-05691,RET-05691,Home Loan,4890000.0,9.32,300
LN-HM-05692,RET-05692,Vehicle Loan,3470000.0,10.71,84
LN-HM-05693,RET-05693,Vehicle Loan,1720000.0,10.5,36
LN-HM-05694,RET-05694,Home Loan,2320000.0,9.24,300
LN-HM-05695,RET-05695,Personal Loan,500000.0,12.3,24
LN-HM-05696,RET-05696,Vehicle Loan,580000.0,9.08,84
LN-HM-05697,RET-05697,Personal Loan,1630000.0,12.89,60
LN-HM-05698,RET-05698,Home Loan,5680000.0,9.14,240
LN-HM-05699,RET-05699,Vehicle Loan,740000.0,10.75,60
LN-HM-05700,RET-05700,Personal Loan,360000.0,12.32,48
LN-HM-05701,RET-05701,Vehicle Loan,1240000.0,9.44,72
LN-HM-05702,RET-05702,Vehicle Loan,3260000.0,10.82,36
LN-HM-05703,RET-05703,Home Loan,2510000.0,9.3,180
LN-HM-05704,RET-05704,Vehicle Loan,730000.0,9.9,72
LN-HM-05705,RET-05705,Vehicle Loan,450000.0,9.83,60
LN-HM-05706,RET-05706,Vehicle Loan,550000.0,10.47,36
LN-HM-05707,RET-05707,Vehicle Loan,1800000.0,9.99,36
LN-HM-05708,RET-05708,Personal Loan,1350000.0,12.37,48
LN-HM-05709,RET-05709,Home Loan,3540000.0,9.25,240
LN-HM-05710,RET-05710,Home Loan,1060000.0,8.51,120
LN-HM-05711,RET-05711,Vehicle Loan,830000.0,9.72,72
LN-HM-05712,RET-05712,Home Loan,5000000.0,8.81,120
LN-HM-05713,RET-05713,Home Loan,4320000.0,8.53,240
LN-HM-05714,RET-05714,Home Loan,2800000.0,9.17,120
LN-HM-05715,RET-05715,Vehicle Loan,430000.0,9.22,48
LN-HM-05716,RET-05716,Personal Loan,980000.0,11.02,12
LN-HM-05717,RET-05717,Vehicle Loan,600000.0,9.76,36
LN-HM-05718,RET-05718,Home Loan,4260000.0,8.93,180
LN-HM-05719,RET-05719,Vehicle Loan,610000.0,9.59,48
LN-HM-05720,RET-05720,Vehicle Loan,2160000.0,10.45,60
LN-HM-05721,RET-05721,Home Loan,4200000.0,8.67,300
LN-HM-05722,RET-05722,Vehicle Loan,910000.0,9.71,48
LN-HM-05723,RET-05723,Personal Loan,1280000.0,12.58,48
LN-HM-05724,RET-05724,Home Loan,3430000.0,8.74,300
LN-HM-05725,RET-05725,Home Loan,970000.0,9.32,120
LN-HM-05726,RET-05726,Home Loan,4990000.0,9.34,120
LN-HM-05727,RET-05727,Home Loan,3920000.0,8.97,240
LN-HM-05728,RET-05728,Personal Loan,550000.0,13.39,24
LN-HM-05729,RET-05729,Home Loan,1780000.0,9.24,300
LN-HM-05730,RET-05730,Home Loan,3790000.0,9.39,300
LN-HM-05731,RET-05731,Personal Loan,1700000.0,11.7,36
LN-HM-05732,RET-05732,Home Loan,2180000.0,8.54,180
LN-HM-05733,RET-05733,Home Loan,3580000.0,8.97,180
LN-HM-05734,RET-05734,Home Loan,2780000.0,9.3,300
LN-HM-05735,RET-05735,Vehicle Loan,720000.0,9.77,60
LN-HM-05736,RET-05736,Home Loan,2740000.0,8.68,120
LN-HM-05737,RET-05737,Vehicle Loan,700000.0,9.94,36
LN-HM-05738,RET-05738,Home Loan,5440000.0,9.09,240
LN-HM-05739,RET-05739,Vehicle Loan,860000.0,9.79,84
LN-HM-05740,RET-05740,Vehicle Loan,2170000.0,9.09,60
LN-HM-05741,RET-05741,Personal Loan,470000.0,12.2,60
LN-HM-05742,RET-05742,Personal Loan,370000.0,12.24,36
LN-HM-05743,RET-05743,Home Loan,1460000.0,9.16,120
LN-HM-05744,RET-05744,Personal Loan,470000.0,12.91,24
LN-HM-05745,RET-05745,Home Loan,6410000.0,9.26,300
LN-HM-05746,RET-05746,Vehicle Loan,1750000.0,9.13,72
LN-HM-05747,RET-05747,Home Loan,4340000.0,9.33,180
LN-HM-05748,RET-05748,Personal Loan,510000.0,13.17,48
LN-HM-05749,RET-05749,Home Loan,2420000.0,8.79,120
LN-HM-05750,RET-05750,Personal Loan,470000.0,11.96,60
LN-HM-05751,RET-05751,Home Loan,5140000.0,8.76,240
LN-HM-05752,RET-05752,Home Loan,4090000.0,9.06,120
LN-HM-05753,RET-05753,Home Loan,5740000.0,9.16,300
LN-HM-05754,RET-05754,Personal Loan,810000.0,11.62,36
LN-HM-05755,RET-05755,Home Loan,7510000.0,9.26,240
LN-HM-05756,RET-05756,Vehicle Loan,370000.0,9.09,36
LN-HM-05757,RET-05757,Vehicle Loan,830000.0,10.28,72
LN-HM-05758,RET-05758,Vehicle Loan,670000.0,10.25,72
LN-HM-05759,RET-05759,Personal Loan,380000.0,12.05,36
LN-HM-05760,RET-05760,Vehicle Loan,800000.0,10.42,48
LN-HM-05761,RET-05761,Home Loan,1490000.0,9.48,180
LN-HM-05762,RET-05762,Home Loan,1910000.0,9.25,240
LN-HM-05763,RET-05763,Vehicle Loan,1030000.0,9.1,72
LN-HM-05764,RET-05764,Home Loan,1440000.0,8.98,180
LN-HM-05765,RET-05765,Home Loan,3190000.0,9.29,300
LN-HM-05766,RET-05766,Home Loan,6080000.0,8.62,120
LN-HM-05767,RET-05767,Personal Loan,490000.0,13.89,48
LN-HM-05768,RET-05768,Home Loan,7020000.0,8.78,300
LN-HM-05769,RET-05769,Personal Loan,660000.0,12.41,36
LN-HM-05770,RET-05770,Home Loan,4800000.0,8.57,300
LN-HM-05771,RET-05771,Personal Loan,490000.0,11.22,48
LN-HM-05772,RET-05772,Personal Loan,1300000.0,13.33,36
LN-HM-05773,RET-05773,Home Loan,2470000.0,9.46,180
LN-HM-05774,RET-05774,Home Loan,4590000.0,9.07,120
LN-HM-05775,RET-05775,Vehicle Loan,970000.0,9.19,36
LN-HM-05776,RET-05776,Home Loan,6030000.0,8.77,180
LN-HM-05777,RET-05777,Vehicle Loan,1290000.0,9.87,84
LN-HM-05778,RET-05778,Personal Loan,980000.0,12.63,60
LN-HM-05779,RET-05779,Personal Loan,780000.0,13.3,12
LN-HM-05780,RET-05780,Vehicle Loan,1020000.0,10.99,36
LN-HM-05781,RET-05781,Home Loan,1730000.0,9.13,300
LN-HM-05782,RET-05782,Home Loan,4670000.0,8.91,300
LN-HM-05783,RET-05783,Vehicle Loan,1550000.0,10.31,36
LN-HM-05784,RET-05784,Personal Loan,1300000.0,12.42,12
LN-HM-05785,RET-05785,Home Loan,7590000.0,8.64,120
LN-HM-05786,RET-05786,Home Loan,2120000.0,8.91,180
LN-HM-05787,RET-05787,Home Loan,3070000.0,8.66,180
LN-HM-05788,RET-05788,Home Loan,2120000.0,8.55,300
LN-HM-05789,RET-05789,Personal Loan,910000.0,11.92,24
LN-HM-05790,RET-05790,Home Loan,2180000.0,8.77,300
LN-HM-05791,RET-05791,Personal Loan,1800000.0,11.81,24
LN-HM-05792,RET-05792,Personal Loan,420000.0,11.67,48
LN-HM-05793,RET-05793,Vehicle Loan,1350000.0,9.77,84
LN-HM-05794,RET-05794,Vehicle Loan,670000.0,9.74,60
LN-HM-05795,RET-05795,Personal Loan,300000.0,13.41,60
LN-HM-05796,RET-05796,Personal Loan,340000.0,12.99,60
LN-HM-05797,RET-05797,Home Loan,2570000.0,8.6,240
LN-HM-05798,RET-05798,Personal Loan,2500000.0,11.05,60
LN-HM-05799,RET-05799,Home Loan,1920000.0,9.23,240
LN-HM-05800,RET-05800,Personal Loan,300000.0,11.97,24
LN-HM-05801,RET-05801,Home Loan,1430000.0,8.83,240
LN-HM-05802,RET-05802,Home Loan,6270000.0,8.67,180
LN-HM-05803,RET-05803,Home Loan,2820000.0,8.83,240
LN-HM-05804,RET-05804,Personal Loan,770000.0,13.0,24
LN-HM-05805,RET-05805,Home Loan,3230000.0,8.84,300
LN-HM-05806,RET-05806,Home Loan,1140000.0,8.67,120
LN-HM-05807,RET-05807,Vehicle Loan,410000.0,10.96,48
LN-HM-05808,RET-05808,Home Loan,2230000.0,8.98,300
LN-HM-05809,RET-05809,Home Loan,5340000.0,8.57,120
LN-HM-05810,RET-05810,Personal Loan,310000.0,12.76,48
LN-HM-05811,RET-05811,Personal Loan,1490000.0,11.87,24
LN-HM-05812,RET-05812,Home Loan,3080000.0,8.7,300
LN-HM-05813,RET-05813,Home Loan,1090000.0,8.87,120
LN-HM-05814,RET-05814,Personal Loan,810000.0,11.92,48
LN-HM-05815,RET-05815,Vehicle Loan,1710000.0,9.31,60
LN-HM-05816,RET-05816,Home Loan,1940000.0,8.55,180
LN-HM-05817,RET-05817,Vehicle Loan,970000.0,10.56,72
LN-HM-05818,RET-05818,Home Loan,18970000.0,9.42,240
LN-HM-05819,RET-05819,Personal Loan,860000.0,11.28,48
LN-HM-05820,RET-05820,Personal Loan,620000.0,13.87,36
LN-HM-05821,RET-05821,Vehicle Loan,660000.0,9.58,72
LN-HM-05822,RET-05822,Home Loan,3560000.0,8.83,120
LN-HM-05823,RET-05823,Personal Loan,610000.0,11.26,48
LN-HM-05824,RET-05824,Personal Loan,170000.0,14.0,24
LN-HM-05825,RET-05825,Personal Loan,280000.0,13.29,36
LN-HM-05826,RET-05826,Vehicle Loan,730000.0,9.56,84
LN-HM-05827,RET-05827,Home Loan,2640000.0,9.48,180
LN-HM-05828,RET-05828,Vehicle Loan,1380000.0,10.16,48
LN-HM-05829,RET-05829,Personal Loan,260000.0,13.14,12
LN-HM-05830,RET-05830,Vehicle Loan,710000.0,9.26,48
LN-HM-05831,RET-05831,Home Loan,3440000.0,9.3,240
LN-HM-05832,RET-05832,Personal Loan,360000.0,13.41,48
LN-HM-05833,RET-05833,Home Loan,1790000.0,8.97,120
LN-HM-05834,RET-05834,Home Loan,2580000.0,8.84,120
LN-HM-05835,RET-05835,Home Loan,5560000.0,9.21,120
LN-HM-05836,RET-05836,Home Loan,4070000.0,9.2,240
LN-HM-05837,RET-05837,Personal Loan,400000.0,14.0,60
LN-HM-05838,RET-05838,Home Loan,5670000.0,9.5,120
LN-HM-05839,RET-05839,Home Loan,1600000.0,9.29,120
LN-HM-05840,RET-05840,Home Loan,970000.0,8.91,240
LN-HM-05841,RET-05841,Vehicle Loan,1220000.0,10.33,72
LN-HM-05842,RET-05842,Home Loan,2400000.0,8.65,180
LN-HM-05843,RET-05843,Home Loan,4180000.0,9.46,300
LN-HM-05844,RET-05844,Home Loan,1890000.0,8.76,120
LN-HM-05845,RET-05845,Personal Loan,950000.0,11.34,36
LN-HM-05846,RET-05846,Personal Loan,1690000.0,12.26,24
LN-HM-05847,RET-05847,Personal Loan,800000.0,12.95,24
LN-HM-05848,RET-05848,Home Loan,4690000.0,9.0,180
LN-HM-05849,RET-05849,Personal Loan,260000.0,12.74,12
LN-HM-05850,RET-05850,Personal Loan,690000.0,11.29,36
LN-HM-05851,RET-05851,Personal Loan,310000.0,12.46,36
LN-HM-05852,RET-05852,Personal Loan,510000.0,11.06,12
LN-HM-05853,RET-05853,Vehicle Loan,890000.0,9.32,72
LN-HM-05854,RET-05854,Personal Loan,310000.0,13.91,36
LN-HM-05855,RET-05855,Personal Loan,300000.0,11.34,36
LN-HM-05856,RET-05856,Personal Loan,620000.0,11.22,48
LN-HM-05857,RET-05857,Home Loan,1710000.0,8.7,180
LN-HM-05858,RET-05858,Personal Loan,800000.0,11.21,60
LN-HM-05859,RET-05859,Home Loan,3770000.0,8.99,120
LN-HM-05860,RET-05860,Vehicle Loan,1730000.0,10.16,84
LN-HM-05861,RET-05861,Vehicle Loan,2170000.0,9.18,36
LN-HM-05862,RET-05862,Home Loan,2400000.0,9.15,180
LN-HM-05863,RET-05863,Personal Loan,990000.0,11.88,12
LN-HM-05864,RET-05864,Personal Loan,770000.0,11.21,48
LN-HM-05865,RET-05865,Personal Loan,610000.0,13.84,48
LN-HM-05866,RET-05866,Personal Loan,190000.0,13.07,60
LN-HM-05867,RET-05867,Personal Loan,260000.0,13.29,60
LN-HM-05868,RET-05868,Personal Loan,1480000.0,13.86,12
LN-HM-05869,RET-05869,Personal Loan,380000.0,13.77,12
LN-HM-05870,RET-05870,Vehicle Loan,760000.0,10.02,36
LN-HM-05871,RET-05871,Personal Loan,580000.0,11.11,36
LN-HM-05872,RET-05872,Personal Loan,770000.0,13.76,12
LN-HM-05873,RET-05873,Home Loan,2310000.0,8.75,180
LN-HM-05874,RET-05874,Home Loan,1330000.0,9.04,300
LN-HM-05875,RET-05875,Vehicle Loan,710000.0,10.01,72
LN-HM-05876,RET-05876,Personal Loan,470000.0,11.35,48
LN-HM-05877,RET-05877,Home Loan,7150000.0,9.09,180
LN-HM-05878,RET-05878,Home Loan,2830000.0,9.13,300
LN-HM-05879,RET-05879,Home Loan,1200000.0,9.38,300
LN-HM-05880,RET-05880,Home Loan,1990000.0,8.84,240
LN-HM-05881,RET-05881,Home Loan,5210000.0,8.65,300
LN-HM-05882,RET-05882,Home Loan,2540000.0,9.34,120
LN-HM-05883,RET-05883,Personal Loan,250000.0,11.58,12
LN-HM-05884,RET-05884,Home Loan,3890000.0,8.96,120
LN-HM-05885,RET-05885,Personal Loan,430000.0,13.75,36
LN-HM-05886,RET-05886,Home Loan,5710000.0,8.8,240
LN-HM-05887,RET-05887,Personal Loan,1180000.0,12.48,36
LN-HM-05888,RET-05888,Vehicle Loan,480000.0,9.26,36
LN-HM-05889,RET-05889,Vehicle Loan,3590000.0,10.77,84
LN-HM-05890,RET-05890,Personal Loan,440000.0,13.11,24
LN-HM-05891,RET-05891,Vehicle Loan,440000.0,11.0,60
LN-HM-05892,RET-05892,Home Loan,5470000.0,8.99,120
LN-HM-05893,RET-05893,Personal Loan,220000.0,11.14,48
LN-HM-05894,RET-05894,Personal Loan,1810000.0,12.23,48
LN-HM-05895,RET-05895,Home Loan,3270000.0,8.66,120
LN-HM-05896,RET-05896,Personal Loan,460000.0,12.87,36
LN-HM-05897,RET-05897,Home Loan,4070000.0,8.57,240
LN-HM-05898,RET-05898,Personal Loan,940000.0,12.18,60
LN-HM-05899,RET-05899,Home Loan,2720000.0,8.72,300
LN-HM-05900,RET-05900,Vehicle Loan,850000.0,9.94,48
LN-HM-05901,RET-05901,Personal Loan,840000.0,12.69,24
LN-HM-05902,RET-05902,Personal Loan,130000.0,13.79,12
LN-HM-05903,RET-05903,Home Loan,3660000.0,8.98,300
LN-HM-05904,RET-05904,Personal Loan,990000.0,13.65,24
LN-HM-05905,RET-05905,Vehicle Loan,1610000.0,10.92,48
LN-HM-05906,RET-05906,Personal Loan,520000.0,11.55,24
LN-HM-05907,RET-05907,Home Loan,10200000.0,9.34,120
LN-HM-05908,RET-05908,Personal Loan,940000.0,12.77,12
LN-HM-05909,RET-05909,Vehicle Loan,770000.0,10.05,72
LN-HM-05910,RET-05910,Home Loan,1690000.0,8.99,180
LN-HM-05911,RET-05911,Home Loan,810000.0,8.84,300
LN-HM-05912,RET-05912,Home Loan,4660000.0,9.08,300
LN-HM-05913,RET-05913,Personal Loan,670000.0,11.41,12
LN-HM-05914,RET-05914,Vehicle Loan,370000.0,10.95,72
LN-HM-05915,RET-05915,Home Loan,3400000.0,8.89,240
LN-HM-05916,RET-05916,Home Loan,3230000.0,9.2,180
LN-HM-05917,RET-05917,Home Loan,3110000.0,8.73,300
LN-HM-05918,RET-05918,Home Loan,3650000.0,8.96,240
LN-HM-05919,RET-05919,Home Loan,980000.0,9.13,240
LN-HM-05920,RET-05920,Personal Loan,1200000.0,13.12,36
LN-HM-05921,RET-05921,Home Loan,4480000.0,8.61,180
LN-HM-05922,RET-05922,Home Loan,4880000.0,8.51,300
LN-HM-05923,RET-05923,Home Loan,2440000.0,8.7,180
LN-HM-05924,RET-05924,Home Loan,3670000.0,8.79,300
LN-HM-05925,RET-05925,Personal Loan,250000.0,13.47,60
LN-HM-05926,RET-05926,Home Loan,2480000.0,8.62,120
LN-HM-05927,RET-05927,Home Loan,1080000.0,9.24,180
LN-HM-05928,RET-05928,Home Loan,3030000.0,8.61,300
LN-HM-05929,RET-05929,Home Loan,1210000.0,8.78,300
LN-HM-05930,RET-05930,Personal Loan,440000.0,13.01,36
LN-HM-05931,RET-05931,Home Loan,3310000.0,9.28,180
LN-HM-05932,RET-05932,Personal Loan,560000.0,13.71,48
LN-HM-05933,RET-05933,Personal Loan,400000.0,13.95,12
LN-HM-05934,RET-05934,Vehicle Loan,2830000.0,9.19,72
LN-HM-05935,RET-05935,Personal Loan,680000.0,11.75,60
LN-HM-05936,RET-05936,Home Loan,9510000.0,8.84,120
LN-HM-05937,RET-05937,Home Loan,1980000.0,9.0,300
LN-HM-05938,RET-05938,Home Loan,2850000.0,8.58,120
LN-HM-05939,RET-05939,Vehicle Loan,980000.0,10.19,48
LN-HM-05940,RET-05940,Home Loan,8340000.0,8.71,300
LN-HM-05941,RET-05941,Personal Loan,2060000.0,12.94,48
LN-HM-05942,RET-05942,Vehicle Loan,870000.0,10.96,84
LN-HM-05943,RET-05943,Vehicle Loan,580000.0,9.77,36
LN-HM-05944,RET-05944,Vehicle Loan,1150000.0,9.52,60
LN-HM-05945,RET-05945,Vehicle Loan,1850000.0,9.95,84
LN-HM-05946,RET-05946,Personal Loan,440000.0,13.16,60
LN-HM-05947,RET-05947,Vehicle Loan,1270000.0,10.94,84
LN-HM-05948,RET-05948,Home Loan,6170000.0,9.21,240
LN-HM-05949,RET-05949,Home Loan,7320000.0,9.1,120
LN-HM-05950,RET-05950,Personal Loan,1620000.0,13.32,48
LN-HM-05951,RET-05951,Personal Loan,560000.0,11.24,60
LN-HM-05952,RET-05952,Personal Loan,2210000.0,11.61,12
LN-HM-05953,RET-05953,Personal Loan,470000.0,12.51,24
LN-HM-05954,RET-05954,Home Loan,12260000.0,9.49,300
LN-HM-05955,RET-05955,Personal Loan,1190000.0,13.88,36
LN-HM-05956,RET-05956,Home Loan,3310000.0,9.21,120
LN-HM-05957,RET-05957,Personal Loan,1700000.0,13.27,48
LN-HM-05958,RET-05958,Personal Loan,460000.0,12.54,48
LN-HM-05959,RET-05959,Personal Loan,770000.0,11.49,24
LN-HM-05960,RET-05960,Home Loan,3420000.0,9.18,180
LN-HM-05961,RET-05961,Personal Loan,1650000.0,12.8,24
LN-HM-05962,RET-05962,Personal Loan,420000.0,13.97,60
LN-HM-05963,RET-05963,Personal Loan,890000.0,12.71,12
LN-HM-05964,RET-05964,Vehicle Loan,940000.0,10.62,48
LN-HM-05965,RET-05965,Personal Loan,1370000.0,11.84,36
LN-HM-05966,RET-05966,Vehicle Loan,1050000.0,9.59,72
LN-HM-05967,RET-05967,Home Loan,1380000.0,8.76,240
LN-HM-05968,RET-05968,Vehicle Loan,480000.0,10.29,72
LN-HM-05969,RET-05969,Vehicle Loan,1840000.0,10.75,48
LN-HM-05970,RET-05970,Vehicle Loan,1040000.0,9.75,60
LN-HM-05971,RET-05971,Personal Loan,790000.0,13.03,36
LN-HM-05972,RET-05972,Home Loan,1900000.0,8.88,300
LN-HM-05973,RET-05973,Home Loan,4240000.0,9.45,180
LN-HM-05974,RET-05974,Home Loan,3340000.0,8.78,120
LN-HM-05975,RET-05975,Vehicle Loan,710000.0,9.24,60
LN-HM-05976,RET-05976,Home Loan,1730000.0,9.2,120
LN-HM-05977,RET-05977,Home Loan,3930000.0,9.28,180
LN-HM-05978,RET-05978,Home Loan,1330000.0,9.32,120
LN-HM-05979,RET-05979,Home Loan,2840000.0,8.96,240
LN-HM-05980,RET-05980,Vehicle Loan,810000.0,9.03,48
LN-HM-05981,RET-05981,Vehicle Loan,780000.0,10.16,48
LN-HM-05982,RET-05982,Home Loan,5990000.0,9.45,300
LN-HM-05983,RET-05983,Vehicle Loan,430000.0,10.63,84
LN-HM-05984,RET-05984,Home Loan,2690000.0,8.66,120
LN-HM-05985,RET-05985,Personal Loan,490000.0,12.82,60
LN-HM-05986,RET-05986,Personal Loan,680000.0,13.29,48
LN-HM-05987,RET-05987,Personal Loan,460000.0,12.7,48
LN-HM-05988,RET-05988,Home Loan,6680000.0,8.66,180
LN-HM-05989,RET-05989,Vehicle Loan,730000.0,9.68,48
LN-HM-05990,RET-05990,Personal Loan,1140000.0,11.6,24
LN-HM-05991,RET-05991,Home Loan,4340000.0,9.13,120
LN-HM-05992,RET-05992,Home Loan,4040000.0,8.73,180
LN-HM-05993,RET-05993,Personal Loan,250000.0,13.45,12
LN-HM-05994,RET-05994,Vehicle Loan,730000.0,9.33,60
LN-HM-05995,RET-05995,Home Loan,3810000.0,8.91,300
LN-HM-05996,RET-05996,Personal Loan,380000.0,13.43,24
LN-HM-05997,RET-05997,Vehicle Loan,620000.0,9.01,60
LN-HM-05998,RET-05998,Home Loan,4120000.0,8.73,240
LN-HM-05999,RET-05999,Home Loan,7420000.0,9.4,120
LN-HM-06000,RET-06000,Vehicle Loan,1460000.0,10.44,72
LN-HM-06001,RET-06001,Personal Loan,810000.0,11.44,36
LN-HM-06002,RET-06002,Vehicle Loan,3030000.0,9.75,36
LN-HM-06003,RET-06003,Personal Loan,1460000.0,13.98,60
LN-HM-06004,RET-06004,Home Loan,4570000.0,8.66,240
LN-HM-06005,RET-06005,Home Loan,2580000.0,9.16,240
LN-HM-06006,RET-06006,Home Loan,1650000.0,8.73,120
LN-HM-06007,RET-06007,Vehicle Loan,970000.0,10.85,84
LN-HM-06008,RET-06008,Vehicle Loan,2490000.0,10.75,84
LN-HM-06009,RET-06009,Personal Loan,1990000.0,13.89,48
LN-HM-06010,RET-06010,Home Loan,3490000.0,9.38,300
LN-HM-06011,RET-06011,Personal Loan,540000.0,11.3,60
LN-HM-06012,RET-06012,Home Loan,1520000.0,8.75,240
LN-HM-06013,RET-06013,Personal Loan,470000.0,12.15,48
LN-HM-06014,RET-06014,Home Loan,4920000.0,9.44,180
LN-HM-06015,RET-06015,Personal Loan,640000.0,13.72,48
LN-HM-06016,RET-06016,Personal Loan,960000.0,11.39,60
LN-HM-06017,RET-06017,Personal Loan,360000.0,12.89,60
LN-HM-06018,RET-06018,Personal Loan,530000.0,12.76,24
LN-HM-06019,RET-06019,Home Loan,1390000.0,8.68,120
LN-HM-06020,RET-06020,Personal Loan,1490000.0,12.15,60
LN-HM-06021,RET-06021,Home Loan,4870000.0,9.22,180
LN-HM-06022,RET-06022,Home Loan,1930000.0,8.72,240
LN-HM-06023,RET-06023,Home Loan,4440000.0,8.88,240
LN-HM-06024,RET-06024,Personal Loan,410000.0,13.07,24
LN-HM-06025,RET-06025,Vehicle Loan,400000.0,10.92,60
LN-HM-06026,RET-06026,Vehicle Loan,800000.0,9.67,72
LN-HM-06027,RET-06027,Home Loan,1090000.0,8.97,180
LN-HM-06028,RET-06028,Home Loan,3620000.0,9.27,300
LN-HM-06029,RET-06029,Home Loan,2810000.0,8.85,120
LN-HM-06030,RET-06030,Home Loan,1980000.0,8.99,240
LN-HM-06031,RET-06031,Home Loan,3390000.0,9.34,300
LN-HM-06032,RET-06032,Vehicle Loan,700000.0,10.34,84
LN-HM-06033,RET-06033,Personal Loan,220000.0,13.73,24
LN-HM-06034,RET-06034,Vehicle Loan,700000.0,9.55,72
LN-HM-06035,RET-06035,Vehicle Loan,360000.0,10.53,36
LN-HM-06036,RET-06036,Personal Loan,360000.0,12.82,24
LN-HM-06037,RET-06037,Home Loan,5770000.0,9.37,180
LN-HM-06038,RET-06038,Home Loan,770000.0,8.5,180
LN-HM-06039,RET-06039,Home Loan,1960000.0,9.37,180
LN-HM-06040,RET-06040,Vehicle Loan,1630000.0,10.05,36
LN-HM-06041,RET-06041,Vehicle Loan,1860000.0,9.3,72
LN-HM-06042,RET-06042,Home Loan,1870000.0,8.98,300
LN-HM-06043,RET-06043,Home Loan,11290000.0,9.05,120
LN-HM-06044,RET-06044,Home Loan,1480000.0,8.57,180
LN-HM-06045,RET-06045,Personal Loan,490000.0,11.45,12
LN-HM-06046,RET-06046,Personal Loan,390000.0,13.56,60
LN-HM-06047,RET-06047,Home Loan,4100000.0,9.06,300
LN-HM-06048,RET-06048,Home Loan,12340000.0,9.19,300
LN-HM-06049,RET-06049,Home Loan,12940000.0,8.98,180
LN-HM-06050,RET-06050,Home Loan,3900000.0,9.12,300
LN-HM-06051,RET-06051,Vehicle Loan,970000.0,10.1,60
LN-HM-06052,RET-06052,Vehicle Loan,1170000.0,10.99,72
LN-HM-06053,RET-06053,Vehicle Loan,2730000.0,10.97,72
LN-HM-06054,RET-06054,Home Loan,3600000.0,8.61,120
LN-HM-06055,RET-06055,Home Loan,3200000.0,8.91,240
LN-HM-06056,RET-06056,Vehicle Loan,1300000.0,9.88,48
LN-HM-06057,RET-06057,Personal Loan,900000.0,13.47,12
LN-HM-06058,RET-06058,Home Loan,6620000.0,8.51,180
LN-HM-06059,RET-06059,Personal Loan,270000.0,13.53,12
LN-HM-06060,RET-06060,Personal Loan,680000.0,12.59,24
LN-HM-06061,RET-06061,Personal Loan,1130000.0,11.07,12
LN-HM-06062,RET-06062,Home Loan,2310000.0,9.14,240
LN-HM-06063,RET-06063,Home Loan,7280000.0,8.9,240
LN-HM-06064,RET-06064,Home Loan,2810000.0,9.19,180
LN-HM-06065,RET-06065,Vehicle Loan,2330000.0,9.08,72
LN-HM-06066,RET-06066,Personal Loan,760000.0,12.5,48
LN-HM-06067,RET-06067,Vehicle Loan,1210000.0,10.88,36
LN-HM-06068,RET-06068,Vehicle Loan,1020000.0,9.82,36
LN-HM-06069,RET-06069,Personal Loan,2770000.0,12.74,24
LN-HM-06070,RET-06070,Vehicle Loan,1720000.0,9.99,48
LN-HM-06071,RET-06071,Personal Loan,720000.0,11.45,24
LN-HM-06072,RET-06072,Vehicle Loan,710000.0,9.06,48
LN-HM-06073,RET-06073,Home Loan,1930000.0,8.79,300
LN-HM-06074,RET-06074,Home Loan,4410000.0,8.77,180
LN-HM-06075,RET-06075,Personal Loan,330000.0,11.17,24
LN-HM-06076,RET-06076,Vehicle Loan,1320000.0,9.53,60
LN-HM-06077,RET-06077,Home Loan,7930000.0,8.86,180
LN-HM-06078,RET-06078,Home Loan,5560000.0,9.04,300
LN-HM-06079,RET-06079,Personal Loan,180000.0,11.01,12
LN-HM-06080,RET-06080,Personal Loan,370000.0,12.38,12
LN-HM-06081,RET-06081,Personal Loan,450000.0,13.69,24
LN-HM-06082,RET-06082,Personal Loan,370000.0,12.53,12
LN-HM-06083,RET-06083,Personal Loan,410000.0,11.92,24
LN-HM-06084,RET-06084,Home Loan,4940000.0,8.5,300
LN-HM-06085,RET-06085,Vehicle Loan,860000.0,9.9,72
LN-HM-06086,RET-06086,Personal Loan,250000.0,13.74,48
LN-HM-06087,RET-06087,Personal Loan,1100000.0,11.56,36
LN-HM-06088,RET-06088,Vehicle Loan,910000.0,10.25,36
LN-HM-06089,RET-06089,Home Loan,2670000.0,9.41,300
LN-HM-06090,RET-06090,Home Loan,6710000.0,8.79,180
LN-HM-06091,RET-06091,Personal Loan,950000.0,13.26,36
LN-HM-06092,RET-06092,Home Loan,3030000.0,9.03,120
LN-HM-06093,RET-06093,Home Loan,2260000.0,8.59,240
LN-HM-06094,RET-06094,Personal Loan,970000.0,11.01,36
LN-HM-06095,RET-06095,Home Loan,2780000.0,8.99,120
LN-HM-06096,RET-06096,Home Loan,2590000.0,9.16,180
LN-HM-06097,RET-06097,Personal Loan,490000.0,12.13,12
LN-HM-06098,RET-06098,Home Loan,7190000.0,8.54,300
LN-HM-06099,RET-06099,Vehicle Loan,2570000.0,9.08,48
LN-HM-06100,RET-06100,Home Loan,3830000.0,9.19,240
LN-HM-06101,RET-06101,Personal Loan,750000.0,13.67,12
LN-HM-06102,RET-06102,Personal Loan,1750000.0,12.89,36
LN-HM-06103,RET-06103,Home Loan,5890000.0,8.73,300
LN-HM-06104,RET-06104,Personal Loan,350000.0,13.3,24
LN-HM-06105,RET-06105,Home Loan,7960000.0,8.61,180
LN-HM-06106,RET-06106,Home Loan,2700000.0,8.58,240
LN-HM-06107,RET-06107,Home Loan,1640000.0,8.89,120
LN-HM-06108,RET-06108,Home Loan,2390000.0,8.94,240
LN-HM-06109,RET-06109,Home Loan,7960000.0,8.78,180
LN-HM-06110,RET-06110,Home Loan,4590000.0,9.36,180
LN-HM-06111,RET-06111,Home Loan,1820000.0,8.61,240
LN-HM-06112,RET-06112,Personal Loan,650000.0,11.71,36
LN-HM-06113,RET-06113,Home Loan,8360000.0,8.99,300
LN-HM-06114,RET-06114,Personal Loan,610000.0,12.6,24
LN-HM-06115,RET-06115,Personal Loan,410000.0,12.17,12
LN-HM-06116,RET-06116,Home Loan,3700000.0,8.7,300
LN-HM-06117,RET-06117,Vehicle Loan,1980000.0,10.06,60
LN-HM-06118,RET-06118,Home Loan,5340000.0,8.61,180
LN-HM-06119,RET-06119,Personal Loan,230000.0,12.15,48
LN-HM-06120,RET-06120,Home Loan,4580000.0,8.64,120
LN-HM-06121,RET-06121,Home Loan,3550000.0,9.26,120
LN-HM-06122,RET-06122,Home Loan,9550000.0,8.55,240
LN-HM-06123,RET-06123,Home Loan,2890000.0,8.92,240
LN-HM-06124,RET-06124,Home Loan,4420000.0,8.82,240
LN-HM-06125,RET-06125,Personal Loan,1170000.0,11.53,48
LN-HM-06126,RET-06126,Home Loan,2170000.0,8.66,240
LN-HM-06127,RET-06127,Vehicle Loan,2210000.0,9.17,48
LN-HM-06128,RET-06128,Vehicle Loan,1480000.0,9.45,36
LN-HM-06129,RET-06129,Personal Loan,470000.0,12.14,12
LN-HM-06130,RET-06130,Personal Loan,1100000.0,11.44,24
LN-HM-06131,RET-06131,Vehicle Loan,5080000.0,9.14,84
LN-HM-06132,RET-06132,Home Loan,2060000.0,9.03,240
LN-HM-06133,RET-06133,Home Loan,5610000.0,8.97,300
LN-HM-06134,RET-06134,Personal Loan,400000.0,12.4,60
LN-HM-06135,RET-06135,Personal Loan,740000.0,11.87,60
LN-HM-06136,RET-06136,Home Loan,4510000.0,8.89,180
LN-HM-06137,RET-06137,Personal Loan,780000.0,11.21,24
LN-HM-06138,RET-06138,Home Loan,2650000.0,8.77,240
LN-HM-06139,RET-06139,Home Loan,10220000.0,8.85,240
LN-HM-06140,RET-06140,Home Loan,1380000.0,9.42,180
LN-HM-06141,RET-06141,Home Loan,2780000.0,8.62,300
LN-HM-06142,RET-06142,Personal Loan,1310000.0,11.81,60
LN-HM-06143,RET-06143,Home Loan,1420000.0,8.74,180
LN-HM-06144,RET-06144,Home Loan,3540000.0,8.61,180
LN-HM-06145,RET-06145,Personal Loan,1510000.0,11.85,12
LN-HM-06146,RET-06146,Home Loan,2170000.0,9.34,120
LN-HM-06147,RET-06147,Vehicle Loan,510000.0,10.09,60
LN-HM-06148,RET-06148,Personal Loan,670000.0,11.42,12
LN-HM-06149,RET-06149,Home Loan,1120000.0,8.65,180
LN-HM-06150,RET-06150,Personal Loan,730000.0,12.34,60
LN-HM-06151,RET-06151,Personal Loan,1080000.0,12.37,60
LN-HM-06152,RET-06152,Personal Loan,720000.0,12.39,36
LN-HM-06153,RET-06153,Home Loan,1520000.0,9.07,180
LN-HM-06154,RET-06154,Home Loan,5650000.0,8.9,120
LN-HM-06155,RET-06155,Home Loan,2510000.0,9.22,300
LN-HM-06156,RET-06156,Vehicle Loan,1710000.0,10.01,60
LN-HM-06157,RET-06157,Vehicle Loan,1290000.0,10.69,72
LN-HM-06158,RET-06158,Vehicle Loan,540000.0,9.94,72
LN-HM-06159,RET-06159,Personal Loan,2130000.0,12.81,24
LN-HM-06160,RET-06160,Vehicle Loan,2290000.0,10.55,60
LN-HM-06161,RET-06161,Home Loan,4050000.0,9.34,300
LN-HM-06162,RET-06162,Personal Loan,990000.0,13.63,12
LN-HM-06163,RET-06163,Home Loan,1100000.0,9.49,240
LN-HM-06164,RET-06164,Personal Loan,1080000.0,12.25,12
LN-HM-06165,RET-06165,Home Loan,13270000.0,9.0,300
LN-HM-06166,RET-06166,Vehicle Loan,1560000.0,10.05,72
LN-HM-06167,RET-06167,Vehicle Loan,1030000.0,10.26,72
LN-HM-06168,RET-06168,Home Loan,1210000.0,8.67,120
LN-HM-06169,RET-06169,Home Loan,800000.0,9.03,240
LN-HM-06170,RET-06170,Personal Loan,390000.0,13.32,36
LN-HM-06171,RET-06171,Personal Loan,2500000.0,12.56,60
LN-HM-06172,RET-06172,Personal Loan,970000.0,11.1,24
LN-HM-06173,RET-06173,Home Loan,4170000.0,8.84,180
LN-HM-06174,RET-06174,Home Loan,5140000.0,9.24,120
LN-HM-06175,RET-06175,Home Loan,1210000.0,9.02,180
LN-HM-06176,RET-06176,Vehicle Loan,1270000.0,9.6,84
LN-HM-06177,RET-06177,Home Loan,1680000.0,9.0,240
LN-HM-06178,RET-06178,Personal Loan,950000.0,11.14,60
LN-HM-06179,RET-06179,Personal Loan,470000.0,11.58,60
LN-HM-06180,RET-06180,Home Loan,2800000.0,9.25,240
LN-HM-06181,RET-06181,Vehicle Loan,2280000.0,9.19,72
LN-HM-06182,RET-06182,Personal Loan,1330000.0,13.57,36
LN-HM-06183,RET-06183,Home Loan,3080000.0,9.31,300
LN-HM-06184,RET-06184,Home Loan,8910000.0,9.43,240
LN-HM-06185,RET-06185,Home Loan,1760000.0,8.76,120
LN-HM-06186,RET-06186,Home Loan,3270000.0,8.59,300
LN-HM-06187,RET-06187,Vehicle Loan,440000.0,9.23,48
LN-HM-06188,RET-06188,Personal Loan,890000.0,12.77,36
LN-HM-06189,RET-06189,Personal Loan,1260000.0,12.94,12
LN-HM-06190,RET-06190,Home Loan,4870000.0,8.96,240
LN-HM-06191,RET-06191,Home Loan,1850000.0,9.27,180
LN-HM-06192,RET-06192,Home Loan,3310000.0,8.66,120
LN-HM-06193,RET-06193,Vehicle Loan,2380000.0,9.03,60
LN-HM-06194,RET-06194,Home Loan,6830000.0,8.85,120
LN-HM-06195,RET-06195,Home Loan,3790000.0,8.92,180
LN-HM-06196,RET-06196,Personal Loan,580000.0,11.7,36
LN-HM-06197,RET-06197,Personal Loan,260000.0,13.63,48
LN-HM-06198,RET-06198,Home Loan,1600000.0,9.41,120
LN-HM-06199,RET-06199,Home Loan,3540000.0,9.36,240
LN-HM-06200,RET-06200,Personal Loan,410000.0,12.62,36
LN-HM-06201,RET-06201,Home Loan,3480000.0,8.56,240
LN-HM-06202,RET-06202,Home Loan,3840000.0,9.33,300
LN-HM-06203,RET-06203,Personal Loan,810000.0,11.53,12
LN-HM-06204,RET-06204,Home Loan,820000.0,9.14,300
LN-HM-06205,RET-06205,Home Loan,2650000.0,9.06,120
LN-HM-06206,RET-06206,Vehicle Loan,620000.0,9.08,84
LN-HM-06207,RET-06207,Home Loan,9120000.0,9.23,300
LN-HM-06208,RET-06208,Vehicle Loan,570000.0,10.3,72
LN-HM-06209,RET-06209,Home Loan,2830000.0,9.16,300
LN-HM-06210,RET-06210,Personal Loan,470000.0,13.18,24
LN-HM-06211,RET-06211,Personal Loan,310000.0,11.3,12
LN-HM-06212,RET-06212,Vehicle Loan,3680000.0,9.73,72
LN-HM-06213,RET-06213,Home Loan,11700000.0,9.04,180
LN-HM-06214,RET-06214,Home Loan,2030000.0,8.87,240
LN-HM-06215,RET-06215,Home Loan,1580000.0,9.49,120
LN-HM-06216,RET-06216,Personal Loan,3130000.0,13.93,60
LN-HM-06217,RET-06217,Personal Loan,1620000.0,11.97,60
LN-HM-06218,RET-06218,Personal Loan,720000.0,12.37,12
LN-HM-06219,RET-06219,Vehicle Loan,1190000.0,10.26,60
LN-HM-06220,RET-06220,Personal Loan,400000.0,13.4,36
LN-HM-06221,RET-06221,Home Loan,15180000.0,9.48,120
LN-HM-06222,RET-06222,Home Loan,2540000.0,8.67,180
LN-HM-06223,RET-06223,Personal Loan,610000.0,11.46,60
LN-HM-06224,RET-06224,Home Loan,2160000.0,9.38,300
LN-HM-06225,RET-06225,Personal Loan,250000.0,13.68,36
LN-HM-06226,RET-06226,Home Loan,2880000.0,8.91,300
LN-HM-06227,RET-06227,Personal Loan,2640000.0,13.41,24
LN-HM-06228,RET-06228,Vehicle Loan,840000.0,10.1,60
LN-HM-06229,RET-06229,Home Loan,1780000.0,8.58,120
LN-HM-06230,RET-06230,Home Loan,4260000.0,8.6,120
LN-HM-06231,RET-06231,Personal Loan,1790000.0,12.65,48
LN-HM-06232,RET-06232,Home Loan,2510000.0,9.07,120
LN-HM-06233,RET-06233,Home Loan,3430000.0,9.32,240
LN-HM-06234,RET-06234,Home Loan,6320000.0,8.68,300
LN-HM-06235,RET-06235,Vehicle Loan,1470000.0,9.89,84
LN-HM-06236,RET-06236,Home Loan,1880000.0,9.28,120
LN-HM-06237,RET-06237,Vehicle Loan,2370000.0,10.85,48
LN-HM-06238,RET-06238,Vehicle Loan,1340000.0,9.33,72
LN-HM-06239,RET-06239,Home Loan,3540000.0,9.41,300
LN-HM-06240,RET-06240,Home Loan,6870000.0,9.38,240
LN-HM-06241,RET-06241,Home Loan,6080000.0,8.73,180
LN-HM-06242,RET-06242,Personal Loan,580000.0,11.59,36
LN-HM-06243,RET-06243,Personal Loan,1770000.0,11.5,60
LN-HM-06244,RET-06244,Home Loan,2760000.0,8.72,180
LN-HM-06245,RET-06245,Vehicle Loan,2110000.0,9.62,72
LN-HM-06246,RET-06246,Personal Loan,530000.0,12.11,60
LN-HM-06247,RET-06247,Vehicle Loan,1650000.0,10.0,48
LN-HM-06248,RET-06248,Home Loan,3140000.0,9.18,180
LN-HM-06249,RET-06249,Home Loan,4930000.0,9.43,240
LN-HM-06250,RET-06250,Personal Loan,2140000.0,12.08,24
LN-HM-06251,RET-06251,Home Loan,3370000.0,9.26,180
LN-HM-06252,RET-06252,Home Loan,3590000.0,8.89,300
LN-HM-06253,RET-06253,Vehicle Loan,2390000.0,10.73,48
LN-HM-06254,RET-06254,Personal Loan,1350000.0,13.28,60
LN-HM-06255,RET-06255,Personal Loan,4990000.0,11.66,48
LN-HM-06256,RET-06256,Vehicle Loan,1640000.0,9.93,48
LN-HM-06257,RET-06257,Home Loan,6770000.0,8.68,180
LN-HM-06258,RET-06258,Vehicle Loan,2080000.0,10.41,84
LN-HM-06259,RET-06259,Home Loan,760000.0,9.01,120
LN-HM-06260,RET-06260,Home Loan,1780000.0,9.37,180
LN-HM-06261,RET-06261,Personal Loan,380000.0,13.52,36
LN-HM-06262,RET-06262,Home Loan,1200000.0,8.58,240
LN-HM-06263,RET-06263,Personal Loan,750000.0,13.69,48
LN-HM-06264,RET-06264,Personal Loan,410000.0,12.67,36
LN-HM-06265,RET-06265,Home Loan,1230000.0,8.58,180
LN-HM-06266,RET-06266,Home Loan,3960000.0,9.44,120
LN-HM-06267,RET-06267,Home Loan,13340000.0,8.75,120
LN-HM-06268,RET-06268,Home Loan,1520000.0,9.33,180
LN-HM-06269,RET-06269,Personal Loan,240000.0,11.25,48
LN-HM-06270,RET-06270,Vehicle Loan,960000.0,10.45,36
LN-HM-06271,RET-06271,Vehicle Loan,1150000.0,10.72,48
LN-HM-06272,RET-06272,Vehicle Loan,470000.0,10.81,84
LN-HM-06273,RET-06273,Personal Loan,650000.0,13.46,48
LN-HM-06274,RET-06274,Home Loan,1710000.0,8.97,180
LN-HM-06275,RET-06275,Home Loan,4080000.0,8.62,300
LN-HM-06276,RET-06276,Vehicle Loan,1740000.0,10.05,84
LN-HM-06277,RET-06277,Home Loan,2190000.0,8.8,240
LN-HM-06278,RET-06278,Personal Loan,670000.0,12.04,48
LN-HM-06279,RET-06279,Home Loan,2100000.0,9.1,120
LN-HM-06280,RET-06280,Vehicle Loan,1160000.0,9.69,48
LN-HM-06281,RET-06281,Personal Loan,270000.0,13.47,12
LN-HM-06282,RET-06282,Vehicle Loan,2560000.0,9.87,36
LN-HM-06283,RET-06283,Personal Loan,370000.0,12.03,12
LN-HM-06284,RET-06284,Home Loan,1560000.0,8.67,240
LN-HM-06285,RET-06285,Vehicle Loan,2110000.0,9.25,72
LN-HM-06286,RET-06286,Home Loan,2000000.0,8.85,120
LN-HM-06287,RET-06287,Home Loan,3730000.0,9.22,120
LN-HM-06288,RET-06288,Personal Loan,1540000.0,13.83,24
LN-HM-06289,RET-06289,Vehicle Loan,2330000.0,9.39,36
LN-HM-06290,RET-06290,Home Loan,2150000.0,9.23,300
LN-HM-06291,RET-06291,Vehicle Loan,470000.0,9.61,60
LN-HM-06292,RET-06292,Personal Loan,680000.0,12.25,24
LN-HM-06293,RET-06293,Home Loan,5490000.0,8.78,120
LN-HM-06294,RET-06294,Vehicle Loan,2500000.0,10.04,60
LN-HM-06295,RET-06295,Personal Loan,300000.0,11.07,24
LN-HM-06296,RET-06296,Vehicle Loan,990000.0,10.23,84
LN-HM-06297,RET-06297,Home Loan,2800000.0,9.12,300
LN-HM-06298,RET-06298,Personal Loan,780000.0,12.44,48
LN-HM-06299,RET-06299,Personal Loan,2070000.0,11.29,48
LN-HM-06300,RET-06300,Home Loan,2930000.0,8.62,180
LN-HM-06301,RET-06301,Personal Loan,1010000.0,11.77,12
LN-HM-06302,RET-06302,Personal Loan,990000.0,13.07,48
LN-HM-06303,RET-06303,Home Loan,9450000.0,8.56,180
LN-HM-06304,RET-06304,Vehicle Loan,1150000.0,10.93,84
LN-HM-06305,RET-06305,Vehicle Loan,3020000.0,10.73,84
LN-HM-06306,RET-06306,Personal Loan,3280000.0,12.84,36
LN-HM-06307,RET-06307,Home Loan,3420000.0,9.39,180
LN-HM-06308,RET-06308,Vehicle Loan,900000.0,9.6,48
LN-HM-06309,RET-06309,Home Loan,12690000.0,9.04,180
LN-HM-06310,RET-06310,Personal Loan,1940000.0,12.94,12
LN-HM-06311,RET-06311,Home Loan,2500000.0,9.37,180
LN-HM-06312,RET-06312,Home Loan,5310000.0,9.15,180
LN-HM-06313,RET-06313,Personal Loan,310000.0,11.09,36
LN-HM-06314,RET-06314,Home Loan,8290000.0,9.08,300
LN-HM-06315,RET-06315,Home Loan,760000.0,8.89,120
LN-HM-06316,RET-06316,Home Loan,6240000.0,9.06,240
LN-HM-06317,RET-06317,Home Loan,2020000.0,8.67,180
LN-HM-06318,RET-06318,Personal Loan,390000.0,11.61,36
LN-HM-06319,RET-06319,Personal Loan,140000.0,11.73,36
LN-HM-06320,RET-06320,Home Loan,2660000.0,9.46,300
LN-HM-06321,RET-06321,Home Loan,3840000.0,9.13,300
LN-HM-06322,RET-06322,Home Loan,1660000.0,8.54,120
LN-HM-06323,RET-06323,Home Loan,2080000.0,9.26,300
LN-HM-06324,RET-06324,Home Loan,2830000.0,9.28,300
LN-HM-06325,RET-06325,Home Loan,4360000.0,8.71,120
LN-HM-06326,RET-06326,Home Loan,7180000.0,9.44,300
LN-HM-06327,RET-06327,Home Loan,4180000.0,9.29,180
LN-HM-06328,RET-06328,Personal Loan,1420000.0,13.77,36
LN-HM-06329,RET-06329,Home Loan,5040000.0,9.34,240
LN-HM-06330,RET-06330,Vehicle Loan,810000.0,10.42,48
LN-HM-06331,RET-06331,Home Loan,7230000.0,9.3,300
LN-HM-06332,RET-06332,Personal Loan,300000.0,12.49,12
LN-HM-06333,RET-06333,Personal Loan,1370000.0,11.87,48
LN-HM-06334,RET-06334,Vehicle Loan,660000.0,10.3,72
LN-HM-06335,RET-06335,Home Loan,4220000.0,8.79,180
LN-HM-06336,RET-06336,Home Loan,7040000.0,8.9,120
LN-HM-06337,RET-06337,Personal Loan,640000.0,14.0,60
LN-HM-06338,RET-06338,Home Loan,2820000.0,8.87,240
LN-HM-06339,RET-06339,Home Loan,4020000.0,9.34,180
LN-HM-06340,RET-06340,Vehicle Loan,1440000.0,10.74,72
LN-HM-06341,RET-06341,Home Loan,8060000.0,8.72,240
LN-HM-06342,RET-06342,Home Loan,5990000.0,9.12,180
LN-HM-06343,RET-06343,Personal Loan,590000.0,12.11,36
LN-HM-06344,RET-06344,Home Loan,1980000.0,9.05,120
LN-HM-06345,RET-06345,Personal Loan,510000.0,12.66,36
LN-HM-06346,RET-06346,Vehicle Loan,690000.0,9.42,84
LN-HM-06347,RET-06347,Home Loan,1310000.0,9.44,240
LN-HM-06348,RET-06348,Vehicle Loan,570000.0,10.09,36
LN-HM-06349,RET-06349,Home Loan,1170000.0,8.92,240
LN-HM-06350,RET-06350,Vehicle Loan,1420000.0,9.84,72
LN-HM-06351,RET-06351,Home Loan,1770000.0,9.17,240
LN-HM-06352,RET-06352,Vehicle Loan,660000.0,9.43,72
LN-HM-06353,RET-06353,Personal Loan,160000.0,12.95,24
LN-HM-06354,RET-06354,Home Loan,2710000.0,9.33,180
LN-HM-06355,RET-06355,Home Loan,800000.0,9.26,120
LN-HM-06356,RET-06356,Home Loan,6310000.0,9.39,300
LN-HM-06357,RET-06357,Personal Loan,1080000.0,11.24,36
LN-HM-06358,RET-06358,Home Loan,2890000.0,9.37,120
LN-HM-06359,RET-06359,Vehicle Loan,3250000.0,9.96,84
LN-HM-06360,RET-06360,Home Loan,2860000.0,8.63,240
LN-HM-06361,RET-06361,Vehicle Loan,1140000.0,10.93,84
LN-HM-06362,RET-06362,Vehicle Loan,1240000.0,10.14,84
LN-HM-06363,RET-06363,Personal Loan,530000.0,12.76,12
LN-HM-06364,RET-06364,Home Loan,1910000.0,8.95,300
LN-HM-06365,RET-06365,Home Loan,3120000.0,8.88,240
LN-HM-06366,RET-06366,Home Loan,1240000.0,9.44,180
LN-HM-06367,RET-06367,Home Loan,6410000.0,8.67,120
LN-HM-06368,RET-06368,Home Loan,3680000.0,9.24,120
LN-HM-06369,RET-06369,Personal Loan,940000.0,12.07,48
LN-HM-06370,RET-06370,Vehicle Loan,4470000.0,9.46,84
LN-HM-06371,RET-06371,Home Loan,1380000.0,9.28,180
LN-HM-06372,RET-06372,Home Loan,6800000.0,8.8,180
LN-HM-06373,RET-06373,Personal Loan,1510000.0,11.2,36
LN-HM-06374,RET-06374,Home Loan,7130000.0,8.61,120
LN-HM-06375,RET-06375,Personal Loan,870000.0,11.25,12
LN-HM-06376,RET-06376,Home Loan,4220000.0,8.87,180
LN-HM-06377,RET-06377,Personal Loan,690000.0,12.26,24
LN-HM-06378,RET-06378,Home Loan,5160000.0,8.8,300
LN-HM-06379,RET-06379,Vehicle Loan,1360000.0,9.97,84
LN-HM-06380,RET-06380,Home Loan,2360000.0,9.14,120
LN-HM-06381,RET-06381,Vehicle Loan,980000.0,10.19,48
LN-HM-06382,RET-06382,Home Loan,3190000.0,8.85,240
LN-HM-06383,RET-06383,Personal Loan,760000.0,13.32,48
LN-HM-06384,RET-06384,Home Loan,5660000.0,9.11,300
LN-HM-06385,RET-06385,Home Loan,4340000.0,9.34,240
LN-HM-06386,RET-06386,Home Loan,3790000.0,8.89,180
LN-HM-06387,RET-06387,Home Loan,4800000.0,8.58,240
LN-HM-06388,RET-06388,Vehicle Loan,530000.0,9.35,84
LN-HM-06389,RET-06389,Vehicle Loan,1250000.0,10.92,36
LN-HM-06390,RET-06390,Home Loan,1320000.0,9.43,180
LN-HM-06391,RET-06391,Personal Loan,530000.0,11.17,24
LN-HM-06392,RET-06392,Vehicle Loan,590000.0,9.82,84
LN-HM-06393,RET-06393,Home Loan,2100000.0,9.44,180
LN-HM-06394,RET-06394,Home Loan,3290000.0,9.03,120
LN-HM-06395,RET-06395,Home Loan,3510000.0,8.62,120
LN-HM-06396,RET-06396,Personal Loan,420000.0,12.37,60
LN-HM-06397,RET-06397,Vehicle Loan,2300000.0,9.91,36
LN-HM-06398,RET-06398,Home Loan,2360000.0,8.54,300
LN-HM-06399,RET-06399,Personal Loan,870000.0,13.17,60
LN-HM-06400,RET-06400,Personal Loan,270000.0,11.8,12
LN-HM-06401,RET-06401,Home Loan,1780000.0,9.33,180
LN-HM-06402,RET-06402,Vehicle Loan,1530000.0,9.96,48
LN-HM-06403,RET-06403,Home Loan,5520000.0,8.7,300
LN-HM-06404,RET-06404,Home Loan,2390000.0,9.16,120
LN-HM-06405,RET-06405,Home Loan,6390000.0,8.76,180
LN-HM-06406,RET-06406,Home Loan,1050000.0,9.19,180
LN-HM-06407,RET-06407,Home Loan,4820000.0,8.7,180
LN-HM-06408,RET-06408,Personal Loan,510000.0,13.0,48
LN-HM-06409,RET-06409,Vehicle Loan,490000.0,10.45,36
LN-HM-06410,RET-06410,Home Loan,2430000.0,9.02,120
LN-HM-06411,RET-06411,Personal Loan,440000.0,13.07,60
LN-HM-06412,RET-06412,Home Loan,3160000.0,9.41,120
LN-HM-06413,RET-06413,Vehicle Loan,1460000.0,9.61,36
LN-HM-06414,RET-06414,Home Loan,2860000.0,9.17,240
LN-HM-06415,RET-06415,Home Loan,4480000.0,9.28,180
LN-HM-06416,RET-06416,Personal Loan,1540000.0,12.15,48
LN-HM-06417,RET-06417,Personal Loan,440000.0,11.67,48
LN-HM-06418,RET-06418,Vehicle Loan,920000.0,9.48,48
LN-HM-06419,RET-06419,Vehicle Loan,760000.0,9.61,72
LN-HM-06420,RET-06420,Personal Loan,830000.0,11.44,24
LN-HM-06421,RET-06421,Personal Loan,1970000.0,12.5,24
LN-HM-06422,RET-06422,Personal Loan,1970000.0,13.01,60
LN-HM-06423,RET-06423,Home Loan,2000000.0,9.48,180
LN-HM-06424,RET-06424,Vehicle Loan,1290000.0,9.4,36
LN-HM-06425,RET-06425,Home Loan,6990000.0,9.02,240
LN-HM-06426,RET-06426,Vehicle Loan,1080000.0,10.49,36
LN-HM-06427,RET-06427,Home Loan,1340000.0,8.83,120
LN-HM-06428,RET-06428,Personal Loan,560000.0,12.11,24
LN-HM-06429,RET-06429,Personal Loan,1800000.0,11.97,24
LN-HM-06430,RET-06430,Personal Loan,1140000.0,13.11,36
LN-HM-06431,RET-06431,Vehicle Loan,850000.0,10.01,60
LN-HM-06432,RET-06432,Home Loan,9980000.0,9.21,300
LN-HM-06433,RET-06433,Home Loan,4760000.0,8.63,180
LN-HM-06434,RET-06434,Home Loan,2140000.0,9.09,300
LN-HM-06435,RET-06435,Home Loan,1620000.0,9.36,120
LN-HM-06436,RET-06436,Home Loan,2360000.0,9.25,120
LN-HM-06437,RET-06437,Home Loan,4600000.0,9.28,300
LN-HM-06438,RET-06438,Home Loan,2630000.0,8.64,180
LN-HM-06439,RET-06439,Home Loan,10190000.0,8.58,180
LN-HM-06440,RET-06440,Home Loan,5210000.0,9.41,180
LN-HM-06441,RET-06441,Home Loan,2320000.0,9.08,120
LN-HM-06442,RET-06442,Vehicle Loan,430000.0,10.01,36
LN-HM-06443,RET-06443,Home Loan,2930000.0,8.96,120
LN-HM-06444,RET-06444,Home Loan,4350000.0,9.08,180
LN-HM-06445,RET-06445,Home Loan,12880000.0,8.69,240
LN-HM-06446,RET-06446,Home Loan,3630000.0,8.53,180
LN-HM-06447,RET-06447,Vehicle Loan,3460000.0,10.68,72
LN-HM-06448,RET-06448,Home Loan,1340000.0,9.2,120
LN-HM-06449,RET-06449,Home Loan,1900000.0,9.27,180
LN-HM-06450,RET-06450,Personal Loan,410000.0,13.27,12
LN-HM-06451,RET-06451,Home Loan,3920000.0,8.56,120
LN-HM-06452,RET-06452,Home Loan,1920000.0,9.47,180
LN-HM-06453,RET-06453,Personal Loan,910000.0,13.74,24
LN-HM-06454,RET-06454,Personal Loan,350000.0,12.7,24
LN-HM-06455,RET-06455,Home Loan,11310000.0,8.87,240
LN-HM-06456,RET-06456,Home Loan,3280000.0,9.17,120
LN-HM-06457,RET-06457,Personal Loan,1140000.0,13.04,24
LN-HM-06458,RET-06458,Vehicle Loan,390000.0,10.93,36
LN-HM-06459,RET-06459,Personal Loan,370000.0,12.7,36
LN-HM-06460,RET-06460,Home Loan,1870000.0,9.43,180
LN-HM-06461,RET-06461,Personal Loan,1720000.0,11.88,24
LN-HM-06462,RET-06462,Personal Loan,1160000.0,12.87,12
LN-HM-06463,RET-06463,Home Loan,5590000.0,9.27,300
LN-HM-06464,RET-06464,Personal Loan,160000.0,13.02,60
LN-HM-06465,RET-06465,Personal Loan,890000.0,12.89,48
LN-HM-06466,RET-06466,Home Loan,1660000.0,8.86,240
LN-HM-06467,RET-06467,Home Loan,2520000.0,9.07,300
LN-HM-06468,RET-06468,Home Loan,2040000.0,9.03,300
LN-HM-06469,RET-06469,Personal Loan,460000.0,12.27,12
LN-HM-06470,RET-06470,Home Loan,3550000.0,9.42,300
LN-HM-06471,RET-06471,Vehicle Loan,2720000.0,9.19,84
LN-HM-06472,RET-06472,Home Loan,3470000.0,8.65,120
LN-HM-06473,RET-06473,Home Loan,3770000.0,9.41,120
LN-HM-06474,RET-06474,Home Loan,8680000.0,9.46,240
LN-HM-06475,RET-06475,Home Loan,6200000.0,8.98,120
LN-HM-06476,RET-06476,Home Loan,3810000.0,8.84,180
LN-HM-06477,RET-06477,Personal Loan,820000.0,11.94,48
LN-HM-06478,RET-06478,Vehicle Loan,3010000.0,9.75,36
LN-HM-06479,RET-06479,Home Loan,2070000.0,9.18,120
LN-HM-06480,RET-06480,Vehicle Loan,730000.0,10.11,84
LN-HM-06481,RET-06481,Home Loan,6570000.0,8.56,300
LN-HM-06482,RET-06482,Vehicle Loan,710000.0,10.01,36
LN-HM-06483,RET-06483,Personal Loan,1500000.0,13.23,60
LN-HM-06484,RET-06484,Home Loan,5470000.0,8.9,240
LN-HM-06485,RET-06485,Personal Loan,220000.0,13.24,12
LN-HM-06486,RET-06486,Personal Loan,760000.0,12.63,12
LN-HM-06487,RET-06487,Home Loan,8970000.0,9.13,240
LN-HM-06488,RET-06488,Personal Loan,1010000.0,11.74,48
LN-HM-06489,RET-06489,Personal Loan,300000.0,11.06,12
LN-HM-06490,RET-06490,Home Loan,2470000.0,8.59,240
LN-HM-06491,RET-06491,Personal Loan,880000.0,11.9,48
LN-HM-06492,RET-06492,Personal Loan,2080000.0,11.11,36
LN-HM-06493,RET-06493,Home Loan,2420000.0,8.76,180
LN-HM-06494,RET-06494,Personal Loan,740000.0,11.7,48
LN-HM-06495,RET-06495,Home Loan,2860000.0,9.34,240
LN-HM-06496,RET-06496,Personal Loan,910000.0,11.62,48
LN-HM-06497,RET-06497,Personal Loan,1990000.0,13.65,60
LN-HM-06498,RET-06498,Personal Loan,1240000.0,11.83,60
LN-HM-06499,RET-06499,Personal Loan,900000.0,11.57,60
LN-HM-06500,RET-06500,Personal Loan,1420000.0,12.49,24
LN-HM-06501,RET-06501,Personal Loan,820000.0,13.39,24
LN-HM-06502,RET-06502,Vehicle Loan,1400000.0,10.29,36
LN-HM-06503,RET-06503,Personal Loan,1110000.0,13.96,60
LN-HM-06504,RET-06504,Home Loan,4800000.0,8.58,240
LN-HM-06505,RET-06505,Home Loan,7250000.0,9.44,240
LN-HM-06506,RET-06506,Personal Loan,1140000.0,13.78,24
LN-HM-06507,RET-06507,Vehicle Loan,790000.0,9.07,60
LN-HM-06508,RET-06508,Home Loan,7100000.0,8.62,180
LN-HM-06509,RET-06509,Personal Loan,1230000.0,13.32,12
LN-HM-06510,RET-06510,Vehicle Loan,1080000.0,9.49,60
LN-HM-06511,RET-06511,Personal Loan,360000.0,11.01,24
LN-HM-06512,RET-06512,Home Loan,3470000.0,8.53,120
LN-HM-06513,RET-06513,Home Loan,11880000.0,8.65,240
LN-HM-06514,RET-06514,Home Loan,860000.0,9.18,240
LN-HM-06515,RET-06515,Home Loan,850000.0,9.12,240
LN-HM-06516,RET-06516,Vehicle Loan,1600000.0,10.98,60
LN-HM-06517,RET-06517,Home Loan,3580000.0,9.1,300
LN-HM-06518,RET-06518,Home Loan,5450000.0,8.9,300
LN-HM-06519,RET-06519,Home Loan,2980000.0,8.51,240
LN-HM-06520,RET-06520,Home Loan,1490000.0,9.26,180
LN-HM-06521,RET-06521,Personal Loan,590000.0,13.68,48
LN-HM-06522,RET-06522,Vehicle Loan,2850000.0,10.41,60
LN-HM-06523,RET-06523,Vehicle Loan,660000.0,9.12,72
LN-HM-06524,RET-06524,Vehicle Loan,720000.0,9.56,72
LN-HM-06525,RET-06525,Vehicle Loan,410000.0,9.58,60
LN-HM-06526,RET-06526,Personal Loan,240000.0,12.87,12
LN-HM-06527,RET-06527,Personal Loan,1450000.0,13.32,60
LN-HM-06528,RET-06528,Personal Loan,350000.0,12.83,60
LN-HM-06529,RET-06529,Home Loan,6160000.0,8.83,240
LN-HM-06530,RET-06530,Home Loan,2580000.0,9.02,180
LN-HM-06531,RET-06531,Home Loan,1010000.0,8.94,300
LN-HM-06532,RET-06532,Personal Loan,820000.0,13.2,60
LN-HM-06533,RET-06533,Home Loan,2970000.0,9.28,120
LN-HM-06534,RET-06534,Home Loan,1570000.0,8.74,240
LN-HM-06535,RET-06535,Vehicle Loan,800000.0,10.95,36
LN-HM-06536,RET-06536,Home Loan,2540000.0,8.69,240
LN-HM-06537,RET-06537,Home Loan,1920000.0,9.41,180
LN-HM-06538,RET-06538,Home Loan,1550000.0,8.69,240
LN-HM-06539,RET-06539,Home Loan,7350000.0,9.47,180
LN-HM-06540,RET-06540,Home Loan,5170000.0,8.66,300
LN-HM-06541,RET-06541,Personal Loan,680000.0,12.39,36
LN-HM-06542,RET-06542,Personal Loan,800000.0,12.38,12
LN-HM-06543,RET-06543,Personal Loan,690000.0,13.37,24
LN-HM-06544,RET-06544,Home Loan,5430000.0,8.72,180
LN-HM-06545,RET-06545,Vehicle Loan,500000.0,10.93,36
LN-HM-06546,RET-06546,Home Loan,1000000.0,8.79,300
LN-HM-06547,RET-06547,Personal Loan,130000.0,13.56,36
LN-HM-06548,RET-06548,Home Loan,10020000.0,8.86,180
LN-HM-06549,RET-06549,Home Loan,2640000.0,8.67,300
LN-HM-06550,RET-06550,Personal Loan,1310000.0,11.35,24
LN-HM-06551,RET-06551,Vehicle Loan,1270000.0,9.78,84
LN-HM-06552,RET-06552,Personal Loan,1580000.0,12.58,36
LN-HM-06553,RET-06553,Home Loan,2130000.0,9.21,300
LN-HM-06554,RET-06554,Personal Loan,420000.0,12.13,48
LN-HM-06555,RET-06555,Home Loan,1250000.0,8.56,240
LN-HM-06556,RET-06556,Personal Loan,470000.0,11.95,60
LN-HM-06557,RET-06557,Home Loan,1470000.0,8.54,180
LN-HM-06558,RET-06558,Home Loan,2490000.0,9.21,300
LN-HM-06559,RET-06559,Personal Loan,190000.0,12.55,24
LN-HM-06560,RET-06560,Personal Loan,320000.0,13.2,36
LN-HM-06561,RET-06561,Home Loan,1830000.0,8.86,300
LN-HM-06562,RET-06562,Home Loan,4220000.0,9.18,300
LN-HM-06563,RET-06563,Personal Loan,1360000.0,13.79,24
LN-HM-06564,RET-06564,Vehicle Loan,1210000.0,10.15,72
LN-HM-06565,RET-06565,Home Loan,1440000.0,8.82,240
LN-HM-06566,RET-06566,Home Loan,1100000.0,8.98,120
LN-HM-06567,RET-06567,Vehicle Loan,1440000.0,10.87,60
LN-HM-06568,RET-06568,Home Loan,2510000.0,9.42,240
LN-HM-06569,RET-06569,Personal Loan,740000.0,13.88,60
LN-HM-06570,RET-06570,Home Loan,4890000.0,8.55,180
LN-HM-06571,RET-06571,Home Loan,7890000.0,8.73,300
LN-HM-06572,RET-06572,Personal Loan,340000.0,12.98,36
LN-HM-06573,RET-06573,Home Loan,1240000.0,9.12,180
LN-HM-06574,RET-06574,Home Loan,3250000.0,9.29,180
LN-HM-06575,RET-06575,Home Loan,1600000.0,9.14,120
LN-HM-06576,RET-06576,Home Loan,1090000.0,8.93,120
LN-HM-06577,RET-06577,Home Loan,5310000.0,9.17,240
LN-HM-06578,RET-06578,Home Loan,1680000.0,8.96,180
LN-HM-06579,RET-06579,Vehicle Loan,430000.0,10.11,84
LN-HM-06580,RET-06580,Personal Loan,540000.0,11.88,60
LN-HM-06581,RET-06581,Home Loan,5940000.0,9.44,240
LN-HM-06582,RET-06582,Personal Loan,280000.0,11.96,12
LN-HM-06583,RET-06583,Home Loan,1580000.0,8.83,180
LN-HM-06584,RET-06584,Home Loan,1350000.0,8.56,180
LN-HM-06585,RET-06585,Personal Loan,480000.0,13.25,12
LN-HM-06586,RET-06586,Personal Loan,770000.0,11.33,48
LN-HM-06587,RET-06587,Home Loan,4950000.0,8.82,120
LN-HM-06588,RET-06588,Home Loan,2680000.0,8.75,300
LN-HM-06589,RET-06589,Vehicle Loan,700000.0,9.75,72
LN-HM-06590,RET-06590,Vehicle Loan,4550000.0,10.59,36
LN-HM-06591,RET-06591,Home Loan,5130000.0,9.1,300
LN-HM-06592,RET-06592,Personal Loan,490000.0,13.66,24
LN-HM-06593,RET-06593,Vehicle Loan,380000.0,9.48,72
LN-HM-06594,RET-06594,Personal Loan,790000.0,11.83,36
LN-HM-06595,RET-06595,Home Loan,1070000.0,9.28,120
LN-HM-06596,RET-06596,Vehicle Loan,620000.0,10.39,72
LN-HM-06597,RET-06597,Vehicle Loan,640000.0,9.08,60
LN-HM-06598,RET-06598,Personal Loan,820000.0,13.8,60
LN-HM-06599,RET-06599,Personal Loan,1080000.0,13.67,24
LN-HM-06600,RET-06600,Home Loan,2170000.0,8.53,120
LN-HM-06601,RET-06601,Personal Loan,260000.0,13.6,48
LN-HM-06602,RET-06602,Home Loan,2780000.0,9.0,120
LN-HM-06603,RET-06603,Home Loan,2940000.0,8.98,120
LN-HM-06604,RET-06604,Personal Loan,230000.0,11.12,48
LN-HM-06605,RET-06605,Home Loan,3160000.0,9.38,180
LN-HM-06606,RET-06606,Home Loan,2470000.0,8.79,240
LN-HM-06607,RET-06607,Home Loan,2070000.0,8.98,120
LN-HM-06608,RET-06608,Home Loan,2600000.0,8.94,240
LN-HM-06609,RET-06609,Home Loan,3330000.0,8.56,120
LN-HM-06610,RET-06610,Vehicle Loan,1190000.0,10.19,72
LN-HM-06611,RET-06611,Home Loan,1310000.0,8.61,240
LN-HM-06612,RET-06612,Home Loan,3770000.0,9.23,300
LN-HM-06613,RET-06613,Home Loan,2820000.0,9.08,120
LN-HM-06614,RET-06614,Home Loan,8060000.0,9.09,300
LN-HM-06615,RET-06615,Home Loan,4590000.0,8.73,180
LN-HM-06616,RET-06616,Personal Loan,1850000.0,12.62,36
LN-HM-06617,RET-06617,Home Loan,1350000.0,8.68,300
LN-HM-06618,RET-06618,Home Loan,4990000.0,8.57,300
LN-HM-06619,RET-06619,Personal Loan,720000.0,11.44,36
LN-HM-06620,RET-06620,Vehicle Loan,1530000.0,10.91,36
LN-HM-06621,RET-06621,Vehicle Loan,1530000.0,9.5,84
LN-HM-06622,RET-06622,Vehicle Loan,1450000.0,10.02,60
LN-HM-06623,RET-06623,Home Loan,2050000.0,9.17,120
LN-HM-06624,RET-06624,Vehicle Loan,2450000.0,9.62,48
LN-HM-06625,RET-06625,Personal Loan,1270000.0,12.01,60
LN-HM-06626,RET-06626,Vehicle Loan,310000.0,10.46,84
LN-HM-06627,RET-06627,Vehicle Loan,970000.0,9.02,36
LN-HM-06628,RET-06628,Personal Loan,420000.0,12.42,24
LN-HM-06629,RET-06629,Home Loan,1800000.0,9.29,120
LN-HM-06630,RET-06630,Vehicle Loan,2010000.0,10.09,60
LN-HM-06631,RET-06631,Personal Loan,360000.0,11.32,24
LN-HM-06632,RET-06632,Personal Loan,440000.0,13.17,48
LN-HM-06633,RET-06633,Personal Loan,1500000.0,11.93,48
LN-HM-06634,RET-06634,Personal Loan,600000.0,12.05,60
LN-HM-06635,RET-06635,Personal Loan,1010000.0,12.96,36
LN-HM-06636,RET-06636,Home Loan,6000000.0,9.03,300
LN-HM-06637,RET-06637,Personal Loan,1230000.0,12.94,24
LN-HM-06638,RET-06638,Vehicle Loan,1470000.0,10.93,48
LN-HM-06639,RET-06639,Personal Loan,730000.0,12.38,12
LN-HM-06640,RET-06640,Home Loan,3890000.0,9.45,240
LN-HM-06641,RET-06641,Personal Loan,910000.0,12.95,12
LN-HM-06642,RET-06642,Vehicle Loan,2060000.0,10.09,84
LN-HM-06643,RET-06643,Vehicle Loan,1260000.0,10.09,60
LN-HM-06644,RET-06644,Home Loan,2730000.0,8.89,120
LN-HM-06645,RET-06645,Personal Loan,2740000.0,13.85,48
LN-HM-06646,RET-06646,Home Loan,2370000.0,9.5,300
LN-HM-06647,RET-06647,Personal Loan,460000.0,13.89,36
LN-HM-06648,RET-06648,Home Loan,4430000.0,8.94,180
LN-HM-06649,RET-06649,Home Loan,4650000.0,9.12,300
LN-HM-06650,RET-06650,Home Loan,2800000.0,8.87,300
LN-HM-06651,RET-06651,Home Loan,1380000.0,8.96,240
LN-HM-06652,RET-06652,Vehicle Loan,1110000.0,10.57,84
LN-HM-06653,RET-06653,Vehicle Loan,1460000.0,9.69,36
LN-HM-06654,RET-06654,Vehicle Loan,2600000.0,9.43,84
LN-HM-06655,RET-06655,Home Loan,3640000.0,8.69,120
LN-HM-06656,RET-06656,Home Loan,6440000.0,9.37,300
LN-HM-06657,RET-06657,Home Loan,2200000.0,9.28,180
LN-HM-06658,RET-06658,Personal Loan,310000.0,12.04,12
LN-HM-06659,RET-06659,Home Loan,4310000.0,8.62,240
LN-HM-06660,RET-06660,Personal Loan,790000.0,13.4,48
LN-HM-06661,RET-06661,Vehicle Loan,790000.0,9.68,48
LN-HM-06662,RET-06662,Vehicle Loan,780000.0,9.5,72
LN-HM-06663,RET-06663,Home Loan,1060000.0,9.02,180
LN-HM-06664,RET-06664,Home Loan,4300000.0,9.36,240
LN-HM-06665,RET-06665,Home Loan,3910000.0,8.99,180
LN-HM-06666,RET-06666,Home Loan,2250000.0,8.72,240
LN-HM-06667,RET-06667,Personal Loan,640000.0,13.93,12
LN-HM-06668,RET-06668,Home Loan,3560000.0,8.79,300
LN-HM-06669,RET-06669,Personal Loan,1030000.0,12.46,12
LN-HM-06670,RET-06670,Home Loan,6080000.0,9.0,180
LN-HM-06671,RET-06671,Vehicle Loan,3670000.0,9.81,84
LN-HM-06672,RET-06672,Personal Loan,420000.0,12.7,12
LN-HM-06673,RET-06673,Home Loan,1690000.0,8.74,240
LN-HM-06674,RET-06674,Home Loan,2040000.0,9.37,120
LN-HM-06675,RET-06675,Vehicle Loan,1720000.0,9.75,48
LN-HM-06676,RET-06676,Vehicle Loan,500000.0,10.09,60
LN-HM-06677,RET-06677,Home Loan,2690000.0,9.02,240
LN-HM-06678,RET-06678,Personal Loan,840000.0,13.15,12
LN-HM-06679,RET-06679,Personal Loan,1640000.0,11.45,36
LN-HM-06680,RET-06680,Vehicle Loan,2280000.0,9.14,48
LN-HM-06681,RET-06681,Vehicle Loan,560000.0,9.76,84
LN-HM-06682,RET-06682,Home Loan,6070000.0,8.65,180
LN-HM-06683,RET-06683,Vehicle Loan,430000.0,10.1,72
LN-HM-06684,RET-06684,Home Loan,3410000.0,9.33,180
LN-HM-06685,RET-06685,Vehicle Loan,820000.0,10.97,60
LN-HM-06686,RET-06686,Vehicle Loan,930000.0,10.34,84
LN-HM-06687,RET-06687,Home Loan,2050000.0,8.67,300
LN-HM-06688,RET-06688,Personal Loan,2150000.0,11.63,60
LN-HM-06689,RET-06689,Home Loan,2740000.0,9.29,240
LN-HM-06690,RET-06690,Home Loan,3910000.0,8.61,180
LN-HM-06691,RET-06691,Personal Loan,390000.0,12.25,48
LN-HM-06692,RET-06692,Personal Loan,200000.0,13.83,24
LN-HM-06693,RET-06693,Home Loan,2750000.0,9.3,300
LN-HM-06694,RET-06694,Personal Loan,1420000.0,13.88,60
LN-HM-06695,RET-06695,Home Loan,3800000.0,9.1,240
LN-HM-06696,RET-06696,Personal Loan,1450000.0,12.62,24
LN-HM-06697,RET-06697,Personal Loan,630000.0,11.17,48
LN-HM-06698,RET-06698,Home Loan,3260000.0,9.11,120
LN-HM-06699,RET-06699,Home Loan,3930000.0,8.85,300
LN-HM-06700,RET-06700,Home Loan,4410000.0,8.98,180
LN-HM-06701,RET-06701,Vehicle Loan,1920000.0,10.75,48
LN-HM-06702,RET-06702,Personal Loan,670000.0,11.38,48
LN-HM-06703,RET-06703,Home Loan,5750000.0,8.98,120
LN-HM-06704,RET-06704,Home Loan,4450000.0,9.24,300
LN-HM-06705,RET-06705,Personal Loan,1430000.0,11.3,60
LN-HM-06706,RET-06706,Personal Loan,1490000.0,13.6,36
LN-HM-06707,RET-06707,Home Loan,12390000.0,8.89,300
LN-HM-06708,RET-06708,Personal Loan,590000.0,12.08,48
LN-HM-06709,RET-06709,Personal Loan,740000.0,11.37,36
LN-HM-06710,RET-06710,Personal Loan,460000.0,11.33,24
LN-HM-06711,RET-06711,Home Loan,7070000.0,9.22,240
LN-HM-06712,RET-06712,Home Loan,4280000.0,9.38,300
LN-HM-06713,RET-06713,Vehicle Loan,2390000.0,10.62,72
LN-HM-06714,RET-06714,Home Loan,9720000.0,9.12,300
LN-HM-06715,RET-06715,Home Loan,4760000.0,8.61,180
LN-HM-06716,RET-06716,Home Loan,3330000.0,8.6,300
LN-HM-06717,RET-06717,Vehicle Loan,610000.0,9.82,48
LN-HM-06718,RET-06718,Vehicle Loan,1430000.0,10.42,36
LN-HM-06719,RET-06719,Home Loan,2390000.0,8.77,300
LN-HM-06720,RET-06720,Personal Loan,720000.0,12.6,48
LN-HM-06721,RET-06721,Vehicle Loan,660000.0,10.32,36
LN-HM-06722,RET-06722,Vehicle Loan,810000.0,9.25,84
LN-HM-06723,RET-06723,Personal Loan,360000.0,13.57,24
LN-HM-06724,RET-06724,Vehicle Loan,1490000.0,9.94,36
LN-HM-06725,RET-06725,Personal Loan,1160000.0,12.79,60
LN-HM-06726,RET-06726,Home Loan,1710000.0,8.96,240
LN-HM-06727,RET-06727,Personal Loan,2160000.0,13.97,24
LN-HM-06728,RET-06728,Personal Loan,1000000.0,12.35,60
LN-HM-06729,RET-06729,Personal Loan,200000.0,11.96,48
LN-HM-06730,RET-06730,Home Loan,6320000.0,9.3,120
LN-HM-06731,RET-06731,Home Loan,2610000.0,8.99,120
LN-HM-06732,RET-06732,Home Loan,3320000.0,9.07,300
LN-HM-06733,RET-06733,Vehicle Loan,960000.0,9.62,60
LN-HM-06734,RET-06734,Personal Loan,630000.0,13.7,24
LN-HM-06735,RET-06735,Home Loan,9610000.0,9.38,300
LN-HM-06736,RET-06736,Personal Loan,560000.0,12.88,24
LN-HM-06737,RET-06737,Home Loan,2610000.0,9.18,120
LN-HM-06738,RET-06738,Vehicle Loan,740000.0,10.67,36
LN-HM-06739,RET-06739,Personal Loan,1340000.0,12.05,60
LN-HM-06740,RET-06740,Home Loan,4320000.0,8.79,180
LN-HM-06741,RET-06741,Personal Loan,1190000.0,11.56,36
LN-HM-06742,RET-06742,Vehicle Loan,1190000.0,9.21,36
LN-HM-06743,RET-06743,Personal Loan,1720000.0,13.1,36
LN-HM-06744,RET-06744,Home Loan,5080000.0,8.57,180
LN-HM-06745,RET-06745,Vehicle Loan,1150000.0,10.38,36
LN-HM-06746,RET-06746,Home Loan,4470000.0,8.58,300
LN-HM-06747,RET-06747,Home Loan,12400000.0,9.36,120
LN-HM-06748,RET-06748,Home Loan,3470000.0,9.18,240
LN-HM-06749,RET-06749,Home Loan,5720000.0,8.94,300
LN-HM-06750,RET-06750,Personal Loan,2050000.0,13.52,24
LN-HM-06751,RET-06751,Home Loan,4660000.0,8.98,240
LN-HM-06752,RET-06752,Personal Loan,1000000.0,13.03,48
LN-HM-06753,RET-06753,Home Loan,810000.0,8.64,240
LN-HM-06754,RET-06754,Home Loan,1190000.0,8.95,120
LN-HM-06755,RET-06755,Personal Loan,2570000.0,13.09,36
LN-HM-06756,RET-06756,Home Loan,1980000.0,8.71,180
LN-HM-06757,RET-06757,Home Loan,3890000.0,8.58,300
LN-HM-06758,RET-06758,Home Loan,10260000.0,8.77,180
LN-HM-06759,RET-06759,Vehicle Loan,920000.0,10.75,84
LN-HM-06760,RET-06760,Home Loan,8020000.0,8.86,300
LN-HM-06761,RET-06761,Vehicle Loan,1130000.0,9.31,48
LN-HM-06762,RET-06762,Home Loan,6160000.0,8.57,240
LN-HM-06763,RET-06763,Home Loan,4540000.0,8.6,120
LN-HM-06764,RET-06764,Home Loan,7310000.0,9.07,180
LN-HM-06765,RET-06765,Personal Loan,770000.0,12.08,60
LN-HM-06766,RET-06766,Home Loan,1560000.0,9.46,180
LN-HM-06767,RET-06767,Personal Loan,560000.0,13.41,48
LN-HM-06768,RET-06768,Home Loan,3390000.0,8.63,120
LN-HM-06769,RET-06769,Vehicle Loan,570000.0,9.86,84
LN-HM-06770,RET-06770,Personal Loan,280000.0,13.51,24
LN-HM-06771,RET-06771,Personal Loan,950000.0,11.71,48
LN-HM-06772,RET-06772,Home Loan,8020000.0,8.66,180
LN-HM-06773,RET-06773,Personal Loan,1330000.0,13.27,36
LN-HM-06774,RET-06774,Home Loan,1630000.0,9.36,240
LN-HM-06775,RET-06775,Home Loan,2080000.0,9.25,240
LN-HM-06776,RET-06776,Home Loan,1130000.0,8.59,300
LN-HM-06777,RET-06777,Home Loan,3010000.0,9.38,240
LN-HM-06778,RET-06778,Home Loan,1500000.0,9.11,300
LN-HM-06779,RET-06779,Home Loan,7950000.0,9.02,300
LN-HM-06780,RET-06780,Home Loan,1660000.0,9.2,180
LN-HM-06781,RET-06781,Home Loan,3050000.0,8.65,240
LN-HM-06782,RET-06782,Home Loan,3320000.0,8.64,300
LN-HM-06783,RET-06783,Home Loan,2920000.0,8.83,120
LN-HM-06784,RET-06784,Home Loan,8770000.0,9.47,180
LN-HM-06785,RET-06785,Home Loan,1200000.0,8.93,300
LN-HM-06786,RET-06786,Home Loan,2970000.0,9.43,240
LN-HM-06787,RET-06787,Home Loan,1010000.0,9.24,300
LN-HM-06788,RET-06788,Home Loan,5330000.0,9.22,180
LN-HM-06789,RET-06789,Home Loan,2440000.0,8.66,180
LN-HM-06790,RET-06790,Home Loan,4000000.0,8.66,300
LN-HM-06791,RET-06791,Home Loan,2720000.0,9.49,240
LN-HM-06792,RET-06792,Personal Loan,1100000.0,12.22,24
LN-HM-06793,RET-06793,Home Loan,4000000.0,8.8,300
LN-HM-06794,RET-06794,Home Loan,1690000.0,9.39,180
LN-HM-06795,RET-06795,Personal Loan,550000.0,11.68,48
LN-HM-06796,RET-06796,Home Loan,2270000.0,9.41,180
LN-HM-06797,RET-06797,Home Loan,5860000.0,8.5,180
LN-HM-06798,RET-06798,Vehicle Loan,800000.0,10.45,48
LN-HM-06799,RET-06799,Personal Loan,350000.0,12.66,36
LN-HM-06800,RET-06800,Home Loan,12080000.0,8.61,180
LN-HM-06801,RET-06801,Home Loan,9200000.0,8.86,300
LN-HM-06802,RET-06802,Personal Loan,2330000.0,12.17,60
LN-HM-06803,RET-06803,Personal Loan,820000.0,11.69,60
LN-HM-06804,RET-06804,Personal Loan,650000.0,13.0,36
LN-HM-06805,RET-06805,Personal Loan,1590000.0,11.16,60
LN-HM-06806,RET-06806,Home Loan,7080000.0,9.05,180
LN-HM-06807,RET-06807,Vehicle Loan,1000000.0,10.5,84
LN-HM-06808,RET-06808,Home Loan,1220000.0,9.28,120
LN-HM-06809,RET-06809,Home Loan,2130000.0,8.53,240
LN-HM-06810,RET-06810,Home Loan,3640000.0,8.81,120
LN-HM-06811,RET-06811,Vehicle Loan,650000.0,9.04,60
LN-HM-06812,RET-06812,Personal Loan,270000.0,11.99,24
LN-HM-06813,RET-06813,Home Loan,2300000.0,9.39,240
LN-HM-06814,RET-06814,Vehicle Loan,280000.0,9.61,60
LN-HM-06815,RET-06815,Home Loan,1660000.0,9.14,180
LN-HM-06816,RET-06816,Vehicle Loan,590000.0,10.09,36
LN-HM-06817,RET-06817,Home Loan,3310000.0,9.07,120
LN-HM-06818,RET-06818,Personal Loan,860000.0,12.79,60
LN-HM-06819,RET-06819,Home Loan,3490000.0,8.9,180
LN-HM-06820,RET-06820,Vehicle Loan,1960000.0,9.14,84
LN-HM-06821,RET-06821,Home Loan,2210000.0,8.8,180
LN-HM-06822,RET-06822,Home Loan,1700000.0,8.63,300
LN-HM-06823,RET-06823,Home Loan,3220000.0,8.55,180
LN-HM-06824,RET-06824,Home Loan,1980000.0,9.2,240
LN-HM-06825,RET-06825,Home Loan,1270000.0,8.94,120
LN-HM-06826,RET-06826,Home Loan,5300000.0,8.91,300
LN-HM-06827,RET-06827,Home Loan,1730000.0,8.7,120
LN-HM-06828,RET-06828,Home Loan,6230000.0,9.5,180
LN-HM-06829,RET-06829,Personal Loan,240000.0,12.64,48
LN-HM-06830,RET-06830,Home Loan,3400000.0,9.1,120
LN-HM-06831,RET-06831,Vehicle Loan,960000.0,9.31,72
LN-HM-06832,RET-06832,Personal Loan,1860000.0,12.03,12
LN-HM-06833,RET-06833,Home Loan,3730000.0,8.89,300
LN-HM-06834,RET-06834,Home Loan,1770000.0,8.78,120
LN-HM-06835,RET-06835,Personal Loan,910000.0,12.35,60
LN-HM-06836,RET-06836,Vehicle Loan,3000000.0,10.89,60
LN-HM-06837,RET-06837,Personal Loan,2390000.0,11.85,12
LN-HM-06838,RET-06838,Home Loan,1060000.0,9.17,120
LN-HM-06839,RET-06839,Home Loan,6410000.0,8.84,240
LN-HM-06840,RET-06840,Home Loan,5570000.0,8.59,300
LN-HM-06841,RET-06841,Personal Loan,800000.0,13.55,12
LN-HM-06842,RET-06842,Home Loan,3060000.0,9.32,120
LN-HM-06843,RET-06843,Vehicle Loan,880000.0,9.91,72
LN-HM-06844,RET-06844,Home Loan,1710000.0,8.99,180
LN-HM-06845,RET-06845,Personal Loan,1210000.0,12.88,24
LN-HM-06846,RET-06846,Vehicle Loan,940000.0,9.58,60
LN-HM-06847,RET-06847,Home Loan,3670000.0,9.28,180
LN-HM-06848,RET-06848,Home Loan,5550000.0,9.43,240
LN-HM-06849,RET-06849,Home Loan,15450000.0,8.9,180
LN-HM-06850,RET-06850,Vehicle Loan,2090000.0,9.64,84
LN-HM-06851,RET-06851,Home Loan,4180000.0,9.08,240
LN-HM-06852,RET-06852,Personal Loan,140000.0,11.23,12
LN-HM-06853,RET-06853,Personal Loan,510000.0,13.37,24
LN-HM-06854,RET-06854,Home Loan,11120000.0,9.3,300
LN-HM-06855,RET-06855,Personal Loan,290000.0,12.95,12
LN-HM-06856,RET-06856,Home Loan,8450000.0,9.31,240
LN-HM-06857,RET-06857,Home Loan,3250000.0,9.19,240
LN-HM-06858,RET-06858,Home Loan,3110000.0,8.95,180
LN-HM-06859,RET-06859,Personal Loan,420000.0,13.05,24
LN-HM-06860,RET-06860,Home Loan,7380000.0,9.12,300
LN-HM-06861,RET-06861,Home Loan,2110000.0,9.04,240
LN-HM-06862,RET-06862,Personal Loan,290000.0,12.84,24
LN-HM-06863,RET-06863,Home Loan,1320000.0,8.8,300
LN-HM-06864,RET-06864,Home Loan,5360000.0,8.78,180
LN-HM-06865,RET-06865,Personal Loan,900000.0,11.35,60
LN-HM-06866,RET-06866,Personal Loan,380000.0,13.75,36
LN-HM-06867,RET-06867,Personal Loan,1370000.0,11.82,12
LN-HM-06868,RET-06868,Vehicle Loan,1190000.0,9.04,36
LN-HM-06869,RET-06869,Vehicle Loan,1100000.0,10.72,36
LN-HM-06870,RET-06870,Home Loan,1950000.0,9.06,120
LN-HM-06871,RET-06871,Home Loan,1460000.0,9.39,300
LN-HM-06872,RET-06872,Home Loan,3510000.0,8.94,240
LN-HM-06873,RET-06873,Home Loan,1580000.0,8.71,300
LN-HM-06874,RET-06874,Personal Loan,1030000.0,11.53,36
LN-HM-06875,RET-06875,Vehicle Loan,970000.0,10.37,48
LN-HM-06876,RET-06876,Home Loan,1930000.0,8.76,180
LN-HM-06877,RET-06877,Home Loan,5660000.0,8.72,180
LN-HM-06878,RET-06878,Home Loan,1260000.0,8.62,120
LN-HM-06879,RET-06879,Personal Loan,130000.0,13.07,36
LN-HM-06880,RET-06880,Home Loan,3290000.0,8.8,180
LN-HM-06881,RET-06881,Personal Loan,560000.0,13.04,48
LN-HM-06882,RET-06882,Personal Loan,820000.0,11.14,48
LN-HM-06883,RET-06883,Home Loan,1480000.0,9.43,300
LN-HM-06884,RET-06884,Vehicle Loan,1390000.0,9.21,84
LN-HM-06885,RET-06885,Vehicle Loan,760000.0,10.4,36
LN-HM-06886,RET-06886,Home Loan,1990000.0,9.17,240
LN-HM-06887,RET-06887,Vehicle Loan,1470000.0,10.63,48
LN-HM-06888,RET-06888,Home Loan,4080000.0,9.42,120
LN-HM-06889,RET-06889,Home Loan,2140000.0,9.47,180
LN-HM-06890,RET-06890,Home Loan,1650000.0,8.87,120
LN-HM-06891,RET-06891,Home Loan,1780000.0,9.02,300
LN-HM-06892,RET-06892,Home Loan,1350000.0,9.39,300
LN-HM-06893,RET-06893,Home Loan,2790000.0,8.65,300
LN-HM-06894,RET-06894,Home Loan,3290000.0,9.21,120
LN-HM-06895,RET-06895,Vehicle Loan,490000.0,9.15,72
LN-HM-06896,RET-06896,Vehicle Loan,1530000.0,9.94,60
LN-HM-06897,RET-06897,Vehicle Loan,740000.0,10.1,72
LN-HM-06898,RET-06898,Home Loan,7240000.0,8.73,240
LN-HM-06899,RET-06899,Vehicle Loan,760000.0,10.25,48
LN-HM-06900,RET-06900,Home Loan,2150000.0,9.16,180
LN-HM-06901,RET-06901,Vehicle Loan,1340000.0,9.92,72
LN-HM-06902,RET-06902,Personal Loan,400000.0,12.87,48
LN-HM-06903,RET-06903,Personal Loan,1240000.0,13.21,60
LN-HM-06904,RET-06904,Home Loan,990000.0,9.49,120
LN-HM-06905,RET-06905,Home Loan,3880000.0,9.2,240
LN-HM-06906,RET-06906,Vehicle Loan,720000.0,9.76,48
LN-HM-06907,RET-06907,Home Loan,4100000.0,8.68,120
LN-HM-06908,RET-06908,Home Loan,3770000.0,9.32,120
LN-HM-06909,RET-06909,Vehicle Loan,1850000.0,9.89,36
LN-HM-06910,RET-06910,Personal Loan,190000.0,11.94,60
LN-HM-06911,RET-06911,Home Loan,8540000.0,9.16,240
LN-HM-06912,RET-06912,Vehicle Loan,1690000.0,10.76,48
LN-HM-06913,RET-06913,Vehicle Loan,920000.0,9.24,84
LN-HM-06914,RET-06914,Personal Loan,200000.0,12.32,60
LN-HM-06915,RET-06915,Personal Loan,340000.0,12.93,24
LN-HM-06916,RET-06916,Home Loan,2200000.0,9.28,120
LN-HM-06917,RET-06917,Vehicle Loan,1260000.0,9.01,84
LN-HM-06918,RET-06918,Home Loan,2950000.0,8.58,120
LN-HM-06919,RET-06919,Home Loan,3120000.0,9.4,180
LN-HM-06920,RET-06920,Personal Loan,250000.0,13.92,36
LN-HM-06921,RET-06921,Home Loan,2630000.0,9.12,120
LN-HM-06922,RET-06922,Home Loan,4880000.0,9.31,120
LN-HM-06923,RET-06923,Vehicle Loan,2140000.0,9.19,72
LN-HM-06924,RET-06924,Home Loan,1200000.0,9.1,240
LN-HM-06925,RET-06925,Personal Loan,440000.0,11.29,24
LN-HM-06926,RET-06926,Home Loan,2300000.0,9.36,120
LN-HM-06927,RET-06927,Home Loan,1720000.0,9.26,300
LN-HM-06928,RET-06928,Personal Loan,1330000.0,12.61,12
LN-HM-06929,RET-06929,Personal Loan,3090000.0,11.41,48
LN-HM-06930,RET-06930,Home Loan,2020000.0,8.99,180
LN-HM-06931,RET-06931,Home Loan,3550000.0,9.18,120
LN-HM-06932,RET-06932,Home Loan,2970000.0,9.34,240
LN-HM-06933,RET-06933,Vehicle Loan,1020000.0,9.09,60
LN-HM-06934,RET-06934,Personal Loan,2410000.0,12.39,48
LN-HM-06935,RET-06935,Home Loan,4070000.0,9.32,240
LN-HM-06936,RET-06936,Home Loan,1360000.0,9.27,240
LN-HM-06937,RET-06937,Home Loan,1450000.0,8.54,240
LN-HM-06938,RET-06938,Home Loan,1690000.0,8.56,180
LN-HM-06939,RET-06939,Home Loan,1490000.0,8.62,300
LN-HM-06940,RET-06940,Vehicle Loan,700000.0,9.0,36
LN-HM-06941,RET-06941,Home Loan,2200000.0,9.04,300
LN-HM-06942,RET-06942,Home Loan,770000.0,8.74,300
LN-HM-06943,RET-06943,Vehicle Loan,310000.0,10.67,48
LN-HM-06944,RET-06944,Home Loan,1480000.0,9.4,240
LN-HM-06945,RET-06945,Personal Loan,190000.0,11.68,60
LN-HM-06946,RET-06946,Home Loan,7160000.0,9.33,300
LN-HM-06947,RET-06947,Home Loan,2970000.0,8.53,240
LN-HM-06948,RET-06948,Home Loan,1770000.0,8.73,180
LN-HM-06949,RET-06949,Personal Loan,130000.0,13.09,12
LN-HM-06950,RET-06950,Home Loan,1500000.0,9.37,240
LN-HM-06951,RET-06951,Home Loan,4630000.0,9.45,300
LN-HM-06952,RET-06952,Vehicle Loan,1690000.0,10.7,48
LN-HM-06953,RET-06953,Personal Loan,420000.0,12.45,60
LN-HM-06954,RET-06954,Personal Loan,850000.0,12.02,48
LN-HM-06955,RET-06955,Home Loan,1240000.0,9.26,300
LN-HM-06956,RET-06956,Home Loan,1440000.0,9.39,180
LN-HM-06957,RET-06957,Home Loan,4630000.0,9.1,120
LN-HM-06958,RET-06958,Home Loan,2840000.0,9.07,300
LN-HM-06959,RET-06959,Personal Loan,2050000.0,13.05,36
LN-HM-06960,RET-06960,Home Loan,8560000.0,8.93,120
LN-HM-06961,RET-06961,Vehicle Loan,930000.0,9.66,60
LN-HM-06962,RET-06962,Home Loan,3440000.0,8.8,300
LN-HM-06963,RET-06963,Home Loan,11360000.0,8.55,240
LN-HM-06964,RET-06964,Home Loan,5820000.0,8.62,300
LN-HM-06965,RET-06965,Home Loan,4030000.0,9.16,120
LN-HM-06966,RET-06966,Vehicle Loan,1050000.0,9.15,72
LN-HM-06967,RET-06967,Home Loan,2830000.0,9.03,240
LN-HM-06968,RET-06968,Home Loan,4320000.0,9.33,240
LN-HM-06969,RET-06969,Personal Loan,500000.0,13.95,60
LN-HM-06970,RET-06970,Home Loan,3090000.0,9.36,240
LN-HM-06971,RET-06971,Personal Loan,430000.0,13.01,24
LN-HM-06972,RET-06972,Home Loan,5860000.0,9.44,300
LN-HM-06973,RET-06973,Personal Loan,390000.0,11.3,12
LN-HM-06974,RET-06974,Personal Loan,1480000.0,11.07,60
LN-HM-06975,RET-06975,Home Loan,1110000.0,9.49,180
LN-HM-06976,RET-06976,Home Loan,9210000.0,9.12,240
LN-HM-06977,RET-06977,Vehicle Loan,1860000.0,10.37,84
LN-HM-06978,RET-06978,Personal Loan,320000.0,11.38,48
LN-HM-06979,RET-06979,Personal Loan,770000.0,12.02,48
LN-HM-06980,RET-06980,Home Loan,2390000.0,8.72,180
LN-HM-06981,RET-06981,Personal Loan,220000.0,13.49,48
LN-HM-06982,RET-06982,Personal Loan,760000.0,11.11,24
LN-HM-06983,RET-06983,Personal Loan,1320000.0,11.24,24
LN-HM-06984,RET-06984,Home Loan,1710000.0,9.35,120
LN-HM-06985,RET-06985,Vehicle Loan,400000.0,9.32,60
LN-HM-06986,RET-06986,Personal Loan,970000.0,11.08,60
LN-HM-06987,RET-06987,Personal Loan,390000.0,13.36,48
LN-HM-06988,RET-06988,Home Loan,2130000.0,8.56,300
LN-HM-06989,RET-06989,Home Loan,9280000.0,9.44,300
LN-HM-06990,RET-06990,Home Loan,4940000.0,8.96,300
LN-HM-06991,RET-06991,Home Loan,2630000.0,8.84,180
LN-HM-06992,RET-06992,Home Loan,1410000.0,8.58,120
LN-HM-06993,RET-06993,Home Loan,6740000.0,9.47,120
LN-HM-06994,RET-06994,Personal Loan,800000.0,12.59,36
LN-HM-06995,RET-06995,Home Loan,1830000.0,8.72,240
LN-HM-06996,RET-06996,Home Loan,1510000.0,8.97,240
LN-HM-06997,RET-06997,Personal Loan,1130000.0,12.56,60
LN-HM-06998,RET-06998,Personal Loan,670000.0,13.93,24
LN-HM-06999,RET-06999,Home Loan,2960000.0,8.74,120
LN-HM-07000,RET-07000,Home Loan,1410000.0,9.31,300
LN-HM-07001,RET-07001,Personal Loan,920000.0,12.16,36
LN-HM-07002,RET-07002,Personal Loan,650000.0,12.38,60
LN-HM-07003,RET-07003,Home Loan,1900000.0,8.63,300
LN-HM-07004,RET-07004,Home Loan,5070000.0,8.77,180
LN-HM-07005,RET-07005,Vehicle Loan,1650000.0,10.96,36
LN-HM-07006,RET-07006,Home Loan,6830000.0,8.88,300
LN-HM-07007,RET-07007,Vehicle Loan,880000.0,10.29,48
LN-HM-07008,RET-07008,Vehicle Loan,710000.0,9.27,60
LN-HM-07009,RET-07009,Home Loan,3300000.0,8.84,300
LN-HM-07010,RET-07010,Home Loan,10860000.0,9.24,240
LN-HM-07011,RET-07011,Home Loan,1470000.0,8.96,300
LN-HM-07012,RET-07012,Personal Loan,140000.0,13.44,60
LN-HM-07013,RET-07013,Home Loan,3080000.0,8.73,180
LN-HM-07014,RET-07014,Personal Loan,770000.0,12.24,36
LN-HM-07015,RET-07015,Personal Loan,790000.0,11.86,36
LN-HM-07016,RET-07016,Personal Loan,400000.0,11.53,24
LN-HM-07017,RET-07017,Personal Loan,1140000.0,11.38,60
LN-HM-07018,RET-07018,Vehicle Loan,860000.0,10.45,60
LN-HM-07019,RET-07019,Personal Loan,1230000.0,13.53,24
LN-HM-07020,RET-07020,Home Loan,880000.0,9.07,120
LN-HM-07021,RET-07021,Home Loan,2350000.0,8.89,300
LN-HM-07022,RET-07022,Vehicle Loan,510000.0,10.08,48
LN-HM-07023,RET-07023,Vehicle Loan,260000.0,10.06,60
LN-HM-07024,RET-07024,Home Loan,4170000.0,8.89,120
LN-HM-07025,RET-07025,Home Loan,3070000.0,8.99,300
LN-HM-07026,RET-07026,Home Loan,2830000.0,8.62,180
LN-HM-07027,RET-07027,Vehicle Loan,710000.0,9.47,72
LN-HM-07028,RET-07028,Home Loan,3170000.0,9.16,120
LN-HM-07029,RET-07029,Vehicle Loan,2070000.0,9.49,72
LN-HM-07030,RET-07030,Home Loan,4220000.0,9.09,180
LN-HM-07031,RET-07031,Home Loan,5020000.0,8.96,180
LN-HM-07032,RET-07032,Home Loan,13140000.0,8.84,180
LN-HM-07033,RET-07033,Vehicle Loan,810000.0,10.95,36
LN-HM-07034,RET-07034,Home Loan,1100000.0,8.51,300
LN-HM-07035,RET-07035,Vehicle Loan,2100000.0,10.95,84
LN-HM-07036,RET-07036,Personal Loan,2840000.0,11.22,12
LN-HM-07037,RET-07037,Home Loan,2790000.0,9.06,300
LN-HM-07038,RET-07038,Personal Loan,2030000.0,11.41,36
LN-HM-07039,RET-07039,Home Loan,2220000.0,8.83,240
LN-HM-07040,RET-07040,Vehicle Loan,1820000.0,10.05,60
LN-HM-07041,RET-07041,Personal Loan,980000.0,12.33,36
LN-HM-07042,RET-07042,Home Loan,2900000.0,8.54,120
LN-HM-07043,RET-07043,Home Loan,12860000.0,8.51,180
LN-HM-07044,RET-07044,Home Loan,9140000.0,9.02,180
LN-HM-07045,RET-07045,Home Loan,1590000.0,8.77,240
LN-HM-07046,RET-07046,Home Loan,4870000.0,9.48,120
LN-HM-07047,RET-07047,Home Loan,5320000.0,8.54,240
LN-HM-07048,RET-07048,Home Loan,1110000.0,9.17,180
LN-HM-07049,RET-07049,Personal Loan,970000.0,13.99,48
LN-HM-07050,RET-07050,Home Loan,1380000.0,9.18,180
LN-HM-07051,RET-07051,Personal Loan,580000.0,11.95,36
LN-HM-07052,RET-07052,Home Loan,4600000.0,8.97,180
LN-HM-07053,RET-07053,Home Loan,3080000.0,8.5,300
LN-HM-07054,RET-07054,Vehicle Loan,450000.0,9.96,48
LN-HM-07055,RET-07055,Home Loan,2660000.0,8.66,180
LN-HM-07056,RET-07056,Vehicle Loan,1060000.0,10.6,60
LN-HM-07057,RET-07057,Vehicle Loan,1350000.0,9.42,72
LN-HM-07058,RET-07058,Personal Loan,1280000.0,12.53,60
LN-HM-07059,RET-07059,Personal Loan,1890000.0,11.93,12
LN-HM-07060,RET-07060,Vehicle Loan,2010000.0,9.8,84
LN-HM-07061,RET-07061,Home Loan,2470000.0,9.26,300
LN-HM-07062,RET-07062,Home Loan,4080000.0,9.31,120
LN-HM-07063,RET-07063,Personal Loan,480000.0,12.6,60
LN-HM-07064,RET-07064,Home Loan,1350000.0,8.81,180
LN-HM-07065,RET-07065,Home Loan,5870000.0,8.59,300
LN-HM-07066,RET-07066,Personal Loan,420000.0,11.67,24
LN-HM-07067,RET-07067,Vehicle Loan,630000.0,10.45,36
LN-HM-07068,RET-07068,Vehicle Loan,1030000.0,10.56,60
LN-HM-07069,RET-07069,Home Loan,3490000.0,9.47,300
LN-HM-07070,RET-07070,Home Loan,2920000.0,8.73,180
LN-HM-07071,RET-07071,Personal Loan,1920000.0,13.93,12
LN-HM-07072,RET-07072,Personal Loan,570000.0,11.71,48
LN-HM-07073,RET-07073,Vehicle Loan,1440000.0,10.8,60
LN-HM-07074,RET-07074,Personal Loan,770000.0,12.5,36
LN-HM-07075,RET-07075,Personal Loan,1390000.0,13.8,12
LN-HM-07076,RET-07076,Home Loan,2100000.0,8.61,120
LN-HM-07077,RET-07077,Personal Loan,750000.0,12.95,12
LN-HM-07078,RET-07078,Home Loan,4260000.0,8.83,240
LN-HM-07079,RET-07079,Personal Loan,440000.0,13.61,36
LN-HM-07080,RET-07080,Personal Loan,160000.0,12.75,12
LN-HM-07081,RET-07081,Home Loan,3360000.0,9.05,180
LN-HM-07082,RET-07082,Vehicle Loan,2240000.0,10.78,84
LN-HM-07083,RET-07083,Personal Loan,320000.0,11.61,36
LN-HM-07084,RET-07084,Personal Loan,800000.0,11.59,12
LN-HM-07085,RET-07085,Home Loan,5120000.0,8.99,120
LN-HM-07086,RET-07086,Personal Loan,380000.0,12.76,36
LN-HM-07087,RET-07087,Personal Loan,1000000.0,13.19,12
LN-HM-07088,RET-07088,Home Loan,12850000.0,8.69,120
LN-HM-07089,RET-07089,Personal Loan,350000.0,13.34,12
LN-HM-07090,RET-07090,Personal Loan,400000.0,11.6,12
LN-HM-07091,RET-07091,Home Loan,5390000.0,9.45,120
LN-HM-07092,RET-07092,Personal Loan,1740000.0,12.4,12
LN-HM-07093,RET-07093,Vehicle Loan,900000.0,9.85,48
LN-HM-07094,RET-07094,Personal Loan,1560000.0,12.92,48
LN-HM-07095,RET-07095,Home Loan,3700000.0,8.8,240
LN-HM-07096,RET-07096,Home Loan,2210000.0,9.38,240
LN-HM-07097,RET-07097,Home Loan,3330000.0,9.18,300
LN-HM-07098,RET-07098,Personal Loan,490000.0,12.36,48
LN-HM-07099,RET-07099,Personal Loan,4620000.0,13.41,60
LN-HM-07100,RET-07100,Personal Loan,210000.0,12.59,24
LN-HM-07101,RET-07101,Personal Loan,350000.0,11.89,24
LN-HM-07102,RET-07102,Personal Loan,590000.0,11.41,36
LN-HM-07103,RET-07103,Home Loan,4660000.0,8.68,120
LN-HM-07104,RET-07104,Home Loan,3120000.0,8.58,180
LN-HM-07105,RET-07105,Home Loan,1790000.0,9.17,180
LN-HM-07106,RET-07106,Home Loan,1750000.0,8.83,120
LN-HM-07107,RET-07107,Vehicle Loan,1050000.0,9.18,60
LN-HM-07108,RET-07108,Vehicle Loan,1690000.0,9.42,36
LN-HM-07109,RET-07109,Vehicle Loan,550000.0,9.39,48
LN-HM-07110,RET-07110,Home Loan,2760000.0,8.67,240
LN-HM-07111,RET-07111,Vehicle Loan,730000.0,10.52,84
LN-HM-07112,RET-07112,Home Loan,930000.0,8.69,300
LN-HM-07113,RET-07113,Home Loan,1880000.0,8.83,300
LN-HM-07114,RET-07114,Home Loan,4410000.0,9.07,300
LN-HM-07115,RET-07115,Vehicle Loan,570000.0,11.0,36
LN-HM-07116,RET-07116,Home Loan,7610000.0,8.71,300
LN-HM-07117,RET-07117,Personal Loan,540000.0,11.44,24
LN-HM-07118,RET-07118,Home Loan,1530000.0,8.68,120
LN-HM-07119,RET-07119,Vehicle Loan,1040000.0,9.37,48
LN-HM-07120,RET-07120,Personal Loan,380000.0,11.77,36
LN-HM-07121,RET-07121,Home Loan,3480000.0,8.6,300
LN-HM-07122,RET-07122,Personal Loan,2050000.0,13.32,36
LN-HM-07123,RET-07123,Personal Loan,450000.0,13.59,24
LN-HM-07124,RET-07124,Vehicle Loan,1010000.0,9.9,72
LN-HM-07125,RET-07125,Personal Loan,200000.0,11.95,48
LN-HM-07126,RET-07126,Personal Loan,420000.0,11.89,12
LN-HM-07127,RET-07127,Home Loan,2500000.0,9.38,120
LN-HM-07128,RET-07128,Vehicle Loan,560000.0,9.91,84
LN-HM-07129,RET-07129,Vehicle Loan,800000.0,10.36,60
LN-HM-07130,RET-07130,Personal Loan,540000.0,12.67,60
LN-HM-07131,RET-07131,Home Loan,2470000.0,9.33,180
LN-HM-07132,RET-07132,Personal Loan,410000.0,12.94,48
LN-HM-07133,RET-07133,Personal Loan,1430000.0,13.88,36
LN-HM-07134,RET-07134,Home Loan,1920000.0,9.21,240
LN-HM-07135,RET-07135,Home Loan,9250000.0,9.06,120
LN-HM-07136,RET-07136,Home Loan,2350000.0,9.29,300
LN-HM-07137,RET-07137,Vehicle Loan,1260000.0,10.65,36
LN-HM-07138,RET-07138,Vehicle Loan,430000.0,10.93,36
LN-HM-07139,RET-07139,Personal Loan,370000.0,12.23,48
LN-HM-07140,RET-07140,Home Loan,860000.0,9.44,120
LN-HM-07141,RET-07141,Personal Loan,810000.0,12.7,36
LN-HM-07142,RET-07142,Home Loan,2900000.0,8.56,300
LN-HM-07143,RET-07143,Vehicle Loan,1580000.0,9.72,60
LN-HM-07144,RET-07144,Personal Loan,1770000.0,11.08,36
LN-HM-07145,RET-07145,Vehicle Loan,1630000.0,10.64,48
LN-HM-07146,RET-07146,Personal Loan,740000.0,11.01,60
LN-HM-07147,RET-07147,Personal Loan,560000.0,11.79,12
LN-HM-07148,RET-07148,Personal Loan,1030000.0,11.42,24
LN-HM-07149,RET-07149,Home Loan,1690000.0,8.69,120
LN-HM-07150,RET-07150,Personal Loan,280000.0,12.64,36
LN-HM-07151,RET-07151,Home Loan,5680000.0,9.22,180
LN-HM-07152,RET-07152,Personal Loan,370000.0,11.6,24
LN-HM-07153,RET-07153,Vehicle Loan,1610000.0,9.73,60
LN-HM-07154,RET-07154,Home Loan,4700000.0,8.89,120
LN-HM-07155,RET-07155,Home Loan,1360000.0,8.62,300
LN-HM-07156,RET-07156,Home Loan,2630000.0,9.21,180
LN-HM-07157,RET-07157,Home Loan,2430000.0,8.77,180
LN-HM-07158,RET-07158,Vehicle Loan,1370000.0,9.73,60
LN-HM-07159,RET-07159,Home Loan,5300000.0,8.7,240
LN-HM-07160,RET-07160,Home Loan,3470000.0,8.5,120
LN-HM-07161,RET-07161,Home Loan,3690000.0,9.22,120
LN-HM-07162,RET-07162,Vehicle Loan,1990000.0,10.14,60
LN-HM-07163,RET-07163,Personal Loan,930000.0,13.3,12
LN-HM-07164,RET-07164,Personal Loan,1250000.0,12.79,48
LN-HM-07165,RET-07165,Personal Loan,760000.0,13.74,48
LN-HM-07166,RET-07166,Home Loan,2840000.0,8.61,120
LN-HM-07167,RET-07167,Personal Loan,1420000.0,12.76,24
LN-HM-07168,RET-07168,Personal Loan,990000.0,13.73,24
LN-HM-07169,RET-07169,Home Loan,4050000.0,9.37,120
LN-HM-07170,RET-07170,Home Loan,2560000.0,9.15,240
LN-HM-07171,RET-07171,Home Loan,4860000.0,8.69,300
LN-HM-07172,RET-07172,Vehicle Loan,280000.0,9.72,48
LN-HM-07173,RET-07173,Home Loan,7070000.0,9.26,180
LN-HM-07174,RET-07174,Personal Loan,1020000.0,13.57,60
LN-HM-07175,RET-07175,Home Loan,3560000.0,8.74,120
LN-HM-07176,RET-07176,Personal Loan,290000.0,13.34,48
LN-HM-07177,RET-07177,Personal Loan,1130000.0,11.22,24
LN-HM-07178,RET-07178,Personal Loan,2150000.0,13.86,12
LN-HM-07179,RET-07179,Vehicle Loan,1510000.0,10.79,72
LN-HM-07180,RET-07180,Home Loan,8720000.0,8.6,300
LN-HM-07181,RET-07181,Home Loan,6230000.0,9.32,120
LN-HM-07182,RET-07182,Home Loan,2510000.0,9.1,240
LN-HM-07183,RET-07183,Personal Loan,1040000.0,13.53,12
LN-HM-07184,RET-07184,Personal Loan,1150000.0,12.93,12
LN-HM-07185,RET-07185,Vehicle Loan,540000.0,10.43,36
LN-HM-07186,RET-07186,Personal Loan,480000.0,11.34,36
LN-HM-07187,RET-07187,Home Loan,3090000.0,8.96,120
LN-HM-07188,RET-07188,Vehicle Loan,1280000.0,9.59,72
LN-HM-07189,RET-07189,Personal Loan,740000.0,11.24,60
LN-HM-07190,RET-07190,Personal Loan,710000.0,12.22,60
LN-HM-07191,RET-07191,Personal Loan,690000.0,12.63,24
LN-HM-07192,RET-07192,Home Loan,4870000.0,8.56,180
LN-HM-07193,RET-07193,Vehicle Loan,1370000.0,10.08,36
LN-HM-07194,RET-07194,Home Loan,1680000.0,8.9,240
LN-HM-07195,RET-07195,Home Loan,11410000.0,8.67,180
LN-HM-07196,RET-07196,Personal Loan,290000.0,13.1,36
LN-HM-07197,RET-07197,Personal Loan,530000.0,11.76,36
LN-HM-07198,RET-07198,Personal Loan,550000.0,13.6,48
LN-HM-07199,RET-07199,Vehicle Loan,4940000.0,9.65,84
LN-HM-07200,RET-07200,Home Loan,4480000.0,8.71,240
LN-HM-07201,RET-07201,Vehicle Loan,870000.0,10.21,48
LN-HM-07202,RET-07202,Personal Loan,200000.0,12.12,60
LN-HM-07203,RET-07203,Home Loan,1460000.0,8.87,120
LN-HM-07204,RET-07204,Home Loan,3870000.0,8.73,300
LN-HM-07205,RET-07205,Home Loan,4130000.0,9.12,120
LN-HM-07206,RET-07206,Home Loan,1590000.0,9.13,120
LN-HM-07207,RET-07207,Personal Loan,950000.0,12.32,60
LN-HM-07208,RET-07208,Home Loan,1800000.0,8.66,180
LN-HM-07209,RET-07209,Home Loan,1360000.0,9.32,120
LN-HM-07210,RET-07210,Home Loan,5420000.0,8.95,240
LN-HM-07211,RET-07211,Home Loan,2720000.0,8.91,180
LN-HM-07212,RET-07212,Vehicle Loan,2960000.0,10.55,60
LN-HM-07213,RET-07213,Personal Loan,280000.0,11.85,24
LN-HM-07214,RET-07214,Vehicle Loan,2100000.0,9.42,36
LN-HM-07215,RET-07215,Home Loan,12900000.0,8.76,120
LN-HM-07216,RET-07216,Vehicle Loan,650000.0,9.5,72
LN-HM-07217,RET-07217,Personal Loan,3270000.0,11.01,60
LN-HM-07218,RET-07218,Vehicle Loan,800000.0,10.87,60
LN-HM-07219,RET-07219,Personal Loan,320000.0,11.94,60
LN-HM-07220,RET-07220,Home Loan,2020000.0,8.92,240
LN-HM-07221,RET-07221,Home Loan,1910000.0,9.04,300
LN-HM-07222,RET-07222,Home Loan,8600000.0,9.44,180
LN-HM-07223,RET-07223,Personal Loan,1210000.0,11.23,36
LN-HM-07224,RET-07224,Personal Loan,2050000.0,12.04,48
LN-HM-07225,RET-07225,Home Loan,1530000.0,9.26,300
LN-HM-07226,RET-07226,Home Loan,4510000.0,8.52,180
LN-HM-07227,RET-07227,Vehicle Loan,450000.0,10.78,48
LN-HM-07228,RET-07228,Personal Loan,1210000.0,13.11,12
LN-HM-07229,RET-07229,Personal Loan,340000.0,12.75,60
LN-HM-07230,RET-07230,Home Loan,3240000.0,9.24,240
LN-HM-07231,RET-07231,Home Loan,2710000.0,8.9,240
LN-HM-07232,RET-07232,Home Loan,1320000.0,8.71,240
LN-HM-07233,RET-07233,Vehicle Loan,1500000.0,9.6,48
LN-HM-07234,RET-07234,Personal Loan,890000.0,12.33,48
LN-HM-07235,RET-07235,Home Loan,3550000.0,8.76,180
LN-HM-07236,RET-07236,Personal Loan,370000.0,13.62,36
LN-HM-07237,RET-07237,Home Loan,4250000.0,9.23,240
LN-HM-07238,RET-07238,Home Loan,1410000.0,9.18,240
LN-HM-07239,RET-07239,Home Loan,4090000.0,8.83,180
LN-HM-07240,RET-07240,Home Loan,2740000.0,8.86,180
LN-HM-07241,RET-07241,Home Loan,2330000.0,9.36,240
LN-HM-07242,RET-07242,Personal Loan,780000.0,13.8,12
LN-HM-07243,RET-07243,Home Loan,1970000.0,9.16,120
LN-HM-07244,RET-07244,Vehicle Loan,950000.0,10.02,84
LN-HM-07245,RET-07245,Vehicle Loan,1250000.0,9.24,36
LN-HM-07246,RET-07246,Home Loan,9730000.0,8.99,240
LN-HM-07247,RET-07247,Personal Loan,420000.0,12.86,24
LN-HM-07248,RET-07248,Personal Loan,1000000.0,13.5,36
LN-HM-07249,RET-07249,Home Loan,1990000.0,9.34,180
LN-HM-07250,RET-07250,Home Loan,6650000.0,8.62,240
LN-HM-07251,RET-07251,Home Loan,2370000.0,9.46,300
LN-HM-07252,RET-07252,Vehicle Loan,1200000.0,10.94,48
LN-HM-07253,RET-07253,Home Loan,3440000.0,8.79,240
LN-HM-07254,RET-07254,Personal Loan,560000.0,13.7,36
LN-HM-07255,RET-07255,Home Loan,5840000.0,8.62,180
LN-HM-07256,RET-07256,Home Loan,2840000.0,9.16,180
LN-HM-07257,RET-07257,Home Loan,5080000.0,9.12,180
LN-HM-07258,RET-07258,Personal Loan,810000.0,12.43,12
LN-HM-07259,RET-07259,Personal Loan,810000.0,11.53,48
LN-HM-07260,RET-07260,Home Loan,4350000.0,8.55,240
LN-HM-07261,RET-07261,Home Loan,13130000.0,9.35,240
LN-HM-07262,RET-07262,Vehicle Loan,1490000.0,10.94,36
LN-HM-07263,RET-07263,Personal Loan,1150000.0,12.5,36
LN-HM-07264,RET-07264,Vehicle Loan,930000.0,10.49,72
LN-HM-07265,RET-07265,Vehicle Loan,1710000.0,9.61,36
LN-HM-07266,RET-07266,Home Loan,10320000.0,8.89,300
LN-HM-07267,RET-07267,Vehicle Loan,730000.0,10.96,84
LN-HM-07268,RET-07268,Vehicle Loan,800000.0,10.51,36
LN-HM-07269,RET-07269,Home Loan,6030000.0,9.21,180
LN-HM-07270,RET-07270,Personal Loan,250000.0,11.97,12
LN-HM-07271,RET-07271,Home Loan,4220000.0,8.7,120
LN-HM-07272,RET-07272,Personal Loan,490000.0,12.9,48
LN-HM-07273,RET-07273,Personal Loan,750000.0,11.25,60
LN-HM-07274,RET-07274,Vehicle Loan,1050000.0,10.76,48
LN-HM-07275,RET-07275,Personal Loan,210000.0,12.92,24
LN-HM-07276,RET-07276,Home Loan,1590000.0,8.67,180
LN-HM-07277,RET-07277,Vehicle Loan,1720000.0,9.22,48
LN-HM-07278,RET-07278,Home Loan,1020000.0,8.87,120
LN-HM-07279,RET-07279,Personal Loan,600000.0,13.56,12
LN-HM-07280,RET-07280,Home Loan,3650000.0,9.45,180
LN-HM-07281,RET-07281,Home Loan,940000.0,9.16,300
LN-HM-07282,RET-07282,Home Loan,9570000.0,9.39,240
LN-HM-07283,RET-07283,Home Loan,1220000.0,9.38,300
LN-HM-07284,RET-07284,Vehicle Loan,1660000.0,9.37,48
LN-HM-07285,RET-07285,Personal Loan,370000.0,13.64,24
LN-HM-07286,RET-07286,Vehicle Loan,720000.0,10.79,60
LN-HM-07287,RET-07287,Home Loan,3730000.0,8.74,240
LN-HM-07288,RET-07288,Home Loan,3080000.0,8.74,300
LN-HM-07289,RET-07289,Personal Loan,600000.0,12.4,12
LN-HM-07290,RET-07290,Home Loan,1690000.0,9.01,180
LN-HM-07291,RET-07291,Home Loan,1830000.0,9.4,300
LN-HM-07292,RET-07292,Home Loan,5220000.0,9.43,180
LN-HM-07293,RET-07293,Vehicle Loan,1290000.0,10.27,36
LN-HM-07294,RET-07294,Home Loan,2160000.0,9.02,240
LN-HM-07295,RET-07295,Personal Loan,400000.0,11.97,12
LN-HM-07296,RET-07296,Vehicle Loan,3070000.0,9.73,72
LN-HM-07297,RET-07297,Home Loan,3140000.0,8.94,180
LN-HM-07298,RET-07298,Home Loan,1320000.0,9.34,180
LN-HM-07299,RET-07299,Home Loan,3330000.0,9.22,120
LN-HM-07300,RET-07300,Home Loan,1630000.0,9.27,240
LN-HM-07301,RET-07301,Personal Loan,1860000.0,11.93,12
LN-HM-07302,RET-07302,Vehicle Loan,1440000.0,9.57,36
LN-HM-07303,RET-07303,Home Loan,5000000.0,8.95,240
LN-HM-07304,RET-07304,Home Loan,1720000.0,8.76,240
LN-HM-07305,RET-07305,Vehicle Loan,800000.0,9.61,72
LN-HM-07306,RET-07306,Home Loan,4420000.0,9.29,240
LN-HM-07307,RET-07307,Vehicle Loan,1340000.0,10.74,72
LN-HM-07308,RET-07308,Personal Loan,310000.0,13.77,12
LN-HM-07309,RET-07309,Home Loan,2640000.0,9.22,180
LN-HM-07310,RET-07310,Home Loan,8610000.0,8.8,300
LN-HM-07311,RET-07311,Home Loan,1940000.0,8.73,240
LN-HM-07312,RET-07312,Personal Loan,1040000.0,11.98,24
LN-HM-07313,RET-07313,Vehicle Loan,6560000.0,9.76,60
LN-HM-07314,RET-07314,Home Loan,2070000.0,9.1,180
LN-HM-07315,RET-07315,Home Loan,1590000.0,8.87,180
LN-HM-07316,RET-07316,Personal Loan,960000.0,11.72,24
LN-HM-07317,RET-07317,Home Loan,6110000.0,8.57,180
LN-HM-07318,RET-07318,Personal Loan,1940000.0,11.06,48
LN-HM-07319,RET-07319,Personal Loan,250000.0,11.36,24
LN-HM-07320,RET-07320,Home Loan,4530000.0,8.84,240
LN-HM-07321,RET-07321,Vehicle Loan,1100000.0,9.28,36
LN-HM-07322,RET-07322,Home Loan,4390000.0,9.02,300
LN-HM-07323,RET-07323,Vehicle Loan,590000.0,9.73,36
LN-HM-07324,RET-07324,Home Loan,5290000.0,9.19,120
LN-HM-07325,RET-07325,Personal Loan,2260000.0,12.84,60
LN-HM-07326,RET-07326,Personal Loan,370000.0,11.06,48
LN-HM-07327,RET-07327,Home Loan,5440000.0,8.55,180
LN-HM-07328,RET-07328,Home Loan,5470000.0,8.88,120
LN-HM-07329,RET-07329,Personal Loan,350000.0,12.78,24
LN-HM-07330,RET-07330,Home Loan,1600000.0,9.08,240
LN-HM-07331,RET-07331,Home Loan,1830000.0,8.51,120
LN-HM-07332,RET-07332,Home Loan,2810000.0,8.98,120
LN-HM-07333,RET-07333,Home Loan,2470000.0,8.84,300
LN-HM-07334,RET-07334,Home Loan,2390000.0,8.85,240
LN-HM-07335,RET-07335,Home Loan,6240000.0,9.08,120
LN-HM-07336,RET-07336,Home Loan,8270000.0,8.74,180
LN-HM-07337,RET-07337,Home Loan,5850000.0,9.32,180
LN-HM-07338,RET-07338,Personal Loan,700000.0,11.29,48
LN-HM-07339,RET-07339,Home Loan,10770000.0,8.97,300
LN-HM-07340,RET-07340,Vehicle Loan,3770000.0,10.89,60
LN-HM-07341,RET-07341,Personal Loan,760000.0,12.69,12
LN-HM-07342,RET-07342,Home Loan,6060000.0,8.57,180
LN-HM-07343,RET-07343,Vehicle Loan,1510000.0,10.18,48
LN-HM-07344,RET-07344,Home Loan,1940000.0,8.78,120
LN-HM-07345,RET-07345,Vehicle Loan,870000.0,10.17,36
LN-HM-07346,RET-07346,Home Loan,6830000.0,9.3,300
LN-HM-07347,RET-07347,Personal Loan,900000.0,11.4,36
LN-HM-07348,RET-07348,Personal Loan,1420000.0,13.46,12
LN-HM-07349,RET-07349,Home Loan,3320000.0,9.45,300
LN-HM-07350,RET-07350,Home Loan,2180000.0,8.99,300
LN-HM-07351,RET-07351,Home Loan,840000.0,9.37,240
LN-HM-07352,RET-07352,Personal Loan,920000.0,12.81,60
LN-HM-07353,RET-07353,Home Loan,2660000.0,8.7,180
LN-HM-07354,RET-07354,Personal Loan,300000.0,12.85,60
LN-HM-07355,RET-07355,Vehicle Loan,1180000.0,10.4,48
LN-HM-07356,RET-07356,Home Loan,4400000.0,9.17,120
LN-HM-07357,RET-07357,Home Loan,1740000.0,9.23,180
LN-HM-07358,RET-07358,Personal Loan,340000.0,13.99,48
LN-HM-07359,RET-07359,Personal Loan,2410000.0,11.25,24
LN-HM-07360,RET-07360,Personal Loan,550000.0,12.82,48
LN-HM-07361,RET-07361,Personal Loan,700000.0,11.25,24
LN-HM-07362,RET-07362,Home Loan,3820000.0,8.68,180
LN-HM-07363,RET-07363,Home Loan,2690000.0,8.68,240
LN-HM-07364,RET-07364,Vehicle Loan,1870000.0,9.89,48
LN-HM-07365,RET-07365,Personal Loan,1530000.0,11.25,12
LN-HM-07366,RET-07366,Home Loan,5970000.0,9.05,180
LN-HM-07367,RET-07367,Home Loan,2040000.0,9.04,300
LN-HM-07368,RET-07368,Home Loan,3040000.0,9.14,240
LN-HM-07369,RET-07369,Home Loan,5830000.0,8.71,300
LN-HM-07370,RET-07370,Vehicle Loan,790000.0,9.77,48
LN-HM-07371,RET-07371,Vehicle Loan,490000.0,9.2,84
LN-HM-07372,RET-07372,Vehicle Loan,860000.0,10.76,72
LN-HM-07373,RET-07373,Home Loan,2060000.0,8.51,120
LN-HM-07374,RET-07374,Vehicle Loan,590000.0,9.51,36
LN-HM-07375,RET-07375,Home Loan,4910000.0,9.25,120
LN-HM-07376,RET-07376,Vehicle Loan,1140000.0,10.89,60
LN-HM-07377,RET-07377,Vehicle Loan,1320000.0,10.81,84
LN-HM-07378,RET-07378,Home Loan,1400000.0,9.0,180
LN-HM-07379,RET-07379,Home Loan,3500000.0,9.05,240
LN-HM-07380,RET-07380,Home Loan,1250000.0,8.5,180
LN-HM-07381,RET-07381,Home Loan,1170000.0,9.14,300
LN-HM-07382,RET-07382,Personal Loan,930000.0,13.11,36
LN-HM-07383,RET-07383,Home Loan,7350000.0,8.62,180
LN-HM-07384,RET-07384,Home Loan,5830000.0,8.84,120
LN-HM-07385,RET-07385,Vehicle Loan,1050000.0,9.7,36
LN-HM-07386,RET-07386,Home Loan,2520000.0,8.94,180
LN-HM-07387,RET-07387,Home Loan,3720000.0,9.32,300
LN-HM-07388,RET-07388,Vehicle Loan,2470000.0,10.07,48
LN-HM-07389,RET-07389,Home Loan,1970000.0,8.62,300
LN-HM-07390,RET-07390,Home Loan,2720000.0,9.42,300
LN-HM-07391,RET-07391,Personal Loan,1150000.0,11.62,12
LN-HM-07392,RET-07392,Vehicle Loan,940000.0,10.61,48
LN-HM-07393,RET-07393,Home Loan,9520000.0,8.75,180
LN-HM-07394,RET-07394,Home Loan,3780000.0,8.91,240
LN-HM-07395,RET-07395,Vehicle Loan,1880000.0,9.09,84
LN-HM-07396,RET-07396,Home Loan,1240000.0,9.34,120
LN-HM-07397,RET-07397,Vehicle Loan,1530000.0,10.62,60
LN-HM-07398,RET-07398,Home Loan,2280000.0,8.92,180
LN-HM-07399,RET-07399,Home Loan,6240000.0,8.7,240
LN-HM-07400,RET-07400,Vehicle Loan,740000.0,9.94,84
LN-HM-07401,RET-07401,Home Loan,4060000.0,9.15,240
LN-HM-07402,RET-07402,Vehicle Loan,570000.0,9.37,60
LN-HM-07403,RET-07403,Personal Loan,320000.0,13.71,60
LN-HM-07404,RET-07404,Personal Loan,530000.0,12.79,36
LN-HM-07405,RET-07405,Vehicle Loan,1190000.0,10.99,84
LN-HM-07406,RET-07406,Personal Loan,360000.0,11.93,12
LN-HM-07407,RET-07407,Personal Loan,310000.0,12.9,36
LN-HM-07408,RET-07408,Home Loan,1370000.0,8.61,240
LN-HM-07409,RET-07409,Vehicle Loan,1460000.0,9.85,60
LN-HM-07410,RET-07410,Home Loan,3750000.0,9.41,120
LN-HM-07411,RET-07411,Vehicle Loan,770000.0,9.22,60
LN-HM-07412,RET-07412,Personal Loan,940000.0,13.1,24
LN-HM-07413,RET-07413,Home Loan,4310000.0,8.55,240
LN-HM-07414,RET-07414,Personal Loan,640000.0,13.24,60
LN-HM-07415,RET-07415,Vehicle Loan,1060000.0,10.47,84
LN-HM-07416,RET-07416,Home Loan,12620000.0,8.79,180
LN-HM-07417,RET-07417,Personal Loan,490000.0,11.07,48
LN-HM-07418,RET-07418,Home Loan,1170000.0,9.1,180
LN-HM-07419,RET-07419,Home Loan,3990000.0,9.36,120
LN-HM-07420,RET-07420,Home Loan,3460000.0,8.98,240
LN-HM-07421,RET-07421,Personal Loan,1660000.0,13.92,36
LN-HM-07422,RET-07422,Home Loan,1960000.0,9.05,180
LN-HM-07423,RET-07423,Vehicle Loan,810000.0,9.99,36
LN-HM-07424,RET-07424,Home Loan,2060000.0,9.1,180
LN-HM-07425,RET-07425,Home Loan,5440000.0,9.23,300
LN-HM-07426,RET-07426,Personal Loan,850000.0,12.44,36
LN-HM-07427,RET-07427,Home Loan,3000000.0,9.06,240
LN-HM-07428,RET-07428,Vehicle Loan,1130000.0,9.29,48
LN-HM-07429,RET-07429,Home Loan,3950000.0,9.25,240
LN-HM-07430,RET-07430,Home Loan,1270000.0,9.12,300
LN-HM-07431,RET-07431,Personal Loan,1890000.0,12.02,48
LN-HM-07432,RET-07432,Personal Loan,1040000.0,13.79,60
LN-HM-07433,RET-07433,Home Loan,3210000.0,9.37,180
LN-HM-07434,RET-07434,Personal Loan,830000.0,11.12,12
LN-HM-07435,RET-07435,Home Loan,1240000.0,8.83,240
LN-HM-07436,RET-07436,Personal Loan,2230000.0,12.77,12
LN-HM-07437,RET-07437,Personal Loan,1460000.0,13.6,60
LN-HM-07438,RET-07438,Personal Loan,1110000.0,11.37,36
LN-HM-07439,RET-07439,Personal Loan,820000.0,13.88,12
LN-HM-07440,RET-07440,Vehicle Loan,2250000.0,9.28,36
LN-HM-07441,RET-07441,Personal Loan,940000.0,13.7,36
LN-HM-07442,RET-07442,Home Loan,2280000.0,9.23,180
LN-HM-07443,RET-07443,Vehicle Loan,970000.0,9.95,48
LN-HM-07444,RET-07444,Home Loan,3090000.0,9.24,300
LN-HM-07445,RET-07445,Home Loan,2920000.0,8.83,240
LN-HM-07446,RET-07446,Home Loan,5610000.0,8.7,300
LN-HM-07447,RET-07447,Home Loan,3660000.0,9.02,120
LN-HM-07448,RET-07448,Personal Loan,730000.0,12.1,36
LN-HM-07449,RET-07449,Home Loan,930000.0,9.08,240
LN-HM-07450,RET-07450,Home Loan,5590000.0,9.47,240
LN-HM-07451,RET-07451,Home Loan,6850000.0,9.11,180
LN-HM-07452,RET-07452,Personal Loan,3560000.0,11.49,24
LN-HM-07453,RET-07453,Home Loan,2000000.0,9.28,120
LN-HM-07454,RET-07454,Personal Loan,270000.0,12.34,48
LN-HM-07455,RET-07455,Home Loan,2810000.0,9.38,120
LN-HM-07456,RET-07456,Personal Loan,980000.0,12.58,12
LN-HM-07457,RET-07457,Home Loan,2710000.0,9.39,120
LN-HM-07458,RET-07458,Vehicle Loan,1810000.0,10.82,60
LN-HM-07459,RET-07459,Vehicle Loan,520000.0,10.19,48
LN-HM-07460,RET-07460,Home Loan,2090000.0,9.35,120
LN-HM-07461,RET-07461,Home Loan,2560000.0,9.06,120
LN-HM-07462,RET-07462,Personal Loan,5710000.0,11.44,12
LN-HM-07463,RET-07463,Personal Loan,610000.0,13.06,60
LN-HM-07464,RET-07464,Home Loan,3740000.0,9.05,240
LN-HM-07465,RET-07465,Home Loan,1940000.0,9.19,180
LN-HM-07466,RET-07466,Home Loan,3920000.0,8.66,240
LN-HM-07467,RET-07467,Home Loan,1490000.0,8.88,300
LN-HM-07468,RET-07468,Home Loan,4470000.0,8.63,240
LN-HM-07469,RET-07469,Home Loan,5240000.0,9.22,180
LN-HM-07470,RET-07470,Personal Loan,1000000.0,11.14,24
LN-HM-07471,RET-07471,Personal Loan,330000.0,11.3,24
LN-HM-07472,RET-07472,Vehicle Loan,1280000.0,10.83,60
LN-HM-07473,RET-07473,Home Loan,2430000.0,8.92,120
LN-HM-07474,RET-07474,Home Loan,5290000.0,9.43,120
LN-HM-07475,RET-07475,Personal Loan,430000.0,13.5,12
LN-HM-07476,RET-07476,Vehicle Loan,1930000.0,10.98,36
LN-HM-07477,RET-07477,Vehicle Loan,1680000.0,10.66,60
LN-HM-07478,RET-07478,Home Loan,1860000.0,9.38,180
LN-HM-07479,RET-07479,Home Loan,2370000.0,8.79,180
LN-HM-07480,RET-07480,Home Loan,3300000.0,8.63,300
LN-HM-07481,RET-07481,Home Loan,6920000.0,8.57,180
LN-HM-07482,RET-07482,Home Loan,2130000.0,8.62,240
LN-HM-07483,RET-07483,Home Loan,4860000.0,9.1,120
LN-HM-07484,RET-07484,Home Loan,6030000.0,9.18,120
LN-HM-07485,RET-07485,Personal Loan,700000.0,12.38,36
LN-HM-07486,RET-07486,Home Loan,1110000.0,9.14,240
LN-HM-07487,RET-07487,Vehicle Loan,690000.0,9.91,72
LN-HM-07488,RET-07488,Personal Loan,1460000.0,11.54,12
LN-HM-07489,RET-07489,Home Loan,6340000.0,8.58,180
LN-HM-07490,RET-07490,Personal Loan,340000.0,11.8,24
LN-HM-07491,RET-07491,Personal Loan,680000.0,11.55,12
LN-HM-07492,RET-07492,Personal Loan,1470000.0,13.21,48
LN-HM-07493,RET-07493,Personal Loan,1040000.0,13.37,60
LN-HM-07494,RET-07494,Home Loan,4370000.0,9.35,180
LN-HM-07495,RET-07495,Personal Loan,1290000.0,12.06,48
LN-HM-07496,RET-07496,Vehicle Loan,750000.0,9.65,72
LN-HM-07497,RET-07497,Home Loan,5260000.0,9.24,240
LN-HM-07498,RET-07498,Vehicle Loan,420000.0,10.64,60
LN-HM-07499,RET-07499,Home Loan,2650000.0,8.66,240
LN-HM-07500,RET-07500,Vehicle Loan,1190000.0,10.54,36
LN-HM-07501,RET-07501,Home Loan,5140000.0,9.47,180
LN-HM-07502,RET-07502,Home Loan,2780000.0,9.21,120
LN-HM-07503,RET-07503,Vehicle Loan,3030000.0,10.63,60
LN-HM-07504,RET-07504,Home Loan,1810000.0,9.24,180
LN-HM-07505,RET-07505,Personal Loan,1200000.0,11.99,48
LN-HM-07506,RET-07506,Home Loan,3760000.0,9.1,120
LN-HM-07507,RET-07507,Home Loan,4890000.0,8.69,120
LN-HM-07508,RET-07508,Home Loan,7810000.0,8.94,300
LN-HM-07509,RET-07509,Personal Loan,300000.0,12.69,60
LN-HM-07510,RET-07510,Vehicle Loan,680000.0,10.05,72
LN-HM-07511,RET-07511,Home Loan,2300000.0,9.18,120
LN-HM-07512,RET-07512,Home Loan,3760000.0,9.15,180
LN-HM-07513,RET-07513,Home Loan,2440000.0,9.32,120
LN-HM-07514,RET-07514,Personal Loan,610000.0,12.71,24
LN-HM-07515,RET-07515,Home Loan,2960000.0,8.6,300
LN-HM-07516,RET-07516,Home Loan,6420000.0,9.37,300
LN-HM-07517,RET-07517,Home Loan,1990000.0,9.0,180
LN-HM-07518,RET-07518,Personal Loan,1160000.0,11.64,36
LN-HM-07519,RET-07519,Personal Loan,1570000.0,12.17,36
LN-HM-07520,RET-07520,Home Loan,1890000.0,9.26,180
LN-HM-07521,RET-07521,Home Loan,1160000.0,8.91,180
LN-HM-07522,RET-07522,Personal Loan,900000.0,11.47,60
LN-HM-07523,RET-07523,Home Loan,1560000.0,8.97,240
LN-HM-07524,RET-07524,Vehicle Loan,590000.0,9.12,48
LN-HM-07525,RET-07525,Home Loan,4640000.0,8.86,180
LN-HM-07526,RET-07526,Vehicle Loan,660000.0,9.43,84
LN-HM-07527,RET-07527,Home Loan,10510000.0,9.48,300
LN-HM-07528,RET-07528,Home Loan,2640000.0,8.87,240
LN-HM-07529,RET-07529,Home Loan,3440000.0,8.52,240
LN-HM-07530,RET-07530,Vehicle Loan,830000.0,9.51,60
LN-HM-07531,RET-07531,Personal Loan,1150000.0,11.73,36
LN-HM-07532,RET-07532,Home Loan,1520000.0,9.49,300
LN-HM-07533,RET-07533,Vehicle Loan,270000.0,10.0,48
LN-HM-07534,RET-07534,Home Loan,1180000.0,9.32,180
LN-HM-07535,RET-07535,Home Loan,7560000.0,9.3,180
LN-HM-07536,RET-07536,Home Loan,1680000.0,8.99,120
LN-HM-07537,RET-07537,Personal Loan,430000.0,12.72,48
LN-HM-07538,RET-07538,Home Loan,2160000.0,8.74,240
LN-HM-07539,RET-07539,Personal Loan,3410000.0,11.83,12
LN-HM-07540,RET-07540,Home Loan,7610000.0,8.95,240
LN-HM-07541,RET-07541,Personal Loan,640000.0,12.57,36
LN-HM-07542,RET-07542,Home Loan,1730000.0,9.34,120
LN-HM-07543,RET-07543,Home Loan,2220000.0,9.18,120
LN-HM-07544,RET-07544,Vehicle Loan,720000.0,10.0,36
LN-HM-07545,RET-07545,Home Loan,5950000.0,9.04,180
LN-HM-07546,RET-07546,Personal Loan,750000.0,13.5,48
LN-HM-07547,RET-07547,Personal Loan,380000.0,12.66,48
LN-HM-07548,RET-07548,Personal Loan,340000.0,11.12,60
LN-HM-07549,RET-07549,Home Loan,15220000.0,9.31,120
LN-HM-07550,RET-07550,Personal Loan,1370000.0,12.87,36
LN-HM-07551,RET-07551,Home Loan,2590000.0,8.95,180
LN-HM-07552,RET-07552,Personal Loan,840000.0,11.41,48
LN-HM-07553,RET-07553,Personal Loan,510000.0,13.25,24
LN-HM-07554,RET-07554,Home Loan,2770000.0,9.24,240
LN-HM-07555,RET-07555,Home Loan,3530000.0,8.95,120
LN-HM-07556,RET-07556,Personal Loan,1180000.0,11.75,36
LN-HM-07557,RET-07557,Home Loan,2220000.0,9.38,180
LN-HM-07558,RET-07558,Home Loan,2780000.0,9.44,240
LN-HM-07559,RET-07559,Personal Loan,260000.0,12.31,60
LN-HM-07560,RET-07560,Personal Loan,410000.0,11.27,60
LN-HM-07561,RET-07561,Home Loan,6450000.0,8.71,120
LN-HM-07562,RET-07562,Home Loan,7250000.0,8.56,300
LN-HM-07563,RET-07563,Personal Loan,700000.0,11.83,60
LN-HM-07564,RET-07564,Home Loan,1110000.0,8.68,240
LN-HM-07565,RET-07565,Vehicle Loan,290000.0,10.06,60
LN-HM-07566,RET-07566,Home Loan,3480000.0,9.44,120
LN-HM-07567,RET-07567,Home Loan,5110000.0,8.99,300
LN-HM-07568,RET-07568,Home Loan,4800000.0,9.01,120
LN-HM-07569,RET-07569,Home Loan,9320000.0,8.99,240
LN-HM-07570,RET-07570,Personal Loan,860000.0,11.81,24
LN-HM-07571,RET-07571,Home Loan,4110000.0,8.56,120
LN-HM-07572,RET-07572,Personal Loan,240000.0,13.04,60
LN-HM-07573,RET-07573,Personal Loan,2110000.0,12.88,36
LN-HM-07574,RET-07574,Personal Loan,970000.0,13.7,48
LN-HM-07575,RET-07575,Personal Loan,230000.0,11.44,48
LN-HM-07576,RET-07576,Vehicle Loan,940000.0,9.72,72
LN-HM-07577,RET-07577,Home Loan,12180000.0,9.29,180
LN-HM-07578,RET-07578,Vehicle Loan,4890000.0,9.61,36
LN-HM-07579,RET-07579,Personal Loan,460000.0,11.25,12
LN-HM-07580,RET-07580,Home Loan,4810000.0,9.12,180
LN-HM-07581,RET-07581,Home Loan,3080000.0,8.66,180
LN-HM-07582,RET-07582,Vehicle Loan,1830000.0,10.17,48
LN-HM-07583,RET-07583,Vehicle Loan,1600000.0,10.99,84
LN-HM-07584,RET-07584,Vehicle Loan,1460000.0,10.41,36
LN-HM-07585,RET-07585,Personal Loan,2280000.0,12.34,36
LN-HM-07586,RET-07586,Home Loan,820000.0,9.11,120
LN-HM-07587,RET-07587,Personal Loan,560000.0,13.31,36
LN-HM-07588,RET-07588,Home Loan,1580000.0,8.7,180
LN-HM-07589,RET-07589,Personal Loan,470000.0,11.72,12
LN-HM-07590,RET-07590,Vehicle Loan,1090000.0,10.49,60
LN-HM-07591,RET-07591,Personal Loan,430000.0,13.24,12
LN-HM-07592,RET-07592,Home Loan,2510000.0,8.96,120
LN-HM-07593,RET-07593,Home Loan,1400000.0,9.49,240
LN-HM-07594,RET-07594,Vehicle Loan,550000.0,10.39,48
LN-HM-07595,RET-07595,Home Loan,3070000.0,9.2,240
LN-HM-07596,RET-07596,Home Loan,4360000.0,8.82,240
LN-HM-07597,RET-07597,Personal Loan,420000.0,13.73,48
LN-HM-07598,RET-07598,Personal Loan,2220000.0,13.49,36
LN-HM-07599,RET-07599,Personal Loan,560000.0,13.82,60
LN-HM-07600,RET-07600,Home Loan,9120000.0,9.07,180
LN-HM-07601,RET-07601,Home Loan,1080000.0,8.74,180
LN-HM-07602,RET-07602,Home Loan,4000000.0,8.56,240
LN-HM-07603,RET-07603,Vehicle Loan,1070000.0,9.89,84
LN-HM-07604,RET-07604,Personal Loan,280000.0,11.61,60
LN-HM-07605,RET-07605,Personal Loan,4660000.0,13.37,48
LN-HM-07606,RET-07606,Home Loan,2090000.0,8.56,300
LN-HM-07607,RET-07607,Home Loan,4530000.0,8.55,180
LN-HM-07608,RET-07608,Personal Loan,1190000.0,13.98,24
LN-HM-07609,RET-07609,Home Loan,4610000.0,8.66,300
LN-HM-07610,RET-07610,Personal Loan,1390000.0,12.51,36
LN-HM-07611,RET-07611,Home Loan,11910000.0,8.5,240
LN-HM-07612,RET-07612,Vehicle Loan,760000.0,10.91,84
LN-HM-07613,RET-07613,Home Loan,4060000.0,8.68,180
LN-HM-07614,RET-07614,Home Loan,5860000.0,8.93,180
LN-HM-07615,RET-07615,Vehicle Loan,440000.0,9.87,48
LN-HM-07616,RET-07616,Personal Loan,1660000.0,11.37,24
LN-HM-07617,RET-07617,Vehicle Loan,3300000.0,10.47,72
LN-HM-07618,RET-07618,Home Loan,5780000.0,9.18,120
LN-HM-07619,RET-07619,Personal Loan,1130000.0,12.61,48
LN-HM-07620,RET-07620,Home Loan,10720000.0,8.83,180
LN-HM-07621,RET-07621,Home Loan,3030000.0,8.73,300
LN-HM-07622,RET-07622,Personal Loan,470000.0,12.82,60
LN-HM-07623,RET-07623,Personal Loan,750000.0,11.0,12
LN-HM-07624,RET-07624,Personal Loan,650000.0,11.25,60
LN-HM-07625,RET-07625,Personal Loan,520000.0,11.9,36
LN-HM-07626,RET-07626,Vehicle Loan,1040000.0,10.96,72
LN-HM-07627,RET-07627,Home Loan,1890000.0,8.89,240
LN-HM-07628,RET-07628,Vehicle Loan,1270000.0,9.57,84
LN-HM-07629,RET-07629,Vehicle Loan,3370000.0,9.67,48
LN-HM-07630,RET-07630,Home Loan,4120000.0,9.1,120
LN-HM-07631,RET-07631,Vehicle Loan,1700000.0,9.19,48
LN-HM-07632,RET-07632,Personal Loan,310000.0,11.33,12
LN-HM-07633,RET-07633,Personal Loan,1120000.0,13.04,60
LN-HM-07634,RET-07634,Personal Loan,1720000.0,11.6,24
LN-HM-07635,RET-07635,Personal Loan,1690000.0,11.37,12
LN-HM-07636,RET-07636,Personal Loan,1730000.0,11.92,24
LN-HM-07637,RET-07637,Home Loan,3920000.0,8.57,180
LN-HM-07638,RET-07638,Home Loan,4110000.0,9.14,240
LN-HM-07639,RET-07639,Home Loan,2130000.0,8.51,180
LN-HM-07640,RET-07640,Home Loan,5360000.0,8.73,180
LN-HM-07641,RET-07641,Personal Loan,550000.0,13.69,36
LN-HM-07642,RET-07642,Home Loan,5860000.0,9.48,180
LN-HM-07643,RET-07643,Personal Loan,420000.0,11.35,12
LN-HM-07644,RET-07644,Home Loan,3300000.0,8.75,300
LN-HM-07645,RET-07645,Home Loan,5540000.0,9.21,300
LN-HM-07646,RET-07646,Home Loan,5710000.0,9.04,120
LN-HM-07647,RET-07647,Home Loan,2960000.0,8.92,120
LN-HM-07648,RET-07648,Personal Loan,430000.0,12.04,48
LN-HM-07649,RET-07649,Home Loan,8180000.0,8.84,240
LN-HM-07650,RET-07650,Home Loan,4090000.0,8.71,300
LN-HM-07651,RET-07651,Home Loan,5050000.0,9.45,240
LN-HM-07652,RET-07652,Personal Loan,450000.0,12.34,36
LN-HM-07653,RET-07653,Personal Loan,710000.0,12.68,48
LN-HM-07654,RET-07654,Personal Loan,1090000.0,12.47,12
LN-HM-07655,RET-07655,Vehicle Loan,740000.0,9.06,60
LN-HM-07656,RET-07656,Home Loan,3540000.0,8.76,120
LN-HM-07657,RET-07657,Home Loan,1160000.0,8.85,300
LN-HM-07658,RET-07658,Home Loan,3140000.0,9.01,120
LN-HM-07659,RET-07659,Vehicle Loan,1270000.0,10.71,60
LN-HM-07660,RET-07660,Personal Loan,460000.0,11.62,12
LN-HM-07661,RET-07661,Home Loan,5280000.0,9.09,240
LN-HM-07662,RET-07662,Home Loan,1990000.0,9.33,120
LN-HM-07663,RET-07663,Vehicle Loan,1100000.0,9.4,60
LN-HM-07664,RET-07664,Home Loan,2030000.0,8.84,180
LN-HM-07665,RET-07665,Personal Loan,1280000.0,13.91,60
LN-HM-07666,RET-07666,Vehicle Loan,1390000.0,9.7,60
LN-HM-07667,RET-07667,Home Loan,4220000.0,8.78,300
LN-HM-07668,RET-07668,Home Loan,2730000.0,8.9,180
LN-HM-07669,RET-07669,Vehicle Loan,6650000.0,9.22,36
LN-HM-07670,RET-07670,Home Loan,2320000.0,8.61,240
LN-HM-07671,RET-07671,Home Loan,1970000.0,9.06,120
LN-HM-07672,RET-07672,Home Loan,1190000.0,9.38,300
LN-HM-07673,RET-07673,Vehicle Loan,2400000.0,10.04,36
LN-HM-07674,RET-07674,Home Loan,6760000.0,8.7,300
LN-HM-07675,RET-07675,Personal Loan,490000.0,13.55,48
LN-HM-07676,RET-07676,Home Loan,3110000.0,9.33,120
LN-HM-07677,RET-07677,Personal Loan,450000.0,11.07,12
LN-HM-07678,RET-07678,Vehicle Loan,910000.0,10.84,72
LN-HM-07679,RET-07679,Home Loan,1220000.0,8.54,120
LN-HM-07680,RET-07680,Personal Loan,1760000.0,11.57,60
LN-HM-07681,RET-07681,Vehicle Loan,2420000.0,9.22,60
LN-HM-07682,RET-07682,Home Loan,990000.0,8.71,180
LN-HM-07683,RET-07683,Personal Loan,1640000.0,11.51,60
LN-HM-07684,RET-07684,Home Loan,8580000.0,8.63,240
LN-HM-07685,RET-07685,Vehicle Loan,480000.0,10.08,60
LN-HM-07686,RET-07686,Home Loan,1340000.0,9.22,180
LN-HM-07687,RET-07687,Personal Loan,890000.0,13.03,36
LN-HM-07688,RET-07688,Home Loan,5780000.0,8.62,120
LN-HM-07689,RET-07689,Home Loan,4370000.0,8.7,180
LN-HM-07690,RET-07690,Home Loan,3920000.0,8.99,300
LN-HM-07691,RET-07691,Personal Loan,1120000.0,12.25,12
LN-HM-07692,RET-07692,Vehicle Loan,510000.0,10.24,84
LN-HM-07693,RET-07693,Personal Loan,1660000.0,12.47,36
LN-HM-07694,RET-07694,Home Loan,3390000.0,9.35,300
LN-HM-07695,RET-07695,Home Loan,1340000.0,8.54,120
LN-HM-07696,RET-07696,Home Loan,1620000.0,9.47,120
LN-HM-07697,RET-07697,Personal Loan,590000.0,12.5,24
LN-HM-07698,RET-07698,Home Loan,3330000.0,8.53,120
LN-HM-07699,RET-07699,Vehicle Loan,750000.0,9.85,60
LN-HM-07700,RET-07700,Home Loan,4840000.0,9.2,120
LN-HM-07701,RET-07701,Home Loan,5250000.0,9.19,240
LN-HM-07702,RET-07702,Home Loan,1860000.0,8.89,240
LN-HM-07703,RET-07703,Personal Loan,1370000.0,12.67,24
LN-HM-07704,RET-07704,Personal Loan,690000.0,13.01,36
LN-HM-07705,RET-07705,Personal Loan,1070000.0,11.33,24
LN-HM-07706,RET-07706,Vehicle Loan,1310000.0,9.48,36
LN-HM-07707,RET-07707,Vehicle Loan,620000.0,9.1,48
LN-HM-07708,RET-07708,Home Loan,4530000.0,8.82,240
LN-HM-07709,RET-07709,Personal Loan,670000.0,13.87,60
LN-HM-07710,RET-07710,Personal Loan,1060000.0,12.07,36
LN-HM-07711,RET-07711,Vehicle Loan,370000.0,9.04,36
LN-HM-07712,RET-07712,Personal Loan,1360000.0,12.83,48
LN-HM-07713,RET-07713,Home Loan,3950000.0,8.67,120
LN-HM-07714,RET-07714,Home Loan,6450000.0,9.11,180
LN-HM-07715,RET-07715,Home Loan,8960000.0,9.21,180
LN-HM-07716,RET-07716,Personal Loan,1710000.0,12.08,12
LN-HM-07717,RET-07717,Home Loan,3850000.0,9.37,240
LN-HM-07718,RET-07718,Home Loan,2400000.0,8.64,300
LN-HM-07719,RET-07719,Home Loan,16350000.0,8.72,240
LN-HM-07720,RET-07720,Personal Loan,1240000.0,12.57,36
LN-HM-07721,RET-07721,Home Loan,3700000.0,8.8,300
LN-HM-07722,RET-07722,Vehicle Loan,1240000.0,9.31,48
LN-HM-07723,RET-07723,Personal Loan,610000.0,12.83,48
LN-HM-07724,RET-07724,Personal Loan,180000.0,11.13,60
LN-HM-07725,RET-07725,Personal Loan,1110000.0,13.0,24
LN-HM-07726,RET-07726,Personal Loan,270000.0,11.01,24
LN-HM-07727,RET-07727,Vehicle Loan,750000.0,10.57,72
LN-HM-07728,RET-07728,Personal Loan,450000.0,13.24,60
LN-HM-07729,RET-07729,Home Loan,5390000.0,8.83,240
LN-HM-07730,RET-07730,Home Loan,2720000.0,9.37,180
LN-HM-07731,RET-07731,Home Loan,4300000.0,8.74,300
LN-HM-07732,RET-07732,Vehicle Loan,1050000.0,10.14,60
LN-HM-07733,RET-07733,Personal Loan,360000.0,12.02,36
LN-HM-07734,RET-07734,Home Loan,930000.0,9.12,240
LN-HM-07735,RET-07735,Home Loan,1780000.0,9.08,180
LN-HM-07736,RET-07736,Vehicle Loan,1580000.0,10.8,84
LN-HM-07737,RET-07737,Vehicle Loan,1430000.0,10.81,84
LN-HM-07738,RET-07738,Vehicle Loan,950000.0,10.58,48
LN-HM-07739,RET-07739,Home Loan,4440000.0,9.06,240
LN-HM-07740,RET-07740,Vehicle Loan,570000.0,10.76,36
LN-HM-07741,RET-07741,Home Loan,2870000.0,9.48,120
LN-HM-07742,RET-07742,Home Loan,3910000.0,9.06,120
LN-HM-07743,RET-07743,Personal Loan,650000.0,13.74,60
LN-HM-07744,RET-07744,Personal Loan,3060000.0,12.72,48
LN-HM-07745,RET-07745,Personal Loan,180000.0,13.26,12
LN-HM-07746,RET-07746,Vehicle Loan,1720000.0,10.38,72
LN-HM-07747,RET-07747,Personal Loan,790000.0,13.57,24
LN-HM-07748,RET-07748,Home Loan,6820000.0,9.11,120
LN-HM-07749,RET-07749,Home Loan,3140000.0,9.22,300
LN-HM-07750,RET-07750,Home Loan,8210000.0,9.0,180
LN-HM-07751,RET-07751,Home Loan,1710000.0,9.48,180
LN-HM-07752,RET-07752,Vehicle Loan,1230000.0,9.65,48
LN-HM-07753,RET-07753,Personal Loan,640000.0,11.24,24
LN-HM-07754,RET-07754,Home Loan,2670000.0,9.24,120
LN-HM-07755,RET-07755,Personal Loan,1050000.0,12.21,36
LN-HM-07756,RET-07756,Home Loan,1460000.0,8.98,300
LN-HM-07757,RET-07757,Vehicle Loan,800000.0,10.89,36
LN-HM-07758,RET-07758,Home Loan,10400000.0,9.46,180
LN-HM-07759,RET-07759,Home Loan,21720000.0,8.73,120
LN-HM-07760,RET-07760,Vehicle Loan,1930000.0,9.66,84
LN-HM-07761,RET-07761,Personal Loan,1520000.0,12.78,60
LN-HM-07762,RET-07762,Home Loan,3950000.0,9.45,180
LN-HM-07763,RET-07763,Vehicle Loan,1610000.0,10.77,60
LN-HM-07764,RET-07764,Personal Loan,1490000.0,11.66,48
LN-HM-07765,RET-07765,Home Loan,7980000.0,8.85,300
LN-HM-07766,RET-07766,Home Loan,7180000.0,8.51,300
LN-HM-07767,RET-07767,Home Loan,2240000.0,8.65,180
LN-HM-07768,RET-07768,Home Loan,18170000.0,9.39,300
LN-HM-07769,RET-07769,Home Loan,2780000.0,8.89,120
LN-HM-07770,RET-07770,Home Loan,4250000.0,8.97,180
LN-HM-07771,RET-07771,Vehicle Loan,960000.0,9.57,60
LN-HM-07772,RET-07772,Home Loan,3180000.0,9.02,180
LN-HM-07773,RET-07773,Personal Loan,800000.0,12.8,36
LN-HM-07774,RET-07774,Personal Loan,1200000.0,11.48,36
LN-HM-07775,RET-07775,Vehicle Loan,1630000.0,9.98,60
LN-HM-07776,RET-07776,Vehicle Loan,830000.0,9.52,36
LN-HM-07777,RET-07777,Home Loan,820000.0,8.61,240
LN-HM-07778,RET-07778,Home Loan,1110000.0,9.05,120
LN-HM-07779,RET-07779,Home Loan,3020000.0,9.02,240
LN-HM-07780,RET-07780,Home Loan,4310000.0,9.06,300
LN-HM-07781,RET-07781,Personal Loan,700000.0,11.83,24
LN-HM-07782,RET-07782,Personal Loan,340000.0,11.56,48
LN-HM-07783,RET-07783,Vehicle Loan,1240000.0,10.15,48
LN-HM-07784,RET-07784,Home Loan,3880000.0,8.81,120
LN-HM-07785,RET-07785,Personal Loan,390000.0,13.92,48
LN-HM-07786,RET-07786,Home Loan,860000.0,8.75,180
LN-HM-07787,RET-07787,Home Loan,1640000.0,9.24,240
LN-HM-07788,RET-07788,Personal Loan,1900000.0,12.05,24
LN-HM-07789,RET-07789,Home Loan,2090000.0,8.62,300
LN-HM-07790,RET-07790,Personal Loan,1520000.0,13.39,60
LN-HM-07791,RET-07791,Personal Loan,1520000.0,11.31,60
LN-HM-07792,RET-07792,Home Loan,1700000.0,8.59,240
LN-HM-07793,RET-07793,Home Loan,1740000.0,8.75,120
LN-HM-07794,RET-07794,Home Loan,4930000.0,9.29,300
LN-HM-07795,RET-07795,Home Loan,4600000.0,8.61,180
LN-HM-07796,RET-07796,Home Loan,2330000.0,8.61,240
LN-HM-07797,RET-07797,Personal Loan,330000.0,12.93,60
LN-HM-07798,RET-07798,Personal Loan,1320000.0,13.02,24
LN-HM-07799,RET-07799,Personal Loan,550000.0,13.54,60
LN-HM-07800,RET-07800,Personal Loan,1080000.0,13.51,36
LN-HM-07801,RET-07801,Vehicle Loan,1340000.0,10.25,72
LN-HM-07802,RET-07802,Home Loan,1890000.0,9.44,240
LN-HM-07803,RET-07803,Vehicle Loan,1200000.0,10.81,60
LN-HM-07804,RET-07804,Personal Loan,320000.0,13.1,12
LN-HM-07805,RET-07805,Home Loan,4910000.0,9.2,240
LN-HM-07806,RET-07806,Home Loan,4510000.0,9.19,240
LN-HM-07807,RET-07807,Home Loan,4960000.0,8.85,300
LN-HM-07808,RET-07808,Personal Loan,1240000.0,12.9,24
LN-HM-07809,RET-07809,Home Loan,2900000.0,9.14,240
LN-HM-07810,RET-07810,Personal Loan,1240000.0,12.23,36
LN-HM-07811,RET-07811,Home Loan,4830000.0,8.86,180
LN-HM-07812,RET-07812,Personal Loan,420000.0,13.1,60
LN-HM-07813,RET-07813,Personal Loan,720000.0,11.67,24
LN-HM-07814,RET-07814,Personal Loan,1050000.0,13.91,48
LN-HM-07815,RET-07815,Vehicle Loan,1810000.0,9.18,48
LN-HM-07816,RET-07816,Personal Loan,430000.0,13.84,12
LN-HM-07817,RET-07817,Vehicle Loan,440000.0,9.49,84
LN-HM-07818,RET-07818,Personal Loan,290000.0,12.26,60
LN-HM-07819,RET-07819,Personal Loan,260000.0,13.86,48
LN-HM-07820,RET-07820,Vehicle Loan,600000.0,9.41,60
LN-HM-07821,RET-07821,Vehicle Loan,590000.0,9.47,72
LN-HM-07822,RET-07822,Home Loan,3470000.0,8.76,120
LN-HM-07823,RET-07823,Home Loan,1610000.0,9.1,120
LN-HM-07824,RET-07824,Personal Loan,340000.0,13.67,48
LN-HM-07825,RET-07825,Home Loan,3210000.0,8.87,300
LN-HM-07826,RET-07826,Personal Loan,490000.0,11.66,48
LN-HM-07827,RET-07827,Vehicle Loan,1280000.0,9.47,60
LN-HM-07828,RET-07828,Home Loan,5410000.0,8.77,240
LN-HM-07829,RET-07829,Personal Loan,740000.0,12.23,48
LN-HM-07830,RET-07830,Vehicle Loan,1010000.0,9.65,48
LN-HM-07831,RET-07831,Home Loan,5830000.0,9.02,300
LN-HM-07832,RET-07832,Personal Loan,900000.0,11.25,48
LN-HM-07833,RET-07833,Vehicle Loan,840000.0,10.65,60
LN-HM-07834,RET-07834,Personal Loan,1610000.0,13.67,24
LN-HM-07835,RET-07835,Home Loan,2970000.0,8.82,240
LN-HM-07836,RET-07836,Personal Loan,520000.0,13.54,12
LN-HM-07837,RET-07837,Vehicle Loan,1720000.0,10.81,48
LN-HM-07838,RET-07838,Vehicle Loan,1220000.0,9.12,60
LN-HM-07839,RET-07839,Home Loan,2430000.0,9.45,300
LN-HM-07840,RET-07840,Home Loan,2200000.0,8.71,240
LN-HM-07841,RET-07841,Home Loan,1540000.0,8.96,180
LN-HM-07842,RET-07842,Home Loan,2120000.0,9.3,240
LN-HM-07843,RET-07843,Personal Loan,1930000.0,12.31,24
LN-HM-07844,RET-07844,Home Loan,5040000.0,9.27,120
LN-HM-07845,RET-07845,Home Loan,2090000.0,8.81,240
LN-HM-07846,RET-07846,Personal Loan,280000.0,12.33,48
LN-HM-07847,RET-07847,Personal Loan,560000.0,11.74,60
LN-HM-07848,RET-07848,Vehicle Loan,850000.0,10.71,36
LN-HM-07849,RET-07849,Home Loan,8750000.0,8.99,300
LN-HM-07850,RET-07850,Personal Loan,530000.0,11.13,12
LN-HM-07851,RET-07851,Home Loan,9970000.0,8.5,180
LN-HM-07852,RET-07852,Vehicle Loan,830000.0,9.76,84
LN-HM-07853,RET-07853,Home Loan,2420000.0,8.5,180
LN-HM-07854,RET-07854,Vehicle Loan,1300000.0,10.73,60
LN-HM-07855,RET-07855,Vehicle Loan,350000.0,9.71,84
LN-HM-07856,RET-07856,Home Loan,3520000.0,8.68,180
LN-HM-07857,RET-07857,Home Loan,1760000.0,8.78,180
LN-HM-07858,RET-07858,Home Loan,890000.0,8.95,180
LN-HM-07859,RET-07859,Vehicle Loan,1050000.0,9.13,84
LN-HM-07860,RET-07860,Home Loan,4470000.0,9.31,240
LN-HM-07861,RET-07861,Personal Loan,1210000.0,12.92,36
LN-HM-07862,RET-07862,Home Loan,3380000.0,8.61,120
LN-HM-07863,RET-07863,Home Loan,990000.0,8.86,300
LN-HM-07864,RET-07864,Home Loan,3220000.0,9.15,120
LN-HM-07865,RET-07865,Personal Loan,830000.0,11.64,24
LN-HM-07866,RET-07866,Personal Loan,990000.0,13.25,24
LN-HM-07867,RET-07867,Vehicle Loan,670000.0,9.2,60
LN-HM-07868,RET-07868,Home Loan,4440000.0,8.51,240
LN-HM-07869,RET-07869,Vehicle Loan,1070000.0,10.85,60
LN-HM-07870,RET-07870,Personal Loan,850000.0,11.65,12
LN-HM-07871,RET-07871,Home Loan,4230000.0,8.7,120
LN-HM-07872,RET-07872,Home Loan,1730000.0,9.25,300
LN-HM-07873,RET-07873,Personal Loan,1120000.0,12.32,12
LN-HM-07874,RET-07874,Home Loan,1150000.0,9.35,180
LN-HM-07875,RET-07875,Vehicle Loan,1330000.0,9.01,36
LN-HM-07876,RET-07876,Home Loan,1990000.0,8.67,240
LN-HM-07877,RET-07877,Home Loan,2650000.0,8.96,180
LN-HM-07878,RET-07878,Personal Loan,300000.0,11.68,12
LN-HM-07879,RET-07879,Personal Loan,610000.0,12.61,12
LN-HM-07880,RET-07880,Home Loan,3460000.0,9.27,300
LN-HM-07881,RET-07881,Personal Loan,2330000.0,12.02,12
LN-HM-07882,RET-07882,Personal Loan,1040000.0,11.55,36
LN-HM-07883,RET-07883,Home Loan,1600000.0,9.37,240
LN-HM-07884,RET-07884,Home Loan,4680000.0,9.29,240
LN-HM-07885,RET-07885,Home Loan,1910000.0,8.74,120
LN-HM-07886,RET-07886,Personal Loan,1000000.0,13.13,60
LN-HM-07887,RET-07887,Personal Loan,1100000.0,11.95,24
LN-HM-07888,RET-07888,Personal Loan,620000.0,12.28,60
LN-HM-07889,RET-07889,Home Loan,4560000.0,9.14,180
LN-HM-07890,RET-07890,Personal Loan,1030000.0,13.69,24
LN-HM-07891,RET-07891,Vehicle Loan,1420000.0,10.0,36
LN-HM-07892,RET-07892,Home Loan,2250000.0,9.03,180
LN-HM-07893,RET-07893,Home Loan,3240000.0,8.7,180
LN-HM-07894,RET-07894,Personal Loan,1180000.0,11.77,36
LN-HM-07895,RET-07895,Personal Loan,1130000.0,12.51,24
LN-HM-07896,RET-07896,Personal Loan,450000.0,13.38,48
LN-HM-07897,RET-07897,Home Loan,10230000.0,8.71,300
LN-HM-07898,RET-07898,Personal Loan,1390000.0,13.68,12
LN-HM-07899,RET-07899,Personal Loan,590000.0,12.7,48
LN-HM-07900,RET-07900,Home Loan,6620000.0,9.1,300
LN-HM-07901,RET-07901,Home Loan,2050000.0,9.36,240
LN-HM-07902,RET-07902,Home Loan,3390000.0,9.03,300
LN-HM-07903,RET-07903,Home Loan,4580000.0,8.97,180
LN-HM-07904,RET-07904,Home Loan,6470000.0,8.59,180
LN-HM-07905,RET-07905,Home Loan,2210000.0,9.35,240
LN-HM-07906,RET-07906,Home Loan,1240000.0,9.29,180
LN-HM-07907,RET-07907,Vehicle Loan,900000.0,9.22,60
LN-HM-07908,RET-07908,Home Loan,5680000.0,9.03,120
LN-HM-07909,RET-07909,Home Loan,1750000.0,8.63,120
LN-HM-07910,RET-07910,Home Loan,4640000.0,8.98,240
LN-HM-07911,RET-07911,Home Loan,1230000.0,9.07,300
LN-HM-07912,RET-07912,Vehicle Loan,2340000.0,10.71,72
LN-HM-07913,RET-07913,Home Loan,2840000.0,9.15,240
LN-HM-07914,RET-07914,Home Loan,2960000.0,9.27,240
LN-HM-07915,RET-07915,Personal Loan,1380000.0,13.84,60
LN-HM-07916,RET-07916,Home Loan,3750000.0,8.75,240
LN-HM-07917,RET-07917,Personal Loan,750000.0,12.28,12
LN-HM-07918,RET-07918,Personal Loan,1030000.0,13.71,48
LN-HM-07919,RET-07919,Vehicle Loan,1240000.0,10.38,72
LN-HM-07920,RET-07920,Home Loan,9780000.0,8.54,300
LN-HM-07921,RET-07921,Home Loan,1470000.0,8.9,240
LN-HM-07922,RET-07922,Home Loan,3860000.0,8.51,180
LN-HM-07923,RET-07923,Personal Loan,590000.0,11.43,12
LN-HM-07924,RET-07924,Personal Loan,640000.0,12.89,12
LN-HM-07925,RET-07925,Home Loan,4120000.0,8.56,300
LN-HM-07926,RET-07926,Home Loan,3710000.0,8.71,120
LN-HM-07927,RET-07927,Vehicle Loan,1860000.0,9.8,60
LN-HM-07928,RET-07928,Home Loan,1850000.0,9.39,180
LN-HM-07929,RET-07929,Home Loan,15990000.0,9.17,300
LN-HM-07930,RET-07930,Personal Loan,840000.0,12.3,60
LN-HM-07931,RET-07931,Home Loan,4600000.0,9.07,300
LN-HM-07932,RET-07932,Personal Loan,700000.0,13.06,24
LN-HM-07933,RET-07933,Personal Loan,1030000.0,13.43,24
LN-HM-07934,RET-07934,Vehicle Loan,910000.0,9.89,48
LN-HM-07935,RET-07935,Vehicle Loan,1390000.0,9.38,36
LN-HM-07936,RET-07936,Home Loan,3660000.0,8.68,180
LN-HM-07937,RET-07937,Home Loan,1070000.0,8.74,300
LN-HM-07938,RET-07938,Vehicle Loan,720000.0,9.9,84
LN-HM-07939,RET-07939,Personal Loan,510000.0,13.88,60
LN-HM-07940,RET-07940,Vehicle Loan,4500000.0,9.28,36
LN-HM-07941,RET-07941,Home Loan,4010000.0,9.43,300
LN-HM-07942,RET-07942,Personal Loan,1150000.0,12.5,48
LN-HM-07943,RET-07943,Home Loan,3970000.0,8.58,120
LN-HM-07944,RET-07944,Home Loan,3490000.0,9.27,240
LN-HM-07945,RET-07945,Home Loan,4460000.0,8.83,240
LN-HM-07946,RET-07946,Home Loan,6290000.0,9.21,300
LN-HM-07947,RET-07947,Vehicle Loan,3840000.0,9.35,60
LN-HM-07948,RET-07948,Personal Loan,830000.0,13.8,60
LN-HM-07949,RET-07949,Home Loan,2070000.0,8.89,120
LN-HM-07950,RET-07950,Home Loan,7320000.0,9.0,180
LN-HM-07951,RET-07951,Vehicle Loan,710000.0,9.57,36
LN-HM-07952,RET-07952,Vehicle Loan,1660000.0,10.91,84
LN-HM-07953,RET-07953,Home Loan,5280000.0,8.78,180
LN-HM-07954,RET-07954,Personal Loan,770000.0,12.3,24
LN-HM-07955,RET-07955,Home Loan,1670000.0,8.7,180
LN-HM-07956,RET-07956,Home Loan,3240000.0,9.17,240
LN-HM-07957,RET-07957,Home Loan,3040000.0,8.82,180
LN-HM-07958,RET-07958,Personal Loan,260000.0,12.89,24
LN-HM-07959,RET-07959,Home Loan,2100000.0,8.75,120
LN-HM-07960,RET-07960,Home Loan,1150000.0,8.54,180
LN-HM-07961,RET-07961,Vehicle Loan,1720000.0,10.59,36
LN-HM-07962,RET-07962,Personal Loan,610000.0,11.79,36
LN-HM-07963,RET-07963,Personal Loan,940000.0,11.03,60
LN-HM-07964,RET-07964,Home Loan,3260000.0,9.28,300
LN-HM-07965,RET-07965,Home Loan,3610000.0,9.31,300
LN-HM-07966,RET-07966,Home Loan,2260000.0,9.04,240
LN-HM-07967,RET-07967,Home Loan,4520000.0,9.13,180
LN-HM-07968,RET-07968,Home Loan,1470000.0,8.54,180
LN-HM-07969,RET-07969,Vehicle Loan,1490000.0,9.04,36
LN-HM-07970,RET-07970,Home Loan,1730000.0,9.27,300
LN-HM-07971,RET-07971,Vehicle Loan,2570000.0,9.95,84
LN-HM-07972,RET-07972,Home Loan,4650000.0,8.69,240
LN-HM-07973,RET-07973,Personal Loan,1050000.0,13.56,36
LN-HM-07974,RET-07974,Home Loan,1340000.0,8.66,300
LN-HM-07975,RET-07975,Personal Loan,380000.0,13.22,60
LN-HM-07976,RET-07976,Home Loan,5670000.0,8.99,180
LN-HM-07977,RET-07977,Home Loan,9750000.0,9.4,300
LN-HM-07978,RET-07978,Personal Loan,1000000.0,13.1,48
LN-HM-07979,RET-07979,Home Loan,2910000.0,9.18,300
LN-HM-07980,RET-07980,Home Loan,3630000.0,8.91,180
LN-HM-07981,RET-07981,Personal Loan,1100000.0,13.57,24
LN-HM-07982,RET-07982,Home Loan,4710000.0,9.09,180
LN-HM-07983,RET-07983,Personal Loan,430000.0,11.75,12
LN-HM-07984,RET-07984,Home Loan,1710000.0,9.29,180
LN-HM-07985,RET-07985,Vehicle Loan,1220000.0,9.55,60
LN-HM-07986,RET-07986,Personal Loan,2470000.0,13.77,12
LN-HM-07987,RET-07987,Home Loan,6760000.0,8.56,180
LN-HM-07988,RET-07988,Home Loan,1830000.0,8.83,120
LN-HM-07989,RET-07989,Personal Loan,550000.0,13.93,60
LN-HM-07990,RET-07990,Home Loan,6710000.0,9.13,120
LN-HM-07991,RET-07991,Personal Loan,940000.0,13.62,48
LN-HM-07992,RET-07992,Personal Loan,1820000.0,12.07,36
LN-HM-07993,RET-07993,Personal Loan,940000.0,11.23,12
LN-HM-07994,RET-07994,Vehicle Loan,1500000.0,9.78,36
LN-HM-07995,RET-07995,Home Loan,3210000.0,9.11,180
LN-HM-07996,RET-07996,Home Loan,3800000.0,9.37,300
LN-HM-07997,RET-07997,Home Loan,2490000.0,8.73,120
LN-HM-07998,RET-07998,Home Loan,4000000.0,9.24,120
LN-HM-07999,RET-07999,Home Loan,5600000.0,9.11,120
LN-HM-08000,RET-08000,Vehicle Loan,590000.0,9.24,72
LN-HM-08001,RET-08001,Vehicle Loan,1280000.0,10.35,60
LN-HM-08002,RET-08002,Home Loan,8780000.0,8.67,180
LN-HM-08003,RET-08003,Vehicle Loan,2300000.0,10.02,72
LN-HM-08004,RET-08004,Home Loan,6110000.0,9.18,300
LN-HM-08005,RET-08005,Personal Loan,420000.0,11.96,24
LN-HM-08006,RET-08006,Vehicle Loan,1820000.0,9.29,84
LN-HM-08007,RET-08007,Home Loan,5220000.0,9.16,300
LN-HM-08008,RET-08008,Personal Loan,460000.0,13.72,12
LN-HM-08009,RET-08009,Personal Loan,1270000.0,13.98,60
LN-HM-08010,RET-08010,Home Loan,3710000.0,9.26,120
LN-HM-08011,RET-08011,Personal Loan,320000.0,12.26,36
LN-HM-08012,RET-08012,Personal Loan,310000.0,11.37,24
LN-HM-08013,RET-08013,Home Loan,4530000.0,8.96,240
LN-HM-08014,RET-08014,Personal Loan,400000.0,13.14,12
LN-HM-08015,RET-08015,Personal Loan,250000.0,12.95,48
LN-HM-08016,RET-08016,Vehicle Loan,560000.0,10.95,48
LN-HM-08017,RET-08017,Vehicle Loan,1110000.0,10.76,72
LN-HM-08018,RET-08018,Home Loan,1350000.0,8.95,120
LN-HM-08019,RET-08019,Home Loan,980000.0,9.22,180
LN-HM-08020,RET-08020,Personal Loan,1420000.0,12.08,48
LN-HM-08021,RET-08021,Vehicle Loan,770000.0,9.75,48
LN-HM-08022,RET-08022,Home Loan,3800000.0,9.04,120
LN-HM-08023,RET-08023,Home Loan,5850000.0,8.77,180
LN-HM-08024,RET-08024,Home Loan,1030000.0,9.36,300
LN-HM-08025,RET-08025,Home Loan,1550000.0,8.54,300
LN-HM-08026,RET-08026,Personal Loan,580000.0,12.74,48
LN-HM-08027,RET-08027,Personal Loan,780000.0,13.54,60
LN-HM-08028,RET-08028,Vehicle Loan,740000.0,9.98,60
LN-HM-08029,RET-08029,Vehicle Loan,900000.0,10.16,36
LN-HM-08030,RET-08030,Vehicle Loan,820000.0,9.5,84
LN-HM-08031,RET-08031,Personal Loan,1230000.0,12.99,60
LN-HM-08032,RET-08032,Vehicle Loan,2840000.0,10.97,48
LN-HM-08033,RET-08033,Vehicle Loan,5950000.0,10.7,72
LN-HM-08034,RET-08034,Home Loan,2870000.0,8.53,180
LN-HM-08035,RET-08035,Home Loan,6570000.0,8.95,300
LN-HM-08036,RET-08036,Personal Loan,1520000.0,12.93,12
LN-HM-08037,RET-08037,Personal Loan,490000.0,12.05,12
LN-HM-08038,RET-08038,Home Loan,830000.0,8.68,240
LN-HM-08039,RET-08039,Home Loan,2900000.0,9.25,120
LN-HM-08040,RET-08040,Vehicle Loan,660000.0,9.69,36
LN-HM-08041,RET-08041,Personal Loan,970000.0,11.9,36
LN-HM-08042,RET-08042,Personal Loan,440000.0,13.26,48
LN-HM-08043,RET-08043,Personal Loan,510000.0,12.51,12
LN-HM-08044,RET-08044,Home Loan,12410000.0,9.23,120
LN-HM-08045,RET-08045,Vehicle Loan,2390000.0,10.89,84
LN-HM-08046,RET-08046,Home Loan,830000.0,9.24,120
LN-HM-08047,RET-08047,Personal Loan,530000.0,12.69,12
LN-HM-08048,RET-08048,Home Loan,3930000.0,8.92,180
LN-HM-08049,RET-08049,Home Loan,8350000.0,9.12,120
LN-HM-08050,RET-08050,Personal Loan,630000.0,12.76,12
LN-HM-08051,RET-08051,Home Loan,2340000.0,8.51,180
LN-HM-08052,RET-08052,Home Loan,3120000.0,9.16,300
LN-HM-08053,RET-08053,Personal Loan,1150000.0,13.14,24
LN-HM-08054,RET-08054,Home Loan,1370000.0,9.05,300
LN-HM-08055,RET-08055,Personal Loan,300000.0,13.44,48
LN-HM-08056,RET-08056,Home Loan,5740000.0,9.11,300
LN-HM-08057,RET-08057,Home Loan,2220000.0,8.72,240
LN-HM-08058,RET-08058,Personal Loan,2710000.0,11.92,36
LN-HM-08059,RET-08059,Home Loan,1910000.0,9.35,240
LN-HM-08060,RET-08060,Home Loan,2240000.0,9.04,120
LN-HM-08061,RET-08061,Home Loan,5430000.0,8.65,240
LN-HM-08062,RET-08062,Vehicle Loan,470000.0,9.04,48
LN-HM-08063,RET-08063,Personal Loan,4910000.0,13.07,12
LN-HM-08064,RET-08064,Vehicle Loan,1130000.0,10.54,60
LN-HM-08065,RET-08065,Home Loan,2210000.0,9.17,300
LN-HM-08066,RET-08066,Home Loan,1610000.0,9.13,300
LN-HM-08067,RET-08067,Vehicle Loan,1090000.0,9.59,36
LN-HM-08068,RET-08068,Personal Loan,580000.0,13.36,48
LN-HM-08069,RET-08069,Vehicle Loan,470000.0,9.58,36
LN-HM-08070,RET-08070,Home Loan,1480000.0,9.28,300
LN-HM-08071,RET-08071,Personal Loan,970000.0,13.96,24
LN-HM-08072,RET-08072,Vehicle Loan,590000.0,10.89,60
LN-HM-08073,RET-08073,Home Loan,1430000.0,8.88,180
LN-HM-08074,RET-08074,Personal Loan,390000.0,13.27,24
LN-HM-08075,RET-08075,Personal Loan,320000.0,11.43,12
LN-HM-08076,RET-08076,Home Loan,14000000.0,8.61,120
LN-HM-08077,RET-08077,Home Loan,2840000.0,9.24,240
LN-HM-08078,RET-08078,Home Loan,2680000.0,8.64,300
LN-HM-08079,RET-08079,Personal Loan,720000.0,11.78,24
LN-HM-08080,RET-08080,Home Loan,2280000.0,9.03,240
LN-HM-08081,RET-08081,Personal Loan,860000.0,11.25,24
LN-HM-08082,RET-08082,Home Loan,1740000.0,8.73,240
LN-HM-08083,RET-08083,Home Loan,2820000.0,8.71,300
LN-HM-08084,RET-08084,Personal Loan,1170000.0,11.51,60
LN-HM-08085,RET-08085,Home Loan,8600000.0,9.26,240
LN-HM-08086,RET-08086,Home Loan,2660000.0,9.33,180
LN-HM-08087,RET-08087,Home Loan,1780000.0,8.93,300
LN-HM-08088,RET-08088,Vehicle Loan,2030000.0,10.84,72
LN-HM-08089,RET-08089,Home Loan,2120000.0,8.59,180
LN-HM-08090,RET-08090,Personal Loan,440000.0,13.8,24
LN-HM-08091,RET-08091,Personal Loan,2380000.0,13.73,12
LN-HM-08092,RET-08092,Personal Loan,780000.0,13.45,60
LN-HM-08093,RET-08093,Vehicle Loan,1220000.0,9.3,84
LN-HM-08094,RET-08094,Vehicle Loan,690000.0,10.61,84
LN-HM-08095,RET-08095,Personal Loan,400000.0,13.22,60
LN-HM-08096,RET-08096,Personal Loan,1060000.0,11.98,36
LN-HM-08097,RET-08097,Personal Loan,340000.0,13.85,36
LN-HM-08098,RET-08098,Home Loan,5870000.0,8.84,120
LN-HM-08099,RET-08099,Personal Loan,680000.0,12.39,60
LN-HM-08100,RET-08100,Home Loan,3920000.0,8.79,240
LN-HM-08101,RET-08101,Home Loan,10180000.0,8.93,300
LN-HM-08102,RET-08102,Home Loan,1800000.0,8.59,120
LN-HM-08103,RET-08103,Home Loan,2790000.0,8.69,120
LN-HM-08104,RET-08104,Home Loan,5080000.0,8.51,180
LN-HM-08105,RET-08105,Home Loan,2650000.0,9.49,240
LN-HM-08106,RET-08106,Home Loan,4880000.0,8.54,300
LN-HM-08107,RET-08107,Home Loan,2330000.0,9.26,240
LN-HM-08108,RET-08108,Personal Loan,1300000.0,13.16,48
LN-HM-08109,RET-08109,Home Loan,3040000.0,8.83,240
LN-HM-08110,RET-08110,Home Loan,4550000.0,8.81,180
LN-HM-08111,RET-08111,Personal Loan,830000.0,12.3,48
LN-HM-08112,RET-08112,Home Loan,2990000.0,9.47,300
LN-HM-08113,RET-08113,Home Loan,2830000.0,9.17,120
LN-HM-08114,RET-08114,Home Loan,2500000.0,9.37,120
LN-HM-08115,RET-08115,Home Loan,4130000.0,9.11,300
LN-HM-08116,RET-08116,Home Loan,3580000.0,9.49,120
LN-HM-08117,RET-08117,Vehicle Loan,850000.0,10.03,60
LN-HM-08118,RET-08118,Personal Loan,1250000.0,13.62,12
LN-HM-08119,RET-08119,Home Loan,1670000.0,8.8,240
LN-HM-08120,RET-08120,Home Loan,7190000.0,9.04,240
LN-HM-08121,RET-08121,Vehicle Loan,5970000.0,10.59,60
LN-HM-08122,RET-08122,Personal Loan,2320000.0,12.82,12
LN-HM-08123,RET-08123,Personal Loan,2330000.0,13.61,48
LN-HM-08124,RET-08124,Home Loan,5400000.0,8.66,240
LN-HM-08125,RET-08125,Vehicle Loan,1060000.0,9.53,60
LN-HM-08126,RET-08126,Vehicle Loan,430000.0,10.72,60
LN-HM-08127,RET-08127,Personal Loan,400000.0,11.49,60
LN-HM-08128,RET-08128,Personal Loan,510000.0,13.26,36
LN-HM-08129,RET-08129,Home Loan,4910000.0,9.22,180
LN-HM-08130,RET-08130,Home Loan,2720000.0,9.39,180
LN-HM-08131,RET-08131,Home Loan,1650000.0,9.04,240
LN-HM-08132,RET-08132,Home Loan,1150000.0,9.18,180
LN-HM-08133,RET-08133,Personal Loan,2720000.0,12.31,36
LN-HM-08134,RET-08134,Home Loan,6040000.0,8.97,180
LN-HM-08135,RET-08135,Home Loan,4310000.0,8.91,180
LN-HM-08136,RET-08136,Home Loan,2810000.0,8.86,300
LN-HM-08137,RET-08137,Home Loan,3850000.0,8.61,240
LN-HM-08138,RET-08138,Personal Loan,370000.0,11.39,12
LN-HM-08139,RET-08139,Home Loan,3070000.0,9.41,180
LN-HM-08140,RET-08140,Personal Loan,3050000.0,11.16,48
LN-HM-08141,RET-08141,Home Loan,1180000.0,8.9,240
LN-HM-08142,RET-08142,Vehicle Loan,750000.0,9.93,48
LN-HM-08143,RET-08143,Home Loan,2810000.0,8.76,180
LN-HM-08144,RET-08144,Personal Loan,860000.0,11.27,48
LN-HM-08145,RET-08145,Home Loan,7100000.0,8.55,120
LN-HM-08146,RET-08146,Personal Loan,260000.0,11.42,24
LN-HM-08147,RET-08147,Home Loan,8120000.0,8.91,300
LN-HM-08148,RET-08148,Home Loan,1020000.0,9.41,240
LN-HM-08149,RET-08149,Home Loan,1920000.0,9.41,300
LN-HM-08150,RET-08150,Vehicle Loan,570000.0,10.97,72
LN-HM-08151,RET-08151,Vehicle Loan,730000.0,9.7,36
LN-HM-08152,RET-08152,Vehicle Loan,1500000.0,10.06,48
LN-HM-08153,RET-08153,Home Loan,4250000.0,8.81,120
LN-HM-08154,RET-08154,Home Loan,4210000.0,9.43,180
LN-HM-08155,RET-08155,Home Loan,1840000.0,9.03,180
LN-HM-08156,RET-08156,Vehicle Loan,970000.0,9.99,60
LN-HM-08157,RET-08157,Vehicle Loan,1460000.0,10.37,72
LN-HM-08158,RET-08158,Vehicle Loan,2630000.0,9.42,84
LN-HM-08159,RET-08159,Vehicle Loan,1460000.0,10.08,48
LN-HM-08160,RET-08160,Home Loan,3960000.0,8.75,180
LN-HM-08161,RET-08161,Home Loan,10500000.0,9.25,240
LN-HM-08162,RET-08162,Personal Loan,330000.0,12.91,24
LN-HM-08163,RET-08163,Vehicle Loan,640000.0,9.09,84
LN-HM-08164,RET-08164,Home Loan,2200000.0,9.19,120
LN-HM-08165,RET-08165,Home Loan,10400000.0,9.01,300
LN-HM-08166,RET-08166,Home Loan,9540000.0,9.27,300
LN-HM-08167,RET-08167,Home Loan,9990000.0,8.86,300
LN-HM-08168,RET-08168,Personal Loan,560000.0,11.78,36
LN-HM-08169,RET-08169,Personal Loan,1290000.0,13.96,48
LN-HM-08170,RET-08170,Home Loan,3310000.0,9.24,300
LN-HM-08171,RET-08171,Vehicle Loan,1210000.0,9.2,48
LN-HM-08172,RET-08172,Personal Loan,200000.0,13.47,60
LN-HM-08173,RET-08173,Home Loan,1820000.0,9.14,180
LN-HM-08174,RET-08174,Home Loan,2000000.0,9.37,240
LN-HM-08175,RET-08175,Vehicle Loan,2290000.0,10.71,36
LN-HM-08176,RET-08176,Home Loan,1930000.0,8.63,300
LN-HM-08177,RET-08177,Vehicle Loan,1140000.0,10.23,60
LN-HM-08178,RET-08178,Personal Loan,680000.0,11.26,48
LN-HM-08179,RET-08179,Vehicle Loan,2360000.0,9.22,48
LN-HM-08180,RET-08180,Personal Loan,1640000.0,12.4,12
LN-HM-08181,RET-08181,Personal Loan,360000.0,13.03,36
LN-HM-08182,RET-08182,Personal Loan,580000.0,12.94,48
LN-HM-08183,RET-08183,Home Loan,4020000.0,9.06,180
LN-HM-08184,RET-08184,Home Loan,3530000.0,9.37,300
LN-HM-08185,RET-08185,Vehicle Loan,2050000.0,10.8,72
LN-HM-08186,RET-08186,Home Loan,6400000.0,8.67,300
LN-HM-08187,RET-08187,Personal Loan,930000.0,11.72,12
LN-HM-08188,RET-08188,Vehicle Loan,1930000.0,9.34,72
LN-HM-08189,RET-08189,Home Loan,4240000.0,8.76,120
LN-HM-08190,RET-08190,Home Loan,7200000.0,9.28,180
LN-HM-08191,RET-08191,Home Loan,2160000.0,8.57,180
LN-HM-08192,RET-08192,Home Loan,3690000.0,8.8,120
LN-HM-08193,RET-08193,Home Loan,8580000.0,9.26,120
LN-HM-08194,RET-08194,Home Loan,2110000.0,9.49,300
LN-HM-08195,RET-08195,Home Loan,3620000.0,8.86,120
LN-HM-08196,RET-08196,Home Loan,6940000.0,9.4,120
LN-HM-08197,RET-08197,Home Loan,5400000.0,8.67,180
LN-HM-08198,RET-08198,Vehicle Loan,1080000.0,9.61,84
LN-HM-08199,RET-08199,Home Loan,9270000.0,9.48,180
LN-HM-08200,RET-08200,Personal Loan,610000.0,11.19,36
LN-HM-08201,RET-08201,Personal Loan,220000.0,11.59,36
LN-HM-08202,RET-08202,Personal Loan,260000.0,11.5,36
LN-HM-08203,RET-08203,Home Loan,8390000.0,8.58,120
LN-HM-08204,RET-08204,Vehicle Loan,1460000.0,10.98,60
LN-HM-08205,RET-08205,Home Loan,4070000.0,8.7,120
LN-HM-08206,RET-08206,Home Loan,7680000.0,8.62,180
LN-HM-08207,RET-08207,Home Loan,3810000.0,9.48,120
LN-HM-08208,RET-08208,Personal Loan,640000.0,13.94,60
LN-HM-08209,RET-08209,Home Loan,7130000.0,8.76,180
LN-HM-08210,RET-08210,Personal Loan,760000.0,11.61,24
LN-HM-08211,RET-08211,Home Loan,4820000.0,9.23,300
LN-HM-08212,RET-08212,Vehicle Loan,780000.0,9.95,36
LN-HM-08213,RET-08213,Vehicle Loan,450000.0,10.95,48
LN-HM-08214,RET-08214,Vehicle Loan,660000.0,9.34,36
LN-HM-08215,RET-08215,Home Loan,2970000.0,8.91,120
LN-HM-08216,RET-08216,Personal Loan,610000.0,13.85,24
LN-HM-08217,RET-08217,Personal Loan,530000.0,11.97,12
LN-HM-08218,RET-08218,Personal Loan,630000.0,13.86,36
LN-HM-08219,RET-08219,Home Loan,3510000.0,8.62,180
LN-HM-08220,RET-08220,Home Loan,1560000.0,9.49,300
LN-HM-08221,RET-08221,Personal Loan,230000.0,13.82,60
LN-HM-08222,RET-08222,Vehicle Loan,1570000.0,10.32,60
LN-HM-08223,RET-08223,Home Loan,2490000.0,9.23,180
LN-HM-08224,RET-08224,Personal Loan,320000.0,13.93,60
LN-HM-08225,RET-08225,Home Loan,5010000.0,8.85,240
LN-HM-08226,RET-08226,Vehicle Loan,1380000.0,10.94,72
LN-HM-08227,RET-08227,Personal Loan,540000.0,11.22,60
LN-HM-08228,RET-08228,Home Loan,10340000.0,9.45,240
LN-HM-08229,RET-08229,Home Loan,5320000.0,8.6,180
LN-HM-08230,RET-08230,Personal Loan,310000.0,13.34,36
LN-HM-08231,RET-08231,Home Loan,3150000.0,9.43,300
LN-HM-08232,RET-08232,Personal Loan,280000.0,11.92,36
LN-HM-08233,RET-08233,Home Loan,6050000.0,9.15,120
LN-HM-08234,RET-08234,Home Loan,4370000.0,9.29,240
LN-HM-08235,RET-08235,Personal Loan,1380000.0,12.57,12
LN-HM-08236,RET-08236,Personal Loan,200000.0,12.71,60
LN-HM-08237,RET-08237,Home Loan,4220000.0,8.78,300
LN-HM-08238,RET-08238,Personal Loan,600000.0,11.09,24
LN-HM-08239,RET-08239,Home Loan,4650000.0,8.82,120
LN-HM-08240,RET-08240,Personal Loan,880000.0,12.81,48
LN-HM-08241,RET-08241,Home Loan,3700000.0,9.01,180
LN-HM-08242,RET-08242,Home Loan,2320000.0,8.66,240
LN-HM-08243,RET-08243,Home Loan,2800000.0,9.15,120
LN-HM-08244,RET-08244,Vehicle Loan,860000.0,10.65,60
LN-HM-08245,RET-08245,Vehicle Loan,2270000.0,10.5,72
LN-HM-08246,RET-08246,Vehicle Loan,540000.0,11.0,84
LN-HM-08247,RET-08247,Home Loan,3090000.0,9.39,240
LN-HM-08248,RET-08248,Vehicle Loan,730000.0,9.64,60
LN-HM-08249,RET-08249,Home Loan,2880000.0,9.34,240
LN-HM-08250,RET-08250,Personal Loan,550000.0,12.94,24
LN-HM-08251,RET-08251,Vehicle Loan,700000.0,9.38,48
LN-HM-08252,RET-08252,Vehicle Loan,4880000.0,9.76,72
LN-HM-08253,RET-08253,Personal Loan,810000.0,13.3,36
LN-HM-08254,RET-08254,Personal Loan,1230000.0,13.56,60
LN-HM-08255,RET-08255,Home Loan,3460000.0,9.22,180
LN-HM-08256,RET-08256,Home Loan,3710000.0,9.04,300
LN-HM-08257,RET-08257,Home Loan,2380000.0,8.51,180
LN-HM-08258,RET-08258,Home Loan,6060000.0,8.92,180
LN-HM-08259,RET-08259,Home Loan,1470000.0,8.65,120
LN-HM-08260,RET-08260,Home Loan,7120000.0,8.63,180
LN-HM-08261,RET-08261,Vehicle Loan,900000.0,9.48,36
LN-HM-08262,RET-08262,Vehicle Loan,1810000.0,9.47,60
LN-HM-08263,RET-08263,Personal Loan,2140000.0,12.16,36
LN-HM-08264,RET-08264,Home Loan,5020000.0,9.26,300
LN-HM-08265,RET-08265,Vehicle Loan,600000.0,10.03,48
LN-HM-08266,RET-08266,Vehicle Loan,2380000.0,10.04,84
LN-HM-08267,RET-08267,Personal Loan,2100000.0,11.4,24
LN-HM-08268,RET-08268,Home Loan,1360000.0,9.47,180
LN-HM-08269,RET-08269,Vehicle Loan,860000.0,9.48,84
LN-HM-08270,RET-08270,Personal Loan,1060000.0,12.91,36
LN-HM-08271,RET-08271,Home Loan,2680000.0,9.29,300
LN-HM-08272,RET-08272,Home Loan,1080000.0,8.82,120
LN-HM-08273,RET-08273,Personal Loan,240000.0,11.81,60
LN-HM-08274,RET-08274,Personal Loan,360000.0,13.68,60
LN-HM-08275,RET-08275,Vehicle Loan,1550000.0,10.64,72
LN-HM-08276,RET-08276,Home Loan,8050000.0,9.47,300
LN-HM-08277,RET-08277,Home Loan,5960000.0,8.6,240
LN-HM-08278,RET-08278,Personal Loan,600000.0,13.73,36
LN-HM-08279,RET-08279,Personal Loan,1140000.0,13.13,12
LN-HM-08280,RET-08280,Home Loan,6770000.0,8.84,120
LN-HM-08281,RET-08281,Personal Loan,720000.0,11.48,48
LN-HM-08282,RET-08282,Personal Loan,260000.0,13.17,48
LN-HM-08283,RET-08283,Home Loan,1830000.0,9.06,240
LN-HM-08284,RET-08284,Home Loan,4710000.0,9.36,180
LN-HM-08285,RET-08285,Home Loan,2340000.0,8.79,240
LN-HM-08286,RET-08286,Home Loan,3710000.0,8.71,240
LN-HM-08287,RET-08287,Personal Loan,470000.0,12.86,60
LN-HM-08288,RET-08288,Personal Loan,750000.0,12.57,24
LN-HM-08289,RET-08289,Personal Loan,1220000.0,12.28,24
LN-HM-08290,RET-08290,Home Loan,2390000.0,8.76,180
LN-HM-08291,RET-08291,Home Loan,2130000.0,8.53,120
LN-HM-08292,RET-08292,Home Loan,4460000.0,8.83,240
LN-HM-08293,RET-08293,Home Loan,3600000.0,9.27,120
LN-HM-08294,RET-08294,Home Loan,970000.0,9.0,240
LN-HM-08295,RET-08295,Home Loan,5010000.0,8.62,300
LN-HM-08296,RET-08296,Vehicle Loan,680000.0,10.72,36
LN-HM-08297,RET-08297,Home Loan,1960000.0,8.66,240
LN-HM-08298,RET-08298,Vehicle Loan,510000.0,9.36,72
LN-HM-08299,RET-08299,Home Loan,1530000.0,8.95,300
LN-HM-08300,RET-08300,Personal Loan,1010000.0,12.35,24
LN-HM-08301,RET-08301,Personal Loan,1220000.0,13.33,36
LN-HM-08302,RET-08302,Vehicle Loan,1080000.0,9.76,48
LN-HM-08303,RET-08303,Personal Loan,720000.0,12.37,12
LN-HM-08304,RET-08304,Home Loan,5820000.0,9.4,180
LN-HM-08305,RET-08305,Personal Loan,340000.0,12.01,48
LN-HM-08306,RET-08306,Home Loan,1410000.0,8.58,180
LN-HM-08307,RET-08307,Home Loan,5900000.0,9.09,180
LN-HM-08308,RET-08308,Personal Loan,470000.0,13.27,24
LN-HM-08309,RET-08309,Home Loan,1420000.0,9.3,240
LN-HM-08310,RET-08310,Home Loan,6760000.0,8.67,300
LN-HM-08311,RET-08311,Home Loan,2910000.0,9.28,120
LN-HM-08312,RET-08312,Vehicle Loan,600000.0,10.79,48
LN-HM-08313,RET-08313,Home Loan,2370000.0,8.81,120
LN-HM-08314,RET-08314,Vehicle Loan,1870000.0,10.49,48
LN-HM-08315,RET-08315,Home Loan,5230000.0,9.47,180
LN-HM-08316,RET-08316,Home Loan,2680000.0,8.99,240
LN-HM-08317,RET-08317,Personal Loan,430000.0,12.43,48
LN-HM-08318,RET-08318,Home Loan,1480000.0,9.27,120
LN-HM-08319,RET-08319,Home Loan,2920000.0,9.35,180
LN-HM-08320,RET-08320,Vehicle Loan,2440000.0,10.28,84
LN-HM-08321,RET-08321,Personal Loan,730000.0,12.31,60
LN-HM-08322,RET-08322,Home Loan,6120000.0,9.08,180
LN-HM-08323,RET-08323,Personal Loan,810000.0,11.1,24
LN-HM-08324,RET-08324,Home Loan,4460000.0,9.43,180
LN-HM-08325,RET-08325,Vehicle Loan,500000.0,9.13,48
LN-HM-08326,RET-08326,Home Loan,2590000.0,8.78,240
LN-HM-08327,RET-08327,Home Loan,5370000.0,9.33,240
LN-HM-08328,RET-08328,Personal Loan,360000.0,12.39,48
LN-HM-08329,RET-08329,Vehicle Loan,1730000.0,10.76,36
LN-HM-08330,RET-08330,Home Loan,2710000.0,8.73,120
LN-HM-08331,RET-08331,Personal Loan,440000.0,12.81,36
LN-HM-08332,RET-08332,Home Loan,2260000.0,9.43,240
LN-HM-08333,RET-08333,Home Loan,4330000.0,8.85,300
LN-HM-08334,RET-08334,Home Loan,1420000.0,9.44,180
LN-HM-08335,RET-08335,Home Loan,2850000.0,9.33,180
LN-HM-08336,RET-08336,Personal Loan,270000.0,11.34,60
LN-HM-08337,RET-08337,Home Loan,2970000.0,8.64,240
LN-HM-08338,RET-08338,Home Loan,5870000.0,9.1,180
LN-HM-08339,RET-08339,Personal Loan,810000.0,11.71,12
LN-HM-08340,RET-08340,Home Loan,950000.0,8.95,240
LN-HM-08341,RET-08341,Home Loan,1930000.0,9.01,120
LN-HM-08342,RET-08342,Home Loan,820000.0,9.06,300
LN-HM-08343,RET-08343,Home Loan,4530000.0,8.96,180
LN-HM-08344,RET-08344,Vehicle Loan,840000.0,9.5,72
LN-HM-08345,RET-08345,Vehicle Loan,920000.0,9.19,72
LN-HM-08346,RET-08346,Home Loan,2050000.0,8.69,120
LN-HM-08347,RET-08347,Home Loan,4140000.0,9.19,240
LN-HM-08348,RET-08348,Home Loan,1210000.0,9.36,300
LN-HM-08349,RET-08349,Personal Loan,800000.0,12.99,48
LN-HM-08350,RET-08350,Home Loan,4220000.0,9.27,120
LN-HM-08351,RET-08351,Personal Loan,450000.0,13.52,48
LN-HM-08352,RET-08352,Home Loan,1890000.0,8.92,180
LN-HM-08353,RET-08353,Home Loan,3870000.0,9.49,180
LN-HM-08354,RET-08354,Vehicle Loan,340000.0,9.46,60
LN-HM-08355,RET-08355,Home Loan,4200000.0,9.32,120
LN-HM-08356,RET-08356,Personal Loan,1640000.0,11.1,60
LN-HM-08357,RET-08357,Vehicle Loan,1280000.0,9.7,72
LN-HM-08358,RET-08358,Vehicle Loan,2090000.0,9.25,36
LN-HM-08359,RET-08359,Home Loan,17400000.0,9.37,180
LN-HM-08360,RET-08360,Home Loan,1460000.0,9.31,180
LN-HM-08361,RET-08361,Home Loan,2790000.0,9.5,180
LN-HM-08362,RET-08362,Personal Loan,250000.0,11.45,60
LN-HM-08363,RET-08363,Home Loan,5830000.0,8.55,300
LN-HM-08364,RET-08364,Home Loan,3000000.0,9.26,300
LN-HM-08365,RET-08365,Personal Loan,380000.0,11.89,48
LN-HM-08366,RET-08366,Vehicle Loan,860000.0,9.23,72
LN-HM-08367,RET-08367,Personal Loan,1570000.0,13.84,24
LN-HM-08368,RET-08368,Home Loan,4180000.0,8.73,300
LN-HM-08369,RET-08369,Personal Loan,960000.0,13.0,48
LN-HM-08370,RET-08370,Personal Loan,2100000.0,12.41,12
LN-HM-08371,RET-08371,Personal Loan,1280000.0,11.82,60
LN-HM-08372,RET-08372,Home Loan,7450000.0,8.77,300
LN-HM-08373,RET-08373,Home Loan,2630000.0,9.2,180
LN-HM-08374,RET-08374,Personal Loan,190000.0,11.55,12
LN-HM-08375,RET-08375,Personal Loan,690000.0,13.75,48
LN-HM-08376,RET-08376,Home Loan,2850000.0,9.14,300
LN-HM-08377,RET-08377,Home Loan,3590000.0,9.18,120
LN-HM-08378,RET-08378,Personal Loan,270000.0,12.96,48
LN-HM-08379,RET-08379,Home Loan,4890000.0,8.66,120
LN-HM-08380,RET-08380,Personal Loan,1050000.0,12.58,24
LN-HM-08381,RET-08381,Personal Loan,1010000.0,12.84,48
LN-HM-08382,RET-08382,Home Loan,4090000.0,9.0,300
LN-HM-08383,RET-08383,Personal Loan,600000.0,11.65,12
LN-HM-08384,RET-08384,Home Loan,1890000.0,8.8,240
LN-HM-08385,RET-08385,Home Loan,5780000.0,8.61,300
LN-HM-08386,RET-08386,Vehicle Loan,1580000.0,9.62,48
LN-HM-08387,RET-08387,Home Loan,5710000.0,9.33,300
LN-HM-08388,RET-08388,Home Loan,2580000.0,9.41,300
LN-HM-08389,RET-08389,Home Loan,3450000.0,8.73,240
LN-HM-08390,RET-08390,Home Loan,2600000.0,9.26,120
LN-HM-08391,RET-08391,Home Loan,1180000.0,9.37,120
LN-HM-08392,RET-08392,Home Loan,1440000.0,8.59,300
LN-HM-08393,RET-08393,Vehicle Loan,1160000.0,10.0,48
LN-HM-08394,RET-08394,Home Loan,1070000.0,8.56,180
LN-HM-08395,RET-08395,Home Loan,3460000.0,8.93,120
LN-HM-08396,RET-08396,Home Loan,2290000.0,8.56,240
LN-HM-08397,RET-08397,Home Loan,3770000.0,9.0,120
LN-HM-08398,RET-08398,Vehicle Loan,1560000.0,9.7,72
LN-HM-08399,RET-08399,Vehicle Loan,440000.0,9.04,48
LN-HM-08400,RET-08400,Vehicle Loan,1010000.0,10.86,60
LN-HM-08401,RET-08401,Personal Loan,790000.0,12.39,60
LN-HM-08402,RET-08402,Personal Loan,220000.0,12.75,12
LN-HM-08403,RET-08403,Home Loan,3060000.0,8.94,240
LN-HM-08404,RET-08404,Personal Loan,640000.0,13.24,12
LN-HM-08405,RET-08405,Vehicle Loan,710000.0,9.08,60
LN-HM-08406,RET-08406,Home Loan,2440000.0,9.27,120
LN-HM-08407,RET-08407,Home Loan,4460000.0,8.6,180
LN-HM-08408,RET-08408,Vehicle Loan,920000.0,9.51,48
LN-HM-08409,RET-08409,Home Loan,2200000.0,9.48,120
LN-HM-08410,RET-08410,Home Loan,1660000.0,8.58,240
LN-HM-08411,RET-08411,Home Loan,2810000.0,9.05,180
LN-HM-08412,RET-08412,Home Loan,7910000.0,8.7,180
LN-HM-08413,RET-08413,Home Loan,3040000.0,8.68,240
LN-HM-08414,RET-08414,Personal Loan,830000.0,11.76,60
LN-HM-08415,RET-08415,Vehicle Loan,800000.0,9.45,72
LN-HM-08416,RET-08416,Home Loan,3390000.0,9.14,300
LN-HM-08417,RET-08417,Personal Loan,940000.0,13.0,60
LN-HM-08418,RET-08418,Home Loan,6450000.0,8.77,300
LN-HM-08419,RET-08419,Home Loan,4980000.0,8.96,240
LN-HM-08420,RET-08420,Home Loan,2810000.0,8.57,120
LN-HM-08421,RET-08421,Personal Loan,900000.0,12.54,60
LN-HM-08422,RET-08422,Home Loan,2620000.0,9.43,240
LN-HM-08423,RET-08423,Vehicle Loan,1350000.0,10.4,60
LN-HM-08424,RET-08424,Home Loan,5680000.0,8.65,180
LN-HM-08425,RET-08425,Personal Loan,490000.0,11.69,24
LN-HM-08426,RET-08426,Home Loan,7230000.0,8.64,240
LN-HM-08427,RET-08427,Home Loan,4370000.0,8.96,240
LN-HM-08428,RET-08428,Home Loan,1690000.0,9.32,300
LN-HM-08429,RET-08429,Personal Loan,390000.0,11.19,24
LN-HM-08430,RET-08430,Home Loan,2020000.0,8.92,300
LN-HM-08431,RET-08431,Home Loan,1380000.0,8.94,240
LN-HM-08432,RET-08432,Home Loan,2760000.0,8.97,180
LN-HM-08433,RET-08433,Personal Loan,1900000.0,12.4,36
LN-HM-08434,RET-08434,Vehicle Loan,2270000.0,9.38,72
LN-HM-08435,RET-08435,Home Loan,5140000.0,9.42,120
LN-HM-08436,RET-08436,Home Loan,6000000.0,8.79,240
LN-HM-08437,RET-08437,Home Loan,4430000.0,8.51,240
LN-HM-08438,RET-08438,Home Loan,1850000.0,9.19,120
LN-HM-08439,RET-08439,Personal Loan,910000.0,11.83,48
LN-HM-08440,RET-08440,Home Loan,1020000.0,8.59,180
LN-HM-08441,RET-08441,Personal Loan,410000.0,13.9,12
LN-HM-08442,RET-08442,Vehicle Loan,2330000.0,10.49,84
LN-HM-08443,RET-08443,Personal Loan,650000.0,13.09,24
LN-HM-08444,RET-08444,Home Loan,4830000.0,9.3,120
LN-HM-08445,RET-08445,Vehicle Loan,1120000.0,10.03,60
LN-HM-08446,RET-08446,Vehicle Loan,1960000.0,10.79,60
LN-HM-08447,RET-08447,Home Loan,1350000.0,8.61,120
LN-HM-08448,RET-08448,Vehicle Loan,2340000.0,9.52,72
LN-HM-08449,RET-08449,Personal Loan,380000.0,12.23,36
LN-HM-08450,RET-08450,Personal Loan,390000.0,11.86,60
LN-HM-08451,RET-08451,Home Loan,6580000.0,8.66,240
LN-HM-08452,RET-08452,Vehicle Loan,1240000.0,10.97,48
LN-HM-08453,RET-08453,Personal Loan,610000.0,11.55,48
LN-HM-08454,RET-08454,Home Loan,9390000.0,9.01,120
LN-HM-08455,RET-08455,Home Loan,4480000.0,8.73,120
LN-HM-08456,RET-08456,Home Loan,1970000.0,9.35,300
LN-HM-08457,RET-08457,Personal Loan,970000.0,12.55,48
LN-HM-08458,RET-08458,Vehicle Loan,1880000.0,9.69,72
LN-HM-08459,RET-08459,Home Loan,1990000.0,8.99,120
LN-HM-08460,RET-08460,Personal Loan,1130000.0,11.24,36
LN-HM-08461,RET-08461,Personal Loan,790000.0,11.45,12
LN-HM-08462,RET-08462,Vehicle Loan,700000.0,9.99,72
LN-HM-08463,RET-08463,Personal Loan,1150000.0,11.92,36
LN-HM-08464,RET-08464,Personal Loan,640000.0,13.75,36
LN-HM-08465,RET-08465,Home Loan,920000.0,8.88,120
LN-HM-08466,RET-08466,Vehicle Loan,820000.0,10.66,36
LN-HM-08467,RET-08467,Home Loan,2000000.0,9.32,300
LN-HM-08468,RET-08468,Home Loan,4860000.0,8.79,300
LN-HM-08469,RET-08469,Home Loan,9110000.0,8.73,240
LN-HM-08470,RET-08470,Home Loan,3530000.0,8.97,240
LN-HM-08471,RET-08471,Personal Loan,480000.0,12.9,36
LN-HM-08472,RET-08472,Vehicle Loan,2390000.0,10.1,84
LN-HM-08473,RET-08473,Home Loan,3620000.0,8.6,120
LN-HM-08474,RET-08474,Home Loan,2750000.0,8.58,120
LN-HM-08475,RET-08475,Home Loan,3280000.0,8.83,300
LN-HM-08476,RET-08476,Home Loan,3980000.0,8.72,240
LN-HM-08477,RET-08477,Home Loan,3350000.0,9.48,300
LN-HM-08478,RET-08478,Vehicle Loan,400000.0,9.75,84
LN-HM-08479,RET-08479,Home Loan,3850000.0,8.83,240
LN-HM-08480,RET-08480,Vehicle Loan,1200000.0,10.9,48
LN-HM-08481,RET-08481,Home Loan,3250000.0,8.61,240
LN-HM-08482,RET-08482,Home Loan,870000.0,8.66,180
LN-HM-08483,RET-08483,Home Loan,3360000.0,8.9,180
LN-HM-08484,RET-08484,Home Loan,4270000.0,9.39,240
LN-HM-08485,RET-08485,Personal Loan,800000.0,12.59,12
LN-HM-08486,RET-08486,Home Loan,950000.0,9.05,120
LN-HM-08487,RET-08487,Home Loan,1110000.0,9.04,180
LN-HM-08488,RET-08488,Personal Loan,250000.0,13.43,12
LN-HM-08489,RET-08489,Home Loan,2830000.0,8.86,240
LN-HM-08490,RET-08490,Vehicle Loan,860000.0,9.37,36
LN-HM-08491,RET-08491,Personal Loan,770000.0,12.18,36
LN-HM-08492,RET-08492,Home Loan,1710000.0,8.68,120
LN-HM-08493,RET-08493,Home Loan,1450000.0,9.15,120
LN-HM-08494,RET-08494,Vehicle Loan,270000.0,10.19,48
LN-HM-08495,RET-08495,Home Loan,1030000.0,9.04,300
LN-HM-08496,RET-08496,Personal Loan,250000.0,11.28,48
LN-HM-08497,RET-08497,Personal Loan,590000.0,13.75,60
LN-HM-08498,RET-08498,Vehicle Loan,1290000.0,9.41,60
LN-HM-08499,RET-08499,Home Loan,4400000.0,8.83,180
LN-HM-08500,RET-08500,Personal Loan,310000.0,12.38,24
LN-HM-08501,RET-08501,Personal Loan,900000.0,13.1,60
LN-HM-08502,RET-08502,Personal Loan,1130000.0,11.49,12
LN-HM-08503,RET-08503,Home Loan,4410000.0,9.09,300
LN-HM-08504,RET-08504,Vehicle Loan,1590000.0,10.9,36
LN-HM-08505,RET-08505,Personal Loan,1050000.0,12.0,48
LN-HM-08506,RET-08506,Home Loan,1630000.0,8.64,240
LN-HM-08507,RET-08507,Home Loan,3230000.0,9.42,120
LN-HM-08508,RET-08508,Personal Loan,490000.0,12.25,36
LN-HM-08509,RET-08509,Home Loan,7560000.0,8.79,240
LN-HM-08510,RET-08510,Vehicle Loan,1210000.0,10.98,84
LN-HM-08511,RET-08511,Home Loan,3540000.0,9.03,120
LN-HM-08512,RET-08512,Personal Loan,2450000.0,11.87,48
LN-HM-08513,RET-08513,Home Loan,2400000.0,9.29,300
LN-HM-08514,RET-08514,Vehicle Loan,1020000.0,10.04,36
LN-HM-08515,RET-08515,Home Loan,13220000.0,9.41,180
LN-HM-08516,RET-08516,Home Loan,2880000.0,9.43,180
LN-HM-08517,RET-08517,Vehicle Loan,1750000.0,9.21,48
LN-HM-08518,RET-08518,Personal Loan,1420000.0,12.86,12
LN-HM-08519,RET-08519,Home Loan,2700000.0,8.99,240
LN-HM-08520,RET-08520,Home Loan,4220000.0,9.23,180
LN-HM-08521,RET-08521,Personal Loan,770000.0,13.59,48
LN-HM-08522,RET-08522,Home Loan,8000000.0,9.0,180
LN-HM-08523,RET-08523,Home Loan,8840000.0,8.91,180
LN-HM-08524,RET-08524,Home Loan,4790000.0,9.4,300
LN-HM-08525,RET-08525,Home Loan,6210000.0,9.0,180
LN-HM-08526,RET-08526,Home Loan,2200000.0,8.62,180
LN-HM-08527,RET-08527,Home Loan,8820000.0,8.56,120
LN-HM-08528,RET-08528,Home Loan,1600000.0,9.44,240
LN-HM-08529,RET-08529,Home Loan,3890000.0,8.74,180
LN-HM-08530,RET-08530,Home Loan,2120000.0,9.08,300
LN-HM-08531,RET-08531,Vehicle Loan,1450000.0,10.0,48
LN-HM-08532,RET-08532,Home Loan,9130000.0,8.64,240
LN-HM-08533,RET-08533,Home Loan,5430000.0,9.14,120
LN-HM-08534,RET-08534,Vehicle Loan,1450000.0,9.64,48
LN-HM-08535,RET-08535,Home Loan,2780000.0,8.54,300
LN-HM-08536,RET-08536,Home Loan,4490000.0,8.7,300
LN-HM-08537,RET-08537,Home Loan,3070000.0,9.12,240
LN-HM-08538,RET-08538,Vehicle Loan,2900000.0,10.44,48
LN-HM-08539,RET-08539,Home Loan,4920000.0,8.97,300
LN-HM-08540,RET-08540,Personal Loan,580000.0,12.33,24
LN-HM-08541,RET-08541,Vehicle Loan,1420000.0,10.02,36
LN-HM-08542,RET-08542,Home Loan,14030000.0,9.05,120
LN-HM-08543,RET-08543,Personal Loan,850000.0,11.78,24
LN-HM-08544,RET-08544,Personal Loan,2550000.0,13.98,24
LN-HM-08545,RET-08545,Vehicle Loan,660000.0,9.57,36
LN-HM-08546,RET-08546,Personal Loan,960000.0,11.69,36
LN-HM-08547,RET-08547,Vehicle Loan,860000.0,9.22,36
LN-HM-08548,RET-08548,Home Loan,3090000.0,8.99,300
LN-HM-08549,RET-08549,Personal Loan,1420000.0,12.31,12
LN-HM-08550,RET-08550,Home Loan,1840000.0,9.47,180
LN-HM-08551,RET-08551,Home Loan,1210000.0,9.44,300
LN-HM-08552,RET-08552,Home Loan,5080000.0,9.49,180
LN-HM-08553,RET-08553,Vehicle Loan,740000.0,10.54,48
LN-HM-08554,RET-08554,Home Loan,2070000.0,9.19,300
LN-HM-08555,RET-08555,Home Loan,890000.0,8.56,120
LN-HM-08556,RET-08556,Home Loan,2030000.0,9.18,240
LN-HM-08557,RET-08557,Home Loan,3790000.0,9.28,180
LN-HM-08558,RET-08558,Vehicle Loan,710000.0,10.58,36
LN-HM-08559,RET-08559,Personal Loan,950000.0,13.93,48
LN-HM-08560,RET-08560,Home Loan,2350000.0,9.0,180
LN-HM-08561,RET-08561,Vehicle Loan,900000.0,10.63,72
LN-HM-08562,RET-08562,Home Loan,2880000.0,8.9,180
LN-HM-08563,RET-08563,Home Loan,3270000.0,9.47,240
LN-HM-08564,RET-08564,Vehicle Loan,1640000.0,9.39,84
LN-HM-08565,RET-08565,Personal Loan,370000.0,14.0,60
LN-HM-08566,RET-08566,Home Loan,4200000.0,9.27,120
LN-HM-08567,RET-08567,Home Loan,7090000.0,8.66,240
LN-HM-08568,RET-08568,Vehicle Loan,470000.0,9.71,60
LN-HM-08569,RET-08569,Personal Loan,1390000.0,11.57,60
LN-HM-08570,RET-08570,Home Loan,5180000.0,8.52,240
LN-HM-08571,RET-08571,Home Loan,3630000.0,8.72,240
LN-HM-08572,RET-08572,Home Loan,3910000.0,9.38,240
LN-HM-08573,RET-08573,Home Loan,9620000.0,8.93,240
LN-HM-08574,RET-08574,Home Loan,11800000.0,9.32,120
LN-HM-08575,RET-08575,Personal Loan,920000.0,11.87,12
LN-HM-08576,RET-08576,Home Loan,4780000.0,8.93,300
LN-HM-08577,RET-08577,Home Loan,3570000.0,9.06,240
LN-HM-08578,RET-08578,Personal Loan,170000.0,12.1,48
LN-HM-08579,RET-08579,Vehicle Loan,510000.0,9.64,36
LN-HM-08580,RET-08580,Personal Loan,350000.0,13.55,36
LN-HM-08581,RET-08581,Vehicle Loan,1190000.0,9.38,72
LN-HM-08582,RET-08582,Vehicle Loan,1260000.0,9.05,48
LN-HM-08583,RET-08583,Home Loan,6050000.0,9.05,300
LN-HM-08584,RET-08584,Personal Loan,340000.0,13.08,24
LN-HM-08585,RET-08585,Home Loan,3650000.0,9.03,240
LN-HM-08586,RET-08586,Home Loan,5310000.0,9.5,300
LN-HM-08587,RET-08587,Home Loan,4010000.0,9.28,180
LN-HM-08588,RET-08588,Personal Loan,940000.0,11.44,12
LN-HM-08589,RET-08589,Personal Loan,1210000.0,12.52,24
LN-HM-08590,RET-08590,Personal Loan,430000.0,12.65,24
LN-HM-08591,RET-08591,Vehicle Loan,1200000.0,10.5,72
LN-HM-08592,RET-08592,Home Loan,4290000.0,9.1,240
LN-HM-08593,RET-08593,Personal Loan,1560000.0,11.68,24
LN-HM-08594,RET-08594,Personal Loan,1470000.0,11.64,24
LN-HM-08595,RET-08595,Vehicle Loan,850000.0,9.06,36
LN-HM-08596,RET-08596,Personal Loan,500000.0,12.18,60
LN-HM-08597,RET-08597,Personal Loan,310000.0,11.77,12
LN-HM-08598,RET-08598,Home Loan,8640000.0,9.47,120
LN-HM-08599,RET-08599,Home Loan,1160000.0,9.44,180
LN-HM-08600,RET-08600,Vehicle Loan,1050000.0,10.65,48
LN-HM-08601,RET-08601,Home Loan,3940000.0,8.55,240
LN-HM-08602,RET-08602,Personal Loan,680000.0,12.68,12
LN-HM-08603,RET-08603,Personal Loan,1260000.0,12.17,24
LN-HM-08604,RET-08604,Vehicle Loan,3250000.0,10.1,36
LN-HM-08605,RET-08605,Personal Loan,830000.0,13.59,48
LN-HM-08606,RET-08606,Home Loan,4160000.0,8.72,240
LN-HM-08607,RET-08607,Home Loan,4090000.0,9.44,120
LN-HM-08608,RET-08608,Vehicle Loan,2600000.0,10.08,84
LN-HM-08609,RET-08609,Personal Loan,1530000.0,13.27,36
LN-HM-08610,RET-08610,Personal Loan,1980000.0,11.19,36
LN-HM-08611,RET-08611,Home Loan,3370000.0,8.81,300
LN-HM-08612,RET-08612,Home Loan,4600000.0,8.87,300
LN-HM-08613,RET-08613,Home Loan,6020000.0,8.7,120
LN-HM-08614,RET-08614,Home Loan,3760000.0,8.72,180
LN-HM-08615,RET-08615,Home Loan,3730000.0,9.11,180
LN-HM-08616,RET-08616,Home Loan,3580000.0,8.78,240
LN-HM-08617,RET-08617,Home Loan,7110000.0,8.9,180
LN-HM-08618,RET-08618,Personal Loan,1920000.0,11.24,48
LN-HM-08619,RET-08619,Personal Loan,490000.0,12.18,36
LN-HM-08620,RET-08620,Home Loan,3490000.0,8.53,120
LN-HM-08621,RET-08621,Home Loan,2390000.0,8.96,240
LN-HM-08622,RET-08622,Personal Loan,990000.0,12.8,48
LN-HM-08623,RET-08623,Home Loan,9340000.0,8.54,300
LN-HM-08624,RET-08624,Home Loan,2510000.0,8.7,240
LN-HM-08625,RET-08625,Personal Loan,610000.0,11.74,36
LN-HM-08626,RET-08626,Home Loan,2680000.0,9.11,240
LN-HM-08627,RET-08627,Home Loan,2820000.0,8.76,240
LN-HM-08628,RET-08628,Home Loan,1830000.0,9.46,240
LN-HM-08629,RET-08629,Vehicle Loan,660000.0,9.22,72
LN-HM-08630,RET-08630,Home Loan,1900000.0,9.44,240
LN-HM-08631,RET-08631,Vehicle Loan,540000.0,10.82,72
LN-HM-08632,RET-08632,Home Loan,2300000.0,9.04,240
LN-HM-08633,RET-08633,Home Loan,5260000.0,8.73,180
LN-HM-08634,RET-08634,Vehicle Loan,320000.0,10.68,84
LN-HM-08635,RET-08635,Vehicle Loan,570000.0,10.15,84
LN-HM-08636,RET-08636,Vehicle Loan,1230000.0,9.47,84
LN-HM-08637,RET-08637,Home Loan,8700000.0,9.05,120
LN-HM-08638,RET-08638,Vehicle Loan,950000.0,10.74,36
LN-HM-08639,RET-08639,Home Loan,3260000.0,8.51,300
LN-HM-08640,RET-08640,Home Loan,2840000.0,8.89,240
LN-HM-08641,RET-08641,Home Loan,1460000.0,9.39,120
LN-HM-08642,RET-08642,Home Loan,3480000.0,9.41,240
LN-HM-08643,RET-08643,Home Loan,3650000.0,9.02,300
LN-HM-08644,RET-08644,Home Loan,6700000.0,8.81,300
LN-HM-08645,RET-08645,Personal Loan,2240000.0,11.75,36
LN-HM-08646,RET-08646,Personal Loan,190000.0,11.59,36
LN-HM-08647,RET-08647,Home Loan,1180000.0,9.46,240
LN-HM-08648,RET-08648,Home Loan,6050000.0,9.46,240
LN-HM-08649,RET-08649,Home Loan,1800000.0,8.95,120
LN-HM-08650,RET-08650,Personal Loan,590000.0,13.47,48
LN-HM-08651,RET-08651,Vehicle Loan,1100000.0,9.86,36
LN-HM-08652,RET-08652,Personal Loan,630000.0,13.17,24
LN-HM-08653,RET-08653,Home Loan,8110000.0,9.46,180
LN-HM-08654,RET-08654,Vehicle Loan,3500000.0,10.07,84
LN-HM-08655,RET-08655,Personal Loan,150000.0,13.71,24
LN-HM-08656,RET-08656,Vehicle Loan,360000.0,9.66,84
LN-HM-08657,RET-08657,Home Loan,2550000.0,9.14,240
LN-HM-08658,RET-08658,Home Loan,1800000.0,8.56,180
LN-HM-08659,RET-08659,Vehicle Loan,520000.0,10.84,84
LN-HM-08660,RET-08660,Vehicle Loan,1020000.0,10.92,84
LN-HM-08661,RET-08661,Personal Loan,320000.0,12.65,60
LN-HM-08662,RET-08662,Home Loan,1270000.0,9.12,120
LN-HM-08663,RET-08663,Personal Loan,330000.0,13.03,24
LN-HM-08664,RET-08664,Home Loan,8220000.0,9.43,120
LN-HM-08665,RET-08665,Home Loan,3040000.0,8.97,240
LN-HM-08666,RET-08666,Personal Loan,760000.0,13.79,60
LN-HM-08667,RET-08667,Personal Loan,330000.0,12.15,24
LN-HM-08668,RET-08668,Vehicle Loan,840000.0,9.51,36
LN-HM-08669,RET-08669,Personal Loan,1070000.0,12.06,12
LN-HM-08670,RET-08670,Vehicle Loan,1180000.0,9.91,72
LN-HM-08671,RET-08671,Home Loan,6880000.0,9.1,300
LN-HM-08672,RET-08672,Home Loan,1850000.0,8.52,240
LN-HM-08673,RET-08673,Vehicle Loan,660000.0,9.82,84
LN-HM-08674,RET-08674,Home Loan,7480000.0,8.75,240
LN-HM-08675,RET-08675,Home Loan,5530000.0,9.37,120
LN-HM-08676,RET-08676,Home Loan,3500000.0,8.74,300
LN-HM-08677,RET-08677,Personal Loan,1670000.0,11.38,12
LN-HM-08678,RET-08678,Vehicle Loan,480000.0,9.73,36
LN-HM-08679,RET-08679,Home Loan,1810000.0,8.98,240
LN-HM-08680,RET-08680,Home Loan,1140000.0,9.03,300
LN-HM-08681,RET-08681,Vehicle Loan,1660000.0,10.9,60
LN-HM-08682,RET-08682,Home Loan,2570000.0,9.4,120
LN-HM-08683,RET-08683,Personal Loan,560000.0,11.7,24
LN-HM-08684,RET-08684,Home Loan,2320000.0,8.5,240
LN-HM-08685,RET-08685,Home Loan,16170000.0,9.47,120
LN-HM-08686,RET-08686,Home Loan,2350000.0,9.12,120
LN-HM-08687,RET-08687,Personal Loan,2420000.0,11.29,60
LN-HM-08688,RET-08688,Personal Loan,880000.0,13.64,36
LN-HM-08689,RET-08689,Personal Loan,740000.0,13.92,60
LN-HM-08690,RET-08690,Personal Loan,1410000.0,13.52,36
LN-HM-08691,RET-08691,Personal Loan,680000.0,11.3,60
LN-HM-08692,RET-08692,Home Loan,2650000.0,8.59,240
LN-HM-08693,RET-08693,Personal Loan,1410000.0,12.03,12
LN-HM-08694,RET-08694,Personal Loan,2700000.0,11.14,12
LN-HM-08695,RET-08695,Home Loan,2660000.0,8.63,240
LN-HM-08696,RET-08696,Home Loan,3470000.0,8.61,300
LN-HM-08697,RET-08697,Personal Loan,750000.0,13.34,36
LN-HM-08698,RET-08698,Home Loan,1940000.0,9.0,120
LN-HM-08699,RET-08699,Vehicle Loan,540000.0,10.91,60
LN-HM-08700,RET-08700,Personal Loan,1830000.0,11.78,60
LN-HM-08701,RET-08701,Home Loan,1390000.0,8.64,240
LN-HM-08702,RET-08702,Home Loan,4290000.0,8.67,120
LN-HM-08703,RET-08703,Vehicle Loan,740000.0,9.74,48
LN-HM-08704,RET-08704,Vehicle Loan,2320000.0,9.61,36
LN-HM-08705,RET-08705,Home Loan,1870000.0,8.64,240
LN-HM-08706,RET-08706,Vehicle Loan,1060000.0,10.22,36
LN-HM-08707,RET-08707,Vehicle Loan,3250000.0,10.5,36
LN-HM-08708,RET-08708,Home Loan,4450000.0,9.09,240
LN-HM-08709,RET-08709,Home Loan,3600000.0,8.65,300
LN-HM-08710,RET-08710,Home Loan,5050000.0,8.95,180
LN-HM-08711,RET-08711,Home Loan,2260000.0,8.59,180
LN-HM-08712,RET-08712,Personal Loan,1580000.0,12.98,12
LN-HM-08713,RET-08713,Home Loan,3240000.0,9.01,300
LN-HM-08714,RET-08714,Personal Loan,910000.0,13.42,48
LN-HM-08715,RET-08715,Vehicle Loan,1330000.0,9.15,60
LN-HM-08716,RET-08716,Personal Loan,200000.0,11.57,12
LN-HM-08717,RET-08717,Home Loan,4180000.0,9.42,300
LN-HM-08718,RET-08718,Personal Loan,580000.0,13.68,48
LN-HM-08719,RET-08719,Personal Loan,260000.0,13.21,24
LN-HM-08720,RET-08720,Personal Loan,930000.0,12.38,36
LN-HM-08721,RET-08721,Vehicle Loan,1330000.0,10.53,84
LN-HM-08722,RET-08722,Home Loan,6020000.0,9.32,180
LN-HM-08723,RET-08723,Home Loan,1460000.0,9.1,120
LN-HM-08724,RET-08724,Vehicle Loan,990000.0,10.76,84
LN-HM-08725,RET-08725,Home Loan,1710000.0,8.51,240
LN-HM-08726,RET-08726,Home Loan,5440000.0,9.03,240
LN-HM-08727,RET-08727,Home Loan,2240000.0,9.47,120
LN-HM-08728,RET-08728,Home Loan,2350000.0,9.15,300
LN-HM-08729,RET-08729,Home Loan,2970000.0,8.79,240
LN-HM-08730,RET-08730,Home Loan,3440000.0,9.28,180
LN-HM-08731,RET-08731,Home Loan,7440000.0,9.07,300
LN-HM-08732,RET-08732,Home Loan,2510000.0,8.54,120
LN-HM-08733,RET-08733,Personal Loan,630000.0,12.26,12
LN-HM-08734,RET-08734,Home Loan,9880000.0,8.87,180
LN-HM-08735,RET-08735,Personal Loan,410000.0,12.31,12
LN-HM-08736,RET-08736,Home Loan,2910000.0,9.16,300
LN-HM-08737,RET-08737,Home Loan,1140000.0,8.9,300
LN-HM-08738,RET-08738,Vehicle Loan,470000.0,9.08,60
LN-HM-08739,RET-08739,Home Loan,2240000.0,9.28,180
LN-HM-08740,RET-08740,Personal Loan,660000.0,12.95,36
LN-HM-08741,RET-08741,Personal Loan,1020000.0,11.22,24
LN-HM-08742,RET-08742,Personal Loan,960000.0,12.05,24
LN-HM-08743,RET-08743,Home Loan,830000.0,9.33,300
LN-HM-08744,RET-08744,Vehicle Loan,660000.0,9.49,48
LN-HM-08745,RET-08745,Home Loan,3870000.0,8.72,300
LN-HM-08746,RET-08746,Home Loan,2240000.0,8.88,180
LN-HM-08747,RET-08747,Personal Loan,2570000.0,11.64,48
LN-HM-08748,RET-08748,Home Loan,5700000.0,9.22,180
LN-HM-08749,RET-08749,Home Loan,2620000.0,9.05,300
LN-HM-08750,RET-08750,Personal Loan,750000.0,11.06,60
LN-HM-08751,RET-08751,Vehicle Loan,850000.0,10.71,36
LN-HM-08752,RET-08752,Home Loan,2400000.0,9.16,180
LN-HM-08753,RET-08753,Vehicle Loan,2020000.0,10.56,36
LN-HM-08754,RET-08754,Personal Loan,820000.0,13.95,36
LN-HM-08755,RET-08755,Home Loan,3470000.0,8.64,120
LN-HM-08756,RET-08756,Personal Loan,690000.0,12.29,60
LN-HM-08757,RET-08757,Home Loan,2290000.0,9.26,300
LN-HM-08758,RET-08758,Vehicle Loan,1020000.0,10.7,60
LN-HM-08759,RET-08759,Home Loan,3470000.0,9.24,240
LN-HM-08760,RET-08760,Vehicle Loan,4060000.0,9.37,48
LN-HM-08761,RET-08761,Home Loan,1610000.0,9.32,120
LN-HM-08762,RET-08762,Home Loan,2120000.0,8.62,120
LN-HM-08763,RET-08763,Vehicle Loan,360000.0,9.83,36
LN-HM-08764,RET-08764,Vehicle Loan,860000.0,10.32,60
LN-HM-08765,RET-08765,Home Loan,790000.0,8.8,240
LN-HM-08766,RET-08766,Home Loan,6530000.0,9.08,240
LN-HM-08767,RET-08767,Home Loan,5150000.0,9.28,300
LN-HM-08768,RET-08768,Personal Loan,940000.0,11.66,12
LN-HM-08769,RET-08769,Home Loan,1770000.0,9.39,300
LN-HM-08770,RET-08770,Home Loan,1390000.0,8.84,240
LN-HM-08771,RET-08771,Personal Loan,640000.0,13.34,60
LN-HM-08772,RET-08772,Vehicle Loan,2050000.0,9.51,36
LN-HM-08773,RET-08773,Vehicle Loan,660000.0,9.55,84
LN-HM-08774,RET-08774,Vehicle Loan,3570000.0,10.02,48
LN-HM-08775,RET-08775,Home Loan,6610000.0,8.72,120
LN-HM-08776,RET-08776,Personal Loan,830000.0,12.95,48
LN-HM-08777,RET-08777,Personal Loan,320000.0,12.1,60
LN-HM-08778,RET-08778,Home Loan,2090000.0,8.67,240
LN-HM-08779,RET-08779,Home Loan,7640000.0,9.25,120
LN-HM-08780,RET-08780,Home Loan,1790000.0,9.08,180
LN-HM-08781,RET-08781,Personal Loan,1090000.0,11.51,24
LN-HM-08782,RET-08782,Personal Loan,670000.0,11.9,60
LN-HM-08783,RET-08783,Home Loan,6590000.0,9.02,180
LN-HM-08784,RET-08784,Personal Loan,270000.0,13.6,12
LN-HM-08785,RET-08785,Home Loan,2530000.0,8.73,180
LN-HM-08786,RET-08786,Home Loan,2160000.0,9.1,300
LN-HM-08787,RET-08787,Personal Loan,640000.0,12.81,48
LN-HM-08788,RET-08788,Home Loan,7060000.0,8.79,120
LN-HM-08789,RET-08789,Personal Loan,660000.0,13.98,36
LN-HM-08790,RET-08790,Vehicle Loan,990000.0,9.01,48
LN-HM-08791,RET-08791,Personal Loan,2430000.0,11.69,60
LN-HM-08792,RET-08792,Vehicle Loan,1610000.0,10.63,84
LN-HM-08793,RET-08793,Home Loan,8100000.0,8.67,180
LN-HM-08794,RET-08794,Personal Loan,360000.0,11.92,36
LN-HM-08795,RET-08795,Home Loan,4860000.0,9.18,120
LN-HM-08796,RET-08796,Vehicle Loan,950000.0,9.56,48
LN-HM-08797,RET-08797,Home Loan,2830000.0,8.98,180
LN-HM-08798,RET-08798,Home Loan,5130000.0,8.71,300
LN-HM-08799,RET-08799,Home Loan,3600000.0,9.38,180
LN-HM-08800,RET-08800,Vehicle Loan,1080000.0,9.04,84
LN-HM-08801,RET-08801,Home Loan,15640000.0,8.95,300
LN-HM-08802,RET-08802,Personal Loan,820000.0,13.22,12
LN-HM-08803,RET-08803,Personal Loan,1080000.0,13.61,60
LN-HM-08804,RET-08804,Vehicle Loan,1580000.0,9.84,36
LN-HM-08805,RET-08805,Personal Loan,1140000.0,11.45,24
LN-HM-08806,RET-08806,Home Loan,1290000.0,9.19,120
LN-HM-08807,RET-08807,Personal Loan,310000.0,11.41,12
LN-HM-08808,RET-08808,Personal Loan,580000.0,13.17,12
LN-HM-08809,RET-08809,Personal Loan,860000.0,12.6,48
LN-HM-08810,RET-08810,Home Loan,1460000.0,8.85,300
LN-HM-08811,RET-08811,Vehicle Loan,2240000.0,9.93,84
LN-HM-08812,RET-08812,Home Loan,2380000.0,8.81,300
LN-HM-08813,RET-08813,Vehicle Loan,2150000.0,9.44,60
LN-HM-08814,RET-08814,Personal Loan,360000.0,13.61,24
LN-HM-08815,RET-08815,Vehicle Loan,2160000.0,10.24,48
LN-HM-08816,RET-08816,Personal Loan,560000.0,13.37,24
LN-HM-08817,RET-08817,Personal Loan,1780000.0,12.46,36
LN-HM-08818,RET-08818,Vehicle Loan,840000.0,9.76,84
LN-HM-08819,RET-08819,Home Loan,5550000.0,8.66,240
LN-HM-08820,RET-08820,Vehicle Loan,1250000.0,9.66,72
LN-HM-08821,RET-08821,Personal Loan,690000.0,11.17,24
LN-HM-08822,RET-08822,Personal Loan,440000.0,12.12,24
LN-HM-08823,RET-08823,Personal Loan,530000.0,11.98,12
LN-HM-08824,RET-08824,Vehicle Loan,340000.0,10.42,84
LN-HM-08825,RET-08825,Home Loan,3180000.0,8.68,180
LN-HM-08826,RET-08826,Vehicle Loan,870000.0,9.12,48
LN-HM-08827,RET-08827,Home Loan,1240000.0,9.31,240
LN-HM-08828,RET-08828,Vehicle Loan,1200000.0,10.79,84
LN-HM-08829,RET-08829,Personal Loan,890000.0,13.8,36
LN-HM-08830,RET-08830,Home Loan,2680000.0,9.31,120
LN-HM-08831,RET-08831,Home Loan,5820000.0,8.58,300
LN-HM-08832,RET-08832,Home Loan,2590000.0,8.99,120
LN-HM-08833,RET-08833,Home Loan,2340000.0,9.24,180
LN-HM-08834,RET-08834,Personal Loan,590000.0,13.04,36
LN-HM-08835,RET-08835,Personal Loan,300000.0,11.19,48
LN-HM-08836,RET-08836,Home Loan,3910000.0,9.16,240
LN-HM-08837,RET-08837,Home Loan,4090000.0,8.59,240
LN-HM-08838,RET-08838,Vehicle Loan,2100000.0,9.19,84
LN-HM-08839,RET-08839,Home Loan,2500000.0,9.47,300
LN-HM-08840,RET-08840,Vehicle Loan,380000.0,9.08,48
LN-HM-08841,RET-08841,Home Loan,1080000.0,8.72,120
LN-HM-08842,RET-08842,Personal Loan,900000.0,12.88,12
LN-HM-08843,RET-08843,Personal Loan,790000.0,12.99,36
LN-HM-08844,RET-08844,Home Loan,7730000.0,8.69,120
LN-HM-08845,RET-08845,Home Loan,1490000.0,8.58,180
LN-HM-08846,RET-08846,Home Loan,5150000.0,8.82,300
LN-HM-08847,RET-08847,Home Loan,11200000.0,8.88,240
LN-HM-08848,RET-08848,Home Loan,3470000.0,8.92,240
LN-HM-08849,RET-08849,Personal Loan,250000.0,13.16,24
LN-HM-08850,RET-08850,Vehicle Loan,4440000.0,10.72,36
LN-HM-08851,RET-08851,Personal Loan,1900000.0,11.79,12
LN-HM-08852,RET-08852,Home Loan,2620000.0,8.89,120
LN-HM-08853,RET-08853,Vehicle Loan,2170000.0,9.58,48
LN-HM-08854,RET-08854,Home Loan,6240000.0,9.36,120
LN-HM-08855,RET-08855,Personal Loan,1360000.0,13.6,12
LN-HM-08856,RET-08856,Vehicle Loan,430000.0,10.35,72
LN-HM-08857,RET-08857,Personal Loan,1320000.0,13.12,36
LN-HM-08858,RET-08858,Home Loan,7870000.0,8.59,300
LN-HM-08859,RET-08859,Personal Loan,1220000.0,12.46,36
LN-HM-08860,RET-08860,Personal Loan,890000.0,11.16,24
LN-HM-08861,RET-08861,Home Loan,3150000.0,9.24,120
LN-HM-08862,RET-08862,Personal Loan,630000.0,13.04,24
LN-HM-08863,RET-08863,Personal Loan,360000.0,13.59,48
LN-HM-08864,RET-08864,Home Loan,6800000.0,8.89,120
LN-HM-08865,RET-08865,Home Loan,2850000.0,8.78,180
LN-HM-08866,RET-08866,Vehicle Loan,510000.0,9.2,84
LN-HM-08867,RET-08867,Personal Loan,1590000.0,12.32,36
LN-HM-08868,RET-08868,Home Loan,2360000.0,9.36,120
LN-HM-08869,RET-08869,Personal Loan,360000.0,12.87,24
LN-HM-08870,RET-08870,Personal Loan,560000.0,11.76,60
LN-HM-08871,RET-08871,Vehicle Loan,780000.0,9.73,60
LN-HM-08872,RET-08872,Vehicle Loan,1030000.0,10.08,60
LN-HM-08873,RET-08873,Personal Loan,570000.0,13.46,12
LN-HM-08874,RET-08874,Home Loan,5480000.0,9.26,300
LN-HM-08875,RET-08875,Personal Loan,540000.0,12.93,48
LN-HM-08876,RET-08876,Home Loan,2940000.0,9.27,120
LN-HM-08877,RET-08877,Personal Loan,850000.0,13.63,36
LN-HM-08878,RET-08878,Home Loan,3240000.0,9.21,300
LN-HM-08879,RET-08879,Home Loan,3410000.0,8.65,180
LN-HM-08880,RET-08880,Vehicle Loan,1920000.0,10.09,60
LN-HM-08881,RET-08881,Personal Loan,690000.0,11.84,60
LN-HM-08882,RET-08882,Home Loan,3840000.0,9.1,240
LN-HM-08883,RET-08883,Home Loan,1510000.0,8.76,300
LN-HM-08884,RET-08884,Home Loan,4840000.0,9.19,120
LN-HM-08885,RET-08885,Vehicle Loan,920000.0,9.72,48
LN-HM-08886,RET-08886,Home Loan,6020000.0,9.48,120
LN-HM-08887,RET-08887,Vehicle Loan,850000.0,10.67,48
LN-HM-08888,RET-08888,Vehicle Loan,1520000.0,10.49,48
LN-HM-08889,RET-08889,Home Loan,4760000.0,9.18,240
LN-HM-08890,RET-08890,Home Loan,2750000.0,8.91,120
LN-HM-08891,RET-08891,Home Loan,2040000.0,8.62,240
LN-HM-08892,RET-08892,Personal Loan,550000.0,13.87,48
LN-HM-08893,RET-08893,Home Loan,3750000.0,8.83,180
LN-HM-08894,RET-08894,Personal Loan,410000.0,13.26,36
LN-HM-08895,RET-08895,Vehicle Loan,1100000.0,9.29,60
LN-HM-08896,RET-08896,Home Loan,2580000.0,9.06,240
LN-HM-08897,RET-08897,Personal Loan,690000.0,12.4,36
LN-HM-08898,RET-08898,Vehicle Loan,1600000.0,9.51,60
LN-HM-08899,RET-08899,Home Loan,1770000.0,9.2,300
LN-HM-08900,RET-08900,Personal Loan,520000.0,13.74,36
LN-HM-08901,RET-08901,Home Loan,1750000.0,8.51,120
LN-HM-08902,RET-08902,Home Loan,4220000.0,9.1,120
LN-HM-08903,RET-08903,Home Loan,4220000.0,9.04,120
LN-HM-08904,RET-08904,Vehicle Loan,950000.0,10.85,84
LN-HM-08905,RET-08905,Personal Loan,550000.0,11.71,48
LN-HM-08906,RET-08906,Home Loan,3900000.0,9.4,180
LN-HM-08907,RET-08907,Home Loan,4120000.0,8.57,120
LN-HM-08908,RET-08908,Home Loan,4100000.0,8.85,240
LN-HM-08909,RET-08909,Personal Loan,3030000.0,13.35,48
LN-HM-08910,RET-08910,Vehicle Loan,890000.0,9.58,48
LN-HM-08911,RET-08911,Home Loan,2160000.0,9.23,300
LN-HM-08912,RET-08912,Home Loan,6250000.0,8.99,180
LN-HM-08913,RET-08913,Personal Loan,480000.0,13.44,24
LN-HM-08914,RET-08914,Home Loan,11390000.0,9.34,180
LN-HM-08915,RET-08915,Vehicle Loan,1230000.0,10.62,36
LN-HM-08916,RET-08916,Vehicle Loan,1280000.0,9.34,72
LN-HM-08917,RET-08917,Personal Loan,500000.0,13.59,48
LN-HM-08918,RET-08918,Vehicle Loan,1540000.0,10.86,84
LN-HM-08919,RET-08919,Home Loan,1810000.0,9.4,240
LN-HM-08920,RET-08920,Home Loan,10940000.0,8.78,120
LN-HM-08921,RET-08921,Home Loan,3610000.0,8.94,120
LN-HM-08922,RET-08922,Home Loan,5390000.0,9.24,300
LN-HM-08923,RET-08923,Vehicle Loan,670000.0,10.86,48
LN-HM-08924,RET-08924,Personal Loan,490000.0,11.92,12
LN-HM-08925,RET-08925,Home Loan,1840000.0,9.31,120
LN-HM-08926,RET-08926,Home Loan,6020000.0,8.71,120
LN-HM-08927,RET-08927,Personal Loan,220000.0,11.1,24
LN-HM-08928,RET-08928,Home Loan,3760000.0,9.44,180
LN-HM-08929,RET-08929,Vehicle Loan,670000.0,10.63,60
LN-HM-08930,RET-08930,Vehicle Loan,470000.0,9.19,60
LN-HM-08931,RET-08931,Home Loan,1370000.0,8.78,300
LN-HM-08932,RET-08932,Personal Loan,550000.0,13.53,24
LN-HM-08933,RET-08933,Vehicle Loan,730000.0,9.89,84
LN-HM-08934,RET-08934,Personal Loan,370000.0,11.01,24
LN-HM-08935,RET-08935,Home Loan,2770000.0,9.03,120
LN-HM-08936,RET-08936,Home Loan,5400000.0,8.95,180
LN-HM-08937,RET-08937,Home Loan,4170000.0,8.65,300
LN-HM-08938,RET-08938,Personal Loan,470000.0,11.05,48
LN-HM-08939,RET-08939,Home Loan,4700000.0,9.49,180
LN-HM-08940,RET-08940,Personal Loan,960000.0,12.48,36
LN-HM-08941,RET-08941,Home Loan,1450000.0,8.64,300
LN-HM-08942,RET-08942,Home Loan,3990000.0,8.61,180
LN-HM-08943,RET-08943,Personal Loan,560000.0,11.57,48
LN-HM-08944,RET-08944,Home Loan,5610000.0,8.59,120
LN-HM-08945,RET-08945,Personal Loan,730000.0,12.18,48
LN-HM-08946,RET-08946,Home Loan,1060000.0,9.4,240
LN-HM-08947,RET-08947,Home Loan,5310000.0,8.64,120
LN-HM-08948,RET-08948,Home Loan,1700000.0,8.5,180
LN-HM-08949,RET-08949,Personal Loan,290000.0,13.32,24
LN-HM-08950,RET-08950,Home Loan,6910000.0,8.99,240
LN-HM-08951,RET-08951,Personal Loan,340000.0,11.54,36
LN-HM-08952,RET-08952,Home Loan,5800000.0,8.53,180
LN-HM-08953,RET-08953,Personal Loan,300000.0,13.46,36
LN-HM-08954,RET-08954,Personal Loan,1180000.0,12.6,48
LN-HM-08955,RET-08955,Vehicle Loan,1050000.0,10.65,48
LN-HM-08956,RET-08956,Personal Loan,770000.0,13.65,36
LN-HM-08957,RET-08957,Home Loan,3050000.0,9.26,240
LN-HM-08958,RET-08958,Home Loan,10220000.0,8.97,180
LN-HM-08959,RET-08959,Home Loan,7980000.0,8.76,300
LN-HM-08960,RET-08960,Home Loan,1210000.0,8.7,180
LN-HM-08961,RET-08961,Home Loan,6000000.0,8.85,300
LN-HM-08962,RET-08962,Vehicle Loan,750000.0,9.17,48
LN-HM-08963,RET-08963,Personal Loan,1350000.0,11.48,36
LN-HM-08964,RET-08964,Home Loan,1220000.0,9.17,180
LN-HM-08965,RET-08965,Personal Loan,620000.0,12.6,36
LN-HM-08966,RET-08966,Home Loan,1360000.0,9.25,120
LN-HM-08967,RET-08967,Vehicle Loan,730000.0,10.17,48
LN-HM-08968,RET-08968,Home Loan,3050000.0,9.04,180
LN-HM-08969,RET-08969,Personal Loan,590000.0,13.07,12
LN-HM-08970,RET-08970,Home Loan,1550000.0,8.62,300
LN-HM-08971,RET-08971,Personal Loan,530000.0,12.43,60
LN-HM-08972,RET-08972,Personal Loan,370000.0,13.13,60
LN-HM-08973,RET-08973,Home Loan,4100000.0,9.21,300
LN-HM-08974,RET-08974,Home Loan,10780000.0,9.12,180
LN-HM-08975,RET-08975,Personal Loan,220000.0,12.31,48
LN-HM-08976,RET-08976,Home Loan,2820000.0,8.62,300
LN-HM-08977,RET-08977,Personal Loan,1670000.0,13.15,36
LN-HM-08978,RET-08978,Vehicle Loan,520000.0,10.41,60
LN-HM-08979,RET-08979,Home Loan,1410000.0,8.65,240
LN-HM-08980,RET-08980,Home Loan,1300000.0,8.87,240
LN-HM-08981,RET-08981,Personal Loan,340000.0,13.42,60
LN-HM-08982,RET-08982,Vehicle Loan,2000000.0,10.71,36
LN-HM-08983,RET-08983,Home Loan,4790000.0,8.98,300
LN-HM-08984,RET-08984,Home Loan,4960000.0,8.52,120
LN-HM-08985,RET-08985,Home Loan,6540000.0,9.15,240
LN-HM-08986,RET-08986,Home Loan,2010000.0,8.51,180
LN-HM-08987,RET-08987,Personal Loan,4130000.0,11.17,24
LN-HM-08988,RET-08988,Home Loan,3470000.0,8.9,120
LN-HM-08989,RET-08989,Personal Loan,670000.0,12.38,48
LN-HM-08990,RET-08990,Home Loan,5660000.0,9.26,120
LN-HM-08991,RET-08991,Home Loan,3700000.0,8.92,240
LN-HM-08992,RET-08992,Vehicle Loan,3030000.0,10.85,36
LN-HM-08993,RET-08993,Home Loan,9260000.0,8.74,300
LN-HM-08994,RET-08994,Vehicle Loan,1080000.0,9.86,72
LN-HM-08995,RET-08995,Personal Loan,1050000.0,12.34,24
LN-HM-08996,RET-08996,Home Loan,2520000.0,9.45,240
LN-HM-08997,RET-08997,Vehicle Loan,350000.0,11.0,72
LN-HM-08998,RET-08998,Home Loan,6200000.0,8.53,120
LN-HM-08999,RET-08999,Personal Loan,850000.0,11.77,36
LN-HM-09000,RET-09000,Home Loan,1230000.0,8.88,300
LN-HM-09001,RET-09001,Personal Loan,530000.0,12.4,36
LN-HM-09002,RET-09002,Home Loan,2880000.0,9.06,120
LN-HM-09003,RET-09003,Home Loan,3770000.0,8.94,300
LN-HM-09004,RET-09004,Personal Loan,2240000.0,12.81,60
LN-HM-09005,RET-09005,Vehicle Loan,690000.0,9.54,72
LN-HM-09006,RET-09006,Home Loan,3070000.0,9.44,180
LN-HM-09007,RET-09007,Home Loan,4230000.0,8.84,300
LN-HM-09008,RET-09008,Home Loan,2530000.0,8.78,180
LN-HM-09009,RET-09009,Vehicle Loan,630000.0,9.25,60
LN-HM-09010,RET-09010,Personal Loan,630000.0,11.8,24
LN-HM-09011,RET-09011,Personal Loan,870000.0,11.52,12
LN-HM-09012,RET-09012,Personal Loan,590000.0,13.68,36
LN-HM-09013,RET-09013,Personal Loan,1270000.0,12.37,36
LN-HM-09014,RET-09014,Personal Loan,1070000.0,12.16,48
LN-HM-09015,RET-09015,Personal Loan,300000.0,12.43,60
LN-HM-09016,RET-09016,Home Loan,920000.0,9.12,300
LN-HM-09017,RET-09017,Home Loan,3100000.0,9.07,120
LN-HM-09018,RET-09018,Personal Loan,1530000.0,13.64,48
LN-HM-09019,RET-09019,Home Loan,1870000.0,8.97,240
LN-HM-09020,RET-09020,Home Loan,3980000.0,8.52,120
LN-HM-09021,RET-09021,Home Loan,3600000.0,8.7,120
LN-HM-09022,RET-09022,Personal Loan,670000.0,12.56,12
LN-HM-09023,RET-09023,Home Loan,3040000.0,8.84,240
LN-HM-09024,RET-09024,Personal Loan,190000.0,13.66,36
LN-HM-09025,RET-09025,Personal Loan,220000.0,11.26,24
LN-HM-09026,RET-09026,Home Loan,21800000.0,9.42,300
LN-HM-09027,RET-09027,Personal Loan,940000.0,13.62,60
LN-HM-09028,RET-09028,Home Loan,13220000.0,9.1,300
LN-HM-09029,RET-09029,Vehicle Loan,670000.0,9.98,48
LN-HM-09030,RET-09030,Home Loan,4910000.0,9.39,120
LN-HM-09031,RET-09031,Home Loan,2660000.0,9.48,240
LN-HM-09032,RET-09032,Vehicle Loan,730000.0,10.36,84
LN-HM-09033,RET-09033,Vehicle Loan,1160000.0,9.81,84
LN-HM-09034,RET-09034,Home Loan,2090000.0,8.69,120
LN-HM-09035,RET-09035,Vehicle Loan,610000.0,10.47,48
LN-HM-09036,RET-09036,Vehicle Loan,1270000.0,9.41,84
LN-HM-09037,RET-09037,Vehicle Loan,610000.0,10.79,36
LN-HM-09038,RET-09038,Home Loan,3900000.0,8.72,300
LN-HM-09039,RET-09039,Home Loan,2230000.0,9.44,120
LN-HM-09040,RET-09040,Home Loan,3660000.0,8.81,240
LN-HM-09041,RET-09041,Home Loan,2720000.0,8.8,120
LN-HM-09042,RET-09042,Home Loan,9220000.0,9.25,180
LN-HM-09043,RET-09043,Vehicle Loan,720000.0,10.22,48
LN-HM-09044,RET-09044,Home Loan,2610000.0,9.25,240
LN-HM-09045,RET-09045,Home Loan,10470000.0,9.41,300
LN-HM-09046,RET-09046,Personal Loan,390000.0,12.49,60
LN-HM-09047,RET-09047,Home Loan,2680000.0,9.09,240
LN-HM-09048,RET-09048,Home Loan,1950000.0,8.8,120
LN-HM-09049,RET-09049,Vehicle Loan,1650000.0,9.14,48
LN-HM-09050,RET-09050,Home Loan,1670000.0,9.14,180
LN-HM-09051,RET-09051,Vehicle Loan,2340000.0,10.85,48
LN-HM-09052,RET-09052,Personal Loan,1010000.0,11.73,12
LN-HM-09053,RET-09053,Vehicle Loan,1730000.0,10.64,72
LN-HM-09054,RET-09054,Home Loan,6190000.0,9.21,300
LN-HM-09055,RET-09055,Vehicle Loan,670000.0,10.2,36
LN-HM-09056,RET-09056,Personal Loan,390000.0,13.15,36
LN-HM-09057,RET-09057,Home Loan,2060000.0,8.69,240
LN-HM-09058,RET-09058,Personal Loan,580000.0,11.99,48
LN-HM-09059,RET-09059,Home Loan,4740000.0,9.39,120
LN-HM-09060,RET-09060,Personal Loan,1090000.0,11.83,36
LN-HM-09061,RET-09061,Home Loan,3040000.0,9.25,300
LN-HM-09062,RET-09062,Home Loan,2570000.0,8.8,180
LN-HM-09063,RET-09063,Vehicle Loan,610000.0,9.31,72
LN-HM-09064,RET-09064,Home Loan,5770000.0,9.16,180
LN-HM-09065,RET-09065,Vehicle Loan,850000.0,10.23,36
LN-HM-09066,RET-09066,Personal Loan,1390000.0,12.76,24
LN-HM-09067,RET-09067,Home Loan,3860000.0,9.21,120
LN-HM-09068,RET-09068,Home Loan,7850000.0,8.54,300
LN-HM-09069,RET-09069,Personal Loan,730000.0,12.62,48
LN-HM-09070,RET-09070,Vehicle Loan,1170000.0,10.39,48
LN-HM-09071,RET-09071,Personal Loan,180000.0,11.41,48
LN-HM-09072,RET-09072,Home Loan,2320000.0,8.66,180
LN-HM-09073,RET-09073,Home Loan,1710000.0,8.89,300
LN-HM-09074,RET-09074,Home Loan,5450000.0,9.42,300
LN-HM-09075,RET-09075,Vehicle Loan,2350000.0,9.87,60
LN-HM-09076,RET-09076,Personal Loan,1470000.0,12.14,36
LN-HM-09077,RET-09077,Vehicle Loan,1360000.0,10.37,72
LN-HM-09078,RET-09078,Vehicle Loan,920000.0,9.22,84
LN-HM-09079,RET-09079,Home Loan,1320000.0,9.12,120
LN-HM-09080,RET-09080,Home Loan,3540000.0,9.26,180
LN-HM-09081,RET-09081,Home Loan,2670000.0,9.38,180
LN-HM-09082,RET-09082,Home Loan,2250000.0,8.63,300
LN-HM-09083,RET-09083,Home Loan,4930000.0,9.42,300
LN-HM-09084,RET-09084,Vehicle Loan,520000.0,9.88,72
LN-HM-09085,RET-09085,Home Loan,5610000.0,9.24,300
LN-HM-09086,RET-09086,Vehicle Loan,760000.0,10.56,36
LN-HM-09087,RET-09087,Home Loan,3580000.0,9.32,300
LN-HM-09088,RET-09088,Personal Loan,480000.0,13.07,12
LN-HM-09089,RET-09089,Home Loan,2130000.0,9.03,300
LN-HM-09090,RET-09090,Vehicle Loan,2720000.0,10.12,48
LN-HM-09091,RET-09091,Home Loan,910000.0,9.45,180
LN-HM-09092,RET-09092,Home Loan,5500000.0,8.78,240
LN-HM-09093,RET-09093,Home Loan,2850000.0,8.85,180
LN-HM-09094,RET-09094,Personal Loan,1230000.0,12.92,24
LN-HM-09095,RET-09095,Home Loan,4660000.0,8.64,180
LN-HM-09096,RET-09096,Personal Loan,1270000.0,13.71,24
LN-HM-09097,RET-09097,Home Loan,4060000.0,8.92,180
LN-HM-09098,RET-09098,Home Loan,3310000.0,9.32,240
LN-HM-09099,RET-09099,Personal Loan,1310000.0,11.78,48
LN-HM-09100,RET-09100,Home Loan,2660000.0,9.4,180
LN-HM-09101,RET-09101,Home Loan,6700000.0,9.32,180
LN-HM-09102,RET-09102,Home Loan,4930000.0,9.49,180
LN-HM-09103,RET-09103,Home Loan,1950000.0,8.88,120
LN-HM-09104,RET-09104,Home Loan,3350000.0,8.81,300
LN-HM-09105,RET-09105,Home Loan,4140000.0,8.64,300
LN-HM-09106,RET-09106,Vehicle Loan,450000.0,9.14,84
LN-HM-09107,RET-09107,Personal Loan,1340000.0,11.43,60
LN-HM-09108,RET-09108,Vehicle Loan,610000.0,10.14,60
LN-HM-09109,RET-09109,Home Loan,1760000.0,9.11,120
LN-HM-09110,RET-09110,Personal Loan,560000.0,12.6,60
LN-HM-09111,RET-09111,Personal Loan,520000.0,12.34,36
LN-HM-09112,RET-09112,Home Loan,1630000.0,8.91,180
LN-HM-09113,RET-09113,Vehicle Loan,880000.0,9.24,60
LN-HM-09114,RET-09114,Vehicle Loan,1330000.0,9.04,36
LN-HM-09115,RET-09115,Home Loan,2200000.0,8.72,180
LN-HM-09116,RET-09116,Vehicle Loan,1550000.0,9.92,84
LN-HM-09117,RET-09117,Home Loan,5760000.0,9.43,240
LN-HM-09118,RET-09118,Home Loan,3710000.0,9.1,240
LN-HM-09119,RET-09119,Home Loan,11580000.0,8.72,300
LN-HM-09120,RET-09120,Vehicle Loan,4180000.0,9.04,48
LN-HM-09121,RET-09121,Vehicle Loan,1080000.0,10.07,84
LN-HM-09122,RET-09122,Vehicle Loan,600000.0,10.01,48
LN-HM-09123,RET-09123,Home Loan,2160000.0,9.31,180
LN-HM-09124,RET-09124,Home Loan,3900000.0,9.22,120
LN-HM-09125,RET-09125,Home Loan,9880000.0,9.3,120
LN-HM-09126,RET-09126,Home Loan,1900000.0,8.6,300
LN-HM-09127,RET-09127,Home Loan,3360000.0,8.85,240
LN-HM-09128,RET-09128,Personal Loan,720000.0,13.06,12
LN-HM-09129,RET-09129,Home Loan,2570000.0,9.38,180
LN-HM-09130,RET-09130,Home Loan,1910000.0,9.04,240
LN-HM-09131,RET-09131,Home Loan,1760000.0,8.65,120
LN-HM-09132,RET-09132,Home Loan,8000000.0,9.34,300
LN-HM-09133,RET-09133,Home Loan,5580000.0,9.35,240
LN-HM-09134,RET-09134,Home Loan,3180000.0,8.75,180
LN-HM-09135,RET-09135,Home Loan,7200000.0,8.86,180
LN-HM-09136,RET-09136,Home Loan,1950000.0,8.87,180
LN-HM-09137,RET-09137,Personal Loan,970000.0,12.7,60
LN-HM-09138,RET-09138,Personal Loan,510000.0,13.38,12
LN-HM-09139,RET-09139,Home Loan,7680000.0,9.16,240
LN-HM-09140,RET-09140,Vehicle Loan,900000.0,9.9,48
LN-HM-09141,RET-09141,Home Loan,5650000.0,8.97,120
LN-HM-09142,RET-09142,Home Loan,3200000.0,8.81,180
LN-HM-09143,RET-09143,Personal Loan,1120000.0,13.01,12
LN-HM-09144,RET-09144,Personal Loan,980000.0,12.12,36
LN-HM-09145,RET-09145,Personal Loan,210000.0,11.19,24
LN-HM-09146,RET-09146,Vehicle Loan,1690000.0,10.33,36
LN-HM-09147,RET-09147,Personal Loan,340000.0,12.35,24
LN-HM-09148,RET-09148,Vehicle Loan,500000.0,10.96,84
LN-HM-09149,RET-09149,Home Loan,3180000.0,9.15,300
LN-HM-09150,RET-09150,Vehicle Loan,2760000.0,9.18,48
LN-HM-09151,RET-09151,Personal Loan,420000.0,13.94,48
LN-HM-09152,RET-09152,Personal Loan,1040000.0,11.69,24
LN-HM-09153,RET-09153,Personal Loan,270000.0,11.64,60
LN-HM-09154,RET-09154,Vehicle Loan,270000.0,9.65,60
LN-HM-09155,RET-09155,Home Loan,1340000.0,8.88,240
LN-HM-09156,RET-09156,Personal Loan,1330000.0,11.22,36
LN-HM-09157,RET-09157,Vehicle Loan,1140000.0,9.28,60
LN-HM-09158,RET-09158,Home Loan,6010000.0,9.14,300
LN-HM-09159,RET-09159,Home Loan,7240000.0,9.31,240
LN-HM-09160,RET-09160,Vehicle Loan,520000.0,9.45,36
LN-HM-09161,RET-09161,Vehicle Loan,2470000.0,10.55,84
LN-HM-09162,RET-09162,Personal Loan,270000.0,13.06,48
LN-HM-09163,RET-09163,Home Loan,6690000.0,8.62,300
LN-HM-09164,RET-09164,Personal Loan,1010000.0,11.58,60
LN-HM-09165,RET-09165,Personal Loan,710000.0,12.62,12
LN-HM-09166,RET-09166,Home Loan,3910000.0,9.27,120
LN-HM-09167,RET-09167,Vehicle Loan,1140000.0,9.69,48
LN-HM-09168,RET-09168,Personal Loan,850000.0,11.11,12
LN-HM-09169,RET-09169,Home Loan,2940000.0,9.05,300
LN-HM-09170,RET-09170,Home Loan,2760000.0,9.2,180
LN-HM-09171,RET-09171,Home Loan,2600000.0,8.82,240
LN-HM-09172,RET-09172,Vehicle Loan,1850000.0,10.62,84
LN-HM-09173,RET-09173,Vehicle Loan,550000.0,10.52,60
LN-HM-09174,RET-09174,Home Loan,2770000.0,8.99,120
LN-HM-09175,RET-09175,Home Loan,3250000.0,8.81,180
LN-HM-09176,RET-09176,Home Loan,2720000.0,8.91,120
LN-HM-09177,RET-09177,Personal Loan,730000.0,12.28,60
LN-HM-09178,RET-09178,Personal Loan,370000.0,12.5,60
LN-HM-09179,RET-09179,Home Loan,7960000.0,8.84,300
LN-HM-09180,RET-09180,Home Loan,7350000.0,8.7,240
LN-HM-09181,RET-09181,Personal Loan,650000.0,11.53,12
LN-HM-09182,RET-09182,Personal Loan,550000.0,12.97,24
LN-HM-09183,RET-09183,Home Loan,1830000.0,8.62,300
LN-HM-09184,RET-09184,Vehicle Loan,1110000.0,10.93,48
LN-HM-09185,RET-09185,Home Loan,4450000.0,9.25,180
LN-HM-09186,RET-09186,Personal Loan,1550000.0,12.1,24
LN-HM-09187,RET-09187,Personal Loan,740000.0,12.24,24
LN-HM-09188,RET-09188,Personal Loan,600000.0,13.8,48
LN-HM-09189,RET-09189,Home Loan,2440000.0,9.31,180
LN-HM-09190,RET-09190,Home Loan,4980000.0,8.82,300
LN-HM-09191,RET-09191,Vehicle Loan,1080000.0,10.49,84
LN-HM-09192,RET-09192,Home Loan,2790000.0,8.9,180
LN-HM-09193,RET-09193,Personal Loan,330000.0,11.19,60
LN-HM-09194,RET-09194,Home Loan,3720000.0,9.32,120
LN-HM-09195,RET-09195,Vehicle Loan,1920000.0,9.39,84
LN-HM-09196,RET-09196,Vehicle Loan,1830000.0,10.13,72
LN-HM-09197,RET-09197,Personal Loan,470000.0,11.01,48
LN-HM-09198,RET-09198,Vehicle Loan,530000.0,9.56,72
LN-HM-09199,RET-09199,Personal Loan,460000.0,12.82,60
LN-HM-09200,RET-09200,Personal Loan,680000.0,13.23,24
LN-HM-09201,RET-09201,Personal Loan,930000.0,13.27,12
LN-HM-09202,RET-09202,Home Loan,2760000.0,8.53,240
LN-HM-09203,RET-09203,Home Loan,7770000.0,8.79,240
LN-HM-09204,RET-09204,Personal Loan,830000.0,11.47,36
LN-HM-09205,RET-09205,Home Loan,2970000.0,9.04,120
LN-HM-09206,RET-09206,Personal Loan,990000.0,11.23,24
LN-HM-09207,RET-09207,Personal Loan,290000.0,13.7,36
LN-HM-09208,RET-09208,Home Loan,2640000.0,8.86,180
LN-HM-09209,RET-09209,Home Loan,1290000.0,9.07,120
LN-HM-09210,RET-09210,Personal Loan,480000.0,12.67,12
LN-HM-09211,RET-09211,Home Loan,5350000.0,9.4,240
LN-HM-09212,RET-09212,Home Loan,5930000.0,9.33,120
LN-HM-09213,RET-09213,Personal Loan,650000.0,13.58,48
LN-HM-09214,RET-09214,Home Loan,2630000.0,9.11,120
LN-HM-09215,RET-09215,Home Loan,5450000.0,8.88,240
LN-HM-09216,RET-09216,Home Loan,1610000.0,8.75,120
LN-HM-09217,RET-09217,Home Loan,1610000.0,9.48,120
LN-HM-09218,RET-09218,Personal Loan,550000.0,13.21,36
LN-HM-09219,RET-09219,Personal Loan,1500000.0,12.45,12
LN-HM-09220,RET-09220,Home Loan,3120000.0,8.6,240
LN-HM-09221,RET-09221,Vehicle Loan,630000.0,9.09,60
LN-HM-09222,RET-09222,Vehicle Loan,580000.0,9.83,60
LN-HM-09223,RET-09223,Home Loan,1290000.0,8.76,300
LN-HM-09224,RET-09224,Personal Loan,310000.0,12.87,36
LN-HM-09225,RET-09225,Home Loan,9870000.0,9.18,120
LN-HM-09226,RET-09226,Personal Loan,1420000.0,11.89,12
LN-HM-09227,RET-09227,Home Loan,1170000.0,8.63,240
LN-HM-09228,RET-09228,Home Loan,1340000.0,8.63,120
LN-HM-09229,RET-09229,Home Loan,2010000.0,8.96,180
LN-HM-09230,RET-09230,Home Loan,1050000.0,8.75,240
LN-HM-09231,RET-09231,Home Loan,11730000.0,8.66,120
LN-HM-09232,RET-09232,Home Loan,2410000.0,8.74,120
LN-HM-09233,RET-09233,Home Loan,4730000.0,8.89,240
LN-HM-09234,RET-09234,Vehicle Loan,790000.0,9.87,72
LN-HM-09235,RET-09235,Home Loan,1730000.0,9.18,300
LN-HM-09236,RET-09236,Personal Loan,1860000.0,11.84,24
LN-HM-09237,RET-09237,Home Loan,6210000.0,9.44,180
LN-HM-09238,RET-09238,Home Loan,2850000.0,9.2,180
LN-HM-09239,RET-09239,Home Loan,13680000.0,9.15,240
LN-HM-09240,RET-09240,Vehicle Loan,990000.0,9.7,84
LN-HM-09241,RET-09241,Vehicle Loan,1100000.0,9.55,84
LN-HM-09242,RET-09242,Personal Loan,1320000.0,12.11,36
LN-HM-09243,RET-09243,Home Loan,3100000.0,8.55,120
LN-HM-09244,RET-09244,Vehicle Loan,2580000.0,9.18,60
LN-HM-09245,RET-09245,Personal Loan,950000.0,11.45,48
LN-HM-09246,RET-09246,Personal Loan,180000.0,12.81,48
LN-HM-09247,RET-09247,Home Loan,1020000.0,9.13,240
LN-HM-09248,RET-09248,Vehicle Loan,1910000.0,9.05,72
LN-HM-09249,RET-09249,Home Loan,2120000.0,8.68,240
LN-HM-09250,RET-09250,Vehicle Loan,1660000.0,10.16,84
LN-HM-09251,RET-09251,Home Loan,7220000.0,9.3,180
LN-HM-09252,RET-09252,Home Loan,3730000.0,8.55,240
LN-HM-09253,RET-09253,Personal Loan,370000.0,11.64,36
LN-HM-09254,RET-09254,Home Loan,4030000.0,9.01,300
LN-HM-09255,RET-09255,Home Loan,4660000.0,9.33,180
LN-HM-09256,RET-09256,Vehicle Loan,890000.0,10.1,36
LN-HM-09257,RET-09257,Home Loan,1160000.0,8.68,180
LN-HM-09258,RET-09258,Personal Loan,680000.0,12.09,48
LN-HM-09259,RET-09259,Home Loan,4110000.0,8.58,120
LN-HM-09260,RET-09260,Personal Loan,350000.0,11.21,12
LN-HM-09261,RET-09261,Personal Loan,310000.0,12.3,24
LN-HM-09262,RET-09262,Home Loan,1870000.0,9.49,300
LN-HM-09263,RET-09263,Personal Loan,230000.0,13.57,12
LN-HM-09264,RET-09264,Home Loan,3510000.0,8.83,180
LN-HM-09265,RET-09265,Home Loan,4220000.0,8.97,240
LN-HM-09266,RET-09266,Home Loan,2810000.0,9.25,120
LN-HM-09267,RET-09267,Vehicle Loan,560000.0,9.76,48
LN-HM-09268,RET-09268,Home Loan,4560000.0,8.86,300
LN-HM-09269,RET-09269,Home Loan,3510000.0,9.25,120
LN-HM-09270,RET-09270,Vehicle Loan,990000.0,10.37,72
LN-HM-09271,RET-09271,Vehicle Loan,1430000.0,10.08,60
LN-HM-09272,RET-09272,Vehicle Loan,1470000.0,9.97,48
LN-HM-09273,RET-09273,Vehicle Loan,850000.0,9.25,60
LN-HM-09274,RET-09274,Home Loan,1880000.0,9.22,240
LN-HM-09275,RET-09275,Home Loan,3050000.0,9.49,180
LN-HM-09276,RET-09276,Personal Loan,830000.0,13.73,60
LN-HM-09277,RET-09277,Vehicle Loan,1140000.0,9.45,60
LN-HM-09278,RET-09278,Personal Loan,780000.0,11.04,48
LN-HM-09279,RET-09279,Home Loan,2040000.0,9.33,120
LN-HM-09280,RET-09280,Home Loan,2540000.0,9.43,240
LN-HM-09281,RET-09281,Home Loan,1230000.0,8.61,120
LN-HM-09282,RET-09282,Home Loan,1750000.0,8.74,240
LN-HM-09283,RET-09283,Vehicle Loan,3680000.0,10.49,48
LN-HM-09284,RET-09284,Home Loan,3900000.0,9.47,240
LN-HM-09285,RET-09285,Personal Loan,570000.0,13.18,60
LN-HM-09286,RET-09286,Personal Loan,270000.0,11.29,60
LN-HM-09287,RET-09287,Vehicle Loan,1230000.0,9.38,48
LN-HM-09288,RET-09288,Home Loan,840000.0,9.12,180
LN-HM-09289,RET-09289,Home Loan,3310000.0,8.95,300
LN-HM-09290,RET-09290,Personal Loan,210000.0,11.36,60
LN-HM-09291,RET-09291,Home Loan,3990000.0,8.88,300
LN-HM-09292,RET-09292,Personal Loan,1190000.0,12.33,60
LN-HM-09293,RET-09293,Home Loan,1440000.0,8.66,300
LN-HM-09294,RET-09294,Home Loan,4880000.0,8.98,180
LN-HM-09295,RET-09295,Home Loan,14220000.0,9.26,240
LN-HM-09296,RET-09296,Home Loan,3880000.0,9.24,120
LN-HM-09297,RET-09297,Personal Loan,980000.0,12.87,60
LN-HM-09298,RET-09298,Home Loan,1180000.0,8.66,240
LN-HM-09299,RET-09299,Home Loan,3670000.0,8.59,120
LN-HM-09300,RET-09300,Home Loan,2030000.0,9.23,240
LN-HM-09301,RET-09301,Personal Loan,400000.0,11.84,12
LN-HM-09302,RET-09302,Vehicle Loan,1100000.0,10.01,72
LN-HM-09303,RET-09303,Home Loan,2740000.0,9.32,300
LN-HM-09304,RET-09304,Vehicle Loan,330000.0,9.39,36
LN-HM-09305,RET-09305,Personal Loan,2180000.0,13.52,24
LN-HM-09306,RET-09306,Vehicle Loan,560000.0,10.35,48
LN-HM-09307,RET-09307,Home Loan,2510000.0,8.5,300
LN-HM-09308,RET-09308,Vehicle Loan,1160000.0,10.12,60
LN-HM-09309,RET-09309,Personal Loan,540000.0,12.14,12
LN-HM-09310,RET-09310,Home Loan,4440000.0,9.4,120
LN-HM-09311,RET-09311,Home Loan,2650000.0,8.76,120
LN-HM-09312,RET-09312,Home Loan,7540000.0,9.08,300
LN-HM-09313,RET-09313,Personal Loan,670000.0,13.33,12
LN-HM-09314,RET-09314,Personal Loan,430000.0,12.05,24
LN-HM-09315,RET-09315,Personal Loan,330000.0,12.65,60
LN-HM-09316,RET-09316,Home Loan,3330000.0,9.24,300
LN-HM-09317,RET-09317,Home Loan,9840000.0,9.13,300
LN-HM-09318,RET-09318,Home Loan,1980000.0,9.03,120
LN-HM-09319,RET-09319,Personal Loan,500000.0,13.08,60
LN-HM-09320,RET-09320,Personal Loan,800000.0,12.75,60
LN-HM-09321,RET-09321,Personal Loan,1110000.0,11.5,12
LN-HM-09322,RET-09322,Home Loan,4380000.0,8.75,180
LN-HM-09323,RET-09323,Personal Loan,1020000.0,13.76,48
LN-HM-09324,RET-09324,Personal Loan,840000.0,12.89,60
LN-HM-09325,RET-09325,Personal Loan,450000.0,12.82,36
LN-HM-09326,RET-09326,Personal Loan,490000.0,11.19,60
LN-HM-09327,RET-09327,Home Loan,3100000.0,9.35,120
LN-HM-09328,RET-09328,Home Loan,7460000.0,9.49,120
LN-HM-09329,RET-09329,Home Loan,1860000.0,9.21,180
LN-HM-09330,RET-09330,Home Loan,6000000.0,8.82,180
LN-HM-09331,RET-09331,Personal Loan,170000.0,11.87,12
LN-HM-09332,RET-09332,Personal Loan,1090000.0,12.73,48
LN-HM-09333,RET-09333,Home Loan,2670000.0,8.9,180
LN-HM-09334,RET-09334,Personal Loan,720000.0,11.2,48
LN-HM-09335,RET-09335,Home Loan,3550000.0,9.06,120
LN-HM-09336,RET-09336,Home Loan,3600000.0,9.22,180
LN-HM-09337,RET-09337,Home Loan,1890000.0,8.87,180
LN-HM-09338,RET-09338,Personal Loan,490000.0,13.37,48
LN-HM-09339,RET-09339,Personal Loan,1740000.0,11.76,12
LN-HM-09340,RET-09340,Personal Loan,880000.0,13.4,36
LN-HM-09341,RET-09341,Vehicle Loan,1490000.0,9.24,36
LN-HM-09342,RET-09342,Home Loan,4450000.0,8.86,240
LN-HM-09343,RET-09343,Personal Loan,900000.0,11.6,48
LN-HM-09344,RET-09344,Vehicle Loan,470000.0,10.31,72
LN-HM-09345,RET-09345,Home Loan,2220000.0,8.51,240
LN-HM-09346,RET-09346,Home Loan,1260000.0,8.52,300
LN-HM-09347,RET-09347,Vehicle Loan,650000.0,9.21,72
LN-HM-09348,RET-09348,Vehicle Loan,1640000.0,9.2,72
LN-HM-09349,RET-09349,Home Loan,3220000.0,9.19,240
LN-HM-09350,RET-09350,Vehicle Loan,2790000.0,9.67,48
LN-HM-09351,RET-09351,Personal Loan,1620000.0,11.03,48
LN-HM-09352,RET-09352,Vehicle Loan,1000000.0,9.09,60
LN-HM-09353,RET-09353,Vehicle Loan,300000.0,9.2,84
LN-HM-09354,RET-09354,Home Loan,6020000.0,9.05,240
LN-HM-09355,RET-09355,Home Loan,2600000.0,9.19,180
LN-HM-09356,RET-09356,Personal Loan,1660000.0,12.53,12
LN-HM-09357,RET-09357,Personal Loan,460000.0,13.52,48
LN-HM-09358,RET-09358,Vehicle Loan,1300000.0,9.91,36
LN-HM-09359,RET-09359,Home Loan,5620000.0,9.0,120
LN-HM-09360,RET-09360,Vehicle Loan,4290000.0,10.53,48
LN-HM-09361,RET-09361,Home Loan,4630000.0,9.42,180
LN-HM-09362,RET-09362,Vehicle Loan,420000.0,9.38,60
LN-HM-09363,RET-09363,Personal Loan,1510000.0,12.17,48
LN-HM-09364,RET-09364,Home Loan,3030000.0,9.29,240
LN-HM-09365,RET-09365,Vehicle Loan,2340000.0,9.76,60
LN-HM-09366,RET-09366,Personal Loan,1660000.0,11.35,48
LN-HM-09367,RET-09367,Home Loan,5720000.0,9.31,120
LN-HM-09368,RET-09368,Home Loan,1750000.0,8.83,300
LN-HM-09369,RET-09369,Vehicle Loan,1040000.0,10.94,72
LN-HM-09370,RET-09370,Personal Loan,2010000.0,12.5,12
LN-HM-09371,RET-09371,Vehicle Loan,3390000.0,9.25,72
LN-HM-09372,RET-09372,Vehicle Loan,1390000.0,9.98,36
LN-HM-09373,RET-09373,Home Loan,2730000.0,9.39,300
LN-HM-09374,RET-09374,Home Loan,2050000.0,8.5,300
LN-HM-09375,RET-09375,Home Loan,1150000.0,8.55,120
LN-HM-09376,RET-09376,Personal Loan,1100000.0,12.07,12
LN-HM-09377,RET-09377,Personal Loan,1280000.0,12.74,60
LN-HM-09378,RET-09378,Home Loan,1010000.0,9.11,120
LN-HM-09379,RET-09379,Home Loan,6270000.0,9.48,300
LN-HM-09380,RET-09380,Home Loan,6960000.0,8.79,180
LN-HM-09381,RET-09381,Personal Loan,750000.0,12.07,48
LN-HM-09382,RET-09382,Home Loan,8420000.0,8.73,300
LN-HM-09383,RET-09383,Home Loan,4310000.0,9.12,240
LN-HM-09384,RET-09384,Home Loan,3730000.0,9.33,240
LN-HM-09385,RET-09385,Personal Loan,740000.0,13.24,36
LN-HM-09386,RET-09386,Home Loan,8420000.0,9.24,180
LN-HM-09387,RET-09387,Home Loan,6010000.0,9.05,180
LN-HM-09388,RET-09388,Personal Loan,390000.0,13.71,24
LN-HM-09389,RET-09389,Home Loan,5260000.0,9.29,240
LN-HM-09390,RET-09390,Home Loan,3550000.0,8.88,240
LN-HM-09391,RET-09391,Personal Loan,860000.0,11.72,24
LN-HM-09392,RET-09392,Home Loan,4420000.0,8.87,300
LN-HM-09393,RET-09393,Vehicle Loan,1230000.0,9.56,48
LN-HM-09394,RET-09394,Home Loan,6710000.0,8.88,120
LN-HM-09395,RET-09395,Vehicle Loan,1570000.0,10.14,72
LN-HM-09396,RET-09396,Home Loan,2140000.0,9.24,240
LN-HM-09397,RET-09397,Vehicle Loan,700000.0,9.07,60
LN-HM-09398,RET-09398,Personal Loan,260000.0,12.02,36
LN-HM-09399,RET-09399,Personal Loan,1010000.0,12.88,12
LN-HM-09400,RET-09400,Home Loan,8360000.0,9.02,300
LN-HM-09401,RET-09401,Personal Loan,800000.0,12.41,48
LN-HM-09402,RET-09402,Home Loan,5310000.0,8.6,120
LN-HM-09403,RET-09403,Personal Loan,1300000.0,11.37,60
LN-HM-09404,RET-09404,Personal Loan,430000.0,13.74,24
LN-HM-09405,RET-09405,Home Loan,2890000.0,8.68,180
LN-HM-09406,RET-09406,Vehicle Loan,2040000.0,9.78,48
LN-HM-09407,RET-09407,Personal Loan,560000.0,13.85,12
LN-HM-09408,RET-09408,Home Loan,2170000.0,8.9,240
LN-HM-09409,RET-09409,Home Loan,2820000.0,9.12,180
LN-HM-09410,RET-09410,Home Loan,2720000.0,9.11,300
LN-HM-09411,RET-09411,Home Loan,5200000.0,9.18,300
LN-HM-09412,RET-09412,Vehicle Loan,2900000.0,10.01,36
LN-HM-09413,RET-09413,Home Loan,4130000.0,9.29,300
LN-HM-09414,RET-09414,Home Loan,2070000.0,8.77,180
LN-HM-09415,RET-09415,Vehicle Loan,760000.0,9.58,72
LN-HM-09416,RET-09416,Home Loan,4430000.0,8.54,120
LN-HM-09417,RET-09417,Personal Loan,820000.0,12.69,60
LN-HM-09418,RET-09418,Home Loan,1460000.0,8.86,240
LN-HM-09419,RET-09419,Home Loan,6160000.0,8.52,300
LN-HM-09420,RET-09420,Vehicle Loan,280000.0,9.88,48
LN-HM-09421,RET-09421,Home Loan,4800000.0,9.06,240
LN-HM-09422,RET-09422,Home Loan,940000.0,9.26,300
LN-HM-09423,RET-09423,Home Loan,3730000.0,9.12,240
LN-HM-09424,RET-09424,Home Loan,1880000.0,9.05,120
LN-HM-09425,RET-09425,Home Loan,6250000.0,9.43,120
LN-HM-09426,RET-09426,Vehicle Loan,660000.0,10.95,36
LN-HM-09427,RET-09427,Vehicle Loan,2710000.0,10.83,72
LN-HM-09428,RET-09428,Personal Loan,180000.0,11.24,12
LN-HM-09429,RET-09429,Vehicle Loan,1830000.0,9.7,36
LN-HM-09430,RET-09430,Home Loan,2490000.0,9.11,240
LN-HM-09431,RET-09431,Home Loan,4980000.0,8.99,240
LN-HM-09432,RET-09432,Home Loan,4840000.0,8.51,240
LN-HM-09433,RET-09433,Home Loan,1670000.0,9.49,180
LN-HM-09434,RET-09434,Vehicle Loan,2660000.0,9.6,84
LN-HM-09435,RET-09435,Vehicle Loan,1680000.0,9.21,60
LN-HM-09436,RET-09436,Home Loan,4140000.0,8.79,300
LN-HM-09437,RET-09437,Home Loan,3300000.0,8.66,240
LN-HM-09438,RET-09438,Vehicle Loan,1480000.0,10.93,36
LN-HM-09439,RET-09439,Home Loan,5330000.0,8.94,120
LN-HM-09440,RET-09440,Vehicle Loan,1070000.0,10.68,72
LN-HM-09441,RET-09441,Home Loan,4920000.0,9.48,120
LN-HM-09442,RET-09442,Vehicle Loan,1890000.0,10.97,84
LN-HM-09443,RET-09443,Home Loan,2940000.0,8.56,120
LN-HM-09444,RET-09444,Home Loan,7260000.0,9.0,120
LN-HM-09445,RET-09445,Personal Loan,1430000.0,11.34,36
LN-HM-09446,RET-09446,Vehicle Loan,1250000.0,10.47,60
LN-HM-09447,RET-09447,Home Loan,6050000.0,9.16,300
LN-HM-09448,RET-09448,Personal Loan,770000.0,13.16,36
LN-HM-09449,RET-09449,Vehicle Loan,2140000.0,9.79,36
LN-HM-09450,RET-09450,Home Loan,3890000.0,9.43,120
LN-HM-09451,RET-09451,Home Loan,5440000.0,9.1,180
LN-HM-09452,RET-09452,Personal Loan,530000.0,12.67,60
LN-HM-09453,RET-09453,Personal Loan,150000.0,13.55,24
LN-HM-09454,RET-09454,Home Loan,3360000.0,9.09,300
LN-HM-09455,RET-09455,Home Loan,3030000.0,9.44,120
LN-HM-09456,RET-09456,Home Loan,3680000.0,9.43,120
LN-HM-09457,RET-09457,Home Loan,940000.0,9.28,120
LN-HM-09458,RET-09458,Personal Loan,2990000.0,13.52,36
LN-HM-09459,RET-09459,Home Loan,3330000.0,8.92,240
LN-HM-09460,RET-09460,Personal Loan,2340000.0,11.27,24
LN-HM-09461,RET-09461,Personal Loan,190000.0,13.52,60
LN-HM-09462,RET-09462,Home Loan,4440000.0,8.77,180
LN-HM-09463,RET-09463,Vehicle Loan,1110000.0,9.74,36
LN-HM-09464,RET-09464,Personal Loan,560000.0,12.78,24
LN-HM-09465,RET-09465,Vehicle Loan,1060000.0,10.32,84
LN-HM-09466,RET-09466,Home Loan,1270000.0,8.97,120
LN-HM-09467,RET-09467,Home Loan,3690000.0,9.06,240
LN-HM-09468,RET-09468,Vehicle Loan,790000.0,9.57,84
LN-HM-09469,RET-09469,Personal Loan,260000.0,12.69,24
LN-HM-09470,RET-09470,Home Loan,3570000.0,8.94,120
LN-HM-09471,RET-09471,Vehicle Loan,670000.0,10.43,36
LN-HM-09472,RET-09472,Home Loan,2560000.0,9.15,300
LN-HM-09473,RET-09473,Home Loan,6710000.0,9.24,120
LN-HM-09474,RET-09474,Home Loan,3530000.0,8.65,240
LN-HM-09475,RET-09475,Personal Loan,450000.0,13.06,60
LN-HM-09476,RET-09476,Home Loan,2340000.0,9.13,240
LN-HM-09477,RET-09477,Home Loan,2140000.0,8.54,240
LN-HM-09478,RET-09478,Home Loan,4030000.0,8.81,300
LN-HM-09479,RET-09479,Home Loan,4500000.0,9.23,240
LN-HM-09480,RET-09480,Home Loan,4760000.0,9.44,120
LN-HM-09481,RET-09481,Home Loan,3530000.0,8.66,300
LN-HM-09482,RET-09482,Personal Loan,1200000.0,11.27,36
LN-HM-09483,RET-09483,Home Loan,2650000.0,8.55,300
LN-HM-09484,RET-09484,Personal Loan,800000.0,13.45,36
LN-HM-09485,RET-09485,Home Loan,6890000.0,9.48,240
LN-HM-09486,RET-09486,Home Loan,3040000.0,9.05,300
LN-HM-09487,RET-09487,Personal Loan,1520000.0,12.6,12
LN-HM-09488,RET-09488,Home Loan,4890000.0,8.74,240
LN-HM-09489,RET-09489,Home Loan,2050000.0,8.63,120
LN-HM-09490,RET-09490,Personal Loan,1160000.0,13.83,36
LN-HM-09491,RET-09491,Home Loan,2640000.0,9.01,180
LN-HM-09492,RET-09492,Home Loan,4640000.0,9.23,120
LN-HM-09493,RET-09493,Vehicle Loan,710000.0,9.93,48
LN-HM-09494,RET-09494,Personal Loan,650000.0,12.75,24
LN-HM-09495,RET-09495,Vehicle Loan,1090000.0,9.83,36
LN-HM-09496,RET-09496,Home Loan,3220000.0,9.13,240
LN-HM-09497,RET-09497,Home Loan,4040000.0,8.69,180
LN-HM-09498,RET-09498,Home Loan,1730000.0,8.87,180
LN-HM-09499,RET-09499,Home Loan,1320000.0,9.3,120
LN-HM-09500,RET-09500,Personal Loan,890000.0,12.08,36
LN-HM-09501,RET-09501,Home Loan,5940000.0,8.88,180
LN-HM-09502,RET-09502,Vehicle Loan,1740000.0,9.13,36
LN-HM-09503,RET-09503,Personal Loan,1020000.0,11.17,60
LN-HM-09504,RET-09504,Home Loan,2350000.0,8.85,300
LN-HM-09505,RET-09505,Personal Loan,460000.0,13.4,36
LN-HM-09506,RET-09506,Home Loan,2200000.0,8.61,300
LN-HM-09507,RET-09507,Personal Loan,730000.0,12.06,60
LN-HM-09508,RET-09508,Personal Loan,610000.0,13.34,24
LN-HM-09509,RET-09509,Personal Loan,270000.0,11.04,48
LN-HM-09510,RET-09510,Home Loan,10700000.0,9.33,180
LN-HM-09511,RET-09511,Home Loan,1440000.0,8.97,240
LN-HM-09512,RET-09512,Vehicle Loan,3690000.0,9.01,60
LN-HM-09513,RET-09513,Home Loan,2330000.0,8.93,300
LN-HM-09514,RET-09514,Home Loan,2080000.0,9.31,300
LN-HM-09515,RET-09515,Personal Loan,460000.0,11.01,12
LN-HM-09516,RET-09516,Home Loan,3170000.0,8.58,240
LN-HM-09517,RET-09517,Personal Loan,470000.0,12.2,12
LN-HM-09518,RET-09518,Personal Loan,460000.0,11.27,12
LN-HM-09519,RET-09519,Home Loan,3850000.0,9.31,300
LN-HM-09520,RET-09520,Home Loan,2140000.0,9.03,120
LN-HM-09521,RET-09521,Personal Loan,1380000.0,13.1,12
LN-HM-09522,RET-09522,Home Loan,8160000.0,8.67,180
LN-HM-09523,RET-09523,Home Loan,1300000.0,8.62,300
LN-HM-09524,RET-09524,Personal Loan,1860000.0,12.37,24
LN-HM-09525,RET-09525,Home Loan,5670000.0,8.64,240
LN-HM-09526,RET-09526,Home Loan,2770000.0,8.95,180
LN-HM-09527,RET-09527,Home Loan,2640000.0,9.27,300
LN-HM-09528,RET-09528,Home Loan,3600000.0,9.05,180
LN-HM-09529,RET-09529,Vehicle Loan,2430000.0,10.81,36
LN-HM-09530,RET-09530,Home Loan,12640000.0,8.77,300
LN-HM-09531,RET-09531,Personal Loan,2810000.0,13.27,48
LN-HM-09532,RET-09532,Home Loan,1620000.0,9.18,240
LN-HM-09533,RET-09533,Vehicle Loan,1120000.0,9.92,84
LN-HM-09534,RET-09534,Home Loan,3100000.0,9.0,300
LN-HM-09535,RET-09535,Home Loan,6970000.0,9.46,120
LN-HM-09536,RET-09536,Home Loan,3110000.0,9.34,240
LN-HM-09537,RET-09537,Vehicle Loan,630000.0,9.98,48
LN-HM-09538,RET-09538,Home Loan,4260000.0,9.49,180
LN-HM-09539,RET-09539,Personal Loan,350000.0,11.34,60
LN-HM-09540,RET-09540,Vehicle Loan,1620000.0,9.6,60
LN-HM-09541,RET-09541,Personal Loan,3100000.0,11.86,24
LN-HM-09542,RET-09542,Personal Loan,1100000.0,11.26,36
LN-HM-09543,RET-09543,Personal Loan,1590000.0,12.41,48
LN-HM-09544,RET-09544,Vehicle Loan,2030000.0,9.15,48
LN-HM-09545,RET-09545,Personal Loan,740000.0,11.47,60
LN-HM-09546,RET-09546,Personal Loan,770000.0,12.36,60
LN-HM-09547,RET-09547,Home Loan,2050000.0,9.31,180
LN-HM-09548,RET-09548,Vehicle Loan,1520000.0,10.43,48
LN-HM-09549,RET-09549,Personal Loan,1180000.0,11.87,24
LN-HM-09550,RET-09550,Personal Loan,580000.0,13.92,60
LN-HM-09551,RET-09551,Personal Loan,1720000.0,13.12,24
LN-HM-09552,RET-09552,Vehicle Loan,620000.0,9.76,48
LN-HM-09553,RET-09553,Vehicle Loan,390000.0,10.63,36
LN-HM-09554,RET-09554,Home Loan,2360000.0,8.98,240
LN-HM-09555,RET-09555,Home Loan,4040000.0,9.36,120
LN-HM-09556,RET-09556,Home Loan,5930000.0,8.68,120
LN-HM-09557,RET-09557,Personal Loan,860000.0,13.19,60
LN-HM-09558,RET-09558,Home Loan,1800000.0,9.42,120
LN-HM-09559,RET-09559,Home Loan,1360000.0,8.54,240
LN-HM-09560,RET-09560,Personal Loan,1350000.0,12.07,48
LN-HM-09561,RET-09561,Personal Loan,980000.0,11.15,60
LN-HM-09562,RET-09562,Personal Loan,880000.0,11.32,12
LN-HM-09563,RET-09563,Home Loan,2020000.0,9.4,240
LN-HM-09564,RET-09564,Personal Loan,450000.0,13.86,36
LN-HM-09565,RET-09565,Vehicle Loan,1690000.0,9.73,48
LN-HM-09566,RET-09566,Vehicle Loan,3550000.0,9.87,36
LN-HM-09567,RET-09567,Home Loan,3370000.0,8.69,240
LN-HM-09568,RET-09568,Home Loan,2930000.0,9.38,120
LN-HM-09569,RET-09569,Home Loan,3010000.0,9.14,120
LN-HM-09570,RET-09570,Vehicle Loan,580000.0,10.29,60
LN-HM-09571,RET-09571,Vehicle Loan,560000.0,9.09,36
LN-HM-09572,RET-09572,Home Loan,8620000.0,8.7,180
LN-HM-09573,RET-09573,Personal Loan,670000.0,13.69,12
LN-HM-09574,RET-09574,Personal Loan,1930000.0,12.1,48
LN-HM-09575,RET-09575,Home Loan,1350000.0,9.35,300
LN-HM-09576,RET-09576,Home Loan,1860000.0,9.15,300
LN-HM-09577,RET-09577,Personal Loan,1090000.0,11.02,48
LN-HM-09578,RET-09578,Vehicle Loan,630000.0,10.57,84
LN-HM-09579,RET-09579,Home Loan,1740000.0,8.93,120
LN-HM-09580,RET-09580,Personal Loan,420000.0,11.37,12
LN-HM-09581,RET-09581,Home Loan,2640000.0,9.31,180
LN-HM-09582,RET-09582,Home Loan,4320000.0,9.03,120
LN-HM-09583,RET-09583,Vehicle Loan,3420000.0,9.66,60
LN-HM-09584,RET-09584,Personal Loan,520000.0,13.37,60
LN-HM-09585,RET-09585,Vehicle Loan,450000.0,10.77,60
LN-HM-09586,RET-09586,Vehicle Loan,550000.0,10.79,48
LN-HM-09587,RET-09587,Personal Loan,530000.0,13.26,12
LN-HM-09588,RET-09588,Home Loan,3970000.0,8.63,300
LN-HM-09589,RET-09589,Home Loan,1610000.0,9.37,180
LN-HM-09590,RET-09590,Vehicle Loan,620000.0,10.83,36
LN-HM-09591,RET-09591,Home Loan,3920000.0,8.86,300
LN-HM-09592,RET-09592,Home Loan,4190000.0,9.36,180
LN-HM-09593,RET-09593,Personal Loan,490000.0,13.58,12
LN-HM-09594,RET-09594,Personal Loan,1150000.0,11.31,36
LN-HM-09595,RET-09595,Home Loan,1160000.0,8.66,240
LN-HM-09596,RET-09596,Home Loan,2900000.0,9.22,300
LN-HM-09597,RET-09597,Home Loan,2500000.0,8.9,300
LN-HM-09598,RET-09598,Vehicle Loan,1380000.0,9.46,84
LN-HM-09599,RET-09599,Vehicle Loan,2310000.0,9.18,84
LN-HM-09600,RET-09600,Home Loan,2370000.0,9.1,120
LN-HM-09601,RET-09601,Home Loan,2480000.0,8.92,120
LN-HM-09602,RET-09602,Vehicle Loan,290000.0,9.21,84
LN-HM-09603,RET-09603,Home Loan,8440000.0,9.32,120
LN-HM-09604,RET-09604,Home Loan,1290000.0,8.66,180
LN-HM-09605,RET-09605,Personal Loan,600000.0,12.59,36
LN-HM-09606,RET-09606,Home Loan,820000.0,8.64,300
LN-HM-09607,RET-09607,Personal Loan,530000.0,13.1,60
LN-HM-09608,RET-09608,Personal Loan,1730000.0,13.71,12
LN-HM-09609,RET-09609,Vehicle Loan,2580000.0,10.34,84
LN-HM-09610,RET-09610,Personal Loan,1690000.0,11.72,36
LN-HM-09611,RET-09611,Personal Loan,340000.0,11.48,24
LN-HM-09612,RET-09612,Personal Loan,1690000.0,12.9,36
LN-HM-09613,RET-09613,Personal Loan,710000.0,11.23,60
LN-HM-09614,RET-09614,Home Loan,4050000.0,9.21,180
LN-HM-09615,RET-09615,Home Loan,16890000.0,9.13,120
LN-HM-09616,RET-09616,Personal Loan,1000000.0,12.8,24
LN-HM-09617,RET-09617,Personal Loan,590000.0,12.65,36
LN-HM-09618,RET-09618,Home Loan,4930000.0,9.24,120
LN-HM-09619,RET-09619,Home Loan,5790000.0,9.3,240
LN-HM-09620,RET-09620,Personal Loan,1410000.0,11.73,60
LN-HM-09621,RET-09621,Vehicle Loan,2190000.0,9.8,48
LN-HM-09622,RET-09622,Personal Loan,1060000.0,11.11,60
LN-HM-09623,RET-09623,Personal Loan,4420000.0,11.07,12
LN-HM-09624,RET-09624,Home Loan,1780000.0,9.22,180
LN-HM-09625,RET-09625,Home Loan,3890000.0,9.47,300
LN-HM-09626,RET-09626,Home Loan,5730000.0,9.44,240
LN-HM-09627,RET-09627,Home Loan,2240000.0,9.47,180
LN-HM-09628,RET-09628,Vehicle Loan,820000.0,9.09,60
LN-HM-09629,RET-09629,Vehicle Loan,3720000.0,10.92,72
LN-HM-09630,RET-09630,Personal Loan,300000.0,11.25,60
LN-HM-09631,RET-09631,Personal Loan,340000.0,11.96,48
LN-HM-09632,RET-09632,Personal Loan,370000.0,13.07,24
LN-HM-09633,RET-09633,Vehicle Loan,470000.0,10.24,84
LN-HM-09634,RET-09634,Personal Loan,490000.0,13.46,12
LN-HM-09635,RET-09635,Home Loan,1520000.0,8.95,180
LN-HM-09636,RET-09636,Home Loan,3210000.0,8.65,240
LN-HM-09637,RET-09637,Personal Loan,1820000.0,13.35,60
LN-HM-09638,RET-09638,Home Loan,1670000.0,9.14,300
LN-HM-09639,RET-09639,Home Loan,6320000.0,9.35,120
LN-HM-09640,RET-09640,Home Loan,5690000.0,9.29,120
LN-HM-09641,RET-09641,Vehicle Loan,260000.0,10.02,84
LN-HM-09642,RET-09642,Home Loan,2990000.0,8.81,240
LN-HM-09643,RET-09643,Home Loan,2050000.0,9.47,240
LN-HM-09644,RET-09644,Vehicle Loan,1810000.0,10.69,84
LN-HM-09645,RET-09645,Home Loan,5200000.0,8.88,300
LN-HM-09646,RET-09646,Vehicle Loan,1670000.0,10.68,36
LN-HM-09647,RET-09647,Vehicle Loan,590000.0,10.93,48
LN-HM-09648,RET-09648,Home Loan,2880000.0,9.46,180
LN-HM-09649,RET-09649,Vehicle Loan,340000.0,9.14,84
LN-HM-09650,RET-09650,Personal Loan,1020000.0,11.08,36
LN-HM-09651,RET-09651,Vehicle Loan,930000.0,9.19,84
LN-HM-09652,RET-09652,Home Loan,4030000.0,9.04,180
LN-HM-09653,RET-09653,Home Loan,6220000.0,9.41,120
LN-HM-09654,RET-09654,Home Loan,2050000.0,8.91,300
LN-HM-09655,RET-09655,Vehicle Loan,940000.0,9.91,48
LN-HM-09656,RET-09656,Home Loan,3720000.0,9.17,300
LN-HM-09657,RET-09657,Home Loan,1470000.0,9.16,240
LN-HM-09658,RET-09658,Home Loan,1590000.0,8.74,120
LN-HM-09659,RET-09659,Personal Loan,220000.0,12.85,36
LN-HM-09660,RET-09660,Vehicle Loan,1020000.0,9.17,72
LN-HM-09661,RET-09661,Personal Loan,750000.0,12.81,12
LN-HM-09662,RET-09662,Personal Loan,470000.0,12.27,60
LN-HM-09663,RET-09663,Personal Loan,1320000.0,13.62,36
LN-HM-09664,RET-09664,Home Loan,5150000.0,8.52,240
LN-HM-09665,RET-09665,Personal Loan,840000.0,13.29,60
LN-HM-09666,RET-09666,Home Loan,5560000.0,9.11,300
LN-HM-09667,RET-09667,Personal Loan,870000.0,11.8,24
LN-HM-09668,RET-09668,Personal Loan,710000.0,11.72,12
LN-HM-09669,RET-09669,Home Loan,5440000.0,9.11,240
LN-HM-09670,RET-09670,Home Loan,4310000.0,9.06,240
LN-HM-09671,RET-09671,Personal Loan,1350000.0,13.6,12
LN-HM-09672,RET-09672,Home Loan,2310000.0,8.7,300
LN-HM-09673,RET-09673,Personal Loan,580000.0,13.13,60
LN-HM-09674,RET-09674,Personal Loan,1200000.0,12.5,24
LN-HM-09675,RET-09675,Personal Loan,550000.0,13.65,60
LN-HM-09676,RET-09676,Home Loan,6440000.0,8.94,240
LN-HM-09677,RET-09677,Vehicle Loan,960000.0,9.46,60
LN-HM-09678,RET-09678,Home Loan,3780000.0,9.43,300
LN-HM-09679,RET-09679,Home Loan,1940000.0,8.99,120
LN-HM-09680,RET-09680,Home Loan,4730000.0,9.12,240
LN-HM-09681,RET-09681,Personal Loan,1790000.0,11.86,24
LN-HM-09682,RET-09682,Personal Loan,710000.0,11.34,60
LN-HM-09683,RET-09683,Vehicle Loan,390000.0,9.52,48
LN-HM-09684,RET-09684,Personal Loan,820000.0,12.85,48
LN-HM-09685,RET-09685,Home Loan,6020000.0,8.72,300
LN-HM-09686,RET-09686,Home Loan,1340000.0,8.71,240
LN-HM-09687,RET-09687,Personal Loan,560000.0,11.21,24
LN-HM-09688,RET-09688,Home Loan,1820000.0,9.24,180
LN-HM-09689,RET-09689,Personal Loan,430000.0,11.29,48
LN-HM-09690,RET-09690,Vehicle Loan,2510000.0,10.02,60
LN-HM-09691,RET-09691,Personal Loan,1390000.0,13.5,60
LN-HM-09692,RET-09692,Vehicle Loan,1140000.0,10.25,72
LN-HM-09693,RET-09693,Vehicle Loan,2330000.0,10.6,60
LN-HM-09694,RET-09694,Vehicle Loan,1800000.0,9.69,60
LN-HM-09695,RET-09695,Personal Loan,370000.0,13.12,36
LN-HM-09696,RET-09696,Personal Loan,860000.0,11.93,36
LN-HM-09697,RET-09697,Personal Loan,2080000.0,13.92,60
LN-HM-09698,RET-09698,Home Loan,3050000.0,8.92,240
LN-HM-09699,RET-09699,Vehicle Loan,290000.0,9.69,60
LN-HM-09700,RET-09700,Home Loan,1220000.0,9.28,180
LN-HM-09701,RET-09701,Home Loan,4640000.0,9.18,240
LN-HM-09702,RET-09702,Home Loan,2820000.0,9.04,180
LN-HM-09703,RET-09703,Home Loan,8030000.0,8.62,180
LN-HM-09704,RET-09704,Personal Loan,3180000.0,11.78,60
LN-HM-09705,RET-09705,Vehicle Loan,1240000.0,9.87,84
LN-HM-09706,RET-09706,Home Loan,1750000.0,8.51,300
LN-HM-09707,RET-09707,Home Loan,1750000.0,8.75,300
LN-HM-09708,RET-09708,Personal Loan,1410000.0,11.67,24
LN-HM-09709,RET-09709,Home Loan,2190000.0,9.0,180
LN-HM-09710,RET-09710,Personal Loan,660000.0,12.9,24
LN-HM-09711,RET-09711,Home Loan,2280000.0,8.66,180
LN-HM-09712,RET-09712,Home Loan,2880000.0,9.04,240
LN-HM-09713,RET-09713,Home Loan,2730000.0,8.92,300
LN-HM-09714,RET-09714,Personal Loan,240000.0,13.05,36
LN-HM-09715,RET-09715,Home Loan,1360000.0,9.35,120
LN-HM-09716,RET-09716,Vehicle Loan,1600000.0,10.41,36
LN-HM-09717,RET-09717,Home Loan,6430000.0,8.96,120
LN-HM-09718,RET-09718,Personal Loan,530000.0,13.11,12
LN-HM-09719,RET-09719,Personal Loan,970000.0,13.52,12
LN-HM-09720,RET-09720,Home Loan,2820000.0,8.91,300
LN-HM-09721,RET-09721,Vehicle Loan,3300000.0,10.02,60
LN-HM-09722,RET-09722,Home Loan,1410000.0,9.5,120
LN-HM-09723,RET-09723,Personal Loan,340000.0,13.26,60
LN-HM-09724,RET-09724,Home Loan,3160000.0,9.12,300
LN-HM-09725,RET-09725,Home Loan,3400000.0,8.69,120
LN-HM-09726,RET-09726,Vehicle Loan,1280000.0,9.57,84
LN-HM-09727,RET-09727,Personal Loan,300000.0,13.73,36
LN-HM-09728,RET-09728,Vehicle Loan,2370000.0,9.43,60
LN-HM-09729,RET-09729,Home Loan,3040000.0,8.5,180
LN-HM-09730,RET-09730,Personal Loan,1100000.0,11.3,24
LN-HM-09731,RET-09731,Vehicle Loan,2680000.0,10.94,36
LN-HM-09732,RET-09732,Personal Loan,270000.0,11.61,48
LN-HM-09733,RET-09733,Personal Loan,150000.0,11.18,48
LN-HM-09734,RET-09734,Home Loan,4160000.0,9.32,120
LN-HM-09735,RET-09735,Personal Loan,200000.0,11.79,48
LN-HM-09736,RET-09736,Home Loan,2710000.0,9.32,240
LN-HM-09737,RET-09737,Vehicle Loan,790000.0,9.77,48
LN-HM-09738,RET-09738,Personal Loan,610000.0,12.71,24
LN-HM-09739,RET-09739,Home Loan,2070000.0,9.46,240
LN-HM-09740,RET-09740,Vehicle Loan,1680000.0,9.54,72
LN-HM-09741,RET-09741,Personal Loan,320000.0,13.59,36
LN-HM-09742,RET-09742,Personal Loan,260000.0,11.91,60
LN-HM-09743,RET-09743,Home Loan,4230000.0,9.24,240
LN-HM-09744,RET-09744,Home Loan,2740000.0,9.27,120
LN-HM-09745,RET-09745,Home Loan,4920000.0,8.98,240
LN-HM-09746,RET-09746,Home Loan,10110000.0,8.88,300
LN-HM-09747,RET-09747,Home Loan,7080000.0,8.65,120
LN-HM-09748,RET-09748,Home Loan,5020000.0,8.63,120
LN-HM-09749,RET-09749,Home Loan,4350000.0,9.42,120
LN-HM-09750,RET-09750,Home Loan,3910000.0,8.99,120
LN-HM-09751,RET-09751,Home Loan,5540000.0,9.3,240
LN-HM-09752,RET-09752,Home Loan,3500000.0,8.74,120
LN-HM-09753,RET-09753,Home Loan,1720000.0,9.31,180
LN-HM-09754,RET-09754,Vehicle Loan,480000.0,10.54,72
LN-HM-09755,RET-09755,Personal Loan,1830000.0,12.25,48
LN-HM-09756,RET-09756,Vehicle Loan,680000.0,9.25,72
LN-HM-09757,RET-09757,Vehicle Loan,4380000.0,10.64,36
LN-HM-09758,RET-09758,Home Loan,2170000.0,8.98,300
LN-HM-09759,RET-09759,Home Loan,7140000.0,8.99,120
LN-HM-09760,RET-09760,Home Loan,2640000.0,8.8,300
LN-HM-09761,RET-09761,Vehicle Loan,940000.0,10.5,84
LN-HM-09762,RET-09762,Vehicle Loan,460000.0,9.45,48
LN-HM-09763,RET-09763,Personal Loan,310000.0,13.21,48
LN-HM-09764,RET-09764,Home Loan,7030000.0,8.71,300
LN-HM-09765,RET-09765,Personal Loan,470000.0,12.36,24
LN-HM-09766,RET-09766,Vehicle Loan,2010000.0,10.36,84
LN-HM-09767,RET-09767,Home Loan,2180000.0,9.38,300
LN-HM-09768,RET-09768,Home Loan,5050000.0,8.78,120
LN-HM-09769,RET-09769,Personal Loan,540000.0,12.34,60
LN-HM-09770,RET-09770,Personal Loan,520000.0,12.65,60
LN-HM-09771,RET-09771,Personal Loan,1040000.0,11.17,12
LN-HM-09772,RET-09772,Personal Loan,1590000.0,11.78,60
LN-HM-09773,RET-09773,Home Loan,5090000.0,9.19,180
LN-HM-09774,RET-09774,Vehicle Loan,800000.0,9.62,72
LN-HM-09775,RET-09775,Personal Loan,150000.0,11.27,12
LN-HM-09776,RET-09776,Vehicle Loan,480000.0,9.01,60
LN-HM-09777,RET-09777,Personal Loan,280000.0,13.68,60
LN-HM-09778,RET-09778,Vehicle Loan,1120000.0,10.47,48
LN-HM-09779,RET-09779,Vehicle Loan,2580000.0,9.83,60
LN-HM-09780,RET-09780,Personal Loan,780000.0,11.67,60
LN-HM-09781,RET-09781,Personal Loan,280000.0,13.04,36
LN-HM-09782,RET-09782,Home Loan,1220000.0,9.34,240
LN-HM-09783,RET-09783,Home Loan,2030000.0,8.81,120
LN-HM-09784,RET-09784,Personal Loan,340000.0,11.96,60
LN-HM-09785,RET-09785,Home Loan,2750000.0,8.78,180
LN-HM-09786,RET-09786,Home Loan,940000.0,8.89,240
LN-HM-09787,RET-09787,Vehicle Loan,340000.0,9.62,72
LN-HM-09788,RET-09788,Home Loan,3330000.0,8.57,300
LN-HM-09789,RET-09789,Vehicle Loan,1890000.0,10.86,60
LN-HM-09790,RET-09790,Vehicle Loan,370000.0,10.67,72
LN-HM-09791,RET-09791,Home Loan,2720000.0,9.26,180
LN-HM-09792,RET-09792,Home Loan,7380000.0,8.99,240
LN-HM-09793,RET-09793,Vehicle Loan,2270000.0,9.24,48
LN-HM-09794,RET-09794,Personal Loan,320000.0,12.44,60
LN-HM-09795,RET-09795,Personal Loan,1070000.0,12.32,24
LN-HM-09796,RET-09796,Personal Loan,770000.0,12.57,12
LN-HM-09797,RET-09797,Home Loan,3970000.0,9.46,300
LN-HM-09798,RET-09798,Personal Loan,660000.0,11.95,12
LN-HM-09799,RET-09799,Home Loan,4240000.0,8.51,240
LN-HM-09800,RET-09800,Home Loan,2120000.0,8.79,300
LN-HM-09801,RET-09801,Home Loan,2120000.0,9.24,240
LN-HM-09802,RET-09802,Home Loan,1950000.0,9.37,300
LN-HM-09803,RET-09803,Home Loan,4510000.0,8.83,120
LN-HM-09804,RET-09804,Home Loan,14600000.0,9.48,180
LN-HM-09805,RET-09805,Home Loan,19210000.0,9.39,300
LN-HM-09806,RET-09806,Personal Loan,380000.0,13.58,36
LN-HM-09807,RET-09807,Home Loan,6040000.0,8.68,300
LN-HM-09808,RET-09808,Vehicle Loan,620000.0,9.12,72
LN-HM-09809,RET-09809,Home Loan,4740000.0,8.93,300
LN-HM-09810,RET-09810,Home Loan,1610000.0,9.42,300
LN-HM-09811,RET-09811,Home Loan,3230000.0,9.32,180
LN-HM-09812,RET-09812,Vehicle Loan,6020000.0,10.41,60
LN-HM-09813,RET-09813,Vehicle Loan,1050000.0,9.08,60
LN-HM-09814,RET-09814,Home Loan,2940000.0,9.19,300
LN-HM-09815,RET-09815,Home Loan,1760000.0,8.85,180
LN-HM-09816,RET-09816,Home Loan,2360000.0,8.8,120
LN-HM-09817,RET-09817,Home Loan,1650000.0,8.58,120
LN-HM-09818,RET-09818,Home Loan,4770000.0,9.28,120
LN-HM-09819,RET-09819,Home Loan,2930000.0,8.72,300
LN-HM-09820,RET-09820,Home Loan,4080000.0,8.78,240
LN-HM-09821,RET-09821,Home Loan,2990000.0,8.65,240
LN-HM-09822,RET-09822,Home Loan,2130000.0,9.34,120
LN-HM-09823,RET-09823,Vehicle Loan,520000.0,9.6,36
LN-HM-09824,RET-09824,Home Loan,3960000.0,8.74,300
LN-HM-09825,RET-09825,Vehicle Loan,780000.0,9.89,36
LN-HM-09826,RET-09826,Vehicle Loan,770000.0,9.87,84
LN-HM-09827,RET-09827,Personal Loan,860000.0,13.08,36
LN-HM-09828,RET-09828,Home Loan,10400000.0,9.49,300
LN-HM-09829,RET-09829,Vehicle Loan,2960000.0,9.26,36
LN-HM-09830,RET-09830,Vehicle Loan,1240000.0,10.99,60
LN-HM-09831,RET-09831,Home Loan,1770000.0,9.39,300
LN-HM-09832,RET-09832,Home Loan,3270000.0,9.28,240
LN-HM-09833,RET-09833,Home Loan,7580000.0,8.98,180
LN-HM-09834,RET-09834,Personal Loan,570000.0,11.91,12
LN-HM-09835,RET-09835,Personal Loan,530000.0,11.14,36
LN-HM-09836,RET-09836,Home Loan,1790000.0,9.16,240
LN-HM-09837,RET-09837,Personal Loan,310000.0,11.63,12
LN-HM-09838,RET-09838,Personal Loan,1440000.0,13.21,12
LN-HM-09839,RET-09839,Home Loan,3700000.0,9.38,120
LN-HM-09840,RET-09840,Home Loan,5500000.0,8.75,300
LN-HM-09841,RET-09841,Home Loan,1300000.0,8.83,180
LN-HM-09842,RET-09842,Home Loan,12820000.0,9.34,180
LN-HM-09843,RET-09843,Home Loan,2850000.0,9.3,240
LN-HM-09844,RET-09844,Personal Loan,300000.0,11.31,36
LN-HM-09845,RET-09845,Personal Loan,1260000.0,13.05,36
LN-HM-09846,RET-09846,Home Loan,2900000.0,9.02,240
LN-HM-09847,RET-09847,Home Loan,2320000.0,9.12,180
LN-HM-09848,RET-09848,Home Loan,3250000.0,8.93,120
LN-HM-09849,RET-09849,Home Loan,2180000.0,8.86,120
LN-HM-09850,RET-09850,Vehicle Loan,990000.0,9.52,84
LN-HM-09851,RET-09851,Vehicle Loan,480000.0,9.17,84
LN-HM-09852,RET-09852,Personal Loan,900000.0,13.46,60
LN-HM-09853,RET-09853,Personal Loan,760000.0,11.6,36
LN-HM-09854,RET-09854,Personal Loan,1140000.0,12.26,60
LN-HM-09855,RET-09855,Home Loan,4000000.0,9.11,300
LN-HM-09856,RET-09856,Home Loan,3640000.0,8.51,300
LN-HM-09857,RET-09857,Personal Loan,540000.0,13.3,48
LN-HM-09858,RET-09858,Home Loan,960000.0,8.76,240
LN-HM-09859,RET-09859,Personal Loan,260000.0,13.49,36
LN-HM-09860,RET-09860,Personal Loan,550000.0,13.58,24
LN-HM-09861,RET-09861,Home Loan,4710000.0,8.67,240
LN-HM-09862,RET-09862,Home Loan,5390000.0,9.26,180
LN-HM-09863,RET-09863,Personal Loan,1830000.0,12.74,36
LN-HM-09864,RET-09864,Personal Loan,520000.0,13.8,12
LN-HM-09865,RET-09865,Vehicle Loan,1420000.0,9.88,60
LN-HM-09866,RET-09866,Vehicle Loan,1150000.0,9.34,48
LN-HM-09867,RET-09867,Home Loan,2630000.0,9.49,120
LN-HM-09868,RET-09868,Personal Loan,890000.0,12.11,60
LN-HM-09869,RET-09869,Personal Loan,360000.0,11.32,12
LN-HM-09870,RET-09870,Home Loan,3220000.0,9.1,240
LN-HM-09871,RET-09871,Vehicle Loan,1100000.0,9.93,48
LN-HM-09872,RET-09872,Home Loan,3830000.0,9.24,240
LN-HM-09873,RET-09873,Home Loan,1230000.0,9.22,300
LN-HM-09874,RET-09874,Home Loan,2630000.0,8.91,240
LN-HM-09875,RET-09875,Home Loan,1920000.0,9.14,300
LN-HM-09876,RET-09876,Vehicle Loan,1300000.0,9.42,36
LN-HM-09877,RET-09877,Home Loan,1270000.0,9.01,120
LN-HM-09878,RET-09878,Vehicle Loan,780000.0,9.04,84
LN-HM-09879,RET-09879,Home Loan,3480000.0,8.94,300
LN-HM-09880,RET-09880,Personal Loan,490000.0,13.88,12
LN-HM-09881,RET-09881,Personal Loan,1020000.0,12.32,24
LN-HM-09882,RET-09882,Personal Loan,560000.0,13.01,60
LN-HM-09883,RET-09883,Vehicle Loan,760000.0,10.0,84
LN-HM-09884,RET-09884,Home Loan,6080000.0,9.38,240
LN-HM-09885,RET-09885,Home Loan,2120000.0,8.83,300
LN-HM-09886,RET-09886,Home Loan,3810000.0,8.7,240
LN-HM-09887,RET-09887,Personal Loan,620000.0,13.64,12
LN-HM-09888,RET-09888,Home Loan,1510000.0,9.38,120
LN-HM-09889,RET-09889,Home Loan,2370000.0,9.25,180
LN-HM-09890,RET-09890,Personal Loan,1850000.0,13.82,24
LN-HM-09891,RET-09891,Home Loan,10410000.0,8.88,180
LN-HM-09892,RET-09892,Home Loan,4320000.0,8.78,120
LN-HM-09893,RET-09893,Home Loan,2880000.0,9.45,240
LN-HM-09894,RET-09894,Home Loan,6360000.0,8.83,300
LN-HM-09895,RET-09895,Home Loan,4120000.0,9.17,180
LN-HM-09896,RET-09896,Home Loan,4000000.0,9.01,300
LN-HM-09897,RET-09897,Personal Loan,1330000.0,11.03,12
LN-HM-09898,RET-09898,Vehicle Loan,640000.0,10.9,72
LN-HM-09899,RET-09899,Personal Loan,730000.0,13.98,36
LN-HM-09900,RET-09900,Home Loan,2290000.0,8.76,300
LN-HM-09901,RET-09901,Home Loan,1840000.0,9.08,120
LN-HM-09902,RET-09902,Personal Loan,2590000.0,12.89,48
LN-HM-09903,RET-09903,Home Loan,3170000.0,9.31,300
LN-HM-09904,RET-09904,Home Loan,10460000.0,9.31,240
LN-HM-09905,RET-09905,Home Loan,3890000.0,9.49,240
LN-HM-09906,RET-09906,Home Loan,5560000.0,8.74,120
LN-HM-09907,RET-09907,Vehicle Loan,510000.0,10.51,36
LN-HM-09908,RET-09908,Vehicle Loan,1340000.0,10.04,72
LN-HM-09909,RET-09909,Home Loan,3810000.0,8.95,180
LN-HM-09910,RET-09910,Home Loan,3510000.0,8.75,120
LN-HM-09911,RET-09911,Vehicle Loan,950000.0,10.53,72
LN-HM-09912,RET-09912,Personal Loan,720000.0,13.58,36
LN-HM-09913,RET-09913,Personal Loan,430000.0,12.27,12
LN-HM-09914,RET-09914,Vehicle Loan,1160000.0,10.1,72
LN-HM-09915,RET-09915,Home Loan,4090000.0,9.14,240
LN-HM-09916,RET-09916,Home Loan,890000.0,9.22,240
LN-HM-09917,RET-09917,Personal Loan,760000.0,12.42,48
LN-HM-09918,RET-09918,Personal Loan,930000.0,12.15,12
LN-HM-09919,RET-09919,Home Loan,1350000.0,9.46,300
LN-HM-09920,RET-09920,Home Loan,1390000.0,9.2,120
LN-HM-09921,RET-09921,Home Loan,3100000.0,8.72,240
LN-HM-09922,RET-09922,Vehicle Loan,2730000.0,9.77,48
LN-HM-09923,RET-09923,Home Loan,6100000.0,9.47,120
LN-HM-09924,RET-09924,Home Loan,2260000.0,8.9,300
LN-HM-09925,RET-09925,Vehicle Loan,810000.0,9.82,60
LN-HM-09926,RET-09926,Home Loan,6790000.0,9.27,180
LN-HM-09927,RET-09927,Personal Loan,670000.0,12.56,24
LN-HM-09928,RET-09928,Home Loan,1170000.0,8.86,300
LN-HM-09929,RET-09929,Personal Loan,970000.0,12.85,12
LN-HM-09930,RET-09930,Personal Loan,1660000.0,13.82,12
LN-HM-09931,RET-09931,Personal Loan,480000.0,11.2,12
LN-HM-09932,RET-09932,Vehicle Loan,1110000.0,9.65,72
LN-HM-09933,RET-09933,Vehicle Loan,1300000.0,10.36,72
LN-HM-09934,RET-09934,Personal Loan,260000.0,13.04,60
LN-HM-09935,RET-09935,Personal Loan,1000000.0,13.62,12
LN-HM-09936,RET-09936,Home Loan,1500000.0,9.2,300
LN-HM-09937,RET-09937,Home Loan,3590000.0,8.77,180
LN-HM-09938,RET-09938,Home Loan,2870000.0,8.5,300
LN-HM-09939,RET-09939,Vehicle Loan,720000.0,10.78,36
LN-HM-09940,RET-09940,Vehicle Loan,770000.0,10.09,60
LN-HM-09941,RET-09941,Home Loan,1600000.0,9.1,300
LN-HM-09942,RET-09942,Personal Loan,480000.0,12.68,12
LN-HM-09943,RET-09943,Vehicle Loan,630000.0,9.96,84
LN-HM-09944,RET-09944,Personal Loan,910000.0,11.32,36
LN-HM-09945,RET-09945,Home Loan,1240000.0,8.89,240
LN-HM-09946,RET-09946,Personal Loan,370000.0,11.77,48
LN-HM-09947,RET-09947,Home Loan,4630000.0,8.91,240
LN-HM-09948,RET-09948,Home Loan,1730000.0,9.29,180
LN-HM-09949,RET-09949,Home Loan,6530000.0,9.33,300
LN-HM-09950,RET-09950,Home Loan,3840000.0,8.84,120
LN-HM-09951,RET-09951,Personal Loan,370000.0,11.72,36
LN-HM-09952,RET-09952,Home Loan,1760000.0,8.65,120
LN-HM-09953,RET-09953,Home Loan,1840000.0,8.57,120
LN-HM-09954,RET-09954,Home Loan,3500000.0,9.14,120
LN-HM-09955,RET-09955,Home Loan,2970000.0,8.83,180
LN-HM-09956,RET-09956,Vehicle Loan,330000.0,10.28,48
LN-HM-09957,RET-09957,Home Loan,2590000.0,8.65,240
LN-HM-09958,RET-09958,Home Loan,4540000.0,8.73,120
LN-HM-09959,RET-09959,Personal Loan,540000.0,13.57,12
LN-HM-09960,RET-09960,Vehicle Loan,1710000.0,10.91,48
LN-HM-09961,RET-09961,Personal Loan,550000.0,11.64,12
LN-HM-09962,RET-09962,Home Loan,3950000.0,9.23,240
LN-HM-09963,RET-09963,Home Loan,2270000.0,9.46,120
LN-HM-09964,RET-09964,Home Loan,4090000.0,8.56,240
LN-HM-09965,RET-09965,Vehicle Loan,870000.0,10.74,48
LN-HM-09966,RET-09966,Personal Loan,930000.0,11.97,60
LN-HM-09967,RET-09967,Personal Loan,290000.0,13.32,48
LN-HM-09968,RET-09968,Home Loan,4780000.0,9.12,120
LN-HM-09969,RET-09969,Personal Loan,560000.0,12.53,36
LN-HM-09970,RET-09970,Personal Loan,230000.0,13.37,60
LN-HM-09971,RET-09971,Home Loan,4690000.0,9.19,300
LN-HM-09972,RET-09972,Home Loan,10890000.0,8.83,180
LN-HM-09973,RET-09973,Personal Loan,360000.0,13.98,48
LN-HM-09974,RET-09974,Vehicle Loan,480000.0,10.12,36
LN-HM-09975,RET-09975,Vehicle Loan,1450000.0,10.17,48
LN-HM-09976,RET-09976,Home Loan,4580000.0,9.44,120
LN-HM-09977,RET-09977,Personal Loan,520000.0,12.17,48
LN-HM-09978,RET-09978,Vehicle Loan,790000.0,9.99,60
LN-HM-09979,RET-09979,Personal Loan,960000.0,11.91,24
LN-HM-09980,RET-09980,Home Loan,5540000.0,9.1,300
LN-HM-09981,RET-09981,Home Loan,1780000.0,8.57,120
LN-HM-09982,RET-09982,Personal Loan,1540000.0,13.3,12
LN-HM-09983,RET-09983,Personal Loan,820000.0,12.16,24
LN-HM-09984,RET-09984,Personal Loan,380000.0,13.93,48
LN-HM-09985,RET-09985,Home Loan,3990000.0,8.51,240
LN-HM-09986,RET-09986,Personal Loan,260000.0,11.96,60
LN-HM-09987,RET-09987,Vehicle Loan,2100000.0,9.66,48
LN-HM-09988,RET-09988,Home Loan,1700000.0,9.09,120
LN-HM-09989,RET-09989,Personal Loan,640000.0,11.49,36
LN-HM-09990,RET-09990,Personal Loan,1170000.0,12.19,12
LN-HM-09991,RET-09991,Home Loan,9970000.0,8.61,180
LN-HM-09992,RET-09992,Home Loan,13790000.0,9.22,180
LN-HM-09993,RET-09993,Vehicle Loan,1390000.0,9.26,60
LN-HM-09994,RET-09994,Home Loan,5130000.0,9.24,180
LN-HM-09995,RET-09995,Home Loan,5230000.0,8.55,180
LN-HM-09996,RET-09996,Home Loan,1920000.0,8.64,180
LN-HM-09997,RET-09997,Personal Loan,410000.0,13.78,24
LN-HM-09998,RET-09998,Home Loan,8700000.0,9.06,240
LN-HM-09999,RET-09999,Home Loan,3610000.0,8.86,180
LN-HM-10000,RET-10000,Vehicle Loan,3940000.0,9.48,72
