LOAN_ID,SIMULATED_PD,OFFICER_DECISION,DEFAULT_STATUS,CALCULATED_FOIR,CALCULATED_LTV
LN-HM-00001,0.4731,Reject,0,0.5921,0.9105
LN-HM-00002,0.6126,Reject,0,0.8426,0.7273
LN-HM-00003,0.9264,Reject,1,0.6696,0.8012
LN-HM-00004,0.4563,Reject,0,0.7841,0.6724
LN-HM-00005,0.1173,Approve,0,0.4242,0.9082
LN-HM-00006,0.7586,Reject,0,0.7493,0.9219
LN-HM-00007,0.1713,Reject,0,0.6259,0.7021
LN-HM-00008,0.5725,Reject,0,0.6356,0.8934
LN-HM-00009,0.4709,Reject,0,0.6903,0.0
LN-HM-00010,0.5133,Reject,0,0.605,0.8628
LN-HM-00011,0.1105,Reject,0,0.5551,0.0
LN-HM-00012,0.5167,Reject,0,0.8201,0.0
LN-HM-00013,0.6186,Reject,1,0.901,0.7877
LN-HM-00014,0.3002,Review,0,0.5354,0.7168
LN-HM-00015,0.0,Approve,0,0.414,0.0
LN-HM-00016,0.4356,Reject,0,0.3493,0.94
LN-HM-00017,0.6405,Reject,1,0.6957,0.8667
LN-HM-00018,0.2474,Review,0,0.499,0.0
LN-HM-00019,0.44,Reject,0,0.892,0.0
LN-HM-00020,0.1421,Approve,0,0.3394,0.9105
LN-HM-00021,0.429,Reject,1,0.5267,0.7885
LN-HM-00022,0.8909,Reject,1,0.9084,0.8103
LN-HM-00023,0.9361,Reject,1,0.7515,0.8058
LN-HM-00024,0.9054,Reject,1,0.7045,0.8644
LN-HM-00025,0.6847,Reject,1,1.0815,0.7838
LN-HM-00026,0.5432,Reject,1,0.5939,0.0
LN-HM-00027,0.8014,Reject,1,0.5851,0.7091
LN-HM-00028,0.7256,Reject,1,0.8127,0.7957
LN-HM-00029,0.5672,Reject,1,0.7898,0.7245
LN-HM-00030,0.3985,Reject,0,0.6444,0.9212
LN-HM-00031,0.0263,Approve,0,0.2764,0.0
LN-HM-00032,0.61,Reject,1,0.6288,0.9286
LN-HM-00033,0.0899,Approve,0,0.3695,0.9167
LN-HM-00034,0.8357,Reject,1,0.7825,0.7255
LN-HM-00035,0.3134,Review,0,0.527,0.6489
LN-HM-00036,0.8206,Reject,1,0.5621,0.0
LN-HM-00037,0.7411,Reject,1,0.7818,0.8795
LN-HM-00038,0.6298,Reject,1,0.7112,0.0
LN-HM-00039,0.4301,Reject,0,0.6513,0.8065
LN-HM-00040,0.6894,Reject,0,0.8464,0.9432
LN-HM-00041,0.0472,Approve,0,0.2079,0.7105
LN-HM-00042,0.3351,Review,0,0.3654,0.8254
LN-HM-00043,0.0,Approve,0,0.4484,0.0
LN-HM-00044,0.4205,Reject,1,0.603,0.8828
LN-HM-00045,1.0,Reject,1,0.7956,0.9461
LN-HM-00046,0.0,Approve,0,0.4709,0.8955
LN-HM-00047,0.0986,Approve,0,0.4804,0.7861
LN-HM-00048,0.356,Reject,0,0.65,0.7797
LN-HM-00049,0.5963,Reject,1,0.7427,0.8537
LN-HM-00050,0.2628,Review,0,0.502,0.0
LN-HM-00051,0.5489,Reject,1,1.645,0.0
LN-HM-00052,0.3101,Review,0,0.474,0.902
LN-HM-00053,0.2561,Review,1,0.4133,0.0
LN-HM-00054,0.3345,Reject,1,0.6466,0.7032
LN-HM-00055,0.6938,Reject,1,0.8227,0.0
LN-HM-00056,0.0,Approve,0,0.3842,0.0
LN-HM-00057,0.7558,Reject,1,0.5631,0.9269
LN-HM-00058,0.0,Approve,0,0.433,0.0
LN-HM-00059,0.465,Reject,0,0.5837,0.7474
LN-HM-00060,0.3664,Review,0,0.5408,0.8394
LN-HM-00061,0.6963,Reject,1,0.6864,0.9259
LN-HM-00062,0.7161,Reject,1,0.4935,0.9015
LN-HM-00063,0.1495,Approve,0,0.3201,0.8337
LN-HM-00064,0.1299,Approve,0,0.4183,0.8094
LN-HM-00065,0.0,Approve,0,0.4185,0.6683
LN-HM-00066,0.3663,Reject,0,1.5673,0.0
LN-HM-00067,0.231,Review,1,0.5311,0.6691
LN-HM-00068,0.4209,Reject,1,0.772,0.7094
LN-HM-00069,0.662,Reject,0,0.6014,0.8698
LN-HM-00070,0.6421,Reject,0,0.955,0.7514
LN-HM-00071,0.3521,Reject,0,0.5615,0.6809
LN-HM-00072,0.2284,Reject,1,0.6241,0.8273
LN-HM-00073,0.4836,Reject,0,0.7933,0.701
LN-HM-00074,0.4307,Reject,1,0.4363,0.8814
LN-HM-00075,0.6697,Reject,1,0.5552,0.9172
LN-HM-00076,1.0,Reject,1,0.7924,0.9376
LN-HM-00077,0.6642,Reject,0,0.7254,0.8478
LN-HM-00078,0.0,Approve,0,0.3062,0.8247
LN-HM-00079,0.0,Approve,0,0.3524,0.0
LN-HM-00080,0.5622,Reject,1,0.9961,0.0
LN-HM-00081,0.388,Reject,1,0.8769,0.7103
LN-HM-00082,0.4081,Reject,0,0.6303,0.7092
LN-HM-00083,0.0435,Approve,0,0.3965,0.0
LN-HM-00084,0.7831,Reject,1,0.7209,0.6581
LN-HM-00085,0.26,Review,0,0.3847,0.0
LN-HM-00086,0.5844,Reject,0,1.4282,0.0
LN-HM-00087,0.3311,Review,1,0.5382,0.7059
LN-HM-00088,0.0,Approve,0,0.4921,0.0
LN-HM-00089,0.2353,Reject,0,0.5846,0.0
LN-HM-00090,0.5634,Reject,1,0.6784,0.7609
LN-HM-00091,0.0422,Approve,0,0.4173,0.0
LN-HM-00092,0.401,Reject,0,0.5989,0.9011
LN-HM-00093,0.4566,Reject,0,0.6446,0.6587
LN-HM-00094,0.5057,Reject,1,0.5593,0.672
LN-HM-00095,0.2135,Review,0,0.5367,0.6711
LN-HM-00096,0.8717,Reject,1,0.7307,0.7937
LN-HM-00097,0.5956,Reject,1,1.369,0.0
LN-HM-00098,0.4438,Reject,0,0.746,0.7962
LN-HM-00099,0.5126,Reject,1,0.4476,0.7295
LN-HM-00100,0.6431,Reject,1,0.8285,0.8172
LN-HM-00101,0.675,Reject,1,0.7253,0.806
LN-HM-00102,0.2183,Reject,0,0.6409,0.9259
LN-HM-00103,0.0129,Approve,0,0.4304,0.7386
LN-HM-00104,0.8165,Reject,0,0.626,0.8826
LN-HM-00105,0.1604,Approve,0,0.4711,0.7292
LN-HM-00106,0.0906,Approve,0,0.3676,0.0
LN-HM-00107,0.0,Approve,0,0.4122,0.6818
LN-HM-00108,0.0,Approve,0,0.4429,0.7892
LN-HM-00109,0.0,Approve,0,0.3857,0.0
LN-HM-00110,0.5978,Reject,0,0.5568,0.0
LN-HM-00111,0.0,Approve,0,0.3948,0.7935
LN-HM-00112,0.5609,Reject,0,0.5479,0.7547
LN-HM-00113,0.573,Reject,0,0.7141,0.9108
LN-HM-00114,0.4735,Reject,0,0.6422,0.7687
LN-HM-00115,0.024,Approve,0,0.4178,0.0
LN-HM-00116,0.9096,Reject,1,0.6573,0.864
LN-HM-00117,0.642,Reject,0,0.7533,0.8074
LN-HM-00118,0.5801,Reject,1,0.5113,0.0
LN-HM-00119,0.5013,Reject,0,0.5977,0.6835
LN-HM-00120,0.4418,Reject,0,0.7003,0.0
LN-HM-00121,0.511,Reject,0,0.6206,0.7403
LN-HM-00122,0.0,Approve,0,0.4985,0.8258
LN-HM-00123,0.2118,Reject,0,0.5605,0.7398
LN-HM-00124,0.2537,Reject,0,0.6215,0.7471
LN-HM-00125,0.4347,Reject,1,0.885,0.7333
LN-HM-00126,0.0,Approve,0,0.4499,0.0
LN-HM-00127,0.5105,Reject,1,0.677,0.0
LN-HM-00128,0.42,Reject,0,0.7399,0.7487
LN-HM-00129,0.0,Approve,0,0.4479,0.8925
LN-HM-00130,0.7179,Reject,1,0.5839,0.9452
LN-HM-00131,0.4749,Reject,0,0.6031,0.8986
LN-HM-00132,0.3053,Reject,0,0.6325,0.7268
LN-HM-00133,0.5747,Reject,0,0.7308,0.9465
LN-HM-00134,0.3632,Reject,0,0.9592,0.7865
LN-HM-00135,0.2316,Reject,1,0.5977,0.7111
LN-HM-00136,0.0833,Approve,0,0.4709,0.7868
LN-HM-00137,0.5885,Reject,1,0.7039,0.0
LN-HM-00138,0.5953,Reject,1,1.5083,0.0
LN-HM-00139,0.232,Reject,0,0.5982,0.7585
LN-HM-00140,0.294,Review,1,0.5389,0.67
LN-HM-00141,0.0,Approve,0,0.424,0.726
LN-HM-00142,0.0,Approve,0,0.2991,0.875
LN-HM-00143,0.544,Reject,0,0.6014,0.9343
LN-HM-00144,0.4462,Reject,1,0.5188,0.7995
LN-HM-00145,0.2069,Review,1,0.2911,0.8868
LN-HM-00146,0.4049,Reject,0,0.7988,0.6585
LN-HM-00147,0.3907,Reject,0,0.8956,0.7447
LN-HM-00148,0.4284,Reject,0,0.8413,0.6549
LN-HM-00149,0.2974,Reject,0,0.6007,0.7645
LN-HM-00150,0.0,Approve,0,0.4727,0.0
LN-HM-00151,0.1857,Approve,0,0.2408,0.0
LN-HM-00152,0.4305,Reject,1,0.7419,0.747
LN-HM-00153,0.2707,Reject,0,0.624,0.0
LN-HM-00154,0.9619,Reject,1,0.6699,0.7851
LN-HM-00155,0.1765,Review,0,0.541,0.839
LN-HM-00156,1.0,Reject,1,0.7954,0.0
LN-HM-00157,0.0674,Approve,0,0.4881,0.8627
LN-HM-00158,0.5407,Reject,0,0.5089,0.0
LN-HM-00159,0.4563,Reject,0,0.6741,0.6623
LN-HM-00160,0.268,Review,0,0.363,0.8938
LN-HM-00161,0.0,Approve,0,0.4088,0.8359
LN-HM-00162,0.6991,Reject,0,1.0293,0.0
LN-HM-00163,0.5084,Reject,0,0.7132,0.0
LN-HM-00164,1.0,Reject,1,0.9603,0.8646
LN-HM-00165,0.5016,Reject,1,0.6236,0.9259
LN-HM-00166,0.1465,Approve,0,0.4968,0.6827
LN-HM-00167,0.4901,Reject,1,0.2912,0.0
LN-HM-00168,0.0,Approve,0,0.4267,0.0
LN-HM-00169,0.5334,Reject,0,0.6255,0.9381
LN-HM-00170,0.3405,Reject,0,0.6074,0.6964
LN-HM-00171,0.5189,Reject,1,0.6505,0.7026
LN-HM-00172,0.5692,Reject,1,0.6804,0.7518
LN-HM-00173,0.0525,Approve,0,0.3305,0.0
LN-HM-00174,0.4364,Reject,1,0.7839,0.9535
LN-HM-00175,0.5244,Reject,1,0.6877,0.7412
LN-HM-00176,0.8986,Reject,1,1.1975,0.0
LN-HM-00177,0.3602,Reject,0,0.597,0.7313
LN-HM-00178,0.6375,Reject,1,0.7468,0.8877
LN-HM-00179,0.6881,Reject,1,0.6053,0.8438
LN-HM-00180,0.282,Review,0,0.445,0.0
LN-HM-00181,0.5662,Reject,1,0.5288,0.0
LN-HM-00182,0.0,Approve,0,0.4677,0.0
LN-HM-00183,0.7037,Reject,1,1.642,0.0
LN-HM-00184,0.6574,Reject,1,0.8379,0.8706
LN-HM-00185,0.4968,Reject,0,0.8848,0.7164
LN-HM-00186,0.3103,Reject,1,0.6398,0.6553
LN-HM-00187,0.6462,Reject,1,1.5018,0.0
LN-HM-00188,0.0443,Approve,0,0.4622,0.0
LN-HM-00189,0.4477,Reject,0,0.7567,0.7596
LN-HM-00190,0.4806,Reject,1,0.5219,0.7252
LN-HM-00191,0.1696,Review,0,0.5355,0.7154
LN-HM-00192,0.8077,Reject,0,1.1002,0.9308
LN-HM-00193,0.3334,Review,1,0.5077,0.7747
LN-HM-00194,0.5441,Reject,1,0.6996,0.8098
LN-HM-00195,0.0434,Approve,0,0.3285,0.7928
LN-HM-00196,0.0,Approve,0,0.4767,0.9375
LN-HM-00197,0.0,Approve,0,0.3331,0.86
LN-HM-00198,0.9293,Reject,1,0.7192,0.739
LN-HM-00199,0.2094,Review,0,0.3688,0.9366
LN-HM-00200,0.5732,Reject,1,1.0271,0.9231
LN-HM-00201,0.7184,Reject,1,0.6579,0.8128
LN-HM-00202,0.1679,Approve,0,0.3115,0.0
LN-HM-00203,0.9877,Reject,1,1.0728,0.7355
LN-HM-00204,0.4211,Reject,1,0.3851,0.8537
LN-HM-00205,0.2682,Review,0,0.5256,0.0
LN-HM-00206,0.1646,Reject,0,0.5609,0.0
LN-HM-00207,0.0,Approve,0,0.4371,0.7275
LN-HM-00208,0.0522,Approve,0,0.263,0.0
LN-HM-00209,0.0,Approve,0,0.4296,0.0
LN-HM-00210,1.0,Reject,1,0.9235,0.9369
LN-HM-00211,0.8111,Reject,0,0.9152,0.8666
LN-HM-00212,0.4758,Reject,1,0.6962,0.0
LN-HM-00213,0.5759,Reject,1,0.7014,0.8517
LN-HM-00214,0.1045,Approve,0,0.4626,0.8924
LN-HM-00215,0.7227,Reject,1,0.5918,0.8551
LN-HM-00216,0.4267,Reject,1,0.5442,0.8575
LN-HM-00217,0.7099,Reject,1,0.697,0.0
LN-HM-00218,0.6673,Reject,1,0.7398,0.8127
LN-HM-00219,0.2946,Review,0,0.5107,0.9487
LN-HM-00220,0.5066,Reject,1,0.5125,0.9044
LN-HM-00221,0.6168,Reject,0,0.533,0.8519
LN-HM-00222,0.4173,Reject,0,0.6127,0.8603
LN-HM-00223,0.6879,Reject,1,0.7499,0.7437
LN-HM-00224,0.8308,Reject,0,0.5222,0.0
LN-HM-00225,0.4084,Reject,0,0.5913,0.6681
LN-HM-00226,0.3319,Reject,0,0.638,0.8556
LN-HM-00227,0.1974,Approve,0,0.4375,0.0
LN-HM-00228,0.4528,Reject,0,0.7903,0.7802
LN-HM-00229,0.4848,Reject,0,1.6604,0.0
LN-HM-00230,0.735,Reject,1,0.7227,0.7047
LN-HM-00231,0.3872,Reject,1,0.5875,0.8584
LN-HM-00232,0.0218,Approve,0,0.484,0.7917
LN-HM-00233,0.6415,Reject,0,0.8657,0.8843
LN-HM-00234,0.6113,Reject,1,0.5199,0.9476
LN-HM-00235,0.0,Approve,0,0.4092,0.0
LN-HM-00236,0.6417,Reject,1,0.6216,0.8504
LN-HM-00237,0.5166,Reject,1,0.3744,0.0
LN-HM-00238,0.9059,Reject,1,0.6828,0.8881
LN-HM-00239,1.0,Reject,1,0.7494,0.8723
LN-HM-00240,0.1889,Approve,0,0.4084,0.0
LN-HM-00241,0.5565,Reject,0,0.8045,0.7539
LN-HM-00242,0.9975,Reject,1,0.8611,0.9016
LN-HM-00243,0.6419,Reject,1,0.8947,0.8678
LN-HM-00244,0.4421,Reject,1,0.6866,0.6686
LN-HM-00245,0.3015,Reject,0,0.5551,0.7018
LN-HM-00246,0.4749,Reject,0,0.7447,0.0
LN-HM-00247,0.9338,Reject,1,0.652,0.7552
LN-HM-00248,0.4876,Reject,1,0.6148,0.0
LN-HM-00249,0.4329,Reject,0,0.679,0.9031
LN-HM-00250,0.3804,Reject,0,0.9279,0.7888
LN-HM-00251,0.253,Reject,0,0.6369,0.6545
LN-HM-00252,0.3297,Reject,0,0.4603,0.6912
LN-HM-00253,0.3991,Review,0,0.529,0.7624
LN-HM-00254,0.4687,Reject,1,0.9332,0.6655
LN-HM-00255,0.4733,Reject,0,0.585,0.0
LN-HM-00256,0.0,Approve,0,0.1672,0.0
LN-HM-00257,0.4874,Reject,0,0.5923,0.7743
LN-HM-00258,0.2905,Reject,0,0.5574,0.7384
LN-HM-00259,0.5308,Reject,1,0.5201,0.8298
LN-HM-00260,0.577,Reject,1,0.5548,0.6802
LN-HM-00261,0.1846,Reject,0,0.5947,0.6849
LN-HM-00262,0.4464,Reject,0,0.6763,0.6851
LN-HM-00263,0.109,Approve,0,0.2585,0.9024
LN-HM-00264,0.4137,Reject,0,0.8594,0.6817
LN-HM-00265,0.9445,Reject,1,0.6786,0.7982
LN-HM-00266,0.9821,Reject,1,0.6911,0.7347
LN-HM-00267,0.4201,Reject,0,0.5811,0.0
LN-HM-00268,0.3935,Reject,0,0.4909,0.0
LN-HM-00269,0.1902,Approve,0,0.3987,0.7365
LN-HM-00270,0.0312,Approve,0,0.3537,0.9115
LN-HM-00271,0.7537,Reject,1,0.5487,0.939
LN-HM-00272,0.6889,Reject,1,0.6746,0.9316
LN-HM-00273,0.314,Reject,0,0.6186,0.7725
LN-HM-00274,1.0,Reject,1,0.7201,0.8283
LN-HM-00275,0.4729,Reject,0,0.6127,0.8874
LN-HM-00276,0.8988,Reject,1,1.0404,0.9404
LN-HM-00277,0.2155,Reject,0,0.5566,0.7404
LN-HM-00278,0.3175,Reject,0,0.6483,0.9038
LN-HM-00279,0.56,Reject,0,0.589,0.7209
LN-HM-00280,0.6575,Reject,0,0.7948,0.8543
LN-HM-00281,0.3196,Reject,1,0.6229,0.9179
LN-HM-00282,0.4479,Reject,0,0.2806,0.0
LN-HM-00283,0.2948,Reject,0,0.5974,0.0
LN-HM-00284,0.2686,Review,0,0.5211,0.9085
LN-HM-00285,0.288,Reject,1,0.6335,0.7419
LN-HM-00286,0.3025,Review,0,0.5371,0.7551
LN-HM-00287,0.2341,Reject,0,0.6213,0.9375
LN-HM-00288,0.7322,Reject,1,0.9915,0.7524
LN-HM-00289,0.5888,Reject,0,1.6251,0.0
LN-HM-00290,0.5248,Reject,1,0.5617,0.6977
LN-HM-00291,0.4751,Reject,1,0.8894,0.0
LN-HM-00292,0.405,Reject,1,0.7133,0.7935
LN-HM-00293,0.7678,Reject,0,0.8844,0.9035
LN-HM-00294,0.6337,Reject,1,0.7147,0.8948
LN-HM-00295,0.4483,Reject,0,0.7585,0.9402
LN-HM-00296,0.4896,Reject,0,1.4096,0.0
LN-HM-00297,0.5332,Reject,1,0.861,0.0
LN-HM-00298,0.0,Approve,0,0.3273,0.0
LN-HM-00299,0.2129,Review,1,0.5308,0.7343
LN-HM-00300,0.0,Approve,0,0.2916,0.0
LN-HM-00301,0.3955,Reject,1,0.6093,0.0
LN-HM-00302,0.3744,Reject,0,0.7877,0.875
LN-HM-00303,0.6891,Reject,1,0.6584,0.0
LN-HM-00304,0.4053,Reject,0,0.7322,0.0
LN-HM-00305,0.1702,Approve,0,0.4314,0.9077
LN-HM-00306,0.2089,Review,0,0.4301,0.7513
LN-HM-00307,0.4782,Reject,1,0.5345,0.0
LN-HM-00308,0.615,Reject,0,0.869,0.9219
LN-HM-00309,0.6143,Reject,1,0.8923,0.0
LN-HM-00310,0.6674,Reject,1,0.6974,0.6904
LN-HM-00311,0.6563,Reject,0,0.652,0.758
LN-HM-00312,0.3246,Reject,0,0.6343,0.7664
LN-HM-00313,0.3433,Reject,0,0.5839,0.9197
LN-HM-00314,0.2777,Reject,1,0.5838,0.0
LN-HM-00315,0.418,Reject,1,0.6531,0.7174
LN-HM-00316,0.3366,Reject,1,0.7724,0.9362
LN-HM-00317,0.261,Reject,0,0.6216,0.9391
LN-HM-00318,0.0216,Approve,0,0.4816,0.7061
LN-HM-00319,0.2757,Reject,1,0.5689,0.0
LN-HM-00320,0.585,Reject,1,0.7693,0.6932
LN-HM-00321,0.272,Review,0,0.3851,0.7812
LN-HM-00322,0.4158,Reject,0,1.4121,0.0
LN-HM-00323,0.173,Approve,0,0.4485,0.9209
LN-HM-00324,0.5306,Reject,0,0.6061,0.7237
LN-HM-00325,0.4786,Reject,1,0.5608,0.8095
LN-HM-00326,0.5732,Reject,0,0.7873,0.6958
LN-HM-00327,0.4787,Reject,0,0.7243,0.8654
LN-HM-00328,0.0,Approve,0,0.4194,0.0
LN-HM-00329,0.2804,Review,0,0.5433,0.0
LN-HM-00330,1.0,Reject,1,0.5673,0.8418
LN-HM-00331,0.4541,Reject,1,0.7279,0.6476
LN-HM-00332,0.579,Reject,0,0.5899,0.9143
LN-HM-00333,0.5147,Reject,1,0.725,0.8125
LN-HM-00334,0.3228,Review,0,0.5297,0.8204
LN-HM-00335,0.9406,Reject,1,0.5493,0.8393
LN-HM-00336,0.3057,Reject,0,0.5626,0.8578
LN-HM-00337,0.5211,Reject,0,0.8217,0.0
LN-HM-00338,0.621,Reject,1,0.8287,0.8598
LN-HM-00339,0.6847,Reject,1,0.7924,0.726
LN-HM-00340,0.384,Reject,0,0.3995,0.6511
LN-HM-00341,0.4223,Reject,1,1.1383,0.7712
LN-HM-00342,0.5655,Reject,1,1.4238,0.0
LN-HM-00343,0.5659,Reject,0,0.6077,0.6622
LN-HM-00344,0.5358,Reject,0,0.9322,0.0
LN-HM-00345,0.0,Approve,0,0.4626,0.0
LN-HM-00346,0.9948,Reject,1,0.7539,0.7934
LN-HM-00347,0.749,Reject,1,0.753,0.6806
LN-HM-00348,0.5743,Reject,1,0.5182,0.0
LN-HM-00349,0.2301,Reject,0,0.5822,0.759
LN-HM-00350,0.6807,Reject,1,0.6722,0.8176
LN-HM-00351,0.7381,Reject,0,0.7354,0.8571
LN-HM-00352,0.3234,Reject,0,0.6117,0.7612
LN-HM-00353,0.6885,Reject,1,0.6611,0.8939
LN-HM-00354,0.4214,Reject,0,0.7212,0.7462
LN-HM-00355,0.8068,Reject,1,0.5559,0.0
LN-HM-00356,0.5182,Reject,1,0.9534,0.6864
LN-HM-00357,0.6757,Reject,0,0.5938,0.7645
LN-HM-00358,0.0933,Approve,0,0.41,0.0
LN-HM-00359,0.5649,Reject,0,0.631,0.8533
LN-HM-00360,0.0,Approve,0,0.45,0.9292
LN-HM-00361,0.2588,Review,0,0.5483,0.739
LN-HM-00362,0.883,Reject,1,0.9753,0.0
LN-HM-00363,1.0,Reject,1,0.7397,0.852
LN-HM-00364,0.6894,Reject,0,1.1579,0.0
LN-HM-00365,0.3913,Reject,0,0.6193,0.7668
LN-HM-00366,0.4187,Reject,0,0.5193,0.8632
LN-HM-00367,0.0,Approve,0,0.4494,0.0
LN-HM-00368,0.468,Reject,1,0.6729,0.6941
LN-HM-00369,0.3815,Review,1,0.5192,0.9159
LN-HM-00370,0.4723,Reject,1,0.34,0.8777
LN-HM-00371,0.2257,Review,0,0.5041,0.6584
LN-HM-00372,0.4207,Reject,1,0.699,0.7288
LN-HM-00373,0.2696,Reject,1,0.6313,0.9032
LN-HM-00374,0.1414,Approve,0,0.309,0.8496
LN-HM-00375,0.5855,Reject,0,0.5189,0.6551
LN-HM-00376,0.5458,Reject,1,0.974,0.784
LN-HM-00377,0.5979,Reject,1,0.5735,0.0
LN-HM-00378,0.727,Reject,1,0.9014,0.8497
LN-HM-00379,0.3929,Reject,1,1.0744,0.0
LN-HM-00380,0.0,Approve,0,0.3337,0.7201
LN-HM-00381,0.8637,Reject,1,0.7312,0.8468
LN-HM-00382,0.3789,Reject,1,1.2637,0.0
LN-HM-00383,0.4696,Reject,1,0.9498,0.9431
LN-HM-00384,0.3547,Reject,0,0.5656,0.8584
LN-HM-00385,0.2644,Review,0,0.3481,0.7602
LN-HM-00386,0.4603,Reject,0,1.3891,0.0
LN-HM-00387,0.0,Approve,0,0.4559,0.0
LN-HM-00388,0.4468,Reject,0,0.4254,0.8491
LN-HM-00389,0.2591,Reject,0,0.6034,0.0
LN-HM-00390,0.085,Approve,1,0.3201,0.8065
LN-HM-00391,0.6566,Reject,1,0.7747,0.77
LN-HM-00392,0.328,Review,0,0.5391,0.0
LN-HM-00393,0.4081,Reject,1,0.5527,0.6994
LN-HM-00394,0.1669,Approve,0,0.4872,0.8652
LN-HM-00395,0.0423,Approve,0,0.4618,0.0
LN-HM-00396,0.531,Reject,0,0.5213,0.9258
LN-HM-00397,0.0,Approve,0,0.3355,0.0
LN-HM-00398,0.6194,Reject,1,0.5207,0.808
LN-HM-00399,0.1114,Approve,0,0.4391,0.8454
LN-HM-00400,0.6851,Reject,1,0.6794,0.7343
LN-HM-00401,0.2805,Review,0,0.5494,0.0
LN-HM-00402,0.6384,Reject,1,0.6942,0.8976
LN-HM-00403,0.0,Approve,0,0.4188,0.7927
LN-HM-00404,0.5005,Reject,1,0.7552,0.0
LN-HM-00405,0.4544,Reject,0,1.2603,0.0
LN-HM-00406,0.231,Review,0,0.4701,0.0
LN-HM-00407,0.0,Approve,0,0.3823,0.7235
LN-HM-00408,0.1039,Approve,0,0.2126,0.0
LN-HM-00409,0.6957,Reject,0,0.6538,0.875
LN-HM-00410,0.7492,Reject,1,1.4035,0.0
LN-HM-00411,0.4235,Reject,0,0.6926,0.0
LN-HM-00412,0.6154,Reject,1,1.0489,0.0
LN-HM-00413,0.0,Approve,0,0.4384,0.9149
LN-HM-00414,0.3928,Reject,1,0.2786,0.726
LN-HM-00415,0.0,Approve,0,0.4632,0.6577
LN-HM-00416,0.0,Approve,0,0.3669,0.0
LN-HM-00417,0.9277,Reject,1,0.8173,0.8613
LN-HM-00418,0.1955,Approve,0,0.388,0.7627
LN-HM-00419,0.7127,Reject,1,1.0556,0.0
LN-HM-00420,0.339,Reject,0,0.5754,0.7646
LN-HM-00421,0.9009,Reject,1,0.8706,0.9227
LN-HM-00422,0.5661,Reject,0,0.7694,0.6716
LN-HM-00423,0.4352,Reject,1,0.7093,0.759
LN-HM-00424,0.7573,Reject,1,0.7503,0.696
LN-HM-00425,0.6989,Reject,1,0.6141,0.8952
LN-HM-00426,0.0116,Approve,0,0.4931,0.0
LN-HM-00427,0.4672,Reject,0,0.9877,0.7977
LN-HM-00428,0.4586,Reject,0,0.2969,0.0
LN-HM-00429,0.6448,Reject,1,0.67,0.6635
LN-HM-00430,0.9305,Reject,0,0.8697,0.9432
LN-HM-00431,0.4177,Reject,0,0.7263,0.0
LN-HM-00432,0.4365,Reject,0,0.7314,0.0
LN-HM-00433,0.1546,Approve,0,0.4735,0.0
LN-HM-00434,0.2519,Reject,1,0.6234,0.0
LN-HM-00435,0.7685,Reject,1,0.6727,0.672
LN-HM-00436,0.5581,Reject,0,0.7031,0.0
LN-HM-00437,0.4965,Reject,1,0.8433,0.7107
LN-HM-00438,0.3209,Reject,1,0.5815,0.8193
LN-HM-00439,0.5208,Reject,0,0.5398,0.7496
LN-HM-00440,0.4193,Reject,0,0.7001,0.763
LN-HM-00441,0.5539,Reject,1,1.2077,0.0
LN-HM-00442,0.6585,Reject,0,0.799,0.9013
LN-HM-00443,0.4512,Reject,0,1.0011,0.0
LN-HM-00444,0.7056,Reject,1,0.6347,0.8998
LN-HM-00445,0.0,Approve,0,0.47,0.7553
LN-HM-00446,0.4751,Reject,1,0.3052,0.0
LN-HM-00447,0.9785,Reject,1,0.716,0.7903
LN-HM-00448,0.5791,Reject,0,0.8983,0.6737
LN-HM-00449,0.8193,Reject,1,0.5542,0.824
LN-HM-00450,0.1752,Reject,0,0.6339,0.9337
LN-HM-00451,0.961,Reject,1,1.0255,0.0
LN-HM-00452,0.3875,Reject,0,0.8451,0.7504
LN-HM-00453,0.4862,Reject,1,0.5211,0.8746
LN-HM-00454,0.7218,Reject,1,0.6059,0.7273
LN-HM-00455,0.4995,Reject,0,0.7223,0.755
LN-HM-00456,0.3334,Reject,1,0.5503,0.7761
LN-HM-00457,0.459,Reject,0,0.4823,0.8082
LN-HM-00458,0.7224,Reject,1,0.8315,0.8408
LN-HM-00459,0.0482,Approve,0,0.3259,0.7589
LN-HM-00460,0.2807,Reject,0,0.6108,0.84
LN-HM-00461,0.5011,Reject,1,0.6818,0.665
LN-HM-00462,0.4076,Reject,0,0.6345,0.6991
LN-HM-00463,0.4214,Reject,1,0.3895,0.0
LN-HM-00464,0.0,Approve,0,0.3054,0.6575
LN-HM-00465,0.3926,Reject,0,0.623,0.0
LN-HM-00466,0.9873,Reject,0,0.8044,0.6729
LN-HM-00467,0.1585,Reject,1,0.6467,0.8468
LN-HM-00468,0.1813,Approve,1,0.4278,0.7456
LN-HM-00469,1.0,Reject,1,0.7595,0.0
LN-HM-00470,0.0,Approve,0,0.4758,0.0
LN-HM-00471,0.5666,Reject,1,0.4275,0.0
LN-HM-00472,0.976,Reject,1,0.6022,0.8419
LN-HM-00473,0.1748,Approve,1,0.3271,0.0
LN-HM-00474,0.5461,Reject,0,0.6447,0.9125
LN-HM-00475,0.9549,Reject,1,0.6723,0.8
LN-HM-00476,0.4519,Reject,1,0.8024,0.0
LN-HM-00477,0.7552,Reject,1,1.1073,0.0
LN-HM-00478,0.5548,Reject,1,1.425,0.0
LN-HM-00479,1.0,Reject,1,0.671,0.8171
LN-HM-00480,0.7298,Reject,1,0.7714,0.6691
LN-HM-00481,0.6721,Reject,0,0.7604,0.9272
LN-HM-00482,0.3667,Reject,0,0.6149,0.9013
LN-HM-00483,0.5511,Reject,0,0.6986,0.0
LN-HM-00484,0.7528,Reject,1,0.7497,0.7041
LN-HM-00485,0.0,Approve,0,0.427,0.0
LN-HM-00486,0.4933,Reject,0,0.7971,0.0
LN-HM-00487,0.4232,Reject,1,0.378,0.8741
LN-HM-00488,0.588,Reject,1,0.9355,0.6607
LN-HM-00489,0.6802,Reject,1,0.8782,0.6518
LN-HM-00490,0.2683,Review,0,0.4721,0.8283
LN-HM-00491,0.539,Reject,0,0.7197,0.0
LN-HM-00492,0.4249,Reject,0,0.6349,0.9181
LN-HM-00493,0.7203,Reject,1,0.8234,0.9118
LN-HM-00494,0.9156,Reject,1,0.8341,0.9025
LN-HM-00495,0.3167,Reject,1,0.5837,0.8125
LN-HM-00496,0.6288,Reject,1,0.7311,0.8235
LN-HM-00497,0.7577,Reject,1,0.768,0.6606
LN-HM-00498,0.5049,Reject,1,0.8388,0.7828
LN-HM-00499,0.0,Approve,0,0.4245,0.9333
LN-HM-00500,0.4936,Reject,0,1.2556,0.0
LN-HM-00501,0.4311,Reject,0,0.6927,0.0
LN-HM-00502,0.4954,Reject,0,0.5159,0.0
LN-HM-00503,0.5684,Reject,1,0.7471,0.9261
LN-HM-00504,0.5207,Reject,1,0.6403,0.8181
LN-HM-00505,0.3346,Reject,0,0.8321,0.6857
LN-HM-00506,0.5531,Reject,0,0.7503,0.8824
LN-HM-00507,0.3745,Reject,0,0.6873,0.7183
LN-HM-00508,0.9429,Reject,1,0.8231,0.0
LN-HM-00509,0.5101,Reject,1,0.7757,0.698
LN-HM-00510,0.0,Approve,0,0.4749,0.0
LN-HM-00511,0.755,Reject,1,0.5057,0.0
LN-HM-00512,0.3646,Review,1,0.5094,0.8245
LN-HM-00513,0.3631,Reject,0,1.1794,0.0
LN-HM-00514,0.4224,Reject,1,0.8066,0.696
LN-HM-00515,0.1706,Reject,0,0.5923,0.7748
LN-HM-00516,0.5527,Reject,0,0.9156,0.0
LN-HM-00517,0.1395,Approve,1,0.3492,0.8966
LN-HM-00518,0.729,Reject,1,0.9067,0.7668
LN-HM-00519,0.7132,Reject,1,0.7081,0.9
LN-HM-00520,0.6221,Reject,0,0.6764,0.9133
LN-HM-00521,0.4534,Reject,1,0.7038,0.7518
LN-HM-00522,0.4532,Reject,0,0.4715,0.8205
LN-HM-00523,0.4568,Reject,0,0.7795,0.7163
LN-HM-00524,0.304,Reject,0,0.6032,0.0
LN-HM-00525,0.694,Reject,1,0.7813,0.6912
LN-HM-00526,0.6415,Reject,1,0.7011,0.8381
LN-HM-00527,0.5827,Reject,0,0.6343,0.9409
LN-HM-00528,0.6747,Reject,1,0.7545,0.8881
LN-HM-00529,0.9599,Reject,1,0.7044,0.9452
LN-HM-00530,0.0,Approve,0,0.3557,0.0
LN-HM-00531,0.367,Reject,1,0.7004,0.7661
LN-HM-00532,0.4304,Reject,0,0.6986,0.7816
LN-HM-00533,0.3152,Review,0,0.5481,0.7397
LN-HM-00534,0.6416,Reject,1,0.869,0.8377
LN-HM-00535,0.4222,Reject,0,0.8021,0.0
LN-HM-00536,0.9049,Reject,1,0.5014,0.8014
LN-HM-00537,0.6061,Reject,0,0.7036,0.8997
LN-HM-00538,0.8204,Reject,1,0.8204,0.8936
LN-HM-00539,0.2564,Review,1,0.5471,0.0
LN-HM-00540,0.4484,Reject,0,0.7577,0.0
LN-HM-00541,0.5614,Reject,0,0.5158,0.0
LN-HM-00542,0.0,Approve,0,0.4321,0.7037
LN-HM-00543,0.4448,Reject,0,0.347,0.7226
LN-HM-00544,0.4752,Reject,1,0.8954,0.0
LN-HM-00545,0.6785,Reject,0,0.6759,0.8957
LN-HM-00546,0.9641,Reject,1,1.4837,0.0
LN-HM-00547,0.0,Approve,0,0.3605,0.9375
LN-HM-00548,0.413,Reject,1,0.8424,0.7031
LN-HM-00549,1.0,Reject,1,0.7539,0.9416
LN-HM-00550,0.0,Approve,0,0.4543,0.0
LN-HM-00551,0.3566,Review,0,0.5035,0.0
LN-HM-00552,0.1119,Approve,0,0.455,0.8577
LN-HM-00553,0.9348,Reject,1,0.8276,0.7667
LN-HM-00554,0.4779,Reject,0,0.6075,0.7638
LN-HM-00555,0.1232,Approve,0,0.2366,0.0
LN-HM-00556,0.0,Approve,0,0.4905,0.0
LN-HM-00557,0.2313,Review,0,0.4398,0.0
LN-HM-00558,0.5138,Reject,1,0.6339,0.876
LN-HM-00559,0.3725,Reject,1,0.3946,0.0
LN-HM-00560,0.7083,Reject,0,0.9029,0.7565
LN-HM-00561,0.1187,Approve,0,0.3992,0.0
LN-HM-00562,0.2855,Review,1,0.5463,0.7985
LN-HM-00563,0.2309,Review,1,0.5275,0.9259
LN-HM-00564,0.585,Reject,1,0.8683,0.8526
LN-HM-00565,0.5148,Reject,1,0.6759,0.0
LN-HM-00566,0.0,Approve,0,0.3732,0.6722
LN-HM-00567,0.2215,Review,0,0.4828,0.8111
LN-HM-00568,0.8249,Reject,1,0.7075,0.8031
LN-HM-00569,0.421,Reject,1,0.7695,0.7902
LN-HM-00570,0.4935,Reject,0,0.9066,0.0
LN-HM-00571,1.0,Reject,1,0.8017,0.8307
LN-HM-00572,0.0,Approve,0,0.4795,0.6539
LN-HM-00573,0.1227,Approve,0,0.4447,0.7671
LN-HM-00574,0.8765,Reject,1,0.6965,0.0
LN-HM-00575,0.4334,Reject,0,0.5983,0.0
LN-HM-00576,0.778,Reject,1,0.5386,0.0
LN-HM-00577,0.7423,Reject,0,0.7406,0.8998
LN-HM-00578,0.2314,Reject,0,0.6374,0.7862
LN-HM-00579,0.0,Approve,0,0.3455,0.0
LN-HM-00580,0.4278,Reject,0,0.7208,0.0
LN-HM-00581,0.5822,Reject,1,0.7179,0.7806
LN-HM-00582,0.0521,Approve,0,0.2626,0.6952
LN-HM-00583,0.9224,Reject,1,0.8624,0.868
LN-HM-00584,0.4382,Reject,1,0.4442,0.652
LN-HM-00585,0.4585,Reject,1,0.4049,0.8701
LN-HM-00586,0.0,Approve,0,0.4832,0.0
LN-HM-00587,0.8208,Reject,1,0.5083,0.8257
LN-HM-00588,0.0,Approve,0,0.3479,0.0
LN-HM-00589,0.4674,Reject,1,0.5663,0.9231
LN-HM-00590,0.0,Approve,0,0.4235,0.0
LN-HM-00591,0.2176,Review,0,0.3261,0.6815
LN-HM-00592,0.0,Approve,0,0.4737,0.0
LN-HM-00593,0.4995,Reject,1,0.5515,0.7624
LN-HM-00594,0.5307,Reject,1,1.0705,0.0
LN-HM-00595,0.5061,Reject,1,0.5327,0.7612
LN-HM-00596,0.2362,Reject,0,0.6027,0.6707
LN-HM-00597,0.3922,Reject,1,0.6372,0.0
LN-HM-00598,0.4156,Reject,1,0.5621,0.0
LN-HM-00599,0.3798,Review,0,0.5463,0.0
LN-HM-00600,0.2734,Review,0,0.4992,0.8949
LN-HM-00601,0.7604,Reject,1,0.527,0.8617
LN-HM-00602,0.5375,Reject,0,0.5988,0.728
LN-HM-00603,0.4998,Reject,1,0.6096,0.6866
LN-HM-00604,0.2205,Review,0,0.249,0.0
LN-HM-00605,0.7983,Reject,1,0.8269,0.9065
LN-HM-00606,0.9076,Reject,1,0.7248,0.8312
LN-HM-00607,0.4768,Reject,0,0.7434,0.0
LN-HM-00608,0.0901,Approve,0,0.4628,0.7955
LN-HM-00609,0.3956,Reject,0,0.5926,0.8725
LN-HM-00610,0.0602,Approve,0,0.3665,0.7207
LN-HM-00611,0.3114,Review,0,0.3944,0.8383
LN-HM-00612,0.1988,Reject,0,0.5832,0.686
LN-HM-00613,0.6903,Reject,1,0.7434,0.8849
LN-HM-00614,0.8344,Reject,0,0.9003,0.9143
LN-HM-00615,0.9616,Reject,1,0.5621,0.9406
LN-HM-00616,0.4599,Reject,0,0.5531,0.8985
LN-HM-00617,0.6774,Reject,1,0.6403,0.0
LN-HM-00618,0.2555,Reject,0,0.5665,0.0
LN-HM-00619,0.4529,Reject,1,0.8288,0.7623
LN-HM-00620,0.6296,Reject,1,1.0969,0.0
LN-HM-00621,0.5803,Reject,1,0.7656,0.8485
LN-HM-00622,0.5622,Reject,0,0.7162,0.7219
LN-HM-00623,0.5572,Reject,1,1.088,0.7114
LN-HM-00624,0.7148,Reject,1,0.6368,0.0
LN-HM-00625,0.0067,Approve,0,0.358,0.0
LN-HM-00626,0.0085,Approve,0,0.4935,0.7053
LN-HM-00627,0.0,Approve,0,0.4873,0.8341
LN-HM-00628,0.5316,Reject,1,0.6768,0.0
LN-HM-00629,0.147,Reject,0,0.6095,0.0
LN-HM-00630,0.3843,Reject,1,0.7291,0.7448
LN-HM-00631,0.9343,Reject,1,0.8854,0.8592
LN-HM-00632,0.6328,Reject,1,0.8301,0.7572
LN-HM-00633,0.7021,Reject,0,0.9529,0.8758
LN-HM-00634,0.6832,Reject,1,0.8792,0.8938
LN-HM-00635,0.5305,Reject,1,0.8426,0.0
LN-HM-00636,0.4769,Reject,1,0.3347,0.9286
LN-HM-00637,0.3889,Reject,0,0.9366,0.0
LN-HM-00638,0.5235,Reject,1,0.2813,0.6855
LN-HM-00639,0.8667,Reject,1,0.9069,0.9389
LN-HM-00640,0.0,Approve,0,0.4768,0.0
LN-HM-00641,0.0,Approve,0,0.3999,0.6951
LN-HM-00642,0.0,Approve,0,0.4491,0.8989
LN-HM-00643,0.0,Approve,0,0.4541,0.0
LN-HM-00644,0.2724,Review,0,0.3485,0.7619
LN-HM-00645,0.0,Approve,0,0.3715,0.6681
LN-HM-00646,0.6565,Reject,1,0.7868,0.9084
LN-HM-00647,0.0,Approve,0,0.3206,0.0
LN-HM-00648,0.4209,Reject,1,0.5904,0.9257
LN-HM-00649,0.3494,Reject,0,1.4576,0.0
LN-HM-00650,0.7876,Reject,1,0.5457,0.8723
LN-HM-00651,0.6677,Reject,0,0.8365,0.0
LN-HM-00652,0.2671,Review,0,0.404,0.7444
LN-HM-00653,0.1855,Approve,0,0.4228,0.9371
LN-HM-00654,0.1319,Approve,0,0.3991,0.9175
LN-HM-00655,0.9351,Reject,1,1.0495,0.7328
LN-HM-00656,0.6031,Reject,1,0.8886,0.9316
LN-HM-00657,0.4237,Reject,0,0.7299,0.0
LN-HM-00658,0.7811,Reject,1,0.5578,0.8815
LN-HM-00659,0.0216,Approve,0,0.4615,0.0
LN-HM-00660,0.8062,Reject,0,0.5543,0.0
LN-HM-00661,0.0551,Approve,0,0.3406,0.8655
LN-HM-00662,0.6648,Reject,1,1.1567,0.0
LN-HM-00663,0.7417,Reject,1,0.5519,0.0
LN-HM-00664,0.6556,Reject,1,1.3908,0.0
LN-HM-00665,0.9409,Reject,1,0.8377,0.776
LN-HM-00666,0.0803,Approve,0,0.3916,0.7576
LN-HM-00667,0.4965,Reject,1,1.0442,0.0
LN-HM-00668,0.9342,Reject,1,0.863,0.824
LN-HM-00669,0.1068,Approve,0,0.348,0.0
LN-HM-00670,0.5386,Reject,1,0.9567,0.7711
LN-HM-00671,0.5165,Reject,0,0.7354,0.9027
LN-HM-00672,0.2464,Reject,1,0.6352,0.7724
LN-HM-00673,0.0,Approve,0,0.4832,0.7226
LN-HM-00674,0.0,Approve,0,0.4952,0.7296
LN-HM-00675,0.9762,Reject,1,0.6537,0.7627
LN-HM-00676,0.4273,Reject,1,1.0186,0.0
LN-HM-00677,0.3056,Reject,1,0.5963,0.685
LN-HM-00678,0.0,Approve,0,0.3061,0.0
LN-HM-00679,0.0308,Approve,1,0.3025,0.9495
LN-HM-00680,0.2817,Review,0,0.5202,0.6875
LN-HM-00681,0.0,Approve,0,0.449,0.0
LN-HM-00682,0.2291,Review,0,0.5116,0.7229
LN-HM-00683,0.2754,Reject,0,0.6179,0.7237
LN-HM-00684,0.9691,Reject,1,0.5669,0.8343
LN-HM-00685,0.1901,Reject,0,0.6022,0.0
LN-HM-00686,0.1075,Approve,0,0.441,0.6716
LN-HM-00687,0.1564,Approve,0,0.1828,0.0
LN-HM-00688,1.0,Reject,1,0.7003,0.8881
LN-HM-00689,0.4585,Reject,0,0.6329,0.873
LN-HM-00690,0.2812,Review,1,0.3091,0.0
LN-HM-00691,0.4566,Reject,0,0.6012,0.8065
LN-HM-00692,0.4108,Reject,0,0.4078,0.6925
LN-HM-00693,0.708,Reject,1,0.5181,0.6726
LN-HM-00694,0.2392,Review,0,0.4985,0.0
LN-HM-00695,0.6871,Reject,1,0.7593,0.7353
LN-HM-00696,0.4969,Reject,1,0.6448,0.741
LN-HM-00697,0.6869,Reject,0,1.3243,0.0
LN-HM-00698,0.685,Reject,1,0.8272,0.9452
LN-HM-00699,0.4909,Reject,0,0.708,0.7086
LN-HM-00700,0.238,Reject,0,0.5591,0.6842
LN-HM-00701,0.7456,Reject,0,1.0283,0.8566
LN-HM-00702,0.3889,Review,0,0.5486,0.0
LN-HM-00703,0.3345,Reject,0,0.5748,0.0
LN-HM-00704,0.4934,Reject,1,0.4852,0.7381
LN-HM-00705,0.2971,Review,0,0.3592,0.0
LN-HM-00706,0.0,Approve,0,0.4716,0.8385
LN-HM-00707,0.2472,Reject,1,0.5653,0.807
LN-HM-00708,0.4579,Reject,0,0.7545,0.7725
LN-HM-00709,0.1795,Approve,0,0.3582,0.7807
LN-HM-00710,0.8252,Reject,1,0.7089,0.9026
LN-HM-00711,0.5304,Reject,1,0.8298,0.0
LN-HM-00712,1.0,Reject,1,0.8143,0.9197
LN-HM-00713,1.0,Reject,1,0.8425,0.8142
LN-HM-00714,0.4546,Reject,0,0.691,0.8699
LN-HM-00715,0.7395,Reject,1,0.9138,0.8416
LN-HM-00716,0.3181,Review,0,0.5414,0.7041
LN-HM-00717,0.1369,Approve,0,0.3982,0.9316
LN-HM-00718,0.0,Approve,0,0.449,0.0
LN-HM-00719,0.3875,Reject,0,0.732,0.7818
LN-HM-00720,0.3602,Reject,0,0.5631,0.844
LN-HM-00721,0.0,Approve,0,0.4138,0.8435
LN-HM-00722,0.2504,Reject,0,0.5779,0.8253
LN-HM-00723,0.4446,Reject,0,0.7601,0.9401
LN-HM-00724,0.3227,Reject,0,0.6373,0.6799
LN-HM-00725,0.4884,Reject,1,0.638,0.0
LN-HM-00726,0.1972,Reject,0,0.5794,0.6667
LN-HM-00727,0.9235,Reject,1,0.6691,0.7483
LN-HM-00728,0.2231,Review,0,0.5234,0.821
LN-HM-00729,0.5413,Reject,1,0.5736,0.818
LN-HM-00730,0.3214,Reject,1,0.6427,0.6773
LN-HM-00731,1.0,Reject,1,0.9001,0.0
LN-HM-00732,0.5653,Reject,1,0.5465,0.8605
LN-HM-00733,0.1665,Approve,0,0.3552,0.0
LN-HM-00734,0.7569,Reject,0,0.6964,0.7936
LN-HM-00735,0.6722,Reject,1,0.7529,0.7491
LN-HM-00736,0.3862,Reject,1,0.6057,0.8689
LN-HM-00737,0.2059,Review,0,0.5411,0.0
LN-HM-00738,0.4406,Reject,0,0.377,0.0
LN-HM-00739,0.8941,Reject,1,0.682,0.8188
LN-HM-00740,0.6914,Reject,0,0.779,0.8223
LN-HM-00741,0.4526,Reject,0,0.6275,0.8322
LN-HM-00742,0.2958,Review,0,0.4076,0.0
LN-HM-00743,0.8149,Reject,1,0.5437,0.6691
LN-HM-00744,0.0,Approve,0,0.2336,0.0
LN-HM-00745,0.7285,Reject,0,0.8848,0.9221
LN-HM-00746,0.4523,Reject,0,0.5669,0.0
LN-HM-00747,0.4837,Reject,1,0.6349,0.8209
LN-HM-00748,0.9214,Reject,1,0.9726,0.6829
LN-HM-00749,0.6107,Reject,0,0.7841,0.0
LN-HM-00750,0.3326,Review,0,0.5259,0.8049
LN-HM-00751,0.6417,Reject,1,0.7401,0.7706
LN-HM-00752,0.2135,Review,0,0.4435,0.8624
LN-HM-00753,0.0404,Approve,0,0.3643,0.8164
LN-HM-00754,0.6611,Reject,0,0.7857,0.8047
LN-HM-00755,0.4288,Reject,0,1.2503,0.0
LN-HM-00756,0.5178,Reject,0,0.6021,0.7696
LN-HM-00757,0.1416,Approve,0,0.2948,0.0
LN-HM-00758,0.4689,Reject,0,0.6892,0.6897
LN-HM-00759,0.7688,Reject,1,0.6826,0.9152
LN-HM-00760,0.6736,Reject,0,0.5761,0.8457
LN-HM-00761,0.2587,Review,0,0.4715,0.0
LN-HM-00762,0.4791,Reject,0,0.6329,0.8043
LN-HM-00763,0.4603,Reject,1,0.768,0.0
LN-HM-00764,0.1703,Approve,0,0.4364,0.7491
LN-HM-00765,0.435,Reject,0,1.0351,0.0
LN-HM-00766,0.4347,Reject,1,0.548,0.0
LN-HM-00767,0.4673,Reject,0,0.9122,0.0
LN-HM-00768,0.1511,Approve,0,0.4072,0.8886
LN-HM-00769,0.2229,Review,1,0.5187,0.0
LN-HM-00770,0.9267,Reject,1,0.7008,0.8
LN-HM-00771,0.0,Approve,0,0.4446,0.0
LN-HM-00772,0.5929,Reject,0,0.7354,0.8299
LN-HM-00773,0.4777,Reject,1,1.4253,0.0
LN-HM-00774,0.2731,Reject,0,0.611,0.7056
LN-HM-00775,0.0,Approve,0,0.3754,0.0
LN-HM-00776,1.0,Reject,1,0.8249,0.8119
LN-HM-00777,0.3689,Reject,0,0.6197,0.8333
LN-HM-00778,0.623,Reject,0,0.5895,0.813
LN-HM-00779,0.4785,Reject,0,0.4533,0.7895
LN-HM-00780,0.9617,Reject,1,0.7344,0.816
LN-HM-00781,1.0,Reject,1,0.7643,0.7772
LN-HM-00782,0.4858,Reject,1,0.7957,0.0
LN-HM-00783,0.5349,Reject,0,0.5873,0.7776
LN-HM-00784,0.5491,Reject,0,0.6334,0.9302
LN-HM-00785,0.0,Approve,0,0.4576,0.0
LN-HM-00786,0.3154,Review,0,0.3939,0.8125
LN-HM-00787,0.0105,Approve,0,0.4072,0.6658
LN-HM-00788,0.6659,Reject,0,0.6794,0.9419
LN-HM-00789,0.0,Approve,0,0.3338,0.0
LN-HM-00790,0.5738,Reject,1,0.8237,0.6751
LN-HM-00791,0.6988,Reject,1,0.7375,0.0
LN-HM-00792,0.7495,Reject,0,0.6848,0.0
LN-HM-00793,0.1522,Approve,1,0.3339,0.0
LN-HM-00794,0.0,Approve,0,0.4911,0.7173
LN-HM-00795,0.6248,Reject,1,0.7048,0.697
LN-HM-00796,0.5351,Reject,1,0.5757,0.8172
LN-HM-00797,0.6928,Reject,0,0.7019,0.6866
LN-HM-00798,0.6355,Reject,1,0.6693,0.855
LN-HM-00799,0.1997,Approve,0,0.4468,0.8202
LN-HM-00800,0.0,Approve,0,0.3649,0.8333
LN-HM-00801,0.8916,Reject,1,0.711,0.9241
LN-HM-00802,0.1121,Approve,0,0.4569,0.8889
LN-HM-00803,0.6232,Reject,1,0.6325,0.7392
LN-HM-00804,0.6229,Reject,0,0.6878,0.9227
LN-HM-00805,0.2442,Review,0,0.262,0.0
LN-HM-00806,0.6691,Reject,1,0.9764,0.0
LN-HM-00807,0.2381,Reject,1,0.5604,0.8867
LN-HM-00808,0.6725,Reject,0,0.7027,0.8534
LN-HM-00809,0.0675,Approve,0,0.2688,0.8986
LN-HM-00810,0.4101,Reject,0,0.8003,0.7699
LN-HM-00811,0.4281,Reject,1,0.4161,0.8173
LN-HM-00812,0.4598,Reject,1,0.6122,0.8323
LN-HM-00813,0.6547,Reject,1,0.7718,0.0
LN-HM-00814,0.0815,Approve,0,0.3604,0.9337
LN-HM-00815,0.2238,Review,0,0.4022,0.0
LN-HM-00816,0.6209,Reject,1,0.6815,0.728
LN-HM-00817,0.4393,Reject,1,0.8815,0.0
LN-HM-00818,0.4097,Reject,0,0.8411,0.7479
LN-HM-00819,0.0,Approve,0,0.2104,0.0
LN-HM-00820,0.1523,Approve,0,0.2803,0.0
LN-HM-00821,0.4222,Reject,1,0.6793,0.0
LN-HM-00822,0.6401,Reject,1,0.5293,0.8343
LN-HM-00823,0.2556,Reject,1,0.5841,0.8071
LN-HM-00824,0.2626,Reject,1,0.5512,0.6849
LN-HM-00825,0.7362,Reject,1,0.8153,0.855
LN-HM-00826,0.3778,Reject,0,0.4876,0.0
LN-HM-00827,0.4742,Reject,1,0.6902,0.0
LN-HM-00828,0.2969,Review,0,0.4181,0.7167
LN-HM-00829,0.7007,Reject,0,0.7494,0.913
LN-HM-00830,0.1163,Approve,0,0.4258,0.9318
LN-HM-00831,0.5279,Reject,0,0.5218,0.0
LN-HM-00832,0.6715,Reject,0,0.5833,0.9056
LN-HM-00833,0.5032,Reject,0,0.6379,0.8051
LN-HM-00834,1.0,Reject,1,0.7713,0.0
LN-HM-00835,0.3709,Reject,0,0.6628,0.8986
LN-HM-00836,0.23,Reject,1,0.5531,0.6685
LN-HM-00837,0.4517,Reject,1,0.5812,0.8291
LN-HM-00838,0.9844,Reject,1,0.7679,0.841
LN-HM-00839,0.9254,Reject,1,0.755,0.8265
LN-HM-00840,0.2213,Reject,0,0.6241,0.7007
LN-HM-00841,0.5452,Reject,1,0.8185,0.0
LN-HM-00842,0.1072,Approve,0,0.3886,0.9157
LN-HM-00843,0.7073,Reject,1,0.6623,0.7591
LN-HM-00844,0.7671,Reject,1,0.6713,0.0
LN-HM-00845,0.7034,Reject,1,0.7335,0.0
LN-HM-00846,0.7038,Reject,1,0.7224,0.9476
LN-HM-00847,0.3347,Reject,0,0.7022,0.7526
LN-HM-00848,0.9471,Reject,1,0.5218,0.8256
LN-HM-00849,0.0,Approve,0,0.4011,0.7396
LN-HM-00850,0.07,Approve,0,0.4698,0.8438
LN-HM-00851,0.6427,Reject,1,0.7528,0.8837
LN-HM-00852,0.3298,Reject,0,0.6205,0.0
LN-HM-00853,0.5005,Reject,0,0.9762,0.0
LN-HM-00854,0.7592,Reject,1,0.7357,0.9376
LN-HM-00855,0.0547,Approve,0,0.452,0.0
LN-HM-00856,1.0,Reject,1,0.6706,0.8028
LN-HM-00857,0.0,Approve,0,0.2904,0.8854
LN-HM-00858,0.4595,Reject,0,0.6541,0.7047
LN-HM-00859,0.0027,Approve,0,0.3158,0.7321
LN-HM-00860,0.4331,Reject,1,0.5005,0.9169
LN-HM-00861,0.5341,Reject,0,0.4188,0.7671
LN-HM-00862,0.6626,Reject,1,0.8175,0.7551
LN-HM-00863,0.5003,Reject,1,0.5947,0.0
LN-HM-00864,0.7661,Reject,0,0.7289,0.663
LN-HM-00865,0.912,Reject,1,0.8445,0.0
LN-HM-00866,0.5965,Reject,0,0.7864,0.6566
LN-HM-00867,0.5392,Reject,1,1.2922,0.0
LN-HM-00868,0.4621,Reject,1,0.6189,0.7703
LN-HM-00869,0.9419,Reject,1,0.8585,0.9302
LN-HM-00870,0.5185,Reject,0,0.5892,0.7312
LN-HM-00871,0.2127,Review,0,0.4984,0.0
LN-HM-00872,0.5102,Reject,1,0.5052,0.7727
LN-HM-00873,0.4729,Reject,0,0.8259,0.7714
LN-HM-00874,0.9466,Reject,1,1.1753,0.0
LN-HM-00875,0.5221,Reject,0,0.6838,0.9194
LN-HM-00876,0.0,Approve,0,0.4913,0.0
LN-HM-00877,0.9548,Reject,1,0.8701,0.8253
LN-HM-00878,0.328,Review,0,0.5279,0.0
LN-HM-00879,0.4379,Reject,1,0.653,0.8276
LN-HM-00880,0.4576,Reject,1,0.6977,0.8861
LN-HM-00881,0.719,Reject,0,0.6553,0.0
LN-HM-00882,0.1719,Approve,0,0.4216,0.831
LN-HM-00883,0.5358,Reject,1,0.6627,0.7608
LN-HM-00884,0.249,Review,0,0.5132,0.8018
LN-HM-00885,0.657,Reject,1,0.551,0.8893
LN-HM-00886,0.7729,Reject,1,0.5247,0.9474
LN-HM-00887,0.4641,Reject,1,0.6231,0.0
LN-HM-00888,0.1502,Review,1,0.534,0.0
LN-HM-00889,0.0972,Approve,1,0.4146,0.875
LN-HM-00890,0.2398,Review,0,0.5172,0.903
LN-HM-00891,0.38,Review,0,0.5374,0.0
LN-HM-00892,0.4634,Reject,1,0.7265,0.0
LN-HM-00893,0.5917,Reject,1,0.6991,0.7437
LN-HM-00894,0.416,Reject,0,0.6182,0.8193
LN-HM-00895,0.0,Approve,0,0.395,0.7133
LN-HM-00896,0.016,Approve,0,0.351,0.0
LN-HM-00897,0.2955,Reject,0,0.557,0.7304
LN-HM-00898,0.46,Reject,0,1.0213,0.7285
LN-HM-00899,0.0,Approve,0,0.4125,0.7538
LN-HM-00900,0.4951,Reject,0,0.5218,0.8611
LN-HM-00901,0.7113,Reject,1,0.8002,0.8768
LN-HM-00902,0.8385,Reject,1,0.694,0.8727
LN-HM-00903,0.4258,Reject,1,0.6928,0.0
LN-HM-00904,0.6428,Reject,0,0.8507,0.7901
LN-HM-00905,0.0576,Approve,0,0.3106,0.0
LN-HM-00906,0.3877,Reject,0,0.7484,0.755
LN-HM-00907,0.0459,Approve,0,0.3677,0.8269
LN-HM-00908,0.3475,Reject,1,0.6127,0.8
LN-HM-00909,0.2616,Reject,1,0.5949,0.0
LN-HM-00910,0.7799,Reject,1,0.7794,0.8986
LN-HM-00911,0.8654,Reject,1,0.9208,0.7262
LN-HM-00912,0.9753,Reject,1,0.8795,0.0
LN-HM-00913,0.5269,Reject,0,0.8498,0.0
LN-HM-00914,0.4394,Reject,1,0.6289,0.8133
LN-HM-00915,0.4288,Reject,0,0.7855,0.7751
LN-HM-00916,0.3867,Reject,0,0.6677,0.7629
LN-HM-00917,0.7702,Reject,1,0.8212,0.8959
LN-HM-00918,0.5923,Reject,1,1.6499,0.0
LN-HM-00919,0.4214,Reject,0,0.6244,0.8273
LN-HM-00920,0.0,Approve,0,0.487,0.0
LN-HM-00921,0.8116,Reject,1,0.645,0.0
LN-HM-00922,0.5704,Reject,1,0.6904,0.8511
LN-HM-00923,0.6723,Reject,1,0.6997,0.6801
LN-HM-00924,0.6261,Reject,1,0.4704,0.8588
LN-HM-00925,0.4849,Reject,1,0.6265,0.9018
LN-HM-00926,0.4639,Reject,1,0.8359,0.9123
LN-HM-00927,0.0,Approve,0,0.3431,0.7017
LN-HM-00928,0.6169,Reject,1,0.6337,0.8421
LN-HM-00929,0.3066,Reject,1,0.6258,0.7885
LN-HM-00930,0.2445,Review,0,0.3844,0.0
LN-HM-00931,0.9072,Reject,1,0.7531,0.8261
LN-HM-00932,0.4826,Reject,0,0.6639,0.665
LN-HM-00933,0.6911,Reject,1,0.6987,0.9076
LN-HM-00934,0.0,Approve,0,0.2154,0.0
LN-HM-00935,0.4855,Reject,1,0.6278,0.7297
LN-HM-00936,0.1425,Approve,1,0.4805,0.8182
LN-HM-00937,0.4386,Reject,0,0.6797,0.7827
LN-HM-00938,0.3792,Review,0,0.4155,0.862
LN-HM-00939,0.6868,Reject,1,0.4704,0.8818
LN-HM-00940,0.2275,Review,0,0.1741,0.0
LN-HM-00941,0.6114,Reject,1,0.6988,0.6731
LN-HM-00942,0.2902,Review,1,0.5072,0.0
LN-HM-00943,0.2795,Review,0,0.1889,0.0
LN-HM-00944,0.1191,Approve,0,0.2741,0.0
LN-HM-00945,0.9047,Reject,1,0.572,0.9283
LN-HM-00946,0.2331,Reject,0,0.6054,0.0
LN-HM-00947,0.0,Approve,0,0.4425,0.0
LN-HM-00948,0.0,Approve,0,0.4915,0.8654
LN-HM-00949,0.3647,Review,0,0.5486,0.0
LN-HM-00950,0.3686,Review,0,0.437,0.9178
LN-HM-00951,0.6773,Reject,1,1.5278,0.0
LN-HM-00952,0.9385,Reject,1,0.8508,0.8442
LN-HM-00953,0.3765,Review,0,0.5373,0.8652
LN-HM-00954,0.5251,Reject,0,0.8047,0.8519
LN-HM-00955,0.8057,Reject,0,0.7314,0.0
LN-HM-00956,0.22,Review,0,0.437,0.7436
LN-HM-00957,0.0,Approve,0,0.4811,0.6684
LN-HM-00958,0.6634,Reject,1,0.6868,0.7745
LN-HM-00959,0.0,Approve,0,0.43,0.8918
LN-HM-00960,0.5493,Reject,1,0.6893,0.7798
LN-HM-00961,0.2771,Review,1,0.5024,0.0
LN-HM-00962,0.9525,Reject,1,0.7568,0.9429
LN-HM-00963,0.4557,Reject,0,0.6405,0.0
LN-HM-00964,0.689,Reject,1,0.8965,0.0
LN-HM-00965,0.5148,Reject,1,0.5898,0.6771
LN-HM-00966,0.2028,Review,1,0.4281,0.7324
LN-HM-00967,0.6128,Reject,0,0.6105,0.7445
LN-HM-00968,0.5949,Reject,1,0.6548,0.7778
LN-HM-00969,0.5476,Reject,1,0.7672,0.7977
LN-HM-00970,0.496,Reject,1,0.9004,0.0
LN-HM-00971,0.2258,Review,0,0.4414,0.9239
LN-HM-00972,0.1537,Approve,0,0.3543,0.8349
LN-HM-00973,0.4775,Reject,0,0.7937,0.7988
LN-HM-00974,0.7665,Reject,1,0.6055,0.7404
LN-HM-00975,0.5501,Reject,0,0.6294,0.8794
LN-HM-00976,0.9886,Reject,1,0.7246,0.0
LN-HM-00977,0.6754,Reject,0,0.8902,0.9269
LN-HM-00978,0.0,Approve,0,0.2953,0.0
LN-HM-00979,0.0612,Approve,0,0.4834,0.7576
LN-HM-00980,0.7098,Reject,1,0.6268,0.8879
LN-HM-00981,0.7673,Reject,0,0.7926,0.8455
LN-HM-00982,0.0,Approve,0,0.2422,0.0
LN-HM-00983,0.43,Reject,1,0.6213,0.8739
LN-HM-00984,0.48,Reject,0,0.5981,0.0
LN-HM-00985,0.9704,Reject,1,0.7359,0.9189
LN-HM-00986,0.0007,Approve,0,0.3584,0.0
LN-HM-00987,0.6202,Reject,1,1.1523,0.0
LN-HM-00988,0.3886,Reject,0,0.7744,0.7085
LN-HM-00989,0.5206,Reject,0,0.7236,0.6557
LN-HM-00990,0.5169,Reject,0,0.9648,0.6849
LN-HM-00991,0.9359,Reject,1,0.8867,0.9287
LN-HM-00992,0.4208,Reject,1,0.6797,0.8123
LN-HM-00993,0.2921,Review,1,0.5472,0.7759
LN-HM-00994,0.6971,Reject,0,0.8461,0.6929
LN-HM-00995,0.2171,Review,0,0.4944,0.7437
LN-HM-00996,0.4622,Reject,0,0.7962,0.8313
LN-HM-00997,0.6496,Reject,1,0.5593,0.8929
LN-HM-00998,0.3507,Reject,0,0.6193,0.0
LN-HM-00999,0.251,Review,0,0.5256,0.0
LN-HM-01000,0.7482,Reject,0,0.625,0.906
LN-HM-01001,0.4506,Reject,1,1.1168,0.0
LN-HM-01002,0.2687,Reject,0,0.6393,0.6592
LN-HM-01003,0.4529,Reject,1,0.8516,0.0
LN-HM-01004,0.6407,Reject,1,0.6934,0.716
LN-HM-01005,0.1519,Approve,0,0.4651,0.7407
LN-HM-01006,0.4774,Reject,0,0.6272,0.9284
LN-HM-01007,0.8377,Reject,1,0.6715,0.0
LN-HM-01008,0.3978,Reject,1,0.5703,0.6955
LN-HM-01009,0.0,Approve,0,0.3432,0.0
LN-HM-01010,0.7816,Reject,1,0.7492,0.8333
LN-HM-01011,1.0,Reject,1,0.7201,0.9098
LN-HM-01012,0.0962,Approve,0,0.4057,0.0
LN-HM-01013,0.2492,Review,0,0.5237,0.7613
LN-HM-01014,0.2786,Reject,1,0.5735,0.7577
LN-HM-01015,0.5346,Reject,1,0.652,0.6605
LN-HM-01016,0.7033,Reject,1,0.5329,0.9076
LN-HM-01017,0.111,Approve,0,0.3524,0.6759
LN-HM-01018,0.0607,Approve,0,0.4717,0.8924
LN-HM-01019,0.3283,Reject,1,0.624,0.8081
LN-HM-01020,0.9359,Reject,1,0.7846,0.846
LN-HM-01021,0.648,Reject,0,0.7862,0.9192
LN-HM-01022,0.5993,Reject,1,0.9124,0.8268
LN-HM-01023,0.6933,Reject,1,0.6961,0.8292
LN-HM-01024,0.2192,Review,1,0.3136,0.0
LN-HM-01025,0.2593,Reject,0,0.6083,0.8613
LN-HM-01026,0.4784,Reject,1,0.6023,0.0
LN-HM-01027,0.276,Review,0,0.5125,0.9346
LN-HM-01028,0.2965,Review,0,0.4381,0.6917
LN-HM-01029,0.4778,Reject,0,1.0461,0.0
LN-HM-01030,0.1566,Approve,1,0.4338,0.0
LN-HM-01031,0.8836,Reject,1,0.7065,0.919
LN-HM-01032,0.3153,Review,1,0.5402,0.0
LN-HM-01033,0.2162,Reject,0,0.6267,0.8415
LN-HM-01034,0.2741,Review,0,0.4781,0.0
LN-HM-01035,0.0,Approve,0,0.3663,0.0
LN-HM-01036,0.741,Reject,0,0.5083,0.7407
LN-HM-01037,0.5098,Reject,1,0.534,0.7297
LN-HM-01038,0.4281,Reject,0,1.3837,0.0
LN-HM-01039,0.2944,Review,1,0.5262,0.0
LN-HM-01040,0.1826,Reject,0,0.5502,0.658
LN-HM-01041,0.6434,Reject,1,0.6838,0.9024
LN-HM-01042,0.6087,Reject,1,0.7839,0.7418
LN-HM-01043,0.5305,Reject,0,0.5827,0.8865
LN-HM-01044,0.4538,Reject,0,0.6162,0.9545
LN-HM-01045,0.424,Reject,1,0.6408,0.8941
LN-HM-01046,0.7447,Reject,1,0.9268,0.8929
LN-HM-01047,0.4737,Reject,1,1.0376,0.0
LN-HM-01048,0.6137,Reject,0,0.794,0.8094
LN-HM-01049,0.5878,Reject,1,0.9698,0.686
LN-HM-01050,0.4506,Reject,1,0.7771,0.7843
LN-HM-01051,0.6552,Reject,1,0.7346,0.7941
LN-HM-01052,0.2415,Reject,0,0.578,0.9172
LN-HM-01053,0.7279,Reject,0,0.6612,0.7509
LN-HM-01054,0.3827,Reject,0,0.625,0.738
LN-HM-01055,0.7491,Reject,1,0.7255,0.7299
LN-HM-01056,0.6432,Reject,1,0.8023,0.8849
LN-HM-01057,0.4015,Reject,1,0.5864,0.7121
LN-HM-01058,0.7274,Reject,1,0.6573,0.0
LN-HM-01059,0.323,Reject,1,0.5785,0.6818
LN-HM-01060,0.1292,Reject,1,0.5785,0.8557
LN-HM-01061,0.8024,Reject,1,0.5852,0.7208
LN-HM-01062,0.4686,Reject,1,0.6591,0.7542
LN-HM-01063,0.5821,Reject,1,0.8355,0.9038
LN-HM-01064,0.4042,Reject,0,0.4368,0.8333
LN-HM-01065,0.2902,Review,0,0.5144,0.0
LN-HM-01066,0.397,Review,1,0.5213,0.8613
LN-HM-01067,0.4784,Reject,1,1.1171,0.6933
LN-HM-01068,0.5217,Reject,0,0.4569,0.674
LN-HM-01069,0.0,Approve,0,0.3845,0.6525
LN-HM-01070,0.3645,Reject,1,0.6397,0.6595
LN-HM-01071,0.3,Reject,0,0.5834,0.8039
LN-HM-01072,0.206,Review,1,0.395,0.0
LN-HM-01073,0.4578,Reject,0,0.5247,0.8863
LN-HM-01074,0.407,Reject,0,0.643,0.6712
LN-HM-01075,0.8284,Reject,1,0.6601,0.6694
LN-HM-01076,0.7022,Reject,1,0.8318,0.9483
LN-HM-01077,0.3795,Reject,0,0.6975,0.6779
LN-HM-01078,0.4195,Reject,0,0.5519,0.675
LN-HM-01079,0.4128,Reject,1,0.6899,0.7854
LN-HM-01080,0.242,Review,1,0.5308,0.0
LN-HM-01081,0.5408,Reject,0,0.6366,0.6783
LN-HM-01082,0.3634,Reject,0,0.6462,0.839
LN-HM-01083,0.2502,Review,0,0.5049,0.801
LN-HM-01084,0.5502,Reject,0,0.5089,0.883
LN-HM-01085,0.0,Approve,0,0.3868,0.0
LN-HM-01086,0.0,Approve,0,0.3784,0.0
LN-HM-01087,0.4153,Reject,1,0.8627,0.0
LN-HM-01088,0.659,Reject,0,0.7335,0.8225
LN-HM-01089,0.4832,Reject,0,1.3052,0.0
LN-HM-01090,0.6189,Reject,1,0.4964,0.9332
LN-HM-01091,0.2143,Reject,1,0.6275,0.0
LN-HM-01092,0.2706,Review,0,0.4805,0.8665
LN-HM-01093,0.6759,Reject,1,0.8028,0.9464
LN-HM-01094,0.3213,Reject,0,0.5559,0.7108
LN-HM-01095,0.3888,Reject,0,0.6213,0.7368
LN-HM-01096,0.6891,Reject,1,0.6935,0.8182
LN-HM-01097,0.4943,Reject,1,1.1196,0.0
LN-HM-01098,0.0,Approve,0,0.443,0.0
LN-HM-01099,0.4038,Reject,0,0.5866,0.7919
LN-HM-01100,0.8402,Reject,1,0.898,0.8923
LN-HM-01101,0.761,Reject,1,0.8091,0.8538
LN-HM-01102,0.4275,Reject,1,0.8316,0.0
LN-HM-01103,0.2344,Review,0,0.428,0.8316
LN-HM-01104,1.0,Reject,1,0.8408,0.699
LN-HM-01105,1.0,Reject,1,0.7978,0.8965
LN-HM-01106,0.7048,Reject,1,0.8417,0.8396
LN-HM-01107,0.4361,Reject,0,0.8538,0.7532
LN-HM-01108,0.9481,Reject,1,0.6693,0.0
LN-HM-01109,0.3917,Reject,0,0.7695,0.7251
LN-HM-01110,0.3784,Review,0,0.5147,0.0
LN-HM-01111,0.3799,Reject,0,0.4575,0.0
LN-HM-01112,0.7676,Reject,1,0.6343,0.8272
LN-HM-01113,0.6672,Reject,0,1.0284,0.0
LN-HM-01114,0.45,Reject,1,0.4041,0.7293
LN-HM-01115,0.6808,Reject,0,0.7164,0.7622
LN-HM-01116,0.7055,Reject,1,0.5127,0.6892
LN-HM-01117,0.0,Approve,0,0.2912,0.9333
LN-HM-01118,0.0758,Approve,0,0.2234,0.7949
LN-HM-01119,0.4665,Reject,0,0.8148,0.0
LN-HM-01120,0.0,Approve,0,0.2795,0.0
LN-HM-01121,0.6383,Reject,1,0.7841,0.9381
LN-HM-01122,0.0251,Approve,0,0.301,0.8226
LN-HM-01123,0.2242,Review,0,0.4179,0.6974
LN-HM-01124,0.1472,Approve,0,0.4255,0.8319
LN-HM-01125,0.4624,Reject,0,0.5099,0.8498
LN-HM-01126,0.7659,Reject,1,0.5714,0.6623
LN-HM-01127,0.9589,Reject,1,0.8104,0.7113
LN-HM-01128,0.594,Reject,0,0.8322,0.8132
LN-HM-01129,0.2801,Reject,0,0.6087,0.0
LN-HM-01130,0.2063,Reject,0,0.6378,0.9324
LN-HM-01131,0.0,Approve,0,0.3523,0.0
LN-HM-01132,0.6912,Reject,1,1.1746,0.0
LN-HM-01133,0.7516,Reject,0,0.5874,0.0
LN-HM-01134,0.4626,Reject,1,0.9869,0.6901
LN-HM-01135,0.0,Approve,0,0.4924,0.6839
LN-HM-01136,0.1453,Review,0,0.5422,0.0
LN-HM-01137,0.3106,Review,1,0.4113,0.8158
LN-HM-01138,0.0,Approve,0,0.2325,0.0
LN-HM-01139,0.2311,Reject,0,0.6034,0.0
LN-HM-01140,0.3168,Reject,1,0.6281,0.7874
LN-HM-01141,0.799,Reject,1,0.6445,0.6792
LN-HM-01142,0.45,Reject,0,0.5712,0.6893
LN-HM-01143,0.3564,Reject,0,0.5962,0.7391
LN-HM-01144,0.672,Reject,1,0.936,0.6935
LN-HM-01145,0.0,Approve,0,0.3278,0.0
LN-HM-01146,0.2378,Reject,0,0.5724,0.7014
LN-HM-01147,0.9716,Reject,1,0.827,0.7727
LN-HM-01148,0.4459,Reject,1,0.4749,0.6728
LN-HM-01149,0.0,Approve,0,0.1769,0.0
LN-HM-01150,0.0229,Approve,0,0.4148,0.8387
LN-HM-01151,0.3675,Reject,0,0.7394,0.0
LN-HM-01152,1.0,Reject,1,0.6534,0.8425
LN-HM-01153,0.3824,Reject,1,0.5638,0.0
LN-HM-01154,0.6531,Reject,1,0.4393,0.9437
LN-HM-01155,0.0743,Approve,0,0.465,0.0
LN-HM-01156,0.3843,Reject,1,0.5639,0.8269
LN-HM-01157,0.0,Approve,0,0.4177,0.8037
LN-HM-01158,0.677,Reject,0,0.6745,0.9213
LN-HM-01159,0.1369,Approve,0,0.4205,0.0
LN-HM-01160,0.0,Approve,0,0.4102,0.7703
LN-HM-01161,0.2438,Review,1,0.524,0.0
LN-HM-01162,0.0,Approve,0,0.4339,0.9138
LN-HM-01163,0.7391,Reject,1,0.5473,0.0
LN-HM-01164,0.1178,Approve,0,0.3671,0.0
LN-HM-01165,1.0,Reject,1,0.8335,0.814
LN-HM-01166,0.3852,Reject,1,0.8699,0.0
LN-HM-01167,0.6428,Reject,0,0.7072,0.9297
LN-HM-01168,0.2084,Reject,0,0.5731,0.758
LN-HM-01169,0.0,Approve,0,0.4034,0.7576
LN-HM-01170,0.0,Approve,0,0.4283,0.6919
LN-HM-01171,0.5311,Reject,0,0.3334,0.6907
LN-HM-01172,0.0,Approve,0,0.2493,0.9
LN-HM-01173,0.4284,Reject,1,0.7209,0.7598
LN-HM-01174,1.0,Reject,1,0.9153,0.8857
LN-HM-01175,0.5058,Reject,1,0.4557,0.0
LN-HM-01176,1.0,Reject,1,0.6529,0.8503
LN-HM-01177,0.3961,Reject,1,0.2469,0.9333
LN-HM-01178,0.1742,Reject,0,0.5994,0.741
LN-HM-01179,0.4715,Reject,1,0.6102,0.7895
LN-HM-01180,0.6671,Reject,1,0.6589,0.8176
LN-HM-01181,0.7667,Reject,1,0.6056,0.0
LN-HM-01182,0.6114,Reject,1,0.9742,0.0
LN-HM-01183,0.4475,Reject,1,0.663,0.0
LN-HM-01184,0.3804,Review,0,0.4121,0.8414
LN-HM-01185,0.2451,Review,0,0.5107,0.7712
LN-HM-01186,0.5175,Reject,1,0.5437,0.0
LN-HM-01187,0.9998,Reject,1,0.6967,0.0
LN-HM-01188,0.0,Approve,0,0.3726,0.0
LN-HM-01189,0.6904,Reject,0,0.6819,0.8031
LN-HM-01190,0.6465,Reject,0,0.8653,0.9485
LN-HM-01191,0.5408,Reject,1,0.6109,0.8764
LN-HM-01192,0.6805,Reject,0,0.819,0.9119
LN-HM-01193,0.4368,Reject,1,0.4016,0.9333
LN-HM-01194,0.1204,Approve,1,0.3957,0.9241
LN-HM-01195,0.1226,Approve,0,0.4632,0.8354
LN-HM-01196,0.0,Approve,0,0.3982,0.7607
LN-HM-01197,0.0,Approve,0,0.3709,0.7243
LN-HM-01198,0.0,Approve,0,0.2633,0.0
LN-HM-01199,0.4999,Reject,1,0.7285,0.7844
LN-HM-01200,0.0,Approve,0,0.3286,0.0
LN-HM-01201,0.7059,Reject,0,0.6376,0.6793
LN-HM-01202,0.0358,Approve,0,0.2774,0.0
LN-HM-01203,0.6169,Reject,1,0.8162,0.9327
LN-HM-01204,0.8456,Reject,0,0.6568,0.9373
LN-HM-01205,1.0,Reject,1,0.651,0.7173
LN-HM-01206,0.5119,Reject,0,0.5062,0.6883
LN-HM-01207,0.0,Approve,0,0.3661,0.8551
LN-HM-01208,0.768,Reject,1,0.6796,0.866
LN-HM-01209,0.2495,Reject,0,0.6037,0.7744
LN-HM-01210,0.6327,Reject,1,0.6097,0.7692
LN-HM-01211,0.1576,Approve,1,0.3986,0.9145
LN-HM-01212,0.0,Approve,0,0.4504,0.6622
LN-HM-01213,0.0,Approve,0,0.4633,0.7902
LN-HM-01214,0.5329,Reject,1,0.5965,0.8106
LN-HM-01215,0.6319,Reject,1,0.9022,0.8882
LN-HM-01216,0.777,Reject,0,0.5183,0.0
LN-HM-01217,0.5311,Reject,0,0.6832,0.6691
LN-HM-01218,0.4498,Reject,1,0.9759,0.0
LN-HM-01219,0.7743,Reject,1,0.6082,0.8725
LN-HM-01220,0.0,Approve,0,0.4363,0.0
LN-HM-01221,0.3752,Reject,0,0.6063,0.9368
LN-HM-01222,0.5401,Reject,1,0.5918,0.9212
LN-HM-01223,0.7146,Reject,1,0.7527,0.7632
LN-HM-01224,0.4235,Reject,0,0.5587,0.9278
LN-HM-01225,0.7023,Reject,1,0.6757,0.7896
LN-HM-01226,0.3391,Reject,0,0.554,0.6813
LN-HM-01227,0.2432,Review,0,0.5485,0.7451
LN-HM-01228,0.411,Reject,0,0.6686,0.7796
LN-HM-01229,0.3662,Reject,0,0.6411,0.0
LN-HM-01230,0.057,Approve,0,0.4901,0.6972
LN-HM-01231,0.2211,Review,1,0.4821,0.8423
LN-HM-01232,0.1832,Reject,0,0.6308,0.9488
LN-HM-01233,0.9044,Reject,1,0.7271,0.0
LN-HM-01234,0.7471,Reject,1,0.8224,0.9284
LN-HM-01235,0.1075,Approve,0,0.4386,0.7068
LN-HM-01236,0.5064,Reject,1,0.5119,0.7606
LN-HM-01237,0.373,Reject,0,0.6892,0.7067
LN-HM-01238,0.5194,Reject,0,0.6848,0.0
LN-HM-01239,0.6988,Reject,1,0.7756,0.9489
LN-HM-01240,0.0,Approve,0,0.4945,0.0
LN-HM-01241,0.0,Approve,0,0.4392,0.7153
LN-HM-01242,0.2989,Review,0,0.5421,0.0
LN-HM-01243,0.567,Reject,1,0.7394,0.9339
LN-HM-01244,0.4778,Reject,0,0.6941,0.6986
LN-HM-01245,0.4851,Reject,0,0.8723,0.7608
LN-HM-01246,0.2172,Reject,0,0.6001,0.0
LN-HM-01247,0.6808,Reject,1,0.7101,0.8119
LN-HM-01248,0.4652,Reject,0,0.9343,0.0
LN-HM-01249,0.1768,Approve,0,0.4242,0.8033
LN-HM-01250,0.6785,Reject,0,0.7966,0.7393
LN-HM-01251,0.3115,Reject,0,0.6287,0.0
LN-HM-01252,0.8525,Reject,1,0.6604,0.8311
LN-HM-01253,0.2263,Reject,0,0.5931,0.7468
LN-HM-01254,0.7552,Reject,0,0.649,0.7506
LN-HM-01255,0.4842,Reject,1,0.7388,0.0
LN-HM-01256,0.5002,Reject,0,0.7561,0.0
LN-HM-01257,0.3192,Review,1,0.5174,0.8496
LN-HM-01258,0.5945,Reject,0,0.7127,0.8506
LN-HM-01259,0.1604,Approve,0,0.4124,0.7481
LN-HM-01260,0.4221,Reject,1,0.5013,0.8676
LN-HM-01261,0.9273,Reject,1,0.5992,0.8019
LN-HM-01262,0.5027,Reject,0,0.5366,0.7961
LN-HM-01263,0.3615,Review,1,0.5305,0.0
LN-HM-01264,0.1515,Review,0,0.5381,0.0
LN-HM-01265,0.393,Reject,0,0.4654,0.887
LN-HM-01266,0.6758,Reject,1,1.3466,0.0
LN-HM-01267,0.3721,Reject,0,0.6347,0.9076
LN-HM-01268,0.0,Approve,0,0.3652,0.0
LN-HM-01269,0.1761,Review,1,0.5018,0.7818
LN-HM-01270,0.7516,Reject,0,0.7257,0.9241
LN-HM-01271,0.2479,Review,0,0.4085,0.0
LN-HM-01272,0.4445,Reject,1,0.7615,0.6651
LN-HM-01273,0.5676,Reject,0,0.5673,0.0
LN-HM-01274,0.0,Approve,0,0.3938,0.7568
LN-HM-01275,0.0079,Approve,0,0.2978,0.0
LN-HM-01276,0.4611,Reject,1,0.4617,0.8182
LN-HM-01277,0.398,Review,0,0.4287,0.8007
LN-HM-01278,0.5002,Reject,1,0.5215,0.0
LN-HM-01279,0.261,Reject,0,0.5518,0.6603
LN-HM-01280,0.4509,Reject,1,0.5404,0.7036
LN-HM-01281,0.0,Approve,0,0.2658,0.7737
LN-HM-01282,0.4868,Reject,1,1.4111,0.0
LN-HM-01283,0.254,Review,0,0.5189,0.0
LN-HM-01284,0.0,Approve,0,0.4058,0.0
LN-HM-01285,0.3403,Reject,1,0.5818,0.8955
LN-HM-01286,0.6635,Reject,1,0.684,0.8506
LN-HM-01287,0.5707,Reject,1,0.5561,0.8022
LN-HM-01288,0.0,Approve,0,0.3458,0.7605
LN-HM-01289,0.5093,Reject,1,0.571,0.8333
LN-HM-01290,1.0,Reject,1,0.6894,0.8705
LN-HM-01291,0.7896,Reject,1,0.7713,0.9126
LN-HM-01292,0.6063,Reject,1,0.682,0.0
LN-HM-01293,0.0807,Approve,0,0.4082,0.8158
LN-HM-01294,0.9108,Reject,1,0.9057,0.8443
LN-HM-01295,0.0,Approve,0,0.4227,0.7829
LN-HM-01296,0.5214,Reject,1,0.5273,0.6968
LN-HM-01297,0.4176,Reject,0,0.5236,0.9261
LN-HM-01298,0.4338,Reject,1,0.5258,0.0
LN-HM-01299,0.5896,Reject,1,0.6066,0.7024
LN-HM-01300,0.442,Reject,1,1.171,0.0
LN-HM-01301,0.1501,Approve,0,0.485,0.8451
LN-HM-01302,0.4586,Reject,0,0.7184,0.7628
LN-HM-01303,0.4189,Reject,0,0.6709,0.7209
LN-HM-01304,0.2049,Review,0,0.4032,0.7
LN-HM-01305,0.2918,Review,0,0.3952,0.8442
LN-HM-01306,1.0,Reject,1,0.6921,0.7368
LN-HM-01307,0.6248,Reject,1,0.6575,0.8978
LN-HM-01308,0.515,Reject,0,0.5145,0.0
LN-HM-01309,0.0221,Approve,0,0.2162,0.8983
LN-HM-01310,0.0555,Approve,0,0.3597,0.7053
LN-HM-01311,1.0,Reject,1,0.9184,0.8287
LN-HM-01312,0.9135,Reject,1,1.1185,0.748
LN-HM-01313,0.6759,Reject,1,0.989,0.8645
LN-HM-01314,0.7585,Reject,1,0.863,0.7435
LN-HM-01315,0.5773,Reject,1,0.7213,0.7668
LN-HM-01316,0.7296,Reject,1,0.5071,0.8287
LN-HM-01317,0.1758,Approve,0,0.3643,0.9037
LN-HM-01318,0.2473,Reject,0,0.6255,0.9106
LN-HM-01319,0.9544,Reject,1,0.7951,0.6527
LN-HM-01320,0.0,Approve,0,0.4599,0.0
LN-HM-01321,0.6241,Reject,1,0.7551,0.8431
LN-HM-01322,0.4896,Reject,0,1.0044,0.6921
LN-HM-01323,0.4977,Reject,1,0.6553,0.0
LN-HM-01324,0.1639,Approve,1,0.4736,0.0
LN-HM-01325,0.7208,Reject,0,0.533,0.898
LN-HM-01326,0.1637,Approve,0,0.2874,0.0
LN-HM-01327,0.679,Reject,1,0.7031,0.0
LN-HM-01328,0.0338,Approve,0,0.2531,0.7279
LN-HM-01329,0.465,Reject,1,0.8146,0.0
LN-HM-01330,0.6812,Reject,1,0.5752,0.7815
LN-HM-01331,0.4309,Reject,1,0.9429,0.0
LN-HM-01332,0.7301,Reject,0,0.7358,0.7986
LN-HM-01333,0.4905,Reject,1,0.6767,0.0
LN-HM-01334,0.2402,Review,0,0.3667,0.9139
LN-HM-01335,0.0,Approve,0,0.3674,0.6807
LN-HM-01336,0.2571,Review,1,0.5395,0.791
LN-HM-01337,0.057,Approve,0,0.4981,0.0
LN-HM-01338,0.96,Reject,1,0.7325,0.7112
LN-HM-01339,0.7114,Reject,1,0.6161,0.8727
LN-HM-01340,0.5048,Reject,0,0.6828,0.0
LN-HM-01341,0.0822,Approve,0,0.4937,0.0
LN-HM-01342,0.041,Approve,0,0.4865,0.0
LN-HM-01343,0.2196,Review,0,0.473,0.8425
LN-HM-01344,0.005,Approve,0,0.4153,0.0
LN-HM-01345,0.5305,Reject,0,0.5475,0.8605
LN-HM-01346,0.4144,Reject,1,0.468,0.8182
LN-HM-01347,0.4384,Reject,0,0.8363,0.6725
LN-HM-01348,0.2428,Review,0,0.3291,0.0
LN-HM-01349,0.8761,Reject,1,0.7014,0.8679
LN-HM-01350,0.0,Approve,0,0.2818,0.0
LN-HM-01351,0.2391,Reject,1,0.5534,0.7235
LN-HM-01352,0.5698,Reject,1,0.6583,0.6833
LN-HM-01353,0.7397,Reject,1,0.8561,0.7174
LN-HM-01354,0.3447,Reject,1,0.6116,0.8992
LN-HM-01355,0.2151,Reject,0,0.5555,0.0
LN-HM-01356,0.0,Approve,0,0.498,0.0
LN-HM-01357,0.4701,Reject,0,0.9811,0.7529
LN-HM-01358,0.1924,Review,0,0.5314,0.7461
LN-HM-01359,0.5202,Reject,1,0.7093,0.0
LN-HM-01360,0.7056,Reject,1,0.6517,0.7389
LN-HM-01361,0.9332,Reject,1,0.904,0.0
LN-HM-01362,0.7199,Reject,1,0.6535,0.6938
LN-HM-01363,0.712,Reject,0,0.5783,0.8889
LN-HM-01364,0.0,Approve,0,0.4405,0.7297
LN-HM-01365,0.2905,Review,0,0.5264,0.6823
LN-HM-01366,0.5621,Reject,1,0.694,0.0
LN-HM-01367,0.5816,Reject,1,0.8834,0.0
LN-HM-01368,0.3068,Reject,0,0.6427,0.7677
LN-HM-01369,0.1837,Approve,0,0.4568,0.6833
LN-HM-01370,0.6861,Reject,1,0.9285,0.7778
LN-HM-01371,0.2418,Reject,0,0.6293,0.854
LN-HM-01372,0.0,Approve,0,0.4672,0.0
LN-HM-01373,0.741,Reject,1,0.6273,0.0
LN-HM-01374,0.1759,Reject,0,0.5828,0.8806
LN-HM-01375,0.0,Approve,0,0.459,0.0
LN-HM-01376,0.7346,Reject,1,0.7419,0.8333
LN-HM-01377,0.3513,Reject,0,1.261,0.0
LN-HM-01378,0.0,Approve,0,0.3021,0.744
LN-HM-01379,0.2277,Review,0,0.4615,0.9305
LN-HM-01380,0.4463,Reject,0,0.6474,0.8156
LN-HM-01381,1.0,Reject,1,0.6706,0.8631
LN-HM-01382,0.0127,Approve,0,0.4398,0.6544
LN-HM-01383,0.3125,Review,0,0.5303,0.8481
LN-HM-01384,0.652,Reject,1,0.6781,0.8843
LN-HM-01385,0.4441,Reject,0,0.6043,0.7871
LN-HM-01386,0.7532,Reject,1,0.7576,0.6683
LN-HM-01387,0.9334,Reject,1,0.8431,0.7103
LN-HM-01388,0.6049,Reject,0,0.677,0.9375
LN-HM-01389,0.6486,Reject,1,0.9318,0.6766
LN-HM-01390,0.6266,Reject,0,0.4459,0.8104
LN-HM-01391,0.8547,Reject,1,0.7428,0.8916
LN-HM-01392,0.3114,Reject,0,0.5712,0.0
LN-HM-01393,0.2856,Review,0,0.5249,0.0
LN-HM-01394,0.0,Approve,0,0.4009,0.0
LN-HM-01395,0.5704,Reject,1,0.6958,0.0
LN-HM-01396,0.1249,Approve,0,0.245,0.0
LN-HM-01397,0.437,Reject,0,0.3999,0.0
LN-HM-01398,0.0,Approve,0,0.4687,0.0
LN-HM-01399,0.5928,Reject,1,0.6851,0.761
LN-HM-01400,0.2877,Reject,0,0.6445,0.6773
LN-HM-01401,0.4776,Reject,1,0.8579,0.7029
LN-HM-01402,0.0541,Approve,0,0.315,0.6864
LN-HM-01403,0.548,Reject,0,0.7865,0.8797
LN-HM-01404,0.258,Reject,1,0.5746,0.6763
LN-HM-01405,0.7408,Reject,1,0.5701,0.0
LN-HM-01406,0.6354,Reject,0,0.6638,0.0
LN-HM-01407,0.4667,Reject,1,0.516,0.0
LN-HM-01408,0.0411,Approve,0,0.201,0.0
LN-HM-01409,1.0,Reject,1,0.8057,0.9413
LN-HM-01410,0.2936,Reject,0,0.5647,0.0
LN-HM-01411,0.9102,Reject,1,0.8107,0.6539
LN-HM-01412,0.2353,Review,0,0.2855,0.0
LN-HM-01413,0.5215,Reject,0,1.4788,0.0
LN-HM-01414,0.5501,Reject,1,0.836,0.0
LN-HM-01415,0.2592,Reject,0,0.5917,0.0
LN-HM-01416,1.0,Reject,1,1.0931,0.0
LN-HM-01417,0.7341,Reject,1,0.6817,0.7255
LN-HM-01418,0.0677,Approve,0,0.3674,0.7604
LN-HM-01419,0.072,Approve,0,0.247,0.8521
LN-HM-01420,0.1154,Approve,0,0.4373,0.872
LN-HM-01421,0.4287,Reject,0,1.1773,0.0
LN-HM-01422,0.3358,Review,0,0.5217,0.0
LN-HM-01423,0.2875,Reject,0,0.6374,0.7977
LN-HM-01424,0.0,Approve,0,0.3815,0.0
LN-HM-01425,0.1951,Approve,0,0.3315,0.6667
LN-HM-01426,0.3427,Reject,0,0.6163,0.7654
LN-HM-01427,0.259,Reject,0,0.6392,0.0
LN-HM-01428,0.4707,Reject,0,1.0052,0.0
LN-HM-01429,0.5327,Reject,1,0.7369,0.6633
LN-HM-01430,0.5127,Reject,1,0.7166,0.6926
LN-HM-01431,0.7108,Reject,0,0.6869,0.0
LN-HM-01432,0.1273,Approve,0,0.4588,0.9217
LN-HM-01433,0.3648,Review,0,0.4386,0.8855
LN-HM-01434,0.2497,Review,1,0.5421,0.0
LN-HM-01435,0.0,Approve,0,0.4867,0.0
LN-HM-01436,0.4702,Reject,1,0.4106,0.8561
LN-HM-01437,0.2276,Reject,0,0.5659,0.7826
LN-HM-01438,0.5019,Reject,1,0.8128,0.7346
LN-HM-01439,0.1931,Review,0,0.5034,0.7351
LN-HM-01440,0.5273,Reject,1,0.5222,0.9158
LN-HM-01441,0.2339,Reject,0,0.5882,0.0
LN-HM-01442,0.9206,Reject,1,0.7869,0.747
LN-HM-01443,0.5313,Reject,1,1.006,0.6783
LN-HM-01444,0.0156,Approve,0,0.2826,0.0
LN-HM-01445,0.506,Reject,0,0.8466,0.7922
LN-HM-01446,0.2901,Reject,1,0.5954,0.7559
LN-HM-01447,0.71,Reject,1,0.9339,0.0
LN-HM-01448,0.5741,Reject,1,0.8728,0.7663
LN-HM-01449,0.0,Approve,0,0.4355,0.7628
LN-HM-01450,0.3584,Reject,0,0.3707,0.6699
LN-HM-01451,0.2564,Reject,0,0.5975,0.0
LN-HM-01452,0.1939,Approve,1,0.3926,0.8039
LN-HM-01453,0.4686,Reject,0,0.411,0.0
LN-HM-01454,0.5637,Reject,0,0.7129,0.74
LN-HM-01455,0.4161,Reject,0,1.5466,0.0
LN-HM-01456,0.2962,Reject,0,0.5669,0.942
LN-HM-01457,0.0,Approve,0,0.4991,0.0
LN-HM-01458,0.6445,Reject,1,0.7432,0.8173
LN-HM-01459,0.4824,Reject,0,0.7014,0.8992
LN-HM-01460,0.238,Reject,0,0.5911,0.7689
LN-HM-01461,0.2243,Review,1,0.4012,0.8592
LN-HM-01462,0.3659,Reject,0,0.6032,0.8887
LN-HM-01463,0.3614,Reject,1,1.1624,0.0
LN-HM-01464,0.9295,Reject,1,0.8184,0.7519
LN-HM-01465,0.1527,Approve,0,0.4768,0.8285
LN-HM-01466,0.0495,Approve,0,0.3343,0.8929
LN-HM-01467,0.4952,Reject,0,0.7257,0.7229
LN-HM-01468,0.0113,Approve,0,0.46,0.0
LN-HM-01469,0.2423,Review,0,0.5418,0.6709
LN-HM-01470,0.208,Review,0,0.4443,0.9402
LN-HM-01471,0.4379,Reject,0,0.4188,0.7168
LN-HM-01472,0.1323,Approve,0,0.224,0.7674
LN-HM-01473,0.2648,Review,0,0.4913,0.6667
LN-HM-01474,0.744,Reject,1,0.9125,0.8452
LN-HM-01475,0.8878,Reject,1,0.6229,0.8105
LN-HM-01476,0.2921,Reject,0,0.5526,0.6636
LN-HM-01477,0.5666,Reject,1,0.6291,0.0
LN-HM-01478,0.3579,Reject,0,0.7323,0.7951
LN-HM-01479,0.453,Reject,0,0.7829,0.7829
LN-HM-01480,0.542,Reject,1,0.5654,0.8388
LN-HM-01481,0.6928,Reject,1,0.7033,0.8163
LN-HM-01482,0.4404,Reject,1,0.5114,0.8398
LN-HM-01483,0.3647,Reject,1,0.6919,0.8889
LN-HM-01484,0.2427,Review,0,0.5365,0.0
LN-HM-01485,0.7423,Reject,0,0.7493,0.0
LN-HM-01486,0.7727,Reject,1,0.6528,0.9053
LN-HM-01487,0.228,Reject,0,0.6419,0.7249
LN-HM-01488,0.5237,Reject,1,0.8471,0.6509
LN-HM-01489,0.417,Reject,0,0.7862,0.7116
LN-HM-01490,0.3919,Reject,1,0.7753,0.7355
LN-HM-01491,0.0,Approve,0,0.3848,0.0
LN-HM-01492,0.6517,Reject,0,0.7357,0.9274
LN-HM-01493,1.0,Reject,1,0.6738,0.8429
LN-HM-01494,0.3387,Reject,0,0.6096,0.7344
LN-HM-01495,0.5165,Reject,1,0.6677,0.7088
LN-HM-01496,0.2652,Review,0,0.4786,0.7165
LN-HM-01497,0.5155,Reject,1,0.7844,0.9291
LN-HM-01498,0.4365,Reject,1,0.8285,0.7352
LN-HM-01499,0.8557,Reject,1,0.8415,0.8022
LN-HM-01500,0.5496,Reject,1,0.8498,0.8974
LN-HM-01501,0.6594,Reject,1,0.8809,0.8726
LN-HM-01502,0.7839,Reject,0,0.82,0.8522
LN-HM-01503,0.4132,Reject,0,1.4202,0.0
LN-HM-01504,0.1713,Approve,0,0.4604,0.8127
LN-HM-01505,0.7107,Reject,1,0.6756,0.9226
LN-HM-01506,0.673,Reject,1,0.8409,0.0
LN-HM-01507,0.5783,Reject,1,0.8719,0.7892
LN-HM-01508,0.4943,Reject,1,0.7348,0.7841
LN-HM-01509,0.2417,Review,0,0.2712,0.8524
LN-HM-01510,0.3639,Reject,0,0.594,0.7327
LN-HM-01511,0.4025,Reject,0,0.3445,0.8966
LN-HM-01512,0.3405,Reject,0,0.7403,0.8587
LN-HM-01513,0.8994,Reject,0,0.8483,0.913
LN-HM-01514,0.6948,Reject,1,0.8991,0.8571
LN-HM-01515,0.8235,Reject,1,0.7958,0.0
LN-HM-01516,0.2913,Reject,1,0.6367,0.7009
LN-HM-01517,0.9895,Reject,1,0.803,0.0
LN-HM-01518,0.4661,Reject,1,0.8182,0.7274
LN-HM-01519,0.677,Reject,0,0.8319,0.7694
LN-HM-01520,0.5115,Reject,1,0.7248,0.6585
LN-HM-01521,0.1527,Approve,0,0.4506,0.7597
LN-HM-01522,0.1414,Approve,0,0.3352,0.9218
LN-HM-01523,0.3412,Review,0,0.3097,0.8317
LN-HM-01524,0.1257,Approve,0,0.2764,0.9263
LN-HM-01525,0.7552,Reject,1,0.6326,0.7056
LN-HM-01526,0.5795,Reject,1,0.6633,0.74
LN-HM-01527,0.3378,Reject,1,0.9464,0.6602
LN-HM-01528,0.546,Reject,1,1.2136,0.0
LN-HM-01529,0.5105,Reject,0,0.7085,0.6593
LN-HM-01530,0.442,Reject,0,0.6052,0.8908
LN-HM-01531,0.9528,Reject,1,0.5587,0.8881
LN-HM-01532,0.0462,Approve,0,0.2476,0.0
LN-HM-01533,0.7665,Reject,1,0.8255,0.6623
LN-HM-01534,1.0,Reject,1,0.6767,0.9084
LN-HM-01535,0.7068,Reject,1,0.5255,0.9215
LN-HM-01536,0.9118,Reject,1,0.7711,0.7684
LN-HM-01537,0.0211,Approve,0,0.2347,0.0
LN-HM-01538,0.1327,Approve,0,0.3483,0.9023
LN-HM-01539,0.103,Approve,0,0.2894,0.0
LN-HM-01540,0.0,Approve,0,0.347,0.0
LN-HM-01541,0.2512,Review,0,0.5415,0.715
LN-HM-01542,0.5659,Reject,0,0.7378,0.9383
LN-HM-01543,0.6402,Reject,0,0.9857,0.6831
LN-HM-01544,0.5029,Reject,0,0.655,0.7387
LN-HM-01545,0.918,Reject,1,0.7455,0.7611
LN-HM-01546,0.5567,Reject,1,0.7949,0.8462
LN-HM-01547,0.7305,Reject,1,0.6803,0.8767
LN-HM-01548,0.205,Review,1,0.4055,0.8862
LN-HM-01549,0.3769,Reject,0,0.553,0.8921
LN-HM-01550,0.554,Reject,1,0.7087,0.9091
LN-HM-01551,0.7498,Reject,0,0.8589,0.9348
LN-HM-01552,0.5236,Reject,0,0.5592,0.6948
LN-HM-01553,0.046,Approve,0,0.4118,0.0
LN-HM-01554,0.204,Review,0,0.3445,0.0
LN-HM-01555,0.7363,Reject,1,0.8793,0.9094
LN-HM-01556,0.6872,Reject,1,0.5257,0.8374
LN-HM-01557,0.9855,Reject,1,0.7372,0.8895
LN-HM-01558,0.2406,Reject,0,0.5981,0.0
LN-HM-01559,0.0,Approve,0,0.4559,0.7778
LN-HM-01560,0.3457,Reject,0,0.6106,0.0
LN-HM-01561,0.3787,Reject,1,0.5839,0.8815
LN-HM-01562,0.0259,Approve,0,0.4075,0.0
LN-HM-01563,0.6837,Reject,1,0.5092,0.8086
LN-HM-01564,0.6639,Reject,0,0.5602,0.0
LN-HM-01565,0.7,Reject,1,0.4934,0.915
LN-HM-01566,0.4657,Reject,1,0.7329,0.654
LN-HM-01567,0.6044,Reject,1,0.7086,0.8971
LN-HM-01568,0.0885,Approve,0,0.4847,0.0
LN-HM-01569,0.5062,Reject,0,0.51,0.8182
LN-HM-01570,0.1321,Approve,0,0.2478,0.6842
LN-HM-01571,0.0567,Approve,0,0.427,0.7327
LN-HM-01572,0.0,Approve,0,0.4643,0.7861
LN-HM-01573,0.2572,Reject,0,0.6457,0.0
LN-HM-01574,0.2072,Review,0,0.2693,0.0
LN-HM-01575,0.7677,Reject,1,0.5948,0.9412
LN-HM-01576,0.0,Approve,0,0.4934,0.7033
LN-HM-01577,0.4996,Reject,0,0.8646,0.7405
LN-HM-01578,0.4173,Reject,1,0.8558,0.7164
LN-HM-01579,0.9253,Reject,1,0.5801,0.893
LN-HM-01580,0.5145,Reject,0,0.5475,0.8386
LN-HM-01581,0.2227,Reject,1,0.585,0.913
LN-HM-01582,0.2384,Review,1,0.4545,0.8585
LN-HM-01583,0.7041,Reject,1,0.3456,0.9174
LN-HM-01584,0.4757,Reject,0,0.6898,0.6901
LN-HM-01585,0.2865,Reject,0,0.5598,0.0
LN-HM-01586,0.3859,Review,1,0.468,0.9137
LN-HM-01587,0.6701,Reject,1,0.8663,0.6995
LN-HM-01588,0.7279,Reject,0,0.7573,0.7444
LN-HM-01589,0.9063,Reject,1,0.8323,0.9409
LN-HM-01590,0.5256,Reject,1,0.6699,0.0
LN-HM-01591,0.4746,Reject,1,0.5409,0.0
LN-HM-01592,0.6498,Reject,1,1.0471,0.0
LN-HM-01593,0.2021,Reject,0,0.5873,0.7967
LN-HM-01594,0.3203,Reject,0,0.5827,0.6774
LN-HM-01595,0.5187,Reject,0,0.6563,0.7419
LN-HM-01596,1.0,Reject,1,0.6641,0.8325
LN-HM-01597,0.9617,Reject,1,0.8328,0.785
LN-HM-01598,0.6814,Reject,1,0.6773,0.7474
LN-HM-01599,0.4034,Reject,0,0.6903,0.7937
LN-HM-01600,0.8659,Reject,1,0.6739,0.0
LN-HM-01601,0.6632,Reject,1,0.7127,0.813
LN-HM-01602,0.9899,Reject,1,0.6752,0.9323
LN-HM-01603,0.4953,Reject,1,0.6037,0.7286
LN-HM-01604,0.8371,Reject,0,0.7353,0.8356
LN-HM-01605,0.0521,Approve,0,0.3836,0.0
LN-HM-01606,0.4282,Reject,0,0.4238,0.0
LN-HM-01607,0.432,Reject,0,0.7539,0.0
LN-HM-01608,0.8972,Reject,1,0.6918,0.8596
LN-HM-01609,0.4186,Reject,0,0.6368,0.6975
LN-HM-01610,0.2348,Review,0,0.3939,0.9453
LN-HM-01611,0.6597,Reject,1,0.7219,0.8133
LN-HM-01612,0.4733,Reject,0,0.6449,0.8761
LN-HM-01613,0.4639,Reject,0,0.7296,0.6833
LN-HM-01614,0.3761,Reject,1,0.621,0.7719
LN-HM-01615,0.3769,Reject,1,0.5598,0.7398
LN-HM-01616,0.8019,Reject,0,0.5583,0.0
LN-HM-01617,0.2346,Reject,0,0.5771,0.6933
LN-HM-01618,0.4836,Reject,0,0.6545,0.9135
LN-HM-01619,0.6158,Reject,0,0.8553,0.0
LN-HM-01620,0.8688,Reject,0,0.7387,0.8848
LN-HM-01621,0.5851,Reject,0,0.7978,0.6675
LN-HM-01622,0.4381,Reject,1,0.6597,0.6579
LN-HM-01623,0.0094,Approve,0,0.4849,0.0
LN-HM-01624,0.6942,Reject,1,1.6554,0.0
LN-HM-01625,0.2681,Reject,0,0.6422,0.6686
LN-HM-01626,0.6202,Reject,0,1.306,0.0
LN-HM-01627,0.9105,Reject,1,0.8648,0.8485
LN-HM-01628,0.3554,Reject,1,0.9337,0.8391
LN-HM-01629,0.9554,Reject,1,1.355,0.0
LN-HM-01630,0.7258,Reject,1,0.6157,0.8315
LN-HM-01631,0.4915,Reject,1,0.7799,0.6649
LN-HM-01632,0.0,Approve,0,0.4904,0.0
LN-HM-01633,0.4962,Reject,1,0.5699,0.6953
LN-HM-01634,0.0,Approve,0,0.3665,0.6613
LN-HM-01635,0.2628,Review,0,0.4826,0.7413
LN-HM-01636,0.1274,Approve,0,0.4629,0.9308
LN-HM-01637,0.1797,Reject,0,0.6219,0.9
LN-HM-01638,0.5278,Reject,0,0.58,0.8249
LN-HM-01639,0.0,Approve,0,0.4337,0.0
LN-HM-01640,0.4759,Reject,0,0.6184,0.0
LN-HM-01641,0.1097,Approve,0,0.4095,0.661
LN-HM-01642,0.4836,Reject,0,0.5799,0.9013
LN-HM-01643,0.7654,Reject,1,1.053,0.9137
LN-HM-01644,0.0,Approve,0,0.4476,0.8409
LN-HM-01645,0.5463,Reject,1,0.5892,0.7428
LN-HM-01646,0.7733,Reject,1,0.8724,0.6687
LN-HM-01647,0.4404,Reject,1,0.8118,0.7606
LN-HM-01648,0.0283,Approve,0,0.4709,0.0
LN-HM-01649,0.1261,Approve,0,0.377,0.0
LN-HM-01650,0.4196,Reject,1,0.7546,0.708
LN-HM-01651,0.715,Reject,1,0.9093,0.8478
LN-HM-01652,0.4883,Reject,0,0.5627,0.0
LN-HM-01653,0.6947,Reject,1,0.6823,0.8593
LN-HM-01654,0.4439,Reject,1,0.6957,0.729
LN-HM-01655,0.3042,Review,1,0.5396,0.8645
LN-HM-01656,0.1875,Approve,1,0.3522,0.7658
LN-HM-01657,0.0,Approve,0,0.445,0.6513
LN-HM-01658,0.4488,Reject,0,0.6835,0.8658
LN-HM-01659,0.4543,Reject,0,0.6051,0.7028
LN-HM-01660,0.8541,Reject,0,0.7706,0.8268
LN-HM-01661,0.1327,Reject,0,0.5636,0.6508
LN-HM-01662,0.6873,Reject,1,0.8742,0.8089
LN-HM-01663,0.3852,Review,0,0.5231,0.0
LN-HM-01664,0.1192,Approve,0,0.3763,0.9195
LN-HM-01665,0.3952,Reject,1,0.6793,0.0
LN-HM-01666,0.0,Approve,0,0.2767,0.7666
LN-HM-01667,0.0997,Approve,0,0.3608,0.7903
LN-HM-01668,0.7175,Reject,0,0.9008,0.7295
LN-HM-01669,0.2079,Review,0,0.4581,0.6847
LN-HM-01670,0.7064,Reject,0,0.6607,0.843
LN-HM-01671,0.8542,Reject,1,0.516,0.0
LN-HM-01672,0.0433,Approve,0,0.407,0.0
LN-HM-01673,0.2607,Review,0,0.5014,0.0
LN-HM-01674,0.965,Reject,1,0.5618,0.8118
LN-HM-01675,0.1928,Approve,0,0.4896,0.0
LN-HM-01676,0.3815,Reject,0,0.6149,0.8451
LN-HM-01677,0.2712,Reject,1,0.6148,0.0
LN-HM-01678,0.9437,Reject,1,0.7439,0.0
LN-HM-01679,0.4517,Reject,1,0.72,0.6889
LN-HM-01680,0.7717,Reject,1,0.9309,0.8871
LN-HM-01681,0.6225,Reject,1,0.9104,0.0
LN-HM-01682,0.2757,Review,1,0.5302,0.8095
LN-HM-01683,0.5966,Reject,0,0.6565,0.9454
LN-HM-01684,0.2501,Reject,1,0.626,0.6609
LN-HM-01685,0.3477,Review,0,0.5303,0.7584
LN-HM-01686,0.9988,Reject,1,0.634,0.8133
LN-HM-01687,0.0,Approve,0,0.3936,0.0
LN-HM-01688,0.2051,Review,1,0.4744,0.0
LN-HM-01689,0.0,Approve,0,0.4895,0.0
LN-HM-01690,1.0,Reject,1,0.7702,0.8279
LN-HM-01691,0.7209,Reject,1,1.4724,0.0
LN-HM-01692,0.0,Approve,0,0.4432,0.6536
LN-HM-01693,0.1139,Approve,1,0.4476,0.9188
LN-HM-01694,0.145,Reject,0,0.5806,0.8611
LN-HM-01695,0.7495,Reject,1,0.5511,0.8352
LN-HM-01696,0.0,Approve,0,0.322,0.9195
LN-HM-01697,0.7379,Reject,0,0.5115,0.7
LN-HM-01698,0.7312,Reject,0,0.5557,0.8927
LN-HM-01699,0.4681,Reject,0,0.8001,0.7309
LN-HM-01700,0.46,Reject,0,1.1115,0.0
LN-HM-01701,0.6332,Reject,1,1.4115,0.0
LN-HM-01702,0.283,Reject,1,0.6284,0.0
LN-HM-01703,0.651,Reject,1,0.6425,0.8815
LN-HM-01704,0.0649,Approve,0,0.342,0.8571
LN-HM-01705,0.7823,Reject,1,0.9802,0.8272
LN-HM-01706,0.2091,Review,0,0.4869,0.8362
LN-HM-01707,0.9719,Reject,1,0.742,0.9474
LN-HM-01708,0.0,Approve,0,0.2615,0.0
LN-HM-01709,0.2006,Reject,0,0.5562,0.0
LN-HM-01710,0.2494,Reject,1,0.5899,0.8418
LN-HM-01711,0.0,Approve,0,0.3096,0.7557
LN-HM-01712,0.7226,Reject,1,0.8655,0.8902
LN-HM-01713,0.0,Approve,0,0.3071,0.8585
LN-HM-01714,0.0,Approve,0,0.3895,0.6857
LN-HM-01715,0.2617,Review,0,0.5187,0.7213
LN-HM-01716,0.7965,Reject,1,0.5773,0.0
LN-HM-01717,0.2332,Review,0,0.32,0.0
LN-HM-01718,0.4634,Reject,0,0.5862,0.0
LN-HM-01719,0.9,Reject,1,0.7139,0.7895
LN-HM-01720,0.0,Approve,0,0.4314,0.0
LN-HM-01721,0.4459,Reject,0,0.7675,0.7914
LN-HM-01722,0.2829,Review,0,0.474,0.8396
LN-HM-01723,0.8814,Reject,1,0.8337,0.8606
LN-HM-01724,0.0,Approve,0,0.2653,0.0
LN-HM-01725,0.2019,Review,1,0.4792,0.7736
LN-HM-01726,0.4331,Reject,1,0.6017,0.9156
LN-HM-01727,0.4898,Reject,1,0.9094,0.6635
LN-HM-01728,0.4486,Reject,1,0.5473,0.9041
LN-HM-01729,0.4113,Reject,0,0.9946,0.0
LN-HM-01730,0.0697,Approve,0,0.3638,0.9299
LN-HM-01731,0.6309,Reject,0,0.6701,0.7379
LN-HM-01732,0.4476,Reject,1,1.0351,0.78
LN-HM-01733,0.1253,Approve,0,0.4038,0.0
LN-HM-01734,0.5171,Reject,0,0.6947,0.0
LN-HM-01735,0.1868,Review,0,0.5032,0.0
LN-HM-01736,0.458,Reject,1,0.7038,0.0
LN-HM-01737,0.0081,Approve,0,0.3593,0.6774
LN-HM-01738,1.0,Reject,1,0.9244,0.8198
LN-HM-01739,0.234,Review,0,0.3251,0.0
LN-HM-01740,0.4522,Reject,1,0.7103,0.8667
LN-HM-01741,0.7333,Reject,0,0.7408,0.8246
LN-HM-01742,0.0929,Approve,0,0.4953,0.0
LN-HM-01743,0.5744,Reject,0,0.7167,0.7209
LN-HM-01744,0.3412,Reject,0,0.6401,0.8837
LN-HM-01745,0.2989,Review,0,0.5112,0.0
LN-HM-01746,0.4054,Reject,0,0.7368,0.0
LN-HM-01747,0.1729,Approve,1,0.2799,0.9159
LN-HM-01748,0.4902,Reject,0,0.5554,0.8855
LN-HM-01749,0.5331,Reject,1,0.9984,0.7465
LN-HM-01750,0.9697,Reject,1,0.8063,0.9118
LN-HM-01751,0.2392,Review,0,0.426,0.6517
LN-HM-01752,0.42,Reject,0,0.5486,0.9281
LN-HM-01753,0.965,Reject,1,0.5177,0.8581
LN-HM-01754,0.1831,Approve,0,0.4887,0.8048
LN-HM-01755,0.4076,Reject,1,0.4555,0.8213
LN-HM-01756,0.4612,Reject,1,0.565,0.9273
LN-HM-01757,0.4471,Reject,1,0.6253,0.9335
LN-HM-01758,0.7496,Reject,1,0.5321,0.0
LN-HM-01759,0.6298,Reject,1,0.457,0.8883
LN-HM-01760,0.4347,Reject,1,0.6874,0.0
LN-HM-01761,0.6784,Reject,0,0.7391,0.0
LN-HM-01762,0.0,Approve,0,0.464,0.8435
LN-HM-01763,0.7219,Reject,1,0.7911,0.9311
LN-HM-01764,0.2679,Reject,0,0.6431,0.0
LN-HM-01765,0.0354,Approve,0,0.2789,0.9091
LN-HM-01766,0.8557,Reject,1,0.7295,0.6929
LN-HM-01767,0.3489,Reject,0,0.6465,0.0
LN-HM-01768,0.0,Approve,0,0.4649,0.0
LN-HM-01769,0.5592,Reject,0,0.5945,0.8713
LN-HM-01770,0.1869,Approve,0,0.4839,0.7066
LN-HM-01771,0.7356,Reject,1,0.6854,0.0
LN-HM-01772,0.3848,Reject,1,0.5785,0.0
LN-HM-01773,0.9461,Reject,1,0.9721,0.8878
LN-HM-01774,0.4424,Reject,0,0.6683,0.7723
LN-HM-01775,0.393,Reject,0,1.0671,0.6874
LN-HM-01776,0.2782,Reject,0,0.6006,0.6575
LN-HM-01777,0.0,Approve,0,0.3625,0.767
LN-HM-01778,0.415,Reject,0,0.7179,0.7258
LN-HM-01779,0.934,Reject,1,0.6992,0.0
LN-HM-01780,0.8621,Reject,1,0.855,0.8981
LN-HM-01781,0.7489,Reject,1,0.8109,0.8124
LN-HM-01782,0.3501,Reject,0,0.3708,0.7735
LN-HM-01783,0.2086,Review,1,0.478,0.7487
LN-HM-01784,0.5147,Reject,0,0.5158,0.9459
LN-HM-01785,0.2256,Reject,0,0.5685,0.7594
LN-HM-01786,1.0,Reject,1,0.7344,0.9072
LN-HM-01787,0.4716,Reject,1,0.3676,0.0
LN-HM-01788,0.004,Approve,0,0.421,0.6625
LN-HM-01789,0.1879,Approve,0,0.2264,0.0
LN-HM-01790,0.2686,Review,1,0.54,0.7453
LN-HM-01791,0.1571,Reject,0,0.5858,0.0
LN-HM-01792,0.3954,Reject,1,0.8614,0.7736
LN-HM-01793,0.2809,Review,0,0.5063,0.7633
LN-HM-01794,0.6284,Reject,0,0.8333,0.7176
LN-HM-01795,0.5502,Reject,1,0.7566,0.6591
LN-HM-01796,0.4565,Reject,1,0.3134,0.0
LN-HM-01797,0.4903,Reject,0,0.6702,0.8525
LN-HM-01798,0.5404,Reject,0,0.7376,0.0
LN-HM-01799,0.682,Reject,0,0.6895,0.7767
LN-HM-01800,0.4131,Reject,0,0.3906,0.0
LN-HM-01801,0.6636,Reject,1,0.8854,0.0
LN-HM-01802,0.5489,Reject,0,0.9552,0.8675
LN-HM-01803,0.0,Approve,0,0.3114,0.8873
LN-HM-01804,0.9639,Reject,1,0.6675,0.7857
LN-HM-01805,0.0,Approve,0,0.4932,0.7251
LN-HM-01806,0.2605,Reject,1,0.6212,0.0
LN-HM-01807,0.0119,Approve,0,0.4859,0.7842
LN-HM-01808,0.0,Approve,0,0.4026,0.9452
LN-HM-01809,0.0,Approve,0,0.2826,0.0
LN-HM-01810,0.2098,Review,0,0.3378,0.7628
LN-HM-01811,0.415,Reject,1,0.6559,0.7402
LN-HM-01812,0.3038,Reject,1,0.5526,0.827
LN-HM-01813,0.5225,Reject,1,0.5488,0.8375
LN-HM-01814,0.1825,Reject,0,0.5811,0.6667
LN-HM-01815,0.515,Reject,1,0.5738,0.8832
LN-HM-01816,0.4318,Reject,0,0.8196,0.8217
LN-HM-01817,0.4888,Reject,1,0.6006,0.8458
LN-HM-01818,0.62,Reject,1,0.7317,0.9295
LN-HM-01819,0.932,Reject,1,0.9251,0.7842
LN-HM-01820,0.245,Review,1,0.4096,0.8046
LN-HM-01821,0.0408,Approve,0,0.4314,0.774
LN-HM-01822,0.4822,Reject,0,0.7383,0.0
LN-HM-01823,0.3437,Reject,1,0.5664,0.7232
LN-HM-01824,0.0,Approve,0,0.4089,0.0
LN-HM-01825,0.4504,Reject,0,0.6301,0.762
LN-HM-01826,0.4667,Reject,0,0.5691,0.8307
LN-HM-01827,0.1527,Approve,0,0.3699,0.8632
LN-HM-01828,0.482,Reject,0,0.5767,0.8068
LN-HM-01829,0.5796,Reject,1,0.5211,0.8689
LN-HM-01830,0.0,Approve,0,0.1731,0.0
LN-HM-01831,0.0,Approve,0,0.4962,0.0
LN-HM-01832,0.598,Reject,1,1.5444,0.0
LN-HM-01833,0.4329,Reject,1,0.5379,0.8629
LN-HM-01834,0.2775,Reject,1,0.6353,0.75
LN-HM-01835,0.1847,Reject,1,0.564,0.6961
LN-HM-01836,0.3347,Reject,1,0.6234,0.7907
LN-HM-01837,0.9283,Reject,0,0.7791,0.0
LN-HM-01838,1.0,Reject,1,0.6971,0.8644
LN-HM-01839,1.0,Reject,1,1.208,0.0
LN-HM-01840,0.6646,Reject,0,0.6708,0.8936
LN-HM-01841,0.1774,Approve,0,0.408,0.9394
LN-HM-01842,1.0,Reject,1,0.7664,0.8987
LN-HM-01843,0.438,Reject,0,0.4381,0.0
LN-HM-01844,0.395,Reject,1,0.6013,0.9231
LN-HM-01845,0.1967,Reject,0,0.63,0.7069
LN-HM-01846,0.0,Approve,0,0.376,0.0
LN-HM-01847,0.9984,Reject,1,0.6584,0.7773
LN-HM-01848,0.6127,Reject,1,0.9089,0.8795
LN-HM-01849,0.6274,Reject,0,0.8167,0.6915
LN-HM-01850,0.0,Approve,0,0.4822,0.0
LN-HM-01851,0.402,Reject,1,0.6813,0.6866
LN-HM-01852,0.3847,Reject,1,0.8327,0.7488
LN-HM-01853,0.4524,Reject,1,1.1875,0.0
LN-HM-01854,0.0,Approve,0,0.2339,0.7131
LN-HM-01855,0.2069,Review,0,0.4532,0.9359
LN-HM-01856,0.0072,Approve,0,0.4112,0.9259
LN-HM-01857,0.0713,Approve,0,0.4184,0.0
LN-HM-01858,0.4337,Reject,1,0.5338,0.0
LN-HM-01859,0.6044,Reject,1,0.8922,0.8072
LN-HM-01860,0.4202,Reject,1,0.4256,0.7763
LN-HM-01861,0.5035,Reject,0,0.4868,0.854
LN-HM-01862,0.5695,Reject,1,0.8213,0.8239
LN-HM-01863,0.2477,Reject,0,0.6209,0.7671
LN-HM-01864,0.2458,Review,0,0.5217,0.0
LN-HM-01865,0.9726,Reject,1,0.742,0.6835
LN-HM-01866,0.6072,Reject,1,0.8124,0.0
LN-HM-01867,0.2176,Review,1,0.3933,0.7303
LN-HM-01868,0.8558,Reject,1,0.6717,0.8889
LN-HM-01869,0.6578,Reject,0,0.8889,0.9304
LN-HM-01870,0.1852,Approve,0,0.2839,0.0
LN-HM-01871,0.6152,Reject,1,0.7677,0.8513
LN-HM-01872,0.4404,Reject,0,0.6507,0.7095
LN-HM-01873,0.0,Approve,0,0.4785,0.6851
LN-HM-01874,0.5935,Reject,1,0.7745,0.8935
LN-HM-01875,0.7579,Reject,0,0.7086,0.7174
LN-HM-01876,0.3062,Reject,0,0.7901,0.9271
LN-HM-01877,0.9353,Reject,0,1.0245,0.6586
LN-HM-01878,0.6576,Reject,1,0.8133,0.8912
LN-HM-01879,0.478,Reject,1,0.9438,0.0
LN-HM-01880,0.5725,Reject,0,1.1695,0.0
LN-HM-01881,0.8668,Reject,1,0.7018,0.8645
LN-HM-01882,0.4314,Reject,0,0.7069,0.8777
LN-HM-01883,0.0,Approve,0,0.4992,0.7778
LN-HM-01884,0.1789,Approve,0,0.3688,0.0
LN-HM-01885,0.7812,Reject,1,0.896,0.7996
LN-HM-01886,0.9704,Reject,1,0.8429,0.0
LN-HM-01887,0.2771,Review,1,0.5486,0.0
LN-HM-01888,0.3973,Reject,1,0.417,0.6524
LN-HM-01889,0.4176,Reject,1,1.0246,0.0
LN-HM-01890,0.3908,Reject,0,0.718,0.0
LN-HM-01891,0.6845,Reject,1,0.5886,0.8088
LN-HM-01892,0.3995,Reject,0,0.9354,0.7143
LN-HM-01893,0.8203,Reject,1,0.9871,0.819
LN-HM-01894,0.2187,Reject,0,0.6235,0.6564
LN-HM-01895,0.402,Reject,0,0.8413,0.0
LN-HM-01896,0.6605,Reject,1,0.4513,0.9202
LN-HM-01897,0.3766,Reject,0,0.6101,0.8889
LN-HM-01898,0.8398,Reject,1,0.889,0.8692
LN-HM-01899,0.6908,Reject,0,0.6984,0.9095
LN-HM-01900,0.2148,Review,0,0.5247,0.6781
LN-HM-01901,0.457,Reject,0,1.3625,0.0
LN-HM-01902,0.1655,Approve,0,0.3547,0.0
LN-HM-01903,0.7063,Reject,1,0.6717,0.7431
LN-HM-01904,0.6373,Reject,1,0.6957,0.8788
LN-HM-01905,0.466,Reject,1,0.7405,0.0
LN-HM-01906,0.0,Approve,0,0.2887,0.7907
LN-HM-01907,0.4428,Reject,1,0.6475,0.9113
LN-HM-01908,0.0243,Approve,0,0.4415,0.0
LN-HM-01909,0.1471,Reject,0,0.6063,0.0
LN-HM-01910,0.6639,Reject,0,0.6133,0.9013
LN-HM-01911,0.6691,Reject,1,0.7358,0.9265
LN-HM-01912,0.3275,Reject,0,0.6401,0.7428
LN-HM-01913,0.4403,Reject,0,0.5869,0.0
LN-HM-01914,0.6329,Reject,1,0.5292,0.9412
LN-HM-01915,0.6831,Reject,1,1.1548,0.0
LN-HM-01916,0.6902,Reject,1,0.7172,0.6956
LN-HM-01917,0.5812,Reject,1,0.6451,0.7295
LN-HM-01918,0.7084,Reject,1,0.9139,0.7264
LN-HM-01919,0.4843,Reject,1,1.1869,0.0
LN-HM-01920,0.422,Reject,1,0.5067,0.8077
LN-HM-01921,0.4207,Reject,0,0.5545,0.8297
LN-HM-01922,0.8627,Reject,1,0.8167,0.9034
LN-HM-01923,0.2069,Review,0,0.4933,0.8875
LN-HM-01924,0.3358,Reject,0,0.5509,0.0
LN-HM-01925,0.3918,Reject,0,0.6941,0.0
LN-HM-01926,0.5355,Reject,1,0.6361,0.8101
LN-HM-01927,0.0,Approve,0,0.3322,0.732
LN-HM-01928,0.5661,Reject,0,0.9688,0.0
LN-HM-01929,0.2214,Reject,0,0.5897,0.0
LN-HM-01930,0.2995,Review,0,0.5318,0.0
LN-HM-01931,0.0,Approve,0,0.4615,0.0
LN-HM-01932,0.6134,Reject,0,0.9476,0.0
LN-HM-01933,0.931,Reject,1,0.7621,0.7301
LN-HM-01934,0.1916,Approve,0,0.3938,0.8349
LN-HM-01935,0.4833,Reject,1,0.7895,0.686
LN-HM-01936,0.7405,Reject,0,0.847,0.9174
LN-HM-01937,0.3454,Reject,0,0.6304,0.6518
LN-HM-01938,0.1784,Approve,0,0.3492,0.7248
LN-HM-01939,0.5984,Reject,1,0.7163,0.8531
LN-HM-01940,0.4218,Reject,0,0.4285,0.8675
LN-HM-01941,0.2873,Reject,1,0.5684,0.0
LN-HM-01942,0.4891,Reject,1,0.5542,0.7795
LN-HM-01943,0.4921,Reject,1,0.5747,0.72
LN-HM-01944,0.6346,Reject,0,0.7805,0.9369
LN-HM-01945,0.4353,Reject,1,0.575,0.9349
LN-HM-01946,0.0918,Approve,0,0.379,0.0
LN-HM-01947,0.4572,Reject,1,0.5332,0.0
LN-HM-01948,0.5647,Reject,0,1.0176,0.8513
LN-HM-01949,0.6736,Reject,1,0.6727,0.6833
LN-HM-01950,0.4052,Reject,1,0.5463,0.8899
LN-HM-01951,0.7602,Reject,1,0.7608,0.9335
LN-HM-01952,0.5267,Reject,1,0.7421,0.0
LN-HM-01953,0.9717,Reject,0,0.6654,0.0
LN-HM-01954,0.7572,Reject,1,0.9357,0.9351
LN-HM-01955,0.3422,Reject,1,0.6024,0.0
LN-HM-01956,0.3244,Reject,0,0.6242,0.7075
LN-HM-01957,0.6861,Reject,1,0.6578,0.8903
LN-HM-01958,0.6095,Reject,1,0.6537,0.6837
LN-HM-01959,0.9721,Reject,1,0.9567,0.8734
LN-HM-01960,0.0,Approve,0,0.4542,0.0
LN-HM-01961,0.0,Approve,0,0.3247,0.0
LN-HM-01962,0.2365,Review,1,0.5332,0.7089
LN-HM-01963,0.3897,Reject,0,1.4463,0.0
LN-HM-01964,0.3741,Reject,1,0.5975,0.9184
LN-HM-01965,0.2292,Review,0,0.5096,0.0
LN-HM-01966,0.7104,Reject,1,0.7603,0.7089
LN-HM-01967,0.9253,Reject,1,0.61,0.9079
LN-HM-01968,0.4454,Reject,1,0.6986,0.7442
LN-HM-01969,0.2756,Reject,0,0.639,0.7558
LN-HM-01970,0.7204,Reject,0,0.6408,0.6879
LN-HM-01971,0.5441,Reject,0,0.591,0.8365
LN-HM-01972,0.6368,Reject,0,0.7706,0.8351
LN-HM-01973,0.6538,Reject,1,0.9409,0.8299
LN-HM-01974,0.0,Approve,0,0.2335,0.738
LN-HM-01975,0.294,Reject,0,0.5968,0.6942
LN-HM-01976,0.5096,Reject,1,0.6025,0.0
LN-HM-01977,0.6722,Reject,1,0.6916,0.9208
LN-HM-01978,0.3244,Review,0,0.5271,0.0
LN-HM-01979,0.3476,Review,0,0.5078,0.8333
LN-HM-01980,0.9696,Reject,1,0.9439,0.7607
LN-HM-01981,0.4583,Reject,1,0.6952,0.72
LN-HM-01982,0.0299,Approve,1,0.3936,0.8319
LN-HM-01983,0.3969,Reject,1,0.9883,0.7097
LN-HM-01984,0.1285,Approve,0,0.4296,0.0
LN-HM-01985,0.1748,Reject,0,0.5576,0.0
LN-HM-01986,0.4502,Reject,0,0.7539,0.76
LN-HM-01987,0.9202,Reject,1,0.7989,0.7599
LN-HM-01988,0.2579,Reject,0,0.6069,0.8404
LN-HM-01989,0.1528,Reject,0,0.6372,0.854
LN-HM-01990,0.5156,Reject,0,0.5863,0.947
LN-HM-01991,0.4796,Reject,1,0.8689,0.7289
LN-HM-01992,0.6424,Reject,1,0.7102,0.6729
LN-HM-01993,0.5657,Reject,0,0.5845,0.8689
LN-HM-01994,0.0094,Approve,0,0.4306,0.7891
LN-HM-01995,0.6298,Reject,1,0.6029,0.9437
LN-HM-01996,0.5313,Reject,1,0.8446,0.7166
LN-HM-01997,0.0,Approve,0,0.356,0.0
LN-HM-01998,0.1469,Approve,0,0.3507,0.8859
LN-HM-01999,0.4282,Reject,1,0.8447,0.7167
LN-HM-02000,0.0,Approve,0,0.4536,0.0
LN-HM-02001,0.2792,Reject,1,0.5859,0.0
LN-HM-02002,0.1957,Approve,0,0.3067,0.0
LN-HM-02003,0.2704,Review,0,0.4808,0.6755
LN-HM-02004,0.4089,Reject,0,0.5955,0.7578
LN-HM-02005,0.4325,Reject,1,0.6439,0.6767
LN-HM-02006,0.5844,Reject,0,0.661,0.887
LN-HM-02007,0.6959,Reject,0,0.9841,0.0
LN-HM-02008,0.5178,Reject,0,0.7596,0.7042
LN-HM-02009,0.9175,Reject,1,0.899,0.7719
LN-HM-02010,0.6532,Reject,1,0.8342,0.8076
LN-HM-02011,0.4337,Reject,0,0.6431,0.9392
LN-HM-02012,0.3622,Review,0,0.4117,0.9211
LN-HM-02013,0.0,Approve,0,0.4965,0.0
LN-HM-02014,0.0,Approve,0,0.4722,0.8161
LN-HM-02015,0.3133,Reject,0,0.5741,0.9057
LN-HM-02016,0.0,Approve,0,0.4531,0.6849
LN-HM-02017,0.6974,Reject,0,0.8646,0.697
LN-HM-02018,0.2952,Review,0,0.3945,0.8426
LN-HM-02019,0.0,Approve,0,0.4887,0.0
LN-HM-02020,0.1651,Approve,0,0.4764,0.8434
LN-HM-02021,0.0,Approve,0,0.3902,0.6648
LN-HM-02022,0.218,Review,0,0.3849,0.8542
LN-HM-02023,0.2786,Review,0,0.3306,0.8824
LN-HM-02024,0.689,Reject,0,0.8162,0.8095
LN-HM-02025,0.0,Approve,0,0.4379,0.7793
LN-HM-02026,0.3465,Reject,0,0.7105,0.947
LN-HM-02027,0.7593,Reject,1,1.0323,0.654
LN-HM-02028,0.461,Reject,1,0.6453,0.8436
LN-HM-02029,0.5013,Reject,0,0.7339,0.0
LN-HM-02030,0.2092,Reject,0,0.5956,0.0
LN-HM-02031,0.3598,Review,0,0.5091,0.929
LN-HM-02032,0.4343,Reject,1,0.7246,0.0
LN-HM-02033,0.7536,Reject,1,0.8962,0.9116
LN-HM-02034,1.0,Reject,1,0.9667,0.824
LN-HM-02035,0.3136,Review,0,0.5397,0.9138
LN-HM-02036,0.2988,Reject,0,0.5565,0.6968
LN-HM-02037,0.2485,Reject,0,0.5771,0.7576
LN-HM-02038,0.3472,Reject,1,0.6332,0.0
LN-HM-02039,0.4047,Reject,0,0.4377,0.844
LN-HM-02040,0.0,Approve,0,0.4077,0.0
LN-HM-02041,0.2691,Review,0,0.4825,0.7285
LN-HM-02042,0.7866,Reject,1,0.5948,0.6674
LN-HM-02043,0.6917,Reject,1,0.665,0.0
LN-HM-02044,0.1061,Approve,0,0.2531,0.0
LN-HM-02045,0.2969,Review,0,0.4463,0.8261
LN-HM-02046,0.2707,Reject,0,0.5765,0.0
LN-HM-02047,1.0,Reject,1,0.5148,0.8091
LN-HM-02048,0.6465,Reject,1,0.8706,0.0
LN-HM-02049,0.6854,Reject,1,1.0089,0.0
LN-HM-02050,0.7684,Reject,1,0.6358,0.0
LN-HM-02051,0.3579,Reject,1,0.5908,0.8571
LN-HM-02052,0.1539,Reject,0,0.6073,0.7656
LN-HM-02053,0.7427,Reject,0,0.6769,0.9346
LN-HM-02054,0.6521,Reject,0,1.0155,0.0
LN-HM-02055,0.6051,Reject,1,0.6521,0.8432
LN-HM-02056,0.6475,Reject,0,0.8581,0.6895
LN-HM-02057,0.4497,Reject,0,0.5791,0.7984
LN-HM-02058,0.6317,Reject,0,0.8189,0.8457
LN-HM-02059,0.8682,Reject,1,0.7485,0.8755
LN-HM-02060,1.0,Reject,1,0.7624,0.8839
LN-HM-02061,0.0979,Approve,0,0.4856,0.0
LN-HM-02062,0.514,Reject,1,0.9612,0.77
LN-HM-02063,0.2234,Reject,0,0.6286,0.7936
LN-HM-02064,0.0,Approve,0,0.4583,0.0
LN-HM-02065,0.7185,Reject,1,0.8541,0.8894
LN-HM-02066,0.5605,Reject,0,0.9398,0.9089
LN-HM-02067,0.1986,Approve,1,0.4828,0.0
LN-HM-02068,0.0,Approve,0,0.2338,0.0
LN-HM-02069,0.4291,Reject,0,0.6475,0.9431
LN-HM-02070,0.6396,Reject,1,0.7617,0.9469
LN-HM-02071,0.7139,Reject,1,0.8869,0.7955
LN-HM-02072,0.6318,Reject,1,0.9882,0.0
LN-HM-02073,0.5039,Reject,1,0.808,0.7847
LN-HM-02074,0.5001,Reject,0,0.5429,0.8566
LN-HM-02075,0.1595,Approve,0,0.4297,0.0
LN-HM-02076,0.1648,Approve,0,0.4093,0.811
LN-HM-02077,0.2807,Reject,0,0.5868,0.7118
LN-HM-02078,0.0,Approve,0,0.3289,0.8846
LN-HM-02079,0.5305,Reject,1,0.6774,0.0
LN-HM-02080,0.3058,Reject,0,0.6164,0.7173
LN-HM-02081,0.4859,Reject,0,0.997,0.0
LN-HM-02082,0.3604,Review,1,0.5204,0.766
LN-HM-02083,0.2694,Reject,1,0.5984,0.0
LN-HM-02084,0.5061,Reject,0,0.565,0.9388
LN-HM-02085,0.3088,Reject,0,0.6052,0.6812
LN-HM-02086,0.1328,Approve,0,0.4358,0.0
LN-HM-02087,0.3909,Reject,1,0.6074,0.9161
LN-HM-02088,0.7808,Reject,1,0.6726,0.0
LN-HM-02089,0.2237,Review,0,0.4311,0.6624
LN-HM-02090,0.7397,Reject,0,0.6629,0.0
LN-HM-02091,0.0627,Approve,0,0.2256,0.0
LN-HM-02092,0.5289,Reject,1,0.501,0.7988
LN-HM-02093,0.0,Approve,0,0.451,0.9351
LN-HM-02094,0.7025,Reject,1,0.7968,0.8596
LN-HM-02095,0.1435,Approve,0,0.4978,0.7748
LN-HM-02096,0.0646,Approve,0,0.3505,0.8159
LN-HM-02097,0.6934,Reject,1,0.5805,0.7287
LN-HM-02098,0.7638,Reject,0,0.5208,0.6748
LN-HM-02099,0.4671,Reject,0,0.6182,0.9052
LN-HM-02100,0.2028,Review,0,0.4779,0.8385
LN-HM-02101,0.6002,Reject,0,0.6504,0.7569
LN-HM-02102,0.73,Reject,1,0.8314,0.9453
LN-HM-02103,0.1944,Review,1,0.5476,0.8
LN-HM-02104,0.5673,Reject,1,0.8627,0.896
LN-HM-02105,0.6999,Reject,1,0.658,0.6744
LN-HM-02106,0.0,Approve,0,0.3182,0.0
LN-HM-02107,0.4148,Reject,1,0.5448,0.8618
LN-HM-02108,0.1512,Approve,1,0.3343,0.9154
LN-HM-02109,0.2581,Review,0,0.4323,0.7959
LN-HM-02110,0.4457,Reject,1,0.6085,0.9021
LN-HM-02111,0.0,Approve,0,0.4381,0.9455
LN-HM-02112,0.0,Approve,0,0.3931,0.6908
LN-HM-02113,0.0,Approve,0,0.4249,0.8095
LN-HM-02114,0.3851,Reject,0,0.577,0.7913
LN-HM-02115,0.9991,Reject,1,0.6358,0.8528
LN-HM-02116,0.1947,Approve,0,0.4824,0.9486
LN-HM-02117,0.0,Approve,0,0.3473,0.7586
LN-HM-02118,0.4418,Reject,1,0.6068,0.0
LN-HM-02119,0.5105,Reject,1,0.5894,0.8213
LN-HM-02120,0.4849,Reject,0,0.7257,0.759
LN-HM-02121,0.4775,Reject,1,0.5536,0.8039
LN-HM-02122,0.2364,Review,0,0.5413,0.9333
LN-HM-02123,0.4301,Reject,0,0.6711,0.0
LN-HM-02124,0.42,Reject,0,0.6501,0.9338
LN-HM-02125,0.6049,Reject,0,1.4644,0.0
LN-HM-02126,0.0,Approve,0,0.2679,0.0
LN-HM-02127,0.4743,Reject,0,0.7175,0.684
LN-HM-02128,0.338,Review,1,0.5324,0.0
LN-HM-02129,0.4938,Reject,1,0.7295,0.0
LN-HM-02130,0.5114,Reject,1,0.3349,0.7557
LN-HM-02131,0.4388,Reject,1,0.6164,0.8933
LN-HM-02132,0.7559,Reject,1,0.79,0.0
LN-HM-02133,0.1984,Review,0,0.5241,0.0
LN-HM-02134,0.3808,Reject,0,0.4101,0.0
LN-HM-02135,0.0638,Approve,0,0.4408,0.0
LN-HM-02136,0.5415,Reject,0,0.7096,0.752
LN-HM-02137,0.5861,Reject,0,0.6545,0.6542
LN-HM-02138,0.345,Reject,1,0.5943,0.6525
LN-HM-02139,0.2648,Reject,1,0.5549,0.7135
LN-HM-02140,0.554,Reject,1,0.593,0.7451
LN-HM-02141,0.4604,Reject,0,0.6171,0.93
LN-HM-02142,0.7513,Reject,1,0.6055,0.0
LN-HM-02143,0.8868,Reject,0,0.8457,0.0
LN-HM-02144,0.2067,Review,0,0.503,0.8036
LN-HM-02145,0.1896,Approve,0,0.4956,0.0
LN-HM-02146,0.09,Approve,0,0.4754,0.8611
LN-HM-02147,0.1924,Review,0,0.5373,0.7922
LN-HM-02148,0.5499,Reject,1,0.7302,0.6764
LN-HM-02149,0.1139,Approve,0,0.4856,0.0
LN-HM-02150,0.0,Approve,0,0.3577,0.0
LN-HM-02151,0.1089,Approve,0,0.3925,0.0
LN-HM-02152,0.5399,Reject,0,0.624,0.8092
LN-HM-02153,0.3112,Reject,1,0.6161,0.7051
LN-HM-02154,0.0714,Approve,0,0.4359,0.0
LN-HM-02155,0.367,Review,0,0.5362,0.7294
LN-HM-02156,0.6676,Reject,1,0.7392,0.8031
LN-HM-02157,0.0,Approve,0,0.4184,0.0
LN-HM-02158,0.1895,Review,0,0.5032,0.0
LN-HM-02159,0.6703,Reject,1,0.6654,0.0
LN-HM-02160,0.3912,Reject,0,0.7283,0.0
LN-HM-02161,0.4982,Reject,0,0.4274,0.7355
LN-HM-02162,0.3985,Reject,0,0.9554,0.0
LN-HM-02163,0.6169,Reject,1,0.6577,0.8161
LN-HM-02164,0.3856,Reject,0,0.9754,0.0
LN-HM-02165,0.0,Approve,0,0.4452,0.8667
LN-HM-02166,0.7237,Reject,1,0.861,0.7124
LN-HM-02167,0.5421,Reject,1,0.6284,0.7143
LN-HM-02168,0.4328,Reject,0,0.4663,0.875
LN-HM-02169,0.6299,Reject,1,0.8671,0.9209
LN-HM-02170,0.7052,Reject,1,0.8615,0.8122
LN-HM-02171,0.0,Approve,0,0.4195,0.0
LN-HM-02172,0.535,Reject,0,0.5714,0.8441
LN-HM-02173,0.1828,Approve,0,0.3965,0.7488
LN-HM-02174,0.2116,Review,1,0.5011,0.0
LN-HM-02175,0.1987,Review,0,0.5018,0.0
LN-HM-02176,0.3909,Reject,0,0.6989,0.0
LN-HM-02177,0.9029,Reject,1,0.6991,0.9036
LN-HM-02178,0.7179,Reject,1,0.8061,0.7546
LN-HM-02179,0.2306,Reject,0,0.6114,0.7161
LN-HM-02180,0.7611,Reject,1,0.8258,0.8864
LN-HM-02181,0.3989,Reject,0,0.878,0.0
LN-HM-02182,0.8254,Reject,1,0.5018,0.7196
LN-HM-02183,0.721,Reject,1,0.594,0.8014
LN-HM-02184,0.4449,Reject,1,0.7446,0.7404
LN-HM-02185,0.3562,Reject,0,0.6001,0.0
LN-HM-02186,0.0,Approve,0,0.2658,0.0
LN-HM-02187,0.9455,Reject,1,0.6812,0.8108
LN-HM-02188,0.0601,Approve,1,0.347,0.0
LN-HM-02189,0.0,Approve,0,0.4634,0.0
LN-HM-02190,0.7125,Reject,1,0.8476,0.8432
LN-HM-02191,0.3096,Review,0,0.5262,0.0
LN-HM-02192,0.655,Reject,1,0.6981,0.693
LN-HM-02193,0.7138,Reject,1,0.7114,0.8729
LN-HM-02194,0.4783,Reject,0,0.7627,0.6562
LN-HM-02195,0.4143,Reject,0,0.4786,0.0
LN-HM-02196,0.7007,Reject,1,0.7821,0.9181
LN-HM-02197,0.6171,Reject,1,0.6682,0.8642
LN-HM-02198,0.0977,Approve,0,0.4649,0.7465
LN-HM-02199,0.2378,Reject,0,0.6489,0.6562
LN-HM-02200,0.2853,Review,0,0.5326,0.6738
LN-HM-02201,0.2245,Review,0,0.4523,0.8989
LN-HM-02202,0.7191,Reject,1,0.6941,0.6532
LN-HM-02203,0.1544,Approve,0,0.3816,0.69
LN-HM-02204,0.7397,Reject,1,1.2489,0.0
LN-HM-02205,0.5284,Reject,1,0.6106,0.693
LN-HM-02206,0.0,Approve,0,0.3179,0.8095
LN-HM-02207,0.0057,Approve,0,0.4112,0.7306
LN-HM-02208,0.0712,Approve,0,0.4916,0.7321
LN-HM-02209,0.4431,Reject,0,0.6729,0.0
LN-HM-02210,0.7288,Reject,1,0.7971,0.8986
LN-HM-02211,0.2406,Reject,0,0.6498,0.0
LN-HM-02212,0.0,Approve,0,0.4084,0.8511
LN-HM-02213,0.381,Review,1,0.5074,0.0
LN-HM-02214,0.351,Review,0,0.4842,0.8099
LN-HM-02215,0.1808,Approve,1,0.3826,0.9312
LN-HM-02216,0.6883,Reject,0,0.5955,0.8261
LN-HM-02217,0.1634,Approve,0,0.3014,0.802
LN-HM-02218,0.7705,Reject,0,0.6578,0.6557
LN-HM-02219,1.0,Reject,1,0.8047,0.9457
LN-HM-02220,0.4593,Reject,0,0.6952,0.0
LN-HM-02221,0.737,Reject,1,0.7513,0.6667
LN-HM-02222,0.0,Approve,0,0.4019,0.7405
LN-HM-02223,0.488,Reject,0,0.9691,0.0
LN-HM-02224,0.2416,Reject,0,0.5838,0.8095
LN-HM-02225,0.582,Reject,1,0.6292,0.6515
LN-HM-02226,0.1782,Approve,0,0.4535,0.9341
LN-HM-02227,0.1813,Reject,0,0.551,0.0
LN-HM-02228,0.2831,Reject,0,0.5928,0.0
LN-HM-02229,0.4687,Reject,1,0.7818,0.7838
LN-HM-02230,0.0,Approve,0,0.3287,0.8636
LN-HM-02231,0.9275,Reject,1,0.7963,0.8488
LN-HM-02232,0.3979,Review,0,0.5146,0.6509
LN-HM-02233,0.2671,Review,1,0.2822,0.7538
LN-HM-02234,0.0,Approve,0,0.4669,0.0
LN-HM-02235,0.2717,Review,1,0.4239,0.8561
LN-HM-02236,0.6737,Reject,1,0.7036,0.6899
LN-HM-02237,0.3779,Reject,1,0.9109,0.0
LN-HM-02238,0.6615,Reject,0,0.741,0.9348
LN-HM-02239,0.8612,Reject,1,0.6679,0.8705
LN-HM-02240,0.2883,Review,0,0.5341,0.8511
LN-HM-02241,0.6491,Reject,0,1.1991,0.0
LN-HM-02242,0.3251,Reject,0,0.6349,0.6978
LN-HM-02243,0.0498,Approve,0,0.4764,0.7434
LN-HM-02244,0.4706,Reject,1,0.7397,0.6667
LN-HM-02245,0.4555,Reject,0,0.6345,0.8228
LN-HM-02246,0.5037,Reject,0,0.6067,0.8625
LN-HM-02247,0.2604,Review,0,0.5368,0.6505
LN-HM-02248,0.5784,Reject,1,0.7281,0.7635
LN-HM-02249,0.5379,Reject,1,0.6667,0.717
LN-HM-02250,0.391,Review,0,0.5188,0.0
LN-HM-02251,0.2394,Reject,0,0.6252,0.765
LN-HM-02252,0.0,Approve,0,0.3194,0.8803
LN-HM-02253,0.3262,Review,0,0.3452,0.9194
LN-HM-02254,0.9339,Reject,1,0.7211,0.6773
LN-HM-02255,0.5263,Reject,1,0.5324,0.8182
LN-HM-02256,0.002,Approve,0,0.4421,0.0
LN-HM-02257,0.9706,Reject,1,0.7348,0.0
LN-HM-02258,0.7219,Reject,0,0.7799,0.7945
LN-HM-02259,0.4725,Reject,1,0.8294,0.0
LN-HM-02260,0.1126,Approve,0,0.3065,0.0
LN-HM-02261,0.3712,Reject,0,0.6245,0.751
LN-HM-02262,0.0,Approve,0,0.4345,0.8065
LN-HM-02263,0.3804,Review,0,0.5398,0.6696
LN-HM-02264,0.2267,Review,0,0.3917,0.7589
LN-HM-02265,0.2888,Review,0,0.5069,0.0
LN-HM-02266,0.412,Reject,1,0.7604,0.6923
LN-HM-02267,0.0,Approve,0,0.4598,0.78
LN-HM-02268,0.48,Reject,0,0.8711,0.0
LN-HM-02269,0.7502,Reject,1,0.8008,0.7209
LN-HM-02270,0.0,Approve,0,0.3408,0.0
LN-HM-02271,0.995,Reject,1,0.8695,0.7351
LN-HM-02272,0.4877,Reject,0,0.4699,0.7403
LN-HM-02273,0.5536,Reject,1,0.6419,0.8946
LN-HM-02274,0.1054,Approve,0,0.3225,0.8845
LN-HM-02275,0.1297,Approve,0,0.4458,0.0
LN-HM-02276,0.7038,Reject,1,0.6884,0.8635
LN-HM-02277,0.7034,Reject,1,0.7433,0.0
LN-HM-02278,0.7065,Reject,0,0.8208,0.9103
LN-HM-02279,0.1943,Approve,0,0.4844,0.7619
LN-HM-02280,0.9009,Reject,1,0.7295,0.7719
LN-HM-02281,0.0,Approve,0,0.3953,0.0
LN-HM-02282,0.2068,Review,0,0.3972,0.8488
LN-HM-02283,0.2668,Reject,0,0.5706,0.7212
LN-HM-02284,0.985,Reject,1,0.8212,0.7649
LN-HM-02285,0.4835,Reject,1,0.5557,0.8082
LN-HM-02286,0.52,Reject,0,0.8316,0.7802
LN-HM-02287,0.6929,Reject,0,0.7062,0.9152
LN-HM-02288,0.1703,Review,0,0.5306,0.0
LN-HM-02289,0.648,Reject,0,0.6684,0.8259
LN-HM-02290,0.8428,Reject,1,0.7654,0.9036
LN-HM-02291,0.2161,Review,1,0.482,0.9107
LN-HM-02292,0.2534,Review,0,0.5123,0.0
LN-HM-02293,0.6652,Reject,1,0.4085,0.8228
LN-HM-02294,0.5375,Reject,0,0.5184,0.0
LN-HM-02295,0.5513,Reject,1,0.4489,0.8858
LN-HM-02296,0.2402,Review,1,0.4438,0.9209
LN-HM-02297,0.6364,Reject,0,0.9732,0.8293
LN-HM-02298,0.2406,Reject,1,0.6088,0.6653
LN-HM-02299,0.6768,Reject,0,0.5279,0.0
LN-HM-02300,0.5021,Reject,0,0.7251,0.7542
LN-HM-02301,0.9602,Reject,1,0.6923,0.7747
LN-HM-02302,1.0,Reject,1,0.7708,0.8913
LN-HM-02303,0.5354,Reject,1,0.7729,0.7732
LN-HM-02304,0.596,Reject,0,0.7451,0.8946
LN-HM-02305,0.0,Approve,0,0.4024,0.0
LN-HM-02306,0.1928,Reject,0,0.6486,0.7622
LN-HM-02307,0.6037,Reject,1,0.7734,0.9019
LN-HM-02308,0.118,Approve,0,0.4859,0.0
LN-HM-02309,0.6152,Reject,1,0.6849,0.8452
LN-HM-02310,0.6325,Reject,1,0.5753,0.8034
LN-HM-02311,0.409,Reject,1,0.6938,0.7511
LN-HM-02312,0.403,Reject,0,1.4331,0.0
LN-HM-02313,0.4961,Reject,1,0.8142,0.6822
LN-HM-02314,0.7346,Reject,0,0.8639,0.6711
LN-HM-02315,0.5323,Reject,0,1.0898,0.0
LN-HM-02316,0.0163,Approve,0,0.1917,0.0
LN-HM-02317,0.7421,Reject,1,0.5935,0.0
LN-HM-02318,0.5411,Reject,1,0.6844,0.0
LN-HM-02319,0.6,Reject,1,0.7582,0.0
LN-HM-02320,0.2693,Reject,0,0.56,0.0
LN-HM-02321,0.0,Approve,0,0.4646,0.9457
LN-HM-02322,0.5928,Reject,0,1.5919,0.0
LN-HM-02323,0.4495,Reject,0,0.6613,0.8738
LN-HM-02324,1.0,Reject,1,0.6908,0.9377
LN-HM-02325,0.4901,Reject,1,0.5389,0.6585
LN-HM-02326,0.5291,Reject,0,1.0299,0.0
LN-HM-02327,0.5061,Reject,1,0.8994,0.0
LN-HM-02328,0.1727,Approve,0,0.4375,0.8911
LN-HM-02329,0.6325,Reject,1,0.665,0.0
LN-HM-02330,0.0,Approve,0,0.3015,0.0
LN-HM-02331,0.4377,Reject,0,1.4748,0.0
LN-HM-02332,0.7537,Reject,1,0.6217,0.0
LN-HM-02333,0.9088,Reject,1,0.6947,0.7651
LN-HM-02334,0.4471,Reject,0,0.6318,0.674
LN-HM-02335,0.7143,Reject,1,0.6249,0.703
LN-HM-02336,0.1823,Approve,0,0.4387,0.7964
LN-HM-02337,0.0,Approve,0,0.4389,0.0
LN-HM-02338,0.5884,Reject,1,0.6827,0.7127
LN-HM-02339,0.7366,Reject,1,0.6261,0.0
LN-HM-02340,0.929,Reject,1,0.9563,0.7986
LN-HM-02341,0.1272,Approve,1,0.3906,0.0
LN-HM-02342,0.4301,Reject,1,0.6037,0.808
LN-HM-02343,0.7632,Reject,0,0.5374,0.9459
LN-HM-02344,0.0,Approve,0,0.3284,0.7448
LN-HM-02345,0.5068,Reject,1,1.4611,0.0
LN-HM-02346,0.3236,Reject,0,0.64,0.0
LN-HM-02347,0.3963,Reject,1,0.6891,0.6901
LN-HM-02348,0.4851,Reject,0,0.4948,0.0
LN-HM-02349,0.6687,Reject,1,0.7437,0.8174
LN-HM-02350,0.5,Reject,0,0.5366,0.8614
LN-HM-02351,0.653,Reject,1,0.7494,0.866
LN-HM-02352,0.1508,Approve,1,0.4849,0.8616
LN-HM-02353,0.3542,Reject,0,0.6388,0.7846
LN-HM-02354,0.9153,Reject,1,0.7718,0.9136
LN-HM-02355,0.2345,Reject,1,0.6061,0.7494
LN-HM-02356,0.2214,Review,0,0.4221,0.6462
LN-HM-02357,0.5666,Reject,1,0.7847,0.0
LN-HM-02358,0.0,Approve,0,0.4549,0.7495
LN-HM-02359,0.3176,Review,0,0.5004,0.0
LN-HM-02360,0.9137,Reject,1,0.5156,0.8937
LN-HM-02361,0.1328,Approve,0,0.4912,0.7853
LN-HM-02362,0.6132,Reject,1,0.4498,0.9204
LN-HM-02363,0.6269,Reject,1,1.4963,0.0
LN-HM-02364,0.255,Review,1,0.5437,0.0
LN-HM-02365,0.0,Approve,0,0.3932,0.0
LN-HM-02366,0.7637,Reject,0,0.6549,0.9264
LN-HM-02367,0.0,Approve,0,0.4495,0.0
LN-HM-02368,0.6602,Reject,1,0.8535,0.9213
LN-HM-02369,0.3115,Review,1,0.4394,0.917
LN-HM-02370,0.475,Reject,0,0.5134,0.0
LN-HM-02371,0.9394,Reject,1,0.7401,0.8772
LN-HM-02372,0.4038,Reject,0,0.4855,0.9455
LN-HM-02373,0.175,Approve,0,0.3361,0.8352
LN-HM-02374,0.2011,Reject,0,0.6336,0.0
LN-HM-02375,0.2514,Reject,0,0.5683,0.7008
LN-HM-02376,0.4594,Reject,0,1.4761,0.0
LN-HM-02377,0.0,Approve,0,0.4933,0.8773
LN-HM-02378,0.2358,Review,1,0.5153,0.6895
LN-HM-02379,0.6605,Reject,1,0.9142,0.0
LN-HM-02380,0.1777,Approve,0,0.4338,0.6558
LN-HM-02381,0.507,Reject,0,0.8597,0.7893
LN-HM-02382,0.0214,Approve,0,0.3125,0.7073
LN-HM-02383,0.2876,Review,1,0.5196,0.7975
LN-HM-02384,0.7596,Reject,1,0.5487,0.0
LN-HM-02385,0.4904,Reject,1,0.7078,0.7447
LN-HM-02386,0.8051,Reject,1,0.5564,0.8608
LN-HM-02387,0.5507,Reject,0,1.343,0.0
LN-HM-02388,0.9598,Reject,1,0.7923,0.8422
LN-HM-02389,0.9004,Reject,1,0.6389,0.8987
LN-HM-02390,0.4905,Reject,1,0.912,0.7044
LN-HM-02391,0.5694,Reject,1,0.8263,0.794
LN-HM-02392,0.4067,Reject,0,0.5894,0.7922
LN-HM-02393,1.0,Reject,1,0.5438,0.9456
LN-HM-02394,0.2037,Review,1,0.3568,0.6685
LN-HM-02395,0.5653,Reject,0,0.7624,0.9082
LN-HM-02396,0.6428,Reject,0,0.8465,0.9304
LN-HM-02397,0.3587,Reject,1,0.5742,0.7708
LN-HM-02398,0.2139,Review,0,0.4006,0.0
LN-HM-02399,0.657,Reject,1,1.0664,0.8566
LN-HM-02400,0.2519,Reject,0,0.5787,0.7849
LN-HM-02401,0.4466,Reject,1,0.5154,0.9256
LN-HM-02402,0.7178,Reject,0,1.0208,0.7722
LN-HM-02403,0.5267,Reject,0,0.6318,0.7172
LN-HM-02404,0.7525,Reject,0,0.817,0.9482
LN-HM-02405,1.0,Reject,1,0.8466,0.8822
LN-HM-02406,0.7105,Reject,1,0.7418,0.0
LN-HM-02407,0.4149,Reject,0,0.3378,0.8846
LN-HM-02408,0.3715,Reject,0,1.159,0.0
LN-HM-02409,0.2309,Review,0,0.5246,0.6967
LN-HM-02410,0.4302,Reject,1,0.513,0.87
LN-HM-02411,0.7572,Reject,0,0.8204,0.701
LN-HM-02412,0.6989,Reject,0,0.6542,0.8659
LN-HM-02413,0.1223,Review,0,0.5068,0.8033
LN-HM-02414,0.2255,Reject,0,0.6091,0.8432
LN-HM-02415,0.5533,Reject,0,0.9661,0.0
LN-HM-02416,0.5977,Reject,0,0.5761,0.0
LN-HM-02417,0.2278,Reject,0,0.5978,0.6562
LN-HM-02418,0.9243,Reject,1,0.7971,0.7386
LN-HM-02419,0.1423,Reject,0,0.5987,0.7234
LN-HM-02420,0.6887,Reject,1,0.6688,0.8247
LN-HM-02421,0.487,Reject,0,0.5837,0.7111
LN-HM-02422,0.9588,Reject,1,0.8024,0.835
LN-HM-02423,0.5426,Reject,1,0.9583,0.7113
LN-HM-02424,0.4854,Reject,0,0.5771,0.9394
LN-HM-02425,0.513,Reject,0,0.6946,0.0
LN-HM-02426,0.959,Reject,1,1.2028,0.0
LN-HM-02427,0.4145,Reject,0,0.8059,0.7447
LN-HM-02428,0.5285,Reject,0,0.743,0.7674
LN-HM-02429,0.1815,Reject,1,0.582,0.7707
LN-HM-02430,0.4047,Reject,1,0.3269,0.9111
LN-HM-02431,0.0,Approve,0,0.4321,0.7735
LN-HM-02432,0.3043,Reject,0,0.5785,0.0
LN-HM-02433,0.26,Reject,0,0.6069,0.0
LN-HM-02434,0.5527,Reject,0,0.5973,0.7341
LN-HM-02435,0.7139,Reject,0,0.611,0.7784
LN-HM-02436,0.2902,Reject,1,0.5881,0.7025
LN-HM-02437,0.4865,Reject,0,1.1018,0.0
LN-HM-02438,0.7484,Reject,0,0.7949,0.8852
LN-HM-02439,0.323,Reject,1,0.5913,0.6939
LN-HM-02440,0.0,Approve,0,0.3009,0.0
LN-HM-02441,0.2744,Review,0,0.411,0.0
LN-HM-02442,0.2689,Reject,0,0.5558,0.7547
LN-HM-02443,0.4563,Reject,0,0.7393,0.0
LN-HM-02444,0.4276,Reject,0,0.9882,0.8634
LN-HM-02445,0.2149,Review,0,0.3282,0.0
LN-HM-02446,0.4983,Reject,0,0.6375,0.7037
LN-HM-02447,0.284,Review,1,0.52,0.6753
LN-HM-02448,0.2261,Review,0,0.4796,0.8815
LN-HM-02449,0.4582,Reject,0,0.6507,0.661
LN-HM-02450,0.5279,Reject,1,0.6701,0.0
LN-HM-02451,0.7254,Reject,0,0.7713,0.0
LN-HM-02452,0.7174,Reject,1,0.5765,0.667
LN-HM-02453,0.2669,Review,0,0.4676,0.9211
LN-HM-02454,0.1864,Approve,0,0.497,0.7093
LN-HM-02455,0.4838,Reject,0,0.7846,0.7183
LN-HM-02456,0.6897,Reject,1,0.6204,0.9096
LN-HM-02457,0.0187,Approve,0,0.4023,0.7661
LN-HM-02458,0.7351,Reject,1,0.8016,0.87
LN-HM-02459,0.4391,Reject,1,0.5551,0.8635
LN-HM-02460,0.4247,Reject,0,0.7901,0.7342
LN-HM-02461,0.2276,Review,0,0.468,0.863
LN-HM-02462,1.0,Reject,1,1.5566,0.0
LN-HM-02463,0.7664,Reject,1,0.5717,0.7656
LN-HM-02464,0.5398,Reject,0,0.5763,0.7949
LN-HM-02465,0.0896,Approve,0,0.4408,0.7313
LN-HM-02466,0.7345,Reject,1,0.7023,0.6535
LN-HM-02467,0.238,Review,1,0.5313,0.9184
LN-HM-02468,0.0,Approve,0,0.4519,0.0
LN-HM-02469,0.2075,Reject,0,0.6289,0.6633
LN-HM-02470,0.0,Approve,0,0.3916,0.0
LN-HM-02471,0.2994,Review,0,0.3971,0.7014
LN-HM-02472,0.0,Approve,0,0.4542,0.7155
LN-HM-02473,0.075,Approve,0,0.3278,0.7563
LN-HM-02474,0.0109,Approve,0,0.3277,0.0
LN-HM-02475,0.5162,Reject,1,0.6553,0.7711
LN-HM-02476,0.7491,Reject,1,0.5557,0.0
LN-HM-02477,0.5753,Reject,1,0.71,0.7005
LN-HM-02478,0.0,Approve,0,0.4739,0.0
LN-HM-02479,0.4582,Reject,1,1.4762,0.0
LN-HM-02480,0.7689,Reject,1,0.8542,0.8338
LN-HM-02481,0.0,Approve,0,0.3949,0.0
LN-HM-02482,0.7187,Reject,0,1.3898,0.0
LN-HM-02483,0.9308,Reject,1,0.8761,0.6562
LN-HM-02484,0.205,Reject,0,0.5992,0.0
LN-HM-02485,0.263,Reject,0,0.5966,0.7704
LN-HM-02486,0.5894,Reject,1,0.6831,0.0
LN-HM-02487,0.2051,Reject,1,0.6027,0.0
LN-HM-02488,0.8019,Reject,0,0.7918,0.9052
LN-HM-02489,0.4875,Reject,1,0.7093,0.7921
LN-HM-02490,0.1965,Approve,0,0.3426,0.0
LN-HM-02491,0.1892,Review,1,0.5168,0.6978
LN-HM-02492,0.3113,Reject,0,0.6239,0.0
LN-HM-02493,0.4479,Reject,0,0.6647,0.7939
LN-HM-02494,0.4823,Reject,0,1.2608,0.0
LN-HM-02495,0.2383,Reject,0,0.5757,0.0
LN-HM-02496,0.2714,Review,0,0.5351,0.6705
LN-HM-02497,0.476,Reject,1,0.6426,0.9237
LN-HM-02498,0.4184,Reject,1,0.4598,0.0
LN-HM-02499,0.6779,Reject,1,0.8891,0.6558
LN-HM-02500,0.2792,Review,0,0.5264,0.7631
LN-HM-02501,0.7389,Reject,0,0.9983,0.8105
LN-HM-02502,0.6516,Reject,0,0.7316,0.0
LN-HM-02503,0.6284,Reject,0,0.7127,0.8488
LN-HM-02504,0.8683,Reject,1,0.7775,0.9238
LN-HM-02505,0.3994,Reject,0,0.5672,0.7965
LN-HM-02506,0.7816,Reject,1,1.1262,0.0
LN-HM-02507,1.0,Reject,1,0.7746,0.8537
LN-HM-02508,0.4575,Reject,1,1.1674,0.0
LN-HM-02509,0.9316,Reject,1,0.5743,0.8175
LN-HM-02510,0.2752,Review,0,0.3146,0.8882
LN-HM-02511,0.0,Approve,0,0.4243,0.0
LN-HM-02512,0.6757,Reject,1,0.8504,0.7333
LN-HM-02513,0.7589,Reject,1,0.718,0.8289
LN-HM-02514,0.4955,Reject,0,0.5444,0.7827
LN-HM-02515,0.5594,Reject,1,0.5393,0.9419
LN-HM-02516,0.3047,Reject,0,0.5961,0.6811
LN-HM-02517,0.6363,Reject,1,0.8479,0.8656
LN-HM-02518,0.3114,Review,0,0.5117,0.8
LN-HM-02519,0.0,Approve,0,0.3674,0.7385
LN-HM-02520,0.6736,Reject,1,0.8327,0.7127
LN-HM-02521,0.4239,Reject,0,0.9602,0.0
LN-HM-02522,0.7219,Reject,1,1.0457,0.6997
LN-HM-02523,0.5787,Reject,1,0.5034,0.0
LN-HM-02524,0.2823,Review,0,0.4325,0.8962
LN-HM-02525,0.6723,Reject,0,0.8872,0.9454
LN-HM-02526,0.9474,Reject,0,1.6684,0.0
LN-HM-02527,0.3544,Reject,1,0.6101,0.6884
LN-HM-02528,0.4991,Reject,0,0.7749,0.6539
LN-HM-02529,1.0,Reject,1,0.8338,0.9024
LN-HM-02530,1.0,Reject,1,0.6715,0.9206
LN-HM-02531,0.4757,Reject,1,0.8184,0.6818
LN-HM-02532,0.3668,Reject,0,0.6015,0.0
LN-HM-02533,1.0,Reject,1,0.7674,0.8788
LN-HM-02534,0.6759,Reject,1,0.7503,0.7105
LN-HM-02535,0.2947,Reject,0,0.5824,0.0
LN-HM-02536,0.601,Reject,1,0.6202,0.7225
LN-HM-02537,0.6121,Reject,0,0.8222,0.9049
LN-HM-02538,0.3876,Reject,1,0.7094,0.7967
LN-HM-02539,0.0,Approve,0,0.469,0.7771
LN-HM-02540,0.4805,Reject,0,1.2232,0.0
LN-HM-02541,0.4001,Reject,1,0.513,0.8386
LN-HM-02542,0.0,Approve,0,0.4964,0.8306
LN-HM-02543,0.473,Reject,0,1.1611,0.0
LN-HM-02544,0.5096,Reject,0,0.6212,0.892
LN-HM-02545,0.1566,Approve,0,0.4539,0.0
LN-HM-02546,0.9823,Reject,1,0.9507,0.0
LN-HM-02547,0.376,Reject,0,0.8081,0.7954
LN-HM-02548,0.405,Reject,0,0.479,0.8523
LN-HM-02549,0.7431,Reject,1,0.6812,0.0
LN-HM-02550,0.222,Review,1,0.549,0.8716
LN-HM-02551,0.4939,Reject,1,0.5042,0.8295
LN-HM-02552,0.8842,Reject,0,0.8062,0.9371
LN-HM-02553,0.2133,Review,0,0.4385,0.0
LN-HM-02554,0.2852,Reject,0,0.6208,0.0
LN-HM-02555,0.2487,Reject,1,0.5867,0.0
LN-HM-02556,0.4911,Reject,0,0.6864,0.9214
LN-HM-02557,0.3642,Review,1,0.5477,0.7143
LN-HM-02558,0.6327,Reject,0,0.5564,0.8377
LN-HM-02559,0.1499,Reject,0,0.5997,0.0
LN-HM-02560,0.5724,Reject,1,0.6624,0.6739
LN-HM-02561,0.503,Reject,1,0.592,0.8144
LN-HM-02562,0.4415,Reject,0,0.3753,0.8148
LN-HM-02563,0.091,Approve,0,0.2544,0.0
LN-HM-02564,0.0,Approve,0,0.3186,0.9448
LN-HM-02565,0.4824,Reject,0,0.9935,0.0
LN-HM-02566,0.0,Approve,0,0.4331,0.6752
LN-HM-02567,0.3184,Review,0,0.5066,0.6842
LN-HM-02568,0.5437,Reject,1,0.814,0.7357
LN-HM-02569,0.2837,Review,0,0.5281,0.7442
LN-HM-02570,0.6514,Reject,0,0.7727,0.8729
LN-HM-02571,0.4542,Reject,1,1.0452,0.7878
LN-HM-02572,0.3554,Review,0,0.5419,0.7984
LN-HM-02573,0.6891,Reject,1,0.793,0.9455
LN-HM-02574,0.4092,Reject,1,0.7005,0.9059
LN-HM-02575,0.1337,Approve,0,0.4111,0.0
LN-HM-02576,0.6849,Reject,1,0.4656,0.9435
LN-HM-02577,0.4698,Reject,1,0.711,0.0
LN-HM-02578,0.4367,Reject,1,0.7099,0.7072
LN-HM-02579,0.4877,Reject,1,0.5645,0.8052
LN-HM-02580,0.7082,Reject,1,0.682,0.8543
LN-HM-02581,0.1805,Approve,0,0.4058,0.0
LN-HM-02582,0.0,Approve,0,0.4195,0.0
LN-HM-02583,0.4891,Reject,1,0.7674,0.68
LN-HM-02584,0.6593,Reject,0,1.0672,0.0
LN-HM-02585,0.4679,Reject,1,0.8692,0.6762
LN-HM-02586,0.0522,Approve,0,0.2597,0.92
LN-HM-02587,0.4943,Reject,1,0.742,0.0
LN-HM-02588,0.0415,Approve,0,0.4843,0.7908
LN-HM-02589,0.3377,Review,0,0.5084,0.0
LN-HM-02590,0.4965,Reject,0,0.2608,0.0
LN-HM-02591,0.0,Approve,0,0.4226,0.6848
LN-HM-02592,0.0172,Approve,0,0.3755,0.9305
LN-HM-02593,0.4898,Reject,1,0.8683,0.6711
LN-HM-02594,0.1515,Approve,0,0.3739,0.892
LN-HM-02595,0.0,Approve,0,0.4861,0.8855
LN-HM-02596,0.4494,Reject,1,0.3763,0.0
LN-HM-02597,0.4608,Reject,1,0.6792,0.7568
LN-HM-02598,0.6275,Reject,1,0.7886,0.7144
LN-HM-02599,0.0,Approve,0,0.2814,0.0
LN-HM-02600,0.4521,Reject,1,0.2846,0.0
LN-HM-02601,0.6479,Reject,0,0.4827,0.8191
LN-HM-02602,0.5361,Reject,1,0.5533,0.9424
LN-HM-02603,0.6753,Reject,0,0.7595,0.9141
LN-HM-02604,0.2345,Reject,0,0.5832,0.7391
LN-HM-02605,0.0,Approve,0,0.4908,0.7048
LN-HM-02606,0.0,Approve,0,0.4067,0.0
LN-HM-02607,0.8218,Reject,1,0.5709,0.9251
LN-HM-02608,0.4473,Reject,0,0.6234,0.896
LN-HM-02609,0.7579,Reject,0,0.7629,0.6993
LN-HM-02610,0.6505,Reject,1,0.5789,0.8291
LN-HM-02611,0.2404,Review,1,0.4435,0.8663
LN-HM-02612,0.909,Reject,1,1.0338,0.9444
LN-HM-02613,1.0,Reject,1,0.714,0.8209
LN-HM-02614,0.6826,Reject,0,0.7892,0.7773
LN-HM-02615,0.2276,Review,1,0.4058,0.7427
LN-HM-02616,0.404,Reject,0,0.674,0.0
LN-HM-02617,0.0,Approve,0,0.4042,0.0
LN-HM-02618,0.2828,Reject,1,0.5528,0.0
LN-HM-02619,0.3715,Reject,0,0.2907,0.0
LN-HM-02620,0.6475,Reject,0,0.4401,0.8779
LN-HM-02621,0.3637,Reject,0,1.3985,0.0
LN-HM-02622,0.8667,Reject,1,0.5702,0.7613
LN-HM-02623,0.21,Review,1,0.4134,0.9302
LN-HM-02624,0.4844,Reject,0,0.465,0.801
LN-HM-02625,0.2266,Review,0,0.3348,0.0
LN-HM-02626,0.7107,Reject,1,0.6799,0.7845
LN-HM-02627,0.0,Approve,0,0.3815,0.0
LN-HM-02628,0.2371,Review,0,0.5469,0.0
LN-HM-02629,0.5054,Reject,0,0.6536,0.9222
LN-HM-02630,0.636,Reject,0,0.6948,0.8116
LN-HM-02631,1.0,Reject,1,1.0102,0.845
LN-HM-02632,0.7195,Reject,1,0.7048,0.7258
LN-HM-02633,0.4617,Reject,0,0.7592,0.6627
LN-HM-02634,0.7103,Reject,1,0.8114,0.0
LN-HM-02635,0.5835,Reject,1,0.9684,0.0
LN-HM-02636,0.4384,Reject,0,1.0154,0.0
LN-HM-02637,0.0,Approve,0,0.3702,0.6531
LN-HM-02638,0.5045,Reject,0,0.7689,0.0
LN-HM-02639,0.0,Approve,0,0.4334,0.7931
LN-HM-02640,0.4349,Reject,0,0.5238,0.7894
LN-HM-02641,0.9291,Reject,1,0.7253,0.8052
LN-HM-02642,0.9418,Reject,1,0.9832,0.948
LN-HM-02643,0.5376,Reject,0,0.5612,0.0
LN-HM-02644,0.1913,Approve,0,0.2119,0.0
LN-HM-02645,0.2451,Reject,0,0.5667,0.9158
LN-HM-02646,0.7496,Reject,1,1.409,0.0
LN-HM-02647,0.802,Reject,0,0.5822,0.7589
LN-HM-02648,0.448,Reject,0,0.9176,0.7872
LN-HM-02649,0.5291,Reject,1,0.5761,0.8968
LN-HM-02650,0.026,Approve,0,0.4594,0.9273
LN-HM-02651,0.6301,Reject,1,0.7214,0.6568
LN-HM-02652,0.137,Approve,1,0.3309,0.75
LN-HM-02653,0.2393,Reject,0,0.6212,0.0
LN-HM-02654,0.5748,Reject,0,0.7183,0.7947
LN-HM-02655,0.1524,Approve,0,0.3256,0.7381
LN-HM-02656,0.2139,Reject,0,0.5593,0.7222
LN-HM-02657,0.5415,Reject,0,0.5244,0.9192
LN-HM-02658,0.9757,Reject,1,0.7414,0.0
LN-HM-02659,0.7179,Reject,1,0.6424,0.7031
LN-HM-02660,0.4921,Reject,0,0.5389,0.7575
LN-HM-02661,0.9436,Reject,1,0.8097,0.8153
LN-HM-02662,0.9368,Reject,1,0.8557,0.0
LN-HM-02663,0.5769,Reject,1,1.4763,0.0
LN-HM-02664,0.4243,Reject,0,0.4259,0.8381
LN-HM-02665,0.0,Approve,0,0.4599,0.0
LN-HM-02666,0.4579,Reject,1,0.4321,0.7022
LN-HM-02667,0.609,Reject,1,0.7421,0.8428
LN-HM-02668,0.7381,Reject,0,0.5216,0.8824
LN-HM-02669,0.0,Approve,0,0.4218,0.0
LN-HM-02670,0.2089,Reject,0,0.5962,0.0
LN-HM-02671,0.2074,Review,1,0.3954,0.8814
LN-HM-02672,0.5249,Reject,0,0.5247,0.7038
LN-HM-02673,0.391,Reject,0,1.3003,0.0
LN-HM-02674,0.2369,Review,1,0.5412,0.9284
LN-HM-02675,0.4768,Reject,1,0.4986,0.7553
LN-HM-02676,0.2251,Review,0,0.5087,0.6786
LN-HM-02677,0.0,Approve,0,0.232,0.7888
LN-HM-02678,0.261,Reject,0,0.6457,0.8009
LN-HM-02679,0.0,Approve,0,0.3434,0.0
LN-HM-02680,0.8908,Reject,1,0.6909,0.7306
LN-HM-02681,0.0304,Approve,0,0.4512,0.8519
LN-HM-02682,0.9507,Reject,1,0.5657,0.84
LN-HM-02683,0.6455,Reject,1,0.9669,0.9383
LN-HM-02684,0.6228,Reject,0,0.6057,0.8109
LN-HM-02685,0.0716,Approve,0,0.452,0.6778
LN-HM-02686,0.5873,Reject,1,0.6866,0.0
LN-HM-02687,0.6636,Reject,1,0.8361,0.7696
LN-HM-02688,0.0021,Approve,0,0.451,0.7584
LN-HM-02689,0.0,Approve,0,0.3739,0.7514
LN-HM-02690,0.4093,Reject,0,0.5399,0.8135
LN-HM-02691,0.5092,Reject,0,0.578,0.83
LN-HM-02692,0.4711,Reject,1,0.7145,0.0
LN-HM-02693,0.2976,Reject,0,0.608,0.877
LN-HM-02694,0.2712,Review,0,0.5062,0.7053
LN-HM-02695,0.4979,Reject,1,0.5106,0.0
LN-HM-02696,0.723,Reject,1,0.682,0.906
LN-HM-02697,0.0,Approve,0,0.42,0.7706
LN-HM-02698,0.2712,Review,1,0.5395,0.9338
LN-HM-02699,0.4207,Reject,0,0.6725,0.7291
LN-HM-02700,0.4496,Reject,1,0.8964,0.6679
LN-HM-02701,0.8766,Reject,1,0.7453,0.8425
LN-HM-02702,0.5387,Reject,0,0.7125,0.7619
LN-HM-02703,0.9569,Reject,1,0.7628,0.0
LN-HM-02704,0.2527,Reject,0,0.6099,0.6792
LN-HM-02705,0.4807,Reject,1,0.692,0.0
LN-HM-02706,0.7436,Reject,1,0.708,0.8607
LN-HM-02707,0.3769,Reject,0,0.6948,0.7204
LN-HM-02708,0.1412,Approve,0,0.4853,0.8973
LN-HM-02709,0.484,Reject,0,0.7892,0.7924
LN-HM-02710,0.0,Approve,0,0.4114,0.6947
LN-HM-02711,0.1964,Reject,0,0.5853,0.7176
LN-HM-02712,0.4696,Reject,1,0.6498,0.8376
LN-HM-02713,0.1626,Approve,0,0.494,0.6974
LN-HM-02714,0.4226,Reject,0,0.5185,0.7326
LN-HM-02715,0.0747,Approve,1,0.439,0.0
LN-HM-02716,0.5059,Reject,1,0.4395,0.9009
LN-HM-02717,0.9142,Reject,1,0.552,0.8858
LN-HM-02718,0.0,Approve,0,0.3456,0.0
LN-HM-02719,0.0,Approve,0,0.499,0.0
LN-HM-02720,0.5243,Reject,1,0.6336,0.7256
LN-HM-02721,0.4579,Reject,1,0.7802,0.0
LN-HM-02722,0.7214,Reject,1,0.858,0.8131
LN-HM-02723,0.7069,Reject,1,0.979,0.0
LN-HM-02724,0.2606,Reject,0,0.578,0.0
LN-HM-02725,0.4646,Reject,1,0.7238,0.768
LN-HM-02726,0.4413,Reject,0,0.67,0.6503
LN-HM-02727,0.1151,Approve,0,0.3376,0.7117
LN-HM-02728,0.2971,Reject,0,0.5605,0.7929
LN-HM-02729,0.0838,Approve,0,0.446,0.8912
LN-HM-02730,0.0,Approve,0,0.4242,0.0
LN-HM-02731,0.2028,Reject,1,0.6403,0.0
LN-HM-02732,0.1615,Approve,1,0.394,0.6911
LN-HM-02733,0.5027,Reject,1,0.5438,0.8909
LN-HM-02734,0.849,Reject,0,0.6077,0.9252
LN-HM-02735,0.2025,Reject,0,0.5912,0.7243
LN-HM-02736,0.4363,Reject,0,0.7143,0.7688
LN-HM-02737,0.4534,Reject,0,0.6939,0.6893
LN-HM-02738,0.4458,Reject,1,0.407,0.7048
LN-HM-02739,0.9423,Reject,1,0.7345,0.8467
LN-HM-02740,0.3896,Reject,1,0.5714,0.9124
LN-HM-02741,0.9633,Reject,1,0.6929,0.866
LN-HM-02742,0.9003,Reject,1,0.5351,0.8575
LN-HM-02743,0.6621,Reject,1,0.6556,0.9058
LN-HM-02744,0.0,Approve,0,0.4832,0.7653
LN-HM-02745,0.918,Reject,1,0.5205,0.873
LN-HM-02746,0.2297,Review,0,0.3567,0.0
LN-HM-02747,0.0,Approve,0,0.3845,0.9434
LN-HM-02748,1.0,Reject,1,0.665,0.8575
LN-HM-02749,0.9318,Reject,1,0.6539,0.6945
LN-HM-02750,0.2655,Reject,0,0.5767,0.697
LN-HM-02751,0.5446,Reject,1,0.6867,0.7265
LN-HM-02752,0.1872,Approve,0,0.3904,0.0
LN-HM-02753,0.3366,Reject,1,0.5858,0.0
LN-HM-02754,0.5124,Reject,1,0.4195,0.0
LN-HM-02755,0.1734,Approve,0,0.4911,0.817
LN-HM-02756,0.4271,Reject,0,0.9184,0.0
LN-HM-02757,0.0,Approve,0,0.4219,0.0
LN-HM-02758,0.1516,Approve,0,0.3364,0.9037
LN-HM-02759,0.3046,Reject,1,0.5907,0.7366
LN-HM-02760,0.686,Reject,1,0.5113,0.9206
LN-HM-02761,0.8578,Reject,1,1.0275,0.8088
LN-HM-02762,0.9884,Reject,1,0.8184,0.8101
LN-HM-02763,0.0,Approve,0,0.3819,0.0
LN-HM-02764,0.7222,Reject,1,1.0611,0.0
LN-HM-02765,0.3759,Review,1,0.4771,0.9241
LN-HM-02766,0.0687,Approve,0,0.2577,0.9216
LN-HM-02767,0.1818,Approve,0,0.4166,0.7039
LN-HM-02768,0.0,Approve,0,0.4575,0.7516
LN-HM-02769,0.4528,Reject,0,0.5166,0.0
LN-HM-02770,0.3206,Reject,0,0.7332,0.0
LN-HM-02771,0.4336,Reject,1,0.5505,0.9255
LN-HM-02772,0.4886,Reject,1,0.371,0.0
LN-HM-02773,0.9259,Reject,1,0.5203,0.8253
LN-HM-02774,0.6303,Reject,0,0.6761,0.9041
LN-HM-02775,0.7478,Reject,0,0.6257,0.9072
LN-HM-02776,0.5512,Reject,1,0.6545,0.8971
LN-HM-02777,0.2372,Review,0,0.5166,0.0
LN-HM-02778,0.3638,Reject,0,1.0793,0.7224
LN-HM-02779,0.4552,Reject,0,0.5545,0.6596
LN-HM-02780,0.4198,Reject,0,0.7408,0.0
LN-HM-02781,0.0033,Approve,0,0.3745,0.7477
LN-HM-02782,0.2558,Reject,0,0.5863,0.708
LN-HM-02783,0.535,Reject,0,0.6858,0.8779
LN-HM-02784,0.0,Approve,0,0.4657,0.0
LN-HM-02785,0.1686,Approve,0,0.399,0.931
LN-HM-02786,0.3967,Reject,0,0.4843,0.0
LN-HM-02787,0.6493,Reject,0,0.5654,0.8136
LN-HM-02788,0.1487,Approve,0,0.2928,0.832
LN-HM-02789,0.7325,Reject,1,0.9936,0.8378
LN-HM-02790,0.057,Approve,0,0.4506,0.6552
LN-HM-02791,0.6377,Reject,1,0.7492,0.9086
LN-HM-02792,0.6441,Reject,1,0.5095,0.8546
LN-HM-02793,0.4725,Reject,0,0.5201,0.0
LN-HM-02794,0.0138,Approve,0,0.339,0.7107
LN-HM-02795,0.789,Reject,0,0.7496,0.6686
LN-HM-02796,0.7704,Reject,1,0.8672,0.7132
LN-HM-02797,0.0892,Approve,0,0.2623,0.8385
LN-HM-02798,0.2801,Reject,0,0.6072,0.6825
LN-HM-02799,0.6266,Reject,1,0.5101,0.0
LN-HM-02800,0.0196,Approve,0,0.4875,0.0
LN-HM-02801,0.0,Approve,0,0.4278,0.0
LN-HM-02802,0.4319,Reject,0,0.7638,0.7815
LN-HM-02803,1.0,Reject,1,0.8562,0.8375
LN-HM-02804,0.5154,Reject,0,0.5305,0.6667
LN-HM-02805,0.0,Approve,0,0.4208,0.0
LN-HM-02806,0.5304,Reject,1,0.6387,0.7052
LN-HM-02807,0.0,Approve,0,0.3265,0.6892
LN-HM-02808,0.9337,Reject,1,1.1684,0.0
LN-HM-02809,0.6668,Reject,1,1.0292,0.0
LN-HM-02810,0.9038,Reject,1,0.7389,0.0
LN-HM-02811,0.721,Reject,1,0.6615,0.7898
LN-HM-02812,0.4236,Reject,1,0.604,0.8055
LN-HM-02813,0.5145,Reject,1,0.8162,0.692
LN-HM-02814,0.4672,Reject,1,0.7324,0.6524
LN-HM-02815,0.5608,Reject,0,0.8511,0.9032
LN-HM-02816,0.0,Approve,0,0.1905,0.0
LN-HM-02817,0.5055,Reject,1,0.8191,0.0
LN-HM-02818,0.6615,Reject,1,0.6834,0.7527
LN-HM-02819,0.3755,Reject,0,0.9055,0.7818
LN-HM-02820,0.4995,Reject,0,0.5204,0.892
LN-HM-02821,0.4092,Reject,1,0.6843,0.0
LN-HM-02822,0.5277,Reject,1,0.8511,0.7789
LN-HM-02823,0.228,Review,1,0.1924,0.0
LN-HM-02824,0.703,Reject,1,0.9817,0.8902
LN-HM-02825,0.5443,Reject,0,0.8162,0.7792
LN-HM-02826,0.0,Approve,0,0.4394,0.7635
LN-HM-02827,0.6502,Reject,0,0.5001,0.876
LN-HM-02828,0.3205,Reject,0,0.559,0.7339
LN-HM-02829,0.5052,Reject,0,0.6035,0.0
LN-HM-02830,0.8556,Reject,1,0.9614,0.8301
LN-HM-02831,0.2393,Review,0,0.4565,0.78
LN-HM-02832,0.3635,Reject,0,0.6035,0.0
LN-HM-02833,0.3929,Reject,0,0.7363,0.7203
LN-HM-02834,0.6936,Reject,1,0.6458,0.9138
LN-HM-02835,0.006,Approve,0,0.4022,0.6889
LN-HM-02836,0.2572,Review,0,0.2562,0.726
LN-HM-02837,0.3885,Reject,1,0.6335,0.8132
LN-HM-02838,0.0,Approve,0,0.4909,0.8621
LN-HM-02839,0.4773,Reject,0,0.6356,0.0
LN-HM-02840,0.7213,Reject,0,0.7138,0.9453
LN-HM-02841,0.4741,Reject,0,0.7146,0.0
LN-HM-02842,1.0,Reject,1,0.7925,0.8599
LN-HM-02843,0.2968,Reject,1,0.5717,0.7882
LN-HM-02844,0.0,Approve,0,0.4766,0.7539
LN-HM-02845,0.1455,Approve,0,0.4839,0.781
LN-HM-02846,0.6137,Reject,1,0.7017,0.942
LN-HM-02847,0.5251,Reject,0,0.8074,0.7194
LN-HM-02848,0.5475,Reject,1,1.0811,0.0
LN-HM-02849,0.0366,Approve,0,0.4432,0.7267
LN-HM-02850,0.7038,Reject,0,0.7285,0.9462
LN-HM-02851,0.5992,Reject,0,0.8317,0.8327
LN-HM-02852,0.46,Reject,1,0.6227,0.8319
LN-HM-02853,0.6852,Reject,0,0.5759,0.7853
LN-HM-02854,0.5415,Reject,1,0.6156,0.8657
LN-HM-02855,0.9366,Reject,1,0.7586,0.6787
LN-HM-02856,0.0244,Approve,0,0.3498,0.0
LN-HM-02857,0.0,Approve,0,0.4714,0.806
LN-HM-02858,0.1014,Approve,0,0.3047,0.8917
LN-HM-02859,0.539,Reject,1,0.6425,0.9161
LN-HM-02860,0.8708,Reject,1,0.8894,0.9409
LN-HM-02861,0.5957,Reject,0,0.6211,0.9076
LN-HM-02862,0.1473,Approve,0,0.4979,0.8222
LN-HM-02863,0.4547,Reject,1,1.2085,0.0
LN-HM-02864,0.279,Review,0,0.3498,0.0
LN-HM-02865,0.662,Reject,0,0.6742,0.6667
LN-HM-02866,0.7641,Reject,1,0.7313,0.9235
LN-HM-02867,0.6492,Reject,0,0.604,0.9227
LN-HM-02868,0.7887,Reject,1,0.6109,0.6627
LN-HM-02869,0.6845,Reject,1,0.6651,0.8504
LN-HM-02870,0.9369,Reject,1,0.8526,0.7835
LN-HM-02871,0.4483,Reject,0,1.2864,0.0
LN-HM-02872,0.2853,Review,0,0.5397,0.0
LN-HM-02873,0.0081,Approve,0,0.2355,0.0
LN-HM-02874,0.3779,Reject,0,0.6191,0.7456
LN-HM-02875,0.4766,Reject,1,0.4824,0.0
LN-HM-02876,0.9524,Reject,1,0.878,0.7026
LN-HM-02877,0.2587,Review,0,0.4775,0.8122
LN-HM-02878,0.0,Approve,0,0.383,0.7604
LN-HM-02879,0.3421,Reject,1,0.5619,0.6885
LN-HM-02880,0.8934,Reject,1,0.752,0.9284
LN-HM-02881,0.2417,Review,1,0.3931,0.9482
LN-HM-02882,0.3007,Reject,1,0.573,0.6777
LN-HM-02883,0.3451,Reject,1,0.6087,0.8
LN-HM-02884,0.531,Reject,1,0.5418,0.7428
LN-HM-02885,0.5163,Reject,0,0.8067,0.679
LN-HM-02886,0.6329,Reject,0,0.8603,0.8571
LN-HM-02887,0.5043,Reject,0,0.7923,0.7697
LN-HM-02888,0.6436,Reject,0,0.7445,0.9422
LN-HM-02889,0.6752,Reject,1,0.5232,0.8443
LN-HM-02890,0.4656,Reject,1,0.5632,0.0
LN-HM-02891,0.5333,Reject,0,1.5292,0.0
LN-HM-02892,0.2443,Review,0,0.4006,0.7686
LN-HM-02893,0.0,Approve,0,0.4234,0.0
LN-HM-02894,0.173,Approve,0,0.4603,0.7424
LN-HM-02895,0.2371,Review,0,0.5076,0.6632
LN-HM-02896,0.5413,Reject,1,0.6701,0.6844
LN-HM-02897,0.0,Approve,0,0.316,0.7609
LN-HM-02898,0.0302,Approve,0,0.4083,0.7055
LN-HM-02899,0.2462,Reject,1,0.6144,0.0
LN-HM-02900,0.9842,Reject,1,1.0516,0.7392
LN-HM-02901,0.7574,Reject,1,0.7038,0.827
LN-HM-02902,0.4956,Reject,0,0.8309,0.734
LN-HM-02903,0.6321,Reject,1,0.6187,0.8102
LN-HM-02904,0.0,Approve,0,0.3516,0.7025
LN-HM-02905,0.2034,Review,0,0.4305,0.8926
LN-HM-02906,0.43,Reject,1,0.6458,0.9042
LN-HM-02907,0.0008,Approve,0,0.3358,0.0
LN-HM-02908,0.5294,Reject,0,0.8117,0.6603
LN-HM-02909,0.4727,Reject,0,0.8361,0.0
LN-HM-02910,0.3513,Reject,1,0.6263,0.8514
LN-HM-02911,0.0,Approve,0,0.47,0.0
LN-HM-02912,0.0,Approve,0,0.4857,0.0
LN-HM-02913,0.5586,Reject,0,0.5715,0.0
LN-HM-02914,0.0832,Approve,1,0.3406,0.9435
LN-HM-02915,0.9522,Reject,1,0.8267,0.8392
LN-HM-02916,0.7615,Reject,1,0.6243,0.7143
LN-HM-02917,0.9244,Reject,1,0.7188,0.8285
LN-HM-02918,1.0,Reject,1,0.6699,0.8514
LN-HM-02919,0.6885,Reject,0,0.8186,0.8068
LN-HM-02920,1.0,Reject,1,0.9038,0.8725
LN-HM-02921,0.1353,Approve,0,0.4919,0.865
LN-HM-02922,0.7847,Reject,0,0.7237,0.0
LN-HM-02923,0.413,Reject,0,0.4305,0.7469
LN-HM-02924,0.4923,Reject,1,0.9124,0.7471
LN-HM-02925,0.8147,Reject,1,0.6229,0.8571
LN-HM-02926,0.0,Approve,0,0.4404,0.786
LN-HM-02927,0.0815,Approve,0,0.3093,0.8216
LN-HM-02928,0.1588,Reject,0,0.5625,0.7705
LN-HM-02929,0.556,Reject,1,0.6651,0.0
LN-HM-02930,0.4357,Reject,0,0.8882,0.0
LN-HM-02931,0.6316,Reject,0,0.67,0.7229
LN-HM-02932,0.2041,Reject,0,0.5516,0.7898
LN-HM-02933,0.0,Approve,0,0.4397,0.6862
LN-HM-02934,0.7681,Reject,1,0.6491,0.7845
LN-HM-02935,0.6002,Reject,1,0.6027,0.8067
LN-HM-02936,0.7416,Reject,1,0.6716,0.9333
LN-HM-02937,0.3835,Reject,1,0.7485,0.7759
LN-HM-02938,0.3824,Review,0,0.505,0.7706
LN-HM-02939,0.9887,Reject,1,0.7823,0.6843
LN-HM-02940,0.0,Approve,0,0.4969,0.0
LN-HM-02941,0.3167,Review,0,0.543,0.7426
LN-HM-02942,0.6065,Reject,0,0.9744,0.9418
LN-HM-02943,0.4939,Reject,0,0.5145,0.8183
LN-HM-02944,0.5341,Reject,1,0.5444,0.9142
LN-HM-02945,0.2226,Reject,0,0.6155,0.0
LN-HM-02946,0.5732,Reject,1,0.5668,0.7625
LN-HM-02947,0.3472,Reject,0,0.5771,0.6794
LN-HM-02948,0.4334,Reject,0,0.7391,0.6673
LN-HM-02949,0.4099,Reject,0,0.4827,0.7561
LN-HM-02950,0.4461,Reject,1,1.1261,0.0
LN-HM-02951,0.0867,Approve,0,0.3798,0.7167
LN-HM-02952,0.4116,Reject,1,1.3716,0.0
LN-HM-02953,0.3908,Reject,0,0.6845,0.6506
LN-HM-02954,0.0433,Approve,0,0.4861,0.8228
LN-HM-02955,0.809,Reject,1,0.73,0.8427
LN-HM-02956,0.3884,Reject,0,0.8671,0.0
LN-HM-02957,0.4339,Reject,1,0.7051,0.7211
LN-HM-02958,0.6317,Reject,1,0.894,0.888
LN-HM-02959,0.4383,Reject,0,0.5383,0.8555
LN-HM-02960,0.358,Reject,0,0.5994,0.0
LN-HM-02961,0.5048,Reject,1,0.6257,0.7661
LN-HM-02962,0.3796,Review,0,0.542,0.8968
LN-HM-02963,0.4229,Reject,1,0.6372,0.8539
LN-HM-02964,0.6013,Reject,0,0.7476,0.8614
LN-HM-02965,0.2102,Reject,0,0.5897,0.6777
LN-HM-02966,0.7058,Reject,1,0.8311,0.0
LN-HM-02967,0.5173,Reject,1,0.583,0.7778
LN-HM-02968,0.0,Approve,0,0.3316,0.0
LN-HM-02969,0.4651,Reject,0,1.0169,0.0
LN-HM-02970,0.6504,Reject,1,0.9354,0.8354
LN-HM-02971,0.3602,Reject,1,0.5767,0.7789
LN-HM-02972,0.6659,Reject,1,0.6744,0.6992
LN-HM-02973,0.6781,Reject,1,0.7744,0.7448
LN-HM-02974,0.3026,Reject,0,0.5944,0.7703
LN-HM-02975,0.0,Approve,0,0.3853,0.0
LN-HM-02976,0.0,Approve,0,0.4827,0.7902
LN-HM-02977,0.0,Approve,0,0.276,0.0
LN-HM-02978,0.5684,Reject,1,0.6354,0.0
LN-HM-02979,0.9236,Reject,1,0.8418,0.7436
LN-HM-02980,0.6607,Reject,1,0.6952,0.0
LN-HM-02981,0.5269,Reject,1,0.6188,0.0
LN-HM-02982,0.6423,Reject,1,1.1718,0.0
LN-HM-02983,0.4581,Reject,0,0.6669,0.7469
LN-HM-02984,0.1638,Approve,0,0.4583,0.7452
LN-HM-02985,0.7861,Reject,0,0.9669,0.8264
LN-HM-02986,0.9535,Reject,1,0.6818,0.8731
LN-HM-02987,0.5951,Reject,1,0.5835,0.8093
LN-HM-02988,0.0659,Approve,0,0.4686,0.0
LN-HM-02989,0.7489,Reject,1,0.8197,0.8162
LN-HM-02990,0.4095,Reject,0,0.4846,0.0
LN-HM-02991,0.2808,Review,0,0.5189,0.8871
LN-HM-02992,0.2404,Review,0,0.2079,0.0
LN-HM-02993,0.4813,Reject,1,0.6709,0.0
LN-HM-02994,0.19,Approve,0,0.4943,0.0
LN-HM-02995,0.2116,Review,1,0.4999,0.6996
LN-HM-02996,0.4478,Reject,0,0.6816,0.8872
LN-HM-02997,0.6078,Reject,0,1.3663,0.0
LN-HM-02998,0.1642,Review,0,0.5023,0.7572
LN-HM-02999,0.0,Approve,0,0.4019,0.0
LN-HM-03000,0.5464,Reject,1,0.5648,0.9038
LN-HM-03001,0.588,Reject,0,0.6705,0.7831
LN-HM-03002,0.3552,Reject,0,0.6433,0.7187
LN-HM-03003,0.3096,Review,0,0.5003,0.7039
LN-HM-03004,0.9271,Reject,1,0.87,0.8407
LN-HM-03005,0.9091,Reject,0,0.7179,0.9397
LN-HM-03006,0.0,Approve,0,0.4812,0.6573
LN-HM-03007,0.4585,Reject,1,0.7133,0.7189
LN-HM-03008,0.5269,Reject,0,0.5827,0.0
LN-HM-03009,0.1114,Approve,0,0.354,0.0
LN-HM-03010,0.2158,Review,1,0.3626,0.0
LN-HM-03011,0.5478,Reject,0,0.7358,0.6796
LN-HM-03012,0.6568,Reject,1,0.4889,0.9031
LN-HM-03013,0.7153,Reject,1,0.7087,0.7696
LN-HM-03014,0.9985,Reject,1,0.7836,0.7304
LN-HM-03015,0.7042,Reject,1,0.6885,0.0
LN-HM-03016,0.0,Approve,0,0.3554,0.7148
LN-HM-03017,0.5459,Reject,1,0.562,0.7857
LN-HM-03018,0.2107,Review,1,0.5406,0.6889
LN-HM-03019,0.6045,Reject,1,0.696,0.946
LN-HM-03020,0.9029,Reject,1,0.8117,0.8647
LN-HM-03021,0.0985,Approve,0,0.4026,0.8277
LN-HM-03022,0.7552,Reject,0,0.6546,0.7736
LN-HM-03023,0.8174,Reject,1,0.6942,0.7385
LN-HM-03024,0.6926,Reject,1,0.6926,0.7713
LN-HM-03025,0.279,Review,0,0.5463,0.6948
LN-HM-03026,0.7686,Reject,1,0.7025,0.7443
LN-HM-03027,0.2049,Review,0,0.3737,0.0
LN-HM-03028,0.0,Approve,0,0.3688,0.9401
LN-HM-03029,0.4565,Reject,1,0.733,0.7619
LN-HM-03030,0.4296,Reject,1,0.695,0.8062
LN-HM-03031,0.5294,Reject,0,0.6489,0.7309
LN-HM-03032,0.6794,Reject,0,0.8172,0.8845
LN-HM-03033,0.4736,Reject,0,1.2437,0.0
LN-HM-03034,0.0,Approve,0,0.4129,0.7516
LN-HM-03035,0.6512,Reject,0,0.5961,0.9191
LN-HM-03036,0.2365,Review,0,0.252,0.0
LN-HM-03037,0.2285,Review,0,0.5192,0.0
LN-HM-03038,0.2134,Reject,1,0.644,0.6604
LN-HM-03039,0.4728,Reject,0,0.874,0.7569
LN-HM-03040,0.0,Approve,0,0.4691,0.9195
LN-HM-03041,0.4105,Reject,0,0.6849,0.7848
LN-HM-03042,0.4925,Reject,1,0.5122,0.0
LN-HM-03043,0.6509,Reject,1,0.8195,0.8889
LN-HM-03044,0.0,Approve,0,0.4427,0.0
LN-HM-03045,0.0801,Approve,0,0.444,0.9244
LN-HM-03046,0.0767,Approve,0,0.4526,0.7056
LN-HM-03047,0.5273,Reject,1,0.8354,0.7717
LN-HM-03048,0.0,Approve,0,0.4804,0.0
LN-HM-03049,0.6975,Reject,0,0.8871,0.8562
LN-HM-03050,0.7878,Reject,1,0.7759,0.8872
LN-HM-03051,0.3805,Reject,0,0.5648,0.7407
LN-HM-03052,0.1314,Approve,0,0.4586,0.0
LN-HM-03053,0.6602,Reject,0,0.8337,0.8931
LN-HM-03054,0.0,Approve,0,0.4913,0.7591
LN-HM-03055,0.0352,Approve,0,0.3247,0.0
LN-HM-03056,0.4327,Reject,1,1.3857,0.0
LN-HM-03057,0.1643,Reject,0,0.593,0.7352
LN-HM-03058,0.4674,Reject,1,0.6432,0.8983
LN-HM-03059,0.468,Reject,0,0.613,0.9208
LN-HM-03060,0.0,Approve,0,0.2779,0.7335
LN-HM-03061,0.2443,Reject,0,0.5943,0.9099
LN-HM-03062,0.6436,Reject,1,0.6723,0.8019
LN-HM-03063,0.0,Approve,0,0.3853,0.7361
LN-HM-03064,0.443,Reject,0,0.3606,0.0
LN-HM-03065,0.535,Reject,0,0.5245,0.0
LN-HM-03066,0.3194,Reject,1,0.4948,0.7115
LN-HM-03067,0.6456,Reject,1,0.7684,0.6832
LN-HM-03068,0.479,Reject,0,0.5291,0.0
LN-HM-03069,0.4784,Reject,0,0.4761,0.681
LN-HM-03070,0.0,Approve,0,0.4449,0.0
LN-HM-03071,0.9356,Reject,1,0.8044,0.9122
LN-HM-03072,0.2798,Reject,0,0.6011,0.7403
LN-HM-03073,0.7767,Reject,1,0.5783,0.8848
LN-HM-03074,0.4743,Reject,1,0.6885,0.7
LN-HM-03075,0.5062,Reject,0,0.5851,0.893
LN-HM-03076,0.3637,Reject,0,0.2633,0.0
LN-HM-03077,0.0,Approve,0,0.4568,0.0
LN-HM-03078,0.8933,Reject,1,0.6172,0.9125
LN-HM-03079,0.5321,Reject,1,0.7996,0.7195
LN-HM-03080,0.4049,Reject,1,0.6381,0.893
LN-HM-03081,0.765,Reject,1,0.8866,0.8734
LN-HM-03082,0.871,Reject,0,0.7462,0.0
LN-HM-03083,0.4438,Reject,1,0.8772,0.6617
LN-HM-03084,0.0636,Approve,0,0.3861,0.68
LN-HM-03085,0.0,Approve,0,0.4553,0.7824
LN-HM-03086,0.3375,Review,0,0.5313,0.0
LN-HM-03087,0.0,Approve,0,0.4297,0.0
LN-HM-03088,0.0,Approve,0,0.4056,0.0
LN-HM-03089,0.2399,Reject,0,0.5515,0.0
LN-HM-03090,0.7539,Reject,1,0.7725,0.8032
LN-HM-03091,0.2524,Reject,0,0.6368,0.0
LN-HM-03092,0.4125,Reject,1,0.7979,0.0
LN-HM-03093,0.5372,Reject,1,0.9876,0.0
LN-HM-03094,0.4443,Reject,0,0.2942,0.6698
LN-HM-03095,0.636,Reject,1,0.719,0.8435
LN-HM-03096,0.2765,Reject,0,0.5605,0.0
LN-HM-03097,0.5101,Reject,1,0.742,0.0
LN-HM-03098,0.8296,Reject,0,0.7397,0.9414
LN-HM-03099,0.5536,Reject,1,0.6173,0.8418
LN-HM-03100,0.6419,Reject,1,0.7709,0.9189
LN-HM-03101,0.4719,Reject,1,0.63,0.9382
LN-HM-03102,0.6443,Reject,1,0.6941,0.8873
LN-HM-03103,0.7799,Reject,0,0.6893,0.7121
LN-HM-03104,0.6332,Reject,1,0.6972,0.8793
LN-HM-03105,0.628,Reject,0,0.6925,0.8686
LN-HM-03106,0.217,Reject,0,0.601,0.0
LN-HM-03107,0.7593,Reject,1,0.9385,0.8364
LN-HM-03108,0.0676,Approve,0,0.4105,0.0
LN-HM-03109,0.8087,Reject,1,0.9518,0.6842
LN-HM-03110,0.6836,Reject,1,0.9469,0.0
LN-HM-03111,0.0211,Approve,0,0.4238,0.0
LN-HM-03112,0.0,Approve,0,0.1906,0.0
LN-HM-03113,1.0,Reject,1,0.7648,0.6738
LN-HM-03114,0.2929,Review,0,0.3535,0.0
LN-HM-03115,0.45,Reject,1,0.46,0.0
LN-HM-03116,0.2906,Reject,0,0.6322,0.8171
LN-HM-03117,0.4912,Reject,0,0.9187,0.7896
LN-HM-03118,0.3899,Reject,1,0.5969,0.9042
LN-HM-03119,0.4733,Reject,0,0.5441,0.9123
LN-HM-03120,0.7145,Reject,1,1.0978,0.8167
LN-HM-03121,0.3719,Reject,0,0.622,0.9066
LN-HM-03122,0.3748,Reject,1,0.901,0.7369
LN-HM-03123,0.5508,Reject,1,0.5494,0.0
LN-HM-03124,0.3979,Reject,0,0.2911,0.0
LN-HM-03125,0.2659,Reject,0,0.6032,0.0
LN-HM-03126,0.6263,Reject,1,0.7554,0.8033
LN-HM-03127,0.0,Approve,0,0.304,0.0
LN-HM-03128,0.8383,Reject,1,0.6046,0.6708
LN-HM-03129,0.5284,Reject,1,0.7413,0.6802
LN-HM-03130,0.0616,Approve,1,0.4932,0.7846
LN-HM-03131,0.7218,Reject,1,0.5505,0.8869
LN-HM-03132,0.4967,Reject,1,0.6827,0.6898
LN-HM-03133,0.2321,Review,0,0.4246,0.7718
LN-HM-03134,0.0,Approve,0,0.3632,0.7449
LN-HM-03135,0.7106,Reject,0,0.6823,0.759
LN-HM-03136,0.0,Approve,0,0.3881,0.0
LN-HM-03137,0.5118,Reject,1,0.5808,0.814
LN-HM-03138,0.457,Reject,0,0.298,0.0
LN-HM-03139,0.1371,Review,0,0.5213,0.7166
LN-HM-03140,0.2305,Review,0,0.5123,0.7049
LN-HM-03141,0.712,Reject,1,0.7926,0.7436
LN-HM-03142,0.5052,Reject,0,0.5426,0.9294
LN-HM-03143,0.0,Approve,0,0.3543,0.6646
LN-HM-03144,0.4257,Reject,0,0.6169,0.7293
LN-HM-03145,0.5236,Reject,1,0.5591,0.6832
LN-HM-03146,0.551,Reject,1,0.5616,0.0
LN-HM-03147,0.7654,Reject,1,0.6548,0.8974
LN-HM-03148,0.9881,Reject,1,0.8998,0.0
LN-HM-03149,0.3748,Review,1,0.5157,0.6516
LN-HM-03150,0.1866,Reject,0,0.6343,0.0
LN-HM-03151,0.416,Reject,0,0.6712,0.6894
LN-HM-03152,0.0315,Approve,0,0.4954,0.8543
LN-HM-03153,0.2036,Review,1,0.3078,0.0
LN-HM-03154,0.5168,Reject,1,0.6796,0.7081
LN-HM-03155,0.1969,Approve,0,0.3747,0.0
LN-HM-03156,0.8794,Reject,1,0.9535,0.8556
LN-HM-03157,0.6921,Reject,1,0.6385,0.683
LN-HM-03158,0.4247,Reject,1,0.7275,0.7647
LN-HM-03159,0.3346,Review,1,0.5167,0.7241
LN-HM-03160,0.2187,Review,0,0.367,0.8408
LN-HM-03161,0.0081,Approve,0,0.4307,0.669
LN-HM-03162,0.2724,Review,0,0.5072,0.0
LN-HM-03163,0.5448,Reject,1,0.8995,0.0
LN-HM-03164,0.0963,Approve,0,0.2593,0.0
LN-HM-03165,0.9199,Reject,1,0.7725,0.8392
LN-HM-03166,0.4799,Reject,0,0.5739,0.8235
LN-HM-03167,0.0,Approve,0,0.4767,0.0
LN-HM-03168,0.0,Approve,0,0.336,0.0
LN-HM-03169,0.4435,Reject,1,1.095,0.0
LN-HM-03170,0.0,Approve,0,0.4705,0.7241
LN-HM-03171,0.398,Reject,0,0.7126,0.7011
LN-HM-03172,0.4218,Reject,1,0.9216,0.6982
LN-HM-03173,0.7455,Reject,0,0.6779,0.0
LN-HM-03174,0.723,Reject,1,0.6813,0.7103
LN-HM-03175,0.2809,Review,0,0.5319,0.0
LN-HM-03176,0.9185,Reject,1,0.786,0.0
LN-HM-03177,0.6921,Reject,1,0.7563,0.903
LN-HM-03178,0.4752,Reject,0,0.5468,0.7751
LN-HM-03179,0.1134,Approve,0,0.4826,0.0
LN-HM-03180,0.9668,Reject,1,0.9651,0.8588
LN-HM-03181,0.0,Approve,0,0.4999,0.6667
LN-HM-03182,0.3762,Review,0,0.5417,0.75
LN-HM-03183,0.1886,Reject,0,0.6078,0.0
LN-HM-03184,0.549,Reject,1,0.6829,0.8238
LN-HM-03185,0.4193,Reject,1,0.6724,0.0
LN-HM-03186,0.6585,Reject,1,0.8534,0.8735
LN-HM-03187,0.1702,Approve,0,0.2906,0.8193
LN-HM-03188,0.1582,Approve,0,0.3851,0.8643
LN-HM-03189,0.0528,Approve,0,0.472,0.7818
LN-HM-03190,0.0,Approve,0,0.4497,0.0
LN-HM-03191,0.6416,Reject,0,0.5489,0.8601
LN-HM-03192,0.5526,Reject,0,0.6953,0.7863
LN-HM-03193,0.0,Approve,0,0.3782,0.0
LN-HM-03194,0.2831,Review,1,0.4197,0.8732
LN-HM-03195,0.299,Reject,0,0.629,0.0
LN-HM-03196,0.4741,Reject,1,0.7011,0.7561
LN-HM-03197,0.7018,Reject,1,0.717,0.6634
LN-HM-03198,0.4396,Reject,0,0.6165,0.7262
LN-HM-03199,0.4988,Reject,1,0.5126,0.0
LN-HM-03200,0.2024,Reject,0,0.6162,0.0
LN-HM-03201,0.9714,Reject,1,0.8176,0.6584
LN-HM-03202,0.0,Approve,0,0.4921,0.7176
LN-HM-03203,0.0,Approve,0,0.3595,0.0
LN-HM-03204,0.3978,Reject,1,0.6741,0.7794
LN-HM-03205,1.0,Reject,1,0.7476,0.887
LN-HM-03206,0.0,Approve,0,0.4971,0.7953
LN-HM-03207,0.3445,Reject,1,0.7827,0.7828
LN-HM-03208,0.7446,Reject,0,0.6558,0.7165
LN-HM-03209,0.1742,Reject,0,0.583,0.0
LN-HM-03210,0.0,Approve,0,0.4779,0.7143
LN-HM-03211,0.9396,Reject,1,0.7122,0.0
LN-HM-03212,0.9636,Reject,1,0.5888,0.883
LN-HM-03213,0.2838,Reject,0,0.635,0.7181
LN-HM-03214,0.7797,Reject,0,1.5577,0.0
LN-HM-03215,0.3611,Reject,1,0.6095,0.0
LN-HM-03216,0.359,Reject,0,0.5502,0.7636
LN-HM-03217,0.746,Reject,1,1.0172,0.7325
LN-HM-03218,0.4446,Reject,0,0.6102,0.6869
LN-HM-03219,0.4849,Reject,1,0.536,0.6585
LN-HM-03220,0.3738,Reject,0,0.5573,0.6667
LN-HM-03221,1.0,Reject,1,0.8018,0.8977
LN-HM-03222,0.386,Reject,1,0.6388,0.6752
LN-HM-03223,0.2002,Reject,1,0.6069,0.6536
LN-HM-03224,0.4209,Reject,0,0.7983,0.0
LN-HM-03225,0.0708,Approve,0,0.4247,0.7829
LN-HM-03226,0.0708,Approve,0,0.3874,0.8133
LN-HM-03227,0.5225,Reject,1,0.603,0.8935
LN-HM-03228,0.1563,Reject,0,0.5533,0.6881
LN-HM-03229,0.1876,Approve,1,0.3429,0.8807
LN-HM-03230,0.2289,Reject,0,0.6478,0.7099
LN-HM-03231,0.4826,Reject,1,0.4741,0.0
LN-HM-03232,0.4347,Reject,0,0.8167,0.7091
LN-HM-03233,0.444,Reject,0,0.7034,0.766
LN-HM-03234,0.1215,Approve,0,0.4315,0.8171
LN-HM-03235,0.2141,Review,1,0.2751,0.7073
LN-HM-03236,0.4529,Reject,1,0.69,0.8142
LN-HM-03237,0.3158,Reject,1,0.5956,0.691
LN-HM-03238,0.5307,Reject,1,0.8192,0.6821
LN-HM-03239,0.6297,Reject,1,0.6555,0.926
LN-HM-03240,0.2544,Review,1,0.5091,0.6714
LN-HM-03241,0.5684,Reject,0,1.1612,0.0
LN-HM-03242,0.7126,Reject,1,0.9237,0.744
LN-HM-03243,0.0,Approve,0,0.3876,0.7733
LN-HM-03244,0.5213,Reject,0,0.7041,0.7507
LN-HM-03245,0.6965,Reject,1,0.8538,0.66
LN-HM-03246,0.0,Approve,0,0.3673,0.0
LN-HM-03247,0.5249,Reject,1,0.8173,0.0
LN-HM-03248,0.0,Approve,0,0.4085,0.7789
LN-HM-03249,0.0,Approve,0,0.3982,0.0
LN-HM-03250,1.0,Reject,1,0.6879,0.8214
LN-HM-03251,0.704,Reject,0,0.5076,0.0
LN-HM-03252,0.0,Approve,0,0.4093,0.9271
LN-HM-03253,0.6916,Reject,1,1.0421,0.0
LN-HM-03254,0.6516,Reject,1,0.6622,0.6698
LN-HM-03255,0.5103,Reject,0,0.7507,0.8783
LN-HM-03256,0.0,Approve,0,0.4759,0.7174
LN-HM-03257,0.0159,Approve,0,0.458,0.7528
LN-HM-03258,0.1557,Review,0,0.504,0.0
LN-HM-03259,0.04,Approve,0,0.347,0.7236
LN-HM-03260,0.4292,Reject,0,0.3496,0.8148
LN-HM-03261,0.0,Approve,0,0.2964,0.0
LN-HM-03262,0.7462,Reject,1,0.7721,0.8803
LN-HM-03263,0.5603,Reject,0,0.7013,0.6562
LN-HM-03264,0.0132,Approve,0,0.3698,0.7143
LN-HM-03265,0.0,Approve,0,0.4325,0.6625
LN-HM-03266,0.7093,Reject,1,0.5235,0.8406
LN-HM-03267,0.0,Approve,0,0.318,0.9118
LN-HM-03268,0.3426,Reject,0,0.6015,0.82
LN-HM-03269,0.92,Reject,1,0.6953,0.8084
LN-HM-03270,0.0,Approve,0,0.4747,0.0
LN-HM-03271,0.715,Reject,1,1.0485,0.0
LN-HM-03272,0.7374,Reject,1,0.8867,0.0
LN-HM-03273,0.4558,Reject,1,0.4095,0.0
LN-HM-03274,0.244,Review,0,0.4574,0.0
LN-HM-03275,0.2288,Reject,0,0.5747,0.8772
LN-HM-03276,0.3456,Reject,0,0.6395,0.8409
LN-HM-03277,0.6451,Reject,1,0.7424,0.6776
LN-HM-03278,0.1243,Approve,0,0.1942,0.0
LN-HM-03279,0.0861,Approve,1,0.4832,0.0
LN-HM-03280,0.1682,Review,0,0.5306,0.0
LN-HM-03281,0.4453,Reject,1,0.6574,0.0
LN-HM-03282,0.2968,Review,0,0.5309,0.0
LN-HM-03283,0.1009,Approve,0,0.4769,0.7351
LN-HM-03284,0.6813,Reject,1,0.601,0.7057
LN-HM-03285,0.2627,Reject,0,0.6192,0.0
LN-HM-03286,0.2818,Reject,0,0.6265,0.7598
LN-HM-03287,0.5079,Reject,0,0.2651,0.7555
LN-HM-03288,0.6224,Reject,1,0.7532,0.8638
LN-HM-03289,0.6642,Reject,1,0.8352,0.8812
LN-HM-03290,0.0,Approve,0,0.3588,0.9383
LN-HM-03291,0.0302,Approve,0,0.3343,0.771
LN-HM-03292,0.596,Reject,1,0.7273,0.8147
LN-HM-03293,0.3101,Reject,1,0.5714,0.0
LN-HM-03294,0.5079,Reject,1,1.3116,0.0
LN-HM-03295,0.0115,Approve,0,0.3948,0.0
LN-HM-03296,1.0,Reject,1,0.6654,0.8527
LN-HM-03297,0.4535,Reject,1,0.5924,0.0
LN-HM-03298,0.6735,Reject,1,0.8192,0.8803
LN-HM-03299,0.5278,Reject,0,0.6805,0.6976
LN-HM-03300,0.7144,Reject,1,0.8958,0.7928
LN-HM-03301,0.6314,Reject,0,0.8292,0.7102
LN-HM-03302,0.1961,Approve,0,0.4094,0.0
LN-HM-03303,0.7252,Reject,1,0.7865,0.9267
LN-HM-03304,0.1931,Review,1,0.5378,0.0
LN-HM-03305,0.4594,Reject,0,0.7542,0.8283
LN-HM-03306,0.5966,Reject,1,0.723,0.9268
LN-HM-03307,0.3298,Reject,1,0.5982,0.6761
LN-HM-03308,0.0456,Approve,0,0.3441,0.0
LN-HM-03309,0.2254,Review,1,0.4615,0.0
LN-HM-03310,0.4753,Reject,0,0.892,0.0
LN-HM-03311,0.1927,Approve,0,0.4817,0.0
LN-HM-03312,0.3149,Reject,0,0.6037,0.7218
LN-HM-03313,0.231,Reject,0,0.6238,0.7821
LN-HM-03314,0.36,Reject,0,0.6381,0.7963
LN-HM-03315,0.0713,Approve,0,0.423,0.0
LN-HM-03316,0.5625,Reject,1,1.0674,0.7324
LN-HM-03317,0.6772,Reject,1,0.6325,0.0
LN-HM-03318,0.273,Review,1,0.5429,0.7665
LN-HM-03319,0.3612,Reject,0,0.5821,0.8591
LN-HM-03320,0.3806,Reject,0,0.566,0.8926
LN-HM-03321,0.2379,Review,1,0.5303,0.7386
LN-HM-03322,0.5777,Reject,1,0.8837,0.0
LN-HM-03323,0.744,Reject,1,0.7815,0.6814
LN-HM-03324,0.5292,Reject,0,0.6354,0.0
LN-HM-03325,0.5483,Reject,1,0.7487,0.6611
LN-HM-03326,0.2142,Review,0,0.5195,0.7112
LN-HM-03327,0.7901,Reject,1,0.918,0.7569
LN-HM-03328,0.5185,Reject,1,0.6826,0.8
LN-HM-03329,1.0,Reject,1,0.8169,0.9212
LN-HM-03330,0.4866,Reject,0,0.3456,0.6711
LN-HM-03331,0.4175,Reject,1,1.0648,0.0
LN-HM-03332,0.4917,Reject,0,0.7321,0.6516
LN-HM-03333,0.7749,Reject,1,0.5174,0.0
LN-HM-03334,0.6625,Reject,1,0.7561,0.7431
LN-HM-03335,0.4314,Reject,0,0.9053,0.7387
LN-HM-03336,0.5096,Reject,0,0.711,0.7889
LN-HM-03337,0.0,Approve,0,0.3491,0.7667
LN-HM-03338,0.7386,Reject,0,0.9279,0.7764
LN-HM-03339,0.029,Approve,0,0.4598,0.728
LN-HM-03340,1.0,Reject,1,0.8144,0.7638
LN-HM-03341,0.5955,Reject,0,0.7596,0.8541
LN-HM-03342,0.7174,Reject,1,0.9889,0.8257
LN-HM-03343,0.4442,Reject,1,0.5691,0.0
LN-HM-03344,0.4916,Reject,0,0.6634,0.8146
LN-HM-03345,1.0,Reject,1,0.6575,0.0
LN-HM-03346,0.7086,Reject,1,0.7326,0.0
LN-HM-03347,0.3912,Reject,0,0.5862,0.6897
LN-HM-03348,0.3684,Reject,1,0.8648,0.6561
LN-HM-03349,0.8974,Reject,1,0.6508,0.6639
LN-HM-03350,0.3139,Review,1,0.5045,0.0
LN-HM-03351,0.037,Approve,0,0.3263,0.0
LN-HM-03352,0.3497,Reject,0,0.8684,0.6581
LN-HM-03353,0.5057,Reject,0,0.9397,0.7415
LN-HM-03354,0.2055,Reject,0,0.6144,0.7333
LN-HM-03355,0.0,Approve,0,0.3744,0.7778
LN-HM-03356,0.6746,Reject,1,0.8672,0.8077
LN-HM-03357,0.4189,Reject,0,1.0788,0.0
LN-HM-03358,0.0886,Approve,0,0.4016,0.7029
LN-HM-03359,0.8771,Reject,1,1.5579,0.0
LN-HM-03360,0.2179,Review,0,0.4801,0.8745
LN-HM-03361,0.4806,Reject,1,0.7084,0.7222
LN-HM-03362,0.5512,Reject,1,0.6197,0.822
LN-HM-03363,0.0,Approve,0,0.4369,0.7605
LN-HM-03364,0.6872,Reject,1,0.7416,0.0
LN-HM-03365,0.2596,Reject,0,0.5555,0.8489
LN-HM-03366,0.7329,Reject,0,0.8647,0.6868
LN-HM-03367,0.5473,Reject,1,0.6596,0.0
LN-HM-03368,0.5041,Reject,0,0.676,0.0
LN-HM-03369,0.1807,Approve,0,0.3057,0.0
LN-HM-03370,0.4424,Reject,0,0.684,0.6733
LN-HM-03371,0.5405,Reject,1,0.5584,0.6812
LN-HM-03372,0.4966,Reject,1,0.5781,0.6687
LN-HM-03373,0.7469,Reject,1,0.6113,0.8349
LN-HM-03374,0.2761,Review,1,0.537,0.7159
LN-HM-03375,0.2882,Reject,0,0.6146,0.6915
LN-HM-03376,0.828,Reject,1,0.6369,0.0
LN-HM-03377,0.0134,Approve,0,0.4355,0.0
LN-HM-03378,0.5409,Reject,0,0.6051,0.0
LN-HM-03379,0.0,Approve,0,0.369,0.0
LN-HM-03380,0.4732,Reject,0,0.8616,0.0
LN-HM-03381,0.6856,Reject,1,1.1898,0.0
LN-HM-03382,0.3006,Reject,1,0.5753,0.7829
LN-HM-03383,0.0,Approve,0,0.2071,0.0
LN-HM-03384,0.2548,Reject,0,0.5696,0.0
LN-HM-03385,0.6018,Reject,0,0.6749,0.714
LN-HM-03386,0.4123,Reject,1,0.5112,0.9485
LN-HM-03387,0.6127,Reject,0,0.9848,0.9286
LN-HM-03388,0.2126,Reject,0,0.5861,0.7193
LN-HM-03389,0.0879,Approve,0,0.3019,0.6566
LN-HM-03390,0.8833,Reject,1,0.8353,0.8799
LN-HM-03391,0.6672,Reject,0,1.6976,0.0
LN-HM-03392,0.4641,Reject,0,0.7365,0.0
LN-HM-03393,0.4523,Reject,0,0.7179,0.6549
LN-HM-03394,0.4813,Reject,1,0.5105,0.8924
LN-HM-03395,0.4313,Reject,1,0.8556,0.6743
LN-HM-03396,0.716,Reject,1,0.574,0.0
LN-HM-03397,0.3304,Review,1,0.2907,0.0
LN-HM-03398,0.9367,Reject,1,0.7054,0.84
LN-HM-03399,0.2265,Review,0,0.2788,0.8452
LN-HM-03400,0.5411,Reject,1,0.7267,0.9103
LN-HM-03401,0.1904,Approve,0,0.4732,0.0
LN-HM-03402,0.4514,Reject,1,0.6896,0.7545
LN-HM-03403,0.7184,Reject,1,0.8255,0.7586
LN-HM-03404,0.5139,Reject,1,0.6681,0.0
LN-HM-03405,0.2574,Review,0,0.3338,0.7259
LN-HM-03406,0.4486,Reject,0,0.6984,0.6701
LN-HM-03407,0.0,Approve,0,0.4223,0.6571
LN-HM-03408,0.6436,Reject,1,0.3519,0.8395
LN-HM-03409,0.3899,Reject,1,0.563,0.6561
LN-HM-03410,0.1472,Approve,0,0.4639,0.7332
LN-HM-03411,0.4798,Reject,0,0.5293,0.7729
LN-HM-03412,0.4614,Reject,1,0.2731,0.0
LN-HM-03413,0.4999,Reject,1,0.8338,0.0
LN-HM-03414,0.6851,Reject,0,0.7817,0.932
LN-HM-03415,0.0,Approve,0,0.3039,0.881
LN-HM-03416,0.1396,Approve,0,0.3278,0.0
LN-HM-03417,0.1449,Approve,0,0.4615,0.0
LN-HM-03418,0.2638,Review,0,0.5125,0.9206
LN-HM-03419,0.0123,Approve,0,0.3409,0.0
LN-HM-03420,0.6789,Reject,0,0.7349,0.6901
LN-HM-03421,0.977,Reject,1,0.7579,0.7714
LN-HM-03422,0.4262,Reject,0,0.2044,0.0
LN-HM-03423,0.907,Reject,1,0.703,0.8211
LN-HM-03424,0.5548,Reject,1,0.696,0.7576
LN-HM-03425,0.6699,Reject,1,0.5538,0.8662
LN-HM-03426,0.6579,Reject,1,0.5332,0.8869
LN-HM-03427,0.714,Reject,1,0.7854,0.7946
LN-HM-03428,0.7184,Reject,0,0.819,0.7481
LN-HM-03429,0.6564,Reject,1,1.0626,0.0
LN-HM-03430,0.411,Reject,0,0.4428,0.9432
LN-HM-03431,0.71,Reject,0,0.6869,0.8855
LN-HM-03432,0.5976,Reject,0,0.5584,0.8389
LN-HM-03433,0.4852,Reject,1,0.5254,0.6575
LN-HM-03434,0.9199,Reject,1,0.7977,0.9131
LN-HM-03435,0.2064,Review,0,0.5389,0.6915
LN-HM-03436,0.6479,Reject,1,0.8404,0.8958
LN-HM-03437,0.6407,Reject,0,0.6731,0.7022
LN-HM-03438,0.6425,Reject,0,0.6552,0.7424
LN-HM-03439,0.4416,Reject,0,0.5749,0.0
LN-HM-03440,0.2256,Reject,1,0.6034,0.6613
LN-HM-03441,0.4513,Reject,1,0.7503,0.7977
LN-HM-03442,0.6351,Reject,1,0.6392,0.8413
LN-HM-03443,0.655,Reject,1,0.8259,0.0
LN-HM-03444,0.275,Review,0,0.3797,0.0
LN-HM-03445,0.0234,Approve,0,0.2995,0.9296
LN-HM-03446,0.4111,Reject,0,0.9855,0.7418
LN-HM-03447,0.002,Approve,0,0.4296,0.0
LN-HM-03448,0.7571,Reject,1,0.6186,0.6872
LN-HM-03449,0.3781,Reject,1,0.7558,0.6643
LN-HM-03450,0.2851,Review,0,0.5096,0.6965
LN-HM-03451,0.5208,Reject,0,0.619,0.7945
LN-HM-03452,0.0,Approve,0,0.432,0.0
LN-HM-03453,0.823,Reject,0,0.5181,0.8505
LN-HM-03454,0.51,Reject,1,0.6308,0.0
LN-HM-03455,0.0208,Approve,0,0.178,0.0
LN-HM-03456,0.4069,Reject,1,0.491,0.7886
LN-HM-03457,0.476,Reject,0,0.5307,0.698
LN-HM-03458,0.729,Reject,1,0.7253,0.8787
LN-HM-03459,0.0223,Approve,0,0.4687,0.7217
LN-HM-03460,0.6698,Reject,1,0.7622,0.9024
LN-HM-03461,0.3424,Review,0,0.5354,0.8864
LN-HM-03462,0.3438,Reject,0,0.6092,0.7516
LN-HM-03463,0.2504,Reject,0,0.5698,0.6908
LN-HM-03464,0.3457,Review,0,0.4499,0.8818
LN-HM-03465,0.599,Reject,0,0.6375,0.8249
LN-HM-03466,0.7594,Reject,0,0.5749,0.0
LN-HM-03467,0.8242,Reject,1,0.7298,0.8626
LN-HM-03468,0.0,Approve,0,0.4513,0.9471
LN-HM-03469,0.2224,Review,0,0.3703,0.7673
LN-HM-03470,0.6559,Reject,1,0.7776,0.8543
LN-HM-03471,0.6062,Reject,1,0.6214,0.8112
LN-HM-03472,0.494,Reject,1,0.5309,0.0
LN-HM-03473,0.0136,Approve,0,0.4551,0.0
LN-HM-03474,0.5089,Reject,0,0.5501,0.8089
LN-HM-03475,0.168,Approve,0,0.4227,0.7065
LN-HM-03476,0.1672,Review,0,0.5067,0.6943
LN-HM-03477,0.4633,Reject,0,0.8143,0.7105
LN-HM-03478,0.4305,Reject,1,0.6185,0.8578
LN-HM-03479,0.0843,Approve,0,0.3817,0.7381
LN-HM-03480,0.4257,Reject,0,0.7019,0.6878
LN-HM-03481,0.2151,Reject,1,0.5686,0.8068
LN-HM-03482,0.4134,Reject,0,0.5748,0.8753
LN-HM-03483,0.0,Approve,0,0.3296,0.0
LN-HM-03484,0.0189,Approve,0,0.2787,0.0
LN-HM-03485,0.0,Approve,0,0.4499,0.6658
LN-HM-03486,0.7621,Reject,1,0.5063,0.0
LN-HM-03487,0.6097,Reject,1,0.6839,0.0
LN-HM-03488,0.461,Reject,1,0.7158,0.6595
LN-HM-03489,0.3722,Reject,0,0.5749,0.0
LN-HM-03490,0.0,Approve,0,0.3714,0.0
LN-HM-03491,0.9446,Reject,1,0.6563,0.6774
LN-HM-03492,0.3678,Reject,0,0.5961,0.746
LN-HM-03493,0.3218,Reject,0,0.6392,0.9423
LN-HM-03494,0.1373,Approve,0,0.4394,0.8117
LN-HM-03495,0.0327,Approve,0,0.4011,0.0
LN-HM-03496,0.2446,Reject,1,0.6459,0.0
LN-HM-03497,0.0521,Approve,0,0.4242,0.0
LN-HM-03498,0.994,Reject,1,0.6892,0.7651
LN-HM-03499,0.4881,Reject,0,0.6167,0.9314
LN-HM-03500,0.4972,Reject,0,0.8341,0.8171
LN-HM-03501,0.0118,Approve,0,0.2479,0.0
LN-HM-03502,0.1737,Approve,0,0.4251,0.7879
LN-HM-03503,0.4553,Reject,0,0.4788,0.7964
LN-HM-03504,0.4838,Reject,0,1.1156,0.7056
LN-HM-03505,0.6756,Reject,0,0.6931,0.9369
LN-HM-03506,0.9364,Reject,1,0.7318,0.8598
LN-HM-03507,0.5056,Reject,1,1.1522,0.0
LN-HM-03508,0.657,Reject,0,0.562,0.9244
LN-HM-03509,0.0,Approve,0,0.3309,0.8448
LN-HM-03510,0.8942,Reject,1,0.6001,0.9102
LN-HM-03511,0.6745,Reject,0,1.5532,0.0
LN-HM-03512,0.4332,Reject,1,0.5335,0.8727
LN-HM-03513,0.4051,Reject,0,0.4918,0.0
LN-HM-03514,0.0,Approve,0,0.2114,0.0
LN-HM-03515,0.7725,Reject,1,0.9792,0.0
LN-HM-03516,0.2097,Review,0,0.4938,0.0
LN-HM-03517,0.4032,Reject,0,0.6478,0.0
LN-HM-03518,0.2306,Review,1,0.2402,0.7368
LN-HM-03519,0.4263,Reject,0,0.6305,0.8671
LN-HM-03520,0.3491,Reject,0,0.6305,0.6989
LN-HM-03521,0.356,Reject,0,0.8515,0.7065
LN-HM-03522,0.6139,Reject,1,1.0155,0.8016
LN-HM-03523,0.417,Reject,1,0.5264,0.8976
LN-HM-03524,0.0,Approve,0,0.4343,0.0
LN-HM-03525,1.0,Reject,1,0.9266,0.0
LN-HM-03526,0.4946,Reject,1,0.6123,0.9369
LN-HM-03527,0.5405,Reject,0,0.6139,0.7061
LN-HM-03528,0.4735,Reject,1,0.6036,0.0
LN-HM-03529,0.2959,Reject,0,0.5651,0.8105
LN-HM-03530,0.3874,Reject,0,0.7195,0.0
LN-HM-03531,0.6792,Reject,1,0.7779,0.6846
LN-HM-03532,0.4166,Reject,1,0.6991,0.7953
LN-HM-03533,0.0694,Approve,0,0.3373,0.8092
LN-HM-03534,0.523,Reject,1,0.5767,0.7411
LN-HM-03535,0.2423,Review,1,0.2819,0.694
LN-HM-03536,0.7181,Reject,0,0.6607,0.9194
LN-HM-03537,0.0,Approve,0,0.4832,0.7026
LN-HM-03538,0.5385,Reject,0,0.7399,0.0
LN-HM-03539,0.7412,Reject,1,0.6299,0.0
LN-HM-03540,0.3119,Review,0,0.509,0.9038
LN-HM-03541,0.636,Reject,0,0.7153,0.8233
LN-HM-03542,0.1405,Approve,1,0.4937,0.8082
LN-HM-03543,0.4798,Reject,0,0.5217,0.7688
LN-HM-03544,0.7271,Reject,0,0.6273,0.9011
LN-HM-03545,0.0268,Approve,0,0.4084,0.8904
LN-HM-03546,0.1305,Approve,1,0.2216,0.7222
LN-HM-03547,0.5389,Reject,1,0.6968,0.6985
LN-HM-03548,0.4739,Reject,0,0.6788,0.6527
LN-HM-03549,0.8502,Reject,0,0.9259,0.8932
LN-HM-03550,0.309,Reject,1,0.5895,0.6908
LN-HM-03551,0.5911,Reject,0,0.7464,0.8846
LN-HM-03552,0.4003,Reject,0,0.8963,0.0
LN-HM-03553,0.7315,Reject,1,0.6076,0.7422
LN-HM-03554,0.5454,Reject,0,0.7808,0.7492
LN-HM-03555,0.6994,Reject,1,0.5819,0.8143
LN-HM-03556,0.2139,Review,0,0.5303,0.7243
LN-HM-03557,0.1786,Approve,1,0.4034,0.6749
LN-HM-03558,0.8938,Reject,1,0.6568,0.9303
LN-HM-03559,0.0,Approve,0,0.3268,0.7076
LN-HM-03560,0.0,Approve,0,0.4873,0.7571
LN-HM-03561,0.0,Approve,0,0.4673,0.0
LN-HM-03562,0.7777,Reject,0,0.6661,0.8752
LN-HM-03563,0.4487,Reject,1,0.7127,0.7588
LN-HM-03564,0.0206,Approve,0,0.3486,0.0
LN-HM-03565,0.2259,Reject,0,0.5547,0.0
LN-HM-03566,0.4759,Reject,0,0.7272,0.749
LN-HM-03567,0.5108,Reject,1,0.5465,0.7279
LN-HM-03568,0.9674,Reject,1,0.7612,0.0
LN-HM-03569,0.5317,Reject,1,0.7343,0.8277
LN-HM-03570,0.2583,Reject,0,0.6026,0.7507
LN-HM-03571,0.5105,Reject,0,0.6302,0.9391
LN-HM-03572,0.6954,Reject,1,0.7405,0.8991
LN-HM-03573,0.9624,Reject,1,1.1474,0.0
LN-HM-03574,0.0,Approve,0,0.4367,0.7273
LN-HM-03575,0.648,Reject,0,0.7106,0.8184
LN-HM-03576,0.214,Review,1,0.4553,0.8271
LN-HM-03577,0.08,Approve,0,0.4291,0.8745
LN-HM-03578,0.2672,Reject,0,0.6365,0.7595
LN-HM-03579,0.7927,Reject,1,0.5562,0.0
LN-HM-03580,0.3554,Reject,1,0.8594,0.7368
LN-HM-03581,0.5754,Reject,1,0.6743,0.0
LN-HM-03582,0.0008,Approve,0,0.2544,0.0
LN-HM-03583,0.3119,Review,0,0.4779,0.9008
LN-HM-03584,0.0141,Approve,0,0.4275,0.7
LN-HM-03585,0.7199,Reject,1,0.6504,0.9388
LN-HM-03586,0.3001,Reject,0,0.5732,0.8013
LN-HM-03587,0.3765,Reject,0,0.6379,0.9455
LN-HM-03588,0.3361,Reject,0,0.6237,0.7634
LN-HM-03589,0.0,Approve,0,0.4258,0.0
LN-HM-03590,0.4676,Reject,1,1.6893,0.0
LN-HM-03591,0.5892,Reject,1,0.7401,0.8846
LN-HM-03592,0.2313,Review,1,0.4854,0.0
LN-HM-03593,0.3637,Reject,1,0.6565,0.7447
LN-HM-03594,0.6727,Reject,1,0.8051,0.7467
LN-HM-03595,0.0,Approve,0,0.3906,0.0
LN-HM-03596,0.9367,Reject,1,0.6872,0.8205
LN-HM-03597,0.0,Approve,0,0.3533,0.0
LN-HM-03598,0.0953,Approve,0,0.4686,0.7405
LN-HM-03599,0.3529,Reject,1,0.6199,0.871
LN-HM-03600,0.5089,Reject,1,1.1208,0.0
LN-HM-03601,0.5516,Reject,0,0.4989,0.0
LN-HM-03602,0.3423,Reject,0,0.5905,0.0
LN-HM-03603,0.8884,Reject,1,0.885,0.9027
LN-HM-03604,0.657,Reject,1,0.6599,0.9016
LN-HM-03605,0.3324,Review,0,0.5121,0.0
LN-HM-03606,0.5082,Reject,0,0.142,0.0
LN-HM-03607,0.442,Reject,0,1.3221,0.0
LN-HM-03608,0.3419,Review,0,0.5309,0.7041
LN-HM-03609,1.0,Reject,1,0.6294,0.8127
LN-HM-03610,0.1811,Approve,1,0.4513,0.0
LN-HM-03611,0.6716,Reject,1,0.6596,0.7059
LN-HM-03612,0.114,Approve,0,0.3778,0.0
LN-HM-03613,0.7215,Reject,1,0.555,0.6718
LN-HM-03614,0.3222,Review,0,0.5013,0.9109
LN-HM-03615,0.7422,Reject,1,0.7503,0.8546
LN-HM-03616,0.3763,Reject,0,0.5958,0.7159
LN-HM-03617,0.6861,Reject,0,0.6358,0.6923
LN-HM-03618,0.2385,Review,0,0.5288,0.9032
LN-HM-03619,0.0,Approve,0,0.451,0.7198
LN-HM-03620,0.668,Reject,0,0.8449,0.8288
LN-HM-03621,0.5498,Reject,1,0.6633,0.7658
LN-HM-03622,0.8001,Reject,1,0.9623,0.8081
LN-HM-03623,0.856,Reject,0,0.9589,0.8955
LN-HM-03624,0.7792,Reject,0,0.6726,0.9167
LN-HM-03625,0.2787,Reject,0,0.5532,0.7524
LN-HM-03626,0.877,Reject,1,0.8048,0.893
LN-HM-03627,0.2599,Reject,1,0.5633,0.669
LN-HM-03628,0.7686,Reject,1,0.8864,0.8691
LN-HM-03629,0.7077,Reject,1,0.5874,0.8813
LN-HM-03630,0.2253,Reject,1,0.5566,0.6856
LN-HM-03631,0.45,Reject,0,0.812,0.6509
LN-HM-03632,0.4905,Reject,0,1.1706,0.0
LN-HM-03633,0.0,Approve,0,0.45,0.6766
LN-HM-03634,0.7506,Reject,0,0.9196,0.9194
LN-HM-03635,0.6589,Reject,1,0.6642,0.0
LN-HM-03636,0.3926,Reject,0,0.6502,0.0
LN-HM-03637,0.9947,Reject,1,0.8928,0.7026
LN-HM-03638,0.4812,Reject,1,0.7512,0.6637
LN-HM-03639,0.0714,Approve,0,0.3589,0.9247
LN-HM-03640,0.656,Reject,0,0.5587,0.7192
LN-HM-03641,0.2758,Reject,0,0.6285,0.0
LN-HM-03642,0.7058,Reject,0,0.7505,0.8883
LN-HM-03643,0.8521,Reject,1,0.8702,0.8189
LN-HM-03644,0.6344,Reject,1,0.478,0.9444
LN-HM-03645,0.1781,Reject,0,0.6445,0.0
LN-HM-03646,0.6604,Reject,0,0.7304,0.8457
LN-HM-03647,0.5351,Reject,0,0.8394,0.9034
LN-HM-03648,0.4568,Reject,0,0.7868,0.7007
LN-HM-03649,0.6785,Reject,0,0.7099,0.8872
LN-HM-03650,0.4464,Reject,1,0.7119,0.885
LN-HM-03651,0.44,Reject,1,0.4707,0.8443
LN-HM-03652,0.2748,Review,0,0.4804,0.8991
LN-HM-03653,0.0,Approve,0,0.456,0.0
LN-HM-03654,0.4666,Reject,0,0.5162,0.8484
LN-HM-03655,0.256,Review,0,0.2335,0.0
LN-HM-03656,0.9912,Reject,1,0.7632,0.0
LN-HM-03657,0.237,Reject,0,0.6166,0.8974
LN-HM-03658,0.0663,Approve,0,0.2759,0.0
LN-HM-03659,0.4285,Reject,0,0.9945,0.7378
LN-HM-03660,0.1791,Approve,0,0.4169,0.0
LN-HM-03661,0.6887,Reject,1,0.8666,0.6606
LN-HM-03662,0.0,Approve,0,0.4981,0.7903
LN-HM-03663,0.4024,Reject,0,0.5117,0.8314
LN-HM-03664,0.767,Reject,1,0.5741,0.782
LN-HM-03665,0.7188,Reject,1,0.6739,0.8945
LN-HM-03666,0.4623,Reject,0,0.5308,0.757
LN-HM-03667,0.682,Reject,1,1.3185,0.0
LN-HM-03668,0.8177,Reject,1,0.7055,0.8794
LN-HM-03669,0.7011,Reject,1,0.6785,0.0
LN-HM-03670,0.158,Approve,0,0.4223,0.0
LN-HM-03671,0.6757,Reject,0,0.6446,0.9463
LN-HM-03672,0.2524,Review,1,0.4035,0.8783
LN-HM-03673,0.0597,Approve,0,0.4336,0.6779
LN-HM-03674,0.4178,Reject,1,0.7934,0.7847
LN-HM-03675,0.657,Reject,0,0.7223,0.7181
LN-HM-03676,0.4353,Reject,1,0.5504,0.6852
LN-HM-03677,0.0125,Approve,0,0.4372,0.0
LN-HM-03678,0.5114,Reject,0,0.6915,0.716
LN-HM-03679,0.5437,Reject,0,0.7726,0.7172
LN-HM-03680,0.0,Approve,0,0.4,0.0
LN-HM-03681,0.2103,Review,0,0.4697,0.6696
LN-HM-03682,0.6608,Reject,1,0.7904,0.0
LN-HM-03683,0.4598,Reject,0,0.7786,0.754
LN-HM-03684,0.0,Approve,0,0.3264,0.7202
LN-HM-03685,1.0,Reject,1,0.7426,0.0
LN-HM-03686,0.2213,Reject,1,0.6186,0.0
LN-HM-03687,0.377,Reject,0,0.282,0.0
LN-HM-03688,0.0,Approve,0,0.4112,0.0
LN-HM-03689,0.3615,Reject,0,0.6252,0.6576
LN-HM-03690,0.5896,Reject,0,0.7682,0.8504
LN-HM-03691,0.4796,Reject,0,0.7138,0.7288
LN-HM-03692,0.5652,Reject,0,0.5784,0.0
LN-HM-03693,0.4038,Reject,0,0.6749,0.7593
LN-HM-03694,0.4802,Reject,1,1.3043,0.0
LN-HM-03695,0.9411,Reject,1,1.009,0.0
LN-HM-03696,0.754,Reject,1,0.73,0.9106
LN-HM-03697,0.2733,Reject,0,0.5585,0.7387
LN-HM-03698,0.2518,Reject,1,0.578,0.7442
LN-HM-03699,0.3656,Reject,0,0.3848,0.7119
LN-HM-03700,0.2182,Review,0,0.544,0.7009
LN-HM-03701,0.294,Review,0,0.5291,0.9245
LN-HM-03702,0.5013,Reject,0,0.7558,0.0
LN-HM-03703,0.3275,Reject,0,0.5942,0.0
LN-HM-03704,0.4915,Reject,1,0.6005,0.0
LN-HM-03705,0.0326,Approve,0,0.415,0.0
LN-HM-03706,0.452,Reject,1,0.7752,0.7006
LN-HM-03707,0.5559,Reject,1,1.5675,0.0
LN-HM-03708,0.0,Approve,0,0.2869,0.0
LN-HM-03709,0.2401,Reject,0,0.5899,0.0
LN-HM-03710,0.6597,Reject,1,0.7948,0.9031
LN-HM-03711,0.2803,Review,0,0.5404,0.9068
LN-HM-03712,0.9767,Reject,1,0.7742,0.7692
LN-HM-03713,0.0666,Approve,0,0.3941,0.8026
LN-HM-03714,0.4989,Reject,1,1.1467,0.0
LN-HM-03715,0.507,Reject,0,1.1239,0.0
LN-HM-03716,0.3338,Review,0,0.5364,0.7536
LN-HM-03717,0.3299,Reject,0,0.6245,0.7233
LN-HM-03718,0.4154,Reject,1,0.5451,0.0
LN-HM-03719,0.1281,Reject,1,0.648,0.0
LN-HM-03720,0.0058,Approve,0,0.2528,0.7993
LN-HM-03721,0.6643,Reject,1,0.8969,0.692
LN-HM-03722,0.8282,Reject,1,0.8185,0.8986
LN-HM-03723,0.204,Reject,0,0.6399,0.7969
LN-HM-03724,1.0,Reject,1,0.8635,0.8595
LN-HM-03725,0.764,Reject,0,0.6724,0.8561
LN-HM-03726,0.7196,Reject,1,0.6275,0.804
LN-HM-03727,0.917,Reject,0,0.7764,0.0
LN-HM-03728,0.6455,Reject,1,0.9094,0.8969
LN-HM-03729,0.3247,Reject,0,0.5735,0.0
LN-HM-03730,0.706,Reject,0,0.6903,0.9234
LN-HM-03731,0.0,Approve,0,0.4753,0.0
LN-HM-03732,0.0,Approve,0,0.3542,0.7596
LN-HM-03733,0.503,Reject,0,0.5893,0.6567
LN-HM-03734,0.4039,Reject,1,0.6201,0.7919
LN-HM-03735,0.408,Reject,0,1.0451,0.0
LN-HM-03736,0.3435,Reject,0,0.6357,0.8418
LN-HM-03737,0.456,Reject,0,0.5815,0.8955
LN-HM-03738,0.3743,Reject,0,0.4408,0.7489
LN-HM-03739,0.5977,Reject,1,0.7578,0.7433
LN-HM-03740,0.2395,Reject,1,0.6432,0.0
LN-HM-03741,0.0223,Approve,0,0.2885,0.0
LN-HM-03742,0.5965,Reject,0,0.7011,0.8248
LN-HM-03743,0.426,Reject,0,0.8536,0.7717
LN-HM-03744,0.6866,Reject,1,0.714,0.8732
LN-HM-03745,0.2709,Reject,0,0.5646,0.0
LN-HM-03746,0.1215,Approve,0,0.4077,0.7165
LN-HM-03747,0.3543,Review,0,0.3998,0.9128
LN-HM-03748,0.0,Approve,0,0.4772,0.6781
LN-HM-03749,0.3977,Reject,1,0.5591,0.7331
LN-HM-03750,0.5369,Reject,1,0.6562,0.6589
LN-HM-03751,0.0,Approve,0,0.4854,0.9385
LN-HM-03752,0.027,Approve,0,0.3936,0.7265
LN-HM-03753,0.8793,Reject,1,0.6167,0.8615
LN-HM-03754,0.4298,Reject,1,0.8565,0.6587
LN-HM-03755,0.3277,Reject,1,0.6182,0.7695
LN-HM-03756,0.834,Reject,1,0.6513,0.8673
LN-HM-03757,0.7142,Reject,1,0.6818,0.7136
LN-HM-03758,0.4392,Reject,1,0.6677,0.7948
LN-HM-03759,0.5086,Reject,0,0.4793,0.7126
LN-HM-03760,0.6549,Reject,1,0.659,0.6859
LN-HM-03761,0.0,Approve,0,0.3997,0.6765
LN-HM-03762,0.202,Reject,0,0.604,0.0
LN-HM-03763,0.4957,Reject,0,0.6588,0.0
LN-HM-03764,0.9529,Reject,1,0.9705,0.0
LN-HM-03765,0.0,Approve,0,0.2971,0.6781
LN-HM-03766,0.7432,Reject,0,0.5621,0.672
LN-HM-03767,0.9426,Reject,1,0.8682,0.7718
LN-HM-03768,0.4189,Reject,0,0.3262,0.0
LN-HM-03769,0.718,Reject,0,0.594,0.0
LN-HM-03770,0.1457,Reject,0,0.5557,0.7797
LN-HM-03771,0.4392,Reject,1,0.6618,0.8971
LN-HM-03772,0.7243,Reject,1,0.6819,0.0
LN-HM-03773,0.0,Approve,0,0.4569,0.7335
LN-HM-03774,0.7654,Reject,1,0.7293,0.7307
LN-HM-03775,0.2081,Review,1,0.5071,0.0
LN-HM-03776,0.5053,Reject,1,1.1389,0.0
LN-HM-03777,0.7282,Reject,0,1.5349,0.0
LN-HM-03778,0.6259,Reject,1,1.253,0.0
LN-HM-03779,0.5171,Reject,0,0.6739,0.8411
LN-HM-03780,0.0,Approve,0,0.4538,0.792
LN-HM-03781,0.1469,Approve,0,0.4332,0.9441
LN-HM-03782,0.2255,Reject,1,0.5605,0.0
LN-HM-03783,0.2436,Review,1,0.1984,0.0
LN-HM-03784,0.0,Approve,0,0.4242,0.0
LN-HM-03785,0.1402,Approve,0,0.4579,0.8154
LN-HM-03786,0.7543,Reject,1,0.5555,0.0
LN-HM-03787,0.535,Reject,0,0.6024,0.6667
LN-HM-03788,0.3489,Review,0,0.5168,0.8909
LN-HM-03789,0.7183,Reject,1,1.3473,0.0
LN-HM-03790,0.6465,Reject,0,0.804,0.0
LN-HM-03791,0.0,Approve,0,0.4489,0.0
LN-HM-03792,0.5506,Reject,1,0.7424,0.7319
LN-HM-03793,0.8125,Reject,1,1.1343,0.8954
LN-HM-03794,0.8939,Reject,1,0.9182,0.8836
LN-HM-03795,0.1692,Approve,0,0.4607,0.8138
LN-HM-03796,0.2553,Reject,0,0.5636,0.657
LN-HM-03797,0.4079,Reject,0,0.8311,0.0
LN-HM-03798,0.4377,Reject,1,0.7582,0.7085
LN-HM-03799,0.013,Approve,0,0.3411,0.7625
LN-HM-03800,0.4506,Reject,0,0.5057,0.0
LN-HM-03801,0.448,Reject,0,0.7325,0.7963
LN-HM-03802,0.4325,Reject,0,0.19,0.0
LN-HM-03803,0.2831,Review,1,0.4749,0.8263
LN-HM-03804,0.8595,Reject,1,0.9987,0.8708
LN-HM-03805,0.9399,Reject,1,0.6764,0.8102
LN-HM-03806,0.37,Reject,1,0.7006,0.7925
LN-HM-03807,0.4687,Reject,0,0.656,0.668
LN-HM-03808,0.3667,Reject,1,0.8513,0.8761
LN-HM-03809,0.9789,Reject,1,0.8167,0.0
LN-HM-03810,0.5158,Reject,0,0.7612,0.698
LN-HM-03811,0.3351,Review,0,0.5494,0.6535
LN-HM-03812,0.2248,Reject,1,0.5552,0.6667
LN-HM-03813,0.564,Reject,1,0.6001,0.0
LN-HM-03814,0.5113,Reject,1,0.5402,0.875
LN-HM-03815,0.0389,Approve,0,0.4789,0.6795
LN-HM-03816,0.8027,Reject,1,0.6567,0.9041
LN-HM-03817,0.7562,Reject,1,0.5921,0.0
LN-HM-03818,0.4942,Reject,1,0.5591,0.9266
LN-HM-03819,0.0,Approve,0,0.3565,0.8
LN-HM-03820,0.4386,Reject,0,0.7434,0.6764
LN-HM-03821,0.4769,Reject,0,1.2625,0.0
LN-HM-03822,0.481,Reject,0,0.3607,0.8333
LN-HM-03823,0.0,Approve,0,0.3917,0.0
LN-HM-03824,0.4469,Reject,1,0.6387,0.8863
LN-HM-03825,0.3503,Reject,1,0.7238,0.6973
LN-HM-03826,0.2808,Reject,1,0.6095,0.7286
LN-HM-03827,0.7185,Reject,1,0.6661,0.7561
LN-HM-03828,0.7632,Reject,1,0.5266,0.8722
LN-HM-03829,0.6439,Reject,0,0.5097,0.8816
LN-HM-03830,0.4031,Reject,0,0.607,0.8584
LN-HM-03831,0.647,Reject,1,0.7347,0.9388
LN-HM-03832,0.6507,Reject,0,0.4153,0.8406
LN-HM-03833,0.0,Approve,0,0.374,0.0
LN-HM-03834,0.053,Approve,0,0.4195,0.0
LN-HM-03835,0.3544,Review,0,0.5417,0.0
LN-HM-03836,0.8357,Reject,1,0.8056,0.8008
LN-HM-03837,0.624,Reject,0,0.6492,0.8542
LN-HM-03838,0.4345,Reject,1,0.7957,0.0
LN-HM-03839,0.0237,Approve,0,0.4944,0.7406
LN-HM-03840,0.5058,Reject,0,0.3648,0.6825
LN-HM-03841,0.6688,Reject,1,1.0779,0.0
LN-HM-03842,0.5022,Reject,1,0.7135,0.6552
LN-HM-03843,0.1782,Approve,0,0.3517,0.8288
LN-HM-03844,0.7171,Reject,1,0.8433,0.6947
LN-HM-03845,0.7006,Reject,1,0.7888,0.8378
LN-HM-03846,0.3863,Review,0,0.5208,0.7972
LN-HM-03847,0.4543,Reject,1,0.6004,0.0
LN-HM-03848,0.584,Reject,1,0.6344,0.9057
LN-HM-03849,0.0,Approve,0,0.3435,0.6901
LN-HM-03850,0.4522,Reject,0,1.0614,0.7108
LN-HM-03851,0.0806,Approve,0,0.4729,0.8935
LN-HM-03852,0.0,Approve,0,0.3315,0.7686
LN-HM-03853,0.1337,Approve,0,0.4505,0.9143
LN-HM-03854,0.5949,Reject,1,0.9446,0.7508
LN-HM-03855,0.0,Approve,0,0.2999,0.795
LN-HM-03856,0.8304,Reject,0,0.7344,0.8475
LN-HM-03857,0.3052,Reject,0,0.5526,0.809
LN-HM-03858,0.5862,Reject,1,0.8357,0.672
LN-HM-03859,0.4108,Reject,1,0.5362,0.8703
LN-HM-03860,0.821,Reject,1,0.5968,0.8499
LN-HM-03861,0.2525,Review,0,0.3571,0.6957
LN-HM-03862,0.4497,Reject,0,0.8095,0.0
LN-HM-03863,0.3831,Reject,1,0.7433,0.7017
LN-HM-03864,0.4904,Reject,1,0.6564,0.8025
LN-HM-03865,0.6832,Reject,1,0.6374,0.8977
LN-HM-03866,0.1904,Reject,0,0.5614,0.0
LN-HM-03867,0.6741,Reject,1,0.5135,0.8333
LN-HM-03868,0.2423,Review,0,0.5057,0.6571
LN-HM-03869,0.4252,Reject,0,0.5662,0.8263
LN-HM-03870,0.1717,Approve,0,0.2563,0.0
LN-HM-03871,0.1869,Approve,0,0.398,0.0
LN-HM-03872,0.6753,Reject,1,0.6043,0.7964
LN-HM-03873,0.426,Reject,0,1.3561,0.0
LN-HM-03874,0.2615,Review,0,0.528,0.0
LN-HM-03875,0.7482,Reject,1,0.692,0.6961
LN-HM-03876,0.6368,Reject,1,1.1162,0.0
LN-HM-03877,0.5235,Reject,0,1.0262,0.7138
LN-HM-03878,0.7046,Reject,0,1.1765,0.0
LN-HM-03879,0.5885,Reject,1,0.7592,0.7419
LN-HM-03880,0.0,Approve,0,0.2995,0.0
LN-HM-03881,0.2335,Reject,0,0.6031,0.6667
LN-HM-03882,0.2684,Reject,0,0.5625,0.0
LN-HM-03883,0.1463,Approve,1,0.2352,0.0
LN-HM-03884,1.0,Reject,1,0.9275,0.7363
LN-HM-03885,0.4314,Reject,1,0.4985,0.0
LN-HM-03886,0.2034,Reject,1,0.6058,0.0
LN-HM-03887,0.6911,Reject,1,0.6613,0.9184
LN-HM-03888,0.9121,Reject,1,0.6897,0.8352
LN-HM-03889,0.0,Approve,0,0.4846,0.7778
LN-HM-03890,0.278,Reject,0,0.6498,0.0
LN-HM-03891,0.4778,Reject,1,0.8664,0.6969
LN-HM-03892,1.0,Reject,1,0.845,0.9314
LN-HM-03893,0.489,Reject,0,0.7335,0.7327
LN-HM-03894,0.525,Reject,0,1.0594,0.0
LN-HM-03895,0.672,Reject,1,0.5463,0.7105
LN-HM-03896,0.2972,Review,0,0.5369,0.6957
LN-HM-03897,0.5662,Reject,0,0.6168,0.8048
LN-HM-03898,0.7181,Reject,1,0.4358,0.8415
LN-HM-03899,0.6767,Reject,1,0.682,0.0
LN-HM-03900,0.1014,Approve,0,0.4505,0.8681
LN-HM-03901,0.6676,Reject,0,0.9115,0.8727
LN-HM-03902,0.6802,Reject,1,0.9121,0.0
LN-HM-03903,0.6287,Reject,1,0.7361,0.8326
LN-HM-03904,0.5402,Reject,0,1.0584,0.0
LN-HM-03905,0.0693,Approve,0,0.3466,0.0
LN-HM-03906,0.9093,Reject,1,0.9098,0.7007
LN-HM-03907,0.3879,Reject,0,0.6469,0.8739
LN-HM-03908,0.5524,Reject,1,0.8479,0.7588
LN-HM-03909,0.0013,Approve,0,0.4647,0.8049
LN-HM-03910,0.7084,Reject,1,0.737,0.8523
LN-HM-03911,0.7292,Reject,1,0.9828,0.0
LN-HM-03912,0.2581,Review,1,0.194,0.0
LN-HM-03913,0.3637,Reject,0,0.9658,0.0
LN-HM-03914,0.431,Reject,0,0.6561,0.7196
LN-HM-03915,0.8963,Reject,1,0.7647,0.8174
LN-HM-03916,0.2337,Reject,1,0.6475,0.0
LN-HM-03917,0.9554,Reject,1,0.7026,0.0
LN-HM-03918,0.5532,Reject,1,0.8065,0.7335
LN-HM-03919,0.4904,Reject,1,0.7582,0.8
LN-HM-03920,0.3971,Reject,1,0.9605,0.0
LN-HM-03921,0.0,Approve,0,0.454,0.0
LN-HM-03922,0.4748,Reject,0,0.5404,0.8224
LN-HM-03923,0.7769,Reject,1,0.7477,0.8975
LN-HM-03924,0.092,Approve,0,0.3983,0.9294
LN-HM-03925,0.8455,Reject,1,0.8764,0.8198
LN-HM-03926,0.5161,Reject,1,0.5704,0.9177
LN-HM-03927,0.4017,Reject,0,0.8532,0.0
LN-HM-03928,0.1747,Reject,0,0.6224,0.7823
LN-HM-03929,0.0274,Approve,0,0.4876,0.6689
LN-HM-03930,0.0,Approve,0,0.4226,0.6778
LN-HM-03931,0.3953,Reject,0,0.6107,0.7361
LN-HM-03932,0.5636,Reject,1,1.54,0.0
LN-HM-03933,0.5562,Reject,0,0.5887,0.6831
LN-HM-03934,0.5735,Reject,1,0.7759,0.6964
LN-HM-03935,0.5492,Reject,1,0.7475,0.944
LN-HM-03936,0.1579,Reject,0,0.5862,0.0
LN-HM-03937,0.7616,Reject,1,0.7335,0.9309
LN-HM-03938,0.3759,Review,0,0.382,0.9314
LN-HM-03939,0.535,Reject,0,0.8666,0.6677
LN-HM-03940,0.4027,Reject,1,1.0105,0.7747
LN-HM-03941,0.0,Approve,0,0.256,0.875
LN-HM-03942,0.8704,Reject,1,0.8303,0.7513
LN-HM-03943,0.0089,Approve,0,0.448,0.0
LN-HM-03944,0.5642,Reject,0,0.7069,0.6662
LN-HM-03945,0.6179,Reject,1,0.7622,0.8182
LN-HM-03946,0.4619,Reject,0,0.5404,0.7742
LN-HM-03947,0.9411,Reject,1,0.6782,0.7862
LN-HM-03948,0.6588,Reject,1,0.5844,0.8777
LN-HM-03949,0.7239,Reject,1,0.8976,0.8561
LN-HM-03950,0.7006,Reject,1,0.695,0.9323
LN-HM-03951,0.402,Reject,0,0.6654,0.6652
LN-HM-03952,0.327,Reject,0,0.567,0.7464
LN-HM-03953,0.9218,Reject,1,0.8569,0.0
LN-HM-03954,0.0,Approve,0,0.3936,0.0
LN-HM-03955,0.0,Approve,0,0.3125,0.7662
LN-HM-03956,0.0,Approve,0,0.4668,0.8114
LN-HM-03957,0.5398,Reject,0,0.5247,0.0
LN-HM-03958,0.6739,Reject,0,0.7933,0.8405
LN-HM-03959,0.2563,Review,1,0.5037,0.7784
LN-HM-03960,0.8858,Reject,1,0.6949,0.8628
LN-HM-03961,0.5618,Reject,1,0.7145,0.7246
LN-HM-03962,0.1066,Approve,0,0.4752,0.8193
LN-HM-03963,0.0,Approve,0,0.484,0.7133
LN-HM-03964,0.2682,Review,0,0.2308,0.0
LN-HM-03965,0.8835,Reject,1,0.8557,0.95
LN-HM-03966,0.899,Reject,1,0.6688,0.7151
LN-HM-03967,0.1207,Approve,0,0.4745,0.9357
LN-HM-03968,0.5191,Reject,1,0.7085,0.7959
LN-HM-03969,0.9853,Reject,1,1.2678,0.0
LN-HM-03970,0.0,Approve,0,0.4423,0.0
LN-HM-03971,0.2829,Review,1,0.5482,0.0
LN-HM-03972,0.643,Reject,1,0.6929,0.7129
LN-HM-03973,0.0393,Approve,0,0.2623,0.0
LN-HM-03974,0.0376,Approve,0,0.368,0.0
LN-HM-03975,0.6749,Reject,1,0.7524,0.9093
LN-HM-03976,0.698,Reject,1,0.7204,0.9068
LN-HM-03977,0.0,Approve,0,0.3531,0.0
LN-HM-03978,0.6587,Reject,1,0.8322,0.8516
LN-HM-03979,0.8871,Reject,0,0.8429,0.8286
LN-HM-03980,0.0,Approve,0,0.3499,0.6824
LN-HM-03981,0.4463,Reject,1,0.5099,0.8978
LN-HM-03982,0.3993,Reject,1,0.7322,0.682
LN-HM-03983,0.4232,Reject,0,0.7136,0.0
LN-HM-03984,0.5061,Reject,1,0.5613,0.8005
LN-HM-03985,0.5047,Reject,1,0.8351,0.7769
LN-HM-03986,0.3309,Review,1,0.5311,0.8951
LN-HM-03987,0.7541,Reject,1,0.7594,0.8456
LN-HM-03988,0.4463,Reject,1,0.7554,0.6735
LN-HM-03989,0.3366,Reject,0,0.5727,0.6531
LN-HM-03990,0.4252,Reject,0,0.5672,0.8571
LN-HM-03991,0.9099,Reject,1,0.7515,0.9239
LN-HM-03992,0.3611,Review,0,0.5179,0.6881
LN-HM-03993,0.4432,Reject,0,0.4215,0.0
LN-HM-03994,0.0,Approve,0,0.4405,0.7619
LN-HM-03995,0.4134,Reject,1,0.605,0.7376
LN-HM-03996,0.5743,Reject,1,0.5457,0.0
LN-HM-03997,0.4601,Reject,0,0.6652,0.8333
LN-HM-03998,0.5982,Reject,0,0.62,0.8031
LN-HM-03999,0.6101,Reject,1,0.6464,0.75
LN-HM-04000,0.2361,Reject,1,0.5674,0.7171
LN-HM-04001,0.1944,Reject,0,0.5825,0.0
LN-HM-04002,0.6578,Reject,1,0.663,0.7113
LN-HM-04003,0.9678,Reject,1,0.5137,0.875
LN-HM-04004,0.4845,Reject,1,0.5042,0.9221
LN-HM-04005,0.0385,Approve,0,0.3698,0.7004
LN-HM-04006,0.512,Reject,0,0.5652,0.8627
LN-HM-04007,0.8854,Reject,1,0.6533,0.8936
LN-HM-04008,0.1742,Approve,1,0.4739,0.8501
LN-HM-04009,0.3475,Reject,1,0.5679,0.7605
LN-HM-04010,0.0,Approve,0,0.361,0.6891
LN-HM-04011,0.2848,Review,0,0.5138,0.7064
LN-HM-04012,0.6705,Reject,1,0.7881,0.8805
LN-HM-04013,0.0,Approve,0,0.3964,0.0
LN-HM-04014,0.3193,Reject,0,0.6396,0.6989
LN-HM-04015,0.7028,Reject,0,0.8281,0.9062
LN-HM-04016,0.7062,Reject,1,1.4855,0.0
LN-HM-04017,0.8039,Reject,0,0.6257,0.9342
LN-HM-04018,0.1678,Approve,0,0.3724,0.9052
LN-HM-04019,0.4941,Reject,0,0.6588,0.9282
LN-HM-04020,0.8612,Reject,0,0.8113,0.9333
LN-HM-04021,0.5296,Reject,1,1.5381,0.0
LN-HM-04022,0.4941,Reject,1,0.7737,0.7985
LN-HM-04023,0.1842,Reject,0,0.6313,0.0
LN-HM-04024,0.4879,Reject,1,0.6495,0.9188
LN-HM-04025,0.4819,Reject,1,0.5711,0.0
LN-HM-04026,0.2344,Reject,0,0.5689,0.6737
LN-HM-04027,0.4069,Reject,1,0.865,0.0
LN-HM-04028,0.3415,Review,0,0.5101,0.0
LN-HM-04029,0.4386,Reject,1,0.6032,0.7101
LN-HM-04030,0.8721,Reject,1,0.7782,0.8569
LN-HM-04031,0.2293,Review,1,0.5201,0.8864
LN-HM-04032,1.0,Reject,1,0.7719,0.8767
LN-HM-04033,0.4451,Reject,1,0.583,0.7969
LN-HM-04034,0.4614,Reject,1,0.6736,0.0
LN-HM-04035,0.7703,Reject,1,0.6061,0.7279
LN-HM-04036,0.0,Approve,0,0.3444,0.0
LN-HM-04037,0.7028,Reject,0,0.7461,0.7672
LN-HM-04038,0.7211,Reject,1,0.8739,0.7412
LN-HM-04039,0.6387,Reject,0,0.6917,0.8992
LN-HM-04040,0.9054,Reject,1,0.6791,0.8203
LN-HM-04041,0.268,Review,0,0.5315,0.7793
LN-HM-04042,0.1733,Approve,0,0.4749,0.8247
LN-HM-04043,0.583,Reject,1,0.8231,0.6821
LN-HM-04044,0.1805,Approve,0,0.3815,0.9231
LN-HM-04045,0.3099,Reject,1,0.5987,0.0
LN-HM-04046,0.8715,Reject,1,0.721,0.8348
LN-HM-04047,0.4015,Reject,1,0.9818,0.7801
LN-HM-04048,0.2329,Review,1,0.4325,0.8806
LN-HM-04049,0.7337,Reject,1,0.7063,0.7924
LN-HM-04050,0.2034,Review,0,0.4319,0.83
LN-HM-04051,0.6377,Reject,1,0.7078,0.8324
LN-HM-04052,0.8501,Reject,1,0.5574,0.8435
LN-HM-04053,0.413,Reject,0,0.9236,0.0
LN-HM-04054,0.4316,Reject,0,0.7023,0.0
LN-HM-04055,0.6194,Reject,0,0.5711,0.8702
LN-HM-04056,0.0,Approve,0,0.4944,0.0
LN-HM-04057,0.4862,Reject,1,1.1665,0.0
LN-HM-04058,0.4619,Reject,1,0.7381,0.0
LN-HM-04059,0.2803,Reject,0,0.6369,0.0
LN-HM-04060,0.1833,Reject,0,0.6134,0.7246
LN-HM-04061,0.6637,Reject,1,0.711,0.9077
LN-HM-04062,0.3379,Reject,0,0.5838,0.8824
LN-HM-04063,0.2985,Review,1,0.5319,0.7286
LN-HM-04064,0.4452,Reject,0,0.6798,0.0
LN-HM-04065,0.671,Reject,1,0.8831,0.6931
LN-HM-04066,0.7388,Reject,1,0.7471,0.0
LN-HM-04067,0.4299,Reject,1,0.6565,0.7303
LN-HM-04068,0.3405,Review,1,0.3625,0.8994
LN-HM-04069,0.7007,Reject,1,0.7414,0.8054
LN-HM-04070,0.0,Approve,0,0.3753,0.7966
LN-HM-04071,0.0851,Approve,0,0.3801,0.7288
LN-HM-04072,0.4771,Reject,0,0.7372,0.7424
LN-HM-04073,0.0,Approve,0,0.4438,0.7278
LN-HM-04074,0.4957,Reject,0,0.7916,0.0
LN-HM-04075,0.0,Approve,0,0.2025,0.0
LN-HM-04076,0.3365,Reject,1,0.639,0.7673
LN-HM-04077,0.3361,Review,0,0.5202,0.0
LN-HM-04078,0.9235,Reject,1,0.7554,0.8156
LN-HM-04079,0.0,Approve,0,0.33,0.0
LN-HM-04080,0.6137,Reject,1,0.5068,0.0
LN-HM-04081,0.8889,Reject,1,0.6301,0.8603
LN-HM-04082,0.4152,Reject,1,0.5799,0.8971
LN-HM-04083,0.3496,Reject,1,0.6887,0.0
LN-HM-04084,0.5948,Reject,1,0.662,0.8188
LN-HM-04085,0.2536,Review,0,0.5456,0.0
LN-HM-04086,0.2141,Review,0,0.4924,0.0
LN-HM-04087,0.6007,Reject,1,0.7131,0.8011
LN-HM-04088,0.9104,Reject,1,1.0166,0.7431
LN-HM-04089,0.0,Approve,0,0.4796,0.8378
LN-HM-04090,0.4903,Reject,0,1.6506,0.0
LN-HM-04091,0.7831,Reject,1,0.7919,0.9235
LN-HM-04092,0.3983,Reject,0,0.5629,0.6781
LN-HM-04093,0.9441,Reject,1,0.7092,0.8131
LN-HM-04094,0.9757,Reject,1,0.7002,0.7681
LN-HM-04095,0.462,Reject,1,0.6853,0.662
LN-HM-04096,0.7739,Reject,1,0.7716,0.8773
LN-HM-04097,0.0192,Approve,0,0.2923,0.6753
LN-HM-04098,0.7503,Reject,1,0.6657,0.8333
LN-HM-04099,0.359,Reject,1,0.6006,0.6758
LN-HM-04100,0.4094,Reject,0,0.6228,0.876
LN-HM-04101,0.2055,Review,0,0.3887,0.7126
LN-HM-04102,0.5504,Reject,0,0.6572,0.7821
LN-HM-04103,0.9977,Reject,1,0.6293,0.9425
LN-HM-04104,0.5449,Reject,1,0.8368,0.6663
LN-HM-04105,0.4745,Reject,1,1.4024,0.0
LN-HM-04106,0.2337,Review,1,0.5405,0.7465
LN-HM-04107,0.437,Reject,0,0.6595,0.0
LN-HM-04108,0.4679,Reject,1,0.6741,0.0
LN-HM-04109,0.1641,Review,1,0.5213,0.0
LN-HM-04110,0.0,Approve,0,0.3524,0.0
LN-HM-04111,0.4794,Reject,0,0.6303,0.657
LN-HM-04112,0.5471,Reject,1,0.7433,0.6572
LN-HM-04113,0.7018,Reject,1,0.7694,0.0
LN-HM-04114,0.0,Approve,0,0.4398,0.7361
LN-HM-04115,0.3634,Review,0,0.495,0.9405
LN-HM-04116,1.0,Reject,1,0.8167,0.0
LN-HM-04117,0.6315,Reject,0,0.5337,0.9132
LN-HM-04118,0.4684,Reject,0,0.3925,0.0
LN-HM-04119,0.2296,Review,0,0.4139,0.7547
LN-HM-04120,0.2903,Review,0,0.3263,0.8841
LN-HM-04121,0.7841,Reject,1,1.1233,0.0
LN-HM-04122,0.0,Approve,0,0.446,0.8718
LN-HM-04123,0.6652,Reject,0,0.7319,0.7506
LN-HM-04124,0.2975,Review,0,0.4812,0.0
LN-HM-04125,0.2715,Reject,1,0.582,0.7808
LN-HM-04126,0.0,Approve,0,0.4587,0.0
LN-HM-04127,0.134,Approve,0,0.4606,0.6981
LN-HM-04128,0.7408,Reject,1,0.5763,0.6919
LN-HM-04129,0.6636,Reject,1,0.6951,0.7282
LN-HM-04130,0.0,Approve,0,0.3205,0.7195
LN-HM-04131,0.2812,Review,0,0.5291,0.7167
LN-HM-04132,0.7313,Reject,1,0.8608,0.811
LN-HM-04133,0.7416,Reject,1,1.0406,0.0
LN-HM-04134,0.0,Approve,0,0.4694,0.7015
LN-HM-04135,0.5616,Reject,0,0.448,0.8119
LN-HM-04136,0.2045,Reject,1,0.5756,0.0
LN-HM-04137,0.0,Approve,0,0.4611,0.8387
LN-HM-04138,1.0,Reject,1,0.7935,0.944
LN-HM-04139,0.6651,Reject,0,0.7255,0.8238
LN-HM-04140,0.2106,Review,0,0.4019,0.0
LN-HM-04141,0.6876,Reject,1,0.6273,0.7978
LN-HM-04142,0.9742,Reject,1,0.5175,0.9082
LN-HM-04143,0.5313,Reject,0,0.6121,0.7099
LN-HM-04144,0.0,Approve,0,0.4564,0.0
LN-HM-04145,0.6028,Reject,1,0.8658,0.7503
LN-HM-04146,0.1972,Reject,0,0.6338,0.6707
LN-HM-04147,0.6782,Reject,0,0.7102,0.8241
LN-HM-04148,0.2511,Reject,0,0.5613,0.7865
LN-HM-04149,0.6845,Reject,1,0.9168,0.8818
LN-HM-04150,0.0,Approve,0,0.308,0.0
LN-HM-04151,0.1287,Approve,0,0.4712,0.8918
LN-HM-04152,0.0,Approve,0,0.3413,0.0
LN-HM-04153,0.5515,Reject,1,0.7321,0.6609
LN-HM-04154,0.0,Approve,0,0.3726,0.9447
LN-HM-04155,0.1052,Approve,1,0.3091,0.7736
LN-HM-04156,0.7555,Reject,1,0.5448,0.8291
LN-HM-04157,0.906,Reject,1,0.8212,0.8911
LN-HM-04158,0.0,Approve,0,0.3914,0.0
LN-HM-04159,0.8804,Reject,1,0.7651,0.8954
LN-HM-04160,0.2353,Review,1,0.401,0.0
LN-HM-04161,0.3058,Review,0,0.5459,0.0
LN-HM-04162,0.0,Approve,0,0.3785,0.0
LN-HM-04163,0.2671,Review,0,0.5421,0.8208
LN-HM-04164,0.6215,Reject,1,0.8248,0.757
LN-HM-04165,0.2546,Reject,0,0.643,0.9403
LN-HM-04166,0.8029,Reject,1,0.6071,0.0
LN-HM-04167,0.2448,Review,0,0.5321,0.7742
LN-HM-04168,0.213,Reject,0,0.5558,0.7291
LN-HM-04169,0.5841,Reject,0,0.6114,0.924
LN-HM-04170,0.9637,Reject,1,0.685,0.8672
LN-HM-04171,0.2013,Review,0,0.486,0.7101
LN-HM-04172,0.7372,Reject,1,0.5394,0.0
LN-HM-04173,0.0312,Approve,0,0.485,0.0
LN-HM-04174,0.456,Reject,0,0.8761,0.6847
LN-HM-04175,0.0,Approve,0,0.4947,0.6641
LN-HM-04176,0.451,Reject,1,0.7691,0.0
LN-HM-04177,0.0425,Approve,0,0.4697,0.9136
LN-HM-04178,0.7599,Reject,1,0.541,0.7273
LN-HM-04179,0.4383,Reject,0,0.5995,0.8613
LN-HM-04180,0.4078,Reject,0,1.0999,0.0
LN-HM-04181,0.5148,Reject,1,0.7035,0.7135
LN-HM-04182,0.4595,Reject,0,0.6641,0.8
LN-HM-04183,0.1581,Approve,0,0.4178,0.9348
LN-HM-04184,0.2165,Reject,0,0.5831,0.0
LN-HM-04185,0.7497,Reject,1,0.6984,0.7661
LN-HM-04186,0.2045,Review,0,0.4023,0.0
LN-HM-04187,0.5699,Reject,0,0.7373,0.6724
LN-HM-04188,0.3598,Review,1,0.4562,0.9118
LN-HM-04189,0.4697,Reject,1,0.6991,0.7107
LN-HM-04190,0.6048,Reject,0,0.7391,0.0
LN-HM-04191,0.7358,Reject,0,0.5095,0.8811
LN-HM-04192,0.2712,Review,0,0.2857,0.0
LN-HM-04193,0.8781,Reject,1,0.8047,0.9291
LN-HM-04194,0.0429,Approve,0,0.4667,0.0
LN-HM-04195,0.0,Approve,0,0.4842,0.8889
LN-HM-04196,0.7059,Reject,0,0.7706,0.7303
LN-HM-04197,0.6342,Reject,1,0.8133,0.7032
LN-HM-04198,0.4625,Reject,0,0.6568,0.6958
LN-HM-04199,0.6638,Reject,0,0.4044,0.9167
LN-HM-04200,0.1717,Approve,0,0.473,0.0
LN-HM-04201,0.5114,Reject,0,0.4645,0.7981
LN-HM-04202,0.1391,Approve,0,0.2718,0.0
LN-HM-04203,0.496,Reject,0,1.3627,0.0
LN-HM-04204,0.0,Approve,0,0.444,0.0
LN-HM-04205,0.1937,Approve,1,0.4833,0.7082
LN-HM-04206,0.3221,Reject,1,0.6406,0.8272
LN-HM-04207,0.2713,Review,0,0.5382,0.7253
LN-HM-04208,0.444,Reject,1,1.3618,0.0
LN-HM-04209,0.7404,Reject,1,0.7832,0.93
LN-HM-04210,0.5531,Reject,0,0.7027,0.817
LN-HM-04211,0.5205,Reject,1,0.5634,0.0
LN-HM-04212,0.4113,Reject,0,0.776,0.7517
LN-HM-04213,0.5242,Reject,0,0.5137,0.6522
LN-HM-04214,0.5757,Reject,0,0.6116,0.8782
LN-HM-04215,0.2941,Review,0,0.5282,0.75
LN-HM-04216,0.069,Approve,0,0.4591,0.0
LN-HM-04217,0.9317,Reject,1,1.1739,0.0
LN-HM-04218,1.0,Reject,1,0.9192,0.8498
LN-HM-04219,0.5369,Reject,1,0.7948,0.7161
LN-HM-04220,0.6786,Reject,1,0.8152,0.741
LN-HM-04221,0.828,Reject,1,0.7031,0.9063
LN-HM-04222,0.2437,Reject,0,0.5718,0.9286
LN-HM-04223,0.1994,Approve,0,0.4696,0.0
LN-HM-04224,0.4522,Reject,1,0.8485,0.6501
LN-HM-04225,0.3633,Reject,0,0.6679,0.0
LN-HM-04226,0.0,Approve,0,0.374,0.0
LN-HM-04227,0.4138,Reject,1,0.7376,0.7745
LN-HM-04228,0.2988,Reject,0,0.6276,0.0
LN-HM-04229,0.5552,Reject,1,0.5887,0.7915
LN-HM-04230,0.2172,Reject,0,0.6464,0.8552
LN-HM-04231,0.4941,Reject,0,0.5285,0.8427
LN-HM-04232,0.5013,Reject,0,0.5363,0.7201
LN-HM-04233,0.2916,Reject,0,0.6318,0.0
LN-HM-04234,0.3146,Review,0,0.2442,0.0
LN-HM-04235,0.2966,Review,0,0.3977,0.0
LN-HM-04236,0.0,Approve,0,0.4062,0.0
LN-HM-04237,0.6231,Reject,0,0.7031,0.8975
LN-HM-04238,0.5656,Reject,1,0.563,0.6571
LN-HM-04239,0.2854,Reject,0,0.5604,0.6953
LN-HM-04240,0.4579,Reject,0,1.0605,0.726
LN-HM-04241,0.6064,Reject,0,1.0712,0.8986
LN-HM-04242,0.9132,Reject,1,0.8836,0.7167
LN-HM-04243,0.3742,Reject,0,0.5788,0.702
LN-HM-04244,0.764,Reject,1,0.5911,0.0
LN-HM-04245,0.1294,Approve,0,0.378,0.0
LN-HM-04246,0.2353,Reject,0,0.6473,0.7052
LN-HM-04247,0.7797,Reject,1,0.611,0.7692
LN-HM-04248,0.3523,Reject,1,0.6784,0.0
LN-HM-04249,0.5791,Reject,1,0.8534,0.6873
LN-HM-04250,0.698,Reject,0,0.3092,0.8365
LN-HM-04251,0.3409,Reject,1,0.5924,0.0
LN-HM-04252,0.5073,Reject,0,0.7387,0.0
LN-HM-04253,0.1387,Reject,1,0.629,0.7455
LN-HM-04254,0.6951,Reject,0,0.928,0.9023
LN-HM-04255,1.0,Reject,1,0.6564,0.9468
LN-HM-04256,0.3874,Review,1,0.5261,0.8833
LN-HM-04257,0.4447,Reject,1,0.7854,0.7338
LN-HM-04258,0.0,Approve,0,0.4064,0.7593
LN-HM-04259,0.1829,Reject,0,0.5897,0.7784
LN-HM-04260,0.6011,Reject,1,0.7503,0.8319
LN-HM-04261,0.0673,Approve,0,0.3621,0.0
LN-HM-04262,0.4064,Reject,1,0.4959,0.6889
LN-HM-04263,0.8557,Reject,1,0.6941,0.9065
LN-HM-04264,0.2718,Reject,0,0.62,0.7336
LN-HM-04265,0.578,Reject,0,0.7081,0.8285
LN-HM-04266,0.33,Review,0,0.5309,0.731
LN-HM-04267,0.5371,Reject,0,0.6661,0.7736
LN-HM-04268,0.4593,Reject,1,0.5506,0.8365
LN-HM-04269,0.2961,Review,0,0.3691,0.8341
LN-HM-04270,0.5224,Reject,0,0.5075,0.8627
LN-HM-04271,0.1831,Approve,1,0.3954,0.8504
LN-HM-04272,0.131,Approve,0,0.4459,0.7246
LN-HM-04273,0.7521,Reject,1,0.5363,0.9038
LN-HM-04274,0.0,Approve,0,0.2934,0.9487
LN-HM-04275,0.7118,Reject,0,0.8148,0.9122
LN-HM-04276,0.4269,Reject,0,0.3443,0.8947
LN-HM-04277,0.4377,Reject,1,0.7457,0.6555
LN-HM-04278,0.0214,Approve,0,0.4116,0.7965
LN-HM-04279,0.2779,Reject,0,0.5776,0.0
LN-HM-04280,0.503,Reject,0,0.7534,0.6812
LN-HM-04281,0.0259,Approve,0,0.2958,0.6511
LN-HM-04282,0.4328,Reject,1,1.3079,0.0
LN-HM-04283,0.2259,Review,1,0.5263,0.6897
LN-HM-04284,0.6037,Reject,1,0.7699,0.9084
LN-HM-04285,0.5966,Reject,1,0.6641,0.8672
LN-HM-04286,0.5471,Reject,1,0.7103,0.6812
LN-HM-04287,0.6681,Reject,1,0.6931,0.6957
LN-HM-04288,0.642,Reject,1,0.9601,0.9169
LN-HM-04289,0.4879,Reject,0,0.6182,0.0
LN-HM-04290,0.3958,Reject,1,0.7478,0.7351
LN-HM-04291,0.416,Reject,0,0.6406,0.0
LN-HM-04292,1.0,Reject,1,0.9559,0.8874
LN-HM-04293,0.676,Reject,0,0.5914,0.8705
LN-HM-04294,0.0063,Approve,0,0.389,0.0
LN-HM-04295,0.6203,Reject,1,0.7611,0.7627
LN-HM-04296,0.2693,Reject,0,0.6046,0.7083
LN-HM-04297,0.4157,Reject,0,0.9111,0.7198
LN-HM-04298,0.6042,Reject,1,0.9052,0.884
LN-HM-04299,0.4901,Reject,0,0.5886,0.0
LN-HM-04300,0.9076,Reject,1,0.7708,0.8636
LN-HM-04301,0.408,Reject,0,0.6095,0.8809
LN-HM-04302,0.2085,Reject,1,0.5679,0.7973
LN-HM-04303,0.9231,Reject,1,0.65,0.7087
LN-HM-04304,0.4682,Reject,1,0.8205,0.8217
LN-HM-04305,0.6474,Reject,1,0.933,0.6512
LN-HM-04306,0.9703,Reject,1,0.5409,0.8109
LN-HM-04307,0.6271,Reject,1,0.9804,0.0
LN-HM-04308,0.2917,Reject,0,0.6039,0.6762
LN-HM-04309,0.4093,Reject,0,0.547,0.7138
LN-HM-04310,0.3945,Review,1,0.5219,0.9286
LN-HM-04311,0.2601,Review,0,0.3566,0.0
LN-HM-04312,0.7207,Reject,1,0.6793,0.811
LN-HM-04313,0.0,Approve,0,0.4674,0.7993
LN-HM-04314,0.0,Approve,0,0.408,0.6832
LN-HM-04315,0.5566,Reject,0,0.5185,0.0
LN-HM-04316,0.4343,Reject,0,0.2211,0.8148
LN-HM-04317,0.6631,Reject,0,0.7623,0.932
LN-HM-04318,0.7643,Reject,0,0.7429,0.815
LN-HM-04319,0.814,Reject,1,0.556,0.7162
LN-HM-04320,0.2597,Review,0,0.4884,0.9411
LN-HM-04321,0.0534,Approve,0,0.3311,0.8852
LN-HM-04322,0.4567,Reject,1,0.7465,0.0
LN-HM-04323,0.5602,Reject,0,0.5621,0.9069
LN-HM-04324,0.2306,Review,0,0.332,0.0
LN-HM-04325,0.3143,Review,0,0.5055,0.7875
LN-HM-04326,0.0,Approve,0,0.457,0.6954
LN-HM-04327,0.6753,Reject,1,0.9311,0.8729
LN-HM-04328,0.0,Approve,0,0.2867,0.8043
LN-HM-04329,0.5702,Reject,1,0.674,0.7033
LN-HM-04330,0.1769,Approve,1,0.3858,0.8701
LN-HM-04331,0.6416,Reject,1,0.6652,0.0
LN-HM-04332,0.3824,Review,0,0.5424,0.0
LN-HM-04333,0.7176,Reject,1,0.9091,0.8
LN-HM-04334,0.0,Approve,0,0.3609,0.765
LN-HM-04335,0.6852,Reject,0,0.5788,0.8649
LN-HM-04336,0.2949,Reject,1,0.6242,0.6571
LN-HM-04337,0.237,Reject,1,0.552,0.0
LN-HM-04338,0.0,Approve,0,0.4013,0.8406
LN-HM-04339,0.4648,Reject,0,0.7344,0.0
LN-HM-04340,0.7557,Reject,0,0.7975,0.0
LN-HM-04341,0.6808,Reject,1,0.767,0.7249
LN-HM-04342,0.7328,Reject,1,0.6619,0.7551
LN-HM-04343,0.5362,Reject,1,0.555,0.8407
LN-HM-04344,0.0434,Approve,0,0.4836,0.8491
LN-HM-04345,0.1419,Approve,0,0.3441,0.9043
LN-HM-04346,0.5989,Reject,0,0.9969,0.755
LN-HM-04347,0.6739,Reject,0,0.7186,0.0
LN-HM-04348,0.649,Reject,1,0.4215,0.9119
LN-HM-04349,0.4049,Reject,0,0.8108,0.7546
LN-HM-04350,0.7611,Reject,1,0.8167,0.8197
LN-HM-04351,0.4976,Reject,0,0.7846,0.8569
LN-HM-04352,0.8373,Reject,1,0.7421,0.8743
LN-HM-04353,1.0,Reject,1,0.827,0.8251
LN-HM-04354,0.1705,Approve,0,0.4933,0.6971
LN-HM-04355,0.2046,Reject,0,0.6356,0.8883
LN-HM-04356,0.4468,Reject,1,0.8316,0.7251
LN-HM-04357,0.4116,Reject,0,0.4017,0.9073
LN-HM-04358,0.6513,Reject,1,1.0014,0.8382
LN-HM-04359,0.1977,Approve,0,0.4196,0.8989
LN-HM-04360,0.4959,Reject,1,0.6286,0.8961
LN-HM-04361,0.7504,Reject,1,0.5211,0.9444
LN-HM-04362,0.3557,Review,1,0.4964,0.8112
LN-HM-04363,0.0,Approve,0,0.2457,0.0
LN-HM-04364,0.5841,Reject,1,0.6739,0.8885
LN-HM-04365,0.2594,Reject,1,0.6106,0.6758
LN-HM-04366,0.7642,Reject,1,0.6264,0.8512
LN-HM-04367,0.4501,Reject,1,1.1609,0.0
LN-HM-04368,0.0,Approve,0,0.4334,0.0
LN-HM-04369,0.1675,Reject,0,0.5836,0.0
LN-HM-04370,0.0,Approve,0,0.4813,0.6736
LN-HM-04371,0.95,Reject,1,0.829,0.9349
LN-HM-04372,0.4455,Reject,1,1.157,0.0
LN-HM-04373,0.3571,Reject,1,0.668,0.7014
LN-HM-04374,0.4188,Reject,0,0.5684,0.0
LN-HM-04375,0.0,Approve,0,0.4632,0.75
LN-HM-04376,0.4855,Reject,1,0.3297,0.6777
LN-HM-04377,0.6713,Reject,0,0.8147,0.8814
LN-HM-04378,0.9551,Reject,1,0.8341,0.8318
LN-HM-04379,0.2845,Review,0,0.3418,0.9442
LN-HM-04380,0.2773,Review,0,0.4017,0.0
LN-HM-04381,0.5574,Reject,0,0.8958,0.7751
LN-HM-04382,0.3593,Reject,0,0.6821,0.7387
LN-HM-04383,0.3849,Review,0,0.5368,0.7169
LN-HM-04384,0.0471,Approve,0,0.4926,0.8482
LN-HM-04385,0.5381,Reject,1,0.6006,0.0
LN-HM-04386,0.6105,Reject,1,1.5823,0.0
LN-HM-04387,0.2784,Review,0,0.531,0.6842
LN-HM-04388,0.4942,Reject,0,0.5809,0.6618
LN-HM-04389,0.2301,Reject,0,0.6241,0.7222
LN-HM-04390,0.1988,Reject,0,0.5876,0.7447
LN-HM-04391,0.159,Approve,0,0.367,0.7763
LN-HM-04392,0.2479,Reject,1,0.5911,0.0
LN-HM-04393,0.5719,Reject,0,0.7901,0.0
LN-HM-04394,0.6532,Reject,1,0.7536,0.8892
LN-HM-04395,0.4357,Reject,1,0.9836,0.0
LN-HM-04396,0.8922,Reject,1,0.8458,0.8333
LN-HM-04397,0.5372,Reject,0,0.6039,0.8283
LN-HM-04398,0.2714,Reject,0,0.567,0.0
LN-HM-04399,0.8411,Reject,1,0.8817,0.8877
LN-HM-04400,0.6231,Reject,0,0.7684,0.7067
LN-HM-04401,0.1132,Approve,0,0.3363,0.9298
LN-HM-04402,0.4807,Reject,0,0.853,0.7394
LN-HM-04403,0.4595,Reject,0,0.6505,0.8023
LN-HM-04404,0.6859,Reject,1,0.5289,0.9432
LN-HM-04405,0.5397,Reject,0,0.3737,0.6882
LN-HM-04406,0.8346,Reject,1,0.5041,0.7443
LN-HM-04407,0.174,Review,0,0.5223,0.0
LN-HM-04408,0.4209,Reject,1,0.763,0.7408
LN-HM-04409,0.1147,Approve,0,0.3573,0.9048
LN-HM-04410,0.6227,Reject,0,0.5954,0.8271
LN-HM-04411,0.2159,Review,0,0.3675,0.7532
LN-HM-04412,0.2237,Reject,0,0.55,0.8873
LN-HM-04413,0.5013,Reject,0,1.0073,0.0
LN-HM-04414,0.2674,Review,0,0.5433,0.8475
LN-HM-04415,0.1217,Approve,0,0.3459,0.8352
LN-HM-04416,0.3829,Reject,0,0.6037,0.8701
LN-HM-04417,0.3116,Review,0,0.5371,0.0
LN-HM-04418,0.6393,Reject,1,0.5778,0.865
LN-HM-04419,0.4946,Reject,0,0.6437,0.8875
LN-HM-04420,0.5309,Reject,1,0.5909,0.8571
LN-HM-04421,0.7081,Reject,1,0.7044,0.0
LN-HM-04422,0.7432,Reject,0,0.8645,0.8057
LN-HM-04423,0.4495,Reject,1,0.6201,0.8969
LN-HM-04424,0.7802,Reject,1,0.6421,0.6906
LN-HM-04425,0.2576,Review,1,0.4463,0.0
LN-HM-04426,0.4238,Reject,0,0.6147,0.8265
LN-HM-04427,0.0,Approve,0,0.4419,0.0
LN-HM-04428,0.3224,Review,0,0.4235,0.8042
LN-HM-04429,0.5861,Reject,1,0.8006,0.9298
LN-HM-04430,0.2555,Review,0,0.3814,0.0
LN-HM-04431,0.3109,Review,1,0.3754,0.0
LN-HM-04432,0.5756,Reject,0,1.3088,0.0
LN-HM-04433,0.1634,Approve,1,0.3326,0.8261
LN-HM-04434,0.5916,Reject,0,0.6569,0.7111
LN-HM-04435,0.0,Approve,0,0.4752,0.7065
LN-HM-04436,0.0501,Approve,1,0.4704,0.7368
LN-HM-04437,0.7904,Reject,0,0.6587,0.9453
LN-HM-04438,0.9957,Reject,1,0.8999,0.7113
LN-HM-04439,0.7498,Reject,0,0.5368,0.7662
LN-HM-04440,0.2788,Review,0,0.5106,0.7951
LN-HM-04441,0.9312,Reject,1,0.5362,0.9112
LN-HM-04442,0.4723,Reject,1,0.6993,0.6837
LN-HM-04443,0.2913,Review,0,0.4655,0.9115
LN-HM-04444,0.7419,Reject,1,0.7089,0.8232
LN-HM-04445,0.0,Approve,0,0.2529,0.0
LN-HM-04446,0.0,Approve,0,0.2327,0.0
LN-HM-04447,0.0,Approve,0,0.3996,0.6599
LN-HM-04448,0.6545,Reject,1,0.6563,0.8919
LN-HM-04449,0.6046,Reject,1,0.7171,0.8017
LN-HM-04450,0.8735,Reject,1,0.7078,0.8083
LN-HM-04451,0.698,Reject,0,1.5981,0.0
LN-HM-04452,0.2616,Reject,1,0.5655,0.0
LN-HM-04453,0.6349,Reject,1,0.698,0.8215
LN-HM-04454,0.4002,Reject,1,0.7927,0.878
LN-HM-04455,0.0181,Approve,0,0.3883,0.6906
LN-HM-04456,0.6855,Reject,0,0.7197,0.8414
LN-HM-04457,0.7351,Reject,0,0.7141,0.7834
LN-HM-04458,0.0124,Approve,0,0.3176,0.895
LN-HM-04459,0.7536,Reject,1,1.0053,0.0
LN-HM-04460,0.0,Approve,0,0.4203,0.7064
LN-HM-04461,0.0,Approve,0,0.3876,0.7821
LN-HM-04462,0.0,Approve,0,0.3007,0.0
LN-HM-04463,0.3526,Reject,1,0.5507,0.6982
LN-HM-04464,0.74,Reject,1,0.5214,0.8133
LN-HM-04465,0.4125,Reject,0,0.9571,0.0
LN-HM-04466,0.4883,Reject,1,1.0954,0.6556
LN-HM-04467,0.1427,Approve,0,0.4149,0.0
LN-HM-04468,0.6754,Reject,1,0.6979,0.6859
LN-HM-04469,0.5524,Reject,1,0.7307,0.8316
LN-HM-04470,0.0,Approve,0,0.2974,0.0
LN-HM-04471,0.5078,Reject,1,0.5114,0.0
LN-HM-04472,0.2355,Review,0,0.4897,0.8339
LN-HM-04473,0.9301,Reject,1,0.7369,0.0
LN-HM-04474,0.4124,Reject,1,0.7429,0.7754
LN-HM-04475,0.4798,Reject,0,0.8646,0.0
LN-HM-04476,0.0,Approve,0,0.4211,0.8187
LN-HM-04477,0.6074,Reject,1,0.5743,0.9455
LN-HM-04478,0.2529,Review,0,0.402,0.7707
LN-HM-04479,0.0,Approve,0,0.2569,0.6667
LN-HM-04480,0.3161,Review,0,0.5431,0.8108
LN-HM-04481,0.3799,Review,0,0.4821,0.8441
LN-HM-04482,0.0863,Approve,0,0.4308,0.7226
LN-HM-04483,0.5055,Reject,0,0.6443,0.8196
LN-HM-04484,0.4966,Reject,1,0.6879,0.7555
LN-HM-04485,0.5873,Reject,0,0.7937,0.7073
LN-HM-04486,0.266,Review,0,0.4315,0.0
LN-HM-04487,0.1746,Approve,1,0.4962,0.7062
LN-HM-04488,0.2285,Review,0,0.3867,0.8907
LN-HM-04489,0.0,Approve,0,0.258,0.0
LN-HM-04490,1.0,Reject,1,0.6696,0.8775
LN-HM-04491,0.6152,Reject,1,0.6056,0.9283
LN-HM-04492,0.557,Reject,1,0.9461,0.0
LN-HM-04493,0.5754,Reject,1,0.697,0.8154
LN-HM-04494,0.0124,Approve,0,0.4765,0.918
LN-HM-04495,0.5983,Reject,0,0.6757,0.6566
LN-HM-04496,0.1207,Reject,0,0.6212,0.6688
LN-HM-04497,0.7282,Reject,0,0.8151,0.6667
LN-HM-04498,0.2065,Review,0,0.4691,0.7585
LN-HM-04499,0.42,Reject,0,0.6641,0.8017
LN-HM-04500,0.6055,Reject,0,0.7644,0.9236
LN-HM-04501,0.7076,Reject,1,0.6902,0.7241
LN-HM-04502,0.0192,Approve,0,0.4188,0.8609
LN-HM-04503,0.4885,Reject,1,1.393,0.0
LN-HM-04504,0.4499,Reject,0,0.746,0.6679
LN-HM-04505,0.4653,Reject,0,0.5631,0.7235
LN-HM-04506,0.0694,Approve,0,0.4337,0.8797
LN-HM-04507,0.1606,Approve,0,0.4623,0.0
LN-HM-04508,0.0482,Approve,0,0.4252,0.7068
LN-HM-04509,0.4354,Reject,0,0.6086,0.8663
LN-HM-04510,0.0,Approve,0,0.4738,0.0
LN-HM-04511,0.209,Reject,0,0.637,0.0
LN-HM-04512,0.8844,Reject,1,0.6833,0.8208
LN-HM-04513,0.3626,Review,1,0.5264,0.0
LN-HM-04514,0.4649,Reject,1,0.7447,0.6942
LN-HM-04515,0.4938,Reject,0,0.6701,0.6679
LN-HM-04516,0.5826,Reject,1,0.9032,0.8783
LN-HM-04517,0.7163,Reject,1,0.7877,0.0
LN-HM-04518,0.0,Approve,0,0.3625,0.0
LN-HM-04519,0.2227,Reject,1,0.575,0.7529
LN-HM-04520,0.4696,Reject,0,0.564,0.8241
LN-HM-04521,0.0,Approve,0,0.3595,0.0
LN-HM-04522,0.5209,Reject,1,0.744,0.743
LN-HM-04523,0.581,Reject,0,0.5642,0.9091
LN-HM-04524,0.3597,Reject,1,0.3451,0.9247
LN-HM-04525,0.0863,Approve,0,0.2879,0.0
LN-HM-04526,0.6349,Reject,0,0.6273,0.9164
LN-HM-04527,0.4432,Reject,0,0.4884,0.741
LN-HM-04528,0.0,Approve,0,0.4514,0.7137
LN-HM-04529,0.7056,Reject,0,0.7376,0.0
LN-HM-04530,0.1416,Approve,0,0.3864,0.8117
LN-HM-04531,0.658,Reject,1,0.5331,0.8165
LN-HM-04532,0.366,Review,0,0.5161,0.764
LN-HM-04533,0.6761,Reject,0,0.9421,0.8474
LN-HM-04534,0.1698,Approve,0,0.3129,0.0
LN-HM-04535,0.1795,Approve,0,0.4343,0.8317
LN-HM-04536,0.0,Approve,0,0.4594,0.7494
LN-HM-04537,0.9878,Reject,1,0.8854,0.7157
LN-HM-04538,0.3262,Reject,0,0.6481,0.0
LN-HM-04539,0.229,Review,0,0.4714,0.0
LN-HM-04540,0.1186,Reject,0,0.6323,0.7743
LN-HM-04541,0.4288,Reject,0,1.0446,0.7899
LN-HM-04542,0.6937,Reject,1,0.9836,0.7523
LN-HM-04543,0.511,Reject,0,0.461,0.8707
LN-HM-04544,0.4907,Reject,1,0.813,0.7468
LN-HM-04545,0.0,Approve,0,0.3482,0.0
LN-HM-04546,0.1994,Approve,0,0.3887,0.0
LN-HM-04547,0.293,Review,0,0.52,0.8505
LN-HM-04548,0.4273,Reject,0,0.6746,0.6513
LN-HM-04549,0.1089,Approve,0,0.4706,0.9073
LN-HM-04550,0.0,Approve,0,0.4937,0.8227
LN-HM-04551,0.2212,Review,0,0.4707,0.0
LN-HM-04552,0.2231,Reject,0,0.5805,0.0
LN-HM-04553,1.0,Reject,1,1.0906,0.0
LN-HM-04554,0.141,Approve,0,0.192,0.0
LN-HM-04555,0.0,Approve,0,0.4943,0.6612
LN-HM-04556,0.7498,Reject,1,0.6952,0.7833
LN-HM-04557,0.4578,Reject,0,0.4336,0.0
LN-HM-04558,0.2106,Review,0,0.53,0.7549
LN-HM-04559,0.6768,Reject,1,0.5503,0.9191
LN-HM-04560,0.4759,Reject,0,0.4753,0.0
LN-HM-04561,0.5443,Reject,1,0.9382,0.7853
LN-HM-04562,0.201,Review,0,0.3208,0.0
LN-HM-04563,0.114,Approve,0,0.463,0.782
LN-HM-04564,0.4491,Reject,0,0.7914,0.0
LN-HM-04565,0.4583,Reject,0,0.8735,0.6938
LN-HM-04566,0.5237,Reject,1,1.0758,0.7004
LN-HM-04567,0.6339,Reject,1,0.6672,0.856
LN-HM-04568,0.1662,Approve,0,0.4397,0.8807
LN-HM-04569,0.1394,Review,0,0.5134,0.0
LN-HM-04570,0.4034,Reject,1,0.4628,0.0
LN-HM-04571,0.6057,Reject,1,0.6673,0.8443
LN-HM-04572,1.0,Reject,1,0.8937,0.9381
LN-HM-04573,0.0,Approve,0,0.4602,0.6947
LN-HM-04574,0.2217,Reject,1,0.5516,0.9218
LN-HM-04575,0.7018,Reject,0,0.5186,0.7166
LN-HM-04576,0.5358,Reject,1,0.5886,0.0
LN-HM-04577,0.448,Reject,1,0.6483,0.8329
LN-HM-04578,0.5067,Reject,0,0.5185,0.8577
LN-HM-04579,0.1579,Approve,0,0.3552,0.0
LN-HM-04580,0.6898,Reject,0,0.7945,0.77
LN-HM-04581,0.941,Reject,1,0.9237,0.8797
LN-HM-04582,0.1136,Approve,0,0.2842,0.0
LN-HM-04583,0.4223,Reject,1,0.759,0.6509
LN-HM-04584,0.0,Approve,0,0.207,0.0
LN-HM-04585,0.7396,Reject,0,0.3462,0.8545
LN-HM-04586,0.153,Approve,1,0.4715,0.7614
LN-HM-04587,0.6979,Reject,1,0.7991,0.7246
LN-HM-04588,0.2855,Review,1,0.5215,0.7852
LN-HM-04589,0.9067,Reject,1,0.8066,0.6563
LN-HM-04590,0.404,Reject,1,0.7288,0.7857
LN-HM-04591,0.6944,Reject,0,0.7229,0.8682
LN-HM-04592,0.0,Approve,0,0.4599,0.9022
LN-HM-04593,0.7359,Reject,0,0.7564,0.776
LN-HM-04594,0.1411,Approve,0,0.4368,0.8161
LN-HM-04595,0.0,Approve,0,0.4828,0.714
LN-HM-04596,0.4224,Reject,1,0.6257,0.8154
LN-HM-04597,0.7273,Reject,0,0.6829,0.7085
LN-HM-04598,0.0541,Approve,0,0.2682,0.9238
LN-HM-04599,0.4877,Reject,0,0.6656,0.6818
LN-HM-04600,0.5566,Reject,1,0.8802,0.6828
LN-HM-04601,0.0,Approve,0,0.3856,0.0
LN-HM-04602,0.2291,Reject,0,0.5587,0.0
LN-HM-04603,0.4684,Reject,1,0.5759,0.7677
LN-HM-04604,0.1651,Approve,0,0.2727,0.0
LN-HM-04605,0.2717,Review,0,0.3447,0.886
LN-HM-04606,0.7126,Reject,1,0.6457,0.0
LN-HM-04607,0.8622,Reject,1,0.954,0.9469
LN-HM-04608,0.0587,Approve,0,0.3051,0.8701
LN-HM-04609,0.2412,Review,0,0.5446,0.0
LN-HM-04610,0.9689,Reject,1,0.7511,0.7584
LN-HM-04611,0.6899,Reject,0,0.744,0.8123
LN-HM-04612,0.2122,Reject,0,0.5541,0.0
LN-HM-04613,0.1543,Approve,0,0.1968,0.8889
LN-HM-04614,0.428,Reject,0,0.5796,0.8599
LN-HM-04615,0.3457,Reject,1,0.3789,0.8
LN-HM-04616,0.3078,Reject,0,0.558,0.0
LN-HM-04617,0.5012,Reject,1,0.5627,0.0
LN-HM-04618,0.7745,Reject,0,0.5929,0.9403
LN-HM-04619,0.45,Reject,1,0.6607,0.0
LN-HM-04620,0.7355,Reject,1,0.7837,0.678
LN-HM-04621,0.7469,Reject,0,0.5767,0.651
LN-HM-04622,0.0,Approve,0,0.4586,0.8478
LN-HM-04623,0.9024,Reject,1,0.772,0.8741
LN-HM-04624,0.0806,Approve,0,0.4308,0.7489
LN-HM-04625,0.2138,Review,0,0.495,0.0
LN-HM-04626,0.9255,Reject,1,0.7625,0.8221
LN-HM-04627,0.7107,Reject,1,0.8553,0.6998
LN-HM-04628,0.1669,Approve,0,0.4346,0.0
LN-HM-04629,0.4482,Reject,0,0.3673,0.0
LN-HM-04630,0.2087,Reject,0,0.5755,0.7562
LN-HM-04631,0.4859,Reject,0,0.7578,0.0
LN-HM-04632,0.3611,Reject,0,0.5977,0.94
LN-HM-04633,0.1918,Approve,0,0.4433,0.8639
LN-HM-04634,0.7544,Reject,1,0.7912,0.7033
LN-HM-04635,0.6886,Reject,0,0.5882,0.9255
LN-HM-04636,0.4006,Reject,1,0.565,0.8571
LN-HM-04637,0.4337,Reject,0,0.6585,0.6793
LN-HM-04638,0.3806,Reject,0,0.8009,0.7291
LN-HM-04639,0.129,Approve,0,0.4165,0.9192
LN-HM-04640,0.0,Approve,0,0.434,0.7778
LN-HM-04641,0.4088,Reject,0,0.8482,0.7647
LN-HM-04642,0.4149,Reject,0,0.7393,0.0
LN-HM-04643,0.478,Reject,1,1.3058,0.0
LN-HM-04644,0.035,Approve,0,0.4929,0.761
LN-HM-04645,0.6102,Reject,0,1.0864,0.6958
LN-HM-04646,0.2937,Review,1,0.5123,0.0
LN-HM-04647,0.4154,Reject,1,0.752,0.0
LN-HM-04648,0.286,Review,0,0.5496,0.6925
LN-HM-04649,0.2259,Reject,0,0.6176,0.0
LN-HM-04650,0.4133,Reject,0,0.7902,0.6571
LN-HM-04651,0.274,Reject,1,0.5725,0.0
LN-HM-04652,0.0,Approve,0,0.3419,0.7143
LN-HM-04653,0.71,Reject,1,0.5073,0.8636
LN-HM-04654,0.6735,Reject,0,0.5475,0.0
LN-HM-04655,0.3954,Reject,0,0.6253,0.7085
LN-HM-04656,1.0,Reject,1,0.7462,0.7126
LN-HM-04657,0.4559,Reject,1,0.49,0.0
LN-HM-04658,0.2229,Reject,0,0.6112,0.7158
LN-HM-04659,1.0,Reject,1,0.7057,0.8693
LN-HM-04660,0.0,Approve,0,0.3057,0.7
LN-HM-04661,0.6978,Reject,0,0.9214,0.865
LN-HM-04662,0.7957,Reject,0,0.7074,0.9295
LN-HM-04663,0.2537,Review,0,0.502,0.7253
LN-HM-04664,0.0345,Approve,0,0.4824,0.9018
LN-HM-04665,0.5122,Reject,0,0.625,0.8991
LN-HM-04666,0.5071,Reject,0,0.7654,0.6907
LN-HM-04667,0.6895,Reject,1,0.5576,0.8727
LN-HM-04668,0.2625,Reject,0,0.5561,0.0
LN-HM-04669,0.3225,Reject,0,0.6046,0.0
LN-HM-04670,0.4425,Reject,0,0.6395,0.75
LN-HM-04671,0.2031,Reject,0,0.6327,0.8367
LN-HM-04672,0.4761,Reject,0,0.3268,0.0
LN-HM-04673,0.5722,Reject,0,0.4745,0.8436
LN-HM-04674,0.3792,Reject,0,0.5748,0.0
LN-HM-04675,0.0,Approve,0,0.4132,0.7135
LN-HM-04676,0.6307,Reject,1,0.6663,0.8011
LN-HM-04677,0.6506,Reject,0,0.7054,0.6565
LN-HM-04678,0.4,Reject,0,0.5268,0.8571
LN-HM-04679,0.5806,Reject,1,0.7881,0.8475
LN-HM-04680,0.9476,Reject,1,1.3182,0.0
LN-HM-04681,0.7348,Reject,1,0.8487,0.7457
LN-HM-04682,0.4959,Reject,1,0.7011,0.6686
LN-HM-04683,0.9845,Reject,1,0.8188,0.6718
LN-HM-04684,0.4461,Reject,0,0.5203,0.0
LN-HM-04685,0.3415,Reject,1,0.6264,0.0
LN-HM-04686,0.3909,Reject,0,0.7852,0.0
LN-HM-04687,0.4669,Reject,1,0.6675,0.0
LN-HM-04688,0.6884,Reject,0,0.5509,0.8734
LN-HM-04689,0.6895,Reject,0,0.7104,0.9268
LN-HM-04690,0.5809,Reject,1,0.9031,0.6891
LN-HM-04691,0.3297,Reject,0,1.4992,0.0
LN-HM-04692,0.6598,Reject,1,0.6614,0.7688
LN-HM-04693,0.6474,Reject,1,0.7456,0.7151
LN-HM-04694,0.8762,Reject,1,0.6515,0.9058
LN-HM-04695,0.0,Approve,0,0.3721,0.0
LN-HM-04696,0.3633,Reject,0,1.1833,0.0
LN-HM-04697,1.0,Reject,1,0.8625,0.8705
LN-HM-04698,0.8067,Reject,1,0.6891,0.0
LN-HM-04699,0.5684,Reject,0,0.7052,0.7649
LN-HM-04700,0.4981,Reject,0,0.5001,0.6541
LN-HM-04701,0.5537,Reject,1,0.5109,0.0
LN-HM-04702,0.3664,Reject,0,0.7702,0.8257
LN-HM-04703,0.5325,Reject,0,0.55,0.9467
LN-HM-04704,0.1496,Approve,0,0.1804,0.0
LN-HM-04705,0.4483,Reject,1,0.7982,0.729
LN-HM-04706,0.6493,Reject,0,1.1103,0.0
LN-HM-04707,0.5126,Reject,0,0.8172,0.0
LN-HM-04708,0.7313,Reject,1,0.5196,0.8995
LN-HM-04709,0.4116,Reject,0,0.7947,0.6899
LN-HM-04710,0.7425,Reject,1,0.7809,0.9491
LN-HM-04711,0.8685,Reject,1,0.5625,0.8651
LN-HM-04712,0.3311,Review,1,0.5465,0.0
LN-HM-04713,0.144,Approve,0,0.4902,0.8622
LN-HM-04714,0.6947,Reject,1,0.7515,0.7759
LN-HM-04715,0.4309,Reject,0,0.6942,0.0
LN-HM-04716,0.4207,Reject,0,0.5936,0.8883
LN-HM-04717,0.3521,Review,0,0.5122,0.8362
LN-HM-04718,0.485,Reject,0,0.5739,0.9184
LN-HM-04719,0.7525,Reject,1,0.5482,0.8256
LN-HM-04720,0.7276,Reject,0,0.7399,0.8378
LN-HM-04721,0.7382,Reject,1,1.4161,0.0
LN-HM-04722,0.4494,Reject,1,0.6123,0.6615
LN-HM-04723,0.2397,Review,1,0.2635,0.907
LN-HM-04724,0.3586,Reject,0,0.6128,0.9406
LN-HM-04725,0.4288,Reject,1,1.4312,0.0
LN-HM-04726,0.0,Approve,0,0.2239,0.6814
LN-HM-04727,0.5734,Reject,1,0.5126,0.0
LN-HM-04728,0.4338,Reject,0,0.8617,0.7489
LN-HM-04729,0.3741,Reject,0,0.6052,0.0
LN-HM-04730,0.3563,Reject,1,0.5724,0.0
LN-HM-04731,0.426,Reject,1,0.5492,0.9082
LN-HM-04732,0.4195,Reject,1,0.4889,0.6574
LN-HM-04733,0.4642,Reject,1,0.6771,0.7113
LN-HM-04734,0.0,Approve,0,0.4862,0.6585
LN-HM-04735,0.827,Reject,1,0.6976,0.9337
LN-HM-04736,0.1393,Approve,0,0.3801,0.6927
LN-HM-04737,0.4162,Reject,0,1.1187,0.0
LN-HM-04738,0.4357,Reject,0,0.6163,0.6589
LN-HM-04739,0.3694,Reject,0,0.6977,0.7739
LN-HM-04740,0.9665,Reject,1,0.6848,0.8495
LN-HM-04741,0.4342,Reject,0,0.8355,0.6805
LN-HM-04742,0.0,Approve,0,0.3168,0.7798
LN-HM-04743,0.0,Approve,0,0.4583,0.0
LN-HM-04744,0.5024,Reject,1,0.5984,0.8353
LN-HM-04745,0.5692,Reject,1,0.9716,0.9172
LN-HM-04746,0.0776,Approve,0,0.3681,0.0
LN-HM-04747,0.0,Approve,0,0.4889,0.6936
LN-HM-04748,0.6566,Reject,1,0.8389,0.8643
LN-HM-04749,0.5587,Reject,0,0.8769,0.0
LN-HM-04750,0.2457,Reject,0,0.6494,0.6913
LN-HM-04751,0.6049,Reject,0,0.735,0.8188
LN-HM-04752,0.4696,Reject,1,0.7249,0.8092
LN-HM-04753,0.461,Reject,0,0.7196,0.761
LN-HM-04754,0.7586,Reject,1,0.6914,0.6626
LN-HM-04755,1.0,Reject,1,0.5745,0.8695
LN-HM-04756,0.0,Approve,0,0.4136,0.7921
LN-HM-04757,0.0985,Approve,0,0.3785,0.0
LN-HM-04758,0.0686,Approve,0,0.2434,0.0
LN-HM-04759,0.4599,Reject,1,0.5843,0.945
LN-HM-04760,0.353,Reject,0,0.6346,0.7105
LN-HM-04761,0.2047,Review,0,0.5259,0.0
LN-HM-04762,0.5521,Reject,1,0.5774,0.6735
LN-HM-04763,0.6205,Reject,1,0.6687,0.9308
LN-HM-04764,0.7384,Reject,1,0.5687,0.8785
LN-HM-04765,0.2439,Reject,1,0.6346,0.701
LN-HM-04766,0.0,Approve,0,0.3715,0.6667
LN-HM-04767,0.6843,Reject,0,0.8243,0.9218
LN-HM-04768,0.1805,Approve,0,0.4935,0.8357
LN-HM-04769,0.9434,Reject,1,0.7129,0.0
LN-HM-04770,0.0857,Approve,0,0.2689,0.0
LN-HM-04771,0.7013,Reject,0,0.6855,0.0
LN-HM-04772,0.1235,Approve,0,0.4622,0.7349
LN-HM-04773,0.2605,Reject,0,0.6475,0.0
LN-HM-04774,0.2902,Reject,0,0.6146,0.7021
LN-HM-04775,0.2381,Review,0,0.5064,0.6667
LN-HM-04776,0.7677,Reject,0,0.7486,0.0
LN-HM-04777,0.5156,Reject,1,0.7512,0.0
LN-HM-04778,0.7384,Reject,1,0.6328,0.8538
LN-HM-04779,0.8075,Reject,1,0.5649,0.7647
LN-HM-04780,0.5682,Reject,1,0.9378,0.7661
LN-HM-04781,0.2704,Review,0,0.2783,0.0
LN-HM-04782,0.0,Approve,0,0.4432,0.7675
LN-HM-04783,0.4596,Reject,0,0.8227,0.6864
LN-HM-04784,0.253,Review,0,0.3302,0.9333
LN-HM-04785,0.0,Approve,0,0.3725,0.0
LN-HM-04786,0.6367,Reject,1,0.6639,0.0
LN-HM-04787,0.5606,Reject,1,0.6615,0.7434
LN-HM-04788,0.2464,Reject,0,0.5654,0.6912
LN-HM-04789,0.1222,Approve,0,0.3692,0.6959
LN-HM-04790,0.6292,Reject,1,0.7564,0.0
LN-HM-04791,0.35,Reject,0,0.6537,0.7464
LN-HM-04792,0.1854,Reject,0,0.6296,0.7576
LN-HM-04793,0.1894,Review,0,0.5357,0.0
LN-HM-04794,0.0,Approve,0,0.4365,0.6536
LN-HM-04795,0.2359,Reject,0,0.5847,0.0
LN-HM-04796,0.6704,Reject,1,0.4987,0.8491
LN-HM-04797,0.5538,Reject,0,0.6706,0.0
LN-HM-04798,0.2665,Review,0,0.3905,0.9268
LN-HM-04799,0.408,Reject,0,0.7909,0.6804
LN-HM-04800,0.2591,Reject,1,0.6348,0.6873
LN-HM-04801,0.4008,Reject,1,0.6582,0.0
LN-HM-04802,0.0354,Approve,1,0.4389,0.6863
LN-HM-04803,0.4364,Reject,1,0.541,0.8787
LN-HM-04804,0.5736,Reject,1,0.6991,0.6562
LN-HM-04805,0.272,Reject,0,0.567,0.6942
LN-HM-04806,0.5327,Reject,0,0.7003,0.7843
LN-HM-04807,0.176,Reject,0,0.5881,0.0
LN-HM-04808,0.8925,Reject,1,0.7987,0.0
LN-HM-04809,0.0223,Approve,0,0.1919,0.78
LN-HM-04810,0.2377,Review,0,0.4212,0.8303
LN-HM-04811,0.0746,Approve,0,0.396,0.0
LN-HM-04812,1.0,Reject,1,0.7752,0.7814
LN-HM-04813,0.316,Review,0,0.5291,0.0
LN-HM-04814,0.5563,Reject,0,0.5984,0.911
LN-HM-04815,0.5055,Reject,1,0.5719,0.7294
LN-HM-04816,0.457,Reject,1,0.6846,0.9259
LN-HM-04817,0.7248,Reject,1,0.8201,0.7347
LN-HM-04818,0.0,Approve,0,0.4615,0.0
LN-HM-04819,0.2583,Review,1,0.5032,0.0
LN-HM-04820,0.4937,Reject,0,0.564,0.8313
LN-HM-04821,0.0,Approve,0,0.2393,0.6495
LN-HM-04822,0.3768,Review,0,0.4518,0.8235
LN-HM-04823,0.6424,Reject,1,0.8471,0.9503
LN-HM-04824,0.4705,Reject,1,0.5436,0.8369
LN-HM-04825,0.0,Approve,0,0.4926,0.7635
LN-HM-04826,0.3252,Reject,0,0.4438,0.0
LN-HM-04827,0.9225,Reject,1,0.6805,0.8449
LN-HM-04828,0.8961,Reject,1,0.6636,0.9031
LN-HM-04829,0.4009,Reject,0,0.6443,0.7756
LN-HM-04830,0.0,Approve,0,0.3141,0.6962
LN-HM-04831,0.3591,Reject,0,0.596,0.9402
LN-HM-04832,0.1085,Approve,0,0.3335,0.8263
LN-HM-04833,0.4762,Reject,0,1.1379,0.0
LN-HM-04834,0.5654,Reject,1,0.625,0.0
LN-HM-04835,0.7133,Reject,1,0.9406,0.0
LN-HM-04836,0.8878,Reject,1,1.0533,0.8804
LN-HM-04837,0.546,Reject,0,0.5376,0.7247
LN-HM-04838,0.5954,Reject,1,0.7252,0.0
LN-HM-04839,0.0,Approve,0,0.2985,0.0
LN-HM-04840,0.9382,Reject,1,0.8506,0.0
LN-HM-04841,0.6816,Reject,0,0.8206,0.7125
LN-HM-04842,0.2317,Review,0,0.5007,0.7182
LN-HM-04843,0.4655,Reject,1,0.7804,0.0
LN-HM-04844,0.7888,Reject,1,0.5651,0.0
LN-HM-04845,0.2595,Reject,0,0.5852,0.0
LN-HM-04846,0.0,Approve,0,0.4987,0.0
LN-HM-04847,0.117,Approve,0,0.3204,0.0
LN-HM-04848,0.0003,Approve,0,0.2287,0.0
LN-HM-04849,0.059,Approve,0,0.2923,0.8814
LN-HM-04850,0.4984,Reject,0,0.5269,0.7386
LN-HM-04851,0.7647,Reject,1,0.7599,0.8952
LN-HM-04852,0.5326,Reject,1,0.9168,0.7823
LN-HM-04853,0.7736,Reject,1,0.7021,0.0
LN-HM-04854,0.757,Reject,1,0.6514,0.8026
LN-HM-04855,0.2431,Reject,0,0.572,0.0
LN-HM-04856,0.3389,Review,1,0.4459,0.8352
LN-HM-04857,0.4123,Reject,0,1.254,0.0
LN-HM-04858,1.0,Reject,1,0.6942,0.6678
LN-HM-04859,0.7877,Reject,1,0.6677,0.8503
LN-HM-04860,0.2462,Review,1,0.396,0.0
LN-HM-04861,0.5728,Reject,0,0.9767,0.8126
LN-HM-04862,0.0508,Approve,0,0.38,0.6771
LN-HM-04863,0.6436,Reject,1,0.7715,0.8596
LN-HM-04864,0.2276,Review,0,0.5177,0.0
LN-HM-04865,0.7182,Reject,0,1.0951,0.9395
LN-HM-04866,0.4904,Reject,1,0.735,0.0
LN-HM-04867,0.9288,Reject,0,0.6576,0.0
LN-HM-04868,0.3727,Reject,1,0.6463,0.8345
LN-HM-04869,0.8217,Reject,1,0.6823,0.7861
LN-HM-04870,0.6079,Reject,1,0.8928,0.8672
LN-HM-04871,0.7349,Reject,0,0.7509,0.8454
LN-HM-04872,0.1653,Reject,0,0.5768,0.0
LN-HM-04873,0.6487,Reject,0,0.5503,0.7422
LN-HM-04874,0.8946,Reject,1,1.0766,0.8432
LN-HM-04875,0.661,Reject,1,0.819,0.8984
LN-HM-04876,0.439,Reject,1,0.7375,0.0
LN-HM-04877,0.4373,Reject,0,0.6786,0.7335
LN-HM-04878,0.5254,Reject,1,0.7501,0.6615
LN-HM-04879,0.0,Approve,0,0.2991,0.7092
LN-HM-04880,0.9653,Reject,1,0.8292,0.687
LN-HM-04881,0.0542,Approve,1,0.4866,0.0
LN-HM-04882,0.5127,Reject,1,0.9783,0.0
LN-HM-04883,0.8455,Reject,1,0.8392,0.9418
LN-HM-04884,0.7158,Reject,1,0.7361,0.7692
LN-HM-04885,0.2308,Review,0,0.3521,0.0
LN-HM-04886,0.0,Approve,0,0.3175,0.0
LN-HM-04887,0.0,Approve,0,0.3395,0.8098
LN-HM-04888,0.1582,Review,0,0.5043,0.0
LN-HM-04889,0.7722,Reject,1,0.8779,0.8554
LN-HM-04890,0.5869,Reject,0,0.8711,0.0
LN-HM-04891,0.9793,Reject,1,0.5211,0.8101
LN-HM-04892,0.2208,Reject,1,0.5976,0.6908
LN-HM-04893,0.5393,Reject,1,0.7094,0.656
LN-HM-04894,0.0569,Approve,0,0.3726,0.8125
LN-HM-04895,0.4071,Reject,0,0.63,0.0
LN-HM-04896,0.5385,Reject,0,0.8505,0.0
LN-HM-04897,0.0,Approve,0,0.2946,0.0
LN-HM-04898,0.5816,Reject,0,0.8165,0.8065
LN-HM-04899,0.2168,Review,0,0.468,0.79
LN-HM-04900,0.2691,Review,1,0.5074,0.0
LN-HM-04901,0.0511,Approve,0,0.4236,0.67
LN-HM-04902,0.3603,Review,0,0.5327,0.9091
LN-HM-04903,0.7887,Reject,1,0.8154,0.8418
LN-HM-04904,0.4296,Reject,1,0.6621,0.8947
LN-HM-04905,0.4492,Reject,1,0.6655,0.6894
LN-HM-04906,0.4174,Reject,1,0.6136,0.8738
LN-HM-04907,0.6951,Reject,0,1.524,0.0
LN-HM-04908,0.4518,Reject,1,0.5264,0.0
LN-HM-04909,0.4942,Reject,0,0.8528,0.7828
LN-HM-04910,0.7027,Reject,1,0.7839,0.0
LN-HM-04911,0.6736,Reject,1,0.9313,0.7872
LN-HM-04912,0.4885,Reject,1,0.691,0.6522
LN-HM-04913,0.4813,Reject,1,1.1187,0.0
LN-HM-04914,0.2954,Reject,0,0.5926,0.6583
LN-HM-04915,0.6549,Reject,0,0.8524,0.892
LN-HM-04916,0.6638,Reject,1,0.9284,0.9002
LN-HM-04917,0.6652,Reject,1,0.8885,0.9351
LN-HM-04918,0.661,Reject,1,0.901,0.9202
LN-HM-04919,0.1593,Approve,0,0.3196,0.8298
LN-HM-04920,0.459,Reject,0,0.7,0.0
LN-HM-04921,0.0,Approve,0,0.3927,0.7542
LN-HM-04922,0.2434,Review,0,0.2195,0.0
LN-HM-04923,0.7304,Reject,0,0.9356,0.944
LN-HM-04924,0.3479,Review,0,0.5263,0.0
LN-HM-04925,0.0,Approve,0,0.4679,0.0
LN-HM-04926,0.2799,Review,0,0.3863,0.7371
LN-HM-04927,0.0,Approve,0,0.4471,0.9457
LN-HM-04928,0.98,Reject,1,0.7453,0.7084
LN-HM-04929,0.5913,Reject,1,0.8648,0.8662
LN-HM-04930,0.7564,Reject,0,0.8422,0.9219
LN-HM-04931,0.6485,Reject,1,0.7423,0.9281
LN-HM-04932,0.1638,Approve,0,0.1608,0.0
LN-HM-04933,0.2257,Review,0,0.3547,0.8924
LN-HM-04934,0.652,Reject,0,0.5431,0.9152
LN-HM-04935,0.3105,Reject,1,0.5791,0.7875
LN-HM-04936,0.0,Approve,0,0.2828,0.8267
LN-HM-04937,0.9573,Reject,1,0.6274,0.8492
LN-HM-04938,0.1078,Approve,0,0.4421,0.8796
LN-HM-04939,0.4188,Reject,0,0.795,0.7889
LN-HM-04940,0.4395,Reject,1,1.2935,0.0
LN-HM-04941,0.0,Approve,0,0.4724,0.0
LN-HM-04942,0.4814,Reject,0,1.5788,0.0
LN-HM-04943,0.202,Review,1,0.423,0.0
LN-HM-04944,0.6555,Reject,1,0.7194,0.8836
LN-HM-04945,0.258,Review,0,0.5189,0.0
LN-HM-04946,0.2774,Review,0,0.5158,0.6826
LN-HM-04947,0.5327,Reject,0,0.815,0.6667
LN-HM-04948,0.0096,Approve,0,0.4899,0.9121
LN-HM-04949,0.9212,Reject,1,0.6631,0.9328
LN-HM-04950,0.6019,Reject,1,0.7207,0.8216
LN-HM-04951,0.0,Approve,0,0.3082,0.9118
LN-HM-04952,0.7057,Reject,1,0.7641,0.9016
LN-HM-04953,0.6868,Reject,1,0.7029,0.8618
LN-HM-04954,0.446,Reject,0,0.6748,0.0
LN-HM-04955,0.0,Approve,0,0.3499,0.6686
LN-HM-04956,0.4513,Reject,0,0.8787,0.8533
LN-HM-04957,0.0,Approve,0,0.417,0.0
LN-HM-04958,0.5707,Reject,1,0.6689,0.7472
LN-HM-04959,0.0,Approve,0,0.3792,0.0
LN-HM-04960,0.5795,Reject,0,0.5898,0.9213
LN-HM-04961,0.9923,Reject,1,0.6769,0.0
LN-HM-04962,1.0,Reject,1,0.7352,0.757
LN-HM-04963,0.3939,Reject,1,0.7501,0.6798
LN-HM-04964,0.599,Reject,1,0.7361,0.7915
LN-HM-04965,0.0998,Approve,1,0.4228,0.864
LN-HM-04966,0.0723,Approve,0,0.4926,0.0
LN-HM-04967,0.6346,Reject,1,0.7576,0.9286
LN-HM-04968,0.8058,Reject,1,0.7706,0.8217
LN-HM-04969,0.4156,Reject,0,0.7246,0.0
LN-HM-04970,0.2805,Reject,0,0.5581,0.0
LN-HM-04971,0.4355,Reject,1,0.5726,0.7053
LN-HM-04972,0.0,Approve,0,0.3548,0.0
LN-HM-04973,0.2377,Review,0,0.3921,0.8517
LN-HM-04974,0.6693,Reject,1,0.7293,0.8799
LN-HM-04975,0.6651,Reject,1,0.6705,0.0
LN-HM-04976,0.7201,Reject,1,0.5637,0.9469
LN-HM-04977,0.0,Approve,0,0.4253,0.8833
LN-HM-04978,0.5421,Reject,0,0.5678,0.6747
LN-HM-04979,0.2101,Reject,0,0.6204,0.7527
LN-HM-04980,0.0,Approve,0,0.3992,0.0
LN-HM-04981,1.0,Reject,1,0.5968,0.8734
LN-HM-04982,0.0865,Approve,0,0.312,0.7356
LN-HM-04983,0.4733,Reject,1,0.6284,0.9357
LN-HM-04984,0.232,Review,0,0.5171,0.7819
LN-HM-04985,0.0288,Approve,0,0.4206,0.828
LN-HM-04986,0.5701,Reject,1,0.5042,0.6561
LN-HM-04987,0.7075,Reject,0,0.6542,0.9137
LN-HM-04988,0.0,Approve,0,0.2994,0.0
LN-HM-04989,0.6917,Reject,1,0.8737,0.8992
LN-HM-04990,0.466,Reject,0,0.5996,0.9272
LN-HM-04991,0.4241,Reject,0,0.8485,0.0
LN-HM-04992,0.6472,Reject,1,0.9784,0.0
LN-HM-04993,0.1993,Approve,1,0.2875,0.8514
LN-HM-04994,0.463,Reject,1,0.8518,0.0
LN-HM-04995,0.7108,Reject,1,1.1402,0.0
LN-HM-04996,0.65,Reject,1,0.7983,0.7128
LN-HM-04997,0.0,Approve,0,0.2725,0.0
LN-HM-04998,0.0,Approve,0,0.4402,0.7742
LN-HM-04999,0.3313,Review,1,0.2722,0.9028
LN-HM-05000,0.5085,Reject,0,0.5163,0.7095
LN-HM-05001,0.2126,Reject,0,0.5552,0.875
LN-HM-05002,0.327,Reject,0,0.6349,0.6714
LN-HM-05003,0.2571,Reject,0,0.6399,0.0
LN-HM-05004,0.2584,Reject,0,0.5993,0.7019
LN-HM-05005,0.3976,Reject,0,0.6362,0.8606
LN-HM-05006,0.1863,Approve,0,0.3323,0.8696
LN-HM-05007,0.9186,Reject,0,0.8182,0.0
LN-HM-05008,0.1786,Approve,0,0.2476,0.7338
LN-HM-05009,0.5139,Reject,1,0.5939,0.6711
LN-HM-05010,0.2769,Reject,0,0.6492,0.7453
LN-HM-05011,0.681,Reject,1,0.6719,0.7314
LN-HM-05012,0.7251,Reject,0,0.6139,0.8625
LN-HM-05013,0.3471,Reject,0,0.5712,0.7376
LN-HM-05014,0.3235,Reject,0,0.5644,0.7796
LN-HM-05015,0.431,Reject,1,0.6742,0.0
LN-HM-05016,0.5445,Reject,1,0.5859,0.0
LN-HM-05017,0.597,Reject,0,0.7098,0.9488
LN-HM-05018,0.0037,Approve,0,0.3041,0.0
LN-HM-05019,0.2638,Reject,0,0.568,0.7093
LN-HM-05020,0.0,Approve,0,0.4765,0.8913
LN-HM-05021,0.6859,Reject,0,0.8761,0.8874
LN-HM-05022,0.5044,Reject,0,0.5098,0.0
LN-HM-05023,0.0041,Approve,0,0.2143,0.0
LN-HM-05024,0.772,Reject,1,0.6371,0.8785
LN-HM-05025,0.3034,Reject,1,0.592,0.9235
LN-HM-05026,0.7135,Reject,1,0.6159,0.9192
LN-HM-05027,1.0,Reject,1,0.7981,0.9083
LN-HM-05028,0.6927,Reject,1,0.5137,0.8807
LN-HM-05029,0.0,Approve,0,0.4613,0.7422
LN-HM-05030,0.7524,Reject,1,0.5317,0.8861
LN-HM-05031,0.5967,Reject,0,0.404,0.0
LN-HM-05032,0.6718,Reject,0,0.7503,0.84
LN-HM-05033,0.5142,Reject,1,0.8097,0.7778
LN-HM-05034,0.6345,Reject,0,0.7241,0.867
LN-HM-05035,0.5418,Reject,1,0.6868,0.7599
LN-HM-05036,0.6741,Reject,0,0.7547,0.8848
LN-HM-05037,1.0,Reject,1,0.6647,0.8614
LN-HM-05038,0.1985,Reject,0,0.5772,0.7624
LN-HM-05039,0.5775,Reject,0,0.6505,0.6995
LN-HM-05040,0.1041,Approve,0,0.4663,0.0
LN-HM-05041,0.6819,Reject,0,1.2879,0.0
LN-HM-05042,0.5869,Reject,0,1.0636,0.8358
LN-HM-05043,0.7453,Reject,1,0.574,0.9496
LN-HM-05044,0.7231,Reject,0,0.6544,0.9493
LN-HM-05045,0.4815,Reject,0,0.8868,0.7538
LN-HM-05046,1.0,Reject,1,0.8776,0.8171
LN-HM-05047,0.18,Approve,1,0.4119,0.8507
LN-HM-05048,0.2567,Review,0,0.5396,0.8
LN-HM-05049,0.59,Reject,1,0.6522,0.6776
LN-HM-05050,0.59,Reject,1,0.7928,0.9222
LN-HM-05051,0.0,Approve,0,0.4641,0.6923
LN-HM-05052,0.8144,Reject,0,0.6829,0.0
LN-HM-05053,0.6462,Reject,1,0.5468,0.8173
LN-HM-05054,0.3269,Reject,0,0.633,0.0
LN-HM-05055,0.4039,Reject,0,0.3644,0.0
LN-HM-05056,0.3599,Review,0,0.4652,0.8009
LN-HM-05057,0.0,Approve,0,0.3981,0.0
LN-HM-05058,0.0544,Approve,0,0.4209,0.0
LN-HM-05059,0.212,Review,0,0.3943,0.8312
LN-HM-05060,0.445,Reject,0,0.4765,0.0
LN-HM-05061,0.3437,Review,0,0.5468,0.6791
LN-HM-05062,0.4941,Reject,0,0.5641,0.8046
LN-HM-05063,0.7219,Reject,1,0.8026,0.9184
LN-HM-05064,0.4616,Reject,0,0.6487,0.7495
LN-HM-05065,0.3211,Reject,0,0.5917,0.6898
LN-HM-05066,0.2109,Review,0,0.5371,0.0
LN-HM-05067,0.3663,Reject,0,0.8126,0.6531
LN-HM-05068,0.9422,Reject,1,0.8822,0.8489
LN-HM-05069,0.563,Reject,0,0.7254,0.7725
LN-HM-05070,0.6195,Reject,1,0.7753,0.0
LN-HM-05071,0.2606,Review,0,0.248,0.0
LN-HM-05072,0.0,Approve,0,0.317,0.0
LN-HM-05073,0.0,Approve,0,0.3745,0.0
LN-HM-05074,0.4745,Reject,0,0.5919,0.7286
LN-HM-05075,1.0,Reject,1,0.6575,0.94
LN-HM-05076,0.4117,Reject,0,0.7092,0.0
LN-HM-05077,0.7788,Reject,1,0.739,0.7149
LN-HM-05078,0.9786,Reject,1,0.9035,0.9445
LN-HM-05079,0.2278,Reject,0,0.6064,0.7286
LN-HM-05080,0.5006,Reject,1,0.6726,0.6786
LN-HM-05081,0.0657,Approve,0,0.4969,0.8119
LN-HM-05082,0.4849,Reject,1,0.695,0.7928
LN-HM-05083,0.0,Approve,0,0.4561,0.8684
LN-HM-05084,0.4413,Reject,0,0.6807,0.6727
LN-HM-05085,0.3461,Reject,1,0.6033,0.7846
LN-HM-05086,0.0579,Approve,0,0.4638,0.0
LN-HM-05087,0.2236,Reject,0,0.6013,0.7268
LN-HM-05088,0.3822,Review,1,0.4458,0.9333
LN-HM-05089,0.3994,Review,0,0.5062,0.8553
LN-HM-05090,0.2678,Reject,0,0.6196,0.0
LN-HM-05091,0.2098,Review,1,0.4132,0.0
LN-HM-05092,0.7759,Reject,1,1.101,0.6845
LN-HM-05093,0.5141,Reject,1,0.8993,0.9358
LN-HM-05094,0.2812,Reject,0,0.5939,0.6569
LN-HM-05095,0.7421,Reject,1,0.7796,0.8196
LN-HM-05096,0.6391,Reject,1,1.2345,0.0
LN-HM-05097,0.3521,Reject,0,0.5636,0.0
LN-HM-05098,0.7161,Reject,1,0.8171,0.7753
LN-HM-05099,0.4439,Reject,1,0.7839,0.774
LN-HM-05100,0.917,Reject,1,0.7489,0.8396
LN-HM-05101,0.2437,Reject,1,0.5826,0.7113
LN-HM-05102,0.4196,Reject,1,0.7346,0.6674
LN-HM-05103,0.4147,Reject,0,0.7478,0.8302
LN-HM-05104,0.0411,Approve,0,0.3939,0.0
LN-HM-05105,0.429,Reject,0,0.6616,0.7797
LN-HM-05106,0.0,Approve,0,0.4396,0.7914
LN-HM-05107,0.6581,Reject,1,0.9038,0.6897
LN-HM-05108,0.3303,Review,0,0.4761,0.8824
LN-HM-05109,0.4157,Reject,0,0.5101,0.9327
LN-HM-05110,0.1994,Review,0,0.5371,0.0
LN-HM-05111,0.5444,Reject,0,0.5262,0.0
LN-HM-05112,0.3205,Reject,1,0.5656,0.0
LN-HM-05113,0.3617,Reject,0,1.0492,0.6578
LN-HM-05114,0.5573,Reject,0,0.7779,0.6513
LN-HM-05115,0.1738,Approve,0,0.4501,0.0
LN-HM-05116,1.0,Reject,1,0.9929,0.855
LN-HM-05117,0.0889,Approve,0,0.2947,0.6719
LN-HM-05118,0.4297,Reject,0,0.6407,0.9061
LN-HM-05119,0.705,Reject,1,0.8512,0.85
LN-HM-05120,0.0038,Approve,0,0.2791,0.0
LN-HM-05121,0.024,Approve,0,0.3683,0.0
LN-HM-05122,0.5158,Reject,0,0.618,0.8179
LN-HM-05123,0.4001,Reject,0,1.0493,0.701
LN-HM-05124,0.0,Approve,0,0.2326,0.0
LN-HM-05125,0.4997,Reject,1,0.5848,0.8029
LN-HM-05126,0.2642,Reject,0,0.6089,0.94
LN-HM-05127,0.0323,Approve,0,0.1647,0.0
LN-HM-05128,0.1487,Approve,0,0.1573,0.0
LN-HM-05129,0.6882,Reject,0,0.7796,0.8606
LN-HM-05130,0.4024,Reject,0,0.8773,0.7596
LN-HM-05131,1.0,Reject,1,0.5209,0.9259
LN-HM-05132,0.4019,Reject,0,1.3705,0.0
LN-HM-05133,0.6258,Reject,1,0.948,0.8274
LN-HM-05134,0.4695,Reject,1,0.9352,0.7421
LN-HM-05135,0.0,Approve,0,0.388,0.0
LN-HM-05136,0.4411,Reject,1,0.4827,0.7431
LN-HM-05137,0.5072,Reject,1,0.6396,0.7484
LN-HM-05138,0.5089,Reject,0,0.7054,0.7256
LN-HM-05139,0.976,Reject,1,0.7915,0.8983
LN-HM-05140,0.2909,Review,0,0.3225,0.8669
LN-HM-05141,0.513,Reject,1,0.8152,0.0
LN-HM-05142,0.7184,Reject,1,0.68,0.0
LN-HM-05143,0.6548,Reject,1,0.8487,0.6719
LN-HM-05144,0.0,Approve,0,0.4108,0.0
LN-HM-05145,0.2385,Review,0,0.4948,0.0
LN-HM-05146,0.0,Approve,0,0.3286,0.6957
LN-HM-05147,0.0275,Approve,0,0.2499,0.0
LN-HM-05148,0.4359,Reject,1,0.8303,0.7569
LN-HM-05149,0.4658,Reject,0,0.9254,0.7146
LN-HM-05150,0.0707,Approve,1,0.3297,0.8916
LN-HM-05151,0.4568,Reject,1,0.5286,0.8262
LN-HM-05152,0.4159,Reject,0,0.6474,0.0
LN-HM-05153,0.6587,Reject,0,0.7664,0.6553
LN-HM-05154,0.5446,Reject,0,0.9824,0.0
LN-HM-05155,0.7414,Reject,1,0.7033,0.0
LN-HM-05156,0.2443,Review,0,0.4282,0.8741
LN-HM-05157,1.0,Reject,1,0.7019,0.8507
LN-HM-05158,0.2174,Review,1,0.501,0.0
LN-HM-05159,0.3382,Review,1,0.5316,0.6636
LN-HM-05160,0.4533,Reject,0,0.9644,0.0
LN-HM-05161,0.5466,Reject,1,0.7335,0.8
LN-HM-05162,0.038,Approve,0,0.4622,0.7222
LN-HM-05163,0.425,Reject,1,1.3069,0.0
LN-HM-05164,0.4949,Reject,1,0.9375,0.7972
LN-HM-05165,0.4488,Reject,0,0.7247,0.0
LN-HM-05166,0.6536,Reject,1,0.5487,0.8968
LN-HM-05167,0.0793,Approve,0,0.461,0.876
LN-HM-05168,0.4311,Reject,1,1.1648,0.0
LN-HM-05169,0.0621,Approve,0,0.3897,0.8031
LN-HM-05170,0.084,Approve,0,0.3617,0.0
LN-HM-05171,0.7667,Reject,1,0.6139,0.9375
LN-HM-05172,0.8955,Reject,1,0.5582,0.8857
LN-HM-05173,0.9445,Reject,0,0.8,0.9502
LN-HM-05174,0.2407,Review,0,0.4295,0.0
LN-HM-05175,0.9653,Reject,1,0.5547,0.8532
LN-HM-05176,0.0,Approve,0,0.4502,0.7979
LN-HM-05177,0.1799,Approve,0,0.4115,0.6902
LN-HM-05178,0.3049,Reject,0,0.6277,0.7378
LN-HM-05179,0.3006,Review,0,0.3618,0.0
LN-HM-05180,0.0,Approve,0,0.2557,0.0
LN-HM-05181,0.7103,Reject,1,0.562,0.9292
LN-HM-05182,0.4048,Reject,1,1.4301,0.0
LN-HM-05183,0.2303,Review,0,0.3638,0.0
LN-HM-05184,0.751,Reject,1,0.5703,0.8011
LN-HM-05185,0.1534,Approve,0,0.388,0.0
LN-HM-05186,0.5229,Reject,1,0.5897,0.0
LN-HM-05187,0.3277,Review,1,0.5169,0.6613
LN-HM-05188,0.0,Approve,0,0.3409,0.0
LN-HM-05189,0.4104,Reject,1,0.7678,0.6634
LN-HM-05190,0.3714,Reject,1,0.6431,0.7633
LN-HM-05191,0.2674,Review,0,0.5364,0.7584
LN-HM-05192,0.213,Reject,0,0.6475,0.6718
LN-HM-05193,0.7927,Reject,1,0.6795,0.8163
LN-HM-05194,0.3663,Reject,0,0.824,0.7464
LN-HM-05195,0.0,Approve,0,0.498,0.7738
LN-HM-05196,0.7523,Reject,0,0.6056,0.0
LN-HM-05197,0.4256,Reject,0,0.6019,0.8919
LN-HM-05198,0.0,Approve,0,0.4577,0.7067
LN-HM-05199,0.4925,Reject,1,0.5918,0.8385
LN-HM-05200,0.7935,Reject,1,0.5507,0.0
LN-HM-05201,0.1133,Approve,0,0.4773,0.735
LN-HM-05202,0.994,Reject,1,0.7159,0.8884
LN-HM-05203,0.7134,Reject,1,0.7299,0.9471
LN-HM-05204,0.5007,Reject,0,0.5913,0.0
LN-HM-05205,0.7956,Reject,1,0.6688,0.8259
LN-HM-05206,0.4724,Reject,0,0.9789,0.7096
LN-HM-05207,0.488,Reject,0,0.4939,0.9005
LN-HM-05208,0.366,Reject,0,0.6034,0.7484
LN-HM-05209,0.4398,Reject,1,0.734,0.0
LN-HM-05210,0.9797,Reject,1,0.6594,0.7023
LN-HM-05211,0.0537,Approve,0,0.4551,0.0
LN-HM-05212,0.7304,Reject,1,0.654,0.8085
LN-HM-05213,0.2352,Review,0,0.4568,0.7602
LN-HM-05214,0.2924,Reject,0,0.6215,0.7514
LN-HM-05215,0.2001,Review,0,0.2906,0.0
LN-HM-05216,0.6497,Reject,1,0.8949,0.6904
LN-HM-05217,0.539,Reject,0,0.5401,0.8053
LN-HM-05218,0.7064,Reject,1,0.6485,0.9412
LN-HM-05219,0.5304,Reject,0,0.9393,0.7486
LN-HM-05220,0.6775,Reject,1,0.887,0.0
LN-HM-05221,0.5502,Reject,0,0.5483,0.8209
LN-HM-05222,0.3738,Review,0,0.5457,0.0
LN-HM-05223,0.492,Reject,0,0.9143,0.6911
LN-HM-05224,0.5753,Reject,0,0.5988,0.6737
LN-HM-05225,0.2892,Review,0,0.5348,0.0
LN-HM-05226,0.0,Approve,0,0.4541,0.6779
LN-HM-05227,0.4833,Reject,1,0.5534,0.8458
LN-HM-05228,0.4856,Reject,0,0.6527,0.6891
LN-HM-05229,0.3537,Reject,1,0.5937,0.0
LN-HM-05230,0.2447,Review,0,0.5124,0.0
LN-HM-05231,0.1947,Approve,1,0.4094,0.0
LN-HM-05232,0.4618,Reject,0,0.747,0.0
LN-HM-05233,0.554,Reject,0,0.575,0.7597
LN-HM-05234,0.6774,Reject,1,0.7494,0.0
LN-HM-05235,0.5754,Reject,0,0.7161,0.0
LN-HM-05236,0.4814,Reject,0,0.5699,0.8098
LN-HM-05237,0.4425,Reject,0,0.6974,0.7167
LN-HM-05238,0.054,Approve,0,0.4609,0.0
LN-HM-05239,0.5612,Reject,0,0.5207,0.8954
LN-HM-05240,0.5637,Reject,1,0.5957,0.9284
LN-HM-05241,0.0093,Approve,0,0.302,0.9398
LN-HM-05242,0.1547,Approve,0,0.3754,0.9444
LN-HM-05243,0.687,Reject,1,0.6581,0.8982
LN-HM-05244,0.0,Approve,0,0.4801,0.0
LN-HM-05245,0.596,Reject,0,0.8757,0.8038
LN-HM-05246,0.4829,Reject,0,0.8025,0.6713
LN-HM-05247,0.4714,Reject,0,0.7527,0.7778
LN-HM-05248,0.4751,Reject,0,0.4645,0.7115
LN-HM-05249,0.6976,Reject,0,1.0405,0.6912
LN-HM-05250,0.2514,Reject,0,0.6078,0.0
LN-HM-05251,0.7647,Reject,1,0.6539,0.9171
LN-HM-05252,0.3633,Reject,0,0.8963,0.7989
LN-HM-05253,0.2228,Review,0,0.465,0.0
LN-HM-05254,0.4729,Reject,1,0.6524,0.7564
LN-HM-05255,0.9993,Reject,1,0.6785,0.0
LN-HM-05256,0.5272,Reject,1,0.7064,0.7637
LN-HM-05257,0.5782,Reject,1,1.2723,0.0
LN-HM-05258,0.6327,Reject,1,0.7193,0.8538
LN-HM-05259,0.9085,Reject,1,0.8021,0.9019
LN-HM-05260,0.7733,Reject,1,0.9596,0.0
LN-HM-05261,0.5463,Reject,1,0.6239,0.8737
LN-HM-05262,0.5285,Reject,0,0.6341,0.8156
LN-HM-05263,0.6589,Reject,1,0.6917,0.8269
LN-HM-05264,0.88,Reject,1,0.769,0.8543
LN-HM-05265,0.7285,Reject,1,0.3773,0.9153
LN-HM-05266,0.0013,Approve,0,0.336,0.6908
LN-HM-05267,0.9588,Reject,1,0.7018,0.875
LN-HM-05268,0.6474,Reject,0,0.6933,0.8094
LN-HM-05269,0.9619,Reject,1,0.7415,0.7685
LN-HM-05270,0.0,Approve,0,0.37,0.0
LN-HM-05271,0.4704,Reject,0,0.7994,0.0
LN-HM-05272,0.9126,Reject,1,1.0923,0.8667
LN-HM-05273,0.2946,Review,0,0.5208,0.7696
LN-HM-05274,0.0268,Approve,0,0.3547,0.6807
LN-HM-05275,0.0,Approve,0,0.3416,0.6636
LN-HM-05276,0.6917,Reject,1,0.8088,0.6728
LN-HM-05277,0.364,Reject,0,0.6666,0.6917
LN-HM-05278,0.3628,Review,0,0.5449,0.7826
LN-HM-05279,0.0716,Approve,0,0.4941,0.7101
LN-HM-05280,0.5939,Reject,1,1.5201,0.0
LN-HM-05281,0.5385,Reject,0,0.8992,0.6587
LN-HM-05282,0.7351,Reject,1,0.7713,0.9237
LN-HM-05283,0.5754,Reject,0,0.6671,0.0
LN-HM-05284,0.2155,Reject,0,0.598,0.8158
LN-HM-05285,0.5376,Reject,0,0.8885,0.7238
LN-HM-05286,0.4637,Reject,1,0.7047,0.0
LN-HM-05287,0.7724,Reject,1,0.6511,0.8008
LN-HM-05288,0.7507,Reject,1,0.6573,0.754
LN-HM-05289,0.3507,Review,0,0.5144,0.7413
LN-HM-05290,0.4779,Reject,0,1.1153,0.7355
LN-HM-05291,0.3112,Reject,0,0.5575,0.8214
LN-HM-05292,0.0,Approve,0,0.4311,0.79
LN-HM-05293,0.1257,Approve,1,0.4332,0.8213
LN-HM-05294,0.1733,Approve,0,0.2603,0.0
LN-HM-05295,0.513,Reject,0,0.4034,0.8911
LN-HM-05296,0.2547,Reject,0,0.5675,0.0
LN-HM-05297,0.5458,Reject,1,0.6833,0.0
LN-HM-05298,0.5604,Reject,1,0.8581,0.7872
LN-HM-05299,0.4251,Reject,1,0.7911,0.7439
LN-HM-05300,0.733,Reject,1,0.5334,0.8479
LN-HM-05301,0.2881,Review,0,0.5316,0.8103
LN-HM-05302,0.4692,Reject,0,0.5152,0.9128
LN-HM-05303,0.4678,Reject,0,0.5103,0.7386
LN-HM-05304,0.0,Approve,0,0.4922,0.0
LN-HM-05305,0.1754,Approve,0,0.4041,0.8483
LN-HM-05306,0.1198,Approve,0,0.4249,0.8131
LN-HM-05307,0.3957,Reject,1,0.8227,0.8631
LN-HM-05308,0.7505,Reject,1,0.6322,0.8611
LN-HM-05309,0.4031,Reject,0,0.5814,0.0
LN-HM-05310,0.3579,Reject,1,0.619,0.8311
LN-HM-05311,0.4729,Reject,0,0.6952,0.0
LN-HM-05312,1.0,Reject,1,0.7557,0.8651
LN-HM-05313,0.3832,Reject,0,0.9631,0.0
LN-HM-05314,0.0,Approve,0,0.2793,0.7955
LN-HM-05315,0.9684,Reject,1,0.7141,0.9086
LN-HM-05316,0.6632,Reject,0,0.6916,0.8912
LN-HM-05317,0.4954,Reject,0,1.2992,0.0
LN-HM-05318,0.8773,Reject,1,0.6585,0.8048
LN-HM-05319,0.5312,Reject,0,0.8407,0.669
LN-HM-05320,0.4277,Reject,1,0.4444,0.8955
LN-HM-05321,0.7745,Reject,1,0.7993,0.0
LN-HM-05322,0.767,Reject,1,1.0169,0.0
LN-HM-05323,0.4673,Reject,0,0.6075,0.6909
LN-HM-05324,1.0,Reject,1,0.7227,0.8952
LN-HM-05325,0.3943,Reject,0,0.434,0.0
LN-HM-05326,0.9746,Reject,1,0.7051,0.6849
LN-HM-05327,0.3513,Reject,0,0.6141,0.7484
LN-HM-05328,0.313,Reject,0,0.5615,0.0
LN-HM-05329,0.2396,Review,0,0.5478,0.7837
LN-HM-05330,0.3598,Reject,1,0.6984,0.7639
LN-HM-05331,0.5838,Reject,0,0.54,0.7424
LN-HM-05332,0.0166,Approve,0,0.49,0.8802
LN-HM-05333,0.0134,Approve,0,0.3818,0.0
LN-HM-05334,0.4022,Reject,1,0.7118,0.7006
LN-HM-05335,0.0283,Approve,0,0.3688,0.7843
LN-HM-05336,0.9402,Reject,1,0.5844,0.8538
LN-HM-05337,0.4817,Reject,1,0.5745,0.7675
LN-HM-05338,0.2529,Reject,0,0.6307,0.7677
LN-HM-05339,0.315,Reject,0,0.606,0.8298
LN-HM-05340,0.2512,Review,0,0.4153,0.0
LN-HM-05341,0.7487,Reject,0,0.7211,0.75
LN-HM-05342,0.6606,Reject,1,0.6745,0.8298
LN-HM-05343,0.4875,Reject,1,0.5939,0.848
LN-HM-05344,0.0,Approve,0,0.2971,0.0
LN-HM-05345,0.4487,Reject,1,0.8359,0.0
LN-HM-05346,0.2844,Reject,0,0.5676,0.7042
LN-HM-05347,0.1391,Approve,0,0.318,0.7403
LN-HM-05348,0.787,Reject,1,0.8692,0.8855
LN-HM-05349,0.453,Reject,1,0.608,0.9006
LN-HM-05350,0.0661,Approve,0,0.3774,0.7632
LN-HM-05351,0.4957,Reject,0,0.9983,0.0
LN-HM-05352,0.6339,Reject,1,1.0617,0.9196
LN-HM-05353,0.2695,Review,0,0.5338,0.7297
LN-HM-05354,0.5069,Reject,0,0.7196,0.6708
LN-HM-05355,0.4528,Reject,0,1.2888,0.0
LN-HM-05356,0.7026,Reject,0,0.7304,0.7906
LN-HM-05357,0.3125,Review,0,0.5075,0.0
LN-HM-05358,0.4828,Reject,0,0.799,0.7256
LN-HM-05359,0.05,Approve,0,0.419,0.84
LN-HM-05360,0.7806,Reject,1,0.5645,0.6901
LN-HM-05361,0.6689,Reject,0,0.8155,0.901
LN-HM-05362,0.7672,Reject,1,0.7503,0.9173
LN-HM-05363,0.9494,Reject,1,0.5184,0.9379
LN-HM-05364,0.1766,Approve,1,0.3639,0.7083
LN-HM-05365,0.4276,Reject,1,0.5746,0.8915
LN-HM-05366,0.7391,Reject,1,0.5915,0.7683
LN-HM-05367,0.4706,Reject,0,1.0153,0.7328
LN-HM-05368,0.6295,Reject,1,0.6831,0.6794
LN-HM-05369,0.1827,Approve,0,0.2515,0.0
LN-HM-05370,0.4219,Reject,1,0.6364,0.7116
LN-HM-05371,0.211,Review,0,0.2098,0.0
LN-HM-05372,0.0,Approve,0,0.4818,0.7005
LN-HM-05373,0.4005,Reject,0,0.4754,0.8636
LN-HM-05374,0.7054,Reject,1,0.8786,0.9253
LN-HM-05375,0.1885,Reject,0,0.6303,0.7462
LN-HM-05376,0.1604,Approve,0,0.493,0.8742
LN-HM-05377,0.5352,Reject,1,0.5419,0.9237
LN-HM-05378,0.7516,Reject,1,0.7848,0.0
LN-HM-05379,0.3666,Reject,1,0.5938,0.8351
LN-HM-05380,0.6707,Reject,1,0.7246,0.0
LN-HM-05381,0.4657,Reject,1,1.1419,0.0
LN-HM-05382,0.2059,Review,0,0.4366,0.0
LN-HM-05383,0.5341,Reject,1,0.5581,0.8019
LN-HM-05384,0.2226,Reject,0,0.6052,0.7871
LN-HM-05385,0.5579,Reject,1,0.6955,0.8443
LN-HM-05386,0.6059,Reject,0,0.6593,0.8927
LN-HM-05387,0.5618,Reject,0,1.5181,0.0
LN-HM-05388,0.7421,Reject,0,0.6562,0.9463
LN-HM-05389,0.636,Reject,0,0.9109,0.0
LN-HM-05390,0.2893,Reject,0,0.5588,0.6972
LN-HM-05391,0.7349,Reject,1,0.6801,0.9191
LN-HM-05392,0.2213,Review,1,0.4815,0.8902
LN-HM-05393,0.6789,Reject,0,0.7505,0.9275
LN-HM-05394,0.5962,Reject,1,0.6847,0.6603
LN-HM-05395,0.6724,Reject,0,0.832,0.8836
LN-HM-05396,1.0,Reject,1,0.6939,0.8869
LN-HM-05397,0.5514,Reject,1,0.9575,0.7372
LN-HM-05398,0.8903,Reject,1,0.5688,0.6704
LN-HM-05399,0.4035,Reject,1,0.6549,0.9308
LN-HM-05400,0.6956,Reject,1,0.7737,0.7652
LN-HM-05401,0.459,Reject,0,0.7871,0.0
LN-HM-05402,0.1403,Approve,0,0.3043,0.0
LN-HM-05403,0.7739,Reject,1,1.0508,0.9476
LN-HM-05404,0.4699,Reject,1,0.6228,0.75
LN-HM-05405,0.9535,Reject,1,0.7039,0.705
LN-HM-05406,0.688,Reject,0,0.5608,0.9134
LN-HM-05407,0.559,Reject,1,0.7911,0.7295
LN-HM-05408,0.4812,Reject,1,0.8385,0.659
LN-HM-05409,0.3664,Reject,0,0.562,0.9355
LN-HM-05410,0.9717,Reject,1,1.1501,0.0
LN-HM-05411,0.498,Reject,1,0.63,0.0
LN-HM-05412,0.8048,Reject,1,0.7707,0.8495
LN-HM-05413,0.9533,Reject,1,0.6773,0.738
LN-HM-05414,0.1859,Review,0,0.5203,0.7736
LN-HM-05415,0.3107,Reject,0,0.5851,0.0
LN-HM-05416,0.3259,Review,0,0.5288,0.8033
LN-HM-05417,0.6576,Reject,0,0.5946,0.8301
LN-HM-05418,0.4628,Reject,0,0.9199,0.7434
LN-HM-05419,0.8946,Reject,1,0.9255,0.0
LN-HM-05420,0.8765,Reject,1,0.9556,0.7705
LN-HM-05421,0.8354,Reject,1,0.6641,0.8558
LN-HM-05422,0.367,Review,0,0.4911,0.896
LN-HM-05423,0.2231,Reject,1,0.6296,0.7319
LN-HM-05424,0.7129,Reject,0,0.6154,0.6547
LN-HM-05425,0.5481,Reject,0,0.7152,0.7479
LN-HM-05426,0.7521,Reject,1,0.7914,0.8977
LN-HM-05427,0.7545,Reject,1,0.6942,0.7841
LN-HM-05428,0.5809,Reject,1,0.8701,0.0
LN-HM-05429,0.0,Approve,0,0.2318,0.6633
LN-HM-05430,0.629,Reject,1,0.7921,0.0
LN-HM-05431,0.206,Reject,0,0.5732,0.7084
LN-HM-05432,0.6663,Reject,0,0.756,0.6723
LN-HM-05433,0.4423,Reject,0,0.5988,0.9244
LN-HM-05434,0.5696,Reject,0,0.8003,0.6946
LN-HM-05435,0.4219,Reject,0,0.4199,0.8605
LN-HM-05436,0.3439,Review,1,0.3333,0.814
LN-HM-05437,0.3406,Review,1,0.421,0.8278
LN-HM-05438,0.5378,Reject,0,0.5479,0.7032
LN-HM-05439,0.343,Reject,0,0.6228,0.7539
LN-HM-05440,0.7556,Reject,1,0.728,0.8053
LN-HM-05441,0.394,Reject,0,0.4736,0.948
LN-HM-05442,0.6721,Reject,1,1.2755,0.0
LN-HM-05443,0.2373,Review,0,0.4856,0.0
LN-HM-05444,0.1468,Approve,0,0.4977,0.688
LN-HM-05445,0.6498,Reject,1,0.6989,0.0
LN-HM-05446,0.7485,Reject,0,0.7408,0.7554
LN-HM-05447,0.5038,Reject,1,0.5904,0.0
LN-HM-05448,0.0,Approve,0,0.4207,0.0
LN-HM-05449,0.3846,Reject,0,0.7638,0.0
LN-HM-05450,0.0,Approve,0,0.4286,0.9451
LN-HM-05451,0.6839,Reject,1,0.8001,0.6566
LN-HM-05452,0.5401,Reject,0,0.896,0.0
LN-HM-05453,0.6751,Reject,1,0.763,0.8902
LN-HM-05454,0.4175,Reject,1,1.2864,0.0
LN-HM-05455,0.6563,Reject,1,0.662,0.6844
LN-HM-05456,0.4098,Reject,1,0.3621,0.0
LN-HM-05457,0.6763,Reject,1,0.5114,0.9088
LN-HM-05458,0.9204,Reject,1,0.8871,0.8834
LN-HM-05459,0.6617,Reject,1,0.6425,0.8235
LN-HM-05460,0.6819,Reject,1,0.684,0.0
LN-HM-05461,0.2568,Review,0,0.5174,0.7754
LN-HM-05462,0.3566,Reject,0,0.868,0.7173
LN-HM-05463,0.0676,Approve,0,0.4283,0.0
LN-HM-05464,0.3616,Reject,0,0.5837,0.7358
LN-HM-05465,0.4297,Reject,1,0.562,0.0
LN-HM-05466,0.2769,Review,0,0.5297,0.9136
LN-HM-05467,0.7215,Reject,1,0.8111,0.6713
LN-HM-05468,0.3252,Reject,1,0.5834,0.8366
LN-HM-05469,0.1691,Approve,0,0.3624,0.0
LN-HM-05470,0.631,Reject,1,0.6922,0.8243
LN-HM-05471,0.0,Approve,0,0.3332,0.7069
LN-HM-05472,0.381,Review,1,0.5237,0.8818
LN-HM-05473,0.797,Reject,0,0.6585,0.7381
LN-HM-05474,0.2179,Reject,0,0.6478,0.7143
LN-HM-05475,0.3914,Reject,1,0.6508,0.7294
LN-HM-05476,0.0,Approve,0,0.4193,0.0
LN-HM-05477,0.54,Reject,0,0.7109,0.7
LN-HM-05478,0.0217,Approve,0,0.4178,0.0
LN-HM-05479,0.2877,Reject,0,0.6369,0.0
LN-HM-05480,0.7536,Reject,1,0.8923,0.8767
LN-HM-05481,0.2615,Review,0,0.521,0.6965
LN-HM-05482,0.0681,Approve,0,0.4298,0.0
LN-HM-05483,0.0,Approve,0,0.3059,0.942
LN-HM-05484,0.0,Approve,0,0.3256,0.8027
LN-HM-05485,0.4247,Reject,1,0.7535,0.7564
LN-HM-05486,0.1588,Reject,0,0.5925,0.0
LN-HM-05487,0.6651,Reject,0,0.7443,0.7945
LN-HM-05488,0.703,Reject,0,0.8111,0.0
LN-HM-05489,0.0,Approve,0,0.4872,0.711
LN-HM-05490,0.3749,Reject,1,0.5666,0.6786
LN-HM-05491,0.4793,Reject,0,0.5148,0.0
LN-HM-05492,0.9882,Reject,1,0.656,0.7625
LN-HM-05493,0.2883,Review,1,0.5335,0.7143
LN-HM-05494,0.6947,Reject,1,0.7112,0.9238
LN-HM-05495,0.1636,Reject,0,0.6093,0.7108
LN-HM-05496,1.0,Reject,1,0.82,0.8412
LN-HM-05497,0.0,Approve,0,0.349,0.784
LN-HM-05498,0.9372,Reject,1,0.8223,0.9202
LN-HM-05499,0.5283,Reject,1,0.6841,0.7742
LN-HM-05500,0.4629,Reject,0,0.56,0.0
LN-HM-05501,0.3769,Reject,0,0.6502,0.7371
LN-HM-05502,0.6987,Reject,1,0.7462,0.6801
LN-HM-05503,0.1061,Approve,0,0.4368,0.8346
LN-HM-05504,0.5642,Reject,1,0.6634,0.8979
LN-HM-05505,0.3144,Reject,0,0.6285,0.7637
LN-HM-05506,0.0137,Approve,0,0.235,0.0
LN-HM-05507,0.559,Reject,1,0.6711,0.0
LN-HM-05508,0.1921,Approve,0,0.3161,0.7117
LN-HM-05509,0.5154,Reject,1,0.5341,0.8734
LN-HM-05510,0.4731,Reject,1,0.409,0.8333
LN-HM-05511,0.751,Reject,1,1.0777,0.9038
LN-HM-05512,0.2193,Reject,0,0.5784,0.6771
LN-HM-05513,0.1974,Approve,0,0.4985,0.9139
LN-HM-05514,0.7922,Reject,1,0.8127,0.8475
LN-HM-05515,0.9393,Reject,1,0.6998,0.9077
LN-HM-05516,0.9302,Reject,1,0.7436,0.8049
LN-HM-05517,0.1434,Approve,0,0.494,0.7215
LN-HM-05518,0.2934,Review,1,0.5236,0.807
LN-HM-05519,0.436,Reject,1,0.5482,0.8081
LN-HM-05520,0.8888,Reject,1,0.7488,0.7165
LN-HM-05521,0.6625,Reject,1,0.8221,0.0
LN-HM-05522,0.3046,Reject,0,0.5852,0.7917
LN-HM-05523,0.6621,Reject,1,0.7647,0.8246
LN-HM-05524,0.0076,Approve,0,0.3125,0.8938
LN-HM-05525,0.3323,Review,1,0.4184,0.87
LN-HM-05526,0.1288,Approve,0,0.4467,0.9055
LN-HM-05527,0.4418,Reject,1,0.6771,0.7657
LN-HM-05528,0.1812,Approve,0,0.4861,0.0
LN-HM-05529,0.4173,Reject,1,0.818,0.0
LN-HM-05530,0.255,Reject,1,0.6119,0.7422
LN-HM-05531,0.0,Approve,0,0.4075,0.0
LN-HM-05532,0.4265,Reject,1,0.3392,0.9156
LN-HM-05533,0.3888,Reject,1,0.6243,0.7714
LN-HM-05534,0.8182,Reject,1,0.5651,0.813
LN-HM-05535,0.2668,Reject,0,0.6185,0.7075
LN-HM-05536,0.494,Reject,1,0.7716,0.7976
LN-HM-05537,0.8662,Reject,1,0.7109,0.7807
LN-HM-05538,0.656,Reject,0,0.8445,0.8566
LN-HM-05539,0.473,Reject,0,0.6096,0.8934
LN-HM-05540,0.5334,Reject,1,0.847,0.7028
LN-HM-05541,0.1633,Approve,0,0.4792,0.6667
LN-HM-05542,0.0,Approve,0,0.4463,0.0
LN-HM-05543,0.5274,Reject,0,0.6737,0.0
LN-HM-05544,0.6554,Reject,0,0.5595,0.8137
LN-HM-05545,0.4304,Reject,0,0.5461,0.8957
LN-HM-05546,0.6182,Reject,1,0.9409,0.8844
LN-HM-05547,0.7309,Reject,1,0.7715,0.0
LN-HM-05548,0.057,Approve,0,0.4981,0.0
LN-HM-05549,0.6535,Reject,1,0.7868,0.0
LN-HM-05550,0.4298,Reject,0,0.6706,0.7135
LN-HM-05551,0.457,Reject,1,0.5942,0.868
LN-HM-05552,0.4974,Reject,1,0.7311,0.7216
LN-HM-05553,0.6469,Reject,1,1.152,0.8364
LN-HM-05554,0.3866,Review,0,0.5027,0.7896
LN-HM-05555,0.4863,Reject,0,0.464,0.711
LN-HM-05556,0.3151,Reject,1,0.5671,0.6556
LN-HM-05557,0.2919,Review,1,0.5494,0.0
LN-HM-05558,0.0,Approve,0,0.3455,0.0
LN-HM-05559,0.4892,Reject,1,0.6118,0.8811
LN-HM-05560,0.2861,Review,0,0.5247,0.7479
LN-HM-05561,0.2389,Review,0,0.3929,0.0
LN-HM-05562,0.1813,Approve,0,0.4632,0.6986
LN-HM-05563,0.4858,Reject,0,0.7054,0.0
LN-HM-05564,0.3757,Reject,1,0.8317,0.7836
LN-HM-05565,0.497,Reject,0,0.8951,0.8
LN-HM-05566,0.5638,Reject,1,0.512,0.0
LN-HM-05567,0.4996,Reject,0,0.6665,0.7302
LN-HM-05568,0.0,Approve,0,0.4384,0.7842
LN-HM-05569,0.4943,Reject,1,0.4467,0.6883
LN-HM-05570,0.2198,Reject,0,0.578,0.0
LN-HM-05571,0.0,Approve,0,0.4637,0.0
LN-HM-05572,0.6053,Reject,1,0.7935,0.6652
LN-HM-05573,0.5167,Reject,1,0.3228,0.6621
LN-HM-05574,0.2682,Review,0,0.5007,0.0
LN-HM-05575,0.9916,Reject,1,0.5526,0.856
LN-HM-05576,0.7564,Reject,1,0.7442,0.9231
LN-HM-05577,0.0,Approve,0,0.3723,0.0
LN-HM-05578,0.3996,Review,0,0.5071,0.7098
LN-HM-05579,0.0653,Approve,0,0.3755,0.0
LN-HM-05580,0.2089,Review,1,0.4009,0.9524
LN-HM-05581,0.2213,Reject,0,0.5781,0.8158
LN-HM-05582,0.3662,Reject,0,0.5987,0.691
LN-HM-05583,0.5968,Reject,0,0.6936,0.7706
LN-HM-05584,0.6693,Reject,1,0.739,0.6667
LN-HM-05585,0.6774,Reject,1,0.5303,0.8405
LN-HM-05586,0.5593,Reject,0,0.8959,0.7771
LN-HM-05587,0.4219,Reject,0,0.8836,0.6702
LN-HM-05588,0.8107,Reject,1,0.6371,0.7136
LN-HM-05589,0.4738,Reject,0,0.7061,0.7225
LN-HM-05590,0.6753,Reject,0,0.6273,0.8184
LN-HM-05591,0.7264,Reject,1,0.7432,0.9398
LN-HM-05592,0.6956,Reject,1,0.506,0.9357
LN-HM-05593,0.0864,Approve,0,0.3549,0.8443
LN-HM-05594,0.5469,Reject,0,0.6356,0.7194
LN-HM-05595,0.4055,Reject,1,0.8201,0.0
LN-HM-05596,0.3642,Reject,0,0.569,0.9512
LN-HM-05597,0.2462,Review,1,0.3507,0.8312
LN-HM-05598,0.0171,Approve,0,0.2824,0.0
LN-HM-05599,0.2092,Reject,0,0.6374,0.6936
LN-HM-05600,0.0,Approve,0,0.1347,0.0
LN-HM-05601,0.4388,Reject,0,0.7094,0.7216
LN-HM-05602,0.4724,Reject,0,0.912,0.7027
LN-HM-05603,0.646,Reject,1,0.6937,0.7172
LN-HM-05604,0.0149,Approve,0,0.4442,0.7266
LN-HM-05605,0.3412,Reject,1,0.6745,0.7935
LN-HM-05606,0.4083,Reject,0,0.7491,0.6713
LN-HM-05607,0.4725,Reject,1,0.6252,0.8046
LN-HM-05608,0.2852,Reject,0,0.5684,0.6975
LN-HM-05609,0.1729,Approve,0,0.434,0.8579
LN-HM-05610,0.0,Approve,0,0.4094,0.6605
LN-HM-05611,0.2554,Review,0,0.4141,0.0
LN-HM-05612,0.2393,Reject,0,0.6432,0.0
LN-HM-05613,0.3029,Review,0,0.5135,0.9271
LN-HM-05614,0.603,Reject,1,0.8675,0.9322
LN-HM-05615,0.4524,Reject,0,0.7464,0.9265
LN-HM-05616,0.517,Reject,0,0.3774,0.78
LN-HM-05617,0.801,Reject,1,0.8129,0.8798
LN-HM-05618,0.0978,Approve,0,0.4722,0.8824
LN-HM-05619,0.2275,Review,0,0.512,0.7722
LN-HM-05620,0.4262,Reject,0,0.6006,0.8753
LN-HM-05621,0.4304,Reject,1,0.7833,0.7485
LN-HM-05622,0.4885,Reject,0,0.8818,0.0
LN-HM-05623,0.227,Review,0,0.4825,0.0
LN-HM-05624,0.6496,Reject,1,0.7076,0.7162
LN-HM-05625,0.2321,Reject,0,0.6141,0.0
LN-HM-05626,0.24,Review,0,0.1729,0.0
LN-HM-05627,0.8573,Reject,1,1.0333,0.8828
LN-HM-05628,0.5637,Reject,0,0.8874,0.737
LN-HM-05629,0.2832,Reject,0,0.5807,0.0
LN-HM-05630,0.2381,Review,0,0.4786,0.0
LN-HM-05631,0.711,Reject,0,0.8618,0.9104
LN-HM-05632,0.4586,Reject,0,0.5843,0.9101
LN-HM-05633,0.381,Reject,0,0.991,0.0
LN-HM-05634,0.3622,Reject,0,0.7266,0.7663
LN-HM-05635,0.3148,Reject,1,0.5522,0.7583
LN-HM-05636,0.2039,Review,0,0.3832,0.8975
LN-HM-05637,0.0,Approve,0,0.4383,0.0
LN-HM-05638,0.7014,Reject,0,0.6398,0.9144
LN-HM-05639,0.7374,Reject,1,0.8537,0.0
LN-HM-05640,0.5531,Reject,1,0.7052,0.7125
LN-HM-05641,0.442,Reject,1,0.5865,0.7929
LN-HM-05642,0.0,Approve,0,0.4477,0.0
LN-HM-05643,0.2474,Reject,0,0.6177,0.7547
LN-HM-05644,0.3088,Reject,1,0.6401,0.0
LN-HM-05645,0.6687,Reject,1,0.703,0.0
LN-HM-05646,0.7485,Reject,1,0.7726,0.6751
LN-HM-05647,0.7054,Reject,1,0.6532,0.9314
LN-HM-05648,0.1711,Reject,0,0.5777,0.6741
LN-HM-05649,0.2142,Review,0,0.5244,0.6949
LN-HM-05650,0.591,Reject,0,1.668,0.0
LN-HM-05651,0.5193,Reject,1,0.7375,0.9
LN-HM-05652,0.2973,Review,0,0.513,0.7724
LN-HM-05653,0.3872,Reject,1,0.5948,0.8006
LN-HM-05654,0.5858,Reject,0,0.6635,0.6578
LN-HM-05655,0.186,Approve,1,0.447,0.0
LN-HM-05656,0.4786,Reject,1,0.8101,0.7908
LN-HM-05657,0.8412,Reject,1,0.7224,0.6715
LN-HM-05658,0.2195,Reject,0,0.6295,0.8252
LN-HM-05659,0.3988,Reject,1,0.5934,0.6768
LN-HM-05660,0.1963,Approve,0,0.4423,0.0
LN-HM-05661,0.2939,Reject,1,0.5932,0.7343
LN-HM-05662,0.5932,Reject,0,0.6193,0.0
LN-HM-05663,0.2513,Reject,0,0.5793,0.0
LN-HM-05664,0.537,Reject,1,0.5846,0.9163
LN-HM-05665,0.0,Approve,0,0.4901,0.7363
LN-HM-05666,0.5442,Reject,1,0.6685,0.7093
LN-HM-05667,0.7617,Reject,1,0.5591,0.0
LN-HM-05668,0.0403,Approve,0,0.4745,0.8846
LN-HM-05669,0.4168,Reject,1,0.3503,0.0
LN-HM-05670,0.6918,Reject,0,0.4501,0.9242
LN-HM-05671,0.0,Approve,0,0.3812,0.6552
LN-HM-05672,0.0,Approve,0,0.4614,0.7393
LN-HM-05673,0.0,Approve,0,0.4865,0.8
LN-HM-05674,0.1463,Approve,0,0.4429,0.0
LN-HM-05675,0.7018,Reject,0,0.7022,0.8017
LN-HM-05676,0.0,Approve,0,0.495,0.0
LN-HM-05677,0.0,Approve,0,0.176,0.0
LN-HM-05678,0.4973,Reject,1,0.5338,0.8969
LN-HM-05679,0.6409,Reject,1,0.4089,0.8359
LN-HM-05680,0.4587,Reject,1,0.6827,0.8962
LN-HM-05681,0.0,Approve,0,0.4039,0.6545
LN-HM-05682,0.7249,Reject,1,0.7024,0.7535
LN-HM-05683,0.4902,Reject,1,0.5848,0.8989
LN-HM-05684,0.0,Approve,0,0.2701,0.7011
LN-HM-05685,0.841,Reject,1,0.7502,0.8882
LN-HM-05686,0.519,Reject,0,0.5362,0.0
LN-HM-05687,0.5168,Reject,1,1.132,0.0
LN-HM-05688,0.968,Reject,1,0.8582,0.7784
LN-HM-05689,0.4017,Reject,1,0.9596,0.6727
LN-HM-05690,0.3833,Reject,1,0.7287,0.6647
LN-HM-05691,0.2486,Review,0,0.5071,0.7774
LN-HM-05692,0.4016,Reject,1,0.2987,0.7111
LN-HM-05693,0.5335,Reject,1,0.6202,0.8075
LN-HM-05694,0.5865,Reject,1,0.3571,0.8657
LN-HM-05695,0.7792,Reject,0,0.6502,0.0
LN-HM-05696,0.0651,Approve,0,0.4673,0.6591
LN-HM-05697,0.2662,Reject,0,0.625,0.0
LN-HM-05698,0.4767,Reject,1,0.7765,0.6927
LN-HM-05699,0.0204,Approve,0,0.4999,0.8222
LN-HM-05700,0.2686,Review,0,0.3736,0.0
LN-HM-05701,0.8469,Reject,1,0.595,0.8322
LN-HM-05702,0.6128,Reject,1,0.8039,0.7951
LN-HM-05703,0.3104,Review,0,0.5383,0.6536
LN-HM-05704,0.0,Approve,0,0.4997,0.7019
LN-HM-05705,0.0595,Approve,0,0.2574,0.7377
LN-HM-05706,0.4668,Reject,0,0.7826,0.8871
LN-HM-05707,0.0732,Approve,0,0.3851,0.9184
LN-HM-05708,0.4952,Reject,0,0.6747,0.0
LN-HM-05709,0.6949,Reject,1,0.719,0.8449
LN-HM-05710,0.6002,Reject,1,0.8859,0.8689
LN-HM-05711,0.4679,Reject,1,0.7332,0.9326
LN-HM-05712,0.8364,Reject,1,1.0092,0.8197
LN-HM-05713,0.1257,Approve,0,0.473,0.8421
LN-HM-05714,0.4537,Reject,0,0.6303,0.8187
LN-HM-05715,0.5165,Reject,0,0.568,0.6515
LN-HM-05716,0.4939,Reject,1,1.4151,0.0
LN-HM-05717,0.414,Reject,0,0.7632,0.7229
LN-HM-05718,0.3535,Reject,1,0.6853,0.732
LN-HM-05719,0.7967,Reject,1,0.5511,0.663
LN-HM-05720,0.9147,Reject,1,0.6646,0.7082
LN-HM-05721,0.4914,Reject,0,0.5589,0.6785
LN-HM-05722,0.2372,Reject,0,0.6112,0.7459
LN-HM-05723,0.0383,Approve,0,0.4136,0.0
LN-HM-05724,0.6433,Reject,1,0.8479,0.864
LN-HM-05725,0.3052,Reject,0,0.5954,0.8899
LN-HM-05726,0.1792,Reject,0,0.5589,0.7088
LN-HM-05727,0.0,Approve,0,0.4846,0.741
LN-HM-05728,0.425,Reject,0,0.7708,0.0
LN-HM-05729,0.214,Review,0,0.4446,0.8436
LN-HM-05730,0.6656,Reject,1,0.4225,0.8693
LN-HM-05731,0.4905,Reject,0,0.5649,0.0
LN-HM-05732,0.8712,Reject,1,0.7939,0.6667
LN-HM-05733,0.3849,Review,0,0.3713,0.9446
LN-HM-05734,0.0,Approve,0,0.293,0.6651
LN-HM-05735,0.2652,Review,0,0.5276,0.8889
LN-HM-05736,0.4247,Reject,1,0.4964,0.8155
LN-HM-05737,0.1855,Reject,1,0.6333,0.814
LN-HM-05738,0.6705,Reject,0,0.4108,0.8803
LN-HM-05739,0.0,Approve,0,0.4637,0.9348
LN-HM-05740,0.4803,Reject,1,0.2549,0.9042
LN-HM-05741,0.0,Approve,0,0.3102,0.0
LN-HM-05742,0.3838,Reject,1,0.5897,0.0
LN-HM-05743,0.7873,Reject,1,1.1449,0.9419
LN-HM-05744,0.3562,Reject,0,0.6204,0.0
LN-HM-05745,0.127,Approve,0,0.3493,0.7559
LN-HM-05746,0.4695,Reject,0,0.4357,0.7231
LN-HM-05747,0.7012,Reject,1,0.8627,0.7548
LN-HM-05748,0.0127,Approve,0,0.4622,0.0
LN-HM-05749,1.0,Reject,1,0.919,0.8491
LN-HM-05750,0.0,Approve,0,0.4271,0.0
LN-HM-05751,0.2814,Review,0,0.4033,0.8454
LN-HM-05752,0.7334,Reject,1,0.747,0.917
LN-HM-05753,0.1516,Approve,0,0.4031,0.8885
LN-HM-05754,0.1827,Approve,1,0.2755,0.0
LN-HM-05755,1.0,Reject,1,0.8424,0.9494
LN-HM-05756,0.6085,Reject,1,0.6713,0.9024
LN-HM-05757,0.2147,Review,0,0.5231,0.7685
LN-HM-05758,0.3637,Reject,1,0.671,0.67
LN-HM-05759,0.0,Approve,0,0.3786,0.0
LN-HM-05760,0.2447,Review,0,0.2802,0.8163
LN-HM-05761,0.5875,Reject,0,0.5981,0.6773
LN-HM-05762,0.9522,Reject,1,0.5117,0.8377
LN-HM-05763,0.1764,Approve,0,0.4582,0.8957
LN-HM-05764,0.6916,Reject,0,0.521,0.9114
LN-HM-05765,0.5044,Reject,0,0.8619,0.7995
LN-HM-05766,0.6652,Reject,1,1.0446,0.7161
LN-HM-05767,0.1089,Approve,0,0.4389,0.0
LN-HM-05768,0.5148,Reject,0,0.7361,0.746
LN-HM-05769,0.2333,Reject,0,0.6234,0.0
LN-HM-05770,0.8965,Reject,1,0.7776,0.8696
LN-HM-05771,0.7542,Reject,1,0.6768,0.0
LN-HM-05772,0.4722,Reject,0,0.698,0.0
LN-HM-05773,0.4691,Reject,0,0.7825,0.7816
LN-HM-05774,0.7486,Reject,1,0.7146,0.6643
LN-HM-05775,0.4541,Reject,1,0.7157,0.6929
LN-HM-05776,0.4335,Reject,0,0.621,0.686
LN-HM-05777,0.0,Approve,0,0.3224,0.7167
LN-HM-05778,0.2527,Reject,1,0.609,0.0
LN-HM-05779,0.6039,Reject,1,1.3596,0.0
LN-HM-05780,0.5052,Reject,0,0.8186,0.6623
LN-HM-05781,0.5947,Reject,0,0.6962,0.8357
LN-HM-05782,0.513,Reject,0,0.5169,0.8038
LN-HM-05783,0.4832,Reject,0,0.6626,0.8757
LN-HM-05784,0.4539,Reject,0,0.6779,0.0
LN-HM-05785,0.4721,Reject,0,0.6667,0.7857
LN-HM-05786,0.4014,Reject,0,0.6192,0.8413
LN-HM-05787,0.8941,Reject,0,0.693,0.8365
LN-HM-05788,0.6503,Reject,1,0.5756,0.8945
LN-HM-05789,0.2693,Reject,1,0.6237,0.0
LN-HM-05790,0.3528,Review,1,0.4782,0.8934
LN-HM-05791,0.5093,Reject,0,0.9643,0.0
LN-HM-05792,0.2116,Review,0,0.5498,0.0
LN-HM-05793,0.0067,Approve,0,0.4094,0.9507
LN-HM-05794,0.0345,Approve,0,0.3523,0.859
LN-HM-05795,0.0,Approve,0,0.3956,0.0
LN-HM-05796,0.197,Approve,0,0.3427,0.0
LN-HM-05797,0.4978,Reject,0,0.7058,0.689
LN-HM-05798,0.8145,Reject,0,0.6885,0.0
LN-HM-05799,0.4158,Reject,1,0.5937,0.7138
LN-HM-05800,0.4765,Reject,0,0.6494,0.0
LN-HM-05801,0.6512,Reject,0,0.7971,0.8994
LN-HM-05802,0.7357,Reject,1,0.7217,0.7789
LN-HM-05803,0.6624,Reject,1,0.7285,0.8785
LN-HM-05804,0.4863,Reject,1,0.7935,0.0
LN-HM-05805,0.819,Reject,1,0.8094,0.915
LN-HM-05806,0.6849,Reject,1,0.8895,0.9048
LN-HM-05807,0.4359,Reject,1,0.7196,0.9111
LN-HM-05808,0.742,Reject,1,0.6752,0.8511
LN-HM-05809,0.8222,Reject,1,0.6642,0.89
LN-HM-05810,0.3009,Review,1,0.4112,0.0
LN-HM-05811,0.4306,Reject,1,0.8223,0.0
LN-HM-05812,0.2033,Review,1,0.358,0.88
LN-HM-05813,0.7613,Reject,1,0.9092,0.7899
LN-HM-05814,0.1525,Reject,0,0.555,0.0
LN-HM-05815,0.1374,Approve,0,0.2772,0.95
LN-HM-05816,0.5637,Reject,1,0.7148,0.805
LN-HM-05817,0.0,Approve,0,0.4952,0.6831
LN-HM-05818,0.6088,Reject,1,0.7515,0.6758
LN-HM-05819,0.0,Approve,0,0.2735,0.0
LN-HM-05820,0.4538,Reject,1,0.6056,0.0
LN-HM-05821,0.2396,Review,0,0.2743,0.8919
LN-HM-05822,0.4686,Reject,1,0.6898,0.7722
LN-HM-05823,0.0,Approve,0,0.4895,0.0
LN-HM-05824,0.2694,Reject,0,0.6465,0.0
LN-HM-05825,0.0,Approve,0,0.4989,0.0
LN-HM-05826,0.6387,Reject,1,0.6738,0.8111
LN-HM-05827,0.2244,Reject,0,0.6349,0.6617
LN-HM-05828,0.5403,Reject,1,0.7806,0.7709
LN-HM-05829,0.7476,Reject,1,1.1246,0.0
LN-HM-05830,0.2247,Reject,0,0.6116,0.8452
LN-HM-05831,0.6775,Reject,1,0.766,0.8843
LN-HM-05832,0.2952,Reject,0,0.5621,0.0
LN-HM-05833,0.4242,Reject,0,0.7292,0.7553
LN-HM-05834,0.7172,Reject,1,0.8183,0.6548
LN-HM-05835,0.5745,Reject,1,1.1038,0.9456
LN-HM-05836,0.4498,Reject,0,0.7828,0.765
LN-HM-05837,0.0,Approve,0,0.2786,0.0
LN-HM-05838,0.3557,Reject,0,0.9182,0.7441
LN-HM-05839,0.7139,Reject,1,0.6725,0.8163
LN-HM-05840,0.4215,Reject,0,0.4874,0.8899
LN-HM-05841,0.4458,Reject,1,0.5683,0.6703
LN-HM-05842,0.2428,Reject,0,0.5531,0.7921
LN-HM-05843,0.9101,Reject,0,0.7816,0.8708
LN-HM-05844,0.424,Reject,0,0.686,0.7652
LN-HM-05845,0.3611,Review,1,0.538,0.0
LN-HM-05846,0.5361,Reject,0,0.6866,0.0
LN-HM-05847,0.3856,Review,0,0.5419,0.0
LN-HM-05848,0.7118,Reject,1,0.5974,0.8899
LN-HM-05849,0.5472,Reject,0,1.0876,0.0
LN-HM-05850,0.2049,Reject,0,0.6194,0.0
LN-HM-05851,0.2168,Review,0,0.2784,0.0
LN-HM-05852,0.374,Reject,0,1.3657,0.0
LN-HM-05853,0.439,Reject,0,0.6772,0.9468
LN-HM-05854,0.0745,Approve,0,0.2227,0.0
LN-HM-05855,0.0,Approve,0,0.4152,0.0
LN-HM-05856,0.4427,Reject,0,0.5107,0.0
LN-HM-05857,0.3655,Reject,0,0.6164,0.8636
LN-HM-05858,0.0325,Approve,0,0.4998,0.0
LN-HM-05859,0.465,Reject,0,0.7498,0.7236
LN-HM-05860,0.2828,Reject,1,0.6164,0.6838
LN-HM-05861,0.4401,Reject,0,0.7572,0.8577
LN-HM-05862,0.5826,Reject,0,0.879,0.9412
LN-HM-05863,0.5524,Reject,1,1.3942,0.0
LN-HM-05864,0.1832,Approve,0,0.1653,0.0
LN-HM-05865,0.4385,Reject,1,0.7354,0.0
LN-HM-05866,0.0,Approve,0,0.4132,0.0
LN-HM-05867,0.1996,Review,0,0.5199,0.0
LN-HM-05868,0.5805,Reject,0,1.3291,0.0
LN-HM-05869,0.5825,Reject,0,1.2214,0.0
LN-HM-05870,0.2734,Reject,1,0.646,0.8941
LN-HM-05871,0.881,Reject,0,0.6961,0.0
LN-HM-05872,0.4063,Reject,1,1.2931,0.0
LN-HM-05873,0.6336,Reject,1,0.6945,0.6619
LN-HM-05874,0.4703,Reject,1,0.5066,0.875
LN-HM-05875,0.2944,Review,0,0.3599,0.7978
LN-HM-05876,0.2572,Reject,0,0.5682,0.0
LN-HM-05877,0.3797,Reject,0,0.7616,0.759
LN-HM-05878,0.9503,Reject,1,0.6842,0.8324
LN-HM-05879,0.259,Reject,0,0.594,0.7317
LN-HM-05880,0.2525,Review,1,0.483,0.9045
LN-HM-05881,0.2027,Review,0,0.4686,0.7823
LN-HM-05882,0.4862,Reject,1,0.8359,0.6546
LN-HM-05883,0.5389,Reject,0,0.9253,0.0
LN-HM-05884,0.667,Reject,1,0.8077,0.7164
LN-HM-05885,0.0,Approve,0,0.3836,0.0
LN-HM-05886,0.7139,Reject,1,0.8314,0.721
LN-HM-05887,0.2455,Review,0,0.4337,0.0
LN-HM-05888,0.2072,Review,0,0.5222,0.7869
LN-HM-05889,0.3273,Review,0,0.526,0.6539
LN-HM-05890,0.2719,Review,1,0.5433,0.0
LN-HM-05891,0.4089,Reject,0,0.4227,0.9362
LN-HM-05892,0.5396,Reject,1,1.1442,0.7473
LN-HM-05893,0.4338,Reject,0,0.508,0.0
LN-HM-05894,0.2968,Reject,1,0.6387,0.0
LN-HM-05895,0.9194,Reject,1,0.695,0.8743
LN-HM-05896,0.2991,Review,0,0.3951,0.0
LN-HM-05897,0.5201,Reject,1,0.6072,0.8532
LN-HM-05898,0.4373,Reject,0,0.5959,0.0
LN-HM-05899,0.4387,Reject,0,0.6213,0.869
LN-HM-05900,0.0,Approve,0,0.3266,0.6589
LN-HM-05901,0.2244,Reject,0,0.5842,0.0
LN-HM-05902,0.3396,Review,1,0.5064,0.0
LN-HM-05903,0.4016,Reject,0,0.532,0.8571
LN-HM-05904,0.3411,Reject,0,0.5943,0.0
LN-HM-05905,0.2475,Reject,0,0.6324,0.9471
LN-HM-05906,0.8189,Reject,1,0.556,0.0
LN-HM-05907,0.4255,Reject,0,1.0613,0.68
LN-HM-05908,0.5056,Reject,1,1.5861,0.0
LN-HM-05909,0.2013,Review,0,0.5259,0.875
LN-HM-05910,0.4239,Reject,1,0.6411,0.676
LN-HM-05911,0.5626,Reject,0,0.5884,0.8265
LN-HM-05912,0.6301,Reject,1,0.7512,0.8233
LN-HM-05913,0.3897,Reject,1,1.4469,0.0
LN-HM-05914,0.3901,Reject,0,0.5613,0.7872
LN-HM-05915,0.6203,Reject,0,0.8386,0.8153
LN-HM-05916,0.7385,Reject,1,0.6484,0.8095
LN-HM-05917,0.1961,Reject,0,0.5988,0.7794
LN-HM-05918,0.6162,Reject,1,0.7299,0.8924
LN-HM-05919,0.1719,Approve,0,0.4037,0.8991
LN-HM-05920,0.1861,Reject,0,0.5754,0.0
LN-HM-05921,0.4325,Reject,1,0.8934,0.7237
LN-HM-05922,0.3664,Reject,0,0.6529,0.7042
LN-HM-05923,0.2059,Reject,0,0.5863,0.663
LN-HM-05924,0.1326,Approve,0,0.4364,0.8102
LN-HM-05925,0.098,Approve,0,0.2699,0.0
LN-HM-05926,0.6975,Reject,1,0.8549,0.7006
LN-HM-05927,0.2716,Reject,0,0.5842,0.7714
LN-HM-05928,0.6669,Reject,1,0.6991,0.7372
LN-HM-05929,0.3505,Review,1,0.4159,0.8897
LN-HM-05930,0.3648,Reject,0,0.676,0.0
LN-HM-05931,0.6197,Reject,1,0.8279,0.8803
LN-HM-05932,0.748,Reject,1,0.5967,0.0
LN-HM-05933,0.4064,Reject,0,1.4345,0.0
LN-HM-05934,0.4464,Reject,1,0.3651,0.8109
LN-HM-05935,0.2622,Review,0,0.2303,0.0
LN-HM-05936,0.4978,Reject,1,1.0088,0.674
LN-HM-05937,0.208,Reject,0,0.6112,0.6578
LN-HM-05938,0.9334,Reject,1,0.772,0.7766
LN-HM-05939,0.0,Approve,0,0.3828,0.7424
LN-HM-05940,0.5894,Reject,0,0.5479,0.7446
LN-HM-05941,0.153,Reject,0,0.6214,0.0
LN-HM-05942,0.3396,Review,1,0.5163,0.7699
LN-HM-05943,0.5454,Reject,0,0.7923,0.8056
LN-HM-05944,0.9183,Reject,1,0.7125,0.8156
LN-HM-05945,0.0,Approve,0,0.3473,0.9487
LN-HM-05946,0.253,Review,1,0.4673,0.0
LN-HM-05947,0.2233,Reject,1,0.5798,0.8038
LN-HM-05948,0.1963,Approve,1,0.4461,0.8383
LN-HM-05949,0.7567,Reject,1,0.7451,0.8756
LN-HM-05950,0.4313,Reject,1,0.5206,0.0
LN-HM-05951,0.0088,Approve,0,0.323,0.0
LN-HM-05952,0.6646,Reject,1,1.5694,0.0
LN-HM-05953,0.3564,Reject,0,0.8925,0.0
LN-HM-05954,0.4768,Reject,0,0.5285,0.7725
LN-HM-05955,0.0,Approve,0,0.4536,0.0
LN-HM-05956,1.0,Reject,1,0.838,0.862
LN-HM-05957,0.4375,Reject,1,0.52,0.0
LN-HM-05958,0.2493,Reject,1,0.5803,0.0
LN-HM-05959,0.0,Approve,0,0.4646,0.0
LN-HM-05960,0.7489,Reject,1,0.5198,0.7323
LN-HM-05961,0.4002,Reject,0,0.8154,0.0
LN-HM-05962,0.0,Approve,0,0.4958,0.0
LN-HM-05963,0.5314,Reject,1,0.8256,0.0
LN-HM-05964,0.3483,Reject,0,0.5915,0.8103
LN-HM-05965,0.4293,Reject,1,0.7734,0.0
LN-HM-05966,0.7737,Reject,0,0.5727,0.7895
LN-HM-05967,0.4185,Reject,1,0.8082,0.6635
LN-HM-05968,0.1692,Approve,0,0.2545,0.9412
LN-HM-05969,0.3573,Reject,0,0.5765,0.8402
LN-HM-05970,0.0215,Approve,0,0.4257,0.9123
LN-HM-05971,0.0,Approve,0,0.2161,0.0
LN-HM-05972,0.6847,Reject,0,0.6797,0.892
LN-HM-05973,0.3947,Reject,0,0.677,0.6604
LN-HM-05974,0.9074,Reject,1,0.8579,0.8954
LN-HM-05975,0.3426,Reject,0,0.6162,0.8554
LN-HM-05976,0.9756,Reject,1,0.864,0.8737
LN-HM-05977,0.771,Reject,1,0.7653,0.7264
LN-HM-05978,0.5622,Reject,0,0.777,0.7778
LN-HM-05979,0.7846,Reject,0,0.8696,0.9467
LN-HM-05980,0.0,Approve,0,0.4951,0.675
LN-HM-05981,0.2175,Review,0,0.5228,0.7358
LN-HM-05982,0.9334,Reject,1,0.6824,0.8631
LN-HM-05983,0.2444,Reject,0,0.6112,0.8431
LN-HM-05984,0.6666,Reject,1,0.6755,0.9439
LN-HM-05985,0.0,Approve,0,0.2729,0.0
LN-HM-05986,0.0248,Approve,0,0.3882,0.0
LN-HM-05987,0.4779,Reject,0,0.59,0.0
LN-HM-05988,0.7237,Reject,1,0.6697,0.8687
LN-HM-05989,0.0009,Approve,0,0.4985,0.9359
LN-HM-05990,0.3886,Reject,0,0.9804,0.0
LN-HM-05991,0.3298,Review,0,0.4503,0.8395
LN-HM-05992,1.0,Reject,1,0.8711,0.6591
LN-HM-05993,0.4857,Reject,0,0.9818,0.0
LN-HM-05994,0.4983,Reject,0,0.6188,0.8022
LN-HM-05995,0.6163,Reject,0,0.7756,0.7744
LN-HM-05996,0.4396,Reject,1,0.709,0.0
LN-HM-05997,0.1753,Reject,0,0.5807,0.7381
LN-HM-05998,0.4741,Reject,0,0.8051,0.6913
LN-HM-05999,0.4009,Reject,0,0.7208,0.7332
LN-HM-06000,0.1898,Approve,0,0.3448,0.7807
LN-HM-06001,0.4884,Reject,0,0.5586,0.0
LN-HM-06002,0.5141,Reject,1,0.7298,0.8189
LN-HM-06003,0.27,Review,1,0.4611,0.0
LN-HM-06004,0.3993,Reject,1,0.7356,0.7825
LN-HM-06005,1.0,Reject,1,0.7803,0.9053
LN-HM-06006,0.4863,Reject,0,0.6371,0.8168
LN-HM-06007,0.0262,Approve,0,0.3667,0.9327
LN-HM-06008,0.4359,Reject,1,0.3776,0.783
LN-HM-06009,0.0,Approve,0,0.3496,0.0
LN-HM-06010,0.6414,Reject,1,0.6716,0.9018
LN-HM-06011,0.0,Approve,0,0.4963,0.0
LN-HM-06012,0.5526,Reject,0,0.6356,0.8837
LN-HM-06013,0.0,Approve,0,0.3203,0.0
LN-HM-06014,0.9623,Reject,1,0.8578,0.8186
LN-HM-06015,0.0424,Approve,0,0.3527,0.0
LN-HM-06016,0.0,Approve,0,0.4215,0.0
LN-HM-06017,0.164,Review,0,0.5057,0.0
LN-HM-06018,0.4715,Reject,1,0.5756,0.0
LN-HM-06019,0.3161,Review,0,0.4428,0.695
LN-HM-06020,0.0,Approve,0,0.2952,0.0
LN-HM-06021,0.6545,Reject,0,0.8419,0.7932
LN-HM-06022,0.9193,Reject,1,0.7732,0.7228
LN-HM-06023,0.4778,Reject,1,0.6935,0.7462
LN-HM-06024,0.4758,Reject,0,0.8752,0.0
LN-HM-06025,0.385,Review,0,0.5072,0.7273
LN-HM-06026,0.0,Approve,0,0.3881,0.6557
LN-HM-06027,0.5922,Reject,1,0.6014,0.6566
LN-HM-06028,0.3651,Review,0,0.5007,0.8518
LN-HM-06029,0.7311,Reject,1,0.891,0.8192
LN-HM-06030,0.1159,Approve,0,0.3825,0.7444
LN-HM-06031,0.0,Approve,0,0.438,0.7467
LN-HM-06032,0.3397,Review,0,0.5265,0.8333
LN-HM-06033,0.5481,Reject,1,0.4863,0.0
LN-HM-06034,0.201,Reject,0,0.618,0.7143
LN-HM-06035,0.0626,Approve,0,0.3345,0.9
LN-HM-06036,0.3995,Reject,0,0.6879,0.0
LN-HM-06037,0.3598,Reject,0,0.6648,0.7445
LN-HM-06038,0.117,Approve,0,0.3433,0.9506
LN-HM-06039,0.7198,Reject,1,0.5552,0.9202
LN-HM-06040,0.5172,Reject,0,0.6895,0.8534
LN-HM-06041,0.1878,Approve,0,0.495,0.8692
LN-HM-06042,0.0,Approve,0,0.4218,0.7057
LN-HM-06043,0.4388,Reject,1,0.8309,0.7164
LN-HM-06044,0.0882,Approve,0,0.4265,0.7081
LN-HM-06045,0.7263,Reject,1,0.9595,0.0
LN-HM-06046,0.3494,Reject,0,0.6385,0.0
LN-HM-06047,0.3701,Review,1,0.5008,0.7509
LN-HM-06048,0.0125,Approve,0,0.4101,0.7212
LN-HM-06049,0.345,Reject,0,0.6203,0.6876
LN-HM-06050,0.2518,Review,0,0.5414,0.7588
LN-HM-06051,0.5243,Reject,1,0.6599,0.776
LN-HM-06052,0.0041,Approve,0,0.3525,0.6648
LN-HM-06053,0.4928,Reject,1,0.6078,0.898
LN-HM-06054,0.4676,Reject,0,0.5726,0.8314
LN-HM-06055,0.7939,Reject,1,0.6183,0.6823
LN-HM-06056,0.3521,Reject,1,0.6737,0.7927
LN-HM-06057,0.5439,Reject,1,0.8593,0.0
LN-HM-06058,0.6887,Reject,1,0.7389,0.9144
LN-HM-06059,0.5726,Reject,0,0.8728,0.0
LN-HM-06060,0.0,Approve,0,0.4428,0.0
LN-HM-06061,0.7843,Reject,1,1.2224,0.0
LN-HM-06062,0.7212,Reject,0,0.7923,0.9352
LN-HM-06063,0.458,Reject,0,0.6331,0.8143
LN-HM-06064,0.2127,Review,1,0.5293,0.7871
LN-HM-06065,0.4275,Reject,0,0.4756,0.8566
LN-HM-06066,0.0,Approve,0,0.3932,0.0
LN-HM-06067,0.4461,Reject,0,0.8417,0.8345
LN-HM-06068,0.1903,Approve,1,0.4503,0.9027
LN-HM-06069,0.979,Reject,1,0.6836,0.0
LN-HM-06070,0.4126,Reject,0,0.5493,0.8269
LN-HM-06071,0.5128,Reject,1,0.7448,0.0
LN-HM-06072,0.0,Approve,0,0.3176,0.71
LN-HM-06073,0.5222,Reject,1,0.5632,0.8694
LN-HM-06074,1.0,Reject,1,0.9071,0.8137
LN-HM-06075,0.1807,Approve,0,0.4733,0.0
LN-HM-06076,0.7885,Reject,1,0.6106,0.6567
LN-HM-06077,0.3852,Reject,0,0.6432,0.7596
LN-HM-06078,0.8009,Reject,1,0.5853,0.7954
LN-HM-06079,0.4162,Reject,0,0.7555,0.0
LN-HM-06080,0.5608,Reject,0,1.6131,0.0
LN-HM-06081,0.4481,Reject,0,0.7949,0.0
LN-HM-06082,0.8628,Reject,1,1.3586,0.0
LN-HM-06083,0.8819,Reject,1,0.6848,0.0
LN-HM-06084,0.4468,Reject,0,0.4642,0.7695
LN-HM-06085,0.2291,Review,1,0.252,0.7544
LN-HM-06086,0.4966,Reject,0,0.5692,0.0
LN-HM-06087,0.0,Approve,0,0.3804,0.0
LN-HM-06088,0.7391,Reject,0,0.6574,0.9479
LN-HM-06089,0.7037,Reject,1,0.8178,0.7158
LN-HM-06090,0.7183,Reject,1,0.809,0.8153
LN-HM-06091,0.4993,Reject,0,0.5226,0.0
LN-HM-06092,0.1997,Reject,0,0.5695,0.7463
LN-HM-06093,0.5179,Reject,0,0.6434,0.8561
LN-HM-06094,0.0234,Approve,0,0.4734,0.0
LN-HM-06095,1.0,Reject,1,0.8786,0.8105
LN-HM-06096,0.7823,Reject,1,0.5706,0.8633
LN-HM-06097,0.5296,Reject,1,1.5713,0.0
LN-HM-06098,0.6821,Reject,1,0.573,0.8673
LN-HM-06099,0.6383,Reject,1,0.7046,0.7626
LN-HM-06100,0.4351,Reject,0,0.5775,0.8665
LN-HM-06101,0.5661,Reject,0,1.495,0.0
LN-HM-06102,0.5285,Reject,1,0.5068,0.0
LN-HM-06103,0.9079,Reject,1,0.6956,0.8169
LN-HM-06104,0.0,Approve,0,0.423,0.0
LN-HM-06105,0.6156,Reject,0,0.8144,0.7743
LN-HM-06106,0.5179,Reject,1,0.7293,0.7031
LN-HM-06107,0.6631,Reject,1,0.9611,0.7736
LN-HM-06108,0.9804,Reject,1,0.6202,0.8299
LN-HM-06109,0.8771,Reject,1,0.655,0.8405
LN-HM-06110,0.8662,Reject,1,0.8147,0.9089
LN-HM-06111,0.7182,Reject,1,0.5256,0.6816
LN-HM-06112,0.0,Approve,0,0.3772,0.0
LN-HM-06113,1.0,Reject,1,0.8273,0.933
LN-HM-06114,0.9945,Reject,1,0.6963,0.0
LN-HM-06115,0.5655,Reject,1,0.7981,0.0
LN-HM-06116,1.0,Reject,1,0.7102,0.9227
LN-HM-06117,0.0,Approve,0,0.4652,0.7253
LN-HM-06118,0.4682,Reject,0,0.6637,0.7818
LN-HM-06119,0.0,Approve,0,0.4711,0.0
LN-HM-06120,1.0,Reject,1,0.8072,0.7258
LN-HM-06121,0.4667,Reject,1,0.8247,0.7924
LN-HM-06122,0.4837,Reject,1,0.6378,0.6559
LN-HM-06123,0.4481,Reject,0,0.5265,0.8758
LN-HM-06124,0.9575,Reject,1,0.5328,0.8036
LN-HM-06125,0.2406,Reject,1,0.6344,0.0
LN-HM-06126,0.7565,Reject,1,0.8392,0.822
LN-HM-06127,0.0208,Approve,0,0.4457,0.8701
LN-HM-06128,0.38,Reject,0,0.7426,0.7957
LN-HM-06129,0.5021,Reject,0,0.8358,0.0
LN-HM-06130,0.7124,Reject,1,0.8218,0.0
LN-HM-06131,0.2149,Reject,0,0.6336,0.6572
LN-HM-06132,0.0,Approve,0,0.3559,0.7384
LN-HM-06133,0.4888,Reject,0,0.6103,0.8026
LN-HM-06134,0.0,Approve,0,0.2363,0.0
LN-HM-06135,0.2702,Review,0,0.5079,0.0
LN-HM-06136,0.1894,Approve,0,0.3903,0.8542
LN-HM-06137,0.8522,Reject,1,0.7815,0.0
LN-HM-06138,0.4977,Reject,1,0.3916,0.6527
LN-HM-06139,0.6515,Reject,0,0.7388,0.9359
LN-HM-06140,0.2522,Review,0,0.4844,0.8313
LN-HM-06141,0.0,Approve,0,0.4569,0.7413
LN-HM-06142,0.0,Approve,0,0.3573,0.0
LN-HM-06143,0.1718,Approve,0,0.4461,0.7245
LN-HM-06144,0.7989,Reject,1,0.5261,0.6743
LN-HM-06145,0.5967,Reject,0,1.2738,0.0
LN-HM-06146,0.4885,Reject,0,0.6307,0.7891
LN-HM-06147,0.0036,Approve,0,0.3721,0.8361
LN-HM-06148,0.4647,Reject,1,1.186,0.0
LN-HM-06149,0.2443,Reject,0,0.5651,0.7887
LN-HM-06150,0.1863,Approve,0,0.2341,0.0
LN-HM-06151,0.2814,Review,0,0.5491,0.0
LN-HM-06152,0.6221,Reject,1,0.7129,0.0
LN-HM-06153,0.6816,Reject,1,0.7215,0.8837
LN-HM-06154,0.4124,Reject,0,0.7484,0.6524
LN-HM-06155,0.7081,Reject,1,0.6865,0.9296
LN-HM-06156,0.0,Approve,0,0.4499,0.6951
LN-HM-06157,0.581,Reject,1,0.6075,0.8543
LN-HM-06158,0.3691,Reject,0,0.571,0.7105
LN-HM-06159,0.5179,Reject,0,0.7648,0.0
LN-HM-06160,0.6358,Reject,0,0.5591,0.7387
LN-HM-06161,0.6776,Reject,1,0.4477,0.8368
LN-HM-06162,0.4469,Reject,1,1.0422,0.0
LN-HM-06163,0.3165,Review,1,0.3957,0.9016
LN-HM-06164,0.4222,Reject,0,0.8706,0.0
LN-HM-06165,0.9065,Reject,1,0.7213,0.7932
LN-HM-06166,0.3715,Reject,1,0.6018,0.8125
LN-HM-06167,0.0,Approve,0,0.3192,0.6776
LN-HM-06168,0.3876,Reject,1,0.6345,0.7857
LN-HM-06169,0.6673,Reject,1,0.5685,0.9302
LN-HM-06170,0.0194,Approve,0,0.478,0.0
LN-HM-06171,0.5528,Reject,0,0.6479,0.0
LN-HM-06172,0.3491,Reject,1,0.5808,0.0
LN-HM-06173,0.5578,Reject,0,0.8986,0.9392
LN-HM-06174,0.9178,Reject,1,0.724,0.9065
LN-HM-06175,0.5193,Reject,1,0.6082,0.6875
LN-HM-06176,0.2375,Review,0,0.5234,0.7216
LN-HM-06177,0.2393,Reject,0,0.606,0.7029
LN-HM-06178,0.4193,Reject,1,0.6542,0.0
LN-HM-06179,0.0167,Approve,0,0.2799,0.0
LN-HM-06180,0.5718,Reject,0,0.5679,0.7671
LN-HM-06181,0.4067,Reject,0,0.6715,0.8906
LN-HM-06182,0.06,Approve,0,0.4293,0.0
LN-HM-06183,0.82,Reject,1,0.6743,0.8213
LN-HM-06184,0.4662,Reject,0,0.6003,0.7437
LN-HM-06185,0.893,Reject,0,0.9733,0.7686
LN-HM-06186,0.1859,Approve,0,0.4425,0.7899
LN-HM-06187,0.3122,Reject,0,0.6176,0.6984
LN-HM-06188,0.5876,Reject,0,0.7031,0.0
LN-HM-06189,0.4974,Reject,1,1.2277,0.0
LN-HM-06190,0.1183,Approve,1,0.3125,0.713
LN-HM-06191,0.1817,Reject,0,0.5883,0.7198
LN-HM-06192,0.5728,Reject,1,0.7534,0.7716
LN-HM-06193,0.011,Approve,0,0.3362,0.7778
LN-HM-06194,0.4189,Reject,0,0.9926,0.6586
LN-HM-06195,0.6463,Reject,0,0.5442,0.8385
LN-HM-06196,0.5785,Reject,0,0.631,0.0
LN-HM-06197,0.2548,Review,1,0.397,0.0
LN-HM-06198,0.5707,Reject,0,0.7187,0.8696
LN-HM-06199,0.1733,Approve,0,0.4677,0.8119
LN-HM-06200,0.4162,Reject,0,0.6387,0.0
LN-HM-06201,0.5576,Reject,1,0.6394,0.8037
LN-HM-06202,0.8803,Reject,1,0.6678,0.8727
LN-HM-06203,0.7389,Reject,1,1.2291,0.0
LN-HM-06204,0.2817,Review,0,0.3184,0.8039
LN-HM-06205,0.4626,Reject,0,0.7926,0.6675
LN-HM-06206,0.1018,Approve,0,0.2857,0.8732
LN-HM-06207,0.6639,Reject,0,0.6827,0.8769
LN-HM-06208,0.2617,Review,0,0.5484,0.7808
LN-HM-06209,1.0,Reject,1,0.5855,0.8708
LN-HM-06210,0.7733,Reject,1,0.5477,0.0
LN-HM-06211,0.5244,Reject,1,0.9132,0.0
LN-HM-06212,0.4924,Reject,0,0.5866,0.6827
LN-HM-06213,0.3163,Reject,0,0.6423,0.6973
LN-HM-06214,0.5141,Reject,0,0.7067,0.725
LN-HM-06215,0.7786,Reject,1,0.6752,0.924
LN-HM-06216,0.5088,Reject,1,0.6518,0.0
LN-HM-06217,0.2294,Review,0,0.4794,0.0
LN-HM-06218,0.6292,Reject,1,1.1881,0.0
LN-HM-06219,0.0,Approve,0,0.4256,0.6685
LN-HM-06220,0.3965,Reject,1,0.6736,0.0
LN-HM-06221,0.6924,Reject,1,0.8105,0.7575
LN-HM-06222,0.033,Approve,0,0.4903,0.6997
LN-HM-06223,0.0,Approve,0,0.3212,0.0
LN-HM-06224,0.6946,Reject,0,0.5879,0.8405
LN-HM-06225,0.0212,Approve,0,0.4461,0.0
LN-HM-06226,0.1674,Reject,0,0.6457,0.7869
LN-HM-06227,0.3515,Reject,1,0.6538,0.0
LN-HM-06228,0.2638,Review,0,0.4507,0.7925
LN-HM-06229,0.4669,Reject,0,0.7109,0.7911
LN-HM-06230,0.5262,Reject,1,0.6369,0.7933
LN-HM-06231,0.0484,Approve,0,0.4447,0.0
LN-HM-06232,0.4421,Reject,0,0.6578,0.6658
LN-HM-06233,0.4887,Reject,0,0.7075,0.7743
LN-HM-06234,0.4835,Reject,1,0.6583,0.657
LN-HM-06235,0.0,Approve,0,0.4443,0.8122
LN-HM-06236,0.6378,Reject,1,0.7597,0.9261
LN-HM-06237,0.7927,Reject,0,0.575,0.716
LN-HM-06238,0.2622,Reject,0,0.5537,0.709
LN-HM-06239,0.4321,Reject,1,0.7258,0.6834
LN-HM-06240,0.5108,Reject,0,0.6071,0.7924
LN-HM-06241,0.346,Reject,1,0.575,0.7187
LN-HM-06242,0.4436,Reject,1,0.5423,0.0
LN-HM-06243,0.0342,Approve,0,0.4771,0.0
LN-HM-06244,0.4612,Reject,0,0.5504,0.6987
LN-HM-06245,0.0,Approve,0,0.3574,0.7844
LN-HM-06246,0.4736,Reject,0,0.3176,0.0
LN-HM-06247,0.3144,Reject,1,0.61,0.7604
LN-HM-06248,0.6312,Reject,0,0.4213,0.8556
LN-HM-06249,0.6961,Reject,1,0.517,0.7023
LN-HM-06250,0.6621,Reject,1,0.7312,0.0
LN-HM-06251,0.4558,Reject,1,0.6774,0.7247
LN-HM-06252,0.7107,Reject,0,0.7341,0.7804
LN-HM-06253,0.3433,Reject,0,0.8542,0.7009
LN-HM-06254,0.5369,Reject,0,0.7148,0.0
LN-HM-06255,0.4335,Reject,1,0.5164,0.0
LN-HM-06256,0.2716,Review,1,0.5119,0.9061
LN-HM-06257,0.5373,Reject,1,0.5025,0.857
LN-HM-06258,0.3367,Reject,1,0.6449,0.7879
LN-HM-06259,0.7377,Reject,1,0.5853,0.9048
LN-HM-06260,0.5237,Reject,0,0.7117,0.7574
LN-HM-06261,0.1278,Approve,0,0.4803,0.0
LN-HM-06262,0.4639,Reject,1,0.6158,0.8889
LN-HM-06263,0.709,Reject,1,0.7307,0.0
LN-HM-06264,0.2924,Reject,0,0.6172,0.0
LN-HM-06265,0.3928,Reject,0,0.4782,0.7193
LN-HM-06266,0.5461,Reject,1,0.719,0.7704
LN-HM-06267,0.6279,Reject,1,1.0398,0.8229
LN-HM-06268,0.5198,Reject,1,0.5536,0.7238
LN-HM-06269,0.1831,Review,0,0.5495,0.0
LN-HM-06270,0.6456,Reject,0,0.9845,0.6531
LN-HM-06271,0.2943,Reject,1,0.5905,0.777
LN-HM-06272,0.5827,Reject,0,0.6552,0.7705
LN-HM-06273,0.0,Approve,0,0.4497,0.0
LN-HM-06274,0.4616,Reject,1,0.6736,0.7246
LN-HM-06275,0.446,Reject,1,0.5526,0.8718
LN-HM-06276,0.5655,Reject,1,0.6269,0.725
LN-HM-06277,0.6715,Reject,1,0.678,0.7204
LN-HM-06278,0.3322,Review,0,0.5286,0.0
LN-HM-06279,0.6936,Reject,1,0.7232,0.814
LN-HM-06280,0.1699,Approve,1,0.4166,0.7682
LN-HM-06281,0.5214,Reject,1,0.8579,0.0
LN-HM-06282,0.4549,Reject,0,0.5592,0.8562
LN-HM-06283,0.716,Reject,1,1.3626,0.0
LN-HM-06284,0.0,Approve,0,0.3818,0.6582
LN-HM-06285,0.7402,Reject,1,0.6122,0.759
LN-HM-06286,0.9396,Reject,1,0.7616,0.8734
LN-HM-06287,0.7777,Reject,1,0.5385,0.8039
LN-HM-06288,0.4696,Reject,0,0.7308,0.0
LN-HM-06289,0.4684,Reject,0,0.7977,0.6508
LN-HM-06290,0.6749,Reject,1,0.5662,0.8704
LN-HM-06291,0.2717,Reject,1,0.5918,0.6812
LN-HM-06292,0.5383,Reject,1,0.5245,0.0
LN-HM-06293,0.9731,Reject,1,1.1041,0.8971
LN-HM-06294,0.556,Reject,0,0.7296,0.8361
LN-HM-06295,0.4512,Reject,1,0.565,0.0
LN-HM-06296,0.4459,Reject,0,0.6646,0.934
LN-HM-06297,0.4719,Reject,0,0.4877,0.7671
LN-HM-06298,0.0,Approve,0,0.4308,0.0
LN-HM-06299,0.0,Approve,0,0.334,0.0
LN-HM-06300,0.1586,Approve,0,0.4791,0.9361
LN-HM-06301,0.5975,Reject,0,1.4079,0.0
LN-HM-06302,0.1995,Approve,0,0.3222,0.0
LN-HM-06303,0.6456,Reject,1,0.881,0.6693
LN-HM-06304,0.0102,Approve,0,0.4951,0.7931
LN-HM-06305,0.4568,Reject,1,0.4249,0.6681
LN-HM-06306,0.9466,Reject,1,0.7272,0.0
LN-HM-06307,0.6463,Reject,1,0.6542,0.7808
LN-HM-06308,0.4044,Reject,0,0.6664,0.9375
LN-HM-06309,0.7047,Reject,0,0.7464,0.7165
LN-HM-06310,0.7209,Reject,1,1.561,0.0
LN-HM-06311,0.1449,Approve,0,0.4042,0.6739
LN-HM-06312,0.8988,Reject,1,0.6697,0.8415
LN-HM-06313,0.1831,Review,0,0.5426,0.0
LN-HM-06314,0.4728,Reject,0,0.5213,0.9378
LN-HM-06315,0.6311,Reject,1,0.7433,0.9157
LN-HM-06316,0.5274,Reject,1,0.6143,0.7518
LN-HM-06317,0.4363,Reject,0,0.5339,0.9484
LN-HM-06318,0.7136,Reject,1,0.6623,0.0
LN-HM-06319,0.4597,Reject,1,0.5453,0.0
LN-HM-06320,0.3215,Reject,0,0.6394,0.7348
LN-HM-06321,0.1711,Approve,0,0.4961,0.7967
LN-HM-06322,0.6177,Reject,0,0.863,0.9071
LN-HM-06323,0.7193,Reject,1,0.6808,0.9327
LN-HM-06324,0.6124,Reject,0,0.6906,0.8735
LN-HM-06325,0.634,Reject,1,0.6937,0.8773
LN-HM-06326,0.2509,Reject,0,0.6128,0.7297
LN-HM-06327,0.585,Reject,1,0.664,0.8583
LN-HM-06328,0.7672,Reject,1,0.6619,0.0
LN-HM-06329,0.3448,Review,0,0.4859,0.869
LN-HM-06330,0.7385,Reject,1,0.6791,0.7941
LN-HM-06331,0.6325,Reject,1,0.6839,0.7691
LN-HM-06332,0.3761,Reject,1,1.0801,0.0
LN-HM-06333,0.5759,Reject,1,0.704,0.0
LN-HM-06334,0.5527,Reject,1,0.7313,0.7253
LN-HM-06335,0.4601,Reject,1,0.741,0.7443
LN-HM-06336,0.6402,Reject,0,0.6171,0.9387
LN-HM-06337,0.1876,Approve,0,0.4927,0.0
LN-HM-06338,0.4955,Reject,0,0.6457,0.7421
LN-HM-06339,0.8142,Reject,0,0.5427,0.8993
LN-HM-06340,0.0,Approve,0,0.3965,0.878
LN-HM-06341,0.4224,Reject,0,0.5706,0.8101
LN-HM-06342,0.9499,Reject,1,0.9091,0.8331
LN-HM-06343,0.4947,Reject,1,0.7524,0.0
LN-HM-06344,0.2175,Reject,1,0.6482,0.7253
LN-HM-06345,0.1293,Approve,1,0.4209,0.0
LN-HM-06346,0.0,Approve,0,0.35,0.75
LN-HM-06347,0.4395,Reject,0,0.8864,0.736
LN-HM-06348,0.4909,Reject,0,0.7167,0.6951
LN-HM-06349,1.0,Reject,1,0.6925,0.75
LN-HM-06350,0.0034,Approve,0,0.4768,0.9342
LN-HM-06351,0.4848,Reject,0,0.5392,0.7344
LN-HM-06352,0.0,Approve,0,0.4484,0.6875
LN-HM-06353,0.5216,Reject,0,0.6641,0.0
LN-HM-06354,0.4754,Reject,0,0.6275,0.9443
LN-HM-06355,0.7154,Reject,1,0.6633,0.8163
LN-HM-06356,0.7156,Reject,0,0.7558,0.8516
LN-HM-06357,0.4219,Reject,0,0.6998,0.0
LN-HM-06358,0.397,Reject,1,0.7686,0.7811
LN-HM-06359,0.2434,Review,0,0.5365,0.8644
LN-HM-06360,0.4136,Reject,1,0.3521,0.8966
LN-HM-06361,0.0,Approve,0,0.2552,0.8261
LN-HM-06362,0.0,Approve,0,0.4152,0.9466
LN-HM-06363,0.4365,Reject,1,1.2644,0.0
LN-HM-06364,0.9696,Reject,1,0.6845,0.6678
LN-HM-06365,0.0367,Approve,0,0.3844,0.761
LN-HM-06366,0.0,Approve,0,0.4213,0.6631
LN-HM-06367,0.7265,Reject,0,0.7421,0.8854
LN-HM-06368,0.6211,Reject,1,0.8777,0.6691
LN-HM-06369,0.0,Approve,0,0.4121,0.0
LN-HM-06370,0.0577,Approve,0,0.3046,0.7602
LN-HM-06371,0.0,Approve,0,0.427,0.7459
LN-HM-06372,0.4556,Reject,0,0.5607,0.9252
LN-HM-06373,0.4411,Reject,0,0.6687,0.0
LN-HM-06374,0.567,Reject,0,0.8099,0.6602
LN-HM-06375,0.4275,Reject,0,1.2726,0.0
LN-HM-06376,0.3824,Reject,0,0.651,0.7992
LN-HM-06377,0.4495,Reject,1,0.6761,0.0
LN-HM-06378,0.7048,Reject,1,0.3804,0.8336
LN-HM-06379,0.1998,Approve,0,0.264,0.9315
LN-HM-06380,0.3103,Reject,0,0.5784,0.7638
LN-HM-06381,0.0,Approve,0,0.4805,0.8376
LN-HM-06382,0.2006,Reject,0,0.6305,0.6524
LN-HM-06383,0.0,Approve,0,0.4918,0.0
LN-HM-06384,0.0214,Approve,0,0.3099,0.6852
LN-HM-06385,0.5884,Reject,0,0.5378,0.8663
LN-HM-06386,0.5167,Reject,1,0.5478,0.8594
LN-HM-06387,0.5042,Reject,1,0.6893,0.7512
LN-HM-06388,0.361,Reject,0,0.2583,0.8548
LN-HM-06389,0.4911,Reject,1,0.7286,0.6868
LN-HM-06390,0.7987,Reject,1,0.6691,0.8354
LN-HM-06391,0.5371,Reject,1,0.6265,0.0
LN-HM-06392,0.0,Approve,0,0.4831,0.7375
LN-HM-06393,0.388,Reject,0,0.6943,0.7925
LN-HM-06394,0.4322,Reject,1,0.8678,0.7311
LN-HM-06395,0.6687,Reject,1,0.8821,0.871
LN-HM-06396,0.4888,Reject,1,0.5059,0.0
LN-HM-06397,0.6872,Reject,1,0.9583,0.8456
LN-HM-06398,0.2946,Reject,1,0.5768,0.7815
LN-HM-06399,0.3861,Reject,1,0.4039,0.0
LN-HM-06400,0.3575,Reject,0,1.0301,0.0
LN-HM-06401,0.614,Reject,0,0.8649,0.8203
LN-HM-06402,0.0381,Approve,0,0.4687,0.7427
LN-HM-06403,0.6132,Reject,1,0.656,0.9309
LN-HM-06404,0.6656,Reject,1,0.6902,0.7587
LN-HM-06405,0.6819,Reject,0,0.8196,0.6961
LN-HM-06406,0.8092,Reject,0,0.6054,0.7895
LN-HM-06407,0.4779,Reject,0,0.7853,0.6576
LN-HM-06408,0.0,Approve,0,0.4928,0.0
LN-HM-06409,0.4879,Reject,1,0.7599,0.8167
LN-HM-06410,0.7111,Reject,1,0.7132,0.757
LN-HM-06411,0.0,Approve,0,0.2147,0.0
LN-HM-06412,0.6674,Reject,1,0.7761,0.8229
LN-HM-06413,0.2553,Reject,0,0.5697,0.8538
LN-HM-06414,0.2723,Reject,0,0.5745,0.6545
LN-HM-06415,0.0,Approve,0,0.441,0.7619
LN-HM-06416,0.0064,Approve,0,0.3715,0.0
LN-HM-06417,0.2052,Review,0,0.4782,0.0
LN-HM-06418,0.5167,Reject,1,0.6767,0.8519
LN-HM-06419,0.1804,Approve,0,0.4496,0.8261
LN-HM-06420,0.5002,Reject,0,0.7216,0.0
LN-HM-06421,0.3122,Reject,1,0.6271,0.0
LN-HM-06422,0.4752,Reject,0,0.5053,0.0
LN-HM-06423,0.4737,Reject,1,0.5979,0.9302
LN-HM-06424,0.0,Approve,0,0.4415,0.6582
LN-HM-06425,1.0,Reject,1,0.7794,0.8156
LN-HM-06426,0.9135,Reject,1,0.8232,0.7347
LN-HM-06427,0.633,Reject,1,0.7531,0.9241
LN-HM-06428,0.7081,Reject,1,0.6161,0.0
LN-HM-06429,0.45,Reject,1,0.7497,0.0
LN-HM-06430,0.1224,Approve,0,0.3867,0.0
LN-HM-06431,0.5953,Reject,1,0.6563,0.8673
LN-HM-06432,0.7011,Reject,0,0.7593,0.668
LN-HM-06433,0.69,Reject,1,0.6579,0.9243
LN-HM-06434,0.3707,Review,1,0.543,0.7643
LN-HM-06435,0.9146,Reject,1,1.0299,0.7105
LN-HM-06436,0.6131,Reject,1,0.5281,0.8138
LN-HM-06437,0.4006,Reject,1,0.5296,0.7077
LN-HM-06438,1.0,Reject,1,0.7922,0.9038
LN-HM-06439,0.6288,Reject,1,0.6604,0.9323
LN-HM-06440,0.5198,Reject,1,0.6035,0.9077
LN-HM-06441,0.8879,Reject,1,1.0851,0.8923
LN-HM-06442,0.6793,Reject,0,0.7151,0.8269
LN-HM-06443,0.6507,Reject,1,0.8102,0.8517
LN-HM-06444,0.3541,Reject,0,0.6161,0.6786
LN-HM-06445,0.6589,Reject,1,0.7336,0.9058
LN-HM-06446,0.6634,Reject,1,0.9048,0.7408
LN-HM-06447,0.2547,Reject,1,0.577,0.9081
LN-HM-06448,0.4843,Reject,0,0.5662,0.7528
LN-HM-06449,0.2207,Review,0,0.4335,0.6985
LN-HM-06450,0.6349,Reject,0,0.9668,0.0
LN-HM-06451,0.533,Reject,1,0.574,0.9159
LN-HM-06452,0.4325,Reject,0,0.824,0.7164
LN-HM-06453,0.3472,Reject,0,0.5869,0.0
LN-HM-06454,0.4081,Reject,0,0.7597,0.0
LN-HM-06455,0.5922,Reject,0,0.8372,0.7565
LN-HM-06456,0.7157,Reject,1,0.963,0.8389
LN-HM-06457,0.9185,Reject,1,0.7741,0.0
LN-HM-06458,0.4076,Reject,0,0.6702,0.8667
LN-HM-06459,0.3418,Review,0,0.5138,0.0
LN-HM-06460,0.5019,Reject,1,0.5097,0.8905
LN-HM-06461,0.9299,Reject,1,0.7284,0.0
LN-HM-06462,0.4123,Reject,1,1.1334,0.0
LN-HM-06463,0.4535,Reject,0,0.6996,0.713
LN-HM-06464,0.0115,Approve,0,0.3881,0.0
LN-HM-06465,0.012,Approve,0,0.3215,0.0
LN-HM-06466,0.57,Reject,0,0.3805,0.6888
LN-HM-06467,0.5798,Reject,1,0.5393,0.872
LN-HM-06468,0.0,Approve,0,0.3804,0.6986
LN-HM-06469,1.0,Reject,1,0.9548,0.0
LN-HM-06470,0.7949,Reject,1,0.5304,0.7044
LN-HM-06471,0.0,Approve,0,0.4128,0.8803
LN-HM-06472,0.2892,Reject,0,0.553,0.7815
LN-HM-06473,0.2702,Reject,0,0.5944,0.6905
LN-HM-06474,0.6794,Reject,1,0.6178,0.8166
LN-HM-06475,0.7161,Reject,1,0.9592,0.6526
LN-HM-06476,0.7869,Reject,1,0.6607,0.7666
LN-HM-06477,0.1842,Approve,0,0.4478,0.0
LN-HM-06478,0.4742,Reject,1,0.5479,0.7942
LN-HM-06479,0.4293,Reject,1,0.6145,0.9159
LN-HM-06480,0.0,Approve,0,0.3064,0.7228
LN-HM-06481,0.7249,Reject,0,0.6181,0.7236
LN-HM-06482,0.6397,Reject,1,0.7035,0.8068
LN-HM-06483,0.1652,Approve,0,0.3561,0.0
LN-HM-06484,0.5445,Reject,1,0.5308,0.8837
LN-HM-06485,0.5223,Reject,0,0.814,0.0
LN-HM-06486,0.3149,Reject,1,1.364,0.0
LN-HM-06487,0.4699,Reject,1,0.8507,0.6509
LN-HM-06488,0.4269,Reject,0,0.7275,0.0
LN-HM-06489,0.6504,Reject,0,1.3009,0.0
LN-HM-06490,0.0751,Approve,1,0.3996,0.8606
LN-HM-06491,0.3979,Reject,0,0.5774,0.0
LN-HM-06492,0.2446,Review,1,0.53,0.0
LN-HM-06493,0.3997,Review,0,0.5227,0.8176
LN-HM-06494,0.0705,Approve,0,0.361,0.0
LN-HM-06495,0.6311,Reject,0,0.5824,0.8512
LN-HM-06496,0.4613,Reject,1,0.2761,0.0
LN-HM-06497,0.7198,Reject,0,0.552,0.0
LN-HM-06498,0.0,Approve,0,0.28,0.0
LN-HM-06499,0.2539,Reject,0,0.6445,0.0
LN-HM-06500,0.7337,Reject,1,0.9913,0.0
LN-HM-06501,0.2164,Review,1,0.5395,0.0
LN-HM-06502,0.4194,Reject,0,0.8428,0.7865
LN-HM-06503,0.4015,Reject,1,0.4051,0.0
LN-HM-06504,0.4788,Reject,1,0.5154,0.9284
LN-HM-06505,0.631,Reject,1,0.6509,0.9343
LN-HM-06506,0.2951,Reject,1,0.6272,0.0
LN-HM-06507,0.2233,Reject,0,0.619,0.6639
LN-HM-06508,0.4353,Reject,1,0.6025,0.8363
LN-HM-06509,0.5596,Reject,1,1.3859,0.0
LN-HM-06510,0.7487,Reject,1,0.6668,0.7105
LN-HM-06511,0.1698,Reject,0,0.6494,0.0
LN-HM-06512,0.7469,Reject,1,0.5962,0.7851
LN-HM-06513,0.6989,Reject,1,0.7374,0.8892
LN-HM-06514,0.4386,Reject,0,0.6735,0.7107
LN-HM-06515,0.5123,Reject,1,0.6285,0.9444
LN-HM-06516,0.5445,Reject,0,0.6877,0.7175
LN-HM-06517,0.1983,Review,1,0.5392,0.7991
LN-HM-06518,0.6614,Reject,0,0.7189,0.8556
LN-HM-06519,0.4658,Reject,0,0.8657,0.7163
LN-HM-06520,0.7881,Reject,1,0.8538,0.9198
LN-HM-06521,0.254,Reject,0,0.5688,0.0
LN-HM-06522,0.2692,Reject,1,0.6244,0.8533
LN-HM-06523,0.0,Approve,0,0.2846,0.6947
LN-HM-06524,0.4499,Reject,1,0.4318,0.6923
LN-HM-06525,0.7556,Reject,1,0.5851,0.7069
LN-HM-06526,0.6977,Reject,1,1.1369,0.0
LN-HM-06527,0.0316,Approve,0,0.2974,0.0
LN-HM-06528,0.0592,Approve,0,0.2529,0.0
LN-HM-06529,0.4406,Reject,0,0.532,0.8324
LN-HM-06530,0.876,Reject,1,0.7489,0.9416
LN-HM-06531,0.54,Reject,1,0.4811,0.8632
LN-HM-06532,0.2663,Review,0,0.5197,0.0
LN-HM-06533,0.6857,Reject,0,1.0784,0.9252
LN-HM-06534,0.3204,Reject,0,0.6333,0.7772
LN-HM-06535,0.4879,Reject,0,0.626,0.6723
LN-HM-06536,0.4573,Reject,0,0.3336,0.7115
LN-HM-06537,0.6408,Reject,0,0.4064,0.9014
LN-HM-06538,0.2061,Reject,0,0.5628,0.6889
LN-HM-06539,0.0,Approve,0,0.489,0.6973
LN-HM-06540,0.691,Reject,0,0.752,0.8434
LN-HM-06541,0.274,Review,0,0.5464,0.0
LN-HM-06542,0.5093,Reject,1,1.1032,0.0
LN-HM-06543,0.0631,Approve,0,0.3938,0.0
LN-HM-06544,0.5766,Reject,1,0.8532,0.7669
LN-HM-06545,0.9827,Reject,1,0.6757,0.7143
LN-HM-06546,0.0,Approve,0,0.4224,0.7463
LN-HM-06547,0.2778,Review,0,0.5366,0.0
LN-HM-06548,0.275,Reject,0,0.6252,0.7737
LN-HM-06549,0.0458,Approve,0,0.4207,0.7834
LN-HM-06550,0.741,Reject,0,0.6757,0.0
LN-HM-06551,0.0909,Approve,0,0.3607,0.658
LN-HM-06552,0.7072,Reject,0,0.8009,0.0
LN-HM-06553,0.4417,Reject,0,0.4455,0.9221
LN-HM-06554,0.234,Reject,0,0.6087,0.0
LN-HM-06555,0.0438,Approve,0,0.3306,0.8333
LN-HM-06556,0.0,Approve,0,0.3804,0.0
LN-HM-06557,0.4357,Reject,1,0.8754,0.7737
LN-HM-06558,0.1609,Approve,0,0.4831,0.8498
LN-HM-06559,0.5215,Reject,1,0.5276,0.0
LN-HM-06560,0.1665,Approve,1,0.4969,0.0
LN-HM-06561,0.1192,Approve,0,0.2997,0.7379
LN-HM-06562,0.5016,Reject,0,0.6321,0.7496
LN-HM-06563,0.4134,Reject,0,0.7063,0.0
LN-HM-06564,0.5932,Reject,1,0.7065,0.7857
LN-HM-06565,0.2985,Reject,0,0.593,0.7461
LN-HM-06566,0.4897,Reject,0,0.9169,0.7746
LN-HM-06567,0.0,Approve,0,0.4718,0.7094
LN-HM-06568,0.4109,Reject,0,0.4748,0.8869
LN-HM-06569,0.0,Approve,0,0.3757,0.0
LN-HM-06570,0.4506,Reject,1,0.9022,0.7787
LN-HM-06571,0.1998,Approve,1,0.4929,0.8806
LN-HM-06572,0.6101,Reject,1,0.5559,0.0
LN-HM-06573,0.1379,Approve,0,0.3416,0.7294
LN-HM-06574,0.5241,Reject,0,0.5873,0.8856
LN-HM-06575,0.4436,Reject,1,0.5511,0.9412
LN-HM-06576,0.3669,Review,0,0.5255,0.7622
LN-HM-06577,0.4801,Reject,1,0.646,0.7195
LN-HM-06578,0.3841,Reject,0,0.641,0.785
LN-HM-06579,0.2595,Review,0,0.4595,0.8958
LN-HM-06580,0.0034,Approve,0,0.4319,0.0
LN-HM-06581,0.4933,Reject,1,0.7438,0.7596
LN-HM-06582,0.1926,Reject,0,0.6223,0.0
LN-HM-06583,0.1541,Approve,0,0.4958,0.8144
LN-HM-06584,0.4762,Reject,0,0.4169,0.6784
LN-HM-06585,0.5319,Reject,0,0.9849,0.0
LN-HM-06586,0.0,Approve,0,0.2322,0.0
LN-HM-06587,0.488,Reject,0,0.8506,0.7945
LN-HM-06588,0.6724,Reject,1,0.7616,0.7859
LN-HM-06589,0.5978,Reject,0,0.6392,0.7527
LN-HM-06590,0.4292,Reject,0,0.8104,0.8288
LN-HM-06591,0.6192,Reject,0,0.5143,0.8507
LN-HM-06592,0.0,Approve,0,0.4198,0.0
LN-HM-06593,0.3879,Reject,0,0.5576,0.6667
LN-HM-06594,0.2955,Reject,1,0.5567,0.0
LN-HM-06595,0.3172,Review,0,0.5066,0.7754
LN-HM-06596,0.1925,Approve,1,0.3547,0.8857
LN-HM-06597,0.0,Approve,0,0.4222,0.6531
LN-HM-06598,0.8036,Reject,0,0.6093,0.0
LN-HM-06599,0.5407,Reject,1,0.8774,0.0
LN-HM-06600,0.8953,Reject,1,0.9349,0.9274
LN-HM-06601,0.4767,Reject,1,0.5604,0.0
LN-HM-06602,0.6614,Reject,0,0.7154,0.9055
LN-HM-06603,0.654,Reject,1,0.8187,0.8802
LN-HM-06604,0.0761,Approve,0,0.3583,0.0
LN-HM-06605,0.0,Approve,0,0.3597,0.7689
LN-HM-06606,0.6027,Reject,0,0.6998,0.879
LN-HM-06607,0.6705,Reject,0,0.4387,0.8846
LN-HM-06608,0.7599,Reject,1,0.6608,0.9455
LN-HM-06609,0.4704,Reject,1,0.6305,0.8304
LN-HM-06610,0.1669,Reject,0,0.602,0.7212
LN-HM-06611,0.9012,Reject,1,0.6806,0.9161
LN-HM-06612,0.3902,Review,0,0.514,0.9218
LN-HM-06613,0.6484,Reject,1,0.8109,0.8812
LN-HM-06614,0.5358,Reject,1,0.5724,0.8012
LN-HM-06615,0.2791,Reject,0,0.5867,0.7008
LN-HM-06616,0.2719,Reject,1,0.5987,0.0
LN-HM-06617,0.0969,Approve,0,0.2865,0.6553
LN-HM-06618,0.1617,Approve,0,0.3761,0.9487
LN-HM-06619,0.7195,Reject,1,0.6847,0.0
LN-HM-06620,0.7575,Reject,1,0.6669,0.6892
LN-HM-06621,0.0081,Approve,0,0.2637,0.801
LN-HM-06622,0.2829,Review,0,0.5398,0.7632
LN-HM-06623,0.2898,Reject,1,0.9515,0.6634
LN-HM-06624,0.3218,Reject,1,0.6438,0.8596
LN-HM-06625,0.1981,Reject,0,0.6362,0.0
LN-HM-06626,0.0586,Approve,0,0.474,0.9394
LN-HM-06627,0.4561,Reject,0,0.6519,0.669
LN-HM-06628,0.3563,Reject,0,0.7672,0.0
LN-HM-06629,0.6795,Reject,0,0.9705,0.9474
LN-HM-06630,0.4255,Reject,1,0.6623,0.9054
LN-HM-06631,0.6444,Reject,1,0.7277,0.0
LN-HM-06632,0.2135,Review,0,0.5406,0.0
LN-HM-06633,0.0,Approve,0,0.2269,0.0
LN-HM-06634,0.0,Approve,0,0.2386,0.0
LN-HM-06635,0.4896,Reject,1,0.6515,0.0
LN-HM-06636,0.5831,Reject,1,0.5589,0.6969
LN-HM-06637,0.4603,Reject,0,0.8055,0.0
LN-HM-06638,0.277,Reject,1,0.6368,0.84
LN-HM-06639,0.4749,Reject,1,1.0554,0.0
LN-HM-06640,0.7329,Reject,0,0.7439,0.7796
LN-HM-06641,0.4939,Reject,0,1.629,0.0
LN-HM-06642,0.2057,Review,0,0.5432,0.7893
LN-HM-06643,0.2316,Review,0,0.5369,0.72
LN-HM-06644,0.6823,Reject,1,0.8122,0.7128
LN-HM-06645,0.0,Approve,0,0.4631,0.0
LN-HM-06646,0.3796,Reject,1,0.4674,0.6583
LN-HM-06647,0.0,Approve,0,0.2256,0.0
LN-HM-06648,0.5343,Reject,0,0.745,0.7841
LN-HM-06649,0.1657,Approve,0,0.4225,0.8087
LN-HM-06650,0.6081,Reject,1,0.3132,0.8696
LN-HM-06651,0.4596,Reject,1,0.6966,0.7841
LN-HM-06652,0.0,Approve,0,0.4414,0.9487
LN-HM-06653,0.2956,Reject,1,0.6106,0.73
LN-HM-06654,0.0,Approve,0,0.3545,0.7692
LN-HM-06655,0.8673,Reject,1,0.7325,0.8585
LN-HM-06656,0.9116,Reject,1,0.5078,0.8714
LN-HM-06657,0.4154,Reject,0,0.892,0.6687
LN-HM-06658,0.4281,Reject,0,0.8637,0.0
LN-HM-06659,0.1889,Approve,0,0.4464,0.8273
LN-HM-06660,0.0465,Approve,0,0.301,0.0
LN-HM-06661,0.677,Reject,1,0.6141,0.8876
LN-HM-06662,0.4865,Reject,0,0.7075,0.75
LN-HM-06663,0.1027,Approve,0,0.4201,0.8281
LN-HM-06664,0.4036,Reject,0,0.5021,0.6545
LN-HM-06665,0.6226,Reject,0,0.9652,0.7836
LN-HM-06666,0.7585,Reject,1,0.7114,0.9
LN-HM-06667,0.4136,Reject,1,0.7257,0.0
LN-HM-06668,0.441,Reject,0,0.585,0.8945
LN-HM-06669,0.5836,Reject,0,1.5306,0.0
LN-HM-06670,0.7122,Reject,1,0.5413,0.9254
LN-HM-06671,0.2119,Review,0,0.2484,0.7646
LN-HM-06672,0.7267,Reject,0,1.0081,0.0
LN-HM-06673,0.173,Review,0,0.5099,0.7284
LN-HM-06674,0.8944,Reject,1,0.9563,0.6869
LN-HM-06675,0.4112,Reject,1,0.5816,0.8821
LN-HM-06676,0.2817,Reject,0,0.6486,0.7937
LN-HM-06677,1.0,Reject,1,0.78,0.7982
LN-HM-06678,0.4815,Reject,1,1.453,0.0
LN-HM-06679,0.2091,Reject,0,0.554,0.0
LN-HM-06680,0.2289,Reject,0,0.6393,0.9461
LN-HM-06681,0.0325,Approve,0,0.3527,0.7887
LN-HM-06682,0.4788,Reject,0,0.6471,0.8823
LN-HM-06683,0.5376,Reject,0,0.5425,0.6515
LN-HM-06684,0.6772,Reject,1,0.7686,0.7544
LN-HM-06685,0.4565,Reject,1,0.4958,0.9111
LN-HM-06686,0.2754,Review,0,0.5449,0.775
LN-HM-06687,0.7135,Reject,1,0.6767,0.8723
LN-HM-06688,0.0,Approve,0,0.3571,0.0
LN-HM-06689,0.2737,Reject,1,0.5846,0.6799
LN-HM-06690,0.4174,Reject,0,0.5447,0.7578
LN-HM-06691,0.0,Approve,0,0.4557,0.0
LN-HM-06692,0.4401,Reject,1,0.3738,0.0
LN-HM-06693,0.6001,Reject,1,0.7437,0.8567
LN-HM-06694,0.0,Approve,0,0.3695,0.0
LN-HM-06695,0.7862,Reject,1,0.624,0.8796
LN-HM-06696,0.7354,Reject,0,0.7685,0.0
LN-HM-06697,0.3611,Reject,1,0.4852,0.0
LN-HM-06698,0.8443,Reject,1,0.9656,0.9081
LN-HM-06699,0.4446,Reject,1,0.4414,0.6835
LN-HM-06700,0.6698,Reject,0,0.9189,0.8336
LN-HM-06701,0.3054,Reject,0,0.5689,0.6598
LN-HM-06702,0.0,Approve,0,0.2396,0.0
LN-HM-06703,0.5811,Reject,1,0.5935,0.8806
LN-HM-06704,0.5394,Reject,0,0.6436,0.812
LN-HM-06705,0.0162,Approve,0,0.4746,0.0
LN-HM-06706,0.5743,Reject,0,0.6303,0.0
LN-HM-06707,0.5187,Reject,0,0.6892,0.7032
LN-HM-06708,0.0071,Approve,0,0.4823,0.0
LN-HM-06709,0.3597,Review,1,0.5401,0.0
LN-HM-06710,0.5785,Reject,0,0.8597,0.0
LN-HM-06711,0.5076,Reject,1,0.8575,0.7668
LN-HM-06712,0.7182,Reject,1,0.7373,0.9106
LN-HM-06713,0.7454,Reject,1,0.6799,0.8357
LN-HM-06714,0.3672,Reject,0,0.5769,0.8609
LN-HM-06715,0.67,Reject,1,0.5015,0.9444
LN-HM-06716,0.7892,Reject,1,0.6323,0.6504
LN-HM-06717,0.4792,Reject,0,0.6689,0.8472
LN-HM-06718,0.241,Review,1,0.5092,0.9408
LN-HM-06719,0.8723,Reject,1,0.6562,0.8628
LN-HM-06720,0.0,Approve,0,0.4878,0.0
LN-HM-06721,0.3422,Reject,1,0.6184,0.9167
LN-HM-06722,0.0,Approve,0,0.4794,0.8901
LN-HM-06723,0.2488,Reject,0,0.6065,0.0
LN-HM-06724,0.7099,Reject,1,0.8792,0.9085
LN-HM-06725,0.4504,Reject,0,0.6743,0.0
LN-HM-06726,0.0348,Approve,0,0.4298,0.7844
LN-HM-06727,0.8077,Reject,1,0.645,0.0
LN-HM-06728,0.0081,Approve,0,0.4839,0.0
LN-HM-06729,0.2304,Reject,0,0.5705,0.0
LN-HM-06730,0.7201,Reject,1,0.7585,0.8952
LN-HM-06731,0.424,Reject,1,0.4664,0.8671
LN-HM-06732,0.5544,Reject,1,0.6518,0.6946
LN-HM-06733,0.5574,Reject,0,0.511,0.8972
LN-HM-06734,0.2807,Reject,0,0.5717,0.0
LN-HM-06735,0.683,Reject,1,0.8048,0.8833
LN-HM-06736,0.4812,Reject,0,0.6453,0.0
LN-HM-06737,1.0,Reject,1,0.6273,0.9321
LN-HM-06738,0.0,Approve,0,0.405,0.8506
LN-HM-06739,0.3543,Review,1,0.5429,0.0
LN-HM-06740,0.1633,Approve,1,0.4899,0.8276
LN-HM-06741,0.3441,Reject,1,0.6385,0.0
LN-HM-06742,0.2236,Review,0,0.4879,0.937
LN-HM-06743,0.2794,Reject,0,0.6018,0.0
LN-HM-06744,0.9451,Reject,1,0.7444,0.8467
LN-HM-06745,0.5296,Reject,0,0.6663,0.7718
LN-HM-06746,0.0,Approve,0,0.4312,0.6877
LN-HM-06747,0.5319,Reject,0,0.7802,0.7979
LN-HM-06748,0.2374,Review,0,0.4412,0.8875
LN-HM-06749,0.174,Approve,0,0.4571,0.8693
LN-HM-06750,0.677,Reject,1,0.993,0.0
LN-HM-06751,0.4249,Reject,0,0.5424,0.8843
LN-HM-06752,0.0,Approve,0,0.479,0.0
LN-HM-06753,0.1402,Approve,0,0.2841,0.9101
LN-HM-06754,0.4751,Reject,0,0.7617,0.6839
LN-HM-06755,0.958,Reject,1,0.7898,0.0
LN-HM-06756,0.2288,Reject,0,0.6348,0.6828
LN-HM-06757,0.6098,Reject,1,0.5453,0.9131
LN-HM-06758,0.7599,Reject,1,0.8549,0.8807
LN-HM-06759,0.0,Approve,0,0.3858,0.748
LN-HM-06760,0.2857,Review,0,0.3294,0.9187
LN-HM-06761,0.2263,Reject,1,0.5739,0.6766
LN-HM-06762,0.6838,Reject,0,0.7427,0.7857
LN-HM-06763,0.7434,Reject,1,0.8754,0.6953
LN-HM-06764,0.501,Reject,1,0.6114,0.7354
LN-HM-06765,0.1666,Approve,0,0.3676,0.0
LN-HM-06766,0.5338,Reject,1,0.5183,0.8914
LN-HM-06767,0.0,Approve,0,0.3298,0.0
LN-HM-06768,0.9178,Reject,1,0.7942,0.6807
LN-HM-06769,0.2211,Review,0,0.3284,0.8028
LN-HM-06770,0.2915,Reject,0,0.5912,0.0
LN-HM-06771,0.1494,Reject,0,0.5516,0.0
LN-HM-06772,1.0,Reject,1,0.6866,0.867
LN-HM-06773,0.0,Approve,0,0.4945,0.0
LN-HM-06774,0.1822,Reject,0,0.6009,0.7581
LN-HM-06775,0.6445,Reject,0,0.7317,0.9123
LN-HM-06776,0.556,Reject,1,0.6467,0.9262
LN-HM-06777,0.4632,Reject,1,0.6394,0.86
LN-HM-06778,0.0,Approve,0,0.3204,0.7317
LN-HM-06779,0.4043,Reject,1,0.4171,0.7998
LN-HM-06780,0.9717,Reject,1,0.8448,0.8973
LN-HM-06781,0.6247,Reject,1,0.7796,0.905
LN-HM-06782,0.1593,Reject,0,0.6239,0.6523
LN-HM-06783,0.771,Reject,1,0.5848,0.6606
LN-HM-06784,0.5561,Reject,1,0.5575,0.9261
LN-HM-06785,1.0,Reject,1,0.6567,0.9091
LN-HM-06786,0.2413,Review,0,0.5008,0.7333
LN-HM-06787,0.5674,Reject,0,0.6659,0.7481
LN-HM-06788,0.5902,Reject,0,0.8014,0.81
LN-HM-06789,0.6736,Reject,0,0.7251,0.8356
LN-HM-06790,0.1927,Reject,0,0.6325,0.6645
LN-HM-06791,0.2745,Reject,0,0.5505,0.6523
LN-HM-06792,0.4481,Reject,0,0.8448,0.0
LN-HM-06793,0.8543,Reject,1,0.6869,0.905
LN-HM-06794,0.1646,Reject,0,0.6472,0.7788
LN-HM-06795,0.0,Approve,0,0.2,0.0
LN-HM-06796,0.2624,Reject,1,0.6129,0.7965
LN-HM-06797,0.501,Reject,0,0.7202,0.727
LN-HM-06798,0.2077,Review,1,0.4798,0.8247
LN-HM-06799,0.1784,Reject,0,0.5573,0.0
LN-HM-06800,0.594,Reject,1,0.6733,0.7144
LN-HM-06801,0.3835,Review,0,0.4915,0.9082
LN-HM-06802,0.033,Approve,0,0.4859,0.0
LN-HM-06803,0.0817,Approve,0,0.4352,0.0
LN-HM-06804,0.533,Reject,0,0.6568,0.0
LN-HM-06805,0.3183,Reject,0,0.6025,0.0
LN-HM-06806,0.7605,Reject,1,0.8452,0.9328
LN-HM-06807,0.1875,Reject,0,0.5959,0.8403
LN-HM-06808,0.8617,Reject,1,0.9856,0.8414
LN-HM-06809,0.6339,Reject,0,0.6713,0.9025
LN-HM-06810,0.4237,Reject,0,0.8483,0.7027
LN-HM-06811,0.2753,Review,1,0.5205,0.6842
LN-HM-06812,0.1627,Approve,0,0.4284,0.0
LN-HM-06813,0.2072,Review,1,0.417,0.8244
LN-HM-06814,0.2068,Review,0,0.4758,0.6667
LN-HM-06815,0.4962,Reject,0,0.5289,0.8783
LN-HM-06816,0.7639,Reject,1,0.7029,0.6556
LN-HM-06817,0.6456,Reject,0,0.8302,0.777
LN-HM-06818,0.0,Approve,0,0.4458,0.0
LN-HM-06819,0.0,Approve,0,0.4151,0.7166
LN-HM-06820,0.294,Review,0,0.3734,0.895
LN-HM-06821,0.4493,Reject,0,0.3963,0.902
LN-HM-06822,0.1374,Approve,0,0.4786,0.8901
LN-HM-06823,0.4278,Reject,0,0.624,0.8519
LN-HM-06824,0.5318,Reject,0,0.6295,0.8285
LN-HM-06825,0.7417,Reject,1,0.689,0.8301
LN-HM-06826,0.2656,Review,0,0.4438,0.8983
LN-HM-06827,0.6788,Reject,1,0.7302,0.7588
LN-HM-06828,0.6605,Reject,1,0.8278,0.7096
LN-HM-06829,0.0203,Approve,0,0.3646,0.0
LN-HM-06830,0.5815,Reject,1,0.7747,0.9115
LN-HM-06831,0.3636,Review,1,0.5279,0.6906
LN-HM-06832,0.6022,Reject,1,1.4778,0.0
LN-HM-06833,0.2266,Review,0,0.4425,0.9165
LN-HM-06834,0.6853,Reject,0,0.5158,0.8676
LN-HM-06835,0.0,Approve,0,0.4986,0.0
LN-HM-06836,0.042,Approve,0,0.451,0.8174
LN-HM-06837,0.6616,Reject,1,1.2971,0.0
LN-HM-06838,0.2355,Review,0,0.4852,0.906
LN-HM-06839,0.4779,Reject,0,0.5343,0.917
LN-HM-06840,0.3789,Review,0,0.2934,0.8884
LN-HM-06841,0.5352,Reject,1,1.1069,0.0
LN-HM-06842,0.6225,Reject,1,0.6854,0.8074
LN-HM-06843,0.4831,Reject,0,0.6653,0.9462
LN-HM-06844,0.3232,Review,1,0.5392,0.6813
LN-HM-06845,0.9666,Reject,1,0.7273,0.0
LN-HM-06846,0.0,Approve,0,0.3603,0.94
LN-HM-06847,0.7955,Reject,1,0.5246,0.6734
LN-HM-06848,0.6767,Reject,1,0.7862,0.9296
LN-HM-06849,1.0,Reject,1,0.8211,0.8338
LN-HM-06850,0.0,Approve,0,0.4354,0.7947
LN-HM-06851,0.722,Reject,1,0.6355,0.8782
LN-HM-06852,0.4359,Reject,0,0.8555,0.0
LN-HM-06853,0.2761,Review,1,0.4767,0.0
LN-HM-06854,0.36,Reject,0,0.8868,0.6793
LN-HM-06855,0.5012,Reject,0,0.7175,0.0
LN-HM-06856,0.0,Approve,0,0.3629,0.7354
LN-HM-06857,0.0,Approve,0,0.4717,0.7946
LN-HM-06858,0.3755,Reject,0,0.5799,0.9339
LN-HM-06859,0.2256,Reject,0,0.6244,0.0
LN-HM-06860,0.1658,Approve,0,0.3752,0.9089
LN-HM-06861,0.4083,Reject,1,0.5918,0.8866
LN-HM-06862,0.0,Approve,0,0.3609,0.0
LN-HM-06863,0.207,Reject,0,0.5959,0.7253
LN-HM-06864,0.6879,Reject,1,0.6613,0.67
LN-HM-06865,0.1589,Approve,0,0.4877,0.0
LN-HM-06866,0.0,Approve,0,0.2154,0.0
LN-HM-06867,0.4932,Reject,0,1.365,0.0
LN-HM-06868,0.0,Approve,0,0.4247,0.6919
LN-HM-06869,0.4002,Reject,0,0.913,0.9091
LN-HM-06870,0.3838,Reject,1,0.5601,0.7414
LN-HM-06871,0.5405,Reject,1,0.8325,0.7337
LN-HM-06872,0.7549,Reject,0,0.7492,0.9486
LN-HM-06873,0.2509,Review,1,0.5135,0.6639
LN-HM-06874,0.0,Approve,0,0.4195,0.0
LN-HM-06875,0.1528,Approve,1,0.3905,0.822
LN-HM-06876,0.3782,Reject,1,0.707,0.772
LN-HM-06877,0.4799,Reject,0,0.8063,0.7165
LN-HM-06878,0.0,Approve,0,0.4926,0.6528
LN-HM-06879,0.0063,Approve,0,0.2154,0.0
LN-HM-06880,0.3672,Reject,0,0.6247,0.666
LN-HM-06881,0.1969,Approve,0,0.4688,0.0
LN-HM-06882,0.0,Approve,0,0.4968,0.0
LN-HM-06883,0.447,Reject,1,0.6871,0.759
LN-HM-06884,0.0,Approve,0,0.2501,0.7433
LN-HM-06885,0.8625,Reject,1,0.7967,0.8539
LN-HM-06886,0.3599,Reject,1,0.7103,0.7316
LN-HM-06887,0.182,Approve,0,0.4691,0.6652
LN-HM-06888,0.5024,Reject,1,0.896,0.7831
LN-HM-06889,0.6885,Reject,0,0.7585,0.7456
LN-HM-06890,0.4761,Reject,1,0.7265,0.6904
LN-HM-06891,0.4063,Reject,1,0.4476,0.7417
LN-HM-06892,0.617,Reject,0,0.343,0.8491
LN-HM-06893,0.0,Approve,0,0.4959,0.6923
LN-HM-06894,0.5129,Reject,0,0.8262,0.7106
LN-HM-06895,0.0,Approve,0,0.3064,0.875
LN-HM-06896,0.1542,Reject,0,0.5506,0.7286
LN-HM-06897,0.2395,Reject,0,0.6187,0.74
LN-HM-06898,0.6639,Reject,1,0.5902,0.9258
LN-HM-06899,0.1034,Approve,1,0.4276,0.6909
LN-HM-06900,0.7226,Reject,1,0.6533,0.9267
LN-HM-06901,0.4144,Reject,0,0.5324,0.7053
LN-HM-06902,0.1463,Approve,0,0.3027,0.0
LN-HM-06903,0.0985,Approve,1,0.3248,0.0
LN-HM-06904,0.6767,Reject,0,0.7922,0.8839
LN-HM-06905,0.6034,Reject,0,0.5641,0.7823
LN-HM-06906,0.5038,Reject,1,0.6144,0.7273
LN-HM-06907,1.0,Reject,1,0.7364,0.8761
LN-HM-06908,0.6501,Reject,1,0.8755,0.8788
LN-HM-06909,0.0,Approve,0,0.4244,0.6679
LN-HM-06910,0.0013,Approve,0,0.2488,0.0
LN-HM-06911,0.6956,Reject,1,0.6566,0.7886
LN-HM-06912,0.9367,Reject,1,0.6561,0.7131
LN-HM-06913,0.0,Approve,0,0.4114,0.7797
LN-HM-06914,0.7683,Reject,0,0.5317,0.0
LN-HM-06915,0.3939,Reject,0,0.6723,0.0
LN-HM-06916,0.4366,Reject,1,0.6578,0.7458
LN-HM-06917,0.0,Approve,0,0.1989,0.7975
LN-HM-06918,0.8062,Reject,1,0.8452,0.716
LN-HM-06919,0.3963,Reject,0,0.5572,0.9341
LN-HM-06920,0.048,Approve,0,0.4512,0.0
LN-HM-06921,0.5944,Reject,1,0.5398,0.8403
LN-HM-06922,0.2731,Reject,0,0.6499,0.6649
LN-HM-06923,0.0,Approve,0,0.353,0.8327
LN-HM-06924,0.0796,Approve,0,0.4081,0.678
LN-HM-06925,0.4539,Reject,0,0.7215,0.0
LN-HM-06926,0.5593,Reject,1,0.8598,0.9465
LN-HM-06927,0.0486,Approve,0,0.4948,0.7478
LN-HM-06928,0.5453,Reject,1,1.298,0.0
LN-HM-06929,0.0,Approve,0,0.3304,0.0
LN-HM-06930,0.6974,Reject,1,0.9318,0.8382
LN-HM-06931,0.9784,Reject,1,0.6949,0.6574
LN-HM-06932,0.5118,Reject,0,0.602,0.8182
LN-HM-06933,0.2131,Review,0,0.4343,0.7786
LN-HM-06934,0.432,Reject,1,0.6683,0.0
LN-HM-06935,0.6728,Reject,1,0.5325,0.8497
LN-HM-06936,0.5247,Reject,1,0.7789,0.6869
LN-HM-06937,0.0187,Approve,0,0.4394,0.6971
LN-HM-06938,0.2126,Reject,0,0.6077,0.7647
LN-HM-06939,0.409,Reject,1,0.6621,0.7525
LN-HM-06940,0.0,Approve,0,0.4815,0.9333
LN-HM-06941,0.5769,Reject,0,0.5707,0.9091
LN-HM-06942,0.9487,Reject,1,0.653,0.9059
LN-HM-06943,0.2281,Review,0,0.3915,0.7209
LN-HM-06944,0.6464,Reject,1,0.948,0.7789
LN-HM-06945,0.2279,Review,1,0.524,0.0
LN-HM-06946,0.3653,Reject,0,0.7648,0.7218
LN-HM-06947,0.7077,Reject,1,0.6908,0.7615
LN-HM-06948,0.8816,Reject,0,0.748,0.885
LN-HM-06949,0.4461,Reject,1,0.7047,0.0
LN-HM-06950,1.0,Reject,1,0.7214,0.9434
LN-HM-06951,0.0279,Approve,0,0.4504,0.7492
LN-HM-06952,0.5902,Reject,1,0.6643,0.6787
LN-HM-06953,0.2086,Review,0,0.2292,0.0
LN-HM-06954,0.0,Approve,0,0.4579,0.0
LN-HM-06955,0.6298,Reject,0,0.8251,0.8921
LN-HM-06956,0.0361,Approve,0,0.4335,0.9351
LN-HM-06957,0.5725,Reject,1,0.9402,0.653
LN-HM-06958,0.7121,Reject,1,0.8361,0.7696
LN-HM-06959,0.0376,Approve,0,0.4027,0.0
LN-HM-06960,0.9656,Reject,1,1.067,0.8992
LN-HM-06961,0.0,Approve,0,0.4394,0.7154
LN-HM-06962,0.6676,Reject,0,0.8451,0.8536
LN-HM-06963,0.7163,Reject,0,0.748,0.7681
LN-HM-06964,0.7537,Reject,1,0.6749,0.8752
LN-HM-06965,0.4965,Reject,0,0.7947,0.7533
LN-HM-06966,0.0,Approve,0,0.3171,0.7836
LN-HM-06967,0.5758,Reject,1,0.644,0.8086
LN-HM-06968,0.5914,Reject,0,0.6221,0.8075
LN-HM-06969,0.388,Reject,1,0.4637,0.0
LN-HM-06970,0.7471,Reject,1,0.5881,0.7023
LN-HM-06971,0.4556,Reject,1,0.6918,0.0
LN-HM-06972,0.3052,Reject,0,0.6102,0.6798
LN-HM-06973,0.5092,Reject,1,0.8901,0.0
LN-HM-06974,0.0,Approve,0,0.4675,0.0
LN-HM-06975,0.3083,Review,0,0.5466,0.7708
LN-HM-06976,0.3473,Reject,0,0.8406,0.6894
LN-HM-06977,0.2629,Review,1,0.5486,0.8571
LN-HM-06978,0.4781,Reject,0,0.6903,0.0
LN-HM-06979,0.1551,Reject,0,0.6164,0.0
LN-HM-06980,0.0,Approve,0,0.4284,0.679
LN-HM-06981,0.0,Approve,0,0.2566,0.0
LN-HM-06982,0.6496,Reject,1,0.7851,0.0
LN-HM-06983,0.4813,Reject,1,0.6732,0.0
LN-HM-06984,0.7452,Reject,1,0.7089,0.6706
LN-HM-06985,0.7429,Reject,0,0.5141,0.9302
LN-HM-06986,0.0,Approve,0,0.3632,0.0
LN-HM-06987,0.1707,Approve,1,0.2563,0.0
LN-HM-06988,0.3898,Review,0,0.4633,0.9301
LN-HM-06989,0.1768,Reject,0,0.6054,0.7273
LN-HM-06990,0.3592,Reject,0,0.5626,0.7879
LN-HM-06991,0.9381,Reject,1,0.8983,0.7186
LN-HM-06992,0.6994,Reject,1,0.5428,0.754
LN-HM-06993,0.6843,Reject,1,0.7565,0.8597
LN-HM-06994,0.1881,Approve,0,0.3904,0.0
LN-HM-06995,0.0,Approve,0,0.4099,0.688
LN-HM-06996,0.5924,Reject,1,0.6928,0.8678
LN-HM-06997,0.3532,Reject,0,0.6245,0.0
LN-HM-06998,0.5944,Reject,1,0.6841,0.0
LN-HM-06999,0.4765,Reject,1,0.7255,0.7936
LN-HM-07000,0.4467,Reject,0,0.6351,0.6845
LN-HM-07001,0.4754,Reject,1,0.8058,0.0
LN-HM-07002,0.1845,Approve,0,0.3498,0.0
LN-HM-07003,0.5899,Reject,0,0.5357,0.9223
LN-HM-07004,0.4288,Reject,1,0.962,0.7624
LN-HM-07005,0.6896,Reject,0,0.7471,0.8209
LN-HM-07006,0.6902,Reject,1,0.7294,0.907
LN-HM-07007,0.4277,Reject,1,0.727,0.6929
LN-HM-07008,0.1763,Approve,0,0.4279,0.8068
LN-HM-07009,0.2126,Review,0,0.4048,0.8397
LN-HM-07010,0.2427,Review,1,0.4945,0.8412
LN-HM-07011,0.7635,Reject,1,0.6118,0.7737
LN-HM-07012,0.0045,Approve,0,0.4087,0.0
LN-HM-07013,0.4897,Reject,0,0.5326,0.898
LN-HM-07014,0.7018,Reject,1,0.7528,0.0
LN-HM-07015,0.4313,Reject,0,0.7875,0.0
LN-HM-07016,0.3434,Review,1,0.5197,0.0
LN-HM-07017,0.2053,Review,1,0.4254,0.0
LN-HM-07018,0.0,Approve,0,0.4431,0.6935
LN-HM-07019,0.6835,Reject,0,0.7565,0.0
LN-HM-07020,0.5076,Reject,1,0.6072,0.9167
LN-HM-07021,0.0,Approve,0,0.4442,0.7532
LN-HM-07022,0.288,Review,1,0.5323,0.8226
LN-HM-07023,0.2504,Review,1,0.3813,0.65
LN-HM-07024,0.4872,Reject,1,0.8023,0.7487
LN-HM-07025,0.75,Reject,1,0.576,0.8122
LN-HM-07026,1.0,Reject,1,0.8921,0.8524
LN-HM-07027,0.0,Approve,0,0.3377,0.7474
LN-HM-07028,0.3782,Reject,0,0.5568,0.7355
LN-HM-07029,0.0,Approve,0,0.3792,0.7753
LN-HM-07030,0.06,Approve,0,0.4817,0.6533
LN-HM-07031,0.6059,Reject,0,0.8179,0.8176
LN-HM-07032,0.2459,Review,1,0.5378,0.6633
LN-HM-07033,0.7229,Reject,1,0.9271,0.7232
LN-HM-07034,0.1379,Approve,1,0.402,0.8148
LN-HM-07035,0.0777,Approve,0,0.4385,0.8936
LN-HM-07036,0.4099,Reject,1,1.4433,0.0
LN-HM-07037,0.4522,Reject,1,0.7906,0.701
LN-HM-07038,0.7724,Reject,0,0.7776,0.0
LN-HM-07039,0.7203,Reject,1,0.6364,0.75
LN-HM-07040,0.4431,Reject,1,0.7665,0.6766
LN-HM-07041,0.0,Approve,0,0.4271,0.0
LN-HM-07042,0.5285,Reject,1,0.8004,0.8169
LN-HM-07043,0.4257,Reject,0,0.605,0.8912
LN-HM-07044,0.4777,Reject,0,0.6996,0.675
LN-HM-07045,0.184,Approve,0,0.4018,0.8413
LN-HM-07046,0.9086,Reject,1,1.0478,0.8903
LN-HM-07047,0.5895,Reject,1,0.7189,0.7037
LN-HM-07048,0.5897,Reject,1,0.7748,0.7025
LN-HM-07049,0.2296,Reject,0,0.6014,0.0
LN-HM-07050,0.9217,Reject,1,0.8943,0.6866
LN-HM-07051,0.2143,Review,0,0.5069,0.0
LN-HM-07052,0.4768,Reject,1,0.6308,0.7731
LN-HM-07053,0.4054,Reject,1,0.5828,0.8676
LN-HM-07054,0.0,Approve,0,0.4622,0.6618
LN-HM-07055,0.3868,Reject,0,0.6558,0.6768
LN-HM-07056,0.3253,Review,1,0.5184,0.9217
LN-HM-07057,0.0,Approve,0,0.4031,0.9375
LN-HM-07058,0.0339,Approve,0,0.4988,0.0
LN-HM-07059,0.4533,Reject,0,1.3046,0.0
LN-HM-07060,0.0,Approve,0,0.4297,0.9095
LN-HM-07061,0.5114,Reject,1,0.5315,0.7917
LN-HM-07062,0.6644,Reject,1,0.9928,0.8209
LN-HM-07063,0.0969,Approve,0,0.4103,0.0
LN-HM-07064,0.3925,Review,0,0.4865,0.8232
LN-HM-07065,0.0309,Approve,0,0.4807,0.6755
LN-HM-07066,0.7361,Reject,1,0.8252,0.0
LN-HM-07067,0.5482,Reject,0,0.8077,0.875
LN-HM-07068,0.0,Approve,0,0.4637,0.8729
LN-HM-07069,0.4532,Reject,1,0.6197,0.8926
LN-HM-07070,0.6241,Reject,1,0.7869,0.9329
LN-HM-07071,0.5303,Reject,0,0.6381,0.0
LN-HM-07072,0.3825,Reject,0,0.6232,0.0
LN-HM-07073,0.5985,Reject,0,0.5833,0.9114
LN-HM-07074,0.0,Approve,0,0.3735,0.0
LN-HM-07075,0.3976,Reject,1,1.0573,0.0
LN-HM-07076,0.6504,Reject,1,0.9383,0.6796
LN-HM-07077,0.7471,Reject,0,1.187,0.0
LN-HM-07078,0.986,Reject,1,0.7675,0.6504
LN-HM-07079,0.3259,Reject,0,0.5792,0.0
LN-HM-07080,0.5289,Reject,0,0.8509,0.0
LN-HM-07081,0.9593,Reject,1,0.8497,0.7483
LN-HM-07082,0.0,Approve,0,0.2521,0.855
LN-HM-07083,0.2543,Review,0,0.5351,0.0
LN-HM-07084,0.5405,Reject,1,1.2957,0.0
LN-HM-07085,0.2474,Review,1,0.5194,0.6891
LN-HM-07086,0.3956,Reject,0,0.28,0.0
LN-HM-07087,1.0,Reject,1,0.8069,0.0
LN-HM-07088,0.3694,Reject,0,0.5542,0.6923
LN-HM-07089,0.5133,Reject,1,0.7946,0.0
LN-HM-07090,0.4,Reject,0,0.598,0.0
LN-HM-07091,0.6896,Reject,1,0.8344,0.7767
LN-HM-07092,0.498,Reject,0,0.8822,0.0
LN-HM-07093,0.0,Approve,0,0.3936,0.6977
LN-HM-07094,0.5257,Reject,1,0.6353,0.0
LN-HM-07095,0.5293,Reject,0,0.6757,0.7034
LN-HM-07096,0.2387,Reject,0,0.649,0.7727
LN-HM-07097,0.7349,Reject,0,0.7606,0.9
LN-HM-07098,0.2428,Reject,0,0.6273,0.0
LN-HM-07099,0.0,Approve,0,0.3937,0.0
LN-HM-07100,0.4407,Reject,1,0.6877,0.0
LN-HM-07101,0.3368,Reject,0,0.5954,0.0
LN-HM-07102,0.1448,Approve,0,0.3698,0.0
LN-HM-07103,1.0,Reject,1,0.9666,0.8381
LN-HM-07104,0.571,Reject,0,0.6156,0.7273
LN-HM-07105,0.0,Approve,0,0.4962,0.6992
LN-HM-07106,0.7011,Reject,1,0.8002,0.8838
LN-HM-07107,0.5833,Reject,0,0.6917,0.7554
LN-HM-07108,0.2215,Reject,0,0.5561,0.9086
LN-HM-07109,0.7271,Reject,0,0.6947,0.6471
LN-HM-07110,0.1215,Approve,0,0.3906,0.9139
LN-HM-07111,0.4492,Reject,0,0.5799,0.8795
LN-HM-07112,0.276,Reject,0,0.6417,0.7154
LN-HM-07113,0.5774,Reject,1,0.6635,0.7231
LN-HM-07114,0.7007,Reject,0,0.6446,0.9207
LN-HM-07115,0.5146,Reject,1,0.6012,0.8507
LN-HM-07116,0.6834,Reject,0,0.7686,0.8263
LN-HM-07117,0.5849,Reject,0,0.5455,0.0
LN-HM-07118,0.3549,Reject,0,0.8474,0.6538
LN-HM-07119,0.188,Approve,0,0.3615,0.8966
LN-HM-07120,0.3075,Review,0,0.3018,0.0
LN-HM-07121,0.8609,Reject,1,0.832,0.6718
LN-HM-07122,0.691,Reject,1,0.7735,0.0
LN-HM-07123,0.5696,Reject,0,0.8682,0.0
LN-HM-07124,0.0221,Approve,0,0.4582,0.7481
LN-HM-07125,0.015,Approve,0,0.1648,0.0
LN-HM-07126,0.6492,Reject,0,1.3415,0.0
LN-HM-07127,0.5257,Reject,1,0.7125,0.6649
LN-HM-07128,0.0,Approve,0,0.2562,0.8615
LN-HM-07129,0.0,Approve,0,0.4055,0.6667
LN-HM-07130,0.013,Approve,0,0.3383,0.0
LN-HM-07131,0.4932,Reject,1,0.7987,0.7508
LN-HM-07132,0.0359,Approve,0,0.4996,0.0
LN-HM-07133,0.993,Reject,1,0.7831,0.0
LN-HM-07134,0.5265,Reject,1,0.6638,0.8136
LN-HM-07135,0.7735,Reject,1,0.678,0.8653
LN-HM-07136,0.6836,Reject,1,0.7226,0.7886
LN-HM-07137,0.5413,Reject,0,0.6126,0.6667
LN-HM-07138,0.59,Reject,1,0.9225,0.8958
LN-HM-07139,0.5001,Reject,0,0.5496,0.0
LN-HM-07140,0.6189,Reject,1,0.724,0.7963
LN-HM-07141,0.171,Reject,0,0.6112,0.0
LN-HM-07142,0.1849,Approve,0,0.4353,0.7532
LN-HM-07143,0.4606,Reject,1,0.5921,0.6583
LN-HM-07144,0.4722,Reject,0,0.6052,0.0
LN-HM-07145,0.0,Approve,0,0.4219,0.9314
LN-HM-07146,0.0,Approve,0,0.3765,0.0
LN-HM-07147,0.9956,Reject,1,0.7234,0.0
LN-HM-07148,0.5378,Reject,1,0.7712,0.0
LN-HM-07149,0.9052,Reject,1,0.8472,0.9185
LN-HM-07150,0.0,Approve,0,0.2473,0.0
LN-HM-07151,0.569,Reject,0,0.5291,0.8208
LN-HM-07152,0.9604,Reject,1,0.9739,0.0
LN-HM-07153,0.2425,Review,0,0.4545,0.6518
LN-HM-07154,0.6953,Reject,1,0.7918,0.8453
LN-HM-07155,0.0,Approve,0,0.38,0.7047
LN-HM-07156,0.8468,Reject,1,0.694,0.8457
LN-HM-07157,0.6889,Reject,0,0.5986,0.8967
LN-HM-07158,0.0,Approve,0,0.3967,0.7098
LN-HM-07159,0.5079,Reject,0,0.5741,0.732
LN-HM-07160,0.6561,Reject,0,0.7087,0.9404
LN-HM-07161,0.5905,Reject,1,0.6486,0.7165
LN-HM-07162,0.5957,Reject,1,0.7745,0.7289
LN-HM-07163,0.3992,Reject,0,0.7943,0.0
LN-HM-07164,0.2428,Review,0,0.2739,0.0
LN-HM-07165,0.1498,Approve,0,0.2896,0.0
LN-HM-07166,0.6158,Reject,1,0.7754,0.8256
LN-HM-07167,0.6029,Reject,1,0.7696,0.0
LN-HM-07168,0.6755,Reject,1,0.7171,0.0
LN-HM-07169,0.7613,Reject,1,0.6681,0.9353
LN-HM-07170,0.6141,Reject,0,0.6809,0.8858
LN-HM-07171,0.4246,Reject,1,0.7995,0.7286
LN-HM-07172,0.2952,Reject,0,0.6026,0.7179
LN-HM-07173,0.6785,Reject,0,0.6893,0.8108
LN-HM-07174,0.167,Reject,0,0.5723,0.0
LN-HM-07175,0.5055,Reject,0,0.8424,0.7739
LN-HM-07176,0.4326,Reject,0,0.2777,0.0
LN-HM-07177,0.4573,Reject,1,0.5535,0.0
LN-HM-07178,0.9388,Reject,1,0.9859,0.0
LN-HM-07179,0.5356,Reject,1,0.5172,0.7156
LN-HM-07180,0.3857,Reject,0,0.593,0.9468
LN-HM-07181,0.9202,Reject,1,0.718,0.7219
LN-HM-07182,0.9018,Reject,0,0.8832,0.8123
LN-HM-07183,0.4938,Reject,0,1.0321,0.0
LN-HM-07184,0.4599,Reject,1,1.1487,0.0
LN-HM-07185,0.0,Approve,0,0.4785,0.7297
LN-HM-07186,0.0,Approve,0,0.4525,0.0
LN-HM-07187,0.594,Reject,0,0.9312,0.7357
LN-HM-07188,0.262,Review,1,0.5314,0.6632
LN-HM-07189,0.2877,Review,0,0.5029,0.0
LN-HM-07190,0.0,Approve,0,0.2427,0.0
LN-HM-07191,0.3618,Reject,1,0.6388,0.0
LN-HM-07192,0.4761,Reject,1,0.488,0.809
LN-HM-07193,0.5122,Reject,0,0.581,0.9257
LN-HM-07194,0.4876,Reject,1,0.646,0.8235
LN-HM-07195,0.5756,Reject,1,0.8365,0.6853
LN-HM-07196,0.0,Approve,0,0.3289,0.0
LN-HM-07197,0.371,Reject,0,0.5611,0.0
LN-HM-07198,0.0,Approve,0,0.4564,0.0
LN-HM-07199,0.5169,Reject,0,0.2726,0.7108
LN-HM-07200,0.3024,Reject,1,0.5535,0.7873
LN-HM-07201,0.3501,Reject,1,0.5831,0.6744
LN-HM-07202,0.0,Approve,0,0.4986,0.0
LN-HM-07203,0.6452,Reject,0,1.092,0.8848
LN-HM-07204,0.8054,Reject,1,0.8211,0.8979
LN-HM-07205,0.7573,Reject,1,0.8573,0.8844
LN-HM-07206,1.0,Reject,1,0.8791,0.8368
LN-HM-07207,0.2455,Review,0,0.2772,0.0
LN-HM-07208,0.4242,Reject,1,0.7847,0.6593
LN-HM-07209,0.4391,Reject,0,0.7015,0.7727
LN-HM-07210,0.4268,Reject,0,0.7532,0.7634
LN-HM-07211,0.6155,Reject,1,0.8179,0.8369
LN-HM-07212,0.4714,Reject,0,0.6543,0.863
LN-HM-07213,0.0788,Approve,0,0.33,0.0
LN-HM-07214,0.5354,Reject,1,0.5013,0.7394
LN-HM-07215,0.2724,Reject,1,0.6342,0.6575
LN-HM-07216,0.304,Review,0,0.2527,0.9286
LN-HM-07217,0.403,Reject,0,0.5891,0.0
LN-HM-07218,0.2356,Review,0,0.356,0.8791
LN-HM-07219,0.0272,Approve,0,0.4022,0.0
LN-HM-07220,0.6412,Reject,1,0.6241,0.8417
LN-HM-07221,0.0207,Approve,0,0.3523,0.8843
LN-HM-07222,1.0,Reject,1,0.6088,0.8301
LN-HM-07223,0.1871,Approve,1,0.2966,0.0
LN-HM-07224,0.5378,Reject,0,0.7252,0.0
LN-HM-07225,0.7342,Reject,1,0.6798,0.7427
LN-HM-07226,0.7147,Reject,1,0.8227,0.6813
LN-HM-07227,0.1948,Reject,0,0.6408,0.7377
LN-HM-07228,0.4132,Reject,0,1.1727,0.0
LN-HM-07229,0.1352,Approve,0,0.158,0.0
LN-HM-07230,0.2352,Reject,1,0.5622,0.6559
LN-HM-07231,0.4268,Reject,0,0.5965,0.7021
LN-HM-07232,1.0,Reject,1,0.7935,0.8919
LN-HM-07233,0.0,Approve,0,0.3126,0.6637
LN-HM-07234,0.0,Approve,0,0.3429,0.0
LN-HM-07235,0.0329,Approve,0,0.4813,0.7995
LN-HM-07236,0.9957,Reject,1,0.7831,0.0
LN-HM-07237,0.5729,Reject,1,0.6336,0.8781
LN-HM-07238,0.4737,Reject,1,0.5287,0.8494
LN-HM-07239,0.3836,Reject,0,0.5607,0.8834
LN-HM-07240,0.6416,Reject,1,0.8438,0.9288
LN-HM-07241,0.3122,Review,0,0.5087,0.6935
LN-HM-07242,0.4014,Reject,0,0.9693,0.0
LN-HM-07243,0.6598,Reject,1,0.8695,0.9206
LN-HM-07244,0.2133,Review,0,0.33,0.8261
LN-HM-07245,0.1938,Approve,0,0.4534,0.7622
LN-HM-07246,0.4738,Reject,1,0.4272,0.7872
LN-HM-07247,0.0004,Approve,0,0.4706,0.0
LN-HM-07248,0.1625,Approve,0,0.2887,0.0
LN-HM-07249,0.4135,Reject,0,0.7386,0.6611
LN-HM-07250,0.1837,Approve,1,0.3278,0.9366
LN-HM-07251,0.4937,Reject,0,0.6142,0.8525
LN-HM-07252,0.5602,Reject,0,0.7938,0.7407
LN-HM-07253,0.1002,Approve,0,0.4797,0.86
LN-HM-07254,0.7523,Reject,1,0.6752,0.0
LN-HM-07255,0.9649,Reject,1,0.6351,0.9111
LN-HM-07256,0.6513,Reject,0,0.6342,0.8256
LN-HM-07257,0.6812,Reject,0,0.5574,0.7125
LN-HM-07258,0.4738,Reject,0,0.9074,0.0
LN-HM-07259,0.4347,Reject,0,0.5742,0.0
LN-HM-07260,0.5093,Reject,1,0.5883,0.7982
LN-HM-07261,0.0073,Approve,0,0.4285,0.7029
LN-HM-07262,0.6572,Reject,1,0.8696,0.7926
LN-HM-07263,0.3964,Reject,1,0.7112,0.0
LN-HM-07264,0.0,Approve,0,0.3535,0.6739
LN-HM-07265,0.0,Approve,0,0.4641,0.8724
LN-HM-07266,0.4493,Reject,0,0.3812,0.8037
LN-HM-07267,0.4022,Reject,0,0.5679,0.7374
LN-HM-07268,0.5152,Reject,0,0.7859,0.7921
LN-HM-07269,0.3819,Review,0,0.4416,0.859
LN-HM-07270,0.4895,Reject,1,1.0378,0.0
LN-HM-07271,0.4431,Reject,0,0.7032,0.7576
LN-HM-07272,0.4548,Reject,0,0.3196,0.0
LN-HM-07273,0.0,Approve,0,0.4696,0.0
LN-HM-07274,0.2659,Reject,1,0.6481,0.7241
LN-HM-07275,0.4999,Reject,0,0.7769,0.0
LN-HM-07276,0.234,Review,0,0.4608,0.8112
LN-HM-07277,0.5192,Reject,1,0.453,0.7511
LN-HM-07278,0.6646,Reject,1,0.794,0.6939
LN-HM-07279,0.6772,Reject,1,0.9529,0.0
LN-HM-07280,0.6826,Reject,1,0.787,0.9148
LN-HM-07281,0.4728,Reject,0,0.5997,0.8952
LN-HM-07282,0.2631,Reject,0,0.6115,0.6836
LN-HM-07283,0.1493,Approve,0,0.4758,0.7722
LN-HM-07284,0.4689,Reject,0,0.4373,0.8877
LN-HM-07285,0.4921,Reject,0,0.5219,0.0
LN-HM-07286,0.4986,Reject,0,0.6268,0.7742
LN-HM-07287,0.2745,Reject,0,0.5546,0.797
LN-HM-07288,0.4492,Reject,1,0.4458,0.828
LN-HM-07289,0.5195,Reject,0,1.1142,0.0
LN-HM-07290,0.3469,Review,0,0.4163,0.8009
LN-HM-07291,0.6781,Reject,1,0.5215,0.8883
LN-HM-07292,0.4049,Reject,0,0.6663,0.728
LN-HM-07293,0.9321,Reject,1,0.9149,0.9214
LN-HM-07294,0.0,Approve,0,0.429,0.7474
LN-HM-07295,0.4564,Reject,1,1.1054,0.0
LN-HM-07296,0.1963,Review,0,0.545,0.7074
LN-HM-07297,0.6663,Reject,0,0.6918,0.7909
LN-HM-07298,0.2811,Reject,0,0.5863,0.6667
LN-HM-07299,0.8769,Reject,1,0.623,0.888
LN-HM-07300,0.0,Approve,0,0.3467,0.6626
LN-HM-07301,0.4344,Reject,0,1.5413,0.0
LN-HM-07302,0.2666,Review,0,0.5454,0.7784
LN-HM-07303,0.5325,Reject,1,0.6207,0.8143
LN-HM-07304,0.4461,Reject,1,0.3129,0.8309
LN-HM-07305,0.2091,Reject,0,0.5833,0.9412
LN-HM-07306,0.7692,Reject,1,0.8188,0.8403
LN-HM-07307,0.006,Approve,0,0.4746,0.6943
LN-HM-07308,0.3748,Reject,0,0.7898,0.0
LN-HM-07309,0.5084,Reject,0,0.599,0.7881
LN-HM-07310,0.6051,Reject,0,0.6923,0.6855
LN-HM-07311,0.217,Review,0,0.4928,0.8622
LN-HM-07312,0.5973,Reject,0,0.8048,0.0
LN-HM-07313,0.258,Reject,1,0.6314,0.71
LN-HM-07314,0.1648,Approve,0,0.3511,0.6699
LN-HM-07315,0.6053,Reject,0,0.8967,0.803
LN-HM-07316,0.7726,Reject,1,0.7756,0.0
LN-HM-07317,0.8233,Reject,0,0.6821,0.8741
LN-HM-07318,0.3144,Reject,1,0.7406,0.0
LN-HM-07319,0.0523,Approve,0,0.3096,0.0
LN-HM-07320,0.6593,Reject,1,0.801,0.858
LN-HM-07321,0.7569,Reject,1,0.7897,0.9483
LN-HM-07322,0.3923,Reject,0,0.5958,0.6903
LN-HM-07323,0.527,Reject,1,0.7444,0.6629
LN-HM-07324,0.9369,Reject,1,0.8118,0.837
LN-HM-07325,0.1205,Approve,0,0.4141,0.0
LN-HM-07326,0.4743,Reject,1,0.5029,0.0
LN-HM-07327,0.2711,Reject,1,0.6032,0.7503
LN-HM-07328,0.5865,Reject,1,0.8071,0.9071
LN-HM-07329,0.5622,Reject,0,0.676,0.0
LN-HM-07330,0.2606,Review,0,0.3719,0.9091
LN-HM-07331,0.4261,Reject,0,0.581,0.6728
LN-HM-07332,0.7638,Reject,0,1.161,0.8809
LN-HM-07333,0.1365,Approve,1,0.4768,0.8853
LN-HM-07334,1.0,Reject,1,0.6944,0.8885
LN-HM-07335,0.4494,Reject,1,0.7813,0.7083
LN-HM-07336,0.3121,Reject,1,0.6347,0.6795
LN-HM-07337,0.8988,Reject,1,0.6716,0.9227
LN-HM-07338,0.1695,Approve,0,0.3022,0.0
LN-HM-07339,0.4606,Reject,0,0.5007,0.9229
LN-HM-07340,0.5033,Reject,1,0.6954,0.792
LN-HM-07341,0.3935,Reject,1,1.1824,0.0
LN-HM-07342,0.0957,Approve,0,0.4389,0.7528
LN-HM-07343,0.6871,Reject,0,0.6535,0.7156
LN-HM-07344,0.4977,Reject,1,0.7554,0.7239
LN-HM-07345,0.1232,Approve,0,0.4527,0.7632
LN-HM-07346,0.6155,Reject,1,0.5054,0.7674
LN-HM-07347,0.493,Reject,1,0.2195,0.0
LN-HM-07348,0.5781,Reject,1,1.3282,0.0
LN-HM-07349,0.2796,Reject,1,0.6188,0.876
LN-HM-07350,0.4066,Reject,0,0.3324,0.6507
LN-HM-07351,0.4212,Reject,1,0.6703,0.7059
LN-HM-07352,0.0,Approve,0,0.4818,0.0
LN-HM-07353,0.3643,Reject,0,0.5805,0.7151
LN-HM-07354,0.0,Approve,0,0.4821,0.0
LN-HM-07355,0.0,Approve,0,0.3315,0.8489
LN-HM-07356,0.7899,Reject,1,0.9702,0.8627
LN-HM-07357,0.9451,Reject,1,0.6296,0.8093
LN-HM-07358,0.0079,Approve,0,0.2048,0.0
LN-HM-07359,0.9415,Reject,1,0.9859,0.0
LN-HM-07360,0.2869,Review,0,0.5141,0.0
LN-HM-07361,0.4437,Reject,1,0.7393,0.0
LN-HM-07362,0.2197,Reject,0,0.6175,0.7925
LN-HM-07363,0.2427,Review,0,0.3563,0.7599
LN-HM-07364,0.2872,Reject,0,0.6426,0.8539
LN-HM-07365,0.4183,Reject,1,1.0813,0.0
LN-HM-07366,0.0,Approve,0,0.4213,0.7918
LN-HM-07367,0.1561,Approve,0,0.3144,0.8327
LN-HM-07368,0.0,Approve,0,0.3763,0.7021
LN-HM-07369,0.0034,Approve,0,0.4361,0.6924
LN-HM-07370,0.7698,Reject,0,0.5875,0.8404
LN-HM-07371,0.4185,Reject,0,0.4569,0.7903
LN-HM-07372,0.0095,Approve,0,0.3658,0.8515
LN-HM-07373,0.9883,Reject,1,0.8736,0.7357
LN-HM-07374,0.0351,Approve,0,0.4355,0.8429
LN-HM-07375,0.4782,Reject,0,0.9622,0.7894
LN-HM-07376,0.4797,Reject,1,0.765,0.7972
LN-HM-07377,0.0,Approve,0,0.3391,0.8627
LN-HM-07378,0.7067,Reject,1,0.6276,0.8589
LN-HM-07379,0.8491,Reject,0,0.6303,0.8537
LN-HM-07380,0.4059,Reject,1,0.6124,0.7022
LN-HM-07381,0.0248,Approve,0,0.3059,0.6923
LN-HM-07382,0.5077,Reject,1,0.5563,0.0
LN-HM-07383,1.0,Reject,1,0.6417,0.9029
LN-HM-07384,0.6004,Reject,0,0.9341,0.9124
LN-HM-07385,0.4494,Reject,1,0.7368,0.7241
LN-HM-07386,0.3647,Reject,0,0.646,0.672
LN-HM-07387,0.5163,Reject,0,0.6514,0.7072
LN-HM-07388,0.1826,Approve,0,0.4421,0.8401
LN-HM-07389,0.3927,Reject,1,0.8164,0.6986
LN-HM-07390,0.9665,Reject,1,0.6726,0.8447
LN-HM-07391,0.3992,Reject,0,1.1005,0.0
LN-HM-07392,0.0,Approve,0,0.4257,0.8393
LN-HM-07393,0.6473,Reject,1,0.757,0.8186
LN-HM-07394,0.0,Approve,0,0.3134,0.7146
LN-HM-07395,0.0,Approve,0,0.3653,0.6963
LN-HM-07396,0.5722,Reject,0,0.6049,0.8552
LN-HM-07397,0.0,Approve,0,0.4781,0.8095
LN-HM-07398,1.0,Reject,1,0.6595,0.8114
LN-HM-07399,0.6524,Reject,1,0.8299,0.93
LN-HM-07400,0.4542,Reject,1,0.3265,0.8409
LN-HM-07401,0.5729,Reject,1,0.8324,0.6755
LN-HM-07402,0.1885,Reject,0,0.6035,0.7403
LN-HM-07403,0.0,Approve,0,0.3999,0.0
LN-HM-07404,0.3181,Review,0,0.5351,0.0
LN-HM-07405,0.4892,Reject,1,0.6618,0.8264
LN-HM-07406,0.706,Reject,1,0.7668,0.0
LN-HM-07407,0.0017,Approve,0,0.3863,0.0
LN-HM-07408,0.4935,Reject,0,0.7994,0.7326
LN-HM-07409,0.7181,Reject,0,0.6691,0.7604
LN-HM-07410,0.4572,Reject,1,0.7832,0.7732
LN-HM-07411,0.733,Reject,1,0.6288,0.7264
LN-HM-07412,0.4192,Reject,0,0.7197,0.0
LN-HM-07413,0.4295,Reject,0,0.601,0.8451
LN-HM-07414,0.4116,Reject,0,0.1935,0.0
LN-HM-07415,0.154,Approve,0,0.426,0.7571
LN-HM-07416,0.7991,Reject,0,0.5948,0.8391
LN-HM-07417,0.0744,Approve,0,0.3936,0.0
LN-HM-07418,0.2897,Review,0,0.5463,0.7178
LN-HM-07419,0.6523,Reject,1,0.6708,0.8176
LN-HM-07420,0.4631,Reject,1,0.5887,0.9058
LN-HM-07421,0.6181,Reject,0,0.7029,0.0
LN-HM-07422,0.2136,Review,0,0.5083,0.7232
LN-HM-07423,0.0,Approve,0,0.4414,0.6983
LN-HM-07424,0.3134,Reject,0,0.6367,0.7055
LN-HM-07425,0.3179,Reject,0,0.6598,0.68
LN-HM-07426,0.8655,Reject,1,0.7176,0.0
LN-HM-07427,0.771,Reject,1,0.5663,0.7874
LN-HM-07428,0.2143,Review,0,0.5414,0.8433
LN-HM-07429,0.7975,Reject,1,0.8636,0.9039
LN-HM-07430,0.7489,Reject,1,0.7343,0.9071
LN-HM-07431,0.0,Approve,0,0.4544,0.0
LN-HM-07432,0.3341,Review,0,0.5288,0.0
LN-HM-07433,0.6753,Reject,1,0.6036,0.821
LN-HM-07434,0.402,Reject,1,1.3058,0.0
LN-HM-07435,0.4263,Reject,0,0.6505,0.7337
LN-HM-07436,0.3937,Reject,0,0.9706,0.0
LN-HM-07437,0.0,Approve,0,0.279,0.0
LN-HM-07438,0.4284,Reject,0,0.7262,0.0
LN-HM-07439,0.4681,Reject,0,0.9382,0.0
LN-HM-07440,0.3518,Review,0,0.5022,0.6881
LN-HM-07441,0.0,Approve,0,0.4592,0.0
LN-HM-07442,0.5166,Reject,1,0.6463,0.912
LN-HM-07443,0.4238,Reject,0,0.616,0.8899
LN-HM-07444,0.2954,Review,1,0.5097,0.7611
LN-HM-07445,0.4767,Reject,0,0.3368,0.7487
LN-HM-07446,0.0,Approve,0,0.4168,0.7571
LN-HM-07447,0.6574,Reject,0,0.7074,0.8756
LN-HM-07448,0.0,Approve,0,0.4151,0.0
LN-HM-07449,0.4346,Reject,1,0.6566,0.6691
LN-HM-07450,0.0,Approve,0,0.4459,0.7796
LN-HM-07451,0.7166,Reject,1,0.7597,0.8715
LN-HM-07452,0.4163,Reject,1,0.7895,0.0
LN-HM-07453,0.9591,Reject,1,0.7025,0.8696
LN-HM-07454,0.0405,Approve,0,0.4462,0.0
LN-HM-07455,0.6659,Reject,1,0.8966,0.9153
LN-HM-07456,0.4533,Reject,1,1.0869,0.0
LN-HM-07457,0.4931,Reject,0,0.8554,0.6691
LN-HM-07458,0.321,Reject,1,0.564,0.8117
LN-HM-07459,0.2946,Review,1,0.515,0.7324
LN-HM-07460,0.3106,Reject,1,0.6358,0.7359
LN-HM-07461,0.6548,Reject,1,0.8018,0.8205
LN-HM-07462,0.4248,Reject,0,1.4659,0.0
LN-HM-07463,0.0722,Approve,0,0.3309,0.0
LN-HM-07464,0.4437,Reject,1,0.5843,0.8519
LN-HM-07465,0.2843,Reject,0,0.636,0.6621
LN-HM-07466,0.2227,Review,0,0.5491,0.7538
LN-HM-07467,0.6714,Reject,0,0.6922,0.7842
LN-HM-07468,0.7785,Reject,0,0.6749,0.9104
LN-HM-07469,0.8017,Reject,1,0.5781,0.7616
LN-HM-07470,0.3051,Reject,0,0.6008,0.0
LN-HM-07471,0.3331,Reject,0,0.6383,0.0
LN-HM-07472,0.3147,Review,0,0.5313,0.9209
LN-HM-07473,0.7805,Reject,1,0.8472,0.9346
LN-HM-07474,0.8567,Reject,1,0.6687,0.9012
LN-HM-07475,0.4463,Reject,0,1.1978,0.0
LN-HM-07476,0.2633,Review,0,0.5285,0.7018
LN-HM-07477,0.0,Approve,0,0.4751,0.8195
LN-HM-07478,0.1859,Reject,0,0.634,0.6691
LN-HM-07479,0.3018,Reject,0,0.5897,0.7292
LN-HM-07480,0.7477,Reject,1,0.6459,0.9218
LN-HM-07481,0.747,Reject,0,0.6599,0.7156
LN-HM-07482,0.2284,Reject,1,0.5968,0.786
LN-HM-07483,0.6124,Reject,0,0.9859,0.806
LN-HM-07484,0.513,Reject,0,0.8012,0.7811
LN-HM-07485,0.0625,Approve,0,0.4515,0.0
LN-HM-07486,0.7703,Reject,1,0.7235,0.9328
LN-HM-07487,0.0,Approve,0,0.4954,0.9324
LN-HM-07488,0.7193,Reject,0,1.1461,0.0
LN-HM-07489,0.7534,Reject,1,0.6985,0.6876
LN-HM-07490,0.5067,Reject,0,0.6789,0.0
LN-HM-07491,0.6523,Reject,1,1.0887,0.0
LN-HM-07492,0.4441,Reject,0,0.6635,0.0
LN-HM-07493,0.0,Approve,0,0.4937,0.0
LN-HM-07494,0.0,Approve,0,0.4837,0.6571
LN-HM-07495,0.1199,Approve,1,0.3453,0.0
LN-HM-07496,0.0,Approve,0,0.2643,0.8621
LN-HM-07497,0.7216,Reject,1,0.8425,0.884
LN-HM-07498,0.7536,Reject,0,0.5728,0.8235
LN-HM-07499,0.4481,Reject,0,0.6253,0.9498
LN-HM-07500,0.6971,Reject,1,0.7117,0.7829
LN-HM-07501,0.694,Reject,1,0.8408,0.7548
LN-HM-07502,0.6971,Reject,1,0.7986,0.9236
LN-HM-07503,0.234,Reject,0,0.5642,0.7556
LN-HM-07504,0.4738,Reject,1,0.7794,0.683
LN-HM-07505,0.0,Approve,0,0.4822,0.0
LN-HM-07506,0.3883,Reject,1,0.7435,0.7231
LN-HM-07507,0.5658,Reject,1,0.8486,0.8218
LN-HM-07508,0.5424,Reject,0,0.835,0.7583
LN-HM-07509,0.1441,Approve,0,0.4421,0.0
LN-HM-07510,0.1837,Reject,0,0.6112,0.6939
LN-HM-07511,0.516,Reject,1,0.8137,0.659
LN-HM-07512,0.2082,Reject,0,0.574,0.6643
LN-HM-07513,0.6401,Reject,0,0.8284,0.8873
LN-HM-07514,0.3411,Reject,0,0.5567,0.0
LN-HM-07515,0.4054,Reject,1,0.4895,0.8315
LN-HM-07516,0.9574,Reject,1,0.7253,0.7791
LN-HM-07517,0.48,Reject,1,0.3874,0.721
LN-HM-07518,0.7018,Reject,1,0.7347,0.0
LN-HM-07519,0.0546,Approve,0,0.2501,0.0
LN-HM-07520,0.3798,Reject,0,0.6201,0.7
LN-HM-07521,0.6461,Reject,1,0.7481,0.8992
LN-HM-07522,0.0,Approve,0,0.3157,0.0
LN-HM-07523,1.0,Reject,1,0.6819,0.9123
LN-HM-07524,0.4723,Reject,0,0.7411,0.7024
LN-HM-07525,0.6464,Reject,1,0.8483,0.9336
LN-HM-07526,0.0,Approve,0,0.2941,0.66
LN-HM-07527,1.0,Reject,1,0.7265,0.8629
LN-HM-07528,0.3577,Review,0,0.5317,0.7719
LN-HM-07529,1.0,Reject,1,0.6599,0.7594
LN-HM-07530,0.8922,Reject,1,0.7208,0.7155
LN-HM-07531,0.6826,Reject,0,0.5909,0.0
LN-HM-07532,0.267,Reject,0,0.6168,0.6496
LN-HM-07533,0.6027,Reject,1,0.6339,0.7714
LN-HM-07534,0.4859,Reject,1,0.6619,0.7763
LN-HM-07535,1.0,Reject,1,0.9244,0.8043
LN-HM-07536,0.8278,Reject,1,0.8636,0.8528
LN-HM-07537,0.2399,Reject,0,0.6283,0.0
LN-HM-07538,0.4086,Reject,0,0.3344,0.9076
LN-HM-07539,0.4602,Reject,0,1.4018,0.0
LN-HM-07540,0.5157,Reject,0,0.7321,0.7014
LN-HM-07541,0.4769,Reject,1,0.854,0.0
LN-HM-07542,0.8292,Reject,1,0.7608,0.9105
LN-HM-07543,0.3376,Reject,1,0.6297,0.651
LN-HM-07544,0.7962,Reject,1,0.6722,0.9474
LN-HM-07545,0.6421,Reject,1,0.886,0.8636
LN-HM-07546,0.0249,Approve,0,0.4218,0.0
LN-HM-07547,0.6634,Reject,1,0.6613,0.0
LN-HM-07548,0.2331,Review,0,0.4064,0.0
LN-HM-07549,0.8989,Reject,1,0.7573,0.8682
LN-HM-07550,0.2173,Review,0,0.4217,0.0
LN-HM-07551,0.4509,Reject,0,0.9589,0.7685
LN-HM-07552,0.0,Approve,0,0.1648,0.0
LN-HM-07553,0.3602,Reject,1,0.765,0.0
LN-HM-07554,0.4811,Reject,0,0.6172,0.7486
LN-HM-07555,0.9439,Reject,1,0.74,0.6976
LN-HM-07556,0.5136,Reject,0,0.6104,0.0
LN-HM-07557,0.384,Reject,1,0.6672,0.7845
LN-HM-07558,0.7086,Reject,1,0.5671,0.9392
LN-HM-07559,0.5071,Reject,1,0.5317,0.0
LN-HM-07560,0.0,Approve,0,0.4995,0.0
LN-HM-07561,0.4762,Reject,1,0.8141,0.7651
LN-HM-07562,0.7063,Reject,1,0.8272,0.6846
LN-HM-07563,0.4905,Reject,1,0.5731,0.0
LN-HM-07564,0.3005,Reject,0,0.6469,0.7986
LN-HM-07565,0.2457,Review,0,0.2868,0.7838
LN-HM-07566,0.6685,Reject,1,0.6502,0.8614
LN-HM-07567,0.4844,Reject,1,0.661,0.7593
LN-HM-07568,0.3901,Reject,0,0.6829,0.6906
LN-HM-07569,0.2998,Review,1,0.5287,0.6527
LN-HM-07570,0.61,Reject,1,0.7801,0.0
LN-HM-07571,0.6984,Reject,0,0.8344,0.9154
LN-HM-07572,0.4421,Reject,1,0.3583,0.0
LN-HM-07573,0.0526,Approve,0,0.3865,0.0
LN-HM-07574,0.0,Approve,0,0.4449,0.0
LN-HM-07575,0.4772,Reject,0,0.1554,0.0
LN-HM-07576,0.308,Reject,0,0.5697,0.7287
LN-HM-07577,0.4175,Reject,1,0.6158,0.9348
LN-HM-07578,0.3549,Reject,0,0.9197,0.7546
LN-HM-07579,0.9294,Reject,1,1.2612,0.0
LN-HM-07580,0.6918,Reject,1,0.5617,0.8667
LN-HM-07581,0.5013,Reject,1,0.5013,0.6953
LN-HM-07582,0.7307,Reject,1,0.6634,0.8318
LN-HM-07583,0.5293,Reject,0,0.644,0.9302
LN-HM-07584,0.2243,Review,0,0.4565,0.8066
LN-HM-07585,0.4572,Reject,0,0.5562,0.0
LN-HM-07586,0.6884,Reject,1,0.786,0.8039
LN-HM-07587,0.7465,Reject,1,0.5599,0.0
LN-HM-07588,0.4349,Reject,1,0.5207,0.8541
LN-HM-07589,0.4685,Reject,1,0.8854,0.0
LN-HM-07590,0.502,Reject,0,0.6359,0.7676
LN-HM-07591,0.6739,Reject,1,1.0114,0.0
LN-HM-07592,0.8402,Reject,1,0.8796,0.8537
LN-HM-07593,0.4867,Reject,1,0.5013,0.9333
LN-HM-07594,0.2168,Reject,0,0.6285,0.8333
LN-HM-07595,0.6697,Reject,1,0.6163,0.7912
LN-HM-07596,0.1476,Approve,0,0.3311,0.845
LN-HM-07597,0.4013,Reject,0,0.5961,0.0
LN-HM-07598,0.3114,Reject,1,0.6378,0.0
LN-HM-07599,0.0797,Approve,0,0.3784,0.0
LN-HM-07600,0.4296,Reject,1,0.8432,0.7433
LN-HM-07601,0.0595,Approve,0,0.4315,0.766
LN-HM-07602,0.0,Approve,0,0.4757,0.722
LN-HM-07603,0.0017,Approve,0,0.3557,0.9145
LN-HM-07604,0.1989,Approve,0,0.3528,0.0
LN-HM-07605,0.3636,Reject,0,0.5977,0.0
LN-HM-07606,0.198,Approve,0,0.4583,0.7656
LN-HM-07607,0.4926,Reject,1,0.6311,0.8089
LN-HM-07608,0.375,Reject,0,0.6182,0.0
LN-HM-07609,0.7236,Reject,1,0.7131,0.8217
LN-HM-07610,0.1685,Approve,0,0.2828,0.0
LN-HM-07611,0.4941,Reject,1,0.5263,0.8119
LN-HM-07612,0.6984,Reject,1,0.6836,0.7379
LN-HM-07613,0.921,Reject,1,0.6591,0.7853
LN-HM-07614,0.7073,Reject,1,0.7653,0.8016
LN-HM-07615,0.3747,Reject,0,0.6716,0.8462
LN-HM-07616,0.4278,Reject,1,0.896,0.0
LN-HM-07617,0.3994,Reject,0,0.5731,0.7174
LN-HM-07618,0.4759,Reject,1,0.505,0.8293
LN-HM-07619,0.2864,Reject,0,0.58,0.0
LN-HM-07620,0.7868,Reject,1,0.8677,0.9412
LN-HM-07621,0.3956,Review,1,0.3942,0.8393
LN-HM-07622,0.7125,Reject,0,0.6561,0.0
LN-HM-07623,0.9159,Reject,1,1.3262,0.0
LN-HM-07624,0.0,Approve,0,0.305,0.0
LN-HM-07625,0.0,Approve,0,0.3464,0.0
LN-HM-07626,0.7759,Reject,0,0.6634,0.8889
LN-HM-07627,0.0,Approve,0,0.4312,0.6608
LN-HM-07628,0.145,Approve,0,0.2747,0.7697
LN-HM-07629,0.2299,Reject,0,0.6385,0.8963
LN-HM-07630,0.6397,Reject,1,0.8122,0.8583
LN-HM-07631,0.9515,Reject,0,0.7146,0.7296
LN-HM-07632,0.4645,Reject,1,1.2978,0.0
LN-HM-07633,0.9605,Reject,1,0.7026,0.0
LN-HM-07634,0.6071,Reject,1,0.826,0.0
LN-HM-07635,0.6918,Reject,1,1.3462,0.0
LN-HM-07636,0.6947,Reject,1,0.8302,0.0
LN-HM-07637,0.5424,Reject,1,0.8041,0.7313
LN-HM-07638,0.4645,Reject,0,0.4399,0.7555
LN-HM-07639,0.028,Approve,0,0.4691,0.8353
LN-HM-07640,0.2601,Reject,0,0.5744,0.7363
LN-HM-07641,0.2027,Reject,1,0.6064,0.0
LN-HM-07642,0.782,Reject,1,0.9102,0.8505
LN-HM-07643,0.4403,Reject,0,0.8292,0.0
LN-HM-07644,0.8927,Reject,1,0.5693,0.927
LN-HM-07645,0.6323,Reject,0,0.709,0.8147
LN-HM-07646,0.5548,Reject,1,0.7888,0.7041
LN-HM-07647,0.6334,Reject,1,0.6594,0.881
LN-HM-07648,0.0,Approve,0,0.2654,0.0
LN-HM-07649,0.7038,Reject,1,0.7736,0.715
LN-HM-07650,0.633,Reject,1,0.6575,0.7343
LN-HM-07651,0.743,Reject,1,0.6775,0.8292
LN-HM-07652,0.5223,Reject,0,0.5717,0.0
LN-HM-07653,0.2443,Review,0,0.4778,0.0
LN-HM-07654,0.7333,Reject,1,1.3343,0.0
LN-HM-07655,0.0,Approve,0,0.3212,0.9487
LN-HM-07656,0.5197,Reject,1,0.6567,0.8064
LN-HM-07657,0.4294,Reject,1,0.5446,0.8286
LN-HM-07658,0.5211,Reject,1,0.9788,0.8722
LN-HM-07659,0.3353,Review,0,0.5264,0.6684
LN-HM-07660,0.4442,Reject,0,1.0192,0.0
LN-HM-07661,0.2554,Reject,0,0.5913,0.7988
LN-HM-07662,0.5994,Reject,1,0.7117,0.8652
LN-HM-07663,0.4972,Reject,0,0.5212,0.9167
LN-HM-07664,0.6858,Reject,0,0.7811,0.8354
LN-HM-07665,0.107,Approve,0,0.2422,0.0
LN-HM-07666,0.4306,Reject,1,0.6864,0.9026
LN-HM-07667,0.1127,Approve,0,0.4228,0.7617
LN-HM-07668,0.6587,Reject,0,0.3885,0.8174
LN-HM-07669,0.4456,Reject,1,0.8028,0.7166
LN-HM-07670,0.3625,Review,0,0.4223,0.8855
LN-HM-07671,0.9918,Reject,1,0.6879,0.788
LN-HM-07672,0.6873,Reject,1,0.3138,0.875
LN-HM-07673,0.7427,Reject,0,0.9007,0.9266
LN-HM-07674,0.0,Approve,0,0.4428,0.7034
LN-HM-07675,0.2251,Reject,0,0.5973,0.0
LN-HM-07676,0.9844,Reject,1,0.8057,0.9174
LN-HM-07677,0.5716,Reject,0,0.8608,0.0
LN-HM-07678,0.4976,Reject,1,0.5919,0.7339
LN-HM-07679,0.6962,Reject,1,0.8461,0.6932
LN-HM-07680,0.0,Approve,0,0.3678,0.0
LN-HM-07681,0.2887,Reject,0,0.6476,0.7446
LN-HM-07682,0.6281,Reject,0,0.7148,0.8534
LN-HM-07683,0.209,Review,0,0.5432,0.0
LN-HM-07684,0.536,Reject,1,0.7625,0.7091
LN-HM-07685,0.7206,Reject,0,0.6887,0.8
LN-HM-07686,0.5341,Reject,0,0.5907,0.9306
LN-HM-07687,0.4808,Reject,0,0.6471,0.0
LN-HM-07688,0.9111,Reject,1,0.6897,0.7023
LN-HM-07689,0.8654,Reject,1,0.8799,0.8063
LN-HM-07690,0.7225,Reject,1,0.728,0.7153
LN-HM-07691,0.4727,Reject,0,1.1227,0.0
LN-HM-07692,0.2491,Review,0,0.2562,0.7969
LN-HM-07693,0.0048,Approve,0,0.4809,0.0
LN-HM-07694,0.7575,Reject,1,0.656,0.7847
LN-HM-07695,0.6177,Reject,1,0.7645,0.8072
LN-HM-07696,0.4208,Reject,1,0.6652,0.7265
LN-HM-07697,0.0685,Reject,0,0.6034,0.0
LN-HM-07698,0.5434,Reject,0,0.9892,0.7055
LN-HM-07699,0.2085,Reject,0,0.6186,0.8065
LN-HM-07700,0.5222,Reject,1,0.998,0.6676
LN-HM-07701,0.6678,Reject,1,0.636,0.8216
LN-HM-07702,0.336,Review,0,0.5315,0.7623
LN-HM-07703,0.6649,Reject,1,0.7626,0.0
LN-HM-07704,0.2591,Reject,1,0.5919,0.0
LN-HM-07705,0.5065,Reject,1,0.6919,0.0
LN-HM-07706,0.42,Reject,1,0.6276,0.6718
LN-HM-07707,0.4256,Reject,0,0.3589,0.9118
LN-HM-07708,0.4827,Reject,1,0.5336,0.8451
LN-HM-07709,0.0522,Approve,0,0.3317,0.0
LN-HM-07710,0.3034,Reject,0,0.6216,0.0
LN-HM-07711,0.76,Reject,1,0.8709,0.881
LN-HM-07712,0.1849,Reject,0,0.6281,0.0
LN-HM-07713,0.4407,Reject,1,1.1414,0.7806
LN-HM-07714,0.5114,Reject,1,0.8247,0.7346
LN-HM-07715,0.7065,Reject,0,0.5,0.9333
LN-HM-07716,0.5035,Reject,0,1.3416,0.0
LN-HM-07717,0.6258,Reject,1,0.7705,0.8594
LN-HM-07718,0.4301,Reject,1,0.6702,0.6504
LN-HM-07719,0.3114,Review,1,0.487,0.9413
LN-HM-07720,0.6776,Reject,1,0.7298,0.0
LN-HM-07721,0.2193,Review,0,0.3801,0.9204
LN-HM-07722,0.2605,Reject,0,0.6067,0.8794
LN-HM-07723,0.0,Approve,0,0.4491,0.0
LN-HM-07724,0.2165,Review,0,0.197,0.0
LN-HM-07725,0.2674,Reject,0,0.5812,0.0
LN-HM-07726,0.4086,Reject,0,0.4475,0.0
LN-HM-07727,0.3722,Reject,0,0.3863,0.7426
LN-HM-07728,0.2325,Review,1,0.5405,0.0
LN-HM-07729,0.0912,Approve,0,0.4157,0.9105
LN-HM-07730,0.6579,Reject,0,0.7433,0.8267
LN-HM-07731,0.5333,Reject,0,0.5685,0.6575
LN-HM-07732,0.0,Approve,0,0.2968,0.6688
LN-HM-07733,0.0,Approve,0,0.4988,0.0
LN-HM-07734,0.6979,Reject,1,0.5813,0.8942
LN-HM-07735,1.0,Reject,1,0.6904,0.89
LN-HM-07736,0.0,Approve,0,0.4928,0.9405
LN-HM-07737,0.4364,Reject,0,0.5429,0.8512
LN-HM-07738,0.4597,Reject,1,0.7259,0.9223
LN-HM-07739,0.0213,Approve,0,0.4548,0.7291
LN-HM-07740,0.2189,Reject,0,0.6499,0.8261
LN-HM-07741,0.4693,Reject,1,0.6077,0.6833
LN-HM-07742,0.436,Reject,0,0.8626,0.7045
LN-HM-07743,0.0964,Approve,0,0.3645,0.0
LN-HM-07744,0.0005,Approve,0,0.3391,0.0
LN-HM-07745,0.4802,Reject,0,0.724,0.0
LN-HM-07746,0.0,Approve,0,0.261,0.819
LN-HM-07747,0.3969,Reject,0,0.4048,0.0
LN-HM-07748,0.6649,Reject,1,0.8639,0.8227
LN-HM-07749,0.2693,Review,0,0.4783,0.6901
LN-HM-07750,0.5474,Reject,0,0.6029,0.7423
LN-HM-07751,0.4302,Reject,0,0.4435,0.868
LN-HM-07752,0.2081,Review,0,0.3332,0.6649
LN-HM-07753,0.5446,Reject,0,0.6434,0.0
LN-HM-07754,0.706,Reject,0,0.7058,0.7542
LN-HM-07755,0.2631,Reject,0,0.6453,0.0
LN-HM-07756,0.1155,Approve,0,0.4935,0.7604
LN-HM-07757,0.3861,Reject,0,0.7581,0.7339
LN-HM-07758,0.3689,Reject,0,0.896,0.7445
LN-HM-07759,0.9812,Reject,1,0.966,0.8262
LN-HM-07760,0.4522,Reject,1,0.547,0.8773
LN-HM-07761,0.0,Approve,0,0.4084,0.0
LN-HM-07762,0.8446,Reject,1,0.8603,0.9018
LN-HM-07763,0.0793,Approve,0,0.3731,0.7854
LN-HM-07764,0.0,Approve,0,0.4553,0.0
LN-HM-07765,0.4363,Reject,0,0.8614,0.7988
LN-HM-07766,0.2463,Review,0,0.5319,0.6838
LN-HM-07767,0.6312,Reject,1,0.7269,0.9372
LN-HM-07768,0.9153,Reject,1,0.63,0.8803
LN-HM-07769,0.1724,Review,1,0.507,0.6683
LN-HM-07770,0.7416,Reject,0,0.57,0.7469
LN-HM-07771,0.0893,Approve,0,0.4245,0.7218
LN-HM-07772,0.5535,Reject,0,0.6893,0.6868
LN-HM-07773,0.6306,Reject,0,0.6026,0.0
LN-HM-07774,0.4034,Reject,1,0.7529,0.0
LN-HM-07775,0.0284,Approve,0,0.4526,0.6792
LN-HM-07776,0.5739,Reject,1,0.7963,0.7345
LN-HM-07777,0.183,Approve,0,0.3669,0.8454
LN-HM-07778,0.4565,Reject,0,0.8836,0.7929
LN-HM-07779,0.5738,Reject,0,0.611,0.9096
LN-HM-07780,0.7137,Reject,1,0.7567,0.8832
LN-HM-07781,0.5533,Reject,1,0.6298,0.0
LN-HM-07782,0.0,Approve,0,0.3725,0.0
LN-HM-07783,0.4664,Reject,1,0.5464,0.7381
LN-HM-07784,0.6358,Reject,0,0.9674,0.8565
LN-HM-07785,0.0,Approve,0,0.2662,0.0
LN-HM-07786,0.7143,Reject,1,0.6641,0.9451
LN-HM-07787,0.2944,Reject,0,0.5684,0.7009
LN-HM-07788,0.9146,Reject,1,1.0897,0.0
LN-HM-07789,0.0219,Approve,0,0.4146,0.6699
LN-HM-07790,0.0571,Approve,0,0.3568,0.0
LN-HM-07791,0.4131,Reject,0,0.5731,0.0
LN-HM-07792,0.4056,Reject,0,0.4633,0.8629
LN-HM-07793,0.0,Approve,0,0.4251,0.7131
LN-HM-07794,0.9469,Reject,1,0.6694,0.9337
LN-HM-07795,0.2856,Reject,0,0.6183,0.7443
LN-HM-07796,0.474,Reject,1,0.5877,0.809
LN-HM-07797,0.2939,Review,0,0.3392,0.0
LN-HM-07798,0.3491,Reject,0,0.6372,0.0
LN-HM-07799,0.0,Approve,0,0.1795,0.0
LN-HM-07800,0.3327,Review,0,0.5232,0.0
LN-HM-07801,0.1466,Reject,1,0.5511,0.8428
LN-HM-07802,0.4464,Reject,0,0.7651,0.7052
LN-HM-07803,0.4962,Reject,1,0.5867,0.7101
LN-HM-07804,0.2521,Review,0,0.5419,0.0
LN-HM-07805,0.0,Approve,0,0.4553,0.766
LN-HM-07806,0.4839,Reject,1,0.4418,0.7996
LN-HM-07807,0.4296,Reject,1,0.5887,0.8294
LN-HM-07808,0.3656,Reject,0,0.9133,0.0
LN-HM-07809,0.3323,Review,0,0.5336,0.7592
LN-HM-07810,0.5536,Reject,1,0.7853,0.0
LN-HM-07811,0.936,Reject,1,0.7427,0.7061
LN-HM-07812,0.3201,Review,0,0.5116,0.0
LN-HM-07813,0.6524,Reject,1,0.9624,0.0
LN-HM-07814,0.3072,Review,0,0.3403,0.0
LN-HM-07815,0.0202,Approve,0,0.4277,0.7904
LN-HM-07816,0.4152,Reject,0,1.175,0.0
LN-HM-07817,0.7779,Reject,0,0.5576,0.7719
LN-HM-07818,0.0291,Approve,0,0.2774,0.0
LN-HM-07819,0.1703,Review,1,0.5025,0.0
LN-HM-07820,0.0035,Approve,0,0.4825,0.8824
LN-HM-07821,0.0,Approve,0,0.371,0.7375
LN-HM-07822,0.3976,Reject,1,0.8791,0.6699
LN-HM-07823,0.6008,Reject,1,0.7566,0.936
LN-HM-07824,0.2875,Reject,0,0.6494,0.0
LN-HM-07825,0.4581,Reject,0,0.6665,0.7262
LN-HM-07826,0.0,Approve,0,0.4281,0.0
LN-HM-07827,0.0953,Approve,0,0.4327,0.9078
LN-HM-07828,0.2024,Review,0,0.4444,0.8642
LN-HM-07829,0.4547,Reject,0,0.2965,0.0
LN-HM-07830,0.5429,Reject,1,0.6852,0.7319
LN-HM-07831,0.3822,Reject,0,0.6855,0.7361
LN-HM-07832,0.0,Approve,0,0.3219,0.0
LN-HM-07833,0.477,Reject,1,0.7575,0.672
LN-HM-07834,0.5096,Reject,0,0.7849,0.0
LN-HM-07835,0.72,Reject,0,0.7476,0.6689
LN-HM-07836,0.5136,Reject,1,0.766,0.0
LN-HM-07837,0.0,Approve,0,0.4841,0.7288
LN-HM-07838,0.5681,Reject,1,0.5387,0.674
LN-HM-07839,0.1554,Reject,0,0.5645,0.789
LN-HM-07840,0.6348,Reject,1,0.5247,0.712
LN-HM-07841,0.1762,Approve,0,0.3801,0.8235
LN-HM-07842,0.9112,Reject,1,0.6707,0.7681
LN-HM-07843,0.6914,Reject,1,0.875,0.0
LN-HM-07844,0.6627,Reject,1,1.0355,0.9351
LN-HM-07845,0.4815,Reject,1,0.7351,0.7333
LN-HM-07846,0.0,Approve,0,0.2785,0.0
LN-HM-07847,0.0,Approve,0,0.3663,0.0
LN-HM-07848,0.5881,Reject,1,0.7811,0.8416
LN-HM-07849,0.4562,Reject,1,0.5916,0.7178
LN-HM-07850,0.7447,Reject,0,0.8511,0.0
LN-HM-07851,0.6716,Reject,1,0.7725,0.9088
LN-HM-07852,0.3628,Review,0,0.5447,0.8218
LN-HM-07853,0.5948,Reject,0,0.7083,0.8094
LN-HM-07854,0.0531,Approve,0,0.407,0.7558
LN-HM-07855,0.1074,Approve,0,0.3984,0.8974
LN-HM-07856,0.4155,Reject,0,0.8053,0.7554
LN-HM-07857,0.3944,Reject,1,0.5606,0.9026
LN-HM-07858,0.4104,Reject,0,0.4,0.9271
LN-HM-07859,0.1603,Approve,0,0.4112,0.84
LN-HM-07860,0.3109,Review,1,0.5216,0.7747
LN-HM-07861,0.6628,Reject,1,0.8521,0.0
LN-HM-07862,0.6758,Reject,1,0.9235,0.8579
LN-HM-07863,0.3123,Review,0,0.4085,0.792
LN-HM-07864,0.5357,Reject,0,0.7023,0.6639
LN-HM-07865,0.6392,Reject,0,0.8049,0.0
LN-HM-07866,0.6591,Reject,0,0.8413,0.0
LN-HM-07867,0.5744,Reject,1,0.666,0.7444
LN-HM-07868,0.0895,Approve,0,0.3463,0.697
LN-HM-07869,0.5256,Reject,1,0.7627,0.7086
LN-HM-07870,0.4811,Reject,1,1.58,0.0
LN-HM-07871,0.5971,Reject,1,0.659,0.8776
LN-HM-07872,0.7357,Reject,0,0.5504,0.8317
LN-HM-07873,0.3643,Reject,1,1.039,0.0
LN-HM-07874,0.7495,Reject,1,0.747,0.8582
LN-HM-07875,0.0256,Approve,0,0.4565,0.8693
LN-HM-07876,0.5797,Reject,0,0.5156,0.6886
LN-HM-07877,0.5367,Reject,1,0.5943,0.6777
LN-HM-07878,0.3543,Reject,0,1.1844,0.0
LN-HM-07879,0.437,Reject,1,1.321,0.0
LN-HM-07880,0.264,Reject,0,0.6044,0.7473
LN-HM-07881,0.4085,Reject,1,1.1624,0.0
LN-HM-07882,0.9249,Reject,1,0.8239,0.0
LN-HM-07883,0.5833,Reject,0,0.3832,0.8081
LN-HM-07884,0.7922,Reject,1,0.6032,0.7647
LN-HM-07885,0.9118,Reject,1,0.832,0.7074
LN-HM-07886,0.0,Approve,0,0.2707,0.0
LN-HM-07887,1.0,Reject,1,0.7995,0.0
LN-HM-07888,0.4108,Reject,0,0.5786,0.0
LN-HM-07889,0.4642,Reject,0,0.7315,0.7795
LN-HM-07890,0.5427,Reject,1,0.8219,0.0
LN-HM-07891,0.9678,Reject,1,0.7586,0.8452
LN-HM-07892,0.1873,Reject,0,0.5737,0.7525
LN-HM-07893,0.1271,Approve,0,0.3265,0.9391
LN-HM-07894,0.1699,Approve,1,0.2211,0.0
LN-HM-07895,0.4505,Reject,1,1.0304,0.0
LN-HM-07896,0.2137,Review,0,0.3993,0.0
LN-HM-07897,0.2956,Reject,0,0.5829,0.7629
LN-HM-07898,0.4674,Reject,1,1.4275,0.0
LN-HM-07899,0.3936,Reject,1,0.6561,0.0
LN-HM-07900,0.4155,Reject,0,0.5604,0.9007
LN-HM-07901,0.4467,Reject,1,0.6367,0.6926
LN-HM-07902,0.0,Approve,0,0.3552,0.7722
LN-HM-07903,0.2337,Review,1,0.5405,0.6676
LN-HM-07904,0.323,Review,0,0.5256,0.6868
LN-HM-07905,1.0,Reject,1,0.8229,0.8467
LN-HM-07906,0.388,Reject,0,0.4512,0.6526
LN-HM-07907,0.0,Approve,0,0.4974,0.7759
LN-HM-07908,0.8496,Reject,1,0.67,0.8316
LN-HM-07909,0.7361,Reject,1,0.6268,0.7576
LN-HM-07910,0.7243,Reject,1,0.7465,0.7811
LN-HM-07911,0.2647,Reject,0,0.6252,0.7029
LN-HM-07912,0.5632,Reject,1,0.6826,0.8097
LN-HM-07913,0.6593,Reject,1,0.9005,0.8138
LN-HM-07914,0.4881,Reject,0,0.6992,0.6622
LN-HM-07915,0.4937,Reject,1,0.3333,0.0
LN-HM-07916,0.3918,Reject,1,0.4753,0.6856
LN-HM-07917,0.4679,Reject,0,0.7086,0.0
LN-HM-07918,0.0914,Approve,0,0.4632,0.0
LN-HM-07919,0.0287,Approve,0,0.4969,0.8322
LN-HM-07920,0.469,Reject,0,0.5058,0.9006
LN-HM-07921,0.8896,Reject,0,0.8512,0.9245
LN-HM-07922,0.5517,Reject,1,0.5779,0.8521
LN-HM-07923,0.6492,Reject,0,0.7864,0.0
LN-HM-07924,0.4351,Reject,1,0.9864,0.0
LN-HM-07925,0.542,Reject,1,0.7206,0.7241
LN-HM-07926,0.7751,Reject,1,0.9327,0.7435
LN-HM-07927,0.2726,Review,0,0.3861,0.8857
LN-HM-07928,0.7318,Reject,1,0.6999,0.7283
LN-HM-07929,0.4595,Reject,1,0.668,0.7345
LN-HM-07930,0.5085,Reject,1,0.583,0.0
LN-HM-07931,0.4394,Reject,0,0.6646,0.6506
LN-HM-07932,0.9441,Reject,0,0.6969,0.0
LN-HM-07933,0.5487,Reject,1,0.7685,0.0
LN-HM-07934,0.4696,Reject,0,0.8308,0.7583
LN-HM-07935,0.3072,Reject,0,0.5837,0.8742
LN-HM-07936,0.7289,Reject,1,0.5137,0.8375
LN-HM-07937,0.0,Approve,0,0.3916,0.7698
LN-HM-07938,0.0,Approve,0,0.4153,0.9351
LN-HM-07939,0.0,Approve,0,0.4887,0.0
LN-HM-07940,0.4752,Reject,1,0.7166,0.9278
LN-HM-07941,0.6718,Reject,0,0.3483,0.8117
LN-HM-07942,0.2187,Review,1,0.3143,0.0
LN-HM-07943,0.5249,Reject,0,0.6019,0.6892
LN-HM-07944,0.3897,Reject,1,0.6625,0.7843
LN-HM-07945,0.4522,Reject,1,0.4576,0.9215
LN-HM-07946,0.9069,Reject,1,0.5503,0.8897
LN-HM-07947,0.3482,Reject,1,0.6285,0.8807
LN-HM-07948,0.3227,Reject,0,0.5708,0.0
LN-HM-07949,0.709,Reject,1,0.802,0.8086
LN-HM-07950,0.6926,Reject,0,0.9704,0.7454
LN-HM-07951,0.5116,Reject,1,0.8356,0.8875
LN-HM-07952,0.2413,Reject,0,0.6016,0.7545
LN-HM-07953,0.5515,Reject,0,0.826,0.7564
LN-HM-07954,0.4513,Reject,0,0.8167,0.0
LN-HM-07955,0.7573,Reject,1,0.7534,0.8146
LN-HM-07956,0.6533,Reject,1,0.5805,0.9101
LN-HM-07957,0.5807,Reject,1,0.8585,0.7696
LN-HM-07958,0.0,Approve,0,0.3679,0.0
LN-HM-07959,0.8923,Reject,1,0.7469,0.8333
LN-HM-07960,0.9396,Reject,1,0.6565,0.8712
LN-HM-07961,0.6806,Reject,0,0.8459,0.7049
LN-HM-07962,0.1925,Approve,0,0.2719,0.0
LN-HM-07963,0.2845,Reject,1,0.5867,0.0
LN-HM-07964,0.0,Approve,0,0.4998,0.7529
LN-HM-07965,0.3871,Reject,1,0.5566,0.8376
LN-HM-07966,0.4562,Reject,0,0.7589,0.6954
LN-HM-07967,0.6411,Reject,0,0.8606,0.7766
LN-HM-07968,0.3703,Reject,1,0.5784,0.75
LN-HM-07969,0.7756,Reject,1,0.9923,0.776
LN-HM-07970,0.2961,Review,1,0.5368,0.668
LN-HM-07971,0.0,Approve,0,0.2838,0.829
LN-HM-07972,0.6675,Reject,0,0.7891,0.8692
LN-HM-07973,0.834,Reject,1,0.8858,0.0
LN-HM-07974,0.3315,Reject,0,0.5509,0.7204
LN-HM-07975,0.4965,Reject,1,0.5528,0.0
LN-HM-07976,0.5673,Reject,1,0.8824,0.7788
LN-HM-07977,0.4446,Reject,1,0.4349,0.6557
LN-HM-07978,0.0,Approve,0,0.3965,0.0
LN-HM-07979,0.0161,Approve,0,0.3306,0.7578
LN-HM-07980,0.6346,Reject,0,0.7637,0.8307
LN-HM-07981,0.5436,Reject,0,0.8794,0.0
LN-HM-07982,0.7139,Reject,0,0.7593,0.8135
LN-HM-07983,0.6424,Reject,0,1.1491,0.0
LN-HM-07984,0.4612,Reject,0,0.479,0.8028
LN-HM-07985,0.471,Reject,1,0.7007,0.7922
LN-HM-07986,0.4834,Reject,1,1.271,0.0
LN-HM-07987,0.4358,Reject,1,0.7248,0.7806
LN-HM-07988,0.781,Reject,1,0.829,0.8756
LN-HM-07989,0.2116,Reject,0,0.552,0.0
LN-HM-07990,0.4307,Reject,0,1.0484,0.7642
LN-HM-07991,0.4046,Reject,1,0.4918,0.0
LN-HM-07992,0.0,Approve,0,0.3155,0.0
LN-HM-07993,0.5755,Reject,1,1.5653,0.0
LN-HM-07994,0.4195,Reject,0,0.7687,0.7042
LN-HM-07995,0.5656,Reject,1,0.5267,0.9017
LN-HM-07996,0.0,Approve,0,0.4979,0.7393
LN-HM-07997,1.0,Reject,1,0.7392,0.7615
LN-HM-07998,0.6611,Reject,1,1.0025,0.8403
LN-HM-07999,0.3836,Review,0,0.5221,0.7273
LN-HM-08000,0.0,Approve,0,0.4421,0.9516
LN-HM-08001,0.1292,Approve,1,0.3445,0.6845
LN-HM-08002,0.6937,Reject,0,0.6703,0.9146
LN-HM-08003,0.0,Approve,0,0.2696,0.7492
LN-HM-08004,0.2152,Reject,0,0.5537,0.6842
LN-HM-08005,0.2357,Reject,0,0.5818,0.0
LN-HM-08006,0.1006,Approve,0,0.338,0.7913
LN-HM-08007,0.7172,Reject,0,0.5949,0.8182
LN-HM-08008,0.9368,Reject,1,0.8193,0.0
LN-HM-08009,0.1586,Review,1,0.5334,0.0
LN-HM-08010,0.6659,Reject,0,0.9003,0.8013
LN-HM-08011,0.4347,Reject,0,0.3268,0.0
LN-HM-08012,0.4264,Reject,0,0.4672,0.0
LN-HM-08013,0.4809,Reject,0,0.679,0.7145
LN-HM-08014,0.5506,Reject,1,1.0417,0.0
LN-HM-08015,0.0,Approve,0,0.4921,0.0
LN-HM-08016,0.4305,Reject,1,0.6386,0.8889
LN-HM-08017,0.0,Approve,0,0.2583,0.7817
LN-HM-08018,0.3863,Reject,1,0.7022,0.7803
LN-HM-08019,0.2897,Reject,1,0.6427,0.7778
LN-HM-08020,0.548,Reject,1,0.5296,0.0
LN-HM-08021,0.6699,Reject,1,0.6859,0.7196
LN-HM-08022,0.4385,Reject,1,0.9418,0.7739
LN-HM-08023,0.9302,Reject,1,0.8389,0.8797
LN-HM-08024,0.2388,Reject,0,0.5774,0.7254
LN-HM-08025,0.5307,Reject,0,0.5007,0.8659
LN-HM-08026,0.4734,Reject,1,0.5097,0.0
LN-HM-08027,0.0301,Approve,1,0.3843,0.0
LN-HM-08028,0.3111,Reject,0,0.5933,0.7184
LN-HM-08029,0.0,Approve,0,0.4398,0.8911
LN-HM-08030,0.359,Reject,0,0.3672,0.7455
LN-HM-08031,0.0,Approve,0,0.4998,0.0
LN-HM-08032,0.0079,Approve,0,0.4645,0.8793
LN-HM-08033,0.7901,Reject,1,0.5282,0.6641
LN-HM-08034,0.6616,Reject,1,0.6166,0.8039
LN-HM-08035,0.5533,Reject,1,0.535,0.7324
LN-HM-08036,0.9996,Reject,1,1.3061,0.0
LN-HM-08037,0.4038,Reject,0,0.7389,0.0
LN-HM-08038,0.7431,Reject,1,0.6119,0.83
LN-HM-08039,0.6256,Reject,0,0.7436,0.7268
LN-HM-08040,0.1892,Approve,0,0.42,0.7174
LN-HM-08041,0.0,Approve,0,0.3975,0.0
LN-HM-08042,0.0268,Approve,0,0.3979,0.0
LN-HM-08043,0.6609,Reject,1,1.1237,0.0
LN-HM-08044,0.9805,Reject,1,0.918,0.7313
LN-HM-08045,0.18,Reject,0,0.5549,0.8691
LN-HM-08046,0.6648,Reject,0,0.5049,0.9326
LN-HM-08047,0.7213,Reject,1,1.1494,0.0
LN-HM-08048,0.7499,Reject,1,0.7259,0.9182
LN-HM-08049,1.0,Reject,1,0.8118,0.852
LN-HM-08050,0.6774,Reject,1,1.1614,0.0
LN-HM-08051,0.5475,Reject,0,0.6103,0.7852
LN-HM-08052,0.2061,Review,1,0.4094,0.6652
LN-HM-08053,0.2357,Reject,0,0.6124,0.0
LN-HM-08054,0.6085,Reject,1,0.7774,0.8303
LN-HM-08055,0.3619,Reject,0,0.4046,0.0
LN-HM-08056,0.3998,Review,1,0.5329,0.8319
LN-HM-08057,0.1884,Review,0,0.5394,0.7577
LN-HM-08058,0.0,Approve,0,0.3483,0.0
LN-HM-08059,0.6491,Reject,1,0.764,0.7461
LN-HM-08060,0.3367,Reject,1,0.5911,0.7249
LN-HM-08061,0.5559,Reject,0,0.7543,0.7298
LN-HM-08062,0.914,Reject,1,0.7882,0.8704
LN-HM-08063,0.7697,Reject,1,1.1463,0.0
LN-HM-08064,0.9648,Reject,1,0.7467,0.9262
LN-HM-08065,0.0,Approve,0,0.4728,0.6994
LN-HM-08066,0.5074,Reject,1,0.6571,0.7093
LN-HM-08067,0.2069,Review,0,0.3952,0.7267
LN-HM-08068,0.5337,Reject,0,0.5364,0.0
LN-HM-08069,0.0,Approve,0,0.4344,0.94
LN-HM-08070,0.5104,Reject,0,0.6158,0.7081
LN-HM-08071,0.4101,Reject,1,0.562,0.0
LN-HM-08072,0.1735,Reject,0,0.6081,0.9077
LN-HM-08073,1.0,Reject,1,0.7847,0.8462
LN-HM-08074,0.0,Approve,0,0.3521,0.0
LN-HM-08075,0.5297,Reject,1,0.7429,0.0
LN-HM-08076,0.6698,Reject,1,0.8788,0.7085
LN-HM-08077,0.5914,Reject,1,0.6791,0.6843
LN-HM-08078,0.0,Approve,0,0.4399,0.7283
LN-HM-08079,0.4103,Reject,1,0.6846,0.0
LN-HM-08080,0.0,Approve,0,0.4723,0.7575
LN-HM-08081,0.2204,Review,1,0.5493,0.0
LN-HM-08082,0.6758,Reject,0,0.7839,0.7016
LN-HM-08083,0.7089,Reject,1,0.5414,0.827
LN-HM-08084,0.5171,Reject,1,0.5993,0.0
LN-HM-08085,0.9272,Reject,1,0.7367,0.7439
LN-HM-08086,0.3305,Reject,0,0.8726,0.7847
LN-HM-08087,0.0,Approve,0,0.4089,0.7672
LN-HM-08088,0.0399,Approve,1,0.4156,0.7748
LN-HM-08089,0.497,Reject,0,0.6224,0.9177
LN-HM-08090,0.2618,Review,0,0.3392,0.0
LN-HM-08091,0.4968,Reject,0,1.3058,0.0
LN-HM-08092,0.3379,Reject,0,0.5517,0.0
LN-HM-08093,0.326,Review,0,0.505,0.7673
LN-HM-08094,0.3433,Review,0,0.5254,0.6832
LN-HM-08095,0.783,Reject,1,0.5138,0.0
LN-HM-08096,0.0065,Approve,0,0.45,0.0
LN-HM-08097,0.4277,Reject,0,0.657,0.0
LN-HM-08098,1.0,Reject,1,0.9731,0.8063
LN-HM-08099,0.0,Approve,0,0.3549,0.0
LN-HM-08100,0.808,Reject,1,0.6279,0.7114
LN-HM-08101,0.3906,Review,1,0.4949,0.8047
LN-HM-08102,0.9875,Reject,1,0.9808,0.6977
LN-HM-08103,0.226,Review,0,0.5389,0.7707
LN-HM-08104,0.6326,Reject,1,0.7108,0.8013
LN-HM-08105,0.5166,Reject,0,0.6213,0.8466
LN-HM-08106,0.1405,Approve,0,0.3599,0.7462
LN-HM-08107,0.0,Approve,0,0.4973,0.742
LN-HM-08108,0.5245,Reject,0,0.586,0.0
LN-HM-08109,0.0,Approve,0,0.4562,0.7433
LN-HM-08110,0.5496,Reject,1,0.8721,0.6741
LN-HM-08111,0.0,Approve,0,0.355,0.0
LN-HM-08112,0.2013,Review,0,0.4453,0.7494
LN-HM-08113,0.9197,Reject,1,0.6747,0.9188
LN-HM-08114,0.6658,Reject,1,1.0239,0.9294
LN-HM-08115,0.0,Approve,0,0.4088,0.762
LN-HM-08116,0.7404,Reject,0,0.8841,0.8211
LN-HM-08117,0.9273,Reject,1,0.6682,0.7083
LN-HM-08118,0.4924,Reject,0,1.4557,0.0
LN-HM-08119,0.3575,Review,1,0.4329,0.933
LN-HM-08120,0.0,Approve,0,0.4617,0.7255
LN-HM-08121,0.2351,Reject,0,0.6153,0.828
LN-HM-08122,0.5333,Reject,0,1.5358,0.0
LN-HM-08123,0.6501,Reject,0,0.6639,0.0
LN-HM-08124,0.3249,Review,1,0.5497,0.7953
LN-HM-08125,0.7808,Reject,1,0.5043,0.8413
LN-HM-08126,0.0517,Approve,0,0.4116,0.86
LN-HM-08127,0.3356,Reject,1,0.5949,0.0
LN-HM-08128,0.6361,Reject,1,0.6581,0.0
LN-HM-08129,0.2191,Reject,0,0.6387,0.7684
LN-HM-08130,0.6838,Reject,1,0.7085,0.9315
LN-HM-08131,0.6537,Reject,1,0.6304,0.8919
LN-HM-08132,0.7978,Reject,1,0.7915,0.8333
LN-HM-08133,0.3748,Reject,1,0.557,0.0
LN-HM-08134,0.4947,Reject,0,0.7342,0.7875
LN-HM-08135,0.9561,Reject,1,0.5038,0.9093
LN-HM-08136,0.5895,Reject,0,0.7229,0.7741
LN-HM-08137,0.7977,Reject,1,0.7266,0.9459
LN-HM-08138,0.4407,Reject,1,0.691,0.0
LN-HM-08139,0.6502,Reject,1,0.5907,0.9275
LN-HM-08140,0.7153,Reject,0,0.7152,0.0
LN-HM-08141,0.3489,Review,0,0.4872,0.8194
LN-HM-08142,0.2561,Reject,0,0.6197,0.7212
LN-HM-08143,0.4139,Reject,0,0.5396,0.7574
LN-HM-08144,0.7614,Reject,0,0.5491,0.0
LN-HM-08145,0.735,Reject,0,1.0543,0.8373
LN-HM-08146,0.284,Review,1,0.5065,0.0
LN-HM-08147,0.1432,Approve,0,0.4763,0.808
LN-HM-08148,0.0721,Approve,0,0.3265,0.7133
LN-HM-08149,0.3895,Reject,0,0.7474,0.7805
LN-HM-08150,0.2074,Review,0,0.4257,0.9194
LN-HM-08151,0.1897,Reject,0,0.609,0.8588
LN-HM-08152,0.3135,Reject,0,0.5648,0.8287
LN-HM-08153,0.3762,Reject,0,0.6636,0.7353
LN-HM-08154,0.7013,Reject,1,0.6639,0.9073
LN-HM-08155,0.8146,Reject,1,0.9257,0.8638
LN-HM-08156,0.1853,Reject,0,0.6359,0.7348
LN-HM-08157,0.5464,Reject,0,0.707,0.7487
LN-HM-08158,0.078,Approve,0,0.2998,0.8976
LN-HM-08159,0.213,Review,0,0.5254,0.8249
LN-HM-08160,0.6777,Reject,1,0.6041,0.9318
LN-HM-08161,0.6834,Reject,1,0.583,0.6518
LN-HM-08162,0.2424,Review,1,0.5465,0.0
LN-HM-08163,0.368,Reject,1,0.5746,0.8
LN-HM-08164,0.6378,Reject,0,1.1377,0.873
LN-HM-08165,0.1643,Approve,0,0.4914,0.8588
LN-HM-08166,0.4608,Reject,0,0.6942,0.7871
LN-HM-08167,0.4604,Reject,1,0.5403,0.74
LN-HM-08168,0.5411,Reject,1,0.5739,0.0
LN-HM-08169,0.5117,Reject,0,0.6546,0.0
LN-HM-08170,0.7213,Reject,1,0.5415,0.7698
LN-HM-08171,0.2458,Review,1,0.2778,0.9167
LN-HM-08172,0.0,Approve,0,0.2529,0.0
LN-HM-08173,0.5213,Reject,0,0.7827,0.6868
LN-HM-08174,0.1419,Reject,0,0.5522,0.6873
LN-HM-08175,0.4942,Reject,1,0.5403,0.9197
LN-HM-08176,0.2212,Reject,0,0.5872,0.7569
LN-HM-08177,0.5679,Reject,0,0.7474,0.8507
LN-HM-08178,0.073,Approve,0,0.2835,0.0
LN-HM-08179,0.0,Approve,0,0.4958,0.6537
LN-HM-08180,0.3899,Reject,0,0.9743,0.0
LN-HM-08181,0.6483,Reject,0,0.6793,0.0
LN-HM-08182,0.2702,Review,0,0.4426,0.0
LN-HM-08183,0.429,Reject,1,0.6419,0.8289
LN-HM-08184,0.2275,Reject,0,0.6351,0.7986
LN-HM-08185,0.4853,Reject,1,0.657,0.8874
LN-HM-08186,0.7156,Reject,1,0.7022,0.7601
LN-HM-08187,0.5306,Reject,1,1.1285,0.0
LN-HM-08188,0.35,Reject,0,0.6035,0.6796
LN-HM-08189,0.2628,Reject,1,0.5814,0.7766
LN-HM-08190,0.6138,Reject,1,0.7779,0.8845
LN-HM-08191,0.4945,Reject,1,0.7615,0.766
LN-HM-08192,0.7892,Reject,1,0.7442,0.9156
LN-HM-08193,1.0,Reject,1,1.0656,0.8338
LN-HM-08194,0.3615,Review,0,0.3596,0.8307
LN-HM-08195,0.6,Reject,1,0.7795,0.8209
LN-HM-08196,0.7663,Reject,1,0.8204,0.8526
LN-HM-08197,0.4648,Reject,1,0.8787,0.7418
LN-HM-08198,0.5262,Reject,0,0.648,0.7347
LN-HM-08199,0.388,Reject,0,0.7255,0.6688
LN-HM-08200,0.7549,Reject,0,0.6914,0.0
LN-HM-08201,0.4545,Reject,0,0.664,0.0
LN-HM-08202,0.0061,Approve,0,0.3386,0.0
LN-HM-08203,0.457,Reject,0,0.7337,0.7039
LN-HM-08204,0.0,Approve,0,0.3673,0.9359
LN-HM-08205,0.4956,Reject,0,0.8671,0.7468
LN-HM-08206,0.7443,Reject,1,0.8418,0.8118
LN-HM-08207,0.7705,Reject,1,0.781,0.8392
LN-HM-08208,0.0,Approve,0,0.4355,0.0
LN-HM-08209,0.9516,Reject,1,0.9447,0.77
LN-HM-08210,0.4371,Reject,1,0.7179,0.0
LN-HM-08211,0.488,Reject,0,0.7981,0.6648
LN-HM-08212,0.316,Reject,1,0.6033,0.6903
LN-HM-08213,0.4539,Reject,0,0.5031,0.7759
LN-HM-08214,0.7918,Reject,1,0.6612,0.7021
LN-HM-08215,0.6337,Reject,0,0.715,0.8534
LN-HM-08216,0.3781,Reject,0,0.8449,0.0
LN-HM-08217,0.6861,Reject,1,1.0616,0.0
LN-HM-08218,0.0,Approve,0,0.4998,0.0
LN-HM-08219,0.3883,Reject,0,0.6259,0.9461
LN-HM-08220,0.4751,Reject,0,0.8489,0.7123
LN-HM-08221,0.4822,Reject,1,0.3332,0.0
LN-HM-08222,0.0,Approve,0,0.4581,0.7406
LN-HM-08223,0.0,Approve,0,0.395,0.7905
LN-HM-08224,0.0,Approve,0,0.3886,0.0
LN-HM-08225,0.484,Reject,1,0.5747,0.8364
LN-HM-08226,0.0,Approve,0,0.455,0.7077
LN-HM-08227,0.463,Reject,1,0.259,0.0
LN-HM-08228,1.0,Reject,1,0.7977,0.8155
LN-HM-08229,0.7287,Reject,0,0.5841,0.9433
LN-HM-08230,0.0,Approve,0,0.4396,0.0
LN-HM-08231,0.5542,Reject,0,0.7305,0.759
LN-HM-08232,0.0739,Approve,0,0.4096,0.0
LN-HM-08233,0.9366,Reject,1,0.8232,0.7961
LN-HM-08234,0.4596,Reject,0,0.5781,0.9479
LN-HM-08235,0.4725,Reject,0,1.1165,0.0
LN-HM-08236,0.0,Approve,0,0.1808,0.0
LN-HM-08237,0.0692,Approve,0,0.3486,0.7496
LN-HM-08238,0.7346,Reject,1,0.722,0.0
LN-HM-08239,0.3716,Reject,0,0.7928,0.6568
LN-HM-08240,0.7165,Reject,1,0.5053,0.0
LN-HM-08241,0.5164,Reject,0,0.8549,0.6852
LN-HM-08242,0.88,Reject,1,0.7577,0.8084
LN-HM-08243,0.797,Reject,1,0.5451,0.6699
LN-HM-08244,0.2514,Review,0,0.5352,0.9247
LN-HM-08245,0.0,Approve,0,0.406,0.8764
LN-HM-08246,0.0578,Approve,0,0.2393,0.871
LN-HM-08247,0.0,Approve,0,0.4538,0.7725
LN-HM-08248,0.3064,Reject,0,0.6251,0.8202
LN-HM-08249,0.2046,Review,0,0.4443,0.6792
LN-HM-08250,0.5273,Reject,1,0.8496,0.0
LN-HM-08251,0.3747,Reject,1,0.7232,0.8333
LN-HM-08252,0.0,Approve,0,0.4545,0.8285
LN-HM-08253,0.0,Approve,0,0.3918,0.0
LN-HM-08254,0.1699,Approve,0,0.4213,0.0
LN-HM-08255,0.1366,Approve,0,0.4655,0.9351
LN-HM-08256,0.7196,Reject,1,0.7072,0.6961
LN-HM-08257,0.0336,Approve,0,0.4993,0.6859
LN-HM-08258,1.0,Reject,1,0.6015,0.8223
LN-HM-08259,0.7305,Reject,1,0.5854,0.9363
LN-HM-08260,0.8271,Reject,1,0.735,0.9319
LN-HM-08261,0.0,Approve,0,0.4028,0.8257
LN-HM-08262,0.0,Approve,0,0.3643,0.819
LN-HM-08263,0.0182,Approve,0,0.4055,0.0
LN-HM-08264,0.8651,Reject,1,0.6737,0.8019
LN-HM-08265,0.0047,Approve,0,0.405,0.9375
LN-HM-08266,0.2653,Reject,1,0.6221,0.7212
LN-HM-08267,0.6672,Reject,1,0.8776,0.0
LN-HM-08268,0.7346,Reject,1,0.9271,0.6733
LN-HM-08269,0.0701,Approve,0,0.4644,0.7963
LN-HM-08270,0.4219,Reject,0,0.479,0.0
LN-HM-08271,0.386,Review,0,0.4359,0.8904
LN-HM-08272,0.7312,Reject,1,0.645,0.8
LN-HM-08273,0.0,Approve,0,0.3562,0.0
LN-HM-08274,0.764,Reject,1,0.5327,0.0
LN-HM-08275,0.2189,Reject,0,0.5786,0.6769
LN-HM-08276,0.7233,Reject,0,0.6477,0.7986
LN-HM-08277,0.1719,Approve,0,0.4188,0.9401
LN-HM-08278,0.1495,Approve,0,0.3393,0.0
LN-HM-08279,0.4556,Reject,1,1.4173,0.0
LN-HM-08280,0.9569,Reject,1,0.62,0.8473
LN-HM-08281,0.449,Reject,0,0.6528,0.0
LN-HM-08282,0.0,Approve,0,0.1707,0.0
LN-HM-08283,0.5585,Reject,1,0.4334,0.915
LN-HM-08284,1.0,Reject,1,0.948,0.8107
LN-HM-08285,0.5153,Reject,1,0.5779,0.8211
LN-HM-08286,0.0,Approve,0,0.4092,0.6745
LN-HM-08287,0.154,Approve,0,0.3644,0.0
LN-HM-08288,0.6602,Reject,1,0.8017,0.0
LN-HM-08289,0.5356,Reject,1,0.673,0.0
LN-HM-08290,0.2677,Review,0,0.4671,0.9336
LN-HM-08291,0.7087,Reject,1,0.669,0.8912
LN-HM-08292,0.444,Reject,1,0.6723,0.7125
LN-HM-08293,0.6659,Reject,0,0.769,0.6831
LN-HM-08294,0.1957,Approve,0,0.4691,0.6736
LN-HM-08295,0.6082,Reject,0,0.4453,0.8962
LN-HM-08296,0.8118,Reject,1,0.5644,0.7727
LN-HM-08297,0.0955,Approve,0,0.4756,0.9074
LN-HM-08298,0.0,Approve,0,0.3474,0.8793
LN-HM-08299,0.0,Approve,0,0.4197,0.7887
LN-HM-08300,0.9409,Reject,1,0.7435,0.0
LN-HM-08301,0.0142,Approve,0,0.4485,0.0
LN-HM-08302,0.2545,Review,0,0.5033,0.7606
LN-HM-08303,0.5305,Reject,1,0.5124,0.0
LN-HM-08304,0.7431,Reject,1,0.8502,0.8435
LN-HM-08305,0.5272,Reject,0,0.5182,0.0
LN-HM-08306,0.7148,Reject,1,0.5226,0.8343
LN-HM-08307,0.4835,Reject,0,0.7527,0.6893
LN-HM-08308,0.5168,Reject,1,0.7472,0.0
LN-HM-08309,0.7588,Reject,1,0.6021,0.8114
LN-HM-08310,0.4408,Reject,1,0.2567,0.734
LN-HM-08311,0.7172,Reject,0,0.6817,0.9209
LN-HM-08312,0.6787,Reject,1,0.703,0.7895
LN-HM-08313,0.3875,Reject,0,0.9268,0.7117
LN-HM-08314,0.773,Reject,0,0.8119,0.7391
LN-HM-08315,0.3882,Reject,1,0.6651,0.7669
LN-HM-08316,0.2366,Review,1,0.473,0.6569
LN-HM-08317,0.4434,Reject,0,0.191,0.0
LN-HM-08318,1.0,Reject,1,0.8813,0.8757
LN-HM-08319,0.5961,Reject,0,0.6698,0.8272
LN-HM-08320,0.2668,Reject,1,0.6393,0.7372
LN-HM-08321,0.473,Reject,0,0.5161,0.0
LN-HM-08322,0.6633,Reject,1,0.6797,0.7251
LN-HM-08323,0.3494,Reject,0,0.8384,0.0
LN-HM-08324,0.6472,Reject,1,0.7405,0.8399
LN-HM-08325,0.4102,Reject,1,0.6701,0.7576
LN-HM-08326,0.0,Approve,0,0.4181,0.7872
LN-HM-08327,0.2274,Reject,1,0.5569,0.6654
LN-HM-08328,0.0595,Approve,0,0.3377,0.0
LN-HM-08329,0.5182,Reject,1,0.9609,0.8238
LN-HM-08330,0.8858,Reject,1,0.8046,0.9125
LN-HM-08331,0.2631,Reject,0,0.6026,0.0
LN-HM-08332,0.7621,Reject,1,0.5094,0.8278
LN-HM-08333,0.0911,Approve,0,0.3375,0.8311
LN-HM-08334,0.3276,Reject,0,0.5799,0.7136
LN-HM-08335,0.7189,Reject,1,0.645,0.812
LN-HM-08336,0.0231,Approve,0,0.1572,0.0
LN-HM-08337,0.273,Reject,0,0.6005,0.7615
LN-HM-08338,0.7028,Reject,1,0.9434,0.8921
LN-HM-08339,0.8887,Reject,1,1.5223,0.0
LN-HM-08340,0.4767,Reject,0,0.4607,0.9314
LN-HM-08341,0.4929,Reject,1,0.923,0.772
LN-HM-08342,0.0,Approve,0,0.3566,0.7257
LN-HM-08343,0.9971,Reject,1,0.8926,0.8162
LN-HM-08344,0.0,Approve,0,0.3884,0.8077
LN-HM-08345,0.235,Review,0,0.4181,0.7667
LN-HM-08346,0.7021,Reject,0,0.7325,0.7143
LN-HM-08347,0.6797,Reject,1,0.7352,0.8661
LN-HM-08348,0.3402,Review,0,0.4017,0.8963
LN-HM-08349,0.2634,Review,1,0.4881,0.0
LN-HM-08350,0.9607,Reject,1,0.7412,0.8474
LN-HM-08351,0.3566,Reject,1,0.6388,0.0
LN-HM-08352,0.1232,Approve,0,0.3874,0.7683
LN-HM-08353,0.7092,Reject,1,0.5939,0.7834
LN-HM-08354,0.0198,Approve,0,0.4417,0.7727
LN-HM-08355,0.3115,Reject,0,0.5957,0.733
LN-HM-08356,0.5153,Reject,1,0.5171,0.0
LN-HM-08357,0.0,Approve,0,0.3272,0.9078
LN-HM-08358,0.7086,Reject,1,0.7031,0.7182
LN-HM-08359,0.592,Reject,1,0.7614,0.7949
LN-HM-08360,0.9542,Reject,1,0.8031,0.869
LN-HM-08361,0.439,Reject,1,0.5085,0.8857
LN-HM-08362,0.0,Approve,0,0.4088,0.0
LN-HM-08363,0.7472,Reject,1,0.6478,0.8523
LN-HM-08364,0.0501,Approve,0,0.3966,0.7407
LN-HM-08365,0.0,Approve,0,0.3122,0.0
LN-HM-08366,0.267,Review,1,0.5016,0.7478
LN-HM-08367,0.4977,Reject,1,0.8176,0.0
LN-HM-08368,0.3676,Review,0,0.4824,0.8875
LN-HM-08369,0.479,Reject,0,0.4784,0.0
LN-HM-08370,0.4376,Reject,0,1.3854,0.0
LN-HM-08371,0.3488,Reject,0,0.5797,0.0
LN-HM-08372,0.4182,Reject,0,0.7733,0.7859
LN-HM-08373,0.4069,Reject,1,0.5881,0.6658
LN-HM-08374,0.4988,Reject,1,0.7937,0.0
LN-HM-08375,0.0,Approve,0,0.3945,0.0
LN-HM-08376,0.4793,Reject,1,0.6774,0.7072
LN-HM-08377,0.4192,Reject,1,0.5626,0.6735
LN-HM-08378,0.1224,Approve,1,0.3295,0.0
LN-HM-08379,0.4815,Reject,0,0.7504,0.7641
LN-HM-08380,0.5386,Reject,1,0.8258,0.0
LN-HM-08381,0.9684,Reject,1,0.6891,0.0
LN-HM-08382,0.4093,Reject,1,0.6634,0.6738
LN-HM-08383,0.6499,Reject,1,0.8085,0.0
LN-HM-08384,0.5059,Reject,1,0.5794,0.7079
LN-HM-08385,0.314,Review,0,0.5276,0.7896
LN-HM-08386,0.0445,Approve,1,0.4595,0.7215
LN-HM-08387,0.5069,Reject,0,0.4884,0.7583
LN-HM-08388,0.0,Approve,0,0.4626,0.7679
LN-HM-08389,0.9741,Reject,0,0.6724,0.9375
LN-HM-08390,0.4928,Reject,1,0.6206,0.6897
LN-HM-08391,0.5257,Reject,1,0.9687,0.6629
LN-HM-08392,0.5626,Reject,0,0.5213,0.7742
LN-HM-08393,0.6319,Reject,0,0.7856,0.9355
LN-HM-08394,0.482,Reject,0,0.463,0.8492
LN-HM-08395,0.7503,Reject,0,0.8191,0.7604
LN-HM-08396,0.8319,Reject,1,0.8595,0.8121
LN-HM-08397,0.4336,Reject,0,0.9108,0.7349
LN-HM-08398,0.5719,Reject,1,0.7243,0.7919
LN-HM-08399,0.0,Approve,0,0.4383,0.6875
LN-HM-08400,0.1654,Approve,0,0.3471,0.7113
LN-HM-08401,0.0,Approve,0,0.4416,0.0
LN-HM-08402,0.7481,Reject,0,1.185,0.0
LN-HM-08403,0.6554,Reject,0,0.7348,0.908
LN-HM-08404,0.456,Reject,0,0.6765,0.0
LN-HM-08405,0.1602,Approve,0,0.2766,0.8554
LN-HM-08406,0.4152,Reject,0,0.6958,0.7697
LN-HM-08407,0.6247,Reject,1,0.8648,0.8368
LN-HM-08408,0.4244,Reject,1,0.7294,0.6866
LN-HM-08409,0.7437,Reject,0,0.6846,0.8594
LN-HM-08410,0.4044,Reject,0,0.8027,0.6561
LN-HM-08411,0.5288,Reject,0,0.5849,0.772
LN-HM-08412,0.4419,Reject,0,0.6497,0.8088
LN-HM-08413,0.6355,Reject,1,0.651,0.9268
LN-HM-08414,0.0233,Approve,0,0.3996,0.0
LN-HM-08415,0.2006,Reject,0,0.592,0.708
LN-HM-08416,0.6861,Reject,1,0.5996,0.8582
LN-HM-08417,0.2736,Review,1,0.5373,0.0
LN-HM-08418,0.1586,Review,0,0.509,0.7633
LN-HM-08419,0.0757,Approve,0,0.4979,0.9005
LN-HM-08420,0.3894,Reject,0,0.8919,0.6581
LN-HM-08421,0.0,Approve,0,0.2815,0.0
LN-HM-08422,0.157,Approve,0,0.411,0.8424
LN-HM-08423,0.3168,Review,1,0.4392,0.6585
LN-HM-08424,0.4097,Reject,1,0.623,0.7738
LN-HM-08425,0.2204,Review,1,0.4782,0.0
LN-HM-08426,0.7806,Reject,1,0.8238,0.8291
LN-HM-08427,0.6867,Reject,1,0.6521,0.6786
LN-HM-08428,0.0,Approve,0,0.4251,0.7578
LN-HM-08429,0.0056,Approve,0,0.2632,0.0
LN-HM-08430,0.2768,Review,1,0.3764,0.7739
LN-HM-08431,0.6581,Reject,0,0.6841,0.8263
LN-HM-08432,0.6335,Reject,1,0.5773,0.8846
LN-HM-08433,0.494,Reject,1,0.5136,0.0
LN-HM-08434,0.4905,Reject,1,0.4705,0.8937
LN-HM-08435,0.6175,Reject,1,0.8197,0.8567
LN-HM-08436,0.427,Reject,1,0.7964,0.7246
LN-HM-08437,0.4479,Reject,0,0.4997,0.9287
LN-HM-08438,0.2414,Reject,0,0.6005,0.6801
LN-HM-08439,0.3109,Reject,0,0.5717,0.0
LN-HM-08440,0.291,Review,0,0.5222,0.7034
LN-HM-08441,0.6887,Reject,1,0.9142,0.0
LN-HM-08442,0.8702,Reject,1,0.6216,0.9283
LN-HM-08443,0.5483,Reject,1,0.758,0.0
LN-HM-08444,0.3549,Reject,1,0.6352,0.7716
LN-HM-08445,0.545,Reject,0,0.5223,0.7134
LN-HM-08446,0.4543,Reject,0,0.6805,0.9074
LN-HM-08447,0.676,Reject,1,0.7178,0.8599
LN-HM-08448,0.0,Approve,0,0.4955,0.6629
LN-HM-08449,0.1752,Approve,0,0.4774,0.0
LN-HM-08450,0.2365,Reject,0,0.614,0.0
LN-HM-08451,0.591,Reject,0,0.6959,0.6861
LN-HM-08452,0.3478,Review,0,0.521,0.9394
LN-HM-08453,0.2423,Review,1,0.5234,0.0
LN-HM-08454,0.5947,Reject,0,0.6738,0.9456
LN-HM-08455,0.4915,Reject,0,0.638,0.822
LN-HM-08456,0.4113,Reject,0,0.5358,0.6502
LN-HM-08457,0.9056,Reject,0,0.7732,0.0
LN-HM-08458,0.2315,Reject,1,0.5506,0.6596
LN-HM-08459,0.6093,Reject,1,0.7609,0.9213
LN-HM-08460,0.198,Reject,0,0.5869,0.0
LN-HM-08461,0.4499,Reject,0,1.3391,0.0
LN-HM-08462,0.2962,Reject,0,0.6271,0.8434
LN-HM-08463,0.0,Approve,0,0.4797,0.0
LN-HM-08464,0.1909,Reject,0,0.5684,0.0
LN-HM-08465,0.5011,Reject,0,0.6638,0.8
LN-HM-08466,0.0,Approve,0,0.3872,0.8039
LN-HM-08467,0.4257,Reject,1,0.5849,0.939
LN-HM-08468,0.3419,Review,0,0.4499,0.9346
LN-HM-08469,0.7513,Reject,1,0.7873,0.696
LN-HM-08470,0.1748,Approve,0,0.4524,0.6815
LN-HM-08471,0.3404,Review,0,0.525,0.0
LN-HM-08472,0.4458,Reject,0,0.7024,0.8723
LN-HM-08473,0.8504,Reject,1,0.987,0.9258
LN-HM-08474,0.4431,Reject,0,0.5459,0.7353
LN-HM-08475,0.6452,Reject,0,0.8208,0.9011
LN-HM-08476,0.7413,Reject,0,0.7064,0.8414
LN-HM-08477,0.0717,Approve,0,0.446,0.7976
LN-HM-08478,0.4229,Reject,0,0.2636,0.6667
LN-HM-08479,0.885,Reject,0,0.8273,0.8912
LN-HM-08480,0.3975,Reject,0,0.6262,0.8219
LN-HM-08481,0.4489,Reject,1,0.6381,0.6633
LN-HM-08482,0.331,Review,0,0.386,0.87
LN-HM-08483,0.7126,Reject,1,0.6756,0.8116
LN-HM-08484,0.4156,Reject,0,0.7635,0.7093
LN-HM-08485,0.6843,Reject,1,0.8092,0.0
LN-HM-08486,0.2703,Review,0,0.5379,0.6552
LN-HM-08487,0.4007,Reject,0,0.7224,0.7929
LN-HM-08488,0.3524,Reject,0,1.0952,0.0
LN-HM-08489,0.5053,Reject,1,0.3901,0.7408
LN-HM-08490,1.0,Reject,1,0.7372,0.9451
LN-HM-08491,0.3542,Review,1,0.4126,0.0
LN-HM-08492,0.6285,Reject,1,0.9802,0.8301
LN-HM-08493,0.8825,Reject,0,0.871,0.8333
LN-HM-08494,0.0,Approve,0,0.3549,0.75
LN-HM-08495,0.0602,Approve,0,0.4446,0.6867
LN-HM-08496,0.0408,Approve,0,0.4899,0.0
LN-HM-08497,0.5747,Reject,1,0.5814,0.0
LN-HM-08498,0.2749,Review,0,0.4005,0.8217
LN-HM-08499,0.0,Approve,0,0.4364,0.7249
LN-HM-08500,0.4355,Reject,1,0.701,0.0
LN-HM-08501,0.2757,Review,0,0.3115,0.0
LN-HM-08502,0.5233,Reject,1,1.0695,0.0
LN-HM-08503,0.0,Approve,0,0.269,0.7683
LN-HM-08504,0.5707,Reject,1,0.5916,0.6598
LN-HM-08505,0.2556,Review,0,0.5349,0.0
LN-HM-08506,0.1803,Approve,0,0.455,0.9006
LN-HM-08507,0.5626,Reject,1,0.7285,0.7956
LN-HM-08508,0.566,Reject,1,0.6609,0.0
LN-HM-08509,1.0,Reject,1,0.6886,0.8884
LN-HM-08510,0.2841,Review,0,0.5027,0.7707
LN-HM-08511,0.4308,Reject,1,0.6955,0.7597
LN-HM-08512,0.5143,Reject,0,0.7097,0.0
LN-HM-08513,0.4091,Reject,0,0.6113,0.8451
LN-HM-08514,0.2443,Review,0,0.547,0.7556
LN-HM-08515,0.662,Reject,1,0.8497,0.668
LN-HM-08516,0.2946,Reject,0,0.639,0.7763
LN-HM-08517,0.5187,Reject,1,0.5606,0.8663
LN-HM-08518,0.3748,Reject,0,0.9597,0.0
LN-HM-08519,0.4394,Reject,0,0.6467,0.8232
LN-HM-08520,0.2799,Review,0,0.5268,0.759
LN-HM-08521,0.1708,Approve,0,0.3647,0.0
LN-HM-08522,0.7059,Reject,1,0.6552,0.7162
LN-HM-08523,0.4687,Reject,1,0.8861,0.6944
LN-HM-08524,0.3955,Reject,1,0.7414,0.793
LN-HM-08525,0.649,Reject,1,0.7006,0.9452
LN-HM-08526,0.5704,Reject,1,0.7046,0.6769
LN-HM-08527,0.6348,Reject,0,0.7641,0.7247
LN-HM-08528,0.5792,Reject,1,0.5082,0.7692
LN-HM-08529,0.7564,Reject,1,0.7619,0.6684
LN-HM-08530,0.4196,Reject,0,0.3731,0.8945
LN-HM-08531,0.0542,Approve,0,0.4047,0.8529
LN-HM-08532,0.3806,Reject,1,0.755,0.6773
LN-HM-08533,0.6271,Reject,1,0.7833,0.8916
LN-HM-08534,0.4143,Reject,0,0.7673,0.7108
LN-HM-08535,0.7697,Reject,1,0.6391,0.6683
LN-HM-08536,0.7258,Reject,1,0.7277,0.9182
LN-HM-08537,0.457,Reject,1,0.7143,0.6747
LN-HM-08538,0.1668,Review,0,0.5496,0.9119
LN-HM-08539,0.0,Approve,0,0.3575,0.692
LN-HM-08540,0.4547,Reject,1,0.7185,0.0
LN-HM-08541,0.8987,Reject,1,0.6952,0.8987
LN-HM-08542,0.4361,Reject,0,0.5062,0.8965
LN-HM-08543,0.5521,Reject,1,0.5805,0.0
LN-HM-08544,0.4418,Reject,1,0.8366,0.0
LN-HM-08545,0.0,Approve,0,0.4839,0.7333
LN-HM-08546,0.6956,Reject,1,0.719,0.0
LN-HM-08547,0.4855,Reject,0,0.8087,0.7963
LN-HM-08548,0.5344,Reject,1,0.6587,0.6975
LN-HM-08549,0.4988,Reject,0,1.0879,0.0
LN-HM-08550,0.578,Reject,1,0.7949,0.7635
LN-HM-08551,0.1651,Approve,0,0.4311,0.9308
LN-HM-08552,0.9484,Reject,1,0.7365,0.9304
LN-HM-08553,0.661,Reject,0,0.6538,0.7184
LN-HM-08554,0.5825,Reject,0,0.5426,0.7962
LN-HM-08555,1.0,Reject,1,0.7225,0.9271
LN-HM-08556,0.7783,Reject,0,0.7206,0.8252
LN-HM-08557,0.2315,Review,0,0.4949,0.8186
LN-HM-08558,0.461,Reject,0,0.7047,0.732
LN-HM-08559,0.2007,Review,0,0.2613,0.0
LN-HM-08560,0.8914,Reject,1,0.9264,0.9004
LN-HM-08561,0.2842,Reject,0,0.56,0.9278
LN-HM-08562,0.8673,Reject,1,0.6539,0.8348
LN-HM-08563,0.6591,Reject,1,0.6833,0.8814
LN-HM-08564,0.2582,Reject,0,0.5973,0.9162
LN-HM-08565,0.264,Review,1,0.5423,0.0
LN-HM-08566,0.4261,Reject,0,0.6648,0.7595
LN-HM-08567,0.243,Reject,1,0.5948,0.672
LN-HM-08568,0.1517,Approve,0,0.3315,0.8868
LN-HM-08569,0.0,Approve,0,0.426,0.0
LN-HM-08570,0.4334,Reject,1,0.7584,0.6582
LN-HM-08571,0.8302,Reject,1,0.6732,0.9075
LN-HM-08572,0.9315,Reject,1,0.8375,0.7727
LN-HM-08573,0.2236,Reject,0,0.5914,0.7417
LN-HM-08574,0.7055,Reject,1,0.9596,0.7284
LN-HM-08575,0.5199,Reject,1,0.9499,0.0
LN-HM-08576,0.2999,Reject,0,0.5896,0.7275
LN-HM-08577,0.7046,Reject,0,0.517,0.8729
LN-HM-08578,0.0,Approve,0,0.4086,0.0
LN-HM-08579,0.5356,Reject,1,0.7216,0.8644
LN-HM-08580,0.3407,Review,0,0.5375,0.0
LN-HM-08581,0.446,Reject,1,0.3567,0.6611
LN-HM-08582,0.4672,Reject,1,0.7444,0.6961
LN-HM-08583,0.1093,Approve,0,0.3278,0.9223
LN-HM-08584,0.5938,Reject,0,1.0071,0.0
LN-HM-08585,0.5385,Reject,1,0.6788,0.7228
LN-HM-08586,1.0,Reject,1,0.6673,0.9
LN-HM-08587,0.0,Approve,0,0.3947,0.744
LN-HM-08588,0.4015,Reject,1,1.2659,0.0
LN-HM-08589,0.704,Reject,0,0.739,0.0
LN-HM-08590,0.1335,Reject,0,0.5848,0.0
LN-HM-08591,0.1316,Approve,0,0.4477,0.9091
LN-HM-08592,0.1716,Review,1,0.5399,0.7247
LN-HM-08593,0.0,Approve,0,0.4469,0.0
LN-HM-08594,0.5094,Reject,1,1.0189,0.0
LN-HM-08595,0.0,Approve,0,0.4641,0.9239
LN-HM-08596,0.1876,Approve,0,0.3227,0.0
LN-HM-08597,0.0,Approve,0,0.4918,0.0
LN-HM-08598,1.0,Reject,1,0.755,0.8421
LN-HM-08599,0.7395,Reject,1,0.8428,0.7785
LN-HM-08600,0.1824,Approve,0,0.4732,0.8077
LN-HM-08601,0.232,Reject,0,0.56,0.7849
LN-HM-08602,0.4725,Reject,1,0.7741,0.0
LN-HM-08603,0.7643,Reject,1,0.8885,0.0
LN-HM-08604,0.631,Reject,0,0.9507,0.7222
LN-HM-08605,0.2016,Review,0,0.4553,0.0
LN-HM-08606,0.6283,Reject,0,0.8955,0.8455
LN-HM-08607,0.3585,Reject,0,0.417,0.7805
LN-HM-08608,0.0,Approve,0,0.2802,0.7951
LN-HM-08609,0.2485,Reject,0,0.5523,0.0
LN-HM-08610,0.5131,Reject,1,0.6493,0.0
LN-HM-08611,0.5157,Reject,1,0.5288,0.8731
LN-HM-08612,0.5747,Reject,1,0.8379,0.7325
LN-HM-08613,0.2104,Review,0,0.4229,0.6749
LN-HM-08614,0.7014,Reject,1,0.7751,0.6679
LN-HM-08615,0.4097,Reject,1,0.7631,0.7132
LN-HM-08616,0.4817,Reject,1,0.5561,0.8063
LN-HM-08617,0.3834,Reject,1,0.8066,0.6596
LN-HM-08618,0.1685,Reject,0,0.5892,0.0
LN-HM-08619,0.2727,Review,0,0.5072,0.0
LN-HM-08620,0.1575,Approve,0,0.4981,0.843
LN-HM-08621,0.8724,Reject,0,0.6088,0.8328
LN-HM-08622,0.2459,Reject,0,0.6352,0.0
LN-HM-08623,0.6529,Reject,0,0.867,0.8452
LN-HM-08624,0.9941,Reject,1,0.5572,0.8097
LN-HM-08625,0.0,Approve,0,0.3882,0.0
LN-HM-08626,0.5036,Reject,1,0.7623,0.6889
LN-HM-08627,0.4922,Reject,0,0.6506,0.6682
LN-HM-08628,0.0,Approve,0,0.447,0.6985
LN-HM-08629,0.2768,Review,0,0.522,0.66
LN-HM-08630,0.2675,Review,0,0.5497,0.6552
LN-HM-08631,0.3728,Review,1,0.5052,0.7013
LN-HM-08632,0.811,Reject,1,0.8425,0.8214
LN-HM-08633,0.6901,Reject,1,0.8872,0.9164
LN-HM-08634,0.1763,Reject,0,0.577,0.8
LN-HM-08635,0.4203,Reject,0,0.5731,0.8507
LN-HM-08636,0.2227,Review,1,0.5085,0.7029
LN-HM-08637,0.5969,Reject,0,0.9003,0.8208
LN-HM-08638,0.477,Reject,1,0.8728,0.7917
LN-HM-08639,0.5867,Reject,1,0.6459,0.8693
LN-HM-08640,0.2891,Review,0,0.4689,0.8045
LN-HM-08641,0.5885,Reject,1,0.8322,0.7337
LN-HM-08642,0.5023,Reject,1,0.571,0.89
LN-HM-08643,0.1051,Approve,0,0.4498,0.8022
LN-HM-08644,0.4318,Reject,1,0.5828,0.9128
LN-HM-08645,0.0138,Approve,0,0.3165,0.0
LN-HM-08646,0.0673,Approve,0,0.2433,0.0
LN-HM-08647,0.4263,Reject,1,0.5656,0.7108
LN-HM-08648,0.502,Reject,1,0.636,0.7211
LN-HM-08649,0.6262,Reject,1,0.5625,0.8491
LN-HM-08650,0.1796,Approve,0,0.4992,0.0
LN-HM-08651,0.4958,Reject,1,0.9584,0.7914
LN-HM-08652,0.3477,Reject,1,0.66,0.0
LN-HM-08653,0.5966,Reject,1,0.7888,0.6631
LN-HM-08654,0.0429,Approve,0,0.3776,0.8929
LN-HM-08655,0.0,Approve,0,0.4512,0.0
LN-HM-08656,0.0063,Approve,0,0.2638,0.7059
LN-HM-08657,0.4166,Reject,1,0.6777,0.7123
LN-HM-08658,0.0,Approve,0,0.4123,0.766
LN-HM-08659,0.5067,Reject,0,0.5839,0.8525
LN-HM-08660,0.0,Approve,0,0.4219,0.6711
LN-HM-08661,0.0,Approve,0,0.2183,0.0
LN-HM-08662,0.6636,Reject,0,0.8178,0.8089
LN-HM-08663,0.1582,Review,0,0.5306,0.0
LN-HM-08664,1.0,Reject,1,0.8165,0.8598
LN-HM-08665,0.2612,Review,0,0.5134,0.8
LN-HM-08666,0.1371,Approve,0,0.4842,0.0
LN-HM-08667,0.548,Reject,1,0.6399,0.0
LN-HM-08668,0.6773,Reject,0,0.7984,0.7059
LN-HM-08669,0.7093,Reject,1,0.7854,0.0
LN-HM-08670,0.0131,Approve,0,0.4648,0.7108
LN-HM-08671,0.2979,Review,0,0.4891,0.9113
LN-HM-08672,0.2232,Review,1,0.4466,0.8296
LN-HM-08673,0.2607,Review,0,0.5399,0.7674
LN-HM-08674,0.4802,Reject,1,0.8063,0.651
LN-HM-08675,0.5965,Reject,0,0.7764,0.8934
LN-HM-08676,0.4438,Reject,1,0.631,0.7322
LN-HM-08677,0.467,Reject,0,1.245,0.0
LN-HM-08678,0.5074,Reject,1,0.7619,0.9057
LN-HM-08679,0.6416,Reject,1,0.6646,0.7016
LN-HM-08680,0.4036,Reject,0,0.4497,0.912
LN-HM-08681,0.5426,Reject,1,0.7144,0.7545
LN-HM-08682,0.3818,Reject,0,0.5797,0.938
LN-HM-08683,0.2166,Reject,0,0.5525,0.0
LN-HM-08684,0.0078,Approve,0,0.4812,0.7864
LN-HM-08685,0.5461,Reject,0,1.0578,0.7785
LN-HM-08686,0.7594,Reject,1,0.7289,0.7057
LN-HM-08687,0.0623,Approve,0,0.4105,0.0
LN-HM-08688,0.5399,Reject,0,0.6556,0.0
LN-HM-08689,0.33,Reject,0,0.6331,0.0
LN-HM-08690,0.3623,Reject,1,0.6366,0.0
LN-HM-08691,0.0343,Approve,0,0.3666,0.0
LN-HM-08692,0.6807,Reject,0,0.6826,0.791
LN-HM-08693,0.5173,Reject,0,1.0437,0.0
LN-HM-08694,0.3602,Reject,0,1.0627,0.0
LN-HM-08695,0.5378,Reject,0,0.5171,0.6633
LN-HM-08696,0.5225,Reject,0,0.5588,0.651
LN-HM-08697,0.2526,Reject,0,0.6034,0.0
LN-HM-08698,0.4143,Reject,1,0.8708,0.7159
LN-HM-08699,0.1987,Reject,0,0.5785,0.7397
LN-HM-08700,0.0985,Approve,0,0.4342,0.0
LN-HM-08701,0.6566,Reject,0,0.8474,0.8323
LN-HM-08702,0.422,Reject,0,0.8746,0.7872
LN-HM-08703,0.3899,Reject,0,0.815,0.9024
LN-HM-08704,0.4849,Reject,1,0.4549,0.6725
LN-HM-08705,0.2243,Review,0,0.4741,0.9034
LN-HM-08706,0.4947,Reject,0,0.8697,0.7518
LN-HM-08707,0.4886,Reject,1,0.9342,0.7888
LN-HM-08708,0.6769,Reject,1,0.6717,0.8725
LN-HM-08709,0.1541,Approve,0,0.4839,0.6767
LN-HM-08710,0.4302,Reject,1,0.6308,0.8487
LN-HM-08711,0.4722,Reject,0,0.6678,0.7958
LN-HM-08712,0.7168,Reject,1,1.5887,0.0
LN-HM-08713,0.3992,Review,1,0.5417,0.931
LN-HM-08714,0.4213,Reject,1,0.5561,0.0
LN-HM-08715,0.4482,Reject,0,0.5276,0.7151
LN-HM-08716,0.5658,Reject,0,0.5718,0.0
LN-HM-08717,0.8788,Reject,1,0.7143,0.9393
LN-HM-08718,0.0,Approve,0,0.4424,0.0
LN-HM-08719,1.0,Reject,1,0.7253,0.0
LN-HM-08720,0.2886,Reject,0,0.568,0.0
LN-HM-08721,0.0,Approve,0,0.3709,0.76
LN-HM-08722,1.0,Reject,1,0.8386,0.8292
LN-HM-08723,0.5788,Reject,0,0.943,0.6759
LN-HM-08724,0.4348,Reject,1,0.3351,0.6875
LN-HM-08725,0.3806,Reject,1,0.5528,0.8636
LN-HM-08726,0.4758,Reject,1,0.7987,0.7598
LN-HM-08727,0.5684,Reject,1,0.5335,0.839
LN-HM-08728,0.4247,Reject,0,0.5827,0.8545
LN-HM-08729,1.0,Reject,1,0.717,0.9281
LN-HM-08730,0.5691,Reject,0,0.5109,0.8152
LN-HM-08731,0.6067,Reject,0,0.6174,0.93
LN-HM-08732,0.721,Reject,1,1.0971,0.9161
LN-HM-08733,0.4822,Reject,0,0.9842,0.0
LN-HM-08734,1.0,Reject,1,0.6918,0.9106
LN-HM-08735,0.4428,Reject,1,0.8388,0.0
LN-HM-08736,0.2133,Review,0,0.4697,0.6815
LN-HM-08737,0.4987,Reject,1,0.5283,0.8769
LN-HM-08738,0.0182,Approve,0,0.4144,0.6812
LN-HM-08739,0.5588,Reject,1,0.9768,0.7226
LN-HM-08740,0.7239,Reject,1,0.6296,0.0
LN-HM-08741,0.3479,Reject,1,0.6077,0.0
LN-HM-08742,0.4712,Reject,1,0.6042,0.0
LN-HM-08743,0.6123,Reject,0,0.5662,0.9121
LN-HM-08744,0.134,Reject,0,0.5958,0.9296
LN-HM-08745,0.3804,Review,1,0.5021,0.8938
LN-HM-08746,0.9468,Reject,1,0.7038,0.7724
LN-HM-08747,0.3822,Reject,1,0.5568,0.0
LN-HM-08748,0.6615,Reject,1,0.8687,0.8702
LN-HM-08749,0.3917,Review,0,0.4529,0.9097
LN-HM-08750,0.5861,Reject,1,0.5656,0.0
LN-HM-08751,0.4651,Reject,1,0.6438,0.7798
LN-HM-08752,0.9121,Reject,1,0.9221,0.9412
LN-HM-08753,0.7042,Reject,0,0.7634,0.6495
LN-HM-08754,0.0,Approve,0,0.3422,0.0
LN-HM-08755,0.4852,Reject,1,0.4717,0.8402
LN-HM-08756,0.1208,Approve,0,0.4641,0.0
LN-HM-08757,0.4488,Reject,0,0.5907,0.9124
LN-HM-08758,0.5049,Reject,1,0.5861,0.6755
LN-HM-08759,0.528,Reject,1,0.7944,0.661
LN-HM-08760,0.6783,Reject,1,0.8014,0.6538
LN-HM-08761,0.5868,Reject,0,0.6963,0.6765
LN-HM-08762,0.5902,Reject,1,0.7749,0.9258
LN-HM-08763,0.694,Reject,1,0.8067,0.72
LN-HM-08764,0.0,Approve,0,0.2876,0.7478
LN-HM-08765,0.6268,Reject,1,0.3079,0.8144
LN-HM-08766,0.1939,Reject,1,0.618,0.7288
LN-HM-08767,0.0,Approve,0,0.4838,0.6776
LN-HM-08768,0.4598,Reject,1,1.3389,0.0
LN-HM-08769,0.3168,Reject,0,0.5582,0.7254
LN-HM-08770,0.3999,Review,1,0.4608,0.8854
LN-HM-08771,0.0,Approve,0,0.4307,0.0
LN-HM-08772,0.4353,Reject,0,0.6479,0.6879
LN-HM-08773,0.1511,Approve,1,0.4088,0.9429
LN-HM-08774,0.4861,Reject,0,0.7808,0.9395
LN-HM-08775,1.0,Reject,1,0.7415,0.8732
LN-HM-08776,0.0,Approve,0,0.4417,0.0
LN-HM-08777,0.0,Approve,0,0.4752,0.0
LN-HM-08778,0.2401,Review,1,0.3724,0.8038
LN-HM-08779,0.392,Reject,0,0.5802,0.6902
LN-HM-08780,0.0816,Approve,0,0.4335,0.8211
LN-HM-08781,0.4863,Reject,1,0.6255,0.0
LN-HM-08782,0.1927,Approve,0,0.2415,0.0
LN-HM-08783,0.4607,Reject,0,0.6243,0.8449
LN-HM-08784,0.446,Reject,1,0.9154,0.0
LN-HM-08785,0.8519,Reject,1,0.8043,0.7906
LN-HM-08786,0.0005,Approve,0,0.3788,0.675
LN-HM-08787,0.4504,Reject,0,0.7222,0.0
LN-HM-08788,0.6596,Reject,1,0.7654,0.781
LN-HM-08789,0.3775,Reject,0,0.7511,0.0
LN-HM-08790,0.0,Approve,0,0.4931,0.7444
LN-HM-08791,0.1704,Reject,1,0.5738,0.0
LN-HM-08792,0.1321,Approve,0,0.4779,0.875
LN-HM-08793,0.7534,Reject,1,0.6767,0.8654
LN-HM-08794,0.6551,Reject,1,0.7977,0.0
LN-HM-08795,0.6519,Reject,0,1.0005,0.8308
LN-HM-08796,0.514,Reject,0,0.635,0.95
LN-HM-08797,0.9061,Reject,1,0.8398,0.8708
LN-HM-08798,0.7557,Reject,1,0.8206,0.8003
LN-HM-08799,0.7138,Reject,1,0.9389,0.9137
LN-HM-08800,0.0259,Approve,0,0.4987,0.8182
LN-HM-08801,0.3128,Reject,0,0.5534,0.7161
LN-HM-08802,0.9091,Reject,1,1.106,0.0
LN-HM-08803,0.0,Approve,0,0.4056,0.0
LN-HM-08804,0.7899,Reject,1,0.5239,0.6752
LN-HM-08805,0.4178,Reject,0,0.9679,0.0
LN-HM-08806,0.6617,Reject,0,0.802,0.7371
LN-HM-08807,0.5814,Reject,1,1.3873,0.0
LN-HM-08808,0.3945,Reject,0,1.0396,0.0
LN-HM-08809,0.5239,Reject,0,0.5307,0.0
LN-HM-08810,0.4229,Reject,1,0.6441,0.7978
LN-HM-08811,0.2767,Review,0,0.5057,0.839
LN-HM-08812,0.17,Approve,0,0.4572,0.8981
LN-HM-08813,0.523,Reject,0,0.6132,0.7934
LN-HM-08814,0.43,Reject,1,0.6887,0.0
LN-HM-08815,0.6785,Reject,1,0.6916,0.8963
LN-HM-08816,0.5258,Reject,1,0.7949,0.0
LN-HM-08817,0.4194,Reject,1,0.6507,0.0
LN-HM-08818,0.1366,Approve,0,0.2752,0.6614
LN-HM-08819,0.915,Reject,1,0.9034,0.8966
LN-HM-08820,0.33,Reject,0,0.5619,0.6649
LN-HM-08821,0.9991,Reject,1,0.8108,0.0
LN-HM-08822,0.4279,Reject,0,0.6547,0.0
LN-HM-08823,0.5181,Reject,0,1.1031,0.0
LN-HM-08824,0.4901,Reject,1,0.4906,0.68
LN-HM-08825,0.6088,Reject,0,0.7573,0.8303
LN-HM-08826,0.8059,Reject,0,0.5146,0.9457
LN-HM-08827,0.179,Approve,0,0.4135,0.6966
LN-HM-08828,0.0,Approve,0,0.4002,0.7018
LN-HM-08829,0.4247,Reject,1,0.5388,0.0
LN-HM-08830,0.1893,Approve,1,0.44,0.8645
LN-HM-08831,0.6629,Reject,0,0.6322,0.9402
LN-HM-08832,0.7502,Reject,1,0.8856,0.8962
LN-HM-08833,0.6372,Reject,1,0.835,0.8478
LN-HM-08834,0.2606,Review,0,0.2829,0.0
LN-HM-08835,0.5488,Reject,1,0.6313,0.0
LN-HM-08836,0.6286,Reject,1,0.6026,0.8708
LN-HM-08837,0.2257,Review,0,0.5149,0.7201
LN-HM-08838,0.3188,Reject,0,0.6277,0.9013
LN-HM-08839,1.0,Reject,1,0.713,0.8961
LN-HM-08840,0.5366,Reject,1,0.6988,0.717
LN-HM-08841,0.546,Reject,1,0.7407,0.675
LN-HM-08842,0.4687,Reject,1,1.1527,0.0
LN-HM-08843,0.2268,Review,0,0.5358,0.0
LN-HM-08844,0.5629,Reject,0,0.672,0.6687
LN-HM-08845,0.3947,Reject,0,0.8304,0.6773
LN-HM-08846,0.8978,Reject,1,0.7176,0.6654
LN-HM-08847,0.7288,Reject,1,0.8783,0.6683
LN-HM-08848,0.505,Reject,1,0.7475,0.7941
LN-HM-08849,0.6787,Reject,1,0.7823,0.0
LN-HM-08850,0.4798,Reject,1,0.6548,0.888
LN-HM-08851,0.4123,Reject,0,1.252,0.0
LN-HM-08852,0.3505,Reject,1,0.5943,0.7298
LN-HM-08853,0.6803,Reject,1,0.7133,0.8857
LN-HM-08854,0.4167,Reject,0,0.7772,0.6624
LN-HM-08855,0.7193,Reject,1,1.1762,0.0
LN-HM-08856,0.2887,Review,1,0.5326,0.7167
LN-HM-08857,0.2739,Reject,0,0.6017,0.0
LN-HM-08858,0.2386,Review,0,0.4196,0.8328
LN-HM-08859,0.2372,Reject,0,0.6342,0.0
LN-HM-08860,0.0,Approve,0,0.4898,0.0
LN-HM-08861,0.5815,Reject,1,0.987,0.6923
LN-HM-08862,0.6896,Reject,0,0.9759,0.0
LN-HM-08863,0.0482,Approve,0,0.3844,0.0
LN-HM-08864,0.4972,Reject,1,1.0151,0.7497
LN-HM-08865,0.9595,Reject,1,0.6959,0.8742
LN-HM-08866,0.2596,Review,1,0.3108,0.6538
LN-HM-08867,0.7722,Reject,1,0.6874,0.0
LN-HM-08868,0.4772,Reject,0,0.8697,0.6941
LN-HM-08869,0.3037,Reject,1,0.5703,0.0
LN-HM-08870,0.472,Reject,1,0.3961,0.0
LN-HM-08871,0.2429,Review,0,0.4226,0.8478
LN-HM-08872,0.0,Approve,0,0.2909,0.9115
LN-HM-08873,0.4927,Reject,1,1.5822,0.0
LN-HM-08874,0.03,Approve,0,0.4774,0.6602
LN-HM-08875,0.5256,Reject,1,0.4844,0.0
LN-HM-08876,0.7129,Reject,1,0.8273,0.7861
LN-HM-08877,0.4726,Reject,0,0.7257,0.0
LN-HM-08878,0.4694,Reject,0,0.8536,0.6821
LN-HM-08879,0.1764,Reject,1,0.6168,0.7002
LN-HM-08880,0.0,Approve,0,0.3015,0.9275
LN-HM-08881,0.5135,Reject,0,0.3981,0.0
LN-HM-08882,0.3862,Reject,1,0.5829,0.9275
LN-HM-08883,0.4256,Reject,0,0.363,0.8988
LN-HM-08884,0.395,Reject,1,0.8397,0.6657
LN-HM-08885,0.2242,Reject,0,0.6071,0.7077
LN-HM-08886,0.8778,Reject,1,0.715,0.8479
LN-HM-08887,0.4055,Reject,0,0.8144,0.7083
LN-HM-08888,0.0,Approve,0,0.4046,0.6909
LN-HM-08889,0.333,Review,0,0.5217,0.662
LN-HM-08890,0.8503,Reject,0,0.6733,0.8065
LN-HM-08891,0.5089,Reject,1,0.6303,0.8831
LN-HM-08892,0.2648,Reject,0,0.5731,0.0
LN-HM-08893,1.0,Reject,1,0.693,0.8134
LN-HM-08894,0.0,Approve,0,0.4304,0.0
LN-HM-08895,0.0696,Approve,0,0.2908,0.9483
LN-HM-08896,0.8169,Reject,1,0.6075,0.6898
LN-HM-08897,0.1841,Approve,0,0.4566,0.0
LN-HM-08898,0.5187,Reject,1,0.728,0.7306
LN-HM-08899,0.6284,Reject,0,0.4844,0.8009
LN-HM-08900,0.1646,Approve,1,0.351,0.0
LN-HM-08901,0.71,Reject,1,0.6676,0.653
LN-HM-08902,0.4222,Reject,0,0.9674,0.7189
LN-HM-08903,0.9952,Reject,1,0.9015,0.8508
LN-HM-08904,0.4121,Reject,0,0.5676,0.9135
LN-HM-08905,0.6995,Reject,0,0.5088,0.0
LN-HM-08906,0.4444,Reject,0,0.6013,0.8864
LN-HM-08907,0.5054,Reject,1,0.5939,0.6509
LN-HM-08908,0.7172,Reject,0,0.6645,0.8167
LN-HM-08909,0.0811,Approve,0,0.4975,0.0
LN-HM-08910,0.3038,Review,0,0.5386,0.7063
LN-HM-08911,0.0718,Approve,0,0.3353,0.7526
LN-HM-08912,0.5367,Reject,0,0.6184,0.8645
LN-HM-08913,0.0,Approve,0,0.4775,0.0
LN-HM-08914,0.7781,Reject,1,0.7504,0.8326
LN-HM-08915,0.2874,Reject,1,0.6308,0.9318
LN-HM-08916,0.1825,Approve,0,0.3558,0.9014
LN-HM-08917,0.4562,Reject,0,0.2373,0.0
LN-HM-08918,0.2348,Review,1,0.3426,0.7979
LN-HM-08919,0.0434,Approve,0,0.4809,0.7974
LN-HM-08920,1.0,Reject,1,0.9058,0.8454
LN-HM-08921,0.3765,Reject,0,0.7097,0.76
LN-HM-08922,1.0,Reject,1,0.8176,0.6565
LN-HM-08923,0.0,Approve,0,0.4951,0.7614
LN-HM-08924,0.6314,Reject,1,0.6835,0.0
LN-HM-08925,0.8131,Reject,1,0.7224,0.9436
LN-HM-08926,0.7521,Reject,0,0.7454,0.8539
LN-HM-08927,0.7693,Reject,1,0.596,0.0
LN-HM-08928,0.53,Reject,0,0.5766,0.7689
LN-HM-08929,0.4471,Reject,0,0.6111,0.6979
LN-HM-08930,0.4887,Reject,0,0.6828,0.7231
LN-HM-08931,0.2901,Reject,0,0.6022,0.7829
LN-HM-08932,0.0,Approve,0,0.3571,0.0
LN-HM-08933,0.0,Approve,0,0.4437,0.73
LN-HM-08934,0.642,Reject,0,0.7397,0.0
LN-HM-08935,0.0,Approve,0,0.3861,0.7387
LN-HM-08936,0.3407,Review,0,0.5324,0.7077
LN-HM-08937,0.0,Approve,0,0.3211,0.7177
LN-HM-08938,0.0,Approve,0,0.3262,0.0
LN-HM-08939,0.6319,Reject,0,0.844,0.8736
LN-HM-08940,0.0,Approve,0,0.4697,0.0
LN-HM-08941,0.7117,Reject,0,0.6619,0.9006
LN-HM-08942,0.5244,Reject,0,0.6575,0.821
LN-HM-08943,0.0,Approve,0,0.4264,0.0
LN-HM-08944,1.0,Reject,1,0.9795,0.7239
LN-HM-08945,0.4994,Reject,1,0.5859,0.0
LN-HM-08946,0.3872,Reject,0,0.6325,0.6543
LN-HM-08947,0.5009,Reject,0,0.8578,0.7033
LN-HM-08948,0.1683,Approve,0,0.4291,0.8543
LN-HM-08949,0.7611,Reject,1,0.5457,0.0
LN-HM-08950,0.5498,Reject,1,0.6317,0.9104
LN-HM-08951,0.0,Approve,0,0.4276,0.0
LN-HM-08952,0.8758,Reject,1,0.9068,0.867
LN-HM-08953,0.1997,Approve,0,0.2281,0.0
LN-HM-08954,0.5144,Reject,0,0.3002,0.0
LN-HM-08955,0.6145,Reject,1,0.7068,0.7955
LN-HM-08956,0.0,Approve,0,0.3353,0.0
LN-HM-08957,0.1806,Approve,0,0.4841,0.8243
LN-HM-08958,0.4638,Reject,1,0.7189,0.7005
LN-HM-08959,0.1542,Approve,0,0.3629,0.848
LN-HM-08960,0.9263,Reject,1,0.8023,0.8832
LN-HM-08961,0.6247,Reject,1,0.6672,0.8392
LN-HM-08962,0.2851,Review,0,0.5191,0.8523
LN-HM-08963,0.3487,Review,0,0.5203,0.0
LN-HM-08964,0.6932,Reject,1,0.8599,0.9037
LN-HM-08965,0.0011,Approve,0,0.2341,0.0
LN-HM-08966,0.1986,Reject,0,0.6003,0.7771
LN-HM-08967,0.1074,Approve,0,0.4388,0.7019
LN-HM-08968,1.0,Reject,1,0.643,0.8243
LN-HM-08969,0.489,Reject,1,1.1855,0.0
LN-HM-08970,0.0,Approve,0,0.471,0.7452
LN-HM-08971,0.2191,Review,1,0.4639,0.0
LN-HM-08972,0.431,Reject,0,0.3798,0.0
LN-HM-08973,0.1698,Approve,1,0.4157,0.8524
LN-HM-08974,0.4492,Reject,1,0.6686,0.7005
LN-HM-08975,0.0,Approve,0,0.2885,0.0
LN-HM-08976,0.1633,Approve,0,0.341,0.8571
LN-HM-08977,0.5481,Reject,0,0.5206,0.0
LN-HM-08978,0.2009,Review,0,0.399,0.7761
LN-HM-08979,0.4876,Reject,1,0.4948,0.7015
LN-HM-08980,0.5779,Reject,1,0.8635,0.942
LN-HM-08981,0.0,Approve,0,0.4724,0.0
LN-HM-08982,0.7467,Reject,1,0.7185,0.9346
LN-HM-08983,0.0,Approve,0,0.4729,0.7763
LN-HM-08984,0.6018,Reject,1,0.8743,0.8969
LN-HM-08985,0.2962,Review,0,0.4884,0.8959
LN-HM-08986,0.0,Approve,0,0.4578,0.7731
LN-HM-08987,0.6689,Reject,0,0.7245,0.0
LN-HM-08988,0.4806,Reject,0,0.5592,0.7746
LN-HM-08989,0.2803,Reject,1,0.5681,0.0
LN-HM-08990,0.6483,Reject,0,0.7289,0.8203
LN-HM-08991,0.4954,Reject,1,0.6706,0.7839
LN-HM-08992,0.4076,Reject,1,0.8649,0.7974
LN-HM-08993,0.3736,Reject,0,0.6513,0.6652
LN-HM-08994,0.7433,Reject,1,0.609,0.6835
LN-HM-08995,0.3984,Reject,0,0.7511,0.0
LN-HM-08996,0.7512,Reject,0,0.7002,0.6904
LN-HM-08997,0.0,Approve,0,0.2379,0.7
LN-HM-08998,0.6601,Reject,1,1.0163,0.699
LN-HM-08999,0.0,Approve,0,0.3088,0.0
LN-HM-09000,0.4055,Reject,0,0.6488,0.82
LN-HM-09001,0.5607,Reject,1,0.7647,0.0
LN-HM-09002,0.517,Reject,1,0.5471,0.7024
LN-HM-09003,0.1436,Approve,0,0.4685,0.8125
LN-HM-09004,0.0,Approve,0,0.3685,0.0
LN-HM-09005,0.3633,Reject,0,0.5725,0.7582
LN-HM-09006,0.4288,Reject,0,0.5295,0.9446
LN-HM-09007,0.7966,Reject,0,0.7133,0.8868
LN-HM-09008,0.4159,Reject,1,0.5819,0.8519
LN-HM-09009,0.2299,Review,0,0.4473,0.8182
LN-HM-09010,0.9321,Reject,0,0.9137,0.0
LN-HM-09011,1.0,Reject,1,1.2393,0.0
LN-HM-09012,0.2833,Reject,1,0.5617,0.0
LN-HM-09013,0.4757,Reject,0,0.5492,0.0
LN-HM-09014,0.7691,Reject,1,0.6842,0.0
LN-HM-09015,0.0435,Approve,0,0.4695,0.0
LN-HM-09016,0.4563,Reject,0,0.5691,0.9109
LN-HM-09017,0.4704,Reject,1,0.822,0.7561
LN-HM-09018,0.0166,Approve,0,0.4056,0.0
LN-HM-09019,0.4037,Reject,0,0.4039,0.813
LN-HM-09020,0.612,Reject,0,0.8521,0.9387
LN-HM-09021,0.1536,Approve,0,0.4669,0.9326
LN-HM-09022,0.6566,Reject,0,0.7297,0.0
LN-HM-09023,0.41,Reject,0,0.9064,0.6711
LN-HM-09024,0.3842,Reject,0,0.4449,0.0
LN-HM-09025,0.0,Approve,0,0.3418,0.0
LN-HM-09026,0.4133,Reject,0,0.7155,0.7223
LN-HM-09027,0.3442,Review,0,0.528,0.0
LN-HM-09028,0.7032,Reject,0,0.8636,0.8299
LN-HM-09029,0.0,Approve,0,0.4088,0.7204
LN-HM-09030,0.0735,Approve,0,0.4725,0.7565
LN-HM-09031,0.5107,Reject,0,0.6138,0.9466
LN-HM-09032,0.4166,Reject,1,0.4063,0.7449
LN-HM-09033,0.0,Approve,0,0.3733,0.8529
LN-HM-09034,0.6845,Reject,1,0.7704,0.933
LN-HM-09035,0.0185,Approve,0,0.4002,0.8714
LN-HM-09036,0.0,Approve,0,0.4042,0.6615
LN-HM-09037,0.5038,Reject,1,0.6845,0.7439
LN-HM-09038,0.4296,Reject,1,0.7213,0.7677
LN-HM-09039,0.8958,Reject,1,1.0178,0.8415
LN-HM-09040,0.459,Reject,0,0.5222,0.9385
LN-HM-09041,0.4888,Reject,0,0.912,0.7953
LN-HM-09042,0.6039,Reject,0,0.8148,0.8682
LN-HM-09043,0.0,Approve,0,0.3146,0.8889
LN-HM-09044,0.7201,Reject,1,0.6653,0.7885
LN-HM-09045,0.8761,Reject,1,0.7478,0.8667
LN-HM-09046,0.0,Approve,0,0.3847,0.0
LN-HM-09047,0.6843,Reject,1,0.531,0.8933
LN-HM-09048,1.0,Reject,1,0.8019,0.9155
LN-HM-09049,0.521,Reject,1,0.6527,0.9483
LN-HM-09050,0.402,Reject,1,0.4697,0.8789
LN-HM-09051,0.3302,Review,0,0.524,0.8417
LN-HM-09052,0.45,Reject,0,1.6283,0.0
LN-HM-09053,0.0,Approve,0,0.4183,0.6603
LN-HM-09054,0.3823,Reject,0,0.5915,0.8145
LN-HM-09055,0.1894,Approve,0,0.4015,0.8933
LN-HM-09056,0.2043,Review,0,0.4504,0.0
LN-HM-09057,0.5457,Reject,0,0.5354,0.7601
LN-HM-09058,0.4657,Reject,0,0.5442,0.0
LN-HM-09059,0.4569,Reject,0,0.7309,0.6685
LN-HM-09060,0.4563,Reject,0,0.6991,0.0
LN-HM-09061,0.4437,Reject,1,0.5838,0.8515
LN-HM-09062,0.926,Reject,1,0.8115,0.9179
LN-HM-09063,0.023,Approve,0,0.4527,0.8472
LN-HM-09064,0.4614,Reject,1,0.9507,0.7062
LN-HM-09065,0.4322,Reject,1,0.7304,0.6746
LN-HM-09066,0.6551,Reject,0,0.862,0.0
LN-HM-09067,0.6965,Reject,1,0.7532,0.9019
LN-HM-09068,0.3978,Review,1,0.5403,0.6547
LN-HM-09069,0.5252,Reject,0,0.6081,0.0
LN-HM-09070,0.1949,Approve,0,0.4982,0.907
LN-HM-09071,0.1339,Approve,1,0.4275,0.0
LN-HM-09072,0.9003,Reject,1,0.6682,0.8625
LN-HM-09073,1.0,Reject,1,0.6883,0.8953
LN-HM-09074,0.545,Reject,1,0.5688,0.6519
LN-HM-09075,0.7955,Reject,0,0.5175,0.7253
LN-HM-09076,0.7593,Reject,1,0.8262,0.0
LN-HM-09077,0.0,Approve,0,0.2365,0.7391
LN-HM-09078,0.6822,Reject,1,0.6855,0.7077
LN-HM-09079,0.5055,Reject,0,0.5502,0.7097
LN-HM-09080,0.3686,Reject,1,0.8644,0.7239
LN-HM-09081,0.5679,Reject,1,0.8938,0.6642
LN-HM-09082,0.6979,Reject,0,0.4163,0.8929
LN-HM-09083,0.803,Reject,1,0.8891,0.9164
LN-HM-09084,0.1581,Approve,1,0.4056,0.9455
LN-HM-09085,0.7184,Reject,1,0.625,0.9366
LN-HM-09086,0.6386,Reject,0,0.7194,0.8941
LN-HM-09087,0.4221,Reject,1,0.5892,0.8732
LN-HM-09088,0.9365,Reject,1,0.7678,0.0
LN-HM-09089,0.4589,Reject,1,0.3985,0.8875
LN-HM-09090,0.4962,Reject,1,0.5137,0.9097
LN-HM-09091,0.4408,Reject,0,0.7313,0.7778
LN-HM-09092,0.184,Approve,0,0.4222,0.6707
LN-HM-09093,0.9516,Reject,1,0.8585,0.6582
LN-HM-09094,0.5527,Reject,0,0.5152,0.0
LN-HM-09095,0.6405,Reject,0,0.7744,0.809
LN-HM-09096,0.3798,Review,0,0.523,0.0
LN-HM-09097,0.6384,Reject,0,0.8822,0.8269
LN-HM-09098,0.7984,Reject,1,0.6722,0.9118
LN-HM-09099,0.1989,Review,0,0.5203,0.0
LN-HM-09100,0.621,Reject,1,0.6963,0.8135
LN-HM-09101,0.7633,Reject,1,0.5138,0.7579
LN-HM-09102,0.7076,Reject,0,0.6272,0.8029
LN-HM-09103,0.5183,Reject,1,0.7356,0.7091
LN-HM-09104,0.7923,Reject,0,0.52,0.7444
LN-HM-09105,0.2306,Review,0,0.4058,0.8827
LN-HM-09106,0.2272,Review,0,0.2649,0.7759
LN-HM-09107,0.2571,Review,0,0.5121,0.0
LN-HM-09108,0.0896,Approve,0,0.2543,0.7821
LN-HM-09109,0.681,Reject,1,0.7471,0.9362
LN-HM-09110,0.7287,Reject,1,0.5256,0.0
LN-HM-09111,0.3702,Reject,1,0.5908,0.0
LN-HM-09112,0.5278,Reject,1,0.6047,0.8191
LN-HM-09113,0.7503,Reject,1,0.5074,0.6519
LN-HM-09114,0.4135,Reject,1,0.6964,0.8526
LN-HM-09115,0.3455,Reject,1,0.6371,0.6769
LN-HM-09116,0.2012,Review,0,0.3333,0.6624
LN-HM-09117,0.3745,Review,1,0.5032,0.7138
LN-HM-09118,0.1248,Approve,0,0.3626,0.9275
LN-HM-09119,0.7436,Reject,0,0.6711,0.9125
LN-HM-09120,0.2988,Review,0,0.5404,0.7799
LN-HM-09121,0.3044,Reject,0,0.6224,0.9474
LN-HM-09122,0.4963,Reject,0,0.7357,0.6742
LN-HM-09123,0.2176,Review,0,0.3657,0.7798
LN-HM-09124,0.5081,Reject,1,0.6819,0.7117
LN-HM-09125,0.1443,Approve,0,0.4956,0.8885
LN-HM-09126,0.6909,Reject,1,0.3867,0.819
LN-HM-09127,0.616,Reject,0,0.685,0.8276
LN-HM-09128,0.3629,Reject,0,1.5781,0.0
LN-HM-09129,0.4443,Reject,0,0.7568,0.7672
LN-HM-09130,0.0175,Approve,0,0.4924,0.7796
LN-HM-09131,0.9055,Reject,1,1.0321,0.9215
LN-HM-09132,0.756,Reject,1,0.7455,0.9081
LN-HM-09133,0.1694,Approve,0,0.4566,0.6519
LN-HM-09134,0.6875,Reject,1,0.8268,0.8785
LN-HM-09135,0.5619,Reject,0,0.6263,0.9184
LN-HM-09136,0.6925,Reject,0,0.7463,0.8333
LN-HM-09137,0.0,Approve,0,0.3473,0.0
LN-HM-09138,0.9849,Reject,1,0.8845,0.0
LN-HM-09139,0.279,Reject,0,0.5698,0.6558
LN-HM-09140,0.2501,Review,0,0.3388,0.8911
LN-HM-09141,0.6981,Reject,1,1.084,0.887
LN-HM-09142,0.4093,Reject,1,0.7108,0.7127
LN-HM-09143,0.4308,Reject,0,1.4656,0.0
LN-HM-09144,0.3099,Reject,1,0.5616,0.0
LN-HM-09145,0.5488,Reject,1,0.7074,0.0
LN-HM-09146,0.7919,Reject,1,0.5365,0.738
LN-HM-09147,0.4539,Reject,1,0.3603,0.0
LN-HM-09148,0.2015,Review,0,0.3403,0.7937
LN-HM-09149,0.5096,Reject,0,0.6615,0.799
LN-HM-09150,0.4293,Reject,1,0.8045,0.7886
LN-HM-09151,0.5122,Reject,0,0.5539,0.0
LN-HM-09152,0.8772,Reject,1,0.6796,0.0
LN-HM-09153,0.4979,Reject,0,0.3199,0.0
LN-HM-09154,0.2305,Reject,1,0.5876,0.6923
LN-HM-09155,0.671,Reject,1,0.7093,0.7403
LN-HM-09156,0.0,Approve,0,0.4006,0.0
LN-HM-09157,0.5342,Reject,1,0.7017,0.9194
LN-HM-09158,0.4741,Reject,1,0.61,0.6776
LN-HM-09159,0.2348,Review,0,0.5346,0.7542
LN-HM-09160,0.3877,Reject,1,0.7097,0.8125
LN-HM-09161,0.2219,Review,0,0.4102,0.8125
LN-HM-09162,0.0,Approve,0,0.2689,0.0
LN-HM-09163,0.4025,Reject,0,0.4993,0.8956
LN-HM-09164,0.0802,Approve,0,0.3712,0.0
LN-HM-09165,0.4739,Reject,0,1.188,0.0
LN-HM-09166,0.6346,Reject,0,1.0145,0.7148
LN-HM-09167,0.0,Approve,0,0.3791,0.8636
LN-HM-09168,0.4978,Reject,1,0.9893,0.0
LN-HM-09169,0.4433,Reject,0,0.7547,0.7368
LN-HM-09170,0.2036,Reject,0,0.6059,0.7113
LN-HM-09171,0.607,Reject,1,0.7257,0.8844
LN-HM-09172,0.1353,Approve,0,0.3507,0.7551
LN-HM-09173,0.4931,Reject,0,0.6367,0.7237
LN-HM-09174,0.9837,Reject,1,0.9088,0.8052
LN-HM-09175,0.3311,Reject,0,0.8433,0.7287
LN-HM-09176,0.6414,Reject,0,0.7238,0.8474
LN-HM-09177,0.4994,Reject,1,0.3143,0.0
LN-HM-09178,0.3792,Reject,0,0.5553,0.0
LN-HM-09179,1.0,Reject,1,0.8291,0.6617
LN-HM-09180,0.708,Reject,1,0.8857,0.9351
LN-HM-09181,0.4835,Reject,1,0.7874,0.0
LN-HM-09182,0.0,Approve,0,0.4329,0.0
LN-HM-09183,0.0,Approve,0,0.4443,0.6854
LN-HM-09184,0.7746,Reject,0,0.5275,0.6529
LN-HM-09185,0.676,Reject,1,0.9053,0.815
LN-HM-09186,0.4341,Reject,0,0.9086,0.0
LN-HM-09187,0.5072,Reject,0,0.8845,0.0
LN-HM-09188,0.0,Approve,0,0.4982,0.0
LN-HM-09189,0.2044,Review,0,0.4857,0.7578
LN-HM-09190,0.9402,Reject,1,0.8067,0.6667
LN-HM-09191,0.4734,Reject,1,0.5588,0.9231
LN-HM-09192,0.4148,Reject,1,0.5364,0.8206
LN-HM-09193,0.4921,Reject,0,0.6083,0.0
LN-HM-09194,0.4666,Reject,1,0.5283,0.7396
LN-HM-09195,0.039,Approve,0,0.3393,0.9231
LN-HM-09196,0.1605,Approve,0,0.4302,0.7379
LN-HM-09197,0.0,Approve,0,0.3537,0.0
LN-HM-09198,0.0,Approve,0,0.3688,0.9138
LN-HM-09199,0.2669,Reject,0,0.6145,0.0
LN-HM-09200,0.7525,Reject,0,0.5776,0.0
LN-HM-09201,0.418,Reject,0,1.1393,0.0
LN-HM-09202,0.3941,Reject,0,0.8959,0.7562
LN-HM-09203,0.2159,Review,0,0.4526,0.7833
LN-HM-09204,0.0,Approve,0,0.171,0.0
LN-HM-09205,0.6896,Reject,1,0.7682,0.8438
LN-HM-09206,0.4704,Reject,1,0.8928,0.0
LN-HM-09207,0.5465,Reject,0,0.6618,0.0
LN-HM-09208,0.9166,Reject,1,0.7275,0.7003
LN-HM-09209,0.5266,Reject,1,0.8056,0.7963
LN-HM-09210,0.5069,Reject,1,1.3285,0.0
LN-HM-09211,0.228,Reject,0,0.6352,0.6621
LN-HM-09212,0.6606,Reject,1,1.0364,0.7516
LN-HM-09213,0.0403,Approve,0,0.1748,0.0
LN-HM-09214,0.0895,Approve,0,0.4761,0.8429
LN-HM-09215,0.5656,Reject,1,0.5862,0.8346
LN-HM-09216,0.9169,Reject,1,0.7921,0.8846
LN-HM-09217,0.7711,Reject,1,0.9063,0.8173
LN-HM-09218,0.3757,Review,0,0.5475,0.0
LN-HM-09219,0.4459,Reject,1,1.6628,0.0
LN-HM-09220,0.6784,Reject,1,0.7549,0.9455
LN-HM-09221,0.1976,Reject,0,0.6283,0.8289
LN-HM-09222,0.2421,Review,0,0.4016,0.8406
LN-HM-09223,0.4043,Reject,0,0.6337,0.8377
LN-HM-09224,0.2158,Reject,1,0.5933,0.0
LN-HM-09225,0.7404,Reject,1,0.6726,0.8322
LN-HM-09226,0.412,Reject,1,1.1248,0.0
LN-HM-09227,0.7258,Reject,1,0.61,0.6763
LN-HM-09228,0.7224,Reject,1,0.8683,0.9241
LN-HM-09229,0.7065,Reject,1,0.5631,0.8375
LN-HM-09230,0.7116,Reject,0,0.576,0.9052
LN-HM-09231,0.2846,Review,0,0.4932,0.8606
LN-HM-09232,0.4677,Reject,0,0.7154,0.737
LN-HM-09233,0.713,Reject,1,0.7827,0.9114
LN-HM-09234,0.5568,Reject,0,0.5664,0.8876
LN-HM-09235,0.9219,Reject,1,0.687,0.8872
LN-HM-09236,0.706,Reject,0,0.6746,0.0
LN-HM-09237,0.6341,Reject,1,0.6354,0.9495
LN-HM-09238,0.4671,Reject,0,0.5528,0.8006
LN-HM-09239,0.4991,Reject,1,0.5489,0.8197
LN-HM-09240,0.2723,Review,1,0.3724,0.9083
LN-HM-09241,0.2837,Reject,0,0.6073,0.7914
LN-HM-09242,0.5036,Reject,0,0.5624,0.0
LN-HM-09243,0.1249,Approve,0,0.4679,0.8807
LN-HM-09244,0.223,Review,0,0.4679,0.75
LN-HM-09245,0.0,Approve,0,0.4473,0.0
LN-HM-09246,0.2367,Reject,0,0.5525,0.0
LN-HM-09247,0.3339,Reject,0,0.6297,0.68
LN-HM-09248,0.0,Approve,0,0.432,0.7022
LN-HM-09249,0.633,Reject,0,0.7576,0.8514
LN-HM-09250,0.4239,Reject,0,0.5258,0.7155
LN-HM-09251,0.4587,Reject,1,0.5939,0.6902
LN-HM-09252,0.4151,Reject,0,0.4011,0.8902
LN-HM-09253,0.1169,Approve,0,0.346,0.0
LN-HM-09254,0.7411,Reject,1,0.8609,0.8258
LN-HM-09255,0.6471,Reject,1,1.0024,0.855
LN-HM-09256,0.6184,Reject,1,0.873,0.7946
LN-HM-09257,0.0,Approve,0,0.3921,0.7632
LN-HM-09258,0.3198,Reject,1,0.3718,0.0
LN-HM-09259,0.7591,Reject,1,1.1034,0.8726
LN-HM-09260,0.6935,Reject,0,1.3215,0.0
LN-HM-09261,0.2983,Reject,1,0.6104,0.0
LN-HM-09262,0.985,Reject,1,0.6526,0.8905
LN-HM-09263,0.4866,Reject,0,1.0642,0.0
LN-HM-09264,0.6201,Reject,1,0.6614,0.9286
LN-HM-09265,0.149,Approve,0,0.4987,0.8903
LN-HM-09266,0.6619,Reject,1,0.9618,0.8289
LN-HM-09267,0.3963,Reject,1,0.6293,0.8615
LN-HM-09268,0.7152,Reject,1,0.7939,0.8976
LN-HM-09269,0.2755,Review,0,0.4845,0.8688
LN-HM-09270,0.1995,Approve,1,0.4555,0.9167
LN-HM-09271,0.2448,Reject,1,0.6059,0.7857
LN-HM-09272,0.599,Reject,1,0.7141,0.8698
LN-HM-09273,0.4004,Reject,1,0.5036,0.6855
LN-HM-09274,0.4051,Reject,0,0.4805,0.8545
LN-HM-09275,0.8666,Reject,1,0.6976,0.9242
LN-HM-09276,0.281,Reject,0,0.6413,0.0
LN-HM-09277,0.0871,Approve,0,0.3559,0.8571
LN-HM-09278,0.0,Approve,0,0.445,0.0
LN-HM-09279,0.5139,Reject,0,0.7558,0.7108
LN-HM-09280,0.3221,Review,0,0.4884,0.9373
LN-HM-09281,0.4471,Reject,0,0.5095,0.8311
LN-HM-09282,0.7765,Reject,1,0.5822,0.9409
LN-HM-09283,0.9556,Reject,1,0.6979,0.87
LN-HM-09284,0.4529,Reject,0,0.6383,0.9443
LN-HM-09285,0.1523,Approve,0,0.4818,0.0
LN-HM-09286,0.802,Reject,0,0.5152,0.0
LN-HM-09287,0.4332,Reject,0,0.7433,0.8723
LN-HM-09288,0.5819,Reject,0,0.5832,0.866
LN-HM-09289,0.6744,Reject,0,0.6755,0.8401
LN-HM-09290,0.2244,Review,0,0.503,0.0
LN-HM-09291,0.3833,Review,0,0.4525,0.8044
LN-HM-09292,0.0005,Approve,0,0.4033,0.0
LN-HM-09293,0.5045,Reject,1,0.5357,0.7129
LN-HM-09294,0.7433,Reject,1,0.7656,0.7935
LN-HM-09295,0.2967,Reject,0,0.6472,0.7544
LN-HM-09296,0.4855,Reject,0,0.9485,0.6736
LN-HM-09297,0.7923,Reject,0,0.5341,0.0
LN-HM-09298,0.5275,Reject,1,0.5344,0.686
LN-HM-09299,0.6541,Reject,1,0.8524,0.8929
LN-HM-09300,0.1741,Approve,0,0.4916,0.7519
LN-HM-09301,0.4363,Reject,1,0.6534,0.0
LN-HM-09302,0.0386,Approve,0,0.3179,0.7483
LN-HM-09303,0.5026,Reject,0,0.7396,0.7965
LN-HM-09304,0.3491,Reject,1,0.6269,0.9167
LN-HM-09305,0.5011,Reject,1,0.6403,0.0
LN-HM-09306,0.7351,Reject,1,0.8483,0.8358
LN-HM-09307,0.5806,Reject,1,0.823,0.7968
LN-HM-09308,0.1743,Reject,0,0.6293,0.716
LN-HM-09309,0.9935,Reject,1,0.7217,0.0
LN-HM-09310,0.547,Reject,1,0.9496,0.7115
LN-HM-09311,0.7162,Reject,1,0.6611,0.6883
LN-HM-09312,0.6081,Reject,0,0.7444,0.8151
LN-HM-09313,0.4701,Reject,0,0.7648,0.0
LN-HM-09314,0.9317,Reject,1,0.7292,0.0
LN-HM-09315,0.2229,Review,1,0.378,0.0
LN-HM-09316,0.0,Approve,0,0.4812,0.7568
LN-HM-09317,0.4447,Reject,1,0.6105,0.6934
LN-HM-09318,0.6621,Reject,0,0.8563,0.8839
LN-HM-09319,0.0,Approve,0,0.3948,0.0
LN-HM-09320,0.1224,Approve,1,0.39,0.0
LN-HM-09321,0.5345,Reject,0,1.269,0.0
LN-HM-09322,0.0,Approve,0,0.3411,0.7935
LN-HM-09323,0.4975,Reject,1,0.2232,0.0
LN-HM-09324,0.3766,Reject,0,0.2627,0.0
LN-HM-09325,0.5247,Reject,0,0.6696,0.0
LN-HM-09326,0.4607,Reject,1,0.5977,0.0
LN-HM-09327,0.6311,Reject,1,1.0728,0.7094
LN-HM-09328,0.489,Reject,1,0.9154,0.7936
LN-HM-09329,0.0,Approve,0,0.3907,0.6619
LN-HM-09330,0.6327,Reject,0,0.7632,0.8915
LN-HM-09331,0.3089,Reject,1,0.9343,0.0
LN-HM-09332,0.5039,Reject,1,0.6218,0.0
LN-HM-09333,0.2942,Reject,1,0.5941,0.6759
LN-HM-09334,0.0,Approve,0,0.3568,0.0
LN-HM-09335,1.0,Reject,1,0.8109,0.7889
LN-HM-09336,0.7255,Reject,1,0.6609,0.8054
LN-HM-09337,0.3577,Reject,0,0.5897,0.7875
LN-HM-09338,0.7663,Reject,0,0.5588,0.0
LN-HM-09339,0.9651,Reject,1,1.6336,0.0
LN-HM-09340,0.7357,Reject,0,0.722,0.0
LN-HM-09341,0.3862,Reject,1,0.7704,0.9371
LN-HM-09342,0.3354,Review,0,0.4751,0.9119
LN-HM-09343,0.5326,Reject,1,0.6503,0.0
LN-HM-09344,0.3876,Reject,0,0.6707,0.8393
LN-HM-09345,0.0371,Approve,0,0.4092,0.7138
LN-HM-09346,0.5811,Reject,1,0.5265,0.6702
LN-HM-09347,0.022,Approve,0,0.2664,0.8784
LN-HM-09348,0.166,Approve,0,0.3168,0.8159
LN-HM-09349,0.0865,Approve,0,0.3717,0.8131
LN-HM-09350,0.2258,Reject,0,0.5759,0.6889
LN-HM-09351,0.0,Approve,0,0.4107,0.0
LN-HM-09352,0.2796,Review,1,0.5036,0.6757
LN-HM-09353,0.0054,Approve,0,0.1943,0.9091
LN-HM-09354,0.6892,Reject,1,0.884,0.9205
LN-HM-09355,0.679,Reject,1,0.9275,0.6989
LN-HM-09356,0.4546,Reject,0,1.225,0.0
LN-HM-09357,0.1473,Review,1,0.5166,0.0
LN-HM-09358,0.715,Reject,1,0.7768,0.7975
LN-HM-09359,0.6693,Reject,0,0.7191,0.8006
LN-HM-09360,0.3283,Reject,1,0.5893,0.8737
LN-HM-09361,0.192,Reject,0,0.5512,0.6921
LN-HM-09362,0.1928,Reject,0,0.6411,0.8235
LN-HM-09363,0.3003,Reject,0,0.6107,0.0
LN-HM-09364,0.7156,Reject,0,0.5148,0.8347
LN-HM-09365,0.6457,Reject,1,0.6978,0.6518
LN-HM-09366,0.2143,Review,0,0.4929,0.0
LN-HM-09367,0.7742,Reject,1,0.9096,0.9241
LN-HM-09368,0.3987,Reject,0,0.6318,0.9259
LN-HM-09369,0.5209,Reject,1,0.723,0.8125
LN-HM-09370,0.514,Reject,1,1.4175,0.0
LN-HM-09371,0.0123,Approve,0,0.4178,0.876
LN-HM-09372,0.9658,Reject,1,0.8005,0.6683
LN-HM-09373,0.0,Approve,0,0.4459,0.7073
LN-HM-09374,0.909,Reject,1,0.8196,0.9193
LN-HM-09375,0.0,Approve,0,0.4247,0.7468
LN-HM-09376,0.4018,Reject,0,1.4139,0.0
LN-HM-09377,0.2174,Review,1,0.3419,0.0
LN-HM-09378,0.4236,Reject,1,0.5618,0.6871
LN-HM-09379,0.6481,Reject,1,0.6974,0.9261
LN-HM-09380,0.7021,Reject,1,0.5912,0.8084
LN-HM-09381,0.0111,Approve,0,0.4465,0.0
LN-HM-09382,0.4857,Reject,0,0.5894,0.6896
LN-HM-09383,0.0,Approve,0,0.4628,0.7865
LN-HM-09384,0.5647,Reject,1,0.6193,0.7229
LN-HM-09385,0.0,Approve,0,0.4558,0.0
LN-HM-09386,0.719,Reject,0,0.6825,0.6537
LN-HM-09387,0.9027,Reject,1,0.7241,0.9079
LN-HM-09388,0.5262,Reject,1,0.6542,0.0
LN-HM-09389,0.5663,Reject,0,0.6203,0.7186
LN-HM-09390,0.2483,Review,1,0.386,0.6961
LN-HM-09391,0.7744,Reject,0,1.0058,0.0
LN-HM-09392,0.0521,Approve,0,0.3311,0.7727
LN-HM-09393,0.0432,Approve,1,0.4407,0.6949
LN-HM-09394,0.5815,Reject,1,1.0675,0.8817
LN-HM-09395,0.2701,Review,0,0.3959,0.882
LN-HM-09396,0.703,Reject,1,0.5444,0.8359
LN-HM-09397,0.7213,Reject,1,0.7452,0.7071
LN-HM-09398,0.0,Approve,0,0.3258,0.0
LN-HM-09399,1.0,Reject,1,1.3879,0.0
LN-HM-09400,0.7057,Reject,1,0.4646,0.8038
LN-HM-09401,0.0,Approve,0,0.4398,0.0
LN-HM-09402,0.7103,Reject,1,1.0448,0.9398
LN-HM-09403,0.2013,Review,1,0.3456,0.0
LN-HM-09404,0.9725,Reject,1,0.7219,0.0
LN-HM-09405,0.5157,Reject,0,0.6625,0.7118
LN-HM-09406,0.153,Approve,0,0.4564,0.9189
LN-HM-09407,0.3316,Reject,0,0.5557,0.0
LN-HM-09408,0.4024,Reject,0,0.5651,0.851
LN-HM-09409,0.8041,Reject,1,0.8738,0.9126
LN-HM-09410,0.4339,Reject,0,0.4939,0.6957
LN-HM-09411,0.7007,Reject,0,0.5987,0.8966
LN-HM-09412,0.4926,Reject,1,0.8545,0.8735
LN-HM-09413,0.1874,Approve,0,0.3711,0.875
LN-HM-09414,0.7463,Reject,0,0.7735,0.9241
LN-HM-09415,0.1617,Reject,0,0.6069,0.7755
LN-HM-09416,0.4601,Reject,0,0.7161,0.7612
LN-HM-09417,0.0,Approve,0,0.3191,0.0
LN-HM-09418,0.5262,Reject,1,0.6592,0.6986
LN-HM-09419,0.265,Review,0,0.5412,0.6703
LN-HM-09420,0.0324,Approve,0,0.3234,0.9032
LN-HM-09421,0.4363,Reject,1,0.5098,0.6897
LN-HM-09422,0.4802,Reject,1,0.5882,0.9038
LN-HM-09423,0.2104,Review,0,0.3133,0.8162
LN-HM-09424,0.3587,Reject,1,0.5624,0.7148
LN-HM-09425,0.6834,Reject,1,0.8142,0.6706
LN-HM-09426,0.5952,Reject,0,0.7171,0.9167
LN-HM-09427,0.7661,Reject,1,0.5268,0.7832
LN-HM-09428,0.3718,Reject,0,0.9172,0.0
LN-HM-09429,0.4654,Reject,0,0.7644,0.7176
LN-HM-09430,0.84,Reject,1,0.6584,0.8058
LN-HM-09431,0.7397,Reject,1,0.6497,0.8661
LN-HM-09432,1.0,Reject,1,0.745,0.8374
LN-HM-09433,0.9228,Reject,1,0.8571,0.7293
LN-HM-09434,0.4214,Reject,1,0.6663,0.7268
LN-HM-09435,0.5164,Reject,0,0.6994,0.6667
LN-HM-09436,0.4671,Reject,0,0.7711,0.6699
LN-HM-09437,0.2466,Reject,1,0.641,0.7237
LN-HM-09438,0.5116,Reject,0,0.9545,0.7048
LN-HM-09439,0.4831,Reject,1,0.7136,0.7758
LN-HM-09440,0.2534,Reject,1,0.6398,0.9304
LN-HM-09441,0.7542,Reject,1,0.9224,0.9111
LN-HM-09442,0.0,Approve,0,0.3236,0.9356
LN-HM-09443,0.7148,Reject,1,0.781,0.8282
LN-HM-09444,0.4345,Reject,1,0.4297,0.9248
LN-HM-09445,1.0,Reject,1,0.7192,0.0
LN-HM-09446,0.6814,Reject,1,0.6811,0.7764
LN-HM-09447,0.8863,Reject,1,0.8101,0.8165
LN-HM-09448,0.8978,Reject,1,0.6667,0.0
LN-HM-09449,0.7071,Reject,1,0.5256,0.8045
LN-HM-09450,0.9743,Reject,1,0.9193,0.6765
LN-HM-09451,0.4474,Reject,1,0.6125,0.6538
LN-HM-09452,0.0074,Approve,0,0.4095,0.0
LN-HM-09453,0.2163,Reject,0,0.6468,0.0
LN-HM-09454,0.0974,Approve,0,0.4775,0.9256
LN-HM-09455,0.7256,Reject,1,0.726,0.921
LN-HM-09456,0.8644,Reject,1,1.0381,0.9042
LN-HM-09457,0.5625,Reject,0,0.562,0.7231
LN-HM-09458,0.6965,Reject,0,0.7118,0.0
LN-HM-09459,0.2001,Reject,0,0.6383,0.6755
LN-HM-09460,0.8978,Reject,1,1.0206,0.0
LN-HM-09461,0.4424,Reject,0,0.3554,0.0
LN-HM-09462,0.5048,Reject,0,0.5824,0.6758
LN-HM-09463,0.9293,Reject,1,0.6525,0.7817
LN-HM-09464,0.0,Approve,0,0.4629,0.0
LN-HM-09465,0.2488,Review,1,0.3425,0.803
LN-HM-09466,0.5252,Reject,0,0.5646,0.7257
LN-HM-09467,0.4822,Reject,1,0.538,0.8182
LN-HM-09468,0.2675,Review,0,0.5441,0.681
LN-HM-09469,0.0,Approve,0,0.2465,0.0
LN-HM-09470,0.6292,Reject,1,0.8393,0.6749
LN-HM-09471,0.5466,Reject,0,0.7416,0.8272
LN-HM-09472,0.728,Reject,1,0.668,0.679
LN-HM-09473,0.5096,Reject,0,0.7422,0.7078
LN-HM-09474,0.4821,Reject,1,0.8204,0.6976
LN-HM-09475,0.0211,Approve,0,0.4526,0.0
LN-HM-09476,0.1083,Approve,0,0.386,0.8509
LN-HM-09477,0.4808,Reject,1,0.8059,0.7379
LN-HM-09478,0.4348,Reject,0,0.695,0.7033
LN-HM-09479,0.2605,Reject,1,0.5589,0.7666
LN-HM-09480,0.4685,Reject,1,0.7322,0.7021
LN-HM-09481,0.0696,Approve,0,0.4374,0.9217
LN-HM-09482,0.4224,Reject,0,0.6137,0.0
LN-HM-09483,0.5159,Reject,1,0.5275,0.9266
LN-HM-09484,0.5206,Reject,1,0.6017,0.0
LN-HM-09485,0.0,Approve,0,0.415,0.7812
LN-HM-09486,0.4745,Reject,1,0.715,0.7958
LN-HM-09487,0.9221,Reject,1,1.6712,0.0
LN-HM-09488,0.6743,Reject,0,0.5811,0.8859
LN-HM-09489,0.3511,Reject,1,0.9252,0.7093
LN-HM-09490,0.6343,Reject,1,0.5141,0.0
LN-HM-09491,0.6318,Reject,0,0.741,0.9041
LN-HM-09492,0.6073,Reject,1,1.0038,0.6844
LN-HM-09493,0.4708,Reject,0,0.5797,0.8353
LN-HM-09494,0.2762,Review,1,0.5152,0.0
LN-HM-09495,0.8169,Reject,1,0.5201,0.7365
LN-HM-09496,0.4074,Reject,1,0.7595,0.6851
LN-HM-09497,0.6324,Reject,0,0.526,0.9461
LN-HM-09498,0.5401,Reject,1,0.555,0.6528
LN-HM-09499,0.6353,Reject,0,0.8593,0.8049
LN-HM-09500,0.0,Approve,0,0.3843,0.0
LN-HM-09501,0.4471,Reject,0,0.5058,0.7379
LN-HM-09502,0.3621,Reject,0,0.6677,0.8657
LN-HM-09503,0.7524,Reject,0,0.534,0.0
LN-HM-09504,0.3873,Review,1,0.4163,0.9438
LN-HM-09505,0.5638,Reject,1,0.5194,0.0
LN-HM-09506,0.25,Review,1,0.5427,0.7666
LN-HM-09507,0.3054,Reject,0,0.6186,0.0
LN-HM-09508,0.39,Reject,0,0.6934,0.0
LN-HM-09509,0.0587,Approve,0,0.4393,0.0
LN-HM-09510,0.5779,Reject,0,0.7992,0.7259
LN-HM-09511,0.3273,Review,0,0.513,0.6636
LN-HM-09512,0.1541,Review,0,0.5049,0.7935
LN-HM-09513,0.4382,Reject,0,0.5782,0.6545
LN-HM-09514,0.4041,Reject,1,0.5432,0.7197
LN-HM-09515,0.4588,Reject,0,0.8907,0.0
LN-HM-09516,0.1766,Approve,1,0.4941,0.8757
LN-HM-09517,0.6206,Reject,0,0.9373,0.0
LN-HM-09518,0.4551,Reject,0,0.9612,0.0
LN-HM-09519,0.4463,Reject,1,0.5342,0.879
LN-HM-09520,1.0,Reject,1,0.7243,0.7955
LN-HM-09521,0.6356,Reject,0,1.1349,0.0
LN-HM-09522,0.8563,Reject,0,0.8665,0.9077
LN-HM-09523,0.3446,Reject,1,0.6229,0.7263
LN-HM-09524,0.7333,Reject,1,0.6945,0.0
LN-HM-09525,0.178,Approve,0,0.4889,0.8147
LN-HM-09526,0.1497,Approve,1,0.4472,0.8006
LN-HM-09527,0.5415,Reject,0,0.7432,0.7697
LN-HM-09528,0.7651,Reject,1,0.7237,0.8889
LN-HM-09529,0.9928,Reject,1,0.9227,0.9455
LN-HM-09530,0.1674,Approve,1,0.4717,0.6716
LN-HM-09531,0.2184,Reject,0,0.5984,0.0
LN-HM-09532,0.868,Reject,1,0.785,0.871
LN-HM-09533,0.342,Review,0,0.5315,0.8819
LN-HM-09534,0.4819,Reject,1,0.6366,0.7888
LN-HM-09535,0.6599,Reject,1,0.7319,0.821
LN-HM-09536,0.4615,Reject,1,0.4809,0.7512
LN-HM-09537,0.7813,Reject,1,0.6951,0.7975
LN-HM-09538,0.9567,Reject,1,0.835,0.8369
LN-HM-09539,0.0247,Approve,0,0.2357,0.0
LN-HM-09540,0.2124,Reject,0,0.6144,0.8482
LN-HM-09541,0.574,Reject,0,0.852,0.0
LN-HM-09542,0.0,Approve,0,0.4536,0.0
LN-HM-09543,0.3282,Reject,0,0.5674,0.0
LN-HM-09544,0.5079,Reject,1,0.6645,0.6812
LN-HM-09545,0.0,Approve,0,0.4402,0.0
LN-HM-09546,0.1679,Approve,0,0.4701,0.0
LN-HM-09547,0.0,Approve,0,0.3635,0.7621
LN-HM-09548,0.0,Approve,0,0.4317,0.9048
LN-HM-09549,0.7624,Reject,1,1.0284,0.0
LN-HM-09550,0.4706,Reject,0,0.4261,0.0
LN-HM-09551,0.5489,Reject,1,0.7429,0.0
LN-HM-09552,0.052,Approve,0,0.4055,0.8158
LN-HM-09553,0.2731,Review,0,0.5324,0.7091
LN-HM-09554,0.5497,Reject,1,0.7722,0.7329
LN-HM-09555,0.5886,Reject,1,0.9087,0.6667
LN-HM-09556,0.4327,Reject,0,0.8175,0.6762
LN-HM-09557,0.0424,Approve,0,0.2547,0.0
LN-HM-09558,0.8196,Reject,1,0.6579,0.8108
LN-HM-09559,0.3797,Review,0,0.4408,0.8344
LN-HM-09560,0.2684,Review,1,0.4017,0.0
LN-HM-09561,0.2953,Reject,0,0.6432,0.0
LN-HM-09562,0.367,Reject,0,1.0879,0.0
LN-HM-09563,0.3165,Reject,0,0.5626,0.7769
LN-HM-09564,0.4294,Reject,0,0.5381,0.0
LN-HM-09565,0.5748,Reject,0,0.5179,0.8942
LN-HM-09566,0.4184,Reject,1,0.688,0.6673
LN-HM-09567,0.43,Reject,0,0.5446,0.9309
LN-HM-09568,0.6789,Reject,1,0.8055,0.8348
LN-HM-09569,0.4799,Reject,0,0.8192,0.7778
LN-HM-09570,0.0,Approve,0,0.3026,0.7436
LN-HM-09571,0.4926,Reject,0,0.6788,0.918
LN-HM-09572,0.6279,Reject,1,0.8703,0.8914
LN-HM-09573,0.4496,Reject,0,0.9325,0.0
LN-HM-09574,0.3117,Reject,0,0.6148,0.0
LN-HM-09575,0.444,Reject,1,0.7734,0.7542
LN-HM-09576,0.0198,Approve,0,0.4098,0.7045
LN-HM-09577,0.1513,Approve,0,0.3584,0.0
LN-HM-09578,0.5789,Reject,1,0.5699,0.7412
LN-HM-09579,0.9613,Reject,1,0.7734,0.75
LN-HM-09580,0.5359,Reject,0,1.163,0.0
LN-HM-09581,0.3989,Review,0,0.4711,0.9199
LN-HM-09582,0.1642,Reject,0,0.6467,0.7606
LN-HM-09583,0.4341,Reject,1,0.42,0.9344
LN-HM-09584,0.4215,Reject,0,0.6392,0.0
LN-HM-09585,0.0,Approve,0,0.4183,0.75
LN-HM-09586,1.0,Reject,1,0.7793,0.8209
LN-HM-09587,0.3359,Reject,0,0.567,0.0
LN-HM-09588,0.5869,Reject,0,0.7002,0.8152
LN-HM-09589,0.6417,Reject,1,0.6021,0.8994
LN-HM-09590,0.7169,Reject,1,0.642,0.7126
LN-HM-09591,0.572,Reject,1,0.7724,0.7063
LN-HM-09592,0.3998,Reject,0,0.7629,0.7996
LN-HM-09593,0.6508,Reject,1,1.2282,0.0
LN-HM-09594,0.3783,Reject,0,0.6768,0.0
LN-HM-09595,0.7738,Reject,0,0.5995,0.8
LN-HM-09596,0.2257,Review,0,0.3437,0.8192
LN-HM-09597,0.1689,Approve,1,0.4213,0.6831
LN-HM-09598,0.1125,Approve,1,0.4573,0.734
LN-HM-09599,0.5157,Reject,1,0.4661,0.7476
LN-HM-09600,0.77,Reject,1,0.6805,0.9011
LN-HM-09601,0.7645,Reject,1,0.7166,0.7086
LN-HM-09602,0.1868,Approve,0,0.4279,0.6591
LN-HM-09603,0.7482,Reject,1,0.7589,0.9184
LN-HM-09604,0.857,Reject,1,0.673,0.6548
LN-HM-09605,0.9138,Reject,1,0.5728,0.0
LN-HM-09606,0.2402,Reject,0,0.6272,0.7593
LN-HM-09607,0.4827,Reject,1,0.4908,0.0
LN-HM-09608,0.7782,Reject,1,0.9135,0.0
LN-HM-09609,0.4861,Reject,1,0.533,0.7435
LN-HM-09610,1.0,Reject,1,0.7947,0.0
LN-HM-09611,0.4971,Reject,0,0.6296,0.0
LN-HM-09612,0.0,Approve,0,0.4815,0.0
LN-HM-09613,0.2392,Review,1,0.4414,0.0
LN-HM-09614,0.6594,Reject,1,0.5188,0.6618
LN-HM-09615,0.6846,Reject,1,0.7462,0.8081
LN-HM-09616,0.3149,Review,1,0.5351,0.0
LN-HM-09617,0.3871,Reject,0,0.4826,0.0
LN-HM-09618,0.635,Reject,1,0.9706,0.9319
LN-HM-09619,0.0,Approve,0,0.3424,0.678
LN-HM-09620,0.1707,Reject,1,0.6148,0.0
LN-HM-09621,0.4056,Reject,0,0.6353,0.8521
LN-HM-09622,0.2167,Review,1,0.4057,0.0
LN-HM-09623,0.6257,Reject,0,1.4814,0.0
LN-HM-09624,0.8216,Reject,1,0.7211,0.8812
LN-HM-09625,0.7305,Reject,1,0.5847,0.8277
LN-HM-09626,0.6832,Reject,1,0.8978,0.9287
LN-HM-09627,0.1613,Approve,0,0.4198,0.9492
LN-HM-09628,0.5017,Reject,0,0.6012,0.656
LN-HM-09629,0.3096,Reject,0,0.648,0.89
LN-HM-09630,0.0307,Approve,0,0.389,0.0
LN-HM-09631,0.2378,Review,0,0.3531,0.0
LN-HM-09632,0.031,Approve,0,0.4924,0.0
LN-HM-09633,0.2725,Reject,0,0.5544,0.8545
LN-HM-09634,0.4729,Reject,1,1.088,0.0
LN-HM-09635,0.6285,Reject,1,0.7531,0.8786
LN-HM-09636,0.2627,Reject,0,0.5995,0.6605
LN-HM-09637,0.4104,Reject,1,0.2916,0.0
LN-HM-09638,0.1788,Approve,0,0.3172,0.9176
LN-HM-09639,0.6951,Reject,1,0.8477,0.756
LN-HM-09640,0.5144,Reject,0,0.6606,0.7258
LN-HM-09641,0.1214,Approve,0,0.4128,0.6842
LN-HM-09642,0.9362,Reject,1,0.8215,0.7995
LN-HM-09643,0.5564,Reject,0,0.5874,0.8471
LN-HM-09644,0.0,Approve,0,0.3554,0.8227
LN-HM-09645,0.4712,Reject,0,0.4487,0.6943
LN-HM-09646,0.7441,Reject,1,0.6564,0.7626
LN-HM-09647,0.655,Reject,1,0.703,0.8939
LN-HM-09648,0.68,Reject,1,0.9201,0.6651
LN-HM-09649,0.3799,Reject,0,0.3831,0.6939
LN-HM-09650,0.4698,Reject,1,0.532,0.0
LN-HM-09651,0.2822,Reject,0,0.645,0.6549
LN-HM-09652,0.2539,Reject,1,0.5938,0.7561
LN-HM-09653,0.6654,Reject,1,1.0827,0.9367
LN-HM-09654,0.0,Approve,0,0.368,0.7621
LN-HM-09655,0.3379,Review,0,0.5379,0.9216
LN-HM-09656,0.5792,Reject,1,0.8227,0.7766
LN-HM-09657,0.7343,Reject,0,0.6859,0.8212
LN-HM-09658,1.0,Reject,1,0.6871,0.8071
LN-HM-09659,0.385,Reject,0,0.5759,0.0
LN-HM-09660,0.0,Approve,0,0.3702,0.887
LN-HM-09661,0.4739,Reject,1,1.3906,0.0
LN-HM-09662,0.0,Approve,0,0.3558,0.0
LN-HM-09663,0.3045,Reject,0,0.5906,0.0
LN-HM-09664,0.6622,Reject,1,0.6576,0.9279
LN-HM-09665,0.3244,Reject,0,0.5612,0.0
LN-HM-09666,0.4661,Reject,1,0.7304,0.7744
LN-HM-09667,0.5741,Reject,0,0.6284,0.0
LN-HM-09668,0.4373,Reject,0,0.9314,0.0
LN-HM-09669,0.5124,Reject,1,0.5111,0.9143
LN-HM-09670,0.8627,Reject,1,0.761,0.862
LN-HM-09671,0.7305,Reject,0,0.9627,0.0
LN-HM-09672,0.0899,Approve,0,0.4213,0.7333
LN-HM-09673,0.0,Approve,0,0.4559,0.0
LN-HM-09674,0.3979,Reject,1,0.6758,0.0
LN-HM-09675,0.0,Approve,0,0.3596,0.0
LN-HM-09676,0.2767,Reject,0,0.6175,0.6932
LN-HM-09677,0.3002,Reject,0,0.6223,0.8972
LN-HM-09678,0.6813,Reject,1,0.7312,0.7397
LN-HM-09679,0.7191,Reject,1,0.7511,0.676
LN-HM-09680,0.6702,Reject,0,0.6611,0.8679
LN-HM-09681,0.6312,Reject,1,0.7649,0.0
LN-HM-09682,0.4832,Reject,1,0.6646,0.0
LN-HM-09683,0.2197,Review,0,0.5086,0.8478
LN-HM-09684,0.205,Review,0,0.2955,0.0
LN-HM-09685,0.6984,Reject,0,0.573,0.8292
LN-HM-09686,0.2582,Review,0,0.3767,0.8758
LN-HM-09687,0.0,Approve,0,0.4861,0.0
LN-HM-09688,0.3299,Reject,0,0.6382,0.7745
LN-HM-09689,0.2813,Review,0,0.5294,0.0
LN-HM-09690,0.0138,Approve,0,0.4637,0.9366
LN-HM-09691,0.3245,Reject,0,0.648,0.0
LN-HM-09692,0.2498,Reject,0,0.6159,0.6746
LN-HM-09693,0.5254,Reject,1,0.8222,0.8727
LN-HM-09694,0.1276,Approve,0,0.3452,0.8411
LN-HM-09695,0.7658,Reject,0,0.6496,0.0
LN-HM-09696,0.5739,Reject,1,0.5654,0.0
LN-HM-09697,0.2317,Review,0,0.4404,0.0
LN-HM-09698,0.0,Approve,0,0.3844,0.7984
LN-HM-09699,0.0222,Approve,0,0.2847,0.7838
LN-HM-09700,0.6079,Reject,1,0.7257,0.9037
LN-HM-09701,0.6064,Reject,0,0.6638,0.9374
LN-HM-09702,0.6796,Reject,1,0.8783,0.7176
LN-HM-09703,0.3516,Reject,0,0.6129,0.6686
LN-HM-09704,0.6371,Reject,1,0.6695,0.0
LN-HM-09705,0.0,Approve,0,0.4842,0.7607
LN-HM-09706,0.176,Approve,1,0.4821,0.8929
LN-HM-09707,0.9832,Reject,1,0.6097,0.8294
LN-HM-09708,0.4361,Reject,0,0.697,0.0
LN-HM-09709,0.215,Reject,0,0.612,0.7993
LN-HM-09710,0.4812,Reject,0,0.7605,0.0
LN-HM-09711,0.2731,Reject,0,0.6491,0.7059
LN-HM-09712,0.7239,Reject,1,0.5712,0.9
LN-HM-09713,0.5019,Reject,0,0.5158,0.7845
LN-HM-09714,0.0854,Approve,0,0.4837,0.0
LN-HM-09715,0.3654,Reject,0,0.5792,0.8553
LN-HM-09716,0.6561,Reject,1,0.6836,0.6639
LN-HM-09717,0.6925,Reject,0,0.8434,0.6575
LN-HM-09718,0.7217,Reject,1,0.7589,0.0
LN-HM-09719,0.4246,Reject,0,1.185,0.0
LN-HM-09720,0.0465,Approve,0,0.316,0.6746
LN-HM-09721,0.0,Approve,0,0.3593,0.8992
LN-HM-09722,0.1793,Approve,0,0.4811,0.7833
LN-HM-09723,0.5474,Reject,1,0.523,0.0
LN-HM-09724,0.4182,Reject,1,0.7293,0.7802
LN-HM-09725,0.9482,Reject,1,0.8011,0.8786
LN-HM-09726,0.1711,Reject,1,0.6245,0.6845
LN-HM-09727,0.0,Approve,0,0.4442,0.0
LN-HM-09728,0.0,Approve,0,0.4249,0.948
LN-HM-09729,0.4247,Reject,0,0.7901,0.6925
LN-HM-09730,0.4883,Reject,0,0.8375,0.0
LN-HM-09731,0.4281,Reject,0,0.5143,0.859
LN-HM-09732,0.0,Approve,0,0.402,0.0
LN-HM-09733,0.1658,Approve,0,0.3035,0.0
LN-HM-09734,0.2568,Reject,1,0.5575,0.7675
LN-HM-09735,0.1897,Reject,0,0.6098,0.0
LN-HM-09736,0.5958,Reject,1,0.7404,0.7832
LN-HM-09737,0.2899,Reject,1,0.6336,0.7117
LN-HM-09738,0.01,Approve,0,0.4606,0.0
LN-HM-09739,0.8998,Reject,1,0.7804,0.7163
LN-HM-09740,0.0757,Approve,0,0.4565,0.8615
LN-HM-09741,0.3288,Review,0,0.5096,0.0
LN-HM-09742,0.0,Approve,0,0.422,0.0
LN-HM-09743,0.1931,Reject,0,0.5637,0.7649
LN-HM-09744,0.6536,Reject,1,0.7194,0.8059
LN-HM-09745,0.3887,Reject,1,0.577,0.6786
LN-HM-09746,0.4731,Reject,1,0.8091,0.6523
LN-HM-09747,0.399,Reject,0,0.6668,0.7031
LN-HM-09748,0.7777,Reject,1,0.9228,0.9211
LN-HM-09749,0.5095,Reject,1,0.5134,0.8223
LN-HM-09750,0.4803,Reject,0,0.7966,0.7241
LN-HM-09751,0.1697,Approve,1,0.4049,0.6773
LN-HM-09752,0.6788,Reject,1,0.6576,0.7675
LN-HM-09753,0.2564,Reject,0,0.5993,0.7137
LN-HM-09754,0.0485,Approve,0,0.2345,0.6857
LN-HM-09755,0.0105,Approve,0,0.496,0.0
LN-HM-09756,0.1634,Reject,0,0.5809,0.8947
LN-HM-09757,0.4265,Reject,1,0.8903,0.7216
LN-HM-09758,0.2899,Reject,0,0.5837,0.7695
LN-HM-09759,0.7079,Reject,1,0.7704,0.9346
LN-HM-09760,0.1192,Approve,0,0.4701,0.6667
LN-HM-09761,0.5016,Reject,0,0.5575,0.746
LN-HM-09762,0.4772,Reject,1,0.562,0.6866
LN-HM-09763,0.0,Approve,0,0.414,0.0
LN-HM-09764,0.4536,Reject,0,0.5371,0.7872
LN-HM-09765,0.1242,Approve,0,0.4501,0.0
LN-HM-09766,0.0,Approve,0,0.2935,0.7672
LN-HM-09767,0.0,Approve,0,0.4054,0.701
LN-HM-09768,0.56,Reject,0,0.6165,0.8375
LN-HM-09769,0.5827,Reject,0,0.5808,0.0
LN-HM-09770,0.1426,Approve,0,0.364,0.0
LN-HM-09771,0.6828,Reject,1,1.2407,0.0
LN-HM-09772,0.1536,Approve,0,0.3038,0.0
LN-HM-09773,0.2941,Reject,0,0.5533,0.7109
LN-HM-09774,0.2235,Review,0,0.2786,0.678
LN-HM-09775,0.4277,Reject,0,0.626,0.0
LN-HM-09776,0.2494,Reject,0,0.6402,0.7742
LN-HM-09777,0.2311,Review,1,0.1764,0.0
LN-HM-09778,0.4316,Reject,0,0.8517,0.9256
LN-HM-09779,0.5108,Reject,0,0.7125,0.735
LN-HM-09780,0.5655,Reject,1,0.518,0.0
LN-HM-09781,0.4805,Reject,0,0.6576,0.0
LN-HM-09782,0.4528,Reject,0,0.5698,0.8299
LN-HM-09783,0.3975,Reject,0,0.5522,0.9227
LN-HM-09784,0.0482,Approve,0,0.4177,0.0
LN-HM-09785,0.3041,Review,1,0.3685,0.9228
LN-HM-09786,0.394,Reject,1,0.5933,0.9307
LN-HM-09787,0.0208,Approve,0,0.3198,0.6939
LN-HM-09788,0.0,Approve,0,0.458,0.7986
LN-HM-09789,0.4378,Reject,0,0.3433,0.6774
LN-HM-09790,0.2358,Reject,0,0.5592,0.74
LN-HM-09791,0.4593,Reject,0,0.8263,0.6974
LN-HM-09792,0.9549,Reject,1,0.7419,0.7307
LN-HM-09793,0.6907,Reject,1,0.7168,0.7006
LN-HM-09794,0.4271,Reject,0,0.5521,0.0
LN-HM-09795,0.2664,Reject,0,0.5546,0.0
LN-HM-09796,0.4242,Reject,1,1.0083,0.0
LN-HM-09797,0.2016,Review,1,0.3447,0.7769
LN-HM-09798,0.4614,Reject,0,1.5755,0.0
LN-HM-09799,0.0339,Approve,0,0.4462,0.7531
LN-HM-09800,0.7305,Reject,1,0.708,0.7186
LN-HM-09801,0.2051,Review,0,0.4604,0.7599
LN-HM-09802,0.5019,Reject,1,0.6371,0.8193
LN-HM-09803,0.7526,Reject,1,0.9215,0.9038
LN-HM-09804,0.6798,Reject,1,0.6912,0.8573
LN-HM-09805,0.4967,Reject,1,0.6776,0.7822
LN-HM-09806,0.1257,Review,0,0.5157,0.0
LN-HM-09807,0.2841,Review,1,0.2886,0.8285
LN-HM-09808,0.5516,Reject,0,0.5319,0.7949
LN-HM-09809,0.4778,Reject,1,0.5866,0.9461
LN-HM-09810,0.1961,Approve,1,0.4162,0.7523
LN-HM-09811,0.5916,Reject,1,0.9175,0.8303
LN-HM-09812,0.1936,Approve,0,0.4159,0.8919
LN-HM-09813,0.4872,Reject,1,0.7386,0.7394
LN-HM-09814,0.4437,Reject,0,0.5411,0.7424
LN-HM-09815,0.4768,Reject,1,0.6174,0.7458
LN-HM-09816,0.9186,Reject,1,0.6661,0.7284
LN-HM-09817,0.5935,Reject,1,0.759,0.7895
LN-HM-09818,0.8717,Reject,1,0.7994,0.939
LN-HM-09819,0.2681,Review,0,0.4823,0.7094
LN-HM-09820,0.765,Reject,1,0.5126,0.8016
LN-HM-09821,0.0,Approve,0,0.3867,0.6615
LN-HM-09822,1.0,Reject,1,0.8534,0.8875
LN-HM-09823,0.037,Approve,0,0.4017,0.7429
LN-HM-09824,1.0,Reject,1,0.8066,0.9274
LN-HM-09825,0.3725,Reject,0,0.368,0.8966
LN-HM-09826,0.1672,Review,1,0.5346,0.9506
LN-HM-09827,0.4693,Reject,1,0.7582,0.0
LN-HM-09828,0.5023,Reject,0,0.6347,0.9067
LN-HM-09829,0.3827,Reject,1,0.7331,0.7382
LN-HM-09830,0.2201,Review,0,0.5149,0.7561
LN-HM-09831,0.2648,Reject,0,0.624,0.6834
LN-HM-09832,0.5789,Reject,0,0.7748,0.764
LN-HM-09833,0.7827,Reject,1,0.5572,0.8293
LN-HM-09834,0.4812,Reject,1,0.8679,0.0
LN-HM-09835,0.5245,Reject,0,0.571,0.0
LN-HM-09836,0.4906,Reject,1,0.5161,0.8647
LN-HM-09837,0.535,Reject,1,1.0136,0.0
LN-HM-09838,0.6065,Reject,0,1.4762,0.0
LN-HM-09839,0.3313,Reject,1,0.898,0.7048
LN-HM-09840,0.3644,Review,0,0.5391,0.6716
LN-HM-09841,0.9292,Reject,1,0.7713,0.942
LN-HM-09842,0.6685,Reject,0,0.8711,0.7462
LN-HM-09843,0.7773,Reject,0,0.6493,0.6934
LN-HM-09844,0.1629,Reject,1,0.5946,0.0
LN-HM-09845,0.2948,Reject,0,0.5946,0.0
LN-HM-09846,0.4274,Reject,0,0.6574,0.7398
LN-HM-09847,0.384,Reject,0,0.6175,0.8889
LN-HM-09848,0.9037,Reject,1,0.9463,0.8784
LN-HM-09849,0.361,Review,1,0.4123,0.8134
LN-HM-09850,0.0,Approve,0,0.4252,0.8534
LN-HM-09851,0.4586,Reject,1,0.695,0.8727
LN-HM-09852,0.0,Approve,0,0.3796,0.0
LN-HM-09853,0.0309,Approve,0,0.3346,0.0
LN-HM-09854,0.2069,Review,0,0.4115,0.0
LN-HM-09855,0.0594,Approve,0,0.3434,0.7576
LN-HM-09856,0.4945,Reject,1,0.5865,0.9262
LN-HM-09857,0.0059,Approve,0,0.3097,0.0
LN-HM-09858,0.4569,Reject,1,0.5163,0.7559
LN-HM-09859,0.2888,Reject,0,0.5641,0.0
LN-HM-09860,0.0,Approve,0,0.3415,0.0
LN-HM-09861,0.4901,Reject,0,0.773,0.7147
LN-HM-09862,0.4426,Reject,1,0.7904,0.6823
LN-HM-09863,0.918,Reject,1,0.7319,0.0
LN-HM-09864,0.5385,Reject,0,0.6759,0.0
LN-HM-09865,0.3994,Reject,1,0.5834,0.7594
LN-HM-09866,0.4629,Reject,0,0.7737,0.7986
LN-HM-09867,0.7372,Reject,1,0.7939,0.7285
LN-HM-09868,0.2276,Review,0,0.4351,0.0
LN-HM-09869,0.4283,Reject,1,0.7798,0.0
LN-HM-09870,0.4427,Reject,1,0.782,0.688
LN-HM-09871,0.997,Reject,1,0.6541,0.8333
LN-HM-09872,0.481,Reject,1,0.6426,0.9054
LN-HM-09873,0.8509,Reject,1,0.7503,0.8542
LN-HM-09874,0.3908,Review,1,0.5436,0.7713
LN-HM-09875,0.4755,Reject,1,0.6116,0.8384
LN-HM-09876,0.4595,Reject,0,0.8799,0.6533
LN-HM-09877,0.4278,Reject,0,0.6341,0.9203
LN-HM-09878,0.0,Approve,0,0.3275,0.8478
LN-HM-09879,0.2877,Review,1,0.542,0.703
LN-HM-09880,0.5059,Reject,1,1.0794,0.0
LN-HM-09881,0.3042,Reject,0,0.5651,0.0
LN-HM-09882,0.2393,Review,1,0.5298,0.0
LN-HM-09883,0.4557,Reject,1,0.389,0.6909
LN-HM-09884,1.0,Reject,1,0.8757,0.8876
LN-HM-09885,0.4728,Reject,0,0.6236,0.9422
LN-HM-09886,0.4088,Reject,0,0.7156,0.6853
LN-HM-09887,0.3407,Reject,0,0.8812,0.0
LN-HM-09888,0.5066,Reject,1,0.536,0.7123
LN-HM-09889,0.2067,Reject,0,0.5865,0.7848
LN-HM-09890,0.4614,Reject,0,0.678,0.0
LN-HM-09891,0.5813,Reject,0,0.7173,0.6917
LN-HM-09892,0.9244,Reject,1,0.6626,0.6879
LN-HM-09893,0.3531,Review,1,0.5145,0.752
LN-HM-09894,0.0,Approve,0,0.4514,0.792
LN-HM-09895,1.0,Reject,1,0.7472,0.8094
LN-HM-09896,0.684,Reject,1,0.5011,0.7246
LN-HM-09897,0.7329,Reject,0,0.7492,0.0
LN-HM-09898,0.4965,Reject,0,0.617,0.6957
LN-HM-09899,0.0,Approve,0,0.284,0.0
LN-HM-09900,0.506,Reject,1,0.6187,0.7484
LN-HM-09901,0.3886,Review,1,0.4978,0.8519
LN-HM-09902,0.0,Approve,0,0.4981,0.0
LN-HM-09903,0.3738,Review,0,0.5382,0.8025
LN-HM-09904,0.4465,Reject,0,0.5325,0.7498
LN-HM-09905,0.653,Reject,0,0.5865,0.8054
LN-HM-09906,0.4576,Reject,0,0.8457,0.7989
LN-HM-09907,0.4068,Reject,0,0.4516,0.6538
LN-HM-09908,0.0,Approve,0,0.4722,0.7614
LN-HM-09909,0.6164,Reject,0,0.818,0.8523
LN-HM-09910,0.2591,Reject,0,0.6362,0.6585
LN-HM-09911,0.5674,Reject,1,0.6009,0.812
LN-HM-09912,0.0,Approve,0,0.4415,0.0
LN-HM-09913,0.5415,Reject,0,0.6386,0.0
LN-HM-09914,0.2218,Reject,0,0.6145,0.7785
LN-HM-09915,0.8609,Reject,0,0.7911,0.802
LN-HM-09916,0.3711,Reject,1,0.6253,0.7295
LN-HM-09917,0.4895,Reject,0,0.2096,0.0
LN-HM-09918,0.4518,Reject,1,1.569,0.0
LN-HM-09919,0.6725,Reject,1,0.7903,0.7542
LN-HM-09920,0.4742,Reject,1,0.7414,0.7514
LN-HM-09921,0.3954,Reject,0,0.8788,0.6526
LN-HM-09922,0.3528,Reject,0,0.6366,0.9192
LN-HM-09923,0.7521,Reject,1,0.8175,0.8543
LN-HM-09924,0.6151,Reject,0,0.7877,0.9076
LN-HM-09925,0.3341,Reject,0,0.5867,0.8617
LN-HM-09926,0.4356,Reject,1,0.6547,0.7239
LN-HM-09927,1.0,Reject,1,0.8768,0.0
LN-HM-09928,0.4853,Reject,1,0.6502,0.6724
LN-HM-09929,0.6278,Reject,1,0.9078,0.0
LN-HM-09930,0.6109,Reject,0,1.293,0.0
LN-HM-09931,0.5986,Reject,1,1.0092,0.0
LN-HM-09932,0.3881,Reject,0,0.5854,0.7255
LN-HM-09933,0.483,Reject,1,0.7087,0.7692
LN-HM-09934,0.3844,Review,0,0.5083,0.0
LN-HM-09935,0.3812,Reject,1,0.7048,0.0
LN-HM-09936,0.2235,Review,0,0.4448,0.6881
LN-HM-09937,0.2635,Reject,0,0.5819,0.7907
LN-HM-09938,0.2933,Reject,0,0.6199,0.7321
LN-HM-09939,0.4739,Reject,0,0.7348,0.7273
LN-HM-09940,0.0579,Approve,0,0.4691,0.8556
LN-HM-09941,0.1466,Approve,0,0.4384,0.8989
LN-HM-09942,0.5103,Reject,0,0.9333,0.0
LN-HM-09943,0.2681,Reject,1,0.6008,0.9265
LN-HM-09944,0.1774,Approve,1,0.4536,0.0
LN-HM-09945,0.0,Approve,0,0.363,0.7126
LN-HM-09946,0.2593,Review,0,0.5179,0.0
LN-HM-09947,0.2851,Review,0,0.5311,0.691
LN-HM-09948,0.5265,Reject,0,0.5479,0.8872
LN-HM-09949,0.7008,Reject,1,0.7218,0.9223
LN-HM-09950,0.5854,Reject,0,0.7403,0.7328
LN-HM-09951,0.3612,Reject,0,0.6354,0.0
LN-HM-09952,0.6291,Reject,1,0.6731,0.8111
LN-HM-09953,1.0,Reject,1,0.9661,0.8402
LN-HM-09954,1.0,Reject,1,0.7617,0.8838
LN-HM-09955,0.6766,Reject,1,0.6307,0.7157
LN-HM-09956,0.4971,Reject,0,0.6576,0.7333
LN-HM-09957,0.2951,Review,1,0.525,0.6745
LN-HM-09958,1.0,Reject,1,0.771,0.8165
LN-HM-09959,0.6009,Reject,1,0.7356,0.0
LN-HM-09960,0.8964,Reject,1,0.6763,0.7037
LN-HM-09961,0.6023,Reject,1,1.4534,0.0
LN-HM-09962,0.5077,Reject,0,0.5634,0.8643
LN-HM-09963,0.4678,Reject,0,0.9081,0.7346
LN-HM-09964,0.7688,Reject,1,0.6494,0.8815
LN-HM-09965,0.9502,Reject,1,0.6875,0.6591
LN-HM-09966,0.506,Reject,1,0.5311,0.0
LN-HM-09967,0.0,Approve,0,0.3478,0.0
LN-HM-09968,0.6501,Reject,1,0.7229,0.8644
LN-HM-09969,0.3503,Reject,1,0.4113,0.0
LN-HM-09970,0.0704,Approve,0,0.1819,0.0
LN-HM-09971,0.0,Approve,0,0.4996,0.7976
LN-HM-09972,1.0,Reject,1,0.88,0.8609
LN-HM-09973,0.5851,Reject,0,0.6839,0.0
LN-HM-09974,0.2628,Reject,1,0.6355,0.7385
LN-HM-09975,0.0,Approve,0,0.4868,0.8239
LN-HM-09976,0.5288,Reject,0,0.8063,0.7156
LN-HM-09977,0.0054,Approve,0,0.2584,0.0
LN-HM-09978,0.3728,Reject,0,0.6036,0.908
LN-HM-09979,0.8371,Reject,1,0.5442,0.0
LN-HM-09980,0.9718,Reject,1,0.8087,0.8419
LN-HM-09981,0.9227,Reject,1,0.615,0.9082
LN-HM-09982,0.6972,Reject,1,1.498,0.0
LN-HM-09983,0.9526,Reject,1,0.7453,0.0
LN-HM-09984,0.0715,Approve,0,0.4758,0.0
LN-HM-09985,0.7596,Reject,1,0.5918,0.8382
LN-HM-09986,0.2454,Review,0,0.1496,0.0
LN-HM-09987,0.0,Approve,0,0.4182,0.7609
LN-HM-09988,0.8562,Reject,1,0.9581,0.8252
LN-HM-09989,0.0,Approve,0,0.42,0.0
LN-HM-09990,0.4904,Reject,0,1.3066,0.0
LN-HM-09991,0.1385,Approve,0,0.3776,0.8093
LN-HM-09992,0.6077,Reject,0,0.719,0.8169
LN-HM-09993,0.2525,Reject,0,0.6342,0.7165
LN-HM-09994,0.4886,Reject,0,0.6307,0.813
LN-HM-09995,0.387,Reject,1,0.6443,0.8071
LN-HM-09996,0.4768,Reject,0,0.8016,0.75
LN-HM-09997,0.0641,Approve,0,0.279,0.0
LN-HM-09998,0.3041,Reject,0,0.6158,0.709
LN-HM-09999,0.1593,Approve,0,0.4789,0.8474
LN-HM-10000,0.5386,Reject,0,0.5931,0.8243
